date,outdoor_temp_C,month,year,daily_load_index,daily_total_mwh,remaining_load,Waste heat,Waste heat_unused_monthly_mwh,Electricity,Electricity_unused_monthly_mwh,Biomass,Biomass_unused_monthly_mwh,Fossil fuel,Fossil fuel_unused_monthly_mwh
2021-01-01,-4.995833333333334,1,2021,28.59583333333333,3524.328189401206,0.0,1831.3225806451612,1.4551915228366852e-11,162.58064516129033,-1.8189894035458565e-12,788.0820891900892,-8.526512829121202e-14,742.3428744046655,0.0
2021-01-02,-2.3541666666666665,1,2021,25.954166666666666,3198.7527745563334,0.0,1831.3225806451612,1.4551915228366852e-11,162.58064516129033,-1.8189894035458565e-12,788.0820891900892,-8.526512829121202e-14,416.76745955979277,0.0
2021-01-03,-7.502083333333334,1,2021,31.102083333333333,3833.214012791098,0.0,1831.3225806451612,1.4551915228366852e-11,162.58064516129033,-1.8189894035458565e-12,788.0820891900892,-8.526512829121202e-14,1051.2286977945573,0.0
2021-01-04,-7.864583333333333,1,2021,31.46458333333333,3877.8907653013566,0.0,1831.3225806451612,1.4551915228366852e-11,162.58064516129033,-1.8189894035458565e-12,788.0820891900892,-8.526512829121202e-14,1095.905450304816,0.0
2021-01-05,-7.8687499999999995,1,2021,31.46875,3878.4042911922793,0.0,1831.3225806451612,1.4551915228366852e-11,162.58064516129033,-1.8189894035458565e-12,788.0820891900892,-8.526512829121202e-14,1096.4189761957387,0.0
2021-01-06,-7.554166666666667,1,2021,31.15416666666667,3839.6330864276297,0.0,1831.3225806451612,1.4551915228366852e-11,162.58064516129033,-1.8189894035458565e-12,788.0820891900892,-8.526512829121202e-14,1057.647771431089,0.0
2021-01-07,-9.747916666666667,1,2021,33.34791666666667,4110.004467998333,0.0,1831.3225806451612,1.4551915228366852e-11,162.58064516129033,-1.8189894035458565e-12,788.0820891900892,-8.526512829121202e-14,1328.0191530017926,0.0
2021-01-08,-10.077083333333333,1,2021,33.677083333333336,4150.573013381211,0.0,1831.3225806451612,1.4551915228366852e-11,162.58064516129033,-1.8189894035458565e-12,788.0820891900892,-8.526512829121202e-14,1368.5876983846708,0.0
2021-01-09,-7.714583333333334,1,2021,31.31458333333333,3859.4038332281457,0.0,1831.3225806451612,1.4551915228366852e-11,162.58064516129033,-1.8189894035458565e-12,788.0820891900892,-8.526512829121202e-14,1077.418518231605,0.0
2021-01-10,-2.8708333333333336,1,2021,26.47083333333333,3262.4299850307248,0.0,1831.3225806451612,1.4551915228366852e-11,162.58064516129033,-1.8189894035458565e-12,788.0820891900892,-8.526512829121202e-14,480.4446700341841,0.0
2021-01-11,-7.33125,1,2021,30.93125,3812.159451263275,0.0,1831.3225806451612,1.4551915228366852e-11,162.58064516129033,-1.8189894035458565e-12,788.0820891900892,-8.526512829121202e-14,1030.1741362667344,0.0
2021-01-12,-3.9187499999999997,1,2021,27.518749999999997,3391.5817465977366,0.0,1831.3225806451612,1.4551915228366852e-11,162.58064516129033,-1.8189894035458565e-12,788.0820891900892,-8.526512829121202e-14,609.596431601196,0.0
2021-01-13,-7.0,1,2021,30.6,3771.3341429349352,0.0,1831.3225806451612,1.4551915228366852e-11,162.58064516129033,-1.8189894035458565e-12,788.0820891900892,-8.526512829121202e-14,989.3488279383946,0.0
2021-01-14,-14.75,1,2021,38.35,4726.49230005081,0.0,1831.3225806451612,1.4551915228366852e-11,162.58064516129033,-1.8189894035458565e-12,788.0820891900892,-8.526512829121202e-14,1944.5069850542693,0.0
2021-01-15,-13.397916666666667,1,2021,36.99791666666667,4559.853148446454,0.0,1831.3225806451612,1.4551915228366852e-11,162.58064516129033,-1.8189894035458565e-12,788.0820891900892,-8.526512829121202e-14,1777.8678334499134,0.0
2021-01-16,-7.422916666666667,1,2021,31.022916666666667,3823.4570208635705,0.0,1831.3225806451612,1.4551915228366852e-11,162.58064516129033,-1.8189894035458565e-12,788.0820891900892,-8.526512829121202e-14,1041.4717058670299,0.0
2021-01-17,-8.920833333333333,1,2021,32.520833333333336,4008.0695786502138,0.0,1831.3225806451612,1.4551915228366852e-11,162.58064516129033,-1.8189894035458565e-12,788.0820891900892,-8.526512829121202e-14,1226.0842636536734,0.0
2021-01-18,-5.59375,1,2021,29.19375,3598.0191547485874,0.0,1831.3225806451612,1.4551915228366852e-11,162.58064516129033,-1.8189894035458565e-12,788.0820891900892,-8.526512829121202e-14,816.0338397520468,0.0
2021-01-19,-6.127083333333334,1,2021,29.727083333333333,3663.7504687866685,0.0,1831.3225806451612,1.4551915228366852e-11,162.58064516129033,-1.8189894035458565e-12,788.0820891900892,-8.526512829121202e-14,881.7651537901279,0.0
2021-01-20,-2.4375,1,2021,26.0375,3209.0232923747835,0.0,1831.3225806451612,1.4551915228366852e-11,162.58064516129033,-1.8189894035458565e-12,788.0820891900892,-8.526512829121202e-14,427.0379773782429,0.0
2021-01-21,0.3166666666666667,1,2021,23.28333333333333,2869.582678475002,0.0,1831.3225806451612,1.4551915228366852e-11,162.58064516129033,-1.8189894035458565e-12,788.0820891900892,-8.526512829121202e-14,87.59736347846125,0.0
2021-01-22,2.670833333333333,1,2021,20.929166666666667,2579.4405501037827,0.0,1831.3225806451612,1.4551915228366852e-11,162.58064516129033,-1.8189894035458565e-12,585.5373242973311,-8.526512829121202e-14,0.0,0.0
2021-01-23,-0.06249999999999999,1,2021,23.6625,2916.3135345489513,0.0,1831.3225806451612,1.4551915228366852e-11,162.58064516129033,-1.8189894035458565e-12,788.0820891900892,-8.526512829121202e-14,134.32821955241056,0.0
2021-01-24,-1.35625,1,2021,24.956249999999997,3075.7633236803913,0.0,1831.3225806451612,1.4551915228366852e-11,162.58064516129033,-1.8189894035458565e-12,788.0820891900892,-8.526512829121202e-14,293.77800868385066,0.0
2021-01-25,-10.152083333333334,1,2021,33.75208333333333,4159.8164794178165,0.0,1831.3225806451612,1.4551915228366852e-11,162.58064516129033,-1.8189894035458565e-12,788.0820891900892,-8.526512829121202e-14,1377.831164421276,0.0
2021-01-26,-5.075,1,2021,28.674999999999997,3534.085181328734,0.0,1831.3225806451612,1.4551915228366852e-11,162.58064516129033,-1.8189894035458565e-12,788.0820891900892,-8.526512829121202e-14,752.0998663321934,0.0
2021-01-27,-5.791666666666667,1,2021,29.391666666666666,3622.4116345674065,0.0,1831.3225806451612,1.4551915228366852e-11,162.58064516129033,-1.8189894035458565e-12,788.0820891900892,-8.526512829121202e-14,840.4263195708659,0.0
2021-01-28,-6.96875,1,2021,30.56875,3767.482698753017,0.0,1831.3225806451612,1.4551915228366852e-11,162.58064516129033,-1.8189894035458565e-12,788.0820891900892,-8.526512829121202e-14,985.4973837564762,0.0
2021-01-29,-6.641666666666667,1,2021,30.241666666666667,3727.170916315599,0.0,1831.3225806451612,1.4551915228366852e-11,162.58064516129033,-1.8189894035458565e-12,788.0820891900892,-8.526512829121202e-14,945.1856013190582,0.0
2021-01-30,-1.7354166666666666,1,2021,25.335416666666667,3122.49417975434,0.0,1831.3225806451612,1.4551915228366852e-11,162.58064516129033,-1.8189894035458565e-12,788.0820891900892,-8.526512829121202e-14,340.50886475779953,0.0
2021-01-31,-2.527083333333333,1,2021,26.12708333333333,3220.0640990296174,0.0,1831.3225806451612,1.4551915228366852e-11,162.58064516129033,-1.8189894035458565e-12,788.0820891900892,-8.526512829121202e-14,438.0787840330768,0.0
2021-02-01,-8.285416666666666,2,2021,31.885416666666664,3703.0642632216595,0.0,1756.642857142857,7.275957614183426e-12,170.0,0.0,845.7323988488928,0.0,930.6890072299099,2.4442670110147446e-12
2021-02-02,-15.033333333333333,2,2021,38.63333333333333,4486.744442808394,0.0,1756.642857142857,7.275957614183426e-12,170.0,0.0,845.7323988488928,0.0,1714.3691868166438,2.4442670110147446e-12
2021-02-03,-14.014583333333334,2,2021,37.614583333333336,4368.430269354269,0.0,1756.642857142857,7.275957614183426e-12,170.0,0.0,845.7323988488928,0.0,1596.0550133625188,2.4442670110147446e-12
2021-02-04,-15.674999999999999,2,2021,39.275,4561.265435495245,0.0,1756.642857142857,7.275957614183426e-12,170.0,0.0,845.7323988488928,0.0,1788.890179503495,2.4442670110147446e-12
2021-02-05,-16.629166666666666,2,2021,40.229166666666664,4672.0791194256935,0.0,1756.642857142857,7.275957614183426e-12,170.0,0.0,845.7323988488928,0.0,1899.7038634339438,2.4442670110147446e-12
2021-02-06,-13.922916666666666,2,2021,37.52291666666667,4357.784413256146,0.0,1756.642857142857,7.275957614183426e-12,170.0,0.0,845.7323988488928,0.0,1585.409157264396,2.4442670110147446e-12
2021-02-07,-14.329166666666666,2,2021,37.92916666666667,4404.964911872822,0.0,1756.642857142857,7.275957614183426e-12,170.0,0.0,845.7323988488928,0.0,1632.5896558810723,2.4442670110147446e-12
2021-02-08,-12.883333333333333,2,2021,36.483333333333334,4237.050727052448,0.0,1756.642857142857,7.275957614183426e-12,170.0,0.0,845.7323988488928,0.0,1464.6754710606979,2.4442670110147446e-12
2021-02-09,-12.6,2,2021,36.2,4204.145353658253,0.0,1756.642857142857,7.275957614183426e-12,170.0,0.0,845.7323988488928,0.0,1431.7700976665033,2.4442670110147446e-12
2021-02-10,-8.535416666666666,2,2021,32.135416666666664,3732.098416216537,0.0,1756.642857142857,7.275957614183426e-12,170.0,0.0,845.7323988488928,0.0,959.7231602247872,2.4442670110147446e-12
2021-02-11,-17.170833333333334,2,2021,40.770833333333336,4734.9864509145955,0.0,1756.642857142857,7.275957614183426e-12,170.0,0.0,845.7323988488928,0.0,1962.6111949228457,2.4442670110147446e-12
2021-02-12,-10.13125,2,2021,33.73125,3917.4330928338386,0.0,1756.642857142857,7.275957614183426e-12,170.0,0.0,845.7323988488928,0.0,1145.0578368420888,2.4442670110147446e-12
2021-02-13,-2.9,2,2021,26.5,3077.6202174570085,0.0,1756.642857142857,7.275957614183426e-12,170.0,0.0,845.7323988488928,0.0,305.24496146525865,2.4442670110147446e-12
2021-02-14,-4.116666666666666,2,2021,27.71666666666667,3218.9197620320783,0.0,1756.642857142857,7.275957614183426e-12,170.0,0.0,845.7323988488928,0.0,446.5445060403285,2.4442670110147446e-12
2021-02-15,-5.204166666666667,2,2021,28.804166666666667,3345.2183275597954,0.0,1756.642857142857,7.275957614183426e-12,170.0,0.0,845.7323988488928,0.0,572.8430715680455,2.4442670110147446e-12
2021-02-16,-4.595833333333333,2,2021,28.195833333333333,3274.5685552722603,0.0,1756.642857142857,7.275957614183426e-12,170.0,0.0,845.7323988488928,0.0,502.1932992805104,2.4442670110147446e-12
2021-02-17,-1.6395833333333334,2,2021,25.239583333333336,2931.2396961078352,0.0,1756.642857142857,7.275957614183426e-12,170.0,0.0,845.7323988488928,0.0,158.8644401160854,2.4442670110147446e-12
2021-02-18,-1.40625,2,2021,25.00625,2904.141153312616,0.0,1756.642857142857,7.275957614183426e-12,170.0,0.0,845.7323988488928,0.0,131.76589732086626,2.4442670110147446e-12
2021-02-19,-0.14583333333333331,2,2021,23.74583333333333,2757.7606319634415,0.0,1756.642857142857,7.275957614183426e-12,170.0,0.0,831.1177748205844,0.0,0.0,2.4442670110147446e-12
2021-02-20,1.0354166666666667,2,2021,22.56458333333333,2620.574259062646,0.0,1756.642857142857,7.275957614183426e-12,170.0,0.0,693.9314019197889,0.0,0.0,2.4442670110147446e-12
2021-02-21,3.972916666666667,2,2021,19.62708333333333,2279.4229613728357,0.0,1756.642857142857,7.275957614183426e-12,170.0,0.0,352.78010422997863,0.0,0.0,2.4442670110147446e-12
2021-02-22,1.4520833333333334,2,2021,22.147916666666667,2572.1840040711836,0.0,1756.642857142857,7.275957614183426e-12,170.0,0.0,645.5411469283265,0.0,0.0,2.4442670110147446e-12
2021-02-23,3.5729166666666665,2,2021,20.027083333333334,2325.8776061646404,0.0,1756.642857142857,7.275957614183426e-12,170.0,0.0,399.2347490217833,0.0,0.0,2.4442670110147446e-12
2021-02-24,5.683333333333334,2,2021,17.916666666666664,2080.780964632883,0.0,1756.642857142857,7.275957614183426e-12,170.0,0.0,154.13810749002573,0.0,0.0,2.4442670110147446e-12
2021-02-25,2.44375,2,2021,21.15625,2457.015197191503,0.0,1756.642857142857,7.275957614183426e-12,170.0,0.0,530.3723400486458,0.0,0.0,2.4442670110147446e-12
2021-02-26,3.639583333333333,2,2021,19.960416666666667,2318.135165366006,0.0,1756.642857142857,7.275957614183426e-12,170.0,0.0,391.4923082231487,0.0,0.0,2.4442670110147446e-12
2021-02-27,5.10625,2,2021,18.49375,2147.801467796058,0.0,1756.642857142857,7.275957614183426e-12,170.0,0.0,221.1586106532011,0.0,0.0,2.4442670110147446e-12
2021-02-28,6.6312500000000005,2,2021,16.96875,1970.693134527306,0.0,1756.642857142857,7.275957614183426e-12,170.0,0.0,44.05027738444892,0.0,0.0,2.4442670110147446e-12
2021-03-01,4.239583333333333,3,2021,19.360416666666666,2116.200808856727,0.0,1784.225806451613,-7.275957614183426e-12,12.935483870967742,0.0,319.0395185341461,5.684341886080802e-14,0.0,0.0
2021-03-02,4.258333333333334,3,2021,19.34166666666667,2114.151329971576,0.0,1784.225806451613,-7.275957614183426e-12,12.935483870967742,0.0,316.9900396489955,5.684341886080802e-14,0.0,0.0
2021-03-03,2.75625,3,2021,20.84375,2278.3373606598034,0.0,1784.225806451613,-7.275957614183426e-12,12.935483870967742,0.0,481.1760703372227,5.684341886080802e-14,0.0,0.0
2021-03-04,0.1125,3,2021,23.487499999999997,2567.313883466129,0.0,1784.225806451613,-7.275957614183426e-12,12.935483870967742,0.0,547.9354125688275,5.684341886080802e-14,222.21718057472089,0.0
2021-03-05,0.6,3,2021,23.0,2514.027432452197,0.0,1784.225806451613,-7.275957614183426e-12,12.935483870967742,0.0,547.9354125688275,5.684341886080802e-14,168.93072956078885,0.0
2021-03-06,1.2666666666666666,3,2021,22.333333333333336,2441.157072091264,0.0,1784.225806451613,-7.275957614183426e-12,12.935483870967742,0.0,547.9354125688275,5.684341886080802e-14,96.06036919985598,0.0
2021-03-07,-0.08333333333333336,3,2021,23.68333333333333,2588.719551822153,0.0,1784.225806451613,-7.275957614183426e-12,12.935483870967742,0.0,547.9354125688275,5.684341886080802e-14,243.62284893074474,0.0
2021-03-08,-0.8458333333333333,3,2021,24.445833333333333,2672.065026484971,0.0,1784.225806451613,-7.275957614183426e-12,12.935483870967742,0.0,547.9354125688275,5.684341886080802e-14,326.96832359356284,0.0
2021-03-09,1.4479166666666667,3,2021,22.152083333333334,2421.345442868135,0.0,1784.225806451613,-7.275957614183426e-12,12.935483870967742,0.0,547.9354125688275,5.684341886080802e-14,76.24873997672665,0.0
2021-03-10,-0.975,3,2021,24.575000000000003,2686.183658804902,0.0,1784.225806451613,-7.275957614183426e-12,12.935483870967742,0.0,547.9354125688275,5.684341886080802e-14,341.0869559134937,0.0
2021-03-11,1.1958333333333333,3,2021,22.40416666666667,2448.8995478796132,0.0,1784.225806451613,-7.275957614183426e-12,12.935483870967742,0.0,547.9354125688275,5.684341886080802e-14,103.8028449882051,0.0
2021-03-12,2.9291666666666667,3,2021,20.670833333333334,2259.4366109411862,0.0,1784.225806451613,-7.275957614183426e-12,12.935483870967742,0.0,462.2753206186056,5.684341886080802e-14,0.0,0.0
2021-03-13,0.38125000000000003,3,2021,23.21875,2537.938019445628,0.0,1784.225806451613,-7.275957614183426e-12,12.935483870967742,0.0,547.9354125688275,5.684341886080802e-14,192.84131655421987,0.0
2021-03-14,-1.40625,3,2021,25.00625,2733.3216731633806,0.0,1784.225806451613,-7.275957614183426e-12,12.935483870967742,0.0,547.9354125688275,5.684341886080802e-14,388.2249702719725,0.0
2021-03-15,1.9375,3,2021,21.6625,2367.8312719780747,0.0,1784.225806451613,-7.275957614183426e-12,12.935483870967742,0.0,547.9354125688275,5.684341886080802e-14,22.734569086666575,0.0
2021-03-16,1.1708333333333332,3,2021,22.429166666666667,2451.6321863931475,0.0,1784.225806451613,-7.275957614183426e-12,12.935483870967742,0.0,547.9354125688275,5.684341886080802e-14,106.5354835017394,0.0
2021-03-17,0.2833333333333334,3,2021,23.316666666666663,2548.64085362364,0.0,1784.225806451613,-7.275957614183426e-12,12.935483870967742,0.0,547.9354125688275,5.684341886080802e-14,203.5441507322318,0.0
2021-03-18,2.4854166666666666,3,2021,21.114583333333336,2307.9409445564324,0.0,1784.225806451613,-7.275957614183426e-12,12.935483870967742,0.0,510.7796542338518,5.684341886080802e-14,0.0,0.0
2021-03-19,2.96875,3,2021,20.63125,2255.109933294756,0.0,1784.225806451613,-7.275957614183426e-12,12.935483870967742,0.0,457.9486429721754,5.684341886080802e-14,0.0,0.0
2021-03-20,4.927083333333333,3,2021,18.672916666666666,2041.0532497345146,0.0,1784.225806451613,-7.275957614183426e-12,12.935483870967742,0.0,243.8919594119339,5.684341886080802e-14,0.0,0.0
2021-03-21,1.41875,3,2021,22.18125,2424.5335211339257,0.0,1784.225806451613,-7.275957614183426e-12,12.935483870967742,0.0,547.9354125688275,5.684341886080802e-14,79.43681824251752,0.0
2021-03-22,4.925,3,2021,18.674999999999997,2041.2809696106422,0.0,1784.225806451613,-7.275957614183426e-12,12.935483870967742,0.0,244.1196792880615,5.684341886080802e-14,0.0,0.0
2021-03-23,6.979166666666667,3,2021,16.62083333333333,1816.7491717485166,0.0,1784.225806451613,-7.275957614183426e-12,12.935483870967742,0.0,19.587881425935905,5.684341886080802e-14,0.0,0.0
2021-03-24,4.625,3,2021,18.975,2074.0726317730628,0.0,1784.225806451613,-7.275957614183426e-12,12.935483870967742,0.0,276.9113414504821,5.684341886080802e-14,0.0,0.0
2021-03-25,2.1020833333333333,3,2021,21.49791666666667,2349.8414017639693,0.0,1784.225806451613,-7.275957614183426e-12,12.935483870967742,0.0,547.9354125688275,5.684341886080802e-14,4.74469887256118,0.0
2021-03-26,4.208333333333333,3,2021,19.391666666666666,2119.6166069986457,0.0,1784.225806451613,-7.275957614183426e-12,12.935483870967742,0.0,322.455316676065,5.684341886080802e-14,0.0,0.0
2021-03-27,4.279166666666667,3,2021,19.320833333333333,2111.8741312102966,0.0,1784.225806451613,-7.275957614183426e-12,12.935483870967742,0.0,314.7128408877159,5.684341886080802e-14,0.0,0.0
2021-03-28,3.5583333333333336,3,2021,20.041666666666664,2190.665208350555,0.0,1784.225806451613,-7.275957614183426e-12,12.935483870967742,0.0,393.5039180279744,5.684341886080802e-14,0.0,0.0
2021-03-29,5.454166666666667,3,2021,18.145833333333336,1983.440121074152,0.0,1784.225806451613,-7.275957614183426e-12,12.935483870967742,0.0,186.27883075157143,5.684341886080802e-14,0.0,0.0
2021-03-30,5.852083333333333,3,2021,17.74791666666667,1939.9456247337198,0.0,1784.225806451613,-7.275957614183426e-12,12.935483870967742,0.0,142.78433441113913,5.684341886080802e-14,0.0,0.0
2021-03-31,3.3020833333333335,3,2021,20.297916666666666,2218.674753114289,0.0,1784.225806451613,-7.275957614183426e-12,12.935483870967742,0.0,421.5134627917085,5.684341886080802e-14,0.0,0.0
2021-04-01,2.8333333333333335,4,2021,20.766666666666666,2084.4191616364633,0.0,1636.5,0.0,20.333333333333332,-1.1368683772161603e-13,427.58582830313,0.0,0.0,0.0
2021-04-02,2.704166666666667,4,2021,20.895833333333332,2097.3840480752133,0.0,1636.5,0.0,20.333333333333332,-1.1368683772161603e-13,430.0936987962184,0.0,10.457015945661581,0.0
2021-04-03,3.4250000000000003,4,2021,20.174999999999997,2025.031617304124,0.0,1636.5,0.0,20.333333333333332,-1.1368683772161603e-13,368.19828397079067,0.0,0.0,0.0
2021-04-04,4.283333333333333,4,2021,19.316666666666666,1938.877855807914,0.0,1636.5,0.0,20.333333333333332,-1.1368683772161603e-13,282.0445224745808,0.0,0.0,0.0
2021-04-05,0.8375,4,2021,22.762500000000003,2284.7475682223117,0.0,1636.5,0.0,20.333333333333332,-1.1368683772161603e-13,430.0936987962184,0.0,197.8205360927599,0.0
2021-04-06,2.4625,4,2021,21.1375,2121.6409323799717,0.0,1636.5,0.0,20.333333333333332,-1.1368683772161603e-13,430.0936987962184,0.0,34.71390025041997,0.0
2021-04-07,0.9791666666666666,4,2021,22.62083333333333,2270.5280153540043,0.0,1636.5,0.0,20.333333333333332,-1.1368683772161603e-13,430.0936987962184,0.0,183.6009832244526,0.0
2021-04-08,0.4979166666666666,4,2021,23.102083333333333,2318.8326728919283,0.0,1636.5,0.0,20.333333333333332,-1.1368683772161603e-13,430.0936987962184,0.0,231.9056407623765,0.0
2021-04-09,1.1500000000000001,4,2021,22.45,2253.3809074833994,0.0,1636.5,0.0,20.333333333333332,-1.1368683772161603e-13,430.0936987962184,0.0,166.45387535384765,0.0
2021-04-10,1.4208333333333334,4,2021,22.179166666666667,2226.1964681763434,0.0,1636.5,0.0,20.333333333333332,-1.1368683772161603e-13,430.0936987962184,0.0,139.26943604679164,0.0
2021-04-11,1.4104166666666667,4,2021,22.18958333333333,2227.2420235343066,0.0,1636.5,0.0,20.333333333333332,-1.1368683772161603e-13,430.0936987962184,0.0,140.3149914047548,0.0
2021-04-12,1.95,4,2021,21.65,2173.082255991786,0.0,1636.5,0.0,20.333333333333332,-1.1368683772161603e-13,430.0936987962184,0.0,86.1552238622343,0.0
2021-04-13,1.5041666666666667,4,2021,22.09583333333333,2217.832025312633,0.0,1636.5,0.0,20.333333333333332,-1.1368683772161603e-13,430.0936987962184,0.0,130.9049931830813,0.0
2021-04-14,3.1374999999999997,4,2021,20.4625,2053.8889451839223,0.0,1636.5,0.0,20.333333333333332,-1.1368683772161603e-13,397.05561185058895,0.0,0.0,0.0
2021-04-15,3.625,4,2021,19.975,2004.956954431221,0.0,1636.5,0.0,20.333333333333332,-1.1368683772161603e-13,348.1236210978877,0.0,0.0,0.0
2021-04-16,4.7,4,2021,18.9,1897.0556414893654,0.0,1636.5,0.0,20.333333333333332,-1.1368683772161603e-13,240.22230815603203,0.0,0.0,0.0
2021-04-17,4.233333333333333,4,2021,19.366666666666667,1943.8965215261398,0.0,1636.5,0.0,20.333333333333332,-1.1368683772161603e-13,287.06318819280654,0.0,0.0,0.0
2021-04-18,6.325,4,2021,17.275,1733.9490056470256,0.0,1636.5,0.0,20.333333333333332,-1.1368683772161603e-13,77.11567231369229,0.0,0.0,0.0
2021-04-19,6.8374999999999995,4,2021,16.762500000000003,1682.5076820352112,0.0,1636.5,0.0,20.333333333333332,-1.1368683772161603e-13,25.674348701877914,0.0,0.0,0.0
2021-04-20,6.885416666666667,4,2021,16.71458333333333,1677.6981273885776,0.0,1636.5,0.0,20.333333333333332,-1.1368683772161603e-13,20.8647940552443,0.0,0.0,0.0
2021-04-21,3.875,4,2021,19.725,1979.8636258400916,0.0,1636.5,0.0,20.333333333333332,-1.1368683772161603e-13,323.03029250675826,0.0,0.0,0.0
2021-04-22,2.4,4,2021,21.2,2127.9142645277534,0.0,1636.5,0.0,20.333333333333332,-1.1368683772161603e-13,430.0936987962184,0.0,40.9872323982017,0.0
2021-04-23,2.025,4,2021,21.575,2165.554257414448,0.0,1636.5,0.0,20.333333333333332,-1.1368683772161603e-13,430.0936987962184,0.0,78.62722528489618,0.0
2021-04-24,1.7437500000000001,4,2021,21.85625,2193.784252079468,0.0,1636.5,0.0,20.333333333333332,-1.1368683772161603e-13,430.0936987962184,0.0,106.85721994991619,0.0
2021-04-25,2.2729166666666667,4,2021,21.327083333333334,2140.6700398949115,0.0,1636.5,0.0,20.333333333333332,-1.1368683772161603e-13,430.0936987962184,0.0,53.74300776535979,0.0
2021-04-26,2.61875,4,2021,20.98125,2105.957602010516,0.0,1636.5,0.0,20.333333333333332,-1.1368683772161603e-13,430.0936987962184,0.0,19.03056988096428,0.0
2021-04-27,3.3937500000000003,4,2021,20.206249999999997,2028.1682833780148,0.0,1636.5,0.0,20.333333333333332,-1.1368683772161603e-13,371.33495004468153,0.0,0.0,0.0
2021-04-28,2.441666666666667,4,2021,21.15833333333333,2123.732043095899,0.0,1636.5,0.0,20.333333333333332,-1.1368683772161603e-13,430.0936987962184,0.0,36.80501096634721,0.0
2021-04-29,2.620833333333333,4,2021,20.979166666666664,2105.7484909389227,0.0,1636.5,0.0,20.333333333333332,-1.1368683772161603e-13,430.0936987962184,0.0,18.82145880937101,0.0
2021-04-30,2.504166666666667,4,2021,21.09583333333333,2117.4587109481167,0.0,1636.5,0.0,20.333333333333332,-1.1368683772161603e-13,430.0936987962184,0.0,30.531678818565027,0.0
2021-05-01,2.9958333333333336,5,2021,20.604166666666664,1732.982026512927,0.0,1199.1838211507004,1.7763568394002505e-15,27.866666666666667,-5.684341886080802e-14,58.25516011072644,0.0,447.67637858483346,0.0
2021-05-02,2.71875,5,2021,20.88125,1756.2870426429797,0.0,1199.1838211507004,1.7763568394002505e-15,27.866666666666667,-5.684341886080802e-14,58.25516011072644,0.0,470.9813947148862,0.0
2021-05-03,4.120833333333334,5,2021,19.479166666666664,1638.3601565112099,0.0,1199.1838211507004,1.7763568394002505e-15,27.866666666666667,-5.684341886080802e-14,58.25516011072644,0.0,353.0545085831163,0.0
2021-05-04,4.789583333333334,5,2021,18.81041666666667,1582.1127115657453,0.0,1199.1838211507004,1.7763568394002505e-15,27.866666666666667,-5.684341886080802e-14,58.25516011072644,0.0,296.80706363765165,0.0
2021-05-05,5.870833333333334,5,2021,17.729166666666664,1491.1705809529833,0.0,1199.1838211507004,1.7763568394002505e-15,27.866666666666667,-5.684341886080802e-14,58.25516011072644,0.0,205.86493302488967,0.0
2021-05-06,3.4145833333333333,5,2021,20.18541666666667,1697.7616637900658,0.0,1199.1838211507004,1.7763568394002505e-15,27.866666666666667,-5.684341886080802e-14,58.25516011072644,0.0,412.45601586197216,0.0
2021-05-07,2.625,5,2021,20.975,1764.172198476456,0.0,1199.1838211507004,1.7763568394002505e-15,27.866666666666667,-5.684341886080802e-14,58.25516011072644,0.0,478.86655054836257,0.0
2021-05-08,3.997916666666667,5,2021,19.602083333333333,1648.6984719373236,0.0,1199.1838211507004,1.7763568394002505e-15,27.866666666666667,-5.684341886080802e-14,58.25516011072644,0.0,363.39282400922997,0.0
2021-05-09,5.608333333333333,5,2021,17.991666666666667,1513.2490172867178,0.0,1199.1838211507004,1.7763568394002505e-15,27.866666666666667,-5.684341886080802e-14,58.25516011072644,0.0,227.9433693586242,0.0
2021-05-10,9.4125,5,2021,14.1875,1193.2869161327635,0.0,1193.2869161327635,1.7763568394002505e-15,0.0,-5.684341886080802e-14,0.0,0.0,0.0,0.0
2021-05-11,12.629166666666668,5,2021,10.970833333333331,922.7384582019283,0.0,922.7384582019283,1.7763568394002505e-15,0.0,-5.684341886080802e-14,0.0,0.0,0.0,0.0
2021-05-12,8.620833333333334,5,2021,14.979166666666666,1259.8726765043423,0.0,1199.1838211507004,1.7763568394002505e-15,27.866666666666667,-5.684341886080802e-14,32.82218868697511,0.0,0.0,0.0
2021-05-13,8.145833333333334,5,2021,15.454166666666666,1299.8241327272895,0.0,1199.1838211507004,1.7763568394002505e-15,27.866666666666667,-5.684341886080802e-14,58.25516011072644,0.0,14.518484799195853,0.0
2021-05-14,11.043750000000001,5,2021,12.556249999999999,1056.0852046302741,0.0,1056.0852046302741,1.7763568394002505e-15,0.0,-5.684341886080802e-14,0.0,0.0,0.0,0.0
2021-05-15,12.291666666666666,5,2021,11.308333333333334,951.1250192024436,0.0,951.1250192024436,1.7763568394002505e-15,0.0,-5.684341886080802e-14,0.0,0.0,0.0,0.0
2021-05-16,11.104166666666666,5,2021,12.495833333333334,1051.0036597598114,0.0,1051.0036597598114,1.7763568394002505e-15,0.0,-5.684341886080802e-14,0.0,0.0,0.0,0.0
2021-05-17,10.183333333333334,5,2021,13.416666666666666,1128.4534126130686,0.0,1128.4534126130686,1.7763568394002505e-15,0.0,-5.684341886080802e-14,0.0,0.0,0.0,0.0
2021-05-18,8.84375,5,2021,14.75625,1241.1235281891873,0.0,1199.1838211507004,1.7763568394002505e-15,27.866666666666667,-5.684341886080802e-14,14.073040371820085,0.0,0.0,0.0
2021-05-19,8.891666666666667,5,2021,14.708333333333332,1237.0933374298547,0.0,1199.1838211507004,1.7763568394002505e-15,27.866666666666667,-5.684341886080802e-14,10.042849612487558,0.0,0.0,0.0
2021-05-20,7.635416666666667,5,2021,15.964583333333332,1342.7544255984387,0.0,1199.1838211507004,1.7763568394002505e-15,27.866666666666667,-5.684341886080802e-14,58.25516011072644,0.0,57.448777670345066,0.0
2021-05-21,7.95,5,2021,15.65,1316.2953471349958,0.0,1199.1838211507004,1.7763568394002505e-15,27.866666666666667,-5.684341886080802e-14,58.25516011072644,0.0,30.989699206902237,0.0
2021-05-22,10.147916666666667,5,2021,13.452083333333333,1131.432249261271,0.0,1131.432249261271,1.7763568394002505e-15,0.0,-5.684341886080802e-14,0.0,0.0,0.0,0.0
2021-05-23,11.864583333333334,5,2021,11.735416666666666,987.0462846660583,0.0,987.0462846660583,1.7763568394002505e-15,0.0,-5.684341886080802e-14,0.0,0.0,0.0,0.0
2021-05-24,11.897916666666667,5,2021,11.702083333333333,984.2426737030445,0.0,984.2426737030445,1.7763568394002505e-15,0.0,-5.684341886080802e-14,0.0,0.0,0.0,0.0
2021-05-25,13.979166666666666,5,2021,9.620833333333334,809.1922141998683,0.0,809.1922141998683,1.7763568394002505e-15,0.0,-5.684341886080802e-14,0.0,0.0,0.0,0.0
2021-05-26,13.333333333333334,5,2021,10.266666666666666,863.5121766082611,0.0,863.5121766082611,1.7763568394002505e-15,0.0,-5.684341886080802e-14,0.0,0.0,0.0,0.0
2021-05-27,12.447916666666666,5,2021,11.152083333333334,937.9830928133163,0.0,937.9830928133163,1.7763568394002505e-15,0.0,-5.684341886080802e-14,0.0,0.0,0.0,0.0
2021-05-28,9.525,5,2021,14.075,1183.824729132592,0.0,1183.824729132592,1.7763568394002505e-15,0.0,-5.684341886080802e-14,0.0,0.0,0.0,0.0
2021-05-29,10.81875,5,2021,12.78125,1075.0095786306174,0.0,1075.0095786306174,1.7763568394002505e-15,0.0,-5.684341886080802e-14,0.0,0.0,0.0,0.0
2021-05-30,11.775,5,2021,11.825,994.5809891291581,0.0,994.5809891291581,1.7763568394002505e-15,0.0,-5.684341886080802e-14,0.0,0.0,0.0,0.0
2021-05-31,11.820833333333333,5,2021,11.779166666666667,990.726024055014,0.0,990.726024055014,1.7763568394002505e-15,0.0,-5.684341886080802e-14,0.0,0.0,0.0,0.0
2021-06-01,16.556250000000002,6,2021,7.0437499999999975,614.2081062670298,0.0,614.2081062670298,-7.105427357601002e-15,0.0,0.0,0.0,0.0,0.0,0.0
2021-06-02,17.741666666666667,6,2021,6.6,575.5135405660903,0.0,575.5135405660903,-7.105427357601002e-15,0.0,0.0,0.0,0.0,0.0,0.0
2021-06-03,18.266666666666666,6,2021,6.6,575.5135405660903,0.0,575.5135405660903,-7.105427357601002e-15,0.0,0.0,0.0,0.0,0.0,0.0
2021-06-04,19.608333333333334,6,2021,6.6,575.5135405660903,0.0,575.5135405660903,-7.105427357601002e-15,0.0,0.0,0.0,0.0,0.0,0.0
2021-06-05,17.091666666666665,6,2021,6.6,575.5135405660903,0.0,575.5135405660903,-7.105427357601002e-15,0.0,0.0,0.0,0.0,0.0,0.0
2021-06-06,15.229166666666666,6,2021,8.370833333333334,729.9284741144417,0.0,729.9284741144417,-7.105427357601002e-15,0.0,0.0,0.0,0.0,0.0,0.0
2021-06-07,14.575000000000001,6,2021,9.024999999999999,786.9711672134795,0.0,786.9711672134795,-7.105427357601002e-15,0.0,0.0,0.0,0.0,0.0,0.0
2021-06-08,14.447916666666666,6,2021,9.152083333333334,798.0527095034201,0.0,798.0527095034201,-7.105427357601002e-15,0.0,0.0,0.0,0.0,0.0,0.0
2021-06-09,16.08125,6,2021,7.518749999999999,655.6276413835291,0.0,655.6276413835291,-7.105427357601002e-15,0.0,0.0,0.0,0.0,0.0,0.0
2021-06-10,17.662499999999998,6,2021,6.6,575.5135405660903,0.0,575.5135405660903,-7.105427357601002e-15,0.0,0.0,0.0,0.0,0.0,0.0
2021-06-11,16.427083333333332,6,2021,7.1729166666666675,625.4713131846747,0.0,625.4713131846747,-7.105427357601002e-15,0.0,0.0,0.0,0.0,0.0,0.0
2021-06-12,11.395833333333334,6,2021,12.204166666666666,1064.191389089696,0.0,1004.7603855029749,-7.105427357601002e-15,59.431003586721076,0.0,0.0,0.0,0.0,0.0
2021-06-13,10.24375,6,2021,13.35625,1164.6519282099764,0.0,1004.7603855029749,-7.105427357601002e-15,89.07766293165666,0.0,8.5,0.0,62.3138797753448,0.0
2021-06-14,11.164583333333333,6,2021,12.435416666666667,1084.3561627648337,0.0,1004.7603855029749,-7.105427357601002e-15,79.59577726185874,0.0,0.0,0.0,0.0,0.0
2021-06-15,9.127083333333333,6,2021,14.472916666666666,1262.0241686592897,0.0,1004.7603855029749,-7.105427357601002e-15,89.07766293165666,0.0,8.5,0.0,159.68612022465808,0.0
2021-06-16,11.235416666666666,6,2021,12.364583333333334,1078.1795654228997,0.0,1004.7603855029749,-7.105427357601002e-15,73.41917991992476,0.0,0.0,0.0,0.0,0.0
2021-06-17,14.795833333333334,6,2021,8.804166666666665,767.7147166768616,0.0,767.7147166768616,-7.105427357601002e-15,0.0,0.0,0.0,0.0,0.0,0.0
2021-06-18,12.060416666666667,6,2021,11.539583333333333,1006.2403728521383,0.0,1004.7603855029749,-7.105427357601002e-15,1.4799873491633546,0.0,0.0,0.0,0.0,0.0
2021-06-19,11.483333333333334,6,2021,12.116666666666665,1056.5614747261304,0.0,1004.7603855029749,-7.105427357601002e-15,51.80108922315547,0.0,0.0,0.0,0.0,0.0
2021-06-20,12.945833333333333,6,2021,10.654166666666667,929.0329060779628,0.0,929.0329060779628,-7.105427357601002e-15,0.0,0.0,0.0,0.0,0.0,0.0
2021-06-21,13.106250000000001,6,2021,10.493749999999999,915.0447297447591,0.0,915.0447297447591,-7.105427357601002e-15,0.0,0.0,0.0,0.0,0.0,0.0
2021-06-22,12.035416666666668,6,2021,11.564583333333331,1008.4203483845855,0.0,1004.7603855029749,-7.105427357601002e-15,3.6599628816105563,0.0,0.0,0.0,0.0,0.0
2021-06-23,11.960416666666667,6,2021,11.639583333333333,1014.9602749819275,0.0,1004.7603855029749,-7.105427357601002e-15,10.199889478952503,0.0,0.0,0.0,0.0,0.0
2021-06-24,12.9375,6,2021,10.6625,929.7595645887786,0.0,929.7595645887786,-7.105427357601002e-15,0.0,0.0,0.0,0.0,0.0,0.0
2021-06-25,12.46875,6,2021,11.13125,970.6341058221656,0.0,970.6341058221656,-7.105427357601002e-15,0.0,0.0,0.0,0.0,0.0,0.0
2021-06-26,12.360416666666666,6,2021,11.239583333333334,980.0806664627708,0.0,980.0806664627708,-7.105427357601002e-15,0.0,0.0,0.0,0.0,0.0,0.0
2021-06-27,13.466666666666667,6,2021,10.133333333333333,883.6167491519772,0.0,883.6167491519772,-7.105427357601002e-15,0.0,0.0,0.0,0.0,0.0,0.0
2021-06-28,13.356250000000001,6,2021,10.243749999999999,893.2449744202859,0.0,893.2449744202859,-7.105427357601002e-15,0.0,0.0,0.0,0.0,0.0,0.0
2021-06-29,11.512500000000001,6,2021,12.087499999999999,1054.0181699382752,0.0,1004.7603855029749,-7.105427357601002e-15,49.257784435300195,0.0,0.0,0.0,0.0,0.0
2021-06-30,12.310416666666667,6,2021,11.289583333333333,984.4406175276653,0.0,984.4406175276653,-7.105427357601002e-15,0.0,0.0,0.0,0.0,0.0,0.0
2021-07-01,16.695833333333333,7,2021,6.904166666666667,663.1353402479131,0.0,663.1353402479131,1.7763568394002505e-15,0.0,0.0,0.0,0.0,0.0,0.0
2021-07-02,19.079166666666666,7,2021,6.6,633.9205666582343,0.0,633.9205666582343,1.7763568394002505e-15,0.0,0.0,0.0,0.0,0.0,0.0
2021-07-03,19.797916666666666,7,2021,6.6,633.9205666582343,0.0,633.9205666582343,1.7763568394002505e-15,0.0,0.0,0.0,0.0,0.0,0.0
2021-07-04,20.497916666666665,7,2021,6.6,633.9205666582343,0.0,633.9205666582343,1.7763568394002505e-15,0.0,0.0,0.0,0.0,0.0,0.0
2021-07-05,22.81458333333333,7,2021,6.6,633.9205666582343,0.0,633.9205666582343,1.7763568394002505e-15,0.0,0.0,0.0,0.0,0.0,0.0
2021-07-06,21.310416666666665,7,2021,6.6,633.9205666582343,0.0,633.9205666582343,1.7763568394002505e-15,0.0,0.0,0.0,0.0,0.0,0.0
2021-07-07,19.172916666666666,7,2021,6.6,633.9205666582343,0.0,633.9205666582343,1.7763568394002505e-15,0.0,0.0,0.0,0.0,0.0,0.0
2021-07-08,17.841666666666665,7,2021,6.6,633.9205666582343,0.0,633.9205666582343,1.7763568394002505e-15,0.0,0.0,0.0,0.0,0.0,0.0
2021-07-09,19.772916666666667,7,2021,6.6,633.9205666582343,0.0,633.9205666582343,1.7763568394002505e-15,0.0,0.0,0.0,0.0,0.0,0.0
2021-07-10,17.427083333333332,7,2021,6.6,633.9205666582343,0.0,633.9205666582343,1.7763568394002505e-15,0.0,0.0,0.0,0.0,0.0,0.0
2021-07-11,16.85625,7,2021,6.74375,647.7275486971921,0.0,647.7275486971921,1.7763568394002505e-15,0.0,0.0,0.0,0.0,0.0,0.0
2021-07-12,17.25,7,2021,6.6,633.9205666582343,0.0,633.9205666582343,1.7763568394002505e-15,0.0,0.0,0.0,0.0,0.0,0.0
2021-07-13,17.4875,7,2021,6.6,633.9205666582343,0.0,633.9205666582343,1.7763568394002505e-15,0.0,0.0,0.0,0.0,0.0,0.0
2021-07-14,18.266666666666666,7,2021,6.6,633.9205666582343,0.0,633.9205666582343,1.7763568394002505e-15,0.0,0.0,0.0,0.0,0.0,0.0
2021-07-15,15.78125,7,2021,7.81875,750.9797622059197,0.0,750.9797622059197,1.7763568394002505e-15,0.0,0.0,0.0,0.0,0.0,0.0
2021-07-16,15.389583333333334,7,2021,8.210416666666665,788.5987857323552,0.0,788.5987857323552,1.7763568394002505e-15,0.0,0.0,0.0,0.0,0.0,0.0
2021-07-17,14.979166666666666,7,2021,8.620833333333334,828.0187199595246,0.0,828.0187199595246,1.7763568394002505e-15,0.0,0.0,0.0,0.0,0.0,0.0
2021-07-18,11.1875,7,2021,12.4125,1192.2028838856565,0.0,980.6595352535137,1.7763568394002505e-15,65.58306530302364,0.0,22.052997723247138,0.0,123.90728560587205,0.0
2021-07-19,12.78125,7,2021,10.81875,1039.1254743232987,0.0,980.6595352535137,1.7763568394002505e-15,58.46593906978497,0.0,0.0,0.0,0.0,0.0
2021-07-20,11.487499999999999,7,2021,12.1125,1163.3883126739188,0.0,980.6595352535137,1.7763568394002505e-15,65.58306530302364,0.0,22.052997723247138,0.0,95.09271439413428,0.0
2021-07-21,12.552083333333334,7,2021,11.047916666666666,1061.136605110043,0.0,980.6595352535137,1.7763568394002505e-15,65.58306530302364,0.0,14.894004553505725,0.0,0.0,0.0
2021-07-22,12.885416666666666,7,2021,10.714583333333334,1029.1204148747788,0.0,980.6595352535137,1.7763568394002505e-15,48.460879621265086,0.0,0.0,0.0,0.0,0.0
2021-07-23,13.539583333333333,7,2021,10.060416666666667,966.2886415380724,0.0,966.2886415380724,1.7763568394002505e-15,0.0,0.0,0.0,0.0,0.0,0.0
2021-07-24,15.875,7,2021,7.725,741.9752087022514,0.0,741.9752087022514,1.7763568394002505e-15,0.0,0.0,0.0,0.0,0.0,0.0
2021-07-25,16.802083333333332,7,2021,6.7979166666666675,652.9301796104227,0.0,652.9301796104227,1.7763568394002505e-15,0.0,0.0,0.0,0.0,0.0,0.0
2021-07-26,20.229166666666668,7,2021,6.6,633.9205666582343,0.0,633.9205666582343,1.7763568394002505e-15,0.0,0.0,0.0,0.0,0.0,0.0
2021-07-27,22.537499999999998,7,2021,6.6,633.9205666582343,0.0,633.9205666582343,1.7763568394002505e-15,0.0,0.0,0.0,0.0,0.0,0.0
2021-07-28,21.710416666666664,7,2021,6.6,633.9205666582343,0.0,633.9205666582343,1.7763568394002505e-15,0.0,0.0,0.0,0.0,0.0,0.0
2021-07-29,20.129166666666666,7,2021,6.6,633.9205666582343,0.0,633.9205666582343,1.7763568394002505e-15,0.0,0.0,0.0,0.0,0.0,0.0
2021-07-30,12.822916666666666,7,2021,10.777083333333334,1035.1234505438908,0.0,980.6595352535137,1.7763568394002505e-15,54.46391529037711,0.0,0.0,0.0,0.0,0.0
2021-07-31,12.902083333333332,7,2021,10.697916666666668,1027.5196053630157,0.0,980.6595352535137,1.7763568394002505e-15,46.86007010950194,0.0,0.0,0.0,0.0,0.0
2021-08-01,11.622916666666667,8,2021,11.977083333333333,1038.048988332224,0.0,994.5529102456213,0.0,43.49607808660277,0.0,0.0,0.0,0.0,0.0
2021-08-02,11.008333333333333,8,2021,12.591666666666667,1091.3146782883914,0.0,994.5529102456213,0.0,55.95697565131408,0.0,4.0,0.0,36.804792391456004,0.0
2021-08-03,11.549999999999999,8,2021,12.05,1044.3686464626169,0.0,994.5529102456213,0.0,49.81573621699555,0.0,0.0,0.0,0.0,0.0
2021-08-04,12.418750000000001,8,2021,11.181249999999999,969.074433880509,0.0,969.074433880509,0.0,0.0,0.0,0.0,0.0,0.0,0.0
2021-08-05,14.820833333333333,8,2021,8.779166666666667,760.8868388992855,0.0,760.8868388992855,0.0,0.0,0.0,0.0,0.0,0.0,0.0
2021-08-06,17.416666666666668,8,2021,6.6,572.0193416309768,0.0,572.0193416309768,0.0,0.0,0.0,0.0,0.0,0.0,0.0
2021-08-07,18.377083333333335,8,2021,6.6,572.0193416309768,0.0,572.0193416309768,0.0,0.0,0.0,0.0,0.0,0.0,0.0
2021-08-08,15.179166666666667,8,2021,8.420833333333333,729.8302332299269,0.0,729.8302332299269,0.0,0.0,0.0,0.0,0.0,0.0,0.0
2021-08-09,17.497916666666665,8,2021,6.6,572.0193416309768,0.0,572.0193416309768,0.0,0.0,0.0,0.0,0.0,0.0,0.0
2021-08-10,16.472916666666666,8,2021,7.127083333333333,617.7014418306729,0.0,617.7014418306729,0.0,0.0,0.0,0.0,0.0,0.0,0.0
2021-08-11,14.779166666666667,8,2021,8.820833333333333,764.4980721166527,0.0,764.4980721166527,0.0,0.0,0.0,0.0,0.0,0.0,0.0
2021-08-12,15.8125,8,2021,7.7875,674.9394883259442,0.0,674.9394883259442,0.0,0.0,0.0,0.0,0.0,0.0,0.0
2021-08-13,15.420833333333334,8,2021,8.179166666666665,708.8850805691966,0.0,708.8850805691966,0.0,0.0,0.0,0.0,0.0,0.0,0.0
2021-08-14,12.772916666666667,8,2021,10.827083333333333,938.3789515328871,0.0,938.3789515328871,0.0,0.0,0.0,0.0,0.0,0.0,0.0
2021-08-15,12.322916666666666,8,2021,11.277083333333334,977.3802702804538,0.0,977.3802702804538,0.0,0.0,0.0,0.0,0.0,0.0,0.0
2021-08-16,12.612499999999999,8,2021,10.9875,952.2821994197514,0.0,952.2821994197514,0.0,0.0,0.0,0.0,0.0,0.0,0.0
2021-08-17,12.385416666666666,8,2021,11.214583333333334,971.9634204544028,0.0,971.9634204544028,0.0,0.0,0.0,0.0,0.0,0.0,0.0
2021-08-18,11.760416666666666,8,2021,11.839583333333334,1026.131918714912,0.0,994.5529102456213,0.0,31.579008469290663,0.0,0.0,0.0,0.0,0.0
2021-08-19,10.752083333333333,8,2021,12.847916666666666,1113.5237625752002,0.0,994.5529102456213,0.0,55.95697565131408,0.0,4.0,0.0,59.01387667826481,0.0
2021-08-20,10.727083333333333,8,2021,12.872916666666667,1115.6905025056205,0.0,994.5529102456213,0.0,55.95697565131408,0.0,4.0,0.0,61.18061660868517,0.0
2021-08-21,10.597916666666666,8,2021,13.002083333333333,1126.885325479459,0.0,994.5529102456213,0.0,55.95697565131408,0.0,4.0,0.0,72.37543958252358,0.0
2021-08-22,10.439583333333333,8,2021,13.160416666666666,1140.6080117054548,0.0,994.5529102456213,0.0,55.95697565131408,0.0,4.0,0.0,86.09812580851946,0.0
2021-08-23,10.63125,8,2021,12.96875,1123.9963389055654,0.0,994.5529102456213,0.0,55.95697565131408,0.0,4.0,0.0,69.48645300863,0.0
2021-08-24,10.56875,8,2021,13.03125,1129.4131887316164,0.0,994.5529102456213,0.0,55.95697565131408,0.0,4.0,0.0,74.90330283468101,0.0
2021-08-25,11.945833333333333,8,2021,11.654166666666667,1010.0619308976277,0.0,994.5529102456213,0.0,15.509020652006363,0.0,0.0,0.0,0.0,0.0
2021-08-26,11.258333333333333,8,2021,12.341666666666667,1069.6472789841878,0.0,994.5529102456213,0.0,55.95697565131408,0.0,4.0,0.0,15.13739308725238,0.0
2021-08-27,13.19375,8,2021,10.40625,901.9054960374776,0.0,901.9054960374776,0.0,0.0,0.0,0.0,0.0,0.0,0.0
2021-08-28,11.5875,8,2021,12.0125,1041.1185365669862,0.0,994.5529102456213,0.0,46.565626321364896,0.0,0.0,0.0,0.0,0.0
2021-08-29,12.166666666666666,8,2021,11.433333333333334,990.9223948455813,0.0,990.9223948455813,0.0,0.0,0.0,0.0,0.0,0.0,0.0
2021-08-30,12.033333333333333,8,2021,11.566666666666666,1002.4783411411564,0.0,994.5529102456213,0.0,7.9254308955350945,0.0,0.0,0.0,0.0,0.0
2021-08-31,12.004166666666668,8,2021,11.595833333333331,1005.0062043933134,0.0,994.5529102456213,0.0,10.45329414769207,0.0,0.0,0.0,0.0,0.0
2021-09-01,11.4375,9,2021,12.1625,1100.9116809116808,0.0,896.1252625620439,-7.105427357601002e-15,20.689655172413794,-2.2737367544323206e-13,107.801494817852,0.0,76.29526835937112,0.0
2021-09-02,11.766666666666666,9,2021,11.833333333333334,1071.1165377832044,0.0,896.1252625620439,-7.105427357601002e-15,20.689655172413794,-2.2737367544323206e-13,107.801494817852,0.0,46.50012523089471,0.0
2021-09-03,9.447916666666666,9,2021,14.152083333333334,1281.0025776692444,0.0,896.1252625620439,-7.105427357601002e-15,20.689655172413794,-2.2737367544323206e-13,107.801494817852,0.0,256.3861651169347,0.0
2021-09-04,9.5,9,2021,14.1,1276.2881562881562,0.0,896.1252625620439,-7.105427357601002e-15,20.689655172413794,-2.2737367544323206e-13,107.801494817852,0.0,251.67174373584652,0.0
2021-09-05,9.014583333333333,9,2021,14.585416666666667,1320.226563559897,0.0,896.1252625620439,-7.105427357601002e-15,20.689655172413794,-2.2737367544323206e-13,107.801494817852,0.0,295.61015100758726,0.0
2021-09-06,10.174999999999999,9,2021,13.425,1215.1892551892554,0.0,896.1252625620439,-7.105427357601002e-15,20.689655172413794,-2.2737367544323206e-13,107.801494817852,0.0,190.57284263694572,0.0
2021-09-07,12.456249999999999,9,2021,11.14375,1008.6975986975988,0.0,896.1252625620439,-7.105427357601002e-15,20.689655172413794,-2.2737367544323206e-13,91.88268096314108,0.0,0.0,0.0
2021-09-08,12.9375,9,2021,10.6625,965.1363451363451,0.0,896.1252625620439,-7.105427357601002e-15,20.689655172413794,-2.2737367544323206e-13,48.32142740188739,0.0,0.0,0.0
2021-09-09,12.433333333333332,9,2021,11.166666666666668,1010.7719441052776,0.0,896.1252625620439,-7.105427357601002e-15,20.689655172413794,-2.2737367544323206e-13,93.95702637081992,0.0,0.0,0.0
2021-09-10,10.1875,9,2021,13.4125,1214.057794057794,0.0,896.1252625620439,-7.105427357601002e-15,20.689655172413794,-2.2737367544323206e-13,107.801494817852,0.0,189.44138150548423,0.0
2021-09-11,12.072916666666666,9,2021,11.527083333333334,1043.3957400624067,0.0,896.1252625620439,-7.105427357601002e-15,20.689655172413794,-2.2737367544323206e-13,107.801494817852,0.0,18.779327510097033,0.0
2021-09-12,11.18125,9,2021,12.41875,1124.1066341066341,0.0,896.1252625620439,-7.105427357601002e-15,20.689655172413794,-2.2737367544323206e-13,107.801494817852,0.0,99.49022155432444,0.0
2021-09-13,9.029166666666667,9,2021,14.570833333333333,1318.9065255731923,0.0,896.1252625620439,-7.105427357601002e-15,20.689655172413794,-2.2737367544323206e-13,107.801494817852,0.0,294.29011302088264,0.0
2021-09-14,8.81875,9,2021,14.78125,1337.952787952788,0.0,896.1252625620439,-7.105427357601002e-15,20.689655172413794,-2.2737367544323206e-13,107.801494817852,0.0,313.3363754004783,0.0
2021-09-15,9.135416666666666,9,2021,14.464583333333334,1309.2891059557726,0.0,896.1252625620439,-7.105427357601002e-15,20.689655172413794,-2.2737367544323206e-13,107.801494817852,0.0,284.6726934034629,0.0
2021-09-16,10.795833333333334,9,2021,12.804166666666665,1158.9933523266857,0.0,896.1252625620439,-7.105427357601002e-15,20.689655172413794,-2.2737367544323206e-13,107.801494817852,0.0,134.376939774376,0.0
2021-09-17,11.518749999999999,9,2021,12.08125,1093.5571835571836,0.0,896.1252625620439,-7.105427357601002e-15,20.689655172413794,-2.2737367544323206e-13,107.801494817852,0.0,68.94077100487392,0.0
2021-09-18,11.106250000000001,9,2021,12.493749999999999,1130.8954008954006,0.0,896.1252625620439,-7.105427357601002e-15,20.689655172413794,-2.2737367544323206e-13,107.801494817852,0.0,106.27898834309089,0.0
2021-09-19,11.302083333333334,9,2021,12.297916666666666,1113.1691765025098,0.0,896.1252625620439,-7.105427357601002e-15,20.689655172413794,-2.2737367544323206e-13,107.801494817852,0.0,88.55276395020009,0.0
2021-09-20,10.570833333333333,9,2021,13.029166666666667,1179.359652692986,0.0,896.1252625620439,-7.105427357601002e-15,20.689655172413794,-2.2737367544323206e-13,107.801494817852,0.0,154.74324014067628,0.0
2021-09-21,10.383333333333333,9,2021,13.216666666666667,1196.3315696649029,0.0,896.1252625620439,-7.105427357601002e-15,20.689655172413794,-2.2737367544323206e-13,107.801494817852,0.0,171.7151571125932,0.0
2021-09-22,11.402083333333332,9,2021,12.197916666666668,1104.1174874508208,0.0,896.1252625620439,-7.105427357601002e-15,20.689655172413794,-2.2737367544323206e-13,107.801494817852,0.0,79.5010748985111,0.0
2021-09-23,8.3125,9,2021,15.2875,1383.7769637769638,0.0,896.1252625620439,-7.105427357601002e-15,20.689655172413794,-2.2737367544323206e-13,107.801494817852,0.0,359.16055122465417,0.0
2021-09-24,7.6625000000000005,9,2021,15.937499999999998,1442.6129426129426,0.0,896.1252625620439,-7.105427357601002e-15,20.689655172413794,-2.2737367544323206e-13,107.801494817852,0.0,417.99653006063284,0.0
2021-09-25,9.362499999999999,9,2021,14.2375,1288.7342287342287,0.0,896.1252625620439,-7.105427357601002e-15,20.689655172413794,-2.2737367544323206e-13,107.801494817852,0.0,264.11781618191907,0.0
2021-09-26,11.762500000000001,9,2021,11.837499999999999,1071.4936914936914,0.0,896.1252625620439,-7.105427357601002e-15,20.689655172413794,-2.2737367544323206e-13,107.801494817852,0.0,46.87727894138165,0.0
2021-09-27,14.183333333333332,9,2021,9.416666666666668,852.3673857007191,0.0,852.3673857007191,-7.105427357601002e-15,0.0,-2.2737367544323206e-13,0.0,0.0,0.0,0.0
2021-09-28,12.270833333333334,9,2021,11.329166666666666,1025.4809388142721,0.0,896.1252625620439,-7.105427357601002e-15,20.689655172413794,-2.2737367544323206e-13,107.801494817852,0.0,0.8645262619624239,0.0
2021-09-29,11.970833333333333,9,2021,11.629166666666666,1052.6360059693393,0.0,896.1252625620439,-7.105427357601002e-15,20.689655172413794,-2.2737367544323206e-13,107.801494817852,0.0,28.019593417029583,0.0
2021-09-30,11.895833333333334,9,2021,11.704166666666666,1059.424772758106,0.0,896.1252625620439,-7.105427357601002e-15,20.689655172413794,-2.2737367544323206e-13,107.801494817852,0.0,34.80836020579626,0.0
2021-10-01,11.981250000000001,10,2021,11.618749999999999,1153.461336397964,0.0,1153.461336397964,-5.684341886080802e-14,0.0,0.0,0.0,0.0,0.0,1.752198386384407e-11
2021-10-02,13.270833333333334,10,2021,10.329166666666666,1025.4368488185594,0.0,1025.4368488185594,-5.684341886080802e-14,0.0,0.0,0.0,0.0,0.0,1.752198386384407e-11
2021-10-03,13.018749999999999,10,2021,10.58125,1050.4626371822235,0.0,1050.4626371822235,-5.684341886080802e-14,0.0,0.0,0.0,0.0,0.0,1.752198386384407e-11
2021-10-04,13.4,10,2021,10.2,1012.613717590897,0.0,1012.613717590897,-5.684341886080802e-14,0.0,0.0,0.0,0.0,0.0,1.752198386384407e-11
2021-10-05,12.154166666666667,10,2021,11.445833333333333,1136.2948865286742,0.0,1136.2948865286742,-5.684341886080802e-14,0.0,0.0,0.0,0.0,0.0,1.752198386384407e-11
2021-10-06,9.245833333333334,10,2021,14.354166666666666,1425.0221638483006,0.0,1425.0221638483006,-5.684341886080802e-14,0.0,0.0,0.0,0.0,0.0,1.752198386384407e-11
2021-10-07,9.547916666666667,10,2021,14.052083333333332,1395.032582751348,0.0,1395.032582751348,-5.684341886080802e-14,0.0,0.0,0.0,0.0,0.0,1.752198386384407e-11
2021-10-08,11.191666666666668,10,2021,12.408333333333331,1231.8478966444816,0.0,1231.8478966444816,-5.684341886080802e-14,0.0,0.0,0.0,0.0,0.0,1.752198386384407e-11
2021-10-09,11.177083333333334,10,2021,12.422916666666666,1233.295669525024,0.0,1233.295669525024,-5.684341886080802e-14,0.0,0.0,0.0,0.0,0.0,1.752198386384407e-11
2021-10-10,9.872916666666667,10,2021,13.727083333333333,1362.7679299849713,0.0,1362.7679299849713,-5.684341886080802e-14,0.0,0.0,0.0,0.0,0.0,1.752198386384407e-11
2021-10-11,6.345833333333334,10,2021,17.254166666666663,1712.9221423790457,0.0,1641.1671217306755,-5.684341886080802e-14,60.13288633243943,0.0,11.622134315930673,0.0,0.0,1.752198386384407e-11
2021-10-12,5.8625,10,2021,17.737499999999997,1760.90547213417,0.0,1641.1671217306755,-5.684341886080802e-14,60.13288633243943,0.0,59.605464071054925,0.0,0.0,1.752198386384407e-11
2021-10-13,4.820833333333334,10,2021,18.77916666666667,1864.3178207443518,0.0,1641.1671217306755,-5.684341886080802e-14,60.13288633243943,0.0,163.01781268123682,0.0,0.0,1.752198386384407e-11
2021-10-14,7.847916666666666,10,2021,15.752083333333333,1563.8015356831643,0.0,1563.8015356831643,-5.684341886080802e-14,0.0,0.0,0.0,0.0,0.0,1.752198386384407e-11
2021-10-15,4.833333333333333,10,2021,18.766666666666666,1863.0768725610294,0.0,1641.1671217306755,-5.684341886080802e-14,60.13288633243943,0.0,161.7768644979144,0.0,0.0,1.752198386384407e-11
2021-10-16,3.877083333333333,10,2021,19.722916666666666,1958.009408585176,0.0,1641.1671217306755,-5.684341886080802e-14,60.13288633243943,0.0,194.7752660307134,0.0,61.934134491347685,1.752198386384407e-11
2021-10-17,3.3125,10,2021,20.2875,2014.0589015318944,0.0,1641.1671217306755,-5.684341886080802e-14,60.13288633243943,0.0,194.7752660307134,0.0,117.98362743806607,1.752198386384407e-11
2021-10-18,3.266666666666667,10,2021,20.333333333333332,2018.6090448707423,0.0,1641.1671217306755,-5.684341886080802e-14,60.13288633243943,0.0,194.7752660307134,0.0,122.53377077691393,1.752198386384407e-11
2021-10-19,4.989583333333333,10,2021,18.610416666666666,1847.5650202695022,0.0,1641.1671217306755,-5.684341886080802e-14,60.13288633243943,0.0,146.26501220638715,0.0,0.0,1.752198386384407e-11
2021-10-20,6.91875,10,2021,16.68125,1656.045350643446,0.0,1641.1671217306755,-5.684341886080802e-14,14.878228912770417,0.0,0.0,0.0,0.0,1.752198386384407e-11
2021-10-21,4.160416666666666,10,2021,19.43958333333333,1929.8812497632064,0.0,1641.1671217306755,-5.684341886080802e-14,60.13288633243943,0.0,194.7752660307134,0.0,33.805975669377965,1.752198386384407e-11
2021-10-22,3.9,10,2021,19.7,1955.734336915752,0.0,1641.1671217306755,-5.684341886080802e-14,60.13288633243943,0.0,194.7752660307134,0.0,59.659062821923634,1.752198386384407e-11
2021-10-23,4.027083333333334,10,2021,19.572916666666664,1943.1180303853096,0.0,1641.1671217306755,-5.684341886080802e-14,60.13288633243943,0.0,194.7752660307134,0.0,47.04275629148116,1.752198386384407e-11
2021-10-24,5.59375,10,2021,18.00625,1787.5858580755973,0.0,1641.1671217306755,-5.684341886080802e-14,60.13288633243943,0.0,86.28585001248233,0.0,0.0,1.752198386384407e-11
2021-10-25,6.883333333333333,10,2021,16.71666666666667,1659.5613704961925,0.0,1641.1671217306755,-5.684341886080802e-14,18.394248765516885,0.0,0.0,0.0,0.0,1.752198386384407e-11
2021-10-26,3.966666666666667,10,2021,19.633333333333333,1949.1159466047004,0.0,1641.1671217306755,-5.684341886080802e-14,60.13288633243943,0.0,194.7752660307134,0.0,53.04067251087201,1.752198386384407e-11
2021-10-27,7.322916666666667,10,2021,16.27708333333333,1615.9213593826953,0.0,1615.9213593826953,-5.684341886080802e-14,0.0,0.0,0.0,0.0,0.0,1.752198386384407e-11
2021-10-28,8.3125,10,2021,15.2875,1517.6796282030234,0.0,1517.6796282030234,-5.684341886080802e-14,0.0,0.0,0.0,0.0,0.0,1.752198386384407e-11
2021-10-29,8.15625,10,2021,15.44375,1533.1914804945504,0.0,1533.1914804945504,-5.684341886080802e-14,0.0,0.0,0.0,0.0,0.0,1.752198386384407e-11
2021-10-30,9.329166666666667,10,2021,14.270833333333332,1416.7491759594861,0.0,1416.7491759594861,-5.684341886080802e-14,0.0,0.0,0.0,0.0,0.0,1.752198386384407e-11
2021-10-31,8.11875,10,2021,15.48125,1536.914325044517,0.0,1536.914325044517,-5.684341886080802e-14,0.0,0.0,0.0,0.0,0.0,1.752198386384407e-11
2021-11-01,7.914583333333333,11,2021,15.685416666666667,1745.6002980718479,0.0,1745.6002980718479,5.684341886080802e-14,0.0,0.0,0.0,0.0,0.0,6.764366844436154e-12
2021-11-02,9.731250000000001,11,2021,13.868749999999999,1543.4269071940882,0.0,1543.4269071940882,5.684341886080802e-14,0.0,0.0,0.0,0.0,0.0,6.764366844436154e-12
2021-11-03,4.572916666666667,11,2021,19.02708333333333,2117.488049181855,0.0,1806.391885526217,5.684341886080802e-14,60.892857142857146,0.0,250.2033065127808,0.0,0.0,6.764366844436154e-12
2021-11-04,3.283333333333333,11,2021,20.316666666666666,2261.003334678797,0.0,1806.391885526217,5.684341886080802e-14,60.892857142857146,0.0,393.7185920097227,0.0,0.0,6.764366844436154e-12
2021-11-05,3.5625,11,2021,20.0375,2229.935405346664,0.0,1806.391885526217,5.684341886080802e-14,60.892857142857146,0.0,362.65066267759,0.0,0.0,6.764366844436154e-12
2021-11-06,2.3645833333333335,11,2021,21.235416666666666,2363.249281212159,0.0,1806.391885526217,5.684341886080802e-14,60.892857142857146,0.0,449.7589076882657,0.0,46.20563085481928,6.764366844436154e-12
2021-11-07,-0.10833333333333332,11,2021,23.708333333333336,2638.455491042321,0.0,1806.391885526217,5.684341886080802e-14,60.892857142857146,0.0,449.7589076882657,0.0,321.41184068498103,6.764366844436154e-12
2021-11-08,-1.0395833333333333,11,2021,24.639583333333334,2742.092538889062,0.0,1806.391885526217,5.684341886080802e-14,60.892857142857146,0.0,449.7589076882657,0.0,425.0488885317221,6.764366844436154e-12
2021-11-09,3.564583333333333,11,2021,20.035416666666666,2229.7035551277672,0.0,1806.391885526217,5.684341886080802e-14,60.892857142857146,0.0,362.41881245869314,0.0,0.0,6.764366844436154e-12
2021-11-10,4.139583333333333,11,2021,19.460416666666667,2165.7128947123297,0.0,1806.391885526217,5.684341886080802e-14,60.892857142857146,0.0,298.4281520432556,0.0,0.0,6.764366844436154e-12
2021-11-11,4.702083333333333,11,2021,18.897916666666667,2103.113335610271,0.0,1806.391885526217,5.684341886080802e-14,60.892857142857146,0.0,235.8285929411969,0.0,0.0,6.764366844436154e-12
2021-11-12,2.466666666666667,11,2021,21.133333333333333,2351.88862048623,0.0,1806.391885526217,5.684341886080802e-14,60.892857142857146,0.0,449.7589076882657,0.0,34.844970128890346,6.764366844436154e-12
2021-11-13,0.012499999999999992,11,2021,23.5875,2625.0081783463224,0.0,1806.391885526217,5.684341886080802e-14,60.892857142857146,0.0,449.7589076882657,0.0,307.9645279889827,6.764366844436154e-12
2021-11-14,-0.90625,11,2021,24.50625,2727.2541248796847,0.0,1806.391885526217,5.684341886080802e-14,60.892857142857146,0.0,449.7589076882657,0.0,410.21047452234495,6.764366844436154e-12
2021-11-15,0.9562499999999999,11,2021,22.643749999999997,2519.9800291862016,0.0,1806.391885526217,5.684341886080802e-14,60.892857142857146,0.0,449.7589076882657,0.0,202.93637882886185,6.764366844436154e-12
2021-11-16,4.0562499999999995,11,2021,19.543750000000003,2174.9869034681906,0.0,1806.391885526217,5.684341886080802e-14,60.892857142857146,0.0,307.7021607991165,0.0,0.0,6.764366844436154e-12
2021-11-17,3.4729166666666664,11,2021,20.12708333333333,2239.9049647592137,0.0,1806.391885526217,5.684341886080802e-14,60.892857142857146,0.0,372.62022209013963,0.0,0.0,6.764366844436154e-12
2021-11-18,2.127083333333333,11,2021,21.472916666666666,2389.680206166361,0.0,1806.391885526217,5.684341886080802e-14,60.892857142857146,0.0,449.7589076882657,0.0,72.6365558090214,6.764366844436154e-12
2021-11-19,4.160416666666666,11,2021,19.43958333333333,2163.3943925233643,0.0,1806.391885526217,5.684341886080802e-14,60.892857142857146,0.0,296.10964985429024,0.0,0.0,6.764366844436154e-12
2021-11-20,2.4166666666666665,11,2021,21.183333333333334,2357.453025739746,0.0,1806.391885526217,5.684341886080802e-14,60.892857142857146,0.0,449.7589076882657,0.0,40.40937538240616,6.764366844436154e-12
2021-11-21,1.1916666666666667,11,2021,22.40833333333333,2493.780954450896,0.0,1806.391885526217,5.684341886080802e-14,60.892857142857146,0.0,449.7589076882657,0.0,176.7373040935562,6.764366844436154e-12
2021-11-22,2.629166666666667,11,2021,20.97083333333333,2333.8043034123016,0.0,1806.391885526217,5.684341886080802e-14,60.892857142857146,0.0,449.7589076882657,0.0,16.760653054961786,6.764366844436154e-12
2021-11-23,4.235416666666667,11,2021,19.364583333333336,2155.0477846430904,0.0,1806.391885526217,5.684341886080802e-14,60.892857142857146,0.0,287.7630419740163,0.0,0.0,6.764366844436154e-12
2021-11-24,2.9604166666666667,11,2021,20.639583333333334,2296.940118607756,0.0,1806.391885526217,5.684341886080802e-14,60.892857142857146,0.0,429.6553759386821,0.0,0.0,6.764366844436154e-12
2021-11-25,0.39999999999999997,11,2021,23.200000000000003,2581.884037631571,0.0,1806.391885526217,5.684341886080802e-14,60.892857142857146,0.0,449.7589076882657,0.0,264.8403872742314,6.764366844436154e-12
2021-11-26,-3.9729166666666664,11,2021,27.572916666666664,3068.5376470953515,0.0,1806.391885526217,5.684341886080802e-14,60.892857142857146,0.0,449.7589076882657,0.0,751.4939967380118,6.764366844436154e-12
2021-11-27,-8.210416666666667,11,2021,31.81041666666667,3540.12099233086,0.0,1806.391885526217,5.684341886080802e-14,60.892857142857146,0.0,449.7589076882657,0.0,1223.0773419735206,6.764366844436154e-12
2021-11-28,-9.608333333333333,11,2021,33.208333333333336,3695.6924892104207,0.0,1806.391885526217,5.684341886080802e-14,60.892857142857146,0.0,449.7589076882657,0.0,1378.648838853081,6.764366844436154e-12
2021-11-29,-9.614583333333334,11,2021,33.21458333333334,3696.3880398671104,0.0,1806.391885526217,5.684341886080802e-14,60.892857142857146,0.0,449.7589076882657,0.0,1379.3443895097707,6.764366844436154e-12
2021-11-30,-4.439583333333333,11,2021,28.039583333333333,3120.472096128171,0.0,1806.391885526217,5.684341886080802e-14,60.892857142857146,0.0,449.7589076882657,0.0,803.4284457708312,6.764366844436154e-12
2021-12-01,-2.2020833333333334,12,2021,25.802083333333336,3026.2479106011983,0.0,1743.032258064516,7.275957614183426e-12,219.77846476937563,0.0,736.0847656995923,0.0,327.3524220677143,0.0
2021-12-02,-4.754166666666666,12,2021,28.354166666666664,3325.5740059170207,0.0,1743.032258064516,7.275957614183426e-12,219.77846476937563,0.0,736.0847656995923,0.0,626.6785173835367,0.0
2021-12-03,-9.602083333333333,12,2021,33.202083333333334,3894.1714131006293,0.0,1743.032258064516,7.275957614183426e-12,219.77846476937563,0.0,736.0847656995923,0.0,1195.2759245671452,0.0
2021-12-04,-4.45625,12,2021,28.05625,3290.6322658107656,0.0,1743.032258064516,7.275957614183426e-12,219.77846476937563,0.0,736.0847656995923,0.0,591.7367772772816,0.0
2021-12-05,-6.385416666666667,12,2021,29.985416666666666,3516.8983590862367,0.0,1743.032258064516,7.275957614183426e-12,219.77846476937563,0.0,736.0847656995923,0.0,818.0028705527527,0.0
2021-12-06,-10.6,12,2021,34.2,4011.214025064939,0.0,1743.032258064516,7.275957614183426e-12,219.77846476937563,0.0,736.0847656995923,0.0,1312.3185365314553,0.0
2021-12-07,-9.320833333333333,12,2021,32.920833333333334,3861.184455657661,0.0,1743.032258064516,7.275957614183426e-12,219.77846476937563,0.0,736.0847656995923,0.0,1162.2889671241771,0.0
2021-12-08,-4.8687499999999995,12,2021,28.46875,3339.013136727119,0.0,1743.032258064516,7.275957614183426e-12,219.77846476937563,0.0,736.0847656995923,0.0,640.1176481936352,0.0
2021-12-09,-1.5083333333333335,12,2021,25.108333333333334,2944.8800822418766,0.0,1743.032258064516,7.275957614183426e-12,219.77846476937563,0.0,736.0847656995923,0.0,245.9845937083926,0.0
2021-12-10,-3.310416666666667,12,2021,26.91041666666667,3156.240957709784,0.0,1743.032258064516,7.275957614183426e-12,219.77846476937563,0.0,736.0847656995923,0.0,457.3454691763002,0.0
2021-12-11,-0.6749999999999999,12,2021,24.275,2847.140949077526,0.0,1743.032258064516,7.275957614183426e-12,219.77846476937563,0.0,736.0847656995923,0.0,148.24546054404186,0.0
2021-12-12,0.2541666666666667,12,2021,23.34583333333333,2738.161815599275,0.0,1743.032258064516,7.275957614183426e-12,219.77846476937563,0.0,736.0847656995923,0.0,39.266327065791074,0.0
2021-12-13,-1.4812500000000002,12,2021,25.081249999999997,2941.7035604140347,0.0,1743.032258064516,7.275957614183426e-12,219.77846476937563,0.0,736.0847656995923,0.0,242.80807188055064,0.0
2021-12-14,0.30624999999999997,12,2021,23.293750000000003,2732.053119776504,0.0,1743.032258064516,7.275957614183426e-12,219.77846476937563,0.0,736.0847656995923,0.0,33.15763124301998,0.0
2021-12-15,3.65,12,2021,19.95,2339.8748479545475,0.0,1743.032258064516,7.275957614183426e-12,219.77846476937563,0.0,377.0641251206557,0.0,0.0,0.0
2021-12-16,4.385416666666667,12,2021,19.21458333333333,2253.620062937008,0.0,1743.032258064516,7.275957614183426e-12,219.77846476937563,0.0,290.809340103116,0.0,0.0,0.0
2021-12-17,6.727083333333333,12,2021,16.87291666666667,1978.9730987451844,0.0,1743.032258064516,7.275957614183426e-12,219.77846476937563,0.0,16.162375911292685,0.0,0.0,0.0
2021-12-18,7.079166666666667,12,2021,16.520833333333336,1937.6783149832463,0.0,1743.032258064516,7.275957614183426e-12,194.6460569187302,0.0,0.0,0.0,0.0,0.0
2021-12-19,3.060416666666667,12,2021,20.539583333333333,2409.0252846683256,0.0,1743.032258064516,7.275957614183426e-12,219.77846476937563,0.0,446.2145618344339,0.0,0.0,0.0
2021-12-20,1.5875000000000001,12,2021,22.0125,2581.7792025363146,0.0,1743.032258064516,7.275957614183426e-12,219.77846476937563,0.0,618.9684797024229,0.0,0.0,0.0
2021-12-21,0.5750000000000001,12,2021,23.025,2700.5322493310005,0.0,1743.032258064516,7.275957614183426e-12,219.77846476937563,0.0,736.0847656995923,0.0,1.6367607975164447,0.0
2021-12-22,-3.797916666666667,12,2021,27.397916666666667,3213.4183506109293,0.0,1743.032258064516,7.275957614183426e-12,219.77846476937563,0.0,736.0847656995923,0.0,514.5228620774453,0.0
2021-12-23,-1.8729166666666668,12,2021,25.47291666666667,2987.64095300128,0.0,1743.032258064516,7.275957614183426e-12,219.77846476937563,0.0,736.0847656995923,0.0,288.7454644677962,0.0
2021-12-24,-5.608333333333333,12,2021,29.208333333333336,3425.7566174104804,0.0,1743.032258064516,7.275957614183426e-12,219.77846476937563,0.0,736.0847656995923,0.0,726.8611288769964,0.0
2021-12-25,-0.6666666666666666,12,2021,24.266666666666666,2846.1635577458824,0.0,1743.032258064516,7.275957614183426e-12,219.77846476937563,0.0,736.0847656995923,0.0,147.26806921239836,0.0
2021-12-26,0.19791666666666666,12,2021,23.40208333333333,2744.7592070878686,0.0,1743.032258064516,7.275957614183426e-12,219.77846476937563,0.0,736.0847656995923,0.0,45.863718554384604,0.0
2021-12-27,-4.8812500000000005,12,2021,28.481250000000003,3340.4792237245847,0.0,1743.032258064516,7.275957614183426e-12,219.77846476937563,0.0,736.0847656995923,0.0,641.5837351911007,0.0
2021-12-28,-9.856250000000001,12,2021,33.456250000000004,3923.9818487157563,0.0,1743.032258064516,7.275957614183426e-12,219.77846476937563,0.0,736.0847656995923,0.0,1225.0863601822723,0.0
2021-12-29,-5.41875,12,2021,29.018749999999997,3403.5209646155904,0.0,1743.032258064516,7.275957614183426e-12,219.77846476937563,0.0,736.0847656995923,0.0,704.6254760821064,0.0
2021-12-30,-2.985416666666667,12,2021,26.585416666666667,3118.1226957756876,0.0,1743.032258064516,7.275957614183426e-12,219.77846476937563,0.0,736.0847656995923,0.0,419.2272072422036,0.0
2021-12-31,1.5979166666666667,12,2021,22.00208333333333,2580.55746337176,0.0,1743.032258064516,7.275957614183426e-12,219.77846476937563,0.0,617.7467405378684,0.0,0.0,0.0
2022-01-01,-1.9104166666666667,1,2022,25.510416666666664,3264.3052057094874,0.0,1889.5483870967741,1.4551915228366852e-11,212.06451612903226,0.0,1162.692302483681,0.0,0.0,0.0
2022-01-02,0.49166666666666664,1,2022,23.108333333333334,2956.935348446684,0.0,1889.5483870967741,1.4551915228366852e-11,212.06451612903226,0.0,855.3224452208779,0.0,0.0,0.0
2022-01-03,0.4291666666666667,1,2022,23.170833333333334,2964.9328295549963,0.0,1889.5483870967741,1.4551915228366852e-11,212.06451612903226,0.0,863.3199263291899,0.0,0.0,0.0
2022-01-04,-6.808333333333334,1,2022,30.40833333333333,3891.0411418975655,0.0,1889.5483870967741,1.4551915228366852e-11,212.06451612903226,0.0,1203.7072059261661,0.0,585.7210327455931,0.0
2022-01-05,-3.654166666666667,1,2022,27.25416666666667,3487.4349286314027,0.0,1889.5483870967741,1.4551915228366852e-11,212.06451612903226,0.0,1203.7072059261661,0.0,182.11481947943037,0.0
2022-01-06,-5.614583333333333,1,2022,29.21458333333333,3738.2892527287986,0.0,1889.5483870967741,1.4551915228366852e-11,212.06451612903226,0.0,1203.7072059261661,0.0,432.96914357682624,0.0
2022-01-07,-7.3187500000000005,1,2022,30.918750000000003,3956.3539042821167,0.0,1889.5483870967741,1.4551915228366852e-11,212.06451612903226,0.0,1203.7072059261661,0.0,651.0337951301444,0.0
2022-01-08,-4.770833333333333,1,2022,28.37083333333333,3630.323257766582,0.0,1889.5483870967741,1.4551915228366852e-11,212.06451612903226,0.0,1203.7072059261661,0.0,325.0031486146098,0.0
2022-01-09,-3.2270833333333333,1,2022,26.827083333333334,3432.785474391268,0.0,1889.5483870967741,1.4551915228366852e-11,212.06451612903226,0.0,1203.7072059261661,0.0,127.46536523929568,0.0
2022-01-10,-4.59375,1,2022,28.19375,3607.663727959698,0.0,1889.5483870967741,1.4551915228366852e-11,212.06451612903226,0.0,1203.7072059261661,0.0,302.34361880772565,0.0
2022-01-11,1.0604166666666666,1,2022,22.539583333333333,2884.158270361041,0.0,1889.5483870967741,1.4551915228366852e-11,212.06451612903226,0.0,782.5453671352348,0.0,0.0,0.0
2022-01-12,4.904166666666667,1,2022,18.695833333333333,2392.313182199832,0.0,1889.5483870967741,1.4551915228366852e-11,212.06451612903226,0.0,290.7002789740258,0.0,0.0,0.0
2022-01-13,5.7562500000000005,1,2022,17.84375,2283.280856423174,0.0,1889.5483870967741,1.4551915228366852e-11,212.06451612903226,0.0,181.6679531973677,0.0,0.0,0.0
2022-01-14,2.0124999999999997,1,2022,21.5875,2762.329974811083,0.0,1889.5483870967741,1.4551915228366852e-11,212.06451612903226,0.0,660.7170715852767,0.0,0.0,0.0
2022-01-15,1.5833333333333333,1,2022,22.016666666666666,2817.246011754828,0.0,1889.5483870967741,1.4551915228366852e-11,212.06451612903226,0.0,715.6331085290217,0.0,0.0,0.0
2022-01-16,1.5562500000000001,1,2022,22.04375,2820.711586901763,0.0,1889.5483870967741,1.4551915228366852e-11,212.06451612903226,0.0,719.0986836759566,0.0,0.0,0.0
2022-01-17,1.4937500000000001,1,2022,22.10625,2828.7090680100755,0.0,1889.5483870967741,1.4551915228366852e-11,212.06451612903226,0.0,727.0961647842691,0.0,0.0,0.0
2022-01-18,4.904166666666667,1,2022,18.695833333333333,2392.313182199832,0.0,1889.5483870967741,1.4551915228366852e-11,212.06451612903226,0.0,290.7002789740258,0.0,0.0,0.0
2022-01-19,2.0479166666666666,1,2022,21.552083333333336,2757.7980688497064,0.0,1889.5483870967741,1.4551915228366852e-11,212.06451612903226,0.0,656.1851656239,0.0,0.0,0.0
2022-01-20,-1.3208333333333333,1,2022,24.920833333333334,3188.8623005877416,0.0,1889.5483870967741,1.4551915228366852e-11,212.06451612903226,0.0,1087.2493973619353,0.0,0.0,0.0
2022-01-21,1.1833333333333333,1,2022,22.416666666666664,2868.4298908480264,0.0,1889.5483870967741,1.4551915228366852e-11,212.06451612903226,0.0,766.81698762222,0.0,0.0,0.0
2022-01-22,4.204166666666667,1,2022,19.395833333333336,2481.8849706129304,0.0,1889.5483870967741,1.4551915228366852e-11,212.06451612903226,0.0,380.27206738712397,0.0,0.0,0.0
2022-01-23,4.916666666666667,1,2022,18.68333333333333,2390.7136859781695,0.0,1889.5483870967741,1.4551915228366852e-11,212.06451612903226,0.0,289.10078275236305,0.0,0.0,0.0
2022-01-24,3.233333333333333,1,2022,20.366666666666667,2606.112510495382,0.0,1889.5483870967741,1.4551915228366852e-11,212.06451612903226,0.0,504.49960726957573,0.0,0.0,0.0
2022-01-25,1.0520833333333333,1,2022,22.547916666666666,2885.224601175483,0.0,1889.5483870967741,1.4551915228366852e-11,212.06451612903226,0.0,783.6116979496765,0.0,0.0,0.0
2022-01-26,2.3333333333333335,1,2022,21.266666666666666,2721.2762384550797,0.0,1889.5483870967741,1.4551915228366852e-11,212.06451612903226,0.0,619.6633352292733,0.0,0.0,0.0
2022-01-27,1.7625,1,2022,21.8375,2794.319899244332,0.0,1889.5483870967741,1.4551915228366852e-11,212.06451612903226,0.0,692.7069960185258,0.0,0.0,0.0
2022-01-28,1.2916666666666667,1,2022,22.308333333333334,2854.5675902602857,0.0,1889.5483870967741,1.4551915228366852e-11,212.06451612903226,0.0,752.9546870344793,0.0,0.0,0.0
2022-01-29,1.9041666666666668,1,2022,21.695833333333333,2776.1922753988247,0.0,1889.5483870967741,1.4551915228366852e-11,212.06451612903226,0.0,674.5793721730183,0.0,0.0,0.0
2022-01-30,0.9770833333333333,1,2022,22.62291666666667,2894.821578505458,0.0,1889.5483870967741,1.4551915228366852e-11,212.06451612903226,0.0,793.2086752796517,0.0,0.0,0.0
2022-01-31,-2.8041666666666667,1,2022,26.40416666666667,3378.669185558355,0.0,1889.5483870967741,1.4551915228366852e-11,212.06451612903226,0.0,1203.7072059261661,0.0,73.34907640638255,0.0
2022-02-01,-3.247916666666667,2,2022,26.84791666666667,3410.2729927969085,0.0,1916.0,0.0,181.75,0.0,974.5380659049462,0.0,337.98492689196235,0.0
2022-02-02,-3.875,2,2022,27.475,3489.9263000702745,0.0,1916.0,0.0,181.75,0.0,974.5380659049462,0.0,417.63823416532824,0.0
2022-02-03,-3.0083333333333333,2,2022,26.608333333333334,3379.8406660977817,0.0,1916.0,0.0,181.75,0.0,974.5380659049462,0.0,307.5526001928355,0.0
2022-02-04,1.20625,2,2022,22.393749999999997,2844.496345120972,0.0,1916.0,0.0,181.75,0.0,746.7463451209719,0.0,0.0,0.0
2022-02-05,0.94375,2,2022,22.65625,2877.8395900261016,0.0,1916.0,0.0,181.75,0.0,780.0895900261016,0.0,0.0,0.0
2022-02-06,0.3541666666666667,2,2022,23.24583333333333,2952.7295765987346,0.0,1916.0,0.0,181.75,0.0,854.9795765987346,0.0,0.0,0.0
2022-02-07,1.5,2,2022,22.1,2807.1836662985647,0.0,1916.0,0.0,181.75,0.0,709.4336662985647,0.0,0.0,0.0
2022-02-08,1.8791666666666667,2,2022,21.72083333333333,2759.021201435599,0.0,1916.0,0.0,181.75,0.0,661.2712014355989,0.0,0.0,0.0
2022-02-09,1.4083333333333332,2,2022,22.191666666666666,2818.827339122578,0.0,1916.0,0.0,181.75,0.0,721.077339122578,0.0,0.0,0.0
2022-02-10,0.6375000000000001,2,2022,22.9625,2916.7400424154202,0.0,1916.0,0.0,181.75,0.0,818.9900424154202,0.0,0.0,0.0
2022-02-11,-1.1270833333333334,2,2022,24.727083333333333,3140.8807442776833,0.0,1916.0,0.0,181.75,0.0,974.5380659049462,0.0,68.59267837273717,0.0
2022-02-12,1.2625,2,2022,22.3375,2837.3513640698725,0.0,1916.0,0.0,181.75,0.0,739.6013640698725,0.0,0.0,0.0
2022-02-13,2.091666666666667,2,2022,21.508333333333333,2732.0290507981126,0.0,1916.0,0.0,181.75,0.0,634.2790507981126,0.0,0.0,0.0
2022-02-14,-0.9979166666666667,2,2022,24.597916666666663,3124.473750752936,0.0,1916.0,0.0,181.75,0.0,974.5380659049462,0.0,52.185684847990046,0.0
2022-02-15,-2.38125,2,2022,25.981250000000003,3300.187358824416,0.0,1916.0,0.0,181.75,0.0,974.5380659049462,0.0,227.89929291946999,0.0
2022-02-16,-1.1958333333333333,2,2022,24.795833333333334,3149.6134988956937,0.0,1916.0,0.0,181.75,0.0,974.5380659049462,0.0,77.32543299074757,0.0
2022-02-17,-2.285416666666667,2,2022,25.885416666666664,3288.0144281447647,0.0,1916.0,0.0,181.75,0.0,974.5380659049462,0.0,215.7263622398185,0.0
2022-02-18,0.08750000000000002,2,2022,23.512500000000003,2986.6020793595026,0.0,1916.0,0.0,181.75,0.0,888.8520793595026,0.0,0.0,0.0
2022-02-19,-1.914583333333333,2,2022,25.514583333333334,3240.9104789930734,0.0,1916.0,0.0,181.75,0.0,974.5380659049462,0.0,168.62241308812725,0.0
2022-02-20,-1.0166666666666666,2,2022,24.616666666666667,3126.855411103303,0.0,1916.0,0.0,181.75,0.0,974.5380659049462,0.0,54.567345198356975,0.0
2022-02-21,-1.5125,2,2022,25.112499999999997,3189.8370959241042,0.0,1916.0,0.0,181.75,0.0,974.5380659049462,0.0,117.54903001915807,0.0
2022-02-22,-1.1645833333333333,2,2022,24.764583333333334,3145.6440649784163,0.0,1916.0,0.0,181.75,0.0,974.5380659049462,0.0,73.35599907347012,0.0
2022-02-23,1.0166666666666666,2,2022,22.583333333333336,2868.5775775524553,0.0,1916.0,0.0,181.75,0.0,770.8275775524553,0.0,0.0,0.0
2022-02-24,1.5958333333333332,2,2022,22.004166666666666,2795.0107356189137,0.0,1916.0,0.0,181.75,0.0,697.2607356189137,0.0,0.0,0.0
2022-02-25,1.0104166666666667,2,2022,22.589583333333334,2869.3714643359103,0.0,1916.0,0.0,181.75,0.0,771.6214643359103,0.0,0.0,0.0
2022-02-26,1.1395833333333334,2,2022,22.460416666666667,2852.9644708111637,0.0,1916.0,0.0,181.75,0.0,755.2144708111637,0.0,0.0,0.0
2022-02-27,3.4625,2,2022,20.1375,2557.903216293545,0.0,1916.0,0.0,181.75,0.0,460.15321629354503,0.0,0.0,0.0
2022-02-28,0.8645833333333334,2,2022,22.735416666666666,2887.895489283205,0.0,1916.0,0.0,181.75,0.0,790.1454892832048,0.0,0.0,0.0
2022-03-01,3.454166666666667,3,2022,20.145833333333332,2136.5047432810256,0.0,1816.5047428352016,4.440892098500626e-16,29.75862068965517,3.410605131648481e-13,290.24137975616884,0.0,0.0,0.0
2022-03-02,2.8562499999999997,3,2022,20.74375,2199.9149667889524,0.0,1816.5047428352016,4.440892098500626e-16,29.75862068965517,3.410605131648481e-13,353.65160326409557,0.0,0.0,0.0
2022-03-03,1.4354166666666668,3,2022,22.164583333333333,2350.5971006997756,0.0,1816.5047428352016,4.440892098500626e-16,29.75862068965517,3.410605131648481e-13,504.3337371749188,0.0,0.0,0.0
2022-03-04,-2.3604166666666666,3,2022,25.960416666666667,2753.1525962797164,0.0,1816.5047428352016,4.440892098500626e-16,29.75862068965517,3.410605131648481e-13,860.8892327548456,0.0,46.00000000001401,0.0
2022-03-05,-1.2708333333333333,3,2022,24.87083333333333,2637.600168075375,0.0,1816.5047428352016,4.440892098500626e-16,29.75862068965517,3.410605131648481e-13,791.3368045505184,0.0,0.0,0.0
2022-03-06,2.5520833333333335,3,2022,21.047916666666666,2232.1724324062257,0.0,1816.5047428352016,4.440892098500626e-16,29.75862068965517,3.410605131648481e-13,385.90906888136885,0.0,0.0,0.0
2022-03-07,3.6875,3,2022,19.9125,2111.7592902047613,0.0,1816.5047428352016,4.440892098500626e-16,29.75862068965517,3.410605131648481e-13,265.4959266799045,0.0,0.0,0.0
2022-03-08,1.5125,3,2022,22.0875,2342.4222635227957,0.0,1816.5047428352016,4.440892098500626e-16,29.75862068965517,3.410605131648481e-13,496.1588999979388,0.0,0.0,0.0
2022-03-09,2.18125,3,2022,21.41875,2271.5000274738595,0.0,1816.5047428352016,4.440892098500626e-16,29.75862068965517,3.410605131648481e-13,425.2366639490027,0.0,0.0,0.0
2022-03-10,4.34375,3,2022,19.25625,2042.1627034277685,0.0,1816.5047428352016,4.440892098500626e-16,29.75862068965517,3.410605131648481e-13,195.89933990291166,0.0,0.0,0.0
2022-03-11,3.733333333333333,3,2022,19.866666666666667,2106.898576207638,0.0,1816.5047428352016,4.440892098500626e-16,29.75862068965517,3.410605131648481e-13,260.63521268278134,0.0,0.0,0.0
2022-03-12,4.3374999999999995,3,2022,19.262500000000003,2042.82552806374,0.0,1816.5047428352016,4.440892098500626e-16,29.75862068965517,3.410605131648481e-13,196.5621645388831,0.0,0.0,0.0
2022-03-13,4.59375,3,2022,19.00625,2015.649717988914,0.0,1816.5047428352016,4.440892098500626e-16,29.75862068965517,3.410605131648481e-13,169.3863544640572,0.0,0.0,0.0
2022-03-14,3.3562499999999997,3,2022,20.24375,2146.8889959112435,0.0,1816.5047428352016,4.440892098500626e-16,29.75862068965517,3.410605131648481e-13,300.62563238638666,0.0,0.0,0.0
2022-03-15,1.3,3,2022,22.299999999999997,2364.9583011458217,0.0,1816.5047428352016,4.440892098500626e-16,29.75862068965517,3.410605131648481e-13,518.6949376209649,0.0,0.0,0.0
2022-03-16,2.9,3,2022,20.7,2195.2751943371527,0.0,1816.5047428352016,4.440892098500626e-16,29.75862068965517,3.410605131648481e-13,349.0118308122959,0.0,0.0,0.0
2022-03-17,5.197916666666667,3,2022,18.40208333333333,1951.576669845015,0.0,1816.5047428352016,4.440892098500626e-16,29.75862068965517,3.410605131648481e-13,105.31330632015812,0.0,0.0,0.0
2022-03-18,4.66875,3,2022,18.93125,2007.6958223572572,0.0,1816.5047428352016,4.440892098500626e-16,29.75862068965517,3.410605131648481e-13,161.4324588324003,0.0,0.0,0.0
2022-03-19,8.208333333333334,3,2022,15.391666666666666,1632.316136852142,0.0,1632.316136852142,4.440892098500626e-16,0.0,3.410605131648481e-13,0.0,0.0,0.0,0.0
2022-03-20,2.24375,3,2022,21.35625,2264.871781114146,0.0,1816.5047428352016,4.440892098500626e-16,29.75862068965517,3.410605131648481e-13,418.60841758928916,0.0,0.0,0.0
2022-03-21,1.3125,3,2022,22.2875,2363.6326518738792,0.0,1816.5047428352016,4.440892098500626e-16,29.75862068965517,3.410605131648481e-13,517.3692883490224,0.0,0.0,0.0
2022-03-22,1.1854166666666666,3,2022,22.414583333333333,2377.1100861386303,0.0,1816.5047428352016,4.440892098500626e-16,29.75862068965517,3.410605131648481e-13,530.8467226137735,0.0,0.0,0.0
2022-03-23,4.714583333333334,3,2022,18.885416666666664,2002.8351083601337,0.0,1816.5047428352016,4.440892098500626e-16,29.75862068965517,3.410605131648481e-13,156.5717448352769,0.0,0.0,0.0
2022-03-24,6.504166666666666,3,2022,17.09583333333333,1813.0463209270004,0.0,1813.0463209270004,4.440892098500626e-16,0.0,3.410605131648481e-13,0.0,0.0,0.0,0.0
2022-03-25,5.504166666666666,3,2022,18.09583333333333,1919.0982626824184,0.0,1816.5047428352016,4.440892098500626e-16,29.75862068965517,3.410605131648481e-13,72.83489915756158,0.0,0.0,0.0
2022-03-26,2.189583333333333,3,2022,21.410416666666666,2270.6162612925646,0.0,1816.5047428352016,4.440892098500626e-16,29.75862068965517,3.410605131648481e-13,424.35289776770776,0.0,0.0,0.0
2022-03-27,5.4750000000000005,3,2022,18.125,1922.1914443169514,0.0,1816.5047428352016,4.440892098500626e-16,29.75862068965517,3.410605131648481e-13,75.92808079209462,0.0,0.0,0.0
2022-03-28,2.4604166666666667,3,2022,21.139583333333334,2241.893860400472,0.0,1816.5047428352016,4.440892098500626e-16,29.75862068965517,3.410605131648481e-13,395.6304968756152,0.0,0.0,0.0
2022-03-29,-0.5895833333333333,3,2022,24.18958333333333,2565.3522827544966,0.0,1816.5047428352016,4.440892098500626e-16,29.75862068965517,3.410605131648481e-13,719.0889192296398,0.0,0.0,0.0
2022-03-30,-0.7520833333333333,3,2022,24.352083333333333,2582.5857232897524,0.0,1816.5047428352016,4.440892098500626e-16,29.75862068965517,3.410605131648481e-13,736.3223597648956,0.0,0.0,0.0
2022-03-31,0.1125,3,2022,23.487499999999997,2490.89498198038,0.0,1816.5047428352016,4.440892098500626e-16,29.75862068965517,3.410605131648481e-13,644.6316184555234,0.0,0.0,0.0
2022-04-01,-0.9270833333333334,4,2022,24.52708333333333,2377.7467130717205,0.0,1677.6731310180382,1.1368683772161603e-13,21.26086956521739,1.1368683772161603e-13,509.6843457508927,0.0,169.12836673757226,0.0
2022-04-02,0.6270833333333333,4,2022,22.972916666666663,2227.080014018675,0.0,1677.6731310180382,1.1368683772161603e-13,21.26086956521739,1.1368683772161603e-13,509.6843457508927,0.0,18.46166768452656,0.0
2022-04-03,0.4895833333333333,4,2022,23.110416666666666,2240.4097755970947,0.0,1677.6731310180382,1.1368683772161603e-13,21.26086956521739,1.1368683772161603e-13,509.6843457508927,0.0,31.791429262946508,0.0
2022-04-04,-0.25416666666666665,4,2022,23.854166666666664,2312.511667771273,0.0,1677.6731310180382,1.1368683772161603e-13,21.26086956521739,1.1368683772161603e-13,509.6843457508927,0.0,103.89332143712488,0.0
2022-04-05,-0.5583333333333333,4,2022,24.15833333333333,2341.9987161114136,0.0,1677.6731310180382,1.1368683772161603e-13,21.26086956521739,1.1368683772161603e-13,509.6843457508927,0.0,133.3803697772654,0.0
2022-04-06,0.39791666666666664,4,2022,23.202083333333334,2249.2962833160414,0.0,1677.6731310180382,1.1368683772161603e-13,21.26086956521739,1.1368683772161603e-13,509.6843457508927,0.0,40.67793698189314,0.0
2022-04-07,-0.5208333333333334,4,2022,24.12083333333333,2338.363326590026,0.0,1677.6731310180382,1.1368683772161603e-13,21.26086956521739,1.1368683772161603e-13,509.6843457508927,0.0,129.74498025587798,0.0
2022-04-08,-0.7083333333333334,4,2022,24.30833333333333,2356.540274196962,0.0,1677.6731310180382,1.1368683772161603e-13,21.26086956521739,1.1368683772161603e-13,509.6843457508927,0.0,147.92192786281373,0.0
2022-04-09,2.3041666666666667,4,2022,21.295833333333334,2064.497315978861,0.0,1677.6731310180382,1.1368683772161603e-13,21.26086956521739,1.1368683772161603e-13,365.5633153956055,0.0,0.0,0.0
2022-04-10,3.595833333333333,4,2022,20.004166666666666,1939.2783435755257,0.0,1677.6731310180382,1.1368683772161603e-13,21.26086956521739,1.1368683772161603e-13,240.34434299227019,0.0,0.0,0.0
2022-04-11,3.033333333333333,4,2022,20.566666666666666,1993.809186396333,0.0,1677.6731310180382,1.1368683772161603e-13,21.26086956521739,1.1368683772161603e-13,294.87518581307745,0.0,0.0,0.0
2022-04-12,3.954166666666667,4,2022,19.645833333333332,1904.5401770378257,0.0,1677.6731310180382,1.1368683772161603e-13,21.26086956521739,1.1368683772161603e-13,205.60617645457023,0.0,0.0,0.0
2022-04-13,3.422916666666667,4,2022,20.177083333333332,1956.0415285908107,0.0,1677.6731310180382,1.1368683772161603e-13,21.26086956521739,1.1368683772161603e-13,257.1075280075552,0.0,0.0,0.0
2022-04-14,3.5395833333333333,4,2022,20.06041666666667,1944.7314278576064,0.0,1677.6731310180382,1.1368683772161603e-13,21.26086956521739,1.1368683772161603e-13,245.79742727435087,0.0,0.0,0.0
2022-04-15,3.4499999999999997,4,2022,20.15,1953.4159694920309,0.0,1677.6731310180382,1.1368683772161603e-13,21.26086956521739,1.1368683772161603e-13,254.48196890877534,0.0,0.0,0.0
2022-04-16,6.585416666666667,4,2022,17.014583333333334,1649.4570122871608,0.0,1649.4570122871608,1.1368683772161603e-13,0.0,1.1368683772161603e-13,0.0,0.0,0.0,0.0
2022-04-17,5.833333333333333,4,2022,17.766666666666666,1722.3667687994252,0.0,1677.6731310180382,1.1368683772161603e-13,21.26086956521739,1.1368683772161603e-13,23.432768216169706,0.0,0.0,0.0
2022-04-18,7.889583333333333,4,2022,15.710416666666665,1523.0262433766964,0.0,1523.0262433766964,1.1368683772161603e-13,0.0,1.1368683772161603e-13,0.0,0.0,0.0,0.0
2022-04-19,7.883333333333333,4,2022,15.716666666666667,1523.6321416302608,0.0,1523.6321416302608,1.1368683772161603e-13,0.0,1.1368683772161603e-13,0.0,0.0,0.0,0.0
2022-04-20,7.660416666666666,4,2022,15.939583333333333,1545.2425126740623,0.0,1545.2425126740623,1.1368683772161603e-13,0.0,1.1368683772161603e-13,0.0,0.0,0.0,0.0
2022-04-21,7.7250000000000005,4,2022,15.874999999999998,1538.9815640538955,0.0,1538.9815640538955,1.1368683772161603e-13,0.0,1.1368683772161603e-13,0.0,0.0,0.0,0.0
2022-04-22,5.512499999999999,4,2022,18.0875,1753.4695458157375,0.0,1677.6731310180382,1.1368683772161603e-13,21.26086956521739,1.1368683772161603e-13,54.53554523248201,0.0,0.0,0.0
2022-04-23,7.175,4,2022,16.424999999999997,1592.3006103675734,0.0,1592.3006103675734,1.1368683772161603e-13,0.0,1.1368683772161603e-13,0.0,0.0,0.0,0.0
2022-04-24,7.622916666666666,4,2022,15.977083333333335,1548.8779021954495,0.0,1548.8779021954495,1.1368683772161603e-13,0.0,1.1368683772161603e-13,0.0,0.0,0.0,0.0
2022-04-25,4.89375,4,2022,18.706249999999997,1813.4534729186255,0.0,1677.6731310180382,1.1368683772161603e-13,21.26086956521739,1.1368683772161603e-13,114.51947233536997,0.0,0.0,0.0
2022-04-26,2.8937500000000003,4,2022,20.706249999999997,2007.3409140592735,0.0,1677.6731310180382,1.1368683772161603e-13,21.26086956521739,1.1368683772161603e-13,308.40691347601796,0.0,0.0,0.0
2022-04-27,2.3520833333333333,4,2022,21.24791666666667,2059.8520960348665,0.0,1677.6731310180382,1.1368683772161603e-13,21.26086956521739,1.1368683772161603e-13,360.91809545161095,0.0,0.0,0.0
2022-04-28,3.8520833333333333,4,2022,19.74791666666667,1914.4365151793802,0.0,1677.6731310180382,1.1368683772161603e-13,21.26086956521739,1.1368683772161603e-13,215.50251459612468,0.0,0.0,0.0
2022-04-29,3.71875,4,2022,19.88125,1927.3623445887567,0.0,1677.6731310180382,1.1368683772161603e-13,21.26086956521739,1.1368683772161603e-13,228.42834400550123,0.0,0.0,0.0
2022-04-30,4.166666666666667,4,2022,19.43333333333333,1883.9396364166319,0.0,1677.6731310180382,1.1368683772161603e-13,21.26086956521739,1.1368683772161603e-13,185.00563583337635,0.0,0.0,0.0
2022-05-01,6.854166666666667,5,2022,16.74583333333333,1507.4510293481392,0.0,1427.239579982139,-2.7755575615628914e-17,35.05111171817795,1.7763568394002505e-15,45.16033764782229,0.0,0.0,0.0
2022-05-02,5.1875,5,2022,18.4125,1657.4834781511393,0.0,1427.239579982139,-2.7755575615628914e-17,35.05111171817795,1.7763568394002505e-15,195.19278645082235,0.0,0.0,0.0
2022-05-03,2.4541666666666666,5,2022,21.145833333333336,1903.5366941880588,0.0,1427.239579982139,-2.7755575615628914e-17,35.05111171817795,1.7763568394002505e-15,404.2460024877417,0.0,37.00000000000023,0.0
2022-05-04,3.497916666666667,5,2022,20.102083333333333,1809.57887312518,0.0,1427.239579982139,-2.7755575615628914e-17,35.05111171817795,1.7763568394002505e-15,347.2881814248631,0.0,0.0,0.0
2022-05-05,6.395833333333333,5,2022,17.204166666666666,1548.709952768964,0.0,1427.239579982139,-2.7755575615628914e-17,35.05111171817795,1.7763568394002505e-15,86.41926106864716,0.0,0.0,0.0
2022-05-06,9.258333333333333,5,2022,14.341666666666667,1291.0292219498124,0.0,1291.0292219498124,-2.7755575615628914e-17,0.0,1.7763568394002505e-15,0.0,0.0,0.0,0.0
2022-05-07,4.479166666666667,5,2022,19.12083333333333,1721.2472688924136,0.0,1427.239579982139,-2.7755575615628914e-17,35.05111171817795,1.7763568394002505e-15,258.95657719209663,0.0,0.0,0.0
2022-05-08,4.622916666666667,5,2022,18.977083333333333,1708.3069701831553,0.0,1427.239579982139,-2.7755575615628914e-17,35.05111171817795,1.7763568394002505e-15,246.01627848283832,0.0,0.0,0.0
2022-05-09,8.410416666666666,5,2022,15.189583333333333,1367.3582302783386,0.0,1367.3582302783386,-2.7755575615628914e-17,0.0,1.7763568394002505e-15,0.0,0.0,0.0,0.0
2022-05-10,10.293750000000001,5,2022,13.306249999999999,1197.8215631309488,0.0,1197.8215631309488,-2.7755575615628914e-17,0.0,1.7763568394002505e-15,0.0,0.0,0.0,0.0
2022-05-11,8.852083333333333,5,2022,14.747916666666667,1327.5996313455437,0.0,1327.5996313455437,-2.7755575615628914e-17,0.0,1.7763568394002505e-15,0.0,0.0,0.0,0.0
2022-05-12,7.747916666666666,5,2022,15.852083333333335,1426.996128677531,0.0,1426.996128677531,-2.7755575615628914e-17,0.0,1.7763568394002505e-15,0.0,0.0,0.0,0.0
2022-05-13,8.145833333333334,5,2022,15.454166666666666,1391.1758815258145,0.0,1391.1758815258145,-2.7755575615628914e-17,0.0,1.7763568394002505e-15,0.0,0.0,0.0,0.0
2022-05-14,6.141666666666667,5,2022,17.458333333333336,1571.5899012114219,0.0,1427.239579982139,-2.7755575615628914e-17,35.05111171817795,1.7763568394002505e-15,109.29920951110498,0.0,0.0,0.0
2022-05-15,5.8125,5,2022,17.7875,1601.2213098500142,0.0,1427.239579982139,-2.7755575615628914e-17,35.05111171817795,1.7763568394002505e-15,138.93061814969732,0.0,0.0,0.0
2022-05-16,5.7375,5,2022,17.862499999999997,1607.972770046149,0.0,1427.239579982139,-2.7755575615628914e-17,35.05111171817795,1.7763568394002505e-15,145.68207834583208,0.0,0.0,0.0
2022-05-17,7.485416666666667,5,2022,16.114583333333336,1450.6262393640036,0.0,1427.239579982139,-2.7755575615628914e-17,23.386659381864654,1.7763568394002505e-15,0.0,0.0,0.0,0.0
2022-05-18,9.604166666666666,5,2022,13.995833333333334,1259.89748882319,0.0,1259.89748882319,-2.7755575615628914e-17,0.0,1.7763568394002505e-15,0.0,0.0,0.0,0.0
2022-05-19,12.61875,5,2022,10.98125,988.5262970507641,0.0,988.5262970507641,-2.7755575615628914e-17,0.0,1.7763568394002505e-15,0.0,0.0,0.0,0.0
2022-05-20,11.84375,5,2022,11.75625,1058.291385744159,0.0,1058.291385744159,-2.7755575615628914e-17,0.0,1.7763568394002505e-15,0.0,0.0,0.0,0.0
2022-05-21,12.260416666666666,5,2022,11.339583333333334,1020.7832735434092,0.0,1020.7832735434092,-2.7755575615628914e-17,0.0,1.7763568394002505e-15,0.0,0.0,0.0,0.0
2022-05-22,10.987499999999999,5,2022,12.6125,1135.3705563167002,0.0,1135.3705563167002,-2.7755575615628914e-17,0.0,1.7763568394002505e-15,0.0,0.0,0.0,0.0
2022-05-23,13.647916666666667,5,2022,9.952083333333333,895.8812599149119,0.0,895.8812599149119,-2.7755575615628914e-17,0.0,1.7763568394002505e-15,0.0,0.0,0.0,0.0
2022-05-24,14.625,5,2022,8.975,807.9247368041533,0.0,807.9247368041533,-2.7755575615628914e-17,0.0,1.7763568394002505e-15,0.0,0.0,0.0,0.0
2022-05-25,13.025,5,2022,10.575,951.9558876550329,0.0,951.9558876550329,-2.7755575615628914e-17,0.0,1.7763568394002505e-15,0.0,0.0,0.0,0.0
2022-05-26,10.31875,5,2022,13.28125,1195.5710763989039,0.0,1195.5710763989039,-2.7755575615628914e-17,0.0,1.7763568394002505e-15,0.0,0.0,0.0,0.0
2022-05-27,8.541666666666666,5,2022,15.058333333333334,1355.5431749351021,0.0,1355.5431749351021,-2.7755575615628914e-17,0.0,1.7763568394002505e-15,0.0,0.0,0.0,0.0
2022-05-28,7.220833333333334,5,2022,16.379166666666663,1474.4438906114792,0.0,1427.239579982139,-2.7755575615628914e-17,35.05111171817795,1.7763568394002505e-15,12.153198911162333,0.0,0.0,0.0
2022-05-29,7.104166666666667,5,2022,16.49583333333333,1484.946162027689,0.0,1427.239579982139,-2.7755575615628914e-17,35.05111171817795,1.7763568394002505e-15,22.655470327372182,0.0,0.0,0.0
2022-05-30,13.095833333333333,5,2022,10.504166666666666,945.5795085809056,0.0,945.5795085809056,-2.7755575615628914e-17,0.0,1.7763568394002505e-15,0.0,0.0,0.0,0.0
2022-05-31,13.0625,5,2022,10.5375,948.5801575569656,0.0,948.5801575569656,-2.7755575615628914e-17,0.0,1.7763568394002505e-15,0.0,0.0,0.0,0.0
2022-06-01,11.59375,6,2022,12.00625,994.2104236203476,0.0,851.0195593382784,-3.552713678800501e-15,13.714285714285714,0.0,129.47657856778332,0.0,0.0,5.7696070143720135e-12
2022-06-02,11.94375,6,2022,11.65625,965.2277147589529,0.0,851.0195593382784,-3.552713678800501e-15,13.714285714285714,0.0,100.49386970638864,0.0,0.0,5.7696070143720135e-12
2022-06-03,11.1,6,2022,12.5,1035.0967450498154,0.0,851.0195593382784,-3.552713678800501e-15,13.714285714285714,0.0,170.3628999972511,0.0,0.0,5.7696070143720135e-12
2022-06-04,9.825000000000001,6,2022,13.774999999999999,1140.6766130448964,0.0,851.0195593382784,-3.552713678800501e-15,13.714285714285714,0.0,207.96155485207197,0.0,67.9812131402602,5.7696070143720135e-12
2022-06-05,8.174999999999999,6,2022,15.425,1277.3093833914722,0.0,851.0195593382784,-3.552713678800501e-15,13.714285714285714,0.0,207.96155485207197,0.0,204.61398348683608,5.7696070143720135e-12
2022-06-06,9.654166666666667,6,2022,13.945833333333333,1154.822935227244,0.0,851.0195593382784,-3.552713678800501e-15,13.714285714285714,0.0,207.96155485207197,0.0,82.1275353226078,5.7696070143720135e-12
2022-06-07,10.835416666666667,6,2022,12.764583333333333,1057.0062928200364,0.0,851.0195593382784,-3.552713678800501e-15,13.714285714285714,0.0,192.27244776747213,0.0,0.0,5.7696070143720135e-12
2022-06-08,11.216666666666667,6,2022,12.383333333333333,1025.435842096017,0.0,851.0195593382784,-3.552713678800501e-15,13.714285714285714,0.0,160.7019970434528,0.0,0.0,5.7696070143720135e-12
2022-06-09,11.270833333333334,6,2022,12.329166666666666,1020.9504228674678,0.0,851.0195593382784,-3.552713678800501e-15,13.714285714285714,0.0,156.2165778149035,0.0,0.0,5.7696070143720135e-12
2022-06-10,12.745833333333332,6,2022,10.854166666666668,898.8090069515898,0.0,851.0195593382784,-3.552713678800501e-15,13.714285714285714,0.0,34.07516189902559,0.0,0.0,5.7696070143720135e-12
2022-06-11,13.56875,6,2022,10.03125,830.6651379024768,0.0,830.6651379024768,-3.552713678800501e-15,0.0,0.0,0.0,0.0,0.0,5.7696070143720135e-12
2022-06-12,13.004166666666668,6,2022,10.595833333333331,877.4170075538933,0.0,851.0195593382784,-3.552713678800501e-15,13.714285714285714,0.0,12.68316250132908,0.0,0.0,5.7696070143720135e-12
2022-06-13,10.970833333333333,6,2022,12.629166666666666,1045.7927447486634,0.0,851.0195593382784,-3.552713678800501e-15,13.714285714285714,0.0,181.05889969609913,0.0,0.0,5.7696070143720135e-12
2022-06-14,11.004166666666668,6,2022,12.595833333333331,1043.0324867618638,0.0,851.0195593382784,-3.552713678800501e-15,13.714285714285714,0.0,178.29864170929952,0.0,0.0,5.7696070143720135e-12
2022-06-15,11.572916666666666,6,2022,12.027083333333334,995.9355848620974,0.0,851.0195593382784,-3.552713678800501e-15,13.714285714285714,0.0,131.2017398095331,0.0,0.0,5.7696070143720135e-12
2022-06-16,12.110416666666666,6,2022,11.489583333333334,951.4264248249553,0.0,851.0195593382784,-3.552713678800501e-15,13.714285714285714,0.0,86.69257977239113,0.0,0.0,5.7696070143720135e-12
2022-06-17,14.620833333333332,6,2022,8.979166666666668,743.5444951941174,0.0,743.5444951941174,-3.552713678800501e-15,0.0,0.0,0.0,0.0,0.0,5.7696070143720135e-12
2022-06-18,11.108333333333334,6,2022,12.491666666666665,1034.4066805531154,0.0,851.0195593382784,-3.552713678800501e-15,13.714285714285714,0.0,169.67283550055114,0.0,0.0,5.7696070143720135e-12
2022-06-19,10.714583333333332,6,2022,12.885416666666668,1067.012228022185,0.0,851.0195593382784,-3.552713678800501e-15,13.714285714285714,0.0,202.27838296962065,0.0,0.0,5.7696070143720135e-12
2022-06-20,12.143749999999999,6,2022,11.45625,948.6661668381558,0.0,851.0195593382784,-3.552713678800501e-15,13.714285714285714,0.0,83.93232178559163,0.0,0.0,5.7696070143720135e-12
2022-06-21,10.385416666666666,6,2022,13.214583333333334,1094.26977564183,0.0,851.0195593382784,-3.552713678800501e-15,13.714285714285714,0.0,207.96155485207197,0.0,21.574375737193712,5.7696070143720135e-12
2022-06-22,10.577083333333333,6,2022,13.022916666666667,1078.3982922177327,0.0,851.0195593382784,-3.552713678800501e-15,13.714285714285714,0.0,207.96155485207197,0.0,5.702892313096433,5.7696070143720135e-12
2022-06-23,12.55625,6,2022,11.04375,914.5079742515118,0.0,851.0195593382784,-3.552713678800501e-15,13.714285714285714,0.0,49.774129198947534,0.0,0.0,5.7696070143720135e-12
2022-06-24,17.227083333333333,6,2022,6.6,546.5310813863025,0.0,546.5310813863025,-3.552713678800501e-15,0.0,0.0,0.0,0.0,0.0,5.7696070143720135e-12
2022-06-25,20.597916666666666,6,2022,6.6,546.5310813863025,0.0,546.5310813863025,-3.552713678800501e-15,0.0,0.0,0.0,0.0,0.0,5.7696070143720135e-12
2022-06-26,20.879166666666666,6,2022,6.6,546.5310813863025,0.0,546.5310813863025,-3.552713678800501e-15,0.0,0.0,0.0,0.0,0.0,5.7696070143720135e-12
2022-06-27,18.641666666666666,6,2022,6.6,546.5310813863025,0.0,546.5310813863025,-3.552713678800501e-15,0.0,0.0,0.0,0.0,0.0,5.7696070143720135e-12
2022-06-28,13.364583333333334,6,2022,10.235416666666666,847.5717180716238,0.0,847.5717180716238,-3.552713678800501e-15,0.0,0.0,0.0,0.0,0.0,5.7696070143720135e-12
2022-06-29,14.879166666666668,6,2022,8.720833333333331,722.152495796421,0.0,722.152495796421,-3.552713678800501e-15,0.0,0.0,0.0,0.0,0.0,5.7696070143720135e-12
2022-06-30,19.185416666666665,6,2022,6.6,546.5310813863025,0.0,546.5310813863025,-3.552713678800501e-15,0.0,0.0,0.0,0.0,0.0,5.7696070143720135e-12
2022-07-01,21.433333333333334,7,2022,6.6,574.2291137548455,0.0,574.2291137548455,0.0,0.0,0.0,0.0,0.0,0.0,0.0
2022-07-02,16.460416666666667,7,2022,7.1395833333333325,621.1752439513432,0.0,621.1752439513432,0.0,0.0,0.0,0.0,0.0,0.0,0.0
2022-07-03,15.341666666666667,7,2022,8.258333333333333,718.5114289533483,0.0,718.5114289533483,0.0,0.0,0.0,0.0,0.0,0.0,0.0
2022-07-04,14.65,7,2022,8.95,778.6894800160405,0.0,778.6894800160405,0.0,0.0,0.0,0.0,0.0,0.0,0.0
2022-07-05,11.950000000000001,7,2022,11.649999999999999,1013.6013901884772,0.0,1013.6013901884772,0.0,0.0,0.0,0.0,0.0,0.0,0.0
2022-07-06,11.4125,7,2022,12.1875,1060.3662611950272,0.0,1060.3662611950272,0.0,0.0,0.0,0.0,0.0,0.0,0.0
2022-07-07,10.335416666666667,7,2022,13.264583333333333,1154.077262398075,0.0,1143.1391525197162,0.0,10.938109878358773,0.0,0.0,0.0,0.0,0.0
2022-07-08,11.864583333333334,7,2022,11.735416666666666,1021.0330169763398,0.0,1021.0330169763398,0.0,0.0,0.0,0.0,0.0,0.0,0.0
2022-07-09,9.910416666666666,7,2022,13.689583333333333,1191.0541371474399,0.0,1143.1391525197162,0.0,47.9149846277237,0.0,0.0,0.0,0.0,0.0
2022-07-10,11.266666666666666,7,2022,12.333333333333334,1073.054404491378,0.0,1073.054404491378,0.0,0.0,0.0,0.0,0.0,0.0,0.0
2022-07-11,12.225,7,2022,11.375,989.6751771153587,0.0,989.6751771153587,0.0,0.0,0.0,0.0,0.0,0.0,0.0
2022-07-12,17.170833333333334,7,2022,6.6,574.2291137548455,0.0,574.2291137548455,0.0,0.0,0.0,0.0,0.0,0.0,0.0
2022-07-13,12.470833333333333,7,2022,11.129166666666666,968.2865927015102,0.0,968.2865927015102,0.0,0.0,0.0,0.0,0.0,0.0,0.0
2022-07-14,9.862499999999999,7,2022,13.7375,1195.2230985162412,0.0,1143.1391525197162,0.0,52.08394599652502,0.0,0.0,0.0,0.0,0.0
2022-07-15,9.96875,7,2022,13.63125,1185.9788798288998,0.0,1143.1391525197162,0.0,42.83972730918367,0.0,0.0,0.0,0.0,0.0
2022-07-16,9.495833333333334,7,2022,14.104166666666666,1227.1247159470659,0.0,1143.1391525197162,0.0,52.98556342734764,0.0,16.0,0.0,15.000000000002046,0.0
2022-07-17,11.066666666666668,7,2022,12.533333333333331,1090.4552867263733,0.0,1090.4552867263733,0.0,0.0,0.0,0.0,0.0,0.0,0.0
2022-07-18,12.145833333333334,7,2022,11.454166666666666,996.5630263333777,0.0,996.5630263333777,0.0,0.0,0.0,0.0,0.0,0.0,0.0
2022-07-19,13.683333333333332,7,2022,9.916666666666668,862.7937441518513,0.0,862.7937441518513,0.0,0.0,0.0,0.0,0.0,0.0,0.0
2022-07-20,16.902083333333334,7,2022,6.697916666666666,582.7482956823952,0.0,582.7482956823952,0.0,0.0,0.0,0.0,0.0,0.0,0.0
2022-07-21,13.69375,7,2022,9.90625,861.8874482021118,0.0,861.8874482021118,0.0,0.0,0.0,0.0,0.0,0.0,0.0
2022-07-22,12.383333333333333,7,2022,11.216666666666667,975.8994786793207,0.0,975.8994786793207,0.0,0.0,0.0,0.0,0.0,0.0,0.0
2022-07-23,12.952083333333334,7,2022,10.647916666666665,926.4157198235528,0.0,926.4157198235528,0.0,0.0,0.0,0.0,0.0,0.0,0.0
2022-07-24,14.456249999999999,7,2022,9.14375,795.5465846811923,0.0,795.5465846811923,0.0,0.0,0.0,0.0,0.0,0.0,0.0
2022-07-25,17.095833333333335,7,2022,6.6,574.2291137548455,0.0,574.2291137548455,0.0,0.0,0.0,0.0,0.0,0.0,0.0
2022-07-26,13.44375,7,2022,10.15625,883.638550995856,0.0,883.638550995856,0.0,0.0,0.0,0.0,0.0,0.0,0.0
2022-07-27,10.435416666666667,7,2022,13.164583333333333,1145.3768212805774,0.0,1143.1391525197162,0.0,2.2376687608611974,0.0,0.0,0.0,0.0,0.0
2022-07-28,11.245833333333332,7,2022,12.354166666666668,1074.866996390857,0.0,1074.866996390857,0.0,0.0,0.0,0.0,0.0,0.0,0.0
2022-07-29,13.995833333333332,7,2022,9.604166666666668,835.6048656596712,0.0,835.6048656596712,0.0,0.0,0.0,0.0,0.0,0.0,0.0
2022-07-30,15.85,7,2022,7.75,674.2841866060686,0.0,674.2841866060686,0.0,0.0,0.0,0.0,0.0,0.0,0.0
2022-07-31,13.8375,7,2022,9.7625,849.3805640957089,0.0,849.3805640957089,0.0,0.0,0.0,0.0,0.0,0.0,0.0
2022-08-01,11.168750000000001,8,2022,12.431249999999999,1126.3834020934912,0.0,955.7135211407972,0.0,20.692307692307693,5.684341886080802e-14,149.9775732603863,0.0,0.0,0.0
2022-08-02,12.741666666666667,8,2022,10.858333333333333,983.8629615738689,0.0,955.7135211407972,0.0,20.692307692307693,5.684341886080802e-14,7.457132740763978,0.0,0.0,0.0
2022-08-03,15.445833333333333,8,2022,8.154166666666667,738.8410651573529,0.0,738.8410651573529,0.0,0.0,5.684341886080802e-14,0.0,0.0,0.0,0.0
2022-08-04,13.1625,8,2022,10.4375,945.7316649050429,0.0,945.7316649050429,0.0,0.0,5.684341886080802e-14,0.0,0.0,0.0,0.0
2022-08-05,11.820833333333333,8,2022,11.779166666666667,1067.2987691363498,0.0,955.7135211407972,0.0,20.692307692307693,5.684341886080802e-14,90.89294030324491,0.0,0.0,0.0
2022-08-06,10.395833333333334,8,2022,13.204166666666666,1196.4166251832658,0.0,955.7135211407972,0.0,20.692307692307693,5.684341886080802e-14,162.3101621655603,0.0,57.700634184600496,0.0
2022-08-07,12.710416666666667,8,2022,10.889583333333333,986.6944935047223,0.0,955.7135211407972,0.0,20.692307692307693,5.684341886080802e-14,10.288664671617408,0.0,0.0,0.0
2022-08-08,12.6625,8,2022,10.9375,991.0361757986977,0.0,955.7135211407972,0.0,20.692307692307693,5.684341886080802e-14,14.6303469655928,0.0,0.0,0.0
2022-08-09,13.710416666666667,8,2022,9.889583333333333,896.0854717174129,0.0,896.0854717174129,0.0,0.0,5.684341886080802e-14,0.0,0.0,0.0,0.0
2022-08-10,18.079166666666666,8,2022,6.6,598.0195437962426,0.0,598.0195437962426,0.0,0.0,5.684341886080802e-14,0.0,0.0,0.0,0.0
2022-08-11,14.191666666666668,8,2022,9.408333333333331,852.4798799822701,0.0,852.4798799822701,0.0,0.0,5.684341886080802e-14,0.0,0.0,0.0,0.0
2022-08-12,13.231250000000001,8,2022,10.368749999999999,939.5022946571652,0.0,939.5022946571652,0.0,0.0,5.684341886080802e-14,0.0,0.0,0.0,0.0
2022-08-13,14.185416666666667,8,2022,9.414583333333333,853.0461863684409,0.0,853.0461863684409,0.0,0.0,5.684341886080802e-14,0.0,0.0,0.0,0.0
2022-08-14,16.108333333333334,8,2022,7.491666666666665,678.8125882232603,0.0,678.8125882232603,0.0,0.0,5.684341886080802e-14,0.0,0.0,0.0,0.0
2022-08-15,19.027083333333334,8,2022,6.6,598.0195437962426,0.0,598.0195437962426,0.0,0.0,5.684341886080802e-14,0.0,0.0,0.0,0.0
2022-08-16,19.125,8,2022,6.6,598.0195437962426,0.0,598.0195437962426,0.0,0.0,5.684341886080802e-14,0.0,0.0,0.0,0.0
2022-08-17,11.645833333333334,8,2022,11.954166666666666,1083.155347949129,0.0,955.7135211407972,0.0,20.692307692307693,5.684341886080802e-14,106.74951911602408,0.0,0.0,0.0
2022-08-18,14.764583333333334,8,2022,8.835416666666665,800.5684612499573,0.0,800.5684612499573,0.0,0.0,5.684341886080802e-14,0.0,0.0,0.0,0.0
2022-08-19,17.118750000000002,8,2022,6.6,598.0195437962426,0.0,598.0195437962426,0.0,0.0,5.684341886080802e-14,0.0,0.0,0.0,0.0
2022-08-20,13.950000000000001,8,2022,9.649999999999999,874.3770602475365,0.0,874.3770602475365,0.0,0.0,5.684341886080802e-14,0.0,0.0,0.0,0.0
2022-08-21,13.689583333333333,8,2022,9.910416666666666,897.9731596713152,0.0,897.9731596713152,0.0,0.0,5.684341886080802e-14,0.0,0.0,0.0,0.0
2022-08-22,12.397916666666667,8,2022,11.202083333333333,1015.0098128132564,0.0,955.7135211407972,0.0,20.692307692307693,5.684341886080802e-14,38.603983980151476,0.0,0.0,0.0
2022-08-23,12.695833333333333,8,2022,10.904166666666667,988.015875072454,0.0,955.7135211407972,0.0,20.692307692307693,5.684341886080802e-14,11.610046239349096,0.0,0.0,0.0
2022-08-24,16.193749999999998,8,2022,7.406250000000002,671.0730676122612,0.0,671.0730676122612,0.0,0.0,5.684341886080802e-14,0.0,0.0,0.0,0.0
2022-08-25,19.23125,8,2022,6.6,598.0195437962426,0.0,598.0195437962426,0.0,0.0,5.684341886080802e-14,0.0,0.0,0.0,0.0
2022-08-26,15.908333333333333,8,2022,7.691666666666666,696.9343925807223,0.0,696.9343925807223,0.0,0.0,5.684341886080802e-14,0.0,0.0,0.0,0.0
2022-08-27,13.2125,8,2022,10.3875,941.2012138156774,0.0,941.2012138156774,0.0,0.0,5.684341886080802e-14,0.0,0.0,0.0,0.0
2022-08-28,11.266666666666666,8,2022,12.333333333333334,1117.5112687101505,0.0,955.7135211407972,0.0,20.692307692307693,5.684341886080802e-14,141.10543987704557,0.0,0.0,0.0
2022-08-29,11.352083333333333,8,2022,12.247916666666667,1109.7717480991512,0.0,955.7135211407972,0.0,20.692307692307693,5.684341886080802e-14,133.36591926604626,0.0,0.0,0.0
2022-08-30,11.525,8,2022,12.075,1094.1039380817622,0.0,955.7135211407972,0.0,20.692307692307693,5.684341886080802e-14,117.69810924865725,0.0,0.0,0.0
2022-08-31,10.952083333333334,8,2022,12.647916666666665,1146.0153568140747,0.0,955.7135211407972,0.0,20.692307692307693,5.684341886080802e-14,162.3101621655603,0.0,7.299365815409473,0.0
2022-09-01,11.268749999999999,9,2022,12.33125,1045.8185132376461,0.0,943.6356908634772,-8.881784197001252e-16,12.379310344827585,1.7053025658242404e-13,89.8035120293414,4.440892098500626e-16,0.0,1.2647660696529783e-11
2022-09-02,11.304166666666667,9,2022,12.295833333333333,1042.8148108005723,0.0,943.6356908634772,-8.881784197001252e-16,12.379310344827585,1.7053025658242404e-13,86.79980959226761,4.440892098500626e-16,0.0,1.2647660696529783e-11
2022-09-03,10.791666666666666,9,2022,12.808333333333334,1086.280151948817,0.0,943.6356908634772,-8.881784197001252e-16,12.379310344827585,1.7053025658242404e-13,130.26515074051235,4.440892098500626e-16,0.0,1.2647660696529783e-11
2022-09-04,12.56875,9,2022,11.03125,935.5649649591714,0.0,935.5649649591714,-8.881784197001252e-16,0.0,1.7053025658242404e-13,0.0,4.440892098500626e-16,0.0,1.2647660696529783e-11
2022-09-05,11.527083333333332,9,2022,12.072916666666668,1023.9091542848724,0.0,943.6356908634772,-8.881784197001252e-16,12.379310344827585,1.7053025658242404e-13,67.89415307656772,4.440892098500626e-16,0.0,1.2647660696529783e-11
2022-09-06,10.360416666666667,9,2022,13.239583333333332,1122.8546463296573,0.0,943.6356908634772,-8.881784197001252e-16,12.379310344827585,1.7053025658242404e-13,166.83964512135253,4.440892098500626e-16,0.0,1.2647660696529783e-11
2022-09-07,9.670833333333333,9,2022,13.929166666666667,1181.3384996632713,0.0,943.6356908634772,-8.881784197001252e-16,12.379310344827585,1.7053025658242404e-13,194.84686933865078,4.440892098500626e-16,30.47662911631573,1.2647660696529783e-11
2022-09-08,11.683333333333332,9,2022,11.916666666666668,1010.6575258860173,0.0,943.6356908634772,-8.881784197001252e-16,12.379310344827585,1.7053025658242404e-13,54.642524677712586,4.440892098500626e-16,0.0,1.2647660696529783e-11
2022-09-09,12.129166666666668,9,2022,11.470833333333331,972.8462128546171,0.0,943.6356908634772,-8.881784197001252e-16,12.379310344827585,1.7053025658242404e-13,16.831211646312354,4.440892098500626e-16,0.0,1.2647660696529783e-11
2022-09-10,9.989583333333334,9,2022,13.610416666666666,1154.3051777296066,0.0,943.6356908634772,-8.881784197001252e-16,12.379310344827585,1.7053025658242404e-13,194.84686933865078,4.440892098500626e-16,3.4433071826510955,1.2647660696529783e-11
2022-09-11,9.629166666666666,9,2022,13.970833333333333,1184.8722672362992,0.0,943.6356908634772,-8.881784197001252e-16,12.379310344827585,1.7053025658242404e-13,194.84686933865078,4.440892098500626e-16,34.01039668934368,1.2647660696529783e-11
2022-09-12,10.658333333333333,9,2022,12.941666666666666,1097.5882081825068,0.0,943.6356908634772,-8.881784197001252e-16,12.379310344827585,1.7053025658242404e-13,141.5732069742021,4.440892098500626e-16,0.0,1.2647660696529783e-11
2022-09-13,11.939583333333333,9,2022,11.660416666666666,988.9248553118948,0.0,943.6356908634772,-8.881784197001252e-16,12.379310344827585,1.7053025658242404e-13,32.90985410359009,4.440892098500626e-16,0.0,1.2647660696529783e-11
2022-09-14,10.639583333333333,9,2022,12.960416666666667,1099.1784035903695,0.0,943.6356908634772,-8.881784197001252e-16,12.379310344827585,1.7053025658242404e-13,143.16340238206476,4.440892098500626e-16,0.0,1.2647660696529783e-11
2022-09-15,10.21875,9,2022,13.38125,1134.8694560779527,0.0,943.6356908634772,-8.881784197001252e-16,12.379310344827585,1.7053025658242404e-13,178.85445486964795,4.440892098500626e-16,0.0,1.2647660696529783e-11
2022-09-16,10.275,9,2022,13.325,1130.0988698543647,0.0,943.6356908634772,-8.881784197001252e-16,12.379310344827585,1.7053025658242404e-13,174.08386864605995,4.440892098500626e-16,0.0,1.2647660696529783e-11
2022-09-17,9.745833333333334,9,2022,13.854166666666666,1174.9777180318206,0.0,943.6356908634772,-8.881784197001252e-16,12.379310344827585,1.7053025658242404e-13,194.84686933865078,4.440892098500626e-16,24.115847484865068,1.2647660696529783e-11
2022-09-18,9.6875,9,2022,13.9125,1179.92499263406,0.0,943.6356908634772,-8.881784197001252e-16,12.379310344827585,1.7053025658242404e-13,194.84686933865078,4.440892098500626e-16,29.06312208710437,1.2647660696529783e-11
2022-09-19,8.75,9,2022,14.85,1259.4347630271907,0.0,943.6356908634772,-8.881784197001252e-16,12.379310344827585,1.7053025658242404e-13,194.84686933865078,4.440892098500626e-16,108.57289248023523,1.2647660696529783e-11
2022-09-20,8.460416666666667,9,2022,15.139583333333333,1283.9944476597354,0.0,943.6356908634772,-8.881784197001252e-16,12.379310344827585,1.7053025658242404e-13,194.84686933865078,4.440892098500626e-16,133.13257711277998,1.2647660696529783e-11
2022-09-21,7.154166666666666,9,2022,16.445833333333333,1394.7780610741643,0.0,943.6356908634772,-8.881784197001252e-16,12.379310344827585,1.7053025658242404e-13,194.84686933865078,4.440892098500626e-16,243.91619052720884,1.2647660696529783e-11
2022-09-22,11.172916666666666,9,2022,12.427083333333334,1053.9461786556108,0.0,943.6356908634772,-8.881784197001252e-16,12.379310344827585,1.7053025658242404e-13,97.93117744730604,4.440892098500626e-16,0.0,1.2647660696529783e-11
2022-09-23,10.539583333333333,9,2022,13.060416666666667,1107.6594457656365,0.0,943.6356908634772,-8.881784197001252e-16,12.379310344827585,1.7053025658242404e-13,151.64444455733178,4.440892098500626e-16,0.0,1.2647660696529783e-11
2022-09-24,8.454166666666667,9,2022,15.145833333333332,1284.5245127956896,0.0,943.6356908634772,-8.881784197001252e-16,12.379310344827585,1.7053025658242404e-13,194.84686933865078,4.440892098500626e-16,133.66264224873413,1.2647660696529783e-11
2022-09-25,9.189583333333333,9,2022,14.410416666666666,1222.153515131745,0.0,943.6356908634772,-8.881784197001252e-16,12.379310344827585,1.7053025658242404e-13,194.84686933865078,4.440892098500626e-16,71.2916445847896,1.2647660696529783e-11
2022-09-26,10.9375,9,2022,12.6625,1073.911965443219,0.0,943.6356908634772,-8.881784197001252e-16,12.379310344827585,1.7053025658242404e-13,117.89696423491432,4.440892098500626e-16,0.0,1.2647660696529783e-11
2022-09-27,11.752083333333333,9,2022,11.847916666666666,1004.8268093905209,0.0,943.6356908634772,-8.881784197001252e-16,12.379310344827585,1.7053025658242404e-13,48.81180818221618,4.440892098500626e-16,0.0,1.2647660696529783e-11
2022-09-28,11.922916666666666,9,2022,11.677083333333334,990.3383623411062,0.0,943.6356908634772,-8.881784197001252e-16,12.379310344827585,1.7053025658242404e-13,34.32336113280145,4.440892098500626e-16,0.0,1.2647660696529783e-11
2022-09-29,10.081249999999999,9,2022,13.51875,1146.530889068945,0.0,943.6356908634772,-8.881784197001252e-16,12.379310344827585,1.7053025658242404e-13,190.5158878606403,4.440892098500626e-16,0.0,1.2647660696529783e-11
2022-09-30,9.53125,9,2022,14.06875,1193.1766210329151,0.0,943.6356908634772,-8.881784197001252e-16,12.379310344827585,1.7053025658242404e-13,194.84686933865078,4.440892098500626e-16,42.31475048595962,1.2647660696529783e-11
2022-10-01,11.710416666666667,10,2022,11.889583333333333,1135.9258090899887,0.0,1135.9258090899887,7.105427357601002e-15,0.0,0.0,0.0,0.0,0.0,0.0
2022-10-02,10.09375,10,2022,13.50625,1290.3814649255996,0.0,1290.3814649255996,7.105427357601002e-15,0.0,0.0,0.0,0.0,0.0,0.0
2022-10-03,9.4125,10,2022,14.1875,1355.467804433647,0.0,1355.467804433647,7.105427357601002e-15,0.0,0.0,0.0,0.0,0.0,0.0
2022-10-04,10.081249999999999,10,2022,13.51875,1291.5757096872153,0.0,1291.5757096872153,7.105427357601002e-15,0.0,0.0,0.0,0.0,0.0,0.0
2022-10-05,9.654166666666667,10,2022,13.945833333333333,1332.3790723757465,0.0,1332.3790723757465,7.105427357601002e-15,0.0,0.0,0.0,0.0,0.0,0.0
2022-10-06,8.233333333333333,10,2022,15.366666666666667,1468.1248936127138,0.0,1468.1248936127138,7.105427357601002e-15,0.0,0.0,0.0,0.0,0.0,0.0
2022-10-07,7.64375,10,2022,15.956249999999999,1524.453438202247,0.0,1524.453438202247,7.105427357601002e-15,0.0,0.0,0.0,0.0,0.0,0.0
2022-10-08,5.954166666666667,10,2022,17.645833333333336,1685.875521813949,0.0,1554.5293096017358,7.105427357601002e-15,48.33154210390153,0.0,83.01467010831152,0.0,0.0,0.0
2022-10-09,7.379166666666666,10,2022,16.22083333333333,1549.731618989776,0.0,1549.731618989776,7.105427357601002e-15,0.0,0.0,0.0,0.0,0.0,0.0
2022-10-10,10.75,10,2022,12.85,1227.6836149407834,0.0,1227.6836149407834,7.105427357601002e-15,0.0,0.0,0.0,0.0,0.0,0.0
2022-10-11,6.216666666666666,10,2022,17.383333333333333,1660.7963818200224,0.0,1554.5293096017358,7.105427357601002e-15,48.33154210390153,0.0,57.93553011438485,0.0,0.0,0.0
2022-10-12,7.014583333333333,10,2022,16.585416666666667,1584.5637578702297,0.0,1554.5293096017358,7.105427357601002e-15,30.034448268493694,0.0,0.0,0.0,0.0,0.0
2022-10-13,7.120833333333334,10,2022,16.479166666666664,1574.4126773964974,0.0,1554.5293096017358,7.105427357601002e-15,19.883367794761458,0.0,0.0,0.0,0.0,0.0
2022-10-14,5.827083333333333,10,2022,17.772916666666667,1698.017010223707,0.0,1554.5293096017358,7.105427357601002e-15,48.33154210390153,0.0,95.15615851806956,0.0,0.0,0.0
2022-10-15,6.127083333333334,10,2022,17.472916666666663,1669.3551359449332,0.0,1554.5293096017358,7.105427357601002e-15,48.33154210390153,0.0,66.49428423929567,0.0,0.0,0.0
2022-10-16,6.633333333333333,10,2022,16.96666666666667,1620.988223099504,0.0,1554.5293096017358,7.105427357601002e-15,48.33154210390153,0.0,18.127371393866504,0.0,0.0,0.0
2022-10-17,7.377083333333334,10,2022,16.222916666666663,1549.9306597833786,0.0,1549.9306597833786,7.105427357601002e-15,0.0,0.0,0.0,0.0,0.0,0.0
2022-10-18,5.339583333333334,10,2022,18.260416666666664,1744.5925559267127,0.0,1554.5293096017358,7.105427357601002e-15,48.33154210390153,0.0,104.1835847179436,0.0,37.548119503131645,0.0
2022-10-19,6.291666666666667,10,2022,17.30833333333333,1653.6309132503286,0.0,1554.5293096017358,7.105427357601002e-15,48.33154210390153,0.0,50.770061544691096,0.0,0.0,0.0
2022-10-20,5.741666666666667,10,2022,17.858333333333334,1706.177682761413,0.0,1554.5293096017358,7.105427357601002e-15,48.33154210390153,0.0,103.31683105577554,0.0,0.0,0.0
2022-10-21,3.016666666666667,10,2022,20.583333333333332,1966.5230407936024,0.0,1554.5293096017358,7.105427357601002e-15,48.33154210390153,0.0,104.1835847179436,0.0,259.4786043700213,0.0
2022-10-22,2.5208333333333335,10,2022,21.079166666666666,2013.8947496710193,0.0,1554.5293096017358,7.105427357601002e-15,48.33154210390153,0.0,104.1835847179436,0.0,306.8503132474383,0.0
2022-10-23,4.385416666666667,10,2022,19.21458333333333,1835.7532393966997,0.0,1554.5293096017358,7.105427357601002e-15,48.33154210390153,0.0,104.1835847179436,0.0,128.7088029731185,0.0
2022-10-24,4.5062500000000005,10,2022,19.09375,1824.2088733677497,0.0,1554.5293096017358,7.105427357601002e-15,48.33154210390153,0.0,104.1835847179436,0.0,117.16443694416856,0.0
2022-10-25,7.14375,10,2022,16.456249999999997,1572.2232286668686,0.0,1554.5293096017358,7.105427357601002e-15,17.693919065132665,0.0,0.0,0.0,0.0,0.0
2022-10-26,7.258333333333333,10,2022,16.34166666666667,1561.2759850187267,0.0,1554.5293096017358,7.105427357601002e-15,6.746675416990744,0.0,0.0,0.0,0.0,0.0
2022-10-27,7.402083333333334,10,2022,16.197916666666664,1547.5421702601477,0.0,1547.5421702601477,7.105427357601002e-15,0.0,0.0,0.0,0.0,0.0,0.0
2022-10-28,8.577083333333333,10,2022,15.022916666666667,1435.2831626682862,0.0,1435.2831626682862,7.105427357601002e-15,0.0,0.0,0.0,0.0,0.0,0.0
2022-10-29,7.5125,10,2022,16.0875,1536.9930081992104,0.0,1536.9930081992104,7.105427357601002e-15,0.0,0.0,0.0,0.0,0.0,0.0
2022-10-30,4.858333333333333,10,2022,18.741666666666667,1790.570979248912,0.0,1554.5293096017358,7.105427357601002e-15,48.33154210390153,0.0,104.1835847179436,0.0,83.52654282533084,0.0
2022-10-31,5.285416666666666,10,2022,18.31458333333333,1749.7676165603802,0.0,1554.5293096017358,7.105427357601002e-15,48.33154210390153,0.0,104.1835847179436,0.0,42.723180136799144,0.0
2022-11-01,5.197916666666667,11,2022,18.40208333333333,1932.400983579934,0.0,1769.463661940587,0.0,43.5,0.0,119.43732163934706,0.0,0.0,0.0
2022-11-02,9.8125,11,2022,13.7875,1447.8240359257334,0.0,1447.8240359257334,0.0,0.0,0.0,0.0,0.0,0.0,0.0
2022-11-03,7.502083333333334,11,2022,16.097916666666663,1690.4406656993262,0.0,1690.4406656993262,0.0,0.0,0.0,0.0,0.0,0.0,0.0
2022-11-04,9.952083333333333,11,2022,13.647916666666667,1433.1664036490604,0.0,1433.1664036490604,0.0,0.0,0.0,0.0,0.0,0.0,0.0
2022-11-05,8.512500000000001,11,2022,15.087499999999999,1584.336909666691,0.0,1584.336909666691,0.0,0.0,0.0,0.0,0.0,0.0,0.0
2022-11-06,3.625,11,2022,19.975,2097.572809981253,0.0,1769.463661940587,0.0,43.5,0.0,284.6091480406662,0.0,0.0,0.0
2022-11-07,2.2041666666666666,11,2022,21.395833333333336,2246.7743803199282,0.0,1769.463661940587,0.0,43.5,0.0,312.0900947499927,0.0,121.72062362934855,0.0
2022-11-08,3.5,11,2022,20.1,2110.6990478409607,0.0,1769.463661940587,0.0,43.5,0.0,297.7353859003737,0.0,0.0,0.0
2022-11-09,5.3999999999999995,11,2022,18.200000000000003,1911.1802323734075,0.0,1769.463661940587,0.0,43.5,0.0,98.21657043282053,0.0,0.0,0.0
2022-11-10,4.852083333333334,11,2022,18.74791666666667,1968.7169083251251,0.0,1769.463661940587,0.0,43.5,0.0,155.75324638453813,0.0,0.0,0.0
2022-11-11,8.764583333333333,11,2022,14.835416666666667,1557.8656633162811,0.0,1557.8656633162811,0.0,0.0,0.0,0.0,0.0,0.0,0.0
2022-11-12,8.989583333333334,11,2022,14.610416666666666,1534.2384351688077,0.0,1534.2384351688077,0.0,0.0,0.0,0.0,0.0,0.0,0.0
2022-11-13,5.439583333333334,11,2022,18.160416666666663,1907.0235903844994,0.0,1769.463661940587,0.0,43.5,0.0,94.05992844391236,0.0,0.0,0.0
2022-11-14,4.935416666666667,11,2022,18.664583333333333,1959.96608308532,0.0,1769.463661940587,0.0,43.5,0.0,147.00242114473295,0.0,0.0,0.0
2022-11-15,4.1499999999999995,11,2022,19.450000000000003,2042.442610970482,0.0,1769.463661940587,0.0,43.5,0.0,229.4789490298951,0.0,0.0,0.0
2022-11-16,2.622916666666667,11,2022,20.977083333333333,2202.8014834899077,0.0,1769.463661940587,0.0,43.5,0.0,312.0900947499927,0.0,77.747726799328,0.0
2022-11-17,1.875,11,2022,21.725,2281.340140017158,0.0,1769.463661940587,0.0,43.5,0.0,312.0900947499927,0.0,156.28638332657818,0.0
2022-11-18,0.2333333333333333,11,2022,23.366666666666667,2453.731397241316,0.0,1769.463661940587,0.0,43.5,0.0,312.0900947499927,0.0,328.67764055073604,0.0
2022-11-19,-1.1854166666666666,11,2022,24.785416666666663,2602.714196948995,0.0,1769.463661940587,0.0,43.5,0.0,312.0900947499927,0.0,477.6604402584151,0.0
2022-11-20,-2.30625,11,2022,25.90625,2720.4127964243726,0.0,1769.463661940587,0.0,43.5,0.0,312.0900947499927,0.0,595.3590397337928,0.0
2022-11-21,-3.1125000000000003,11,2022,26.7125,2805.077030619486,0.0,1769.463661940587,0.0,43.5,0.0,312.0900947499927,0.0,680.0232739289063,0.0
2022-11-22,-1.1458333333333333,11,2022,24.74583333333333,2598.557554960088,0.0,1769.463661940587,0.0,43.5,0.0,312.0900947499927,0.0,473.5037982695083,0.0
2022-11-23,1.7125000000000001,11,2022,21.8875,2298.404249234777,0.0,1769.463661940587,0.0,43.5,0.0,312.0900947499927,0.0,173.35049254419738,0.0
2022-11-24,1.96875,11,2022,21.63125,2271.495461622377,0.0,1769.463661940587,0.0,43.5,0.0,312.0900947499927,0.0,146.44170493179752,0.0
2022-11-25,4.1875,11,2022,19.4125,2038.5047396125697,0.0,1769.463661940587,0.0,43.5,0.0,225.5410776719827,0.0,0.0,0.0
2022-11-26,3.68125,11,2022,19.91875,2091.6660029443847,0.0,1769.463661940587,0.0,43.5,0.0,278.7023410037977,0.0,0.0,0.0
2022-11-27,5.6000000000000005,11,2022,18.0,1890.1782517978754,0.0,1769.463661940587,0.0,43.5,0.0,77.21458985728842,0.0,0.0,0.0
2022-11-28,5.522916666666667,11,2022,18.077083333333334,1898.2727651446949,0.0,1769.463661940587,0.0,43.5,0.0,85.30910320410786,0.0,0.0,0.0
2022-11-29,4.03125,11,2022,19.56875,2054.912536937204,0.0,1769.463661940587,0.0,43.5,0.0,241.94887499661712,0.0,0.0,0.0
2022-11-30,1.3708333333333333,11,2022,22.229166666666664,2334.282632717978,0.0,1769.463661940587,0.0,43.5,0.0,312.0900947499927,0.0,209.228876027398,0.0
2022-12-01,-0.4354166666666666,12,2022,24.035416666666663,2927.17832043284,0.0,1905.0967741935483,2.1827872842550278e-11,216.7741935483871,-1.8189894035458565e-12,567.1038228491368,5.684341886080802e-14,238.2035298417677,0.0
2022-12-02,-1.66875,12,2022,25.268749999999997,3077.3811084796666,0.0,1905.0967741935483,2.1827872842550278e-11,216.7741935483871,-1.8189894035458565e-12,567.1038228491368,5.684341886080802e-14,388.40631788859446,0.0
2022-12-03,-4.960416666666666,12,2022,28.56041666666667,3478.2601711722123,0.0,1905.0967741935483,2.1827872842550278e-11,216.7741935483871,-1.8189894035458565e-12,567.1038228491368,5.684341886080802e-14,789.2853805811401,0.0
2022-12-04,-5.804166666666667,12,2022,29.40416666666667,3581.017146102896,0.0,1905.0967741935483,2.1827872842550278e-11,216.7741935483871,-1.8189894035458565e-12,567.1038228491368,5.684341886080802e-14,892.0423555118236,0.0
2022-12-05,-0.09166666666666667,12,2022,23.691666666666663,2885.314367683302,0.0,1905.0967741935483,2.1827872842550278e-11,216.7741935483871,-1.8189894035458565e-12,567.1038228491368,5.684341886080802e-14,196.33957709222977,0.0
2022-12-06,0.060416666666666674,12,2022,23.539583333333333,2866.792740103204,0.0,1905.0967741935483,2.1827872842550278e-11,216.7741935483871,-1.8189894035458565e-12,567.1038228491368,5.684341886080802e-14,177.8179495121317,0.0
2022-12-07,-1.4208333333333334,12,2022,25.020833333333336,3047.1883183148493,0.0,1905.0967741935483,2.1827872842550278e-11,216.7741935483871,-1.8189894035458565e-12,567.1038228491368,5.684341886080802e-14,358.21352772377713,0.0
2022-12-08,-3.6604166666666664,12,2022,27.260416666666664,3319.938313501232,0.0,1905.0967741935483,2.1827872842550278e-11,216.7741935483871,-1.8189894035458565e-12,567.1038228491368,5.684341886080802e-14,630.96352291016,0.0
2022-12-09,-9.170833333333333,12,2022,32.770833333333336,3991.030162122613,0.0,1905.0967741935483,2.1827872842550278e-11,216.7741935483871,-1.8189894035458565e-12,567.1038228491368,5.684341886080802e-14,1302.055371531541,0.0
2022-12-10,-11.004166666666668,12,2022,34.60416666666667,4214.304576786815,0.0,1905.0967741935483,2.1827872842550278e-11,216.7741935483871,-1.8189894035458565e-12,567.1038228491368,5.684341886080802e-14,1525.3297861957428,0.0
2022-12-11,-12.597916666666668,12,2022,36.19791666666667,4408.401084989218,0.0,1905.0967741935483,2.1827872842550278e-11,216.7741935483871,-1.8189894035458565e-12,567.1038228491368,5.684341886080802e-14,1719.426294398146,0.0
2022-12-12,-10.864583333333334,12,2022,34.46458333333334,4197.3052747612455,0.0,1905.0967741935483,2.1827872842550278e-11,216.7741935483871,-1.8189894035458565e-12,567.1038228491368,5.684341886080802e-14,1508.3304841701731,0.0
2022-12-13,-14.768749999999999,12,2022,38.36875,4672.778289625693,0.0,1905.0967741935483,2.1827872842550278e-11,216.7741935483871,-1.8189894035458565e-12,567.1038228491368,5.684341886080802e-14,1983.8034990346207,0.0
2022-12-14,-9.125,12,2022,32.725,3985.448301756008,0.0,1905.0967741935483,2.1827872842550278e-11,216.7741935483871,-1.8189894035458565e-12,567.1038228491368,5.684341886080802e-14,1296.4735111649356,0.0
2022-12-15,-3.233333333333333,12,2022,26.833333333333336,3267.925523721504,0.0,1905.0967741935483,2.1827872842550278e-11,216.7741935483871,-1.8189894035458565e-12,567.1038228491368,5.684341886080802e-14,578.9507331304317,0.0
2022-12-16,-6.89375,12,2022,30.49375,3713.7131902726433,0.0,1905.0967741935483,2.1827872842550278e-11,216.7741935483871,-1.8189894035458565e-12,567.1038228491368,5.684341886080802e-14,1024.738399681571,0.0
2022-12-17,-12.035416666666668,12,2022,35.63541666666667,4339.896435035429,0.0,1905.0967741935483,2.1827872842550278e-11,216.7741935483871,-1.8189894035458565e-12,567.1038228491368,5.684341886080802e-14,1650.9216444443566,0.0
2022-12-18,-3.077083333333333,12,2022,26.677083333333336,3248.8964542898952,0.0,1905.0967741935483,2.1827872842550278e-11,216.7741935483871,-1.8189894035458565e-12,567.1038228491368,5.684341886080802e-14,559.9216636988231,0.0
2022-12-19,-4.0249999999999995,12,2022,27.625,3364.3394755083177,0.0,1905.0967741935483,2.1827872842550278e-11,216.7741935483871,-1.8189894035458565e-12,567.1038228491368,5.684341886080802e-14,675.3646849172455,0.0
2022-12-20,0.5020833333333333,12,2022,23.097916666666663,2813.003903843191,0.0,1905.0967741935483,2.1827872842550278e-11,216.7741935483871,-1.8189894035458565e-12,567.1038228491368,5.684341886080802e-14,124.0291132521188,0.0
2022-12-21,-3.3249999999999997,12,2022,26.924999999999997,3279.089244454713,0.0,1905.0967741935483,2.1827872842550278e-11,216.7741935483871,-1.8189894035458565e-12,567.1038228491368,5.684341886080802e-14,590.1144538636408,0.0
2022-12-22,-4.191666666666666,12,2022,27.791666666666664,3384.6371495687,0.0,1905.0967741935483,2.1827872842550278e-11,216.7741935483871,-1.8189894035458565e-12,567.1038228491368,5.684341886080802e-14,695.6623589776277,0.0
2022-12-23,-4.03125,12,2022,27.63125,3365.100638285582,0.0,1905.0967741935483,2.1827872842550278e-11,216.7741935483871,-1.8189894035458565e-12,567.1038228491368,5.684341886080802e-14,676.12584769451,0.0
2022-12-24,-3.7687500000000003,12,2022,27.36875,3333.1318016404803,0.0,1905.0967741935483,2.1827872842550278e-11,216.7741935483871,-1.8189894035458565e-12,567.1038228491368,5.684341886080802e-14,644.1570110494081,0.0
2022-12-25,-5.704166666666667,12,2022,29.304166666666667,3568.8385416666665,0.0,1905.0967741935483,2.1827872842550278e-11,216.7741935483871,-1.8189894035458565e-12,567.1038228491368,5.684341886080802e-14,879.8637510755943,0.0
2022-12-26,2.2958333333333334,12,2022,21.304166666666667,2594.55018676833,0.0,1905.0967741935483,2.1827872842550278e-11,216.7741935483871,-1.8189894035458565e-12,472.6792190263948,5.684341886080802e-14,0.0,0.0
2022-12-27,1.0145833333333334,12,2022,22.585416666666667,2750.588556107517,0.0,1905.0967741935483,2.1827872842550278e-11,216.7741935483871,-1.8189894035458565e-12,567.1038228491368,5.684341886080802e-14,61.61376551644479,0.0
2022-12-28,-4.370833333333334,12,2022,27.97083333333333,3406.4571491836105,0.0,1905.0967741935483,2.1827872842550278e-11,216.7741935483871,-1.8189894035458565e-12,567.1038228491368,5.684341886080802e-14,717.4823585925383,0.0
2022-12-29,-0.8083333333333332,12,2022,24.40833333333333,2972.594366142945,0.0,1905.0967741935483,2.1827872842550278e-11,216.7741935483871,-1.8189894035458565e-12,567.1038228491368,5.684341886080802e-14,283.6195755518729,0.0
2022-12-30,0.10208333333333326,12,2022,23.49791666666667,2861.7183215881087,0.0,1905.0967741935483,2.1827872842550278e-11,216.7741935483871,-1.8189894035458565e-12,567.1038228491368,5.684341886080802e-14,172.7435309970365,0.0
2022-12-31,3.0625,12,2022,20.5375,2501.180886090573,0.0,1905.0967741935483,2.1827872842550278e-11,216.7741935483871,-1.8189894035458565e-12,379.30991834863767,5.684341886080802e-14,0.0,0.0
2023-01-01,-3.735416666666667,1,2023,27.335416666666667,3217.7918855086314,0.0,1779.3225806451612,1.4551915228366852e-11,118.64516129032258,9.094947017729282e-13,863.0157263582048,0.0,456.80841721494266,9.890754881780595e-12
2023-01-02,-11.189583333333333,1,2023,34.78958333333333,4095.260017994713,0.0,1779.3225806451612,1.4551915228366852e-11,118.64516129032258,9.094947017729282e-13,863.0157263582048,0.0,1334.276549701025,9.890754881780595e-12
2023-01-03,-7.414583333333333,1,2023,31.014583333333334,3650.885435528313,0.0,1779.3225806451612,1.4551915228366852e-11,118.64516129032258,9.094947017729282e-13,863.0157263582048,0.0,889.9019672346242,9.890754881780595e-12
2023-01-04,-4.7437499999999995,1,2023,28.34375,3336.487966034976,0.0,1779.3225806451612,1.4551915228366852e-11,118.64516129032258,9.094947017729282e-13,863.0157263582048,0.0,575.5044977412874,9.890754881780595e-12
2023-01-05,-3.466666666666667,1,2023,27.06666666666667,3186.1559466906597,0.0,1779.3225806451612,1.4551915228366852e-11,118.64516129032258,9.094947017729282e-13,863.0157263582048,0.0,425.172478396971,9.890754881780595e-12
2023-01-06,-3.0270833333333336,1,2023,26.62708333333333,3134.4103413372313,0.0,1779.3225806451612,1.4551915228366852e-11,118.64516129032258,9.094947017729282e-13,863.0157263582048,0.0,373.4268730435426,9.890754881780595e-12
2023-01-07,-0.6749999999999999,1,2023,24.275,2857.5345667210254,0.0,1779.3225806451612,1.4551915228366852e-11,118.64516129032258,9.094947017729282e-13,863.0157263582048,0.0,96.55109842733677,9.890754881780595e-12
2023-01-08,5.1875,1,2023,18.4125,2167.429668784794,0.0,1779.3225806451612,1.4551915228366852e-11,118.64516129032258,9.094947017729282e-13,269.4619268493103,0.0,0.0,9.890754881780595e-12
2023-01-09,3.752083333333333,1,2023,19.847916666666666,2336.3999156497775,0.0,1779.3225806451612,1.4551915228366852e-11,118.64516129032258,9.094947017729282e-13,438.43217371429375,0.0,0.0,9.890754881780595e-12
2023-01-10,1.5062500000000003,1,2023,22.09375,2600.768458640274,0.0,1779.3225806451612,1.4551915228366852e-11,118.64516129032258,9.094947017729282e-13,702.80071670479,0.0,0.0,9.890754881780595e-12
2023-01-11,3.2083333333333335,1,2023,20.391666666666666,2400.4075127931164,0.0,1779.3225806451612,1.4551915228366852e-11,118.64516129032258,9.094947017729282e-13,502.43977085763265,0.0,0.0,9.890754881780595e-12
2023-01-12,3.875,1,2023,19.725,2321.930765337682,0.0,1779.3225806451612,1.4551915228366852e-11,118.64516129032258,9.094947017729282e-13,423.963023402198,0.0,0.0,9.890754881780595e-12
2023-01-13,-2.375,1,2023,25.975,3057.650272732384,0.0,1779.3225806451612,1.4551915228366852e-11,118.64516129032258,9.094947017729282e-13,863.0157263582048,0.0,296.6668044386954,9.890754881780595e-12
2023-01-14,-1.1812500000000001,1,2023,24.78125,2917.127846819996,0.0,1779.3225806451612,1.4551915228366852e-11,118.64516129032258,9.094947017729282e-13,863.0157263582048,0.0,156.14437852630758,9.890754881780595e-12
2023-01-15,-0.9958333333333332,1,2023,24.59583333333333,2895.301501433953,0.0,1779.3225806451612,1.4551915228366852e-11,118.64516129032258,9.094947017729282e-13,863.0157263582048,0.0,134.31803314026442,9.890754881780595e-12
2023-01-16,-1.2208333333333334,1,2023,24.820833333333333,2921.7874037001625,0.0,1779.3225806451612,1.4551915228366852e-11,118.64516129032258,9.094947017729282e-13,863.0157263582048,0.0,160.80393540647387,9.890754881780595e-12
2023-01-17,0.06874999999999998,1,2023,23.53125,2769.9839453410555,0.0,1779.3225806451612,1.4551915228366852e-11,118.64516129032258,9.094947017729282e-13,863.0157263582048,0.0,9.000477047366847,9.890754881780595e-12
2023-01-18,-0.9354166666666668,1,2023,24.53541666666667,2888.1895461958047,0.0,1779.3225806451612,1.4551915228366852e-11,118.64516129032258,9.094947017729282e-13,863.0157263582048,0.0,127.2060779021161,9.890754881780595e-12
2023-01-19,-2.5166666666666666,1,2023,26.116666666666667,3074.326581566664,0.0,1779.3225806451612,1.4551915228366852e-11,118.64516129032258,9.094947017729282e-13,863.0157263582048,0.0,313.3431132729754,9.890754881780595e-12
2023-01-20,-1.4229166666666666,1,2023,25.022916666666667,2945.5756677725913,0.0,1779.3225806451612,1.4551915228366852e-11,118.64516129032258,9.094947017729282e-13,863.0157263582048,0.0,184.59219947890253,9.890754881780595e-12
2023-01-21,-1.6208333333333333,1,2023,25.22083333333333,2968.873452173423,0.0,1779.3225806451612,1.4551915228366852e-11,118.64516129032258,9.094947017729282e-13,863.0157263582048,0.0,207.88998387973444,9.890754881780595e-12
2023-01-22,-1.4124999999999999,1,2023,25.012500000000003,2944.3494685936007,0.0,1779.3225806451612,1.4551915228366852e-11,118.64516129032258,9.094947017729282e-13,863.0157263582048,0.0,183.36600029991197,9.890754881780595e-12
2023-01-23,2.3041666666666667,1,2023,21.295833333333334,2506.84160152955,0.0,1779.3225806451612,1.4551915228366852e-11,118.64516129032258,9.094947017729282e-13,608.8738595940664,0.0,0.0,9.890754881780595e-12
2023-01-24,4.0874999999999995,1,2023,19.512500000000003,2296.916302086262,0.0,1779.3225806451612,1.4551915228366852e-11,118.64516129032258,9.094947017729282e-13,398.94856015077823,0.0,0.0,9.890754881780595e-12
2023-01-25,5.022916666666666,1,2023,18.577083333333334,2186.803615812855,0.0,1779.3225806451612,1.4551915228366852e-11,118.64516129032258,9.094947017729282e-13,288.835873877371,0.0,0.0,9.890754881780595e-12
2023-01-26,1.6333333333333335,1,2023,21.96666666666667,2585.8088286565817,0.0,1779.3225806451612,1.4551915228366852e-11,118.64516129032258,9.094947017729282e-13,687.8410867210979,0.0,0.0,9.890754881780595e-12
2023-01-27,1.0875000000000001,1,2023,22.5125,2650.061665635719,0.0,1779.3225806451612,1.4551915228366852e-11,118.64516129032258,9.094947017729282e-13,752.093923700235,0.0,0.0,9.890754881780595e-12
2023-01-28,2.377083333333333,1,2023,21.222916666666666,2498.258207276612,0.0,1779.3225806451612,1.4551915228366852e-11,118.64516129032258,9.094947017729282e-13,600.2904653411284,0.0,0.0,9.890754881780595e-12
2023-01-29,2.441666666666667,1,2023,21.15833333333333,2490.6557723668666,0.0,1779.3225806451612,1.4551915228366852e-11,118.64516129032258,9.094947017729282e-13,592.6880304313828,0.0,0.0,9.890754881780595e-12
2023-01-30,2.4895833333333335,1,2023,21.110416666666666,2485.015256143507,0.0,1779.3225806451612,1.4551915228366852e-11,118.64516129032258,9.094947017729282e-13,587.0475142080232,0.0,0.0,9.890754881780595e-12
2023-01-31,-0.4666666666666666,1,2023,24.066666666666663,2833.010583141201,0.0,1779.3225806451612,1.4551915228366852e-11,118.64516129032258,9.094947017729282e-13,863.0157263582048,0.0,72.02711484751248,9.890754881780595e-12
2023-02-01,-6.597916666666666,2,2023,30.197916666666664,3633.903859781428,0.0,1755.0357142857142,-1.4551915228366852e-11,128.92857142857142,0.0,747.0999242166545,-7.105427357601002e-15,1002.839649850488,7.16227077646181e-12
2023-02-02,-3.2583333333333333,2,2023,26.858333333333334,3232.0309458642414,0.0,1755.0357142857142,-1.4551915228366852e-11,128.92857142857142,0.0,747.0999242166545,-7.105427357601002e-15,600.9667359333014,7.16227077646181e-12
2023-02-03,-3.954166666666667,2,2023,27.554166666666667,3315.764915451478,0.0,1755.0357142857142,-1.4551915228366852e-11,128.92857142857142,0.0,747.0999242166545,-7.105427357601002e-15,684.7007055205379,7.16227077646181e-12
2023-02-04,-3.716666666666667,2,2023,27.31666666666667,3287.18505756841,0.0,1755.0357142857142,-1.4551915228366852e-11,128.92857142857142,0.0,747.0999242166545,-7.105427357601002e-15,656.1208476374698,7.16227077646181e-12
2023-02-05,1.4854166666666666,2,2023,22.114583333333336,2661.185889726103,0.0,1755.0357142857142,-1.4551915228366852e-11,128.92857142857142,0.0,747.0999242166545,-7.105427357601002e-15,30.12167979516307,7.16227077646181e-12
2023-02-06,1.8333333333333333,2,2023,21.766666666666666,2619.3189049324847,0.0,1755.0357142857142,-1.4551915228366852e-11,128.92857142857142,0.0,735.354619218199,-7.105427357601002e-15,0.0,7.16227077646181e-12
2023-02-07,1.1291666666666667,2,2023,22.47083333333333,2704.0556765507063,0.0,1755.0357142857142,-1.4551915228366852e-11,128.92857142857142,0.0,747.0999242166545,-7.105427357601002e-15,72.9914666197662,7.16227077646181e-12
2023-02-08,2.7291666666666665,2,2023,20.870833333333334,2511.517686601611,0.0,1755.0357142857142,-1.4551915228366852e-11,128.92857142857142,0.0,627.5534008873252,-7.105427357601002e-15,0.0,7.16227077646181e-12
2023-02-09,1.9854166666666666,2,2023,21.614583333333336,2601.0177678670107,0.0,1755.0357142857142,-1.4551915228366852e-11,128.92857142857142,0.0,717.053482152725,-7.105427357601002e-15,0.0,7.16227077646181e-12
2023-02-10,-0.8375,2,2023,24.4375,2940.7169558631363,0.0,1755.0357142857142,-1.4551915228366852e-11,128.92857142857142,0.0,747.0999242166545,-7.105427357601002e-15,309.6527459321963,7.16227077646181e-12
2023-02-11,-0.11249999999999999,2,2023,23.7125,2853.473179167452,0.0,1755.0357142857142,-1.4551915228366852e-11,128.92857142857142,0.0,747.0999242166545,-7.105427357601002e-15,222.4089692365121,7.16227077646181e-12
2023-02-12,5.3125,2,2023,18.2875,2200.6490569963007,0.0,1755.0357142857142,-1.4551915228366852e-11,128.92857142857142,0.0,316.68477128201505,-7.105427357601002e-15,0.0,7.16227077646181e-12
2023-02-13,7.029166666666666,2,2023,16.570833333333333,1994.071838613417,0.0,1755.0357142857142,-1.4551915228366852e-11,128.92857142857142,0.0,110.10755289913132,-7.105427357601002e-15,0.0,7.16227077646181e-12
2023-02-14,0.9645833333333332,2,2023,22.635416666666664,2723.861016662657,0.0,1755.0357142857142,-1.4551915228366852e-11,128.92857142857142,0.0,747.0999242166545,-7.105427357601002e-15,92.79680673171715,7.16227077646181e-12
2023-02-15,-0.9874999999999999,2,2023,24.5875,2958.767392420864,0.0,1755.0357142857142,-1.4551915228366852e-11,128.92857142857142,0.0,747.0999242166545,-7.105427357601002e-15,327.7031824899239,7.16227077646181e-12
2023-02-16,3.0812500000000003,2,2023,20.518749999999997,2469.1493007924996,0.0,1755.0357142857142,-1.4551915228366852e-11,128.92857142857142,0.0,585.185015078214,-7.105427357601002e-15,0.0,7.16227077646181e-12
2023-02-17,1.2395833333333333,2,2023,22.360416666666666,2690.7685496401564,0.0,1755.0357142857142,-1.4551915228366852e-11,128.92857142857142,0.0,747.0999242166545,-7.105427357601002e-15,59.704339709216306,7.16227077646181e-12
2023-02-18,1.0520833333333333,2,2023,22.547916666666666,2713.3315953373162,0.0,1755.0357142857142,-1.4551915228366852e-11,128.92857142857142,0.0,747.0999242166545,-7.105427357601002e-15,82.26738540637616,7.16227077646181e-12
2023-02-19,-0.6645833333333333,2,2023,24.264583333333334,2919.9088137202,0.0,1755.0357142857142,-1.4551915228366852e-11,128.92857142857142,0.0,747.0999242166545,-7.105427357601002e-15,288.84460378926025,7.16227077646181e-12
2023-02-20,0.9583333333333334,2,2023,22.641666666666666,2724.613118185896,0.0,1755.0357142857142,-1.4551915228366852e-11,128.92857142857142,0.0,747.0999242166545,-7.105427357601002e-15,93.54890825495586,7.16227077646181e-12
2023-02-21,-0.9604166666666667,2,2023,24.56041666666667,2955.5082858201627,0.0,1755.0357142857142,-1.4551915228366852e-11,128.92857142857142,0.0,747.0999242166545,-7.105427357601002e-15,324.4440758892227,7.16227077646181e-12
2023-02-22,-0.6124999999999999,2,2023,24.2125,2913.641301026544,0.0,1755.0357142857142,-1.4551915228366852e-11,128.92857142857142,0.0,747.0999242166545,-7.105427357601002e-15,282.5770910956042,7.16227077646181e-12
2023-02-23,0.8562500000000001,2,2023,22.74375,2736.8974430654603,0.0,1755.0357142857142,-1.4551915228366852e-11,128.92857142857142,0.0,747.0999242166545,-7.105427357601002e-15,105.8332331345202,7.16227077646181e-12
2023-02-24,0.30624999999999997,2,2023,23.293750000000003,2803.082377110463,0.0,1755.0357142857142,-1.4551915228366852e-11,128.92857142857142,0.0,747.0999242166545,-7.105427357601002e-15,172.0181671795228,7.16227077646181e-12
2023-02-25,-0.2625,2,2023,23.862499999999997,2871.5236157251793,0.0,1755.0357142857142,-1.4551915228366852e-11,128.92857142857142,0.0,747.0999242166545,-7.105427357601002e-15,240.45940579423925,7.16227077646181e-12
2023-02-26,2.49375,2,2023,21.10625,2539.846843976933,0.0,1755.0357142857142,-1.4551915228366852e-11,128.92857142857142,0.0,655.8825582626474,-7.105427357601002e-15,0.0,7.16227077646181e-12
2023-02-27,4.877083333333333,2,2023,18.722916666666666,2253.04546311526,0.0,1755.0357142857142,-1.4551915228366852e-11,128.92857142857142,0.0,369.0811774009745,-7.105427357601002e-15,0.0,7.16227077646181e-12
2023-02-28,4.527083333333334,2,2023,19.072916666666664,2295.1631484166246,0.0,1755.0357142857142,-1.4551915228366852e-11,128.92857142857142,0.0,411.19886270233894,-7.105427357601002e-15,0.0,7.16227077646181e-12
2023-03-01,4.352083333333334,3,2023,19.24791666666667,2227.6707428257946,0.0,1678.225806451613,-7.275957614183426e-12,89.03225806451613,0.0,460.4126783096656,0.0,0.0,4.376943252282217e-12
2023-03-02,3.5708333333333333,3,2023,20.02916666666667,2318.0892435899113,0.0,1678.225806451613,-7.275957614183426e-12,89.03225806451613,0.0,550.8311790737823,0.0,0.0,4.376943252282217e-12
2023-03-03,1.8604166666666666,3,2023,21.739583333333336,2516.045481262817,0.0,1678.225806451613,-7.275957614183426e-12,89.03225806451613,0.0,748.7874167466878,0.0,0.0,4.376943252282217e-12
2023-03-04,-1.2270833333333333,3,2023,24.827083333333334,2873.3793962826053,0.0,1678.225806451613,-7.275957614183426e-12,89.03225806451613,0.0,963.5745272105132,0.0,142.54680455596312,4.376943252282217e-12
2023-03-05,-1.5999999999999999,3,2023,25.200000000000003,2916.539160647344,0.0,1678.225806451613,-7.275957614183426e-12,89.03225806451613,0.0,963.5745272105132,0.0,185.70656892070187,4.376943252282217e-12
2023-03-06,-5.641666666666667,3,2023,29.241666666666667,3384.3042046003734,0.0,1678.225806451613,-7.275957614183426e-12,89.03225806451613,0.0,963.5745272105132,0.0,653.4716128737311,4.376943252282217e-12
2023-03-07,-6.379166666666666,3,2023,29.979166666666664,3469.659269321699,0.0,1678.225806451613,-7.275957614183426e-12,89.03225806451613,0.0,963.5745272105132,0.0,738.8266775950567,4.376943252282217e-12
2023-03-08,-7.820833333333333,3,2023,31.420833333333334,3636.5115427317496,0.0,1678.225806451613,-7.275957614183426e-12,89.03225806451613,0.0,963.5745272105132,0.0,905.6789510051074,4.376943252282217e-12
2023-03-09,-11.4,3,2023,35.0,4050.748834232422,0.0,1678.225806451613,-7.275957614183426e-12,89.03225806451613,0.0,963.5745272105132,0.0,1319.9162425057793,4.376943252282217e-12
2023-03-10,-7.504166666666666,3,2023,31.104166666666664,3599.861910422027,0.0,1678.225806451613,-7.275957614183426e-12,89.03225806451613,0.0,963.5745272105132,0.0,869.0293186953847,4.376943252282217e-12
2023-03-11,-4.670833333333333,3,2023,28.270833333333336,3271.9441476508314,0.0,1678.225806451613,-7.275957614183426e-12,89.03225806451613,0.0,963.5745272105132,0.0,541.1115559241891,4.376943252282217e-12
2023-03-12,-2.5500000000000003,3,2023,26.15,3026.488057576509,0.0,1678.225806451613,-7.275957614183426e-12,89.03225806451613,0.0,963.5745272105132,0.0,295.65546584986697,4.376943252282217e-12
2023-03-13,-1.2916666666666667,3,2023,24.891666666666666,2880.8539923457724,0.0,1678.225806451613,-7.275957614183426e-12,89.03225806451613,0.0,963.5745272105132,0.0,150.02140061913028,4.376943252282217e-12
2023-03-14,-0.9166666666666666,3,2023,24.516666666666666,2837.4531119789963,0.0,1678.225806451613,-7.275957614183426e-12,89.03225806451613,0.0,963.5745272105132,0.0,106.6205202523541,4.376943252282217e-12
2023-03-15,-0.17500000000000002,3,2023,23.775,2751.615815253595,0.0,1678.225806451613,-7.275957614183426e-12,89.03225806451613,0.0,963.5745272105132,0.0,20.78322352695279,4.376943252282217e-12
2023-03-16,-1.7125000000000001,3,2023,25.3125,2929.5594247573767,0.0,1678.225806451613,-7.275957614183426e-12,89.03225806451613,0.0,963.5745272105132,0.0,198.72683303073458,4.376943252282217e-12
2023-03-17,2.783333333333333,3,2023,20.816666666666666,2409.2310923601403,0.0,1678.225806451613,-7.275957614183426e-12,89.03225806451613,0.0,641.9730278440113,0.0,0.0,4.376943252282217e-12
2023-03-18,2.3020833333333335,3,2023,21.297916666666666,2464.928888830836,0.0,1678.225806451613,-7.275957614183426e-12,89.03225806451613,0.0,697.670824314707,0.0,0.0,4.376943252282217e-12
2023-03-19,0.9916666666666667,3,2023,22.608333333333334,2616.5908541125145,0.0,1678.225806451613,-7.275957614183426e-12,89.03225806451613,0.0,849.3327895963855,0.0,0.0,4.376943252282217e-12
2023-03-20,1.7083333333333333,3,2023,21.891666666666666,2533.6469494115645,0.0,1678.225806451613,-7.275957614183426e-12,89.03225806451613,0.0,766.3888848954355,0.0,0.0,4.376943252282217e-12
2023-03-21,0.6979166666666666,3,2023,22.90208333333333,2650.588210399822,0.0,1678.225806451613,-7.275957614183426e-12,89.03225806451613,0.0,883.3301458836929,0.0,0.0,4.376943252282217e-12
2023-03-22,0.5875,3,2023,23.012500000000003,2663.3673585078177,0.0,1678.225806451613,-7.275957614183426e-12,89.03225806451613,0.0,896.1092939916887,0.0,0.0,4.376943252282217e-12
2023-03-23,1.3270833333333334,3,2023,22.272916666666667,2577.771177784454,0.0,1678.225806451613,-7.275957614183426e-12,89.03225806451613,0.0,810.5131132683248,0.0,0.0,4.376943252282217e-12
2023-03-24,0.7166666666666667,3,2023,22.883333333333333,2648.4181663814834,0.0,1678.225806451613,-7.275957614183426e-12,89.03225806451613,0.0,881.1601018653544,0.0,0.0,4.376943252282217e-12
2023-03-25,-4.295833333333333,3,2023,27.895833333333336,3228.543267284055,0.0,1678.225806451613,-7.275957614183426e-12,89.03225806451613,0.0,963.5745272105132,0.0,497.710675557413,4.376943252282217e-12
2023-03-26,-3.65625,3,2023,27.25625,3154.520654658499,0.0,1678.225806451613,-7.275957614183426e-12,89.03225806451613,0.0,963.5745272105132,0.0,423.6880629318569,4.376943252282217e-12
2023-03-27,-4.016666666666667,3,2023,27.616666666666667,3196.233723011011,0.0,1678.225806451613,-7.275957614183426e-12,89.03225806451613,0.0,963.5745272105132,0.0,465.4011312843689,4.376943252282217e-12
2023-03-28,-6.345833333333334,3,2023,29.945833333333333,3465.8014132890967,0.0,1678.225806451613,-7.275957614183426e-12,89.03225806451613,0.0,963.5745272105132,0.0,734.9688215624544,4.376943252282217e-12
2023-03-29,-7.016666666666667,3,2023,30.616666666666667,3543.4407659452186,0.0,1678.225806451613,-7.275957614183426e-12,89.03225806451613,0.0,963.5745272105132,0.0,812.6081742185763,4.376943252282217e-12
2023-03-30,-5.408333333333334,3,2023,29.008333333333333,3357.2992123721574,0.0,1678.225806451613,-7.275957614183426e-12,89.03225806451613,0.0,963.5745272105132,0.0,626.4666206455151,4.376943252282217e-12
2023-03-31,-3.158333333333333,3,2023,26.758333333333333,3096.8939301715013,0.0,1678.225806451613,-7.275957614183426e-12,89.03225806451613,0.0,963.5745272105132,0.0,366.06133844485913,4.376943252282217e-12
2023-04-01,-2.6687499999999997,4,2023,26.268749999999997,2485.3485199521733,0.0,1540.2017136047232,0.0,30.555555555555557,0.0,401.3094754440997,0.0,513.281775347795,0.0
2023-04-02,-2.1374999999999997,4,2023,25.737499999999997,2435.085701918403,0.0,1540.2017136047232,0.0,30.555555555555557,0.0,401.3094754440997,0.0,463.01895731402476,0.0
2023-04-03,-0.17500000000000007,4,2023,23.775,2249.4089388289476,0.0,1540.2017136047232,0.0,30.555555555555557,0.0,401.3094754440997,0.0,277.3421942245692,0.0
2023-04-04,3.0625,4,2023,20.5375,1943.1014124584447,0.0,1540.2017136047232,0.0,30.555555555555557,0.0,372.34414329816605,0.0,0.0,0.0
2023-04-05,3.870833333333333,4,2023,19.729166666666664,1866.6230854109826,0.0,1540.2017136047232,0.0,30.555555555555557,0.0,295.865816250704,0.0,0.0,0.0
2023-04-06,3.8812499999999996,4,2023,19.71875,1865.63753995934,0.0,1540.2017136047232,0.0,30.555555555555557,0.0,294.8802707990614,0.0,0.0,0.0
2023-04-07,2.4250000000000003,4,2023,21.174999999999997,2003.4167940989678,0.0,1540.2017136047232,0.0,30.555555555555557,0.0,401.3094754440997,0.0,31.35004949458947,0.0
2023-04-08,3.8833333333333333,4,2023,19.71666666666667,1865.4404308690116,0.0,1540.2017136047232,0.0,30.555555555555557,0.0,294.68316170873294,0.0,0.0,0.0
2023-04-09,3.9812499999999997,4,2023,19.61875,1856.1763036235716,0.0,1540.2017136047232,0.0,30.555555555555557,0.0,285.4190344632929,0.0,0.0,0.0
2023-04-10,6.154166666666666,4,2023,17.445833333333333,1650.5915224109367,0.0,1540.2017136047232,0.0,30.555555555555557,0.0,79.83425325065802,0.0,0.0,0.0
2023-04-11,8.302083333333334,4,2023,15.297916666666666,1447.3720502822434,0.0,1447.3720502822434,0.0,0.0,0.0,0.0,0.0,0.0,0.0
2023-04-12,8.762500000000001,4,2023,14.837499999999999,1403.8109413196428,0.0,1403.8109413196428,0.0,0.0,0.0,0.0,0.0,0.0,0.0
2023-04-13,7.8687499999999995,4,2023,15.731250000000001,1488.3707410705736,0.0,1488.3707410705736,0.0,0.0,0.0,0.0,0.0,0.0,0.0
2023-04-14,6.827083333333333,4,2023,16.772916666666667,1586.925286234828,0.0,1540.2017136047232,0.0,30.555555555555557,0.0,16.168017074549347,0.0,0.0,0.0
2023-04-15,6.6499999999999995,4,2023,16.950000000000003,1603.6795589127516,0.0,1540.2017136047232,0.0,30.555555555555557,0.0,32.922289752472956,0.0,0.0,0.0
2023-04-16,6.327083333333333,4,2023,17.272916666666667,1634.2314679136703,0.0,1540.2017136047232,0.0,30.555555555555557,0.0,63.474198753391576,0.0,0.0,0.0
2023-04-17,6.175,4,2023,17.424999999999997,1648.6204315076511,0.0,1540.2017136047232,0.0,30.555555555555557,0.0,77.86316234737244,0.0,0.0,0.0
2023-04-18,5.375,4,2023,18.225,1724.3103221937993,0.0,1540.2017136047232,0.0,30.555555555555557,0.0,153.5530530335206,0.0,0.0,0.0
2023-04-19,6.064583333333334,4,2023,17.535416666666663,1659.0672132950622,0.0,1540.2017136047232,0.0,30.555555555555557,0.0,88.30994413478349,0.0,0.0,0.0
2023-04-20,6.708333333333333,4,2023,16.891666666666666,1598.160504383553,0.0,1540.2017136047232,0.0,30.555555555555557,0.0,27.403235223274272,0.0,0.0,0.0
2023-04-21,6.610416666666667,4,2023,16.989583333333336,1607.4246316289932,0.0,1540.2017136047232,0.0,30.555555555555557,0.0,36.66736246871453,0.0,0.0,0.0
2023-04-22,4.333333333333333,4,2023,19.266666666666666,1822.8648673580537,0.0,1540.2017136047232,0.0,30.555555555555557,0.0,252.10759819777508,0.0,0.0,0.0
2023-04-23,2.1062499999999997,4,2023,21.49375,2033.57448491923,0.0,1540.2017136047232,0.0,30.555555555555557,0.0,401.3094754440997,0.0,61.5077403148516,0.0
2023-04-24,2.43125,4,2023,21.16875,2002.8254668279826,0.0,1540.2017136047232,0.0,30.555555555555557,0.0,401.3094754440997,0.0,30.758722223604295,0.0
2023-04-25,1.6500000000000001,4,2023,21.95,2076.741375701173,0.0,1540.2017136047232,0.0,30.555555555555557,0.0,401.3094754440997,0.0,104.67463109679481,0.0
2023-04-26,2.220833333333333,4,2023,21.379166666666666,2022.7334849511622,0.0,1540.2017136047232,0.0,30.555555555555557,0.0,401.3094754440997,0.0,50.66674034678384,0.0
2023-04-27,2.2104166666666667,4,2023,21.389583333333334,2023.7190304028047,0.0,1540.2017136047232,0.0,30.555555555555557,0.0,401.3094754440997,0.0,51.652285798426405,0.0
2023-04-28,3.4499999999999997,4,2023,20.15,1906.4391216573415,0.0,1540.2017136047232,0.0,30.555555555555557,0.0,335.68185249706283,0.0,0.0,0.0
2023-04-29,1.7020833333333334,4,2023,21.897916666666667,2071.813648442961,0.0,1540.2017136047232,0.0,30.555555555555557,0.0,401.3094754440997,0.0,99.74690383858267,0.0
2023-04-30,2.7624999999999997,4,2023,20.8375,1971.4851214657494,0.0,1540.2017136047232,0.0,30.555555555555557,0.0,400.72785230547083,0.0,0.0,0.0
2023-05-01,3.0500000000000003,5,2023,20.549999999999997,1823.1874249400626,0.0,1336.2946173732132,0.0,30.873442815281184,0.0,412.72083411677465,0.0,43.29853063479354,3.367972567502875e-12
2023-05-02,4.510416666666667,5,2023,19.08958333333333,1693.6198676729312,0.0,1336.2946173732132,0.0,30.873442815281184,0.0,326.4518074844368,0.0,0.0,3.367972567502875e-12
2023-05-03,3.4479166666666665,5,2023,20.152083333333334,1787.8844243152096,0.0,1336.2946173732132,0.0,30.873442815281184,0.0,412.72083411677465,0.0,7.995530009940559,3.367972567502875e-12
2023-05-04,2.8312500000000003,5,2023,20.768749999999997,1842.5948336605315,0.0,1336.2946173732132,0.0,30.873442815281184,0.0,412.72083411677465,0.0,62.70593935526254,3.367972567502875e-12
2023-05-05,4.9312499999999995,5,2023,18.668750000000003,1656.2837099440292,0.0,1336.2946173732132,0.0,30.873442815281184,0.0,289.11564975553483,0.0,0.0,3.367972567502875e-12
2023-05-06,5.835416666666667,5,2023,17.764583333333334,1576.0664205660903,0.0,1336.2946173732132,0.0,30.873442815281184,0.0,208.898360377596,0.0,0.0,3.367972567502875e-12
2023-05-07,6.925000000000001,5,2023,16.674999999999997,1479.3990418917538,0.0,1336.2946173732132,0.0,30.873442815281184,0.0,112.23098170325946,0.0,0.0,3.367972567502875e-12
2023-05-08,9.652083333333334,5,2023,13.947916666666666,1237.4533465099066,0.0,1237.4533465099066,0.0,0.0,0.0,0.0,0.0,0.0,3.367972567502875e-12
2023-05-09,12.060416666666667,5,2023,11.539583333333333,1023.7870181207428,0.0,1023.7870181207428,0.0,0.0,0.0,0.0,0.0,0.0,3.367972567502875e-12
2023-05-10,13.71875,5,2023,9.88125,876.6603767731871,0.0,876.6603767731871,0.0,0.0,0.0,0.0,0.0,0.0,3.367972567502875e-12
2023-05-11,10.308333333333334,5,2023,13.291666666666666,1179.2311203484994,0.0,1179.2311203484994,0.0,0.0,0.0,0.0,0.0,0.0,3.367972567502875e-12
2023-05-12,10.908333333333333,5,2023,12.691666666666666,1125.999370715213,0.0,1125.999370715213,0.0,0.0,0.0,0.0,0.0,0.0,3.367972567502875e-12
2023-05-13,10.825000000000001,5,2023,12.774999999999999,1133.3926692753917,0.0,1133.3926692753917,0.0,0.0,0.0,0.0,0.0,0.0,3.367972567502875e-12
2023-05-14,13.122916666666667,5,2023,10.477083333333333,929.5224614784645,0.0,929.5224614784645,0.0,0.0,0.0,0.0,0.0,0.0,3.367972567502875e-12
2023-05-15,10.941666666666668,5,2023,12.658333333333331,1123.0420512911414,0.0,1123.0420512911414,0.0,0.0,0.0,0.0,0.0,0.0,3.367972567502875e-12
2023-05-16,7.4125000000000005,5,2023,16.1875,1436.1482453147087,0.0,1336.2946173732132,0.0,30.873442815281184,0.0,68.98018512621437,0.0,0.0,3.367972567502875e-12
2023-05-17,5.002083333333333,5,2023,18.597916666666666,1649.9994061678772,0.0,1336.2946173732132,0.0,30.873442815281184,0.0,282.83134597938283,0.0,0.0,3.367972567502875e-12
2023-05-18,8.420833333333333,5,2023,15.179166666666667,1346.6893327365467,0.0,1336.2946173732132,0.0,10.394715363333571,0.0,0.0,0.0,0.0,3.367972567502875e-12
2023-05-19,11.760416666666666,5,2023,11.839583333333334,1050.402892937386,0.0,1050.402892937386,0.0,0.0,0.0,0.0,0.0,0.0,3.367972567502875e-12
2023-05-20,12.637500000000001,5,2023,10.962499999999999,972.5884255915053,0.0,972.5884255915053,0.0,0.0,0.0,0.0,0.0,0.0,3.367972567502875e-12
2023-05-21,12.008333333333333,5,2023,11.591666666666667,1028.4078297208546,0.0,1028.4078297208546,0.0,0.0,0.0,0.0,0.0,0.0,3.367972567502875e-12
2023-05-22,12.160416666666668,5,2023,11.439583333333331,1014.9150598485281,0.0,1014.9150598485281,0.0,0.0,0.0,0.0,0.0,0.0,3.367972567502875e-12
2023-05-23,8.397916666666667,5,2023,15.202083333333333,1348.722489840596,0.0,1336.2946173732132,0.0,12.427872467382794,0.0,0.0,0.0,0.0,3.367972567502875e-12
2023-05-24,8.414583333333333,5,2023,15.185416666666667,1347.2438301285601,0.0,1336.2946173732132,0.0,10.949212755347016,0.0,0.0,0.0,0.0,3.367972567502875e-12
2023-05-25,6.625,5,2023,16.975,1506.0149167083973,0.0,1336.2946173732132,0.0,30.873442815281184,0.0,138.846856519903,0.0,0.0,3.367972567502875e-12
2023-05-26,5.9375,5,2023,17.6625,1567.0096298298715,0.0,1336.2946173732132,0.0,30.873442815281184,0.0,199.84156964137722,0.0,0.0,3.367972567502875e-12
2023-05-27,8.889583333333333,5,2023,14.710416666666667,1305.1020283355415,0.0,1305.1020283355415,0.0,0.0,0.0,0.0,0.0,0.0,3.367972567502875e-12
2023-05-28,6.535416666666666,5,2023,17.06458333333333,1513.9627126605892,0.0,1336.2946173732132,0.0,30.873442815281184,0.0,146.7946524720949,0.0,0.0,3.367972567502875e-12
2023-05-29,6.554166666666667,5,2023,17.045833333333334,1512.2992204845493,0.0,1336.2946173732132,0.0,30.873442815281184,0.0,145.13116029605501,0.0,0.0,3.367972567502875e-12
2023-05-30,10.06875,5,2023,13.53125,1200.4868537090133,0.0,1200.4868537090133,0.0,0.0,0.0,0.0,0.0,0.0,3.367972567502875e-12
2023-05-31,7.595833333333334,5,2023,16.004166666666663,1419.8829884823153,0.0,1336.2946173732132,0.0,30.873442815281184,0.0,52.71492829382103,0.0,0.0,3.367972567502875e-12
2023-06-01,5.4375,6,2023,18.1625,1701.7099459065705,0.0,813.4728137741934,0.0,17.022811088099864,0.0,363.2746281357779,0.0,507.93969290849947,4.575895218295045e-12
2023-06-02,6.616666666666667,6,2023,16.983333333333334,1591.2295800677175,0.0,813.4728137741934,0.0,17.022811088099864,0.0,363.2746281357779,0.0,397.45932706964646,4.575895218295045e-12
2023-06-03,7.889583333333333,6,2023,15.710416666666665,1471.9654395596976,0.0,813.4728137741934,0.0,17.022811088099864,0.0,363.2746281357779,0.0,278.1951865616266,4.575895218295045e-12
2023-06-04,8.295833333333333,6,2023,15.304166666666667,1433.9024159933088,0.0,813.4728137741934,0.0,17.022811088099864,0.0,363.2746281357779,0.0,240.13216299523768,4.575895218295045e-12
2023-06-05,9.089583333333334,6,2023,14.510416666666666,1359.5331237943635,0.0,813.4728137741934,0.0,17.022811088099864,0.0,363.2746281357779,0.0,165.76287079629245,4.575895218295045e-12
2023-06-06,8.627083333333333,6,2023,14.972916666666666,1402.8664121622528,0.0,813.4728137741934,0.0,17.022811088099864,0.0,363.2746281357779,0.0,209.09615916418173,4.575895218295045e-12
2023-06-07,9.297916666666667,6,2023,14.302083333333332,1340.0136245295485,0.0,813.4728137741934,0.0,17.022811088099864,0.0,363.2746281357779,0.0,146.24337153147738,4.575895218295045e-12
2023-06-08,8.572916666666666,6,2023,15.027083333333334,1407.9414819711048,0.0,813.4728137741934,0.0,17.022811088099864,0.0,363.2746281357779,0.0,214.17122897303378,4.575895218295045e-12
2023-06-09,12.872916666666667,6,2023,10.727083333333333,1005.0590171453234,0.0,813.4728137741934,0.0,17.022811088099864,0.0,174.56339228303023,0.0,0.0,4.575895218295045e-12
2023-06-10,14.283333333333333,6,2023,9.316666666666666,872.912007122526,0.0,813.4728137741934,0.0,17.022811088099864,0.0,42.41638226023282,0.0,0.0,4.575895218295045e-12
2023-06-11,14.333333333333334,6,2023,9.266666666666666,868.2273272989704,0.0,813.4728137741934,0.0,17.022811088099864,0.0,37.731702436677224,0.0,0.0,4.575895218295045e-12
2023-06-12,15.339583333333332,6,2023,8.260416666666668,773.9481458499142,0.0,773.9481458499142,0.0,0.0,0.0,0.0,0.0,0.0,4.575895218295045e-12
2023-06-13,14.86875,6,2023,8.73125,818.0622141883958,0.0,813.4728137741934,0.0,4.589400414202515,0.0,0.0,0.0,0.0,4.575895218295045e-12
2023-06-14,15.247916666666667,6,2023,8.352083333333333,782.5367255264326,0.0,782.5367255264326,0.0,0.0,0.0,0.0,0.0,0.0,4.575895218295045e-12
2023-06-15,14.358333333333334,6,2023,9.241666666666665,865.8849873871925,0.0,813.4728137741934,0.0,17.022811088099864,0.0,35.38936252489931,0.0,0.0,4.575895218295045e-12
2023-06-16,14.020833333333334,6,2023,9.579166666666666,897.5065761961929,0.0,813.4728137741934,0.0,17.022811088099864,0.0,67.01095133389971,0.0,0.0,4.575895218295045e-12
2023-06-17,14.46875,6,2023,9.13125,855.5396527768406,0.0,813.4728137741934,0.0,17.022811088099864,0.0,25.044027914547435,0.0,0.0,4.575895218295045e-12
2023-06-18,18.541666666666668,6,2023,6.6,618.3777367093387,0.0,618.3777367093387,0.0,0.0,0.0,0.0,0.0,0.0,4.575895218295045e-12
2023-06-19,20.287499999999998,6,2023,6.6,618.3777367093387,0.0,618.3777367093387,0.0,0.0,0.0,0.0,0.0,0.0,4.575895218295045e-12
2023-06-20,20.15625,6,2023,6.6,618.3777367093387,0.0,618.3777367093387,0.0,0.0,0.0,0.0,0.0,0.0,4.575895218295045e-12
2023-06-21,21.433333333333334,6,2023,6.6,618.3777367093387,0.0,618.3777367093387,0.0,0.0,0.0,0.0,0.0,0.0,4.575895218295045e-12
2023-06-22,16.01666666666667,6,2023,7.58333333333333,710.5097732392651,0.0,710.5097732392651,0.0,0.0,0.0,0.0,0.0,0.0,4.575895218295045e-12
2023-06-23,12.302083333333334,6,2023,11.297916666666666,1058.5424451309166,0.0,813.4728137741934,0.0,17.022811088099864,0.0,228.04682026862338,0.0,0.0,4.575895218295045e-12
2023-06-24,13.758333333333333,6,2023,9.841666666666667,922.1011452698598,0.0,813.4728137741934,0.0,17.022811088099864,0.0,91.6055204075666,0.0,0.0,4.575895218295045e-12
2023-06-25,17.054166666666667,6,2023,6.6,618.3777367093387,0.0,618.3777367093387,0.0,0.0,0.0,0.0,0.0,0.0,4.575895218295045e-12
2023-06-26,22.077083333333334,6,2023,6.6,618.3777367093387,0.0,618.3777367093387,0.0,0.0,0.0,0.0,0.0,0.0,4.575895218295045e-12
2023-06-27,17.675,6,2023,6.6,618.3777367093387,0.0,618.3777367093387,0.0,0.0,0.0,0.0,0.0,0.0,4.575895218295045e-12
2023-06-28,17.545833333333334,6,2023,6.6,618.3777367093387,0.0,618.3777367093387,0.0,0.0,0.0,0.0,0.0,0.0,4.575895218295045e-12
2023-06-29,14.38125,6,2023,9.21875,863.737842468063,0.0,813.4728137741934,0.0,17.022811088099864,0.0,33.24221760576985,0.0,0.0,4.575895218295045e-12
2023-06-30,13.041666666666666,6,2023,10.558333333333334,989.2482227408234,0.0,813.4728137741934,0.0,17.022811088099864,0.0,158.7525978785302,0.0,0.0,4.575895218295045e-12
2023-07-01,13.320833333333333,7,2023,10.279166666666667,944.4449775997144,0.0,933.9251266243768,0.0,10.519850975337604,0.0,0.0,0.0,0.0,8.242295734817162e-13
2023-07-02,16.9875,7,2023,6.612499999999999,607.5533763480934,0.0,607.5533763480934,0.0,0.0,0.0,0.0,0.0,0.0,8.242295734817162e-13
2023-07-03,14.225,7,2023,9.375,861.3705713819852,0.0,861.3705713819852,0.0,0.0,0.0,0.0,0.0,0.0,8.242295734817162e-13
2023-07-04,13.299999999999999,7,2023,10.3,946.3591344250078,0.0,933.9251266243768,0.0,12.434007800630994,0.0,0.0,0.0,0.0,8.242295734817162e-13
2023-07-05,13.647916666666667,7,2023,9.952083333333333,914.3927154426095,0.0,914.3927154426095,0.0,0.0,0.0,0.0,0.0,0.0,8.242295734817162e-13
2023-07-06,15.75,7,2023,7.85,721.2542917705156,0.0,721.2542917705156,0.0,0.0,0.0,0.0,0.0,0.0,8.242295734817162e-13
2023-07-07,15.389583333333334,7,2023,8.210416666666665,754.3692048480895,0.0,754.3692048480895,0.0,0.0,0.0,0.0,0.0,0.0,8.242295734817162e-13
2023-07-08,15.487499999999999,7,2023,8.1125,745.3726677692111,0.0,745.3726677692111,0.0,0.0,0.0,0.0,0.0,0.0,8.242295734817162e-13
2023-07-09,16.652083333333334,7,2023,6.947916666666666,638.3713012353156,0.0,638.3713012353156,0.0,0.0,0.0,0.0,0.0,0.0,8.242295734817162e-13
2023-07-10,19.006249999999998,7,2023,6.6,606.4048822529176,0.0,606.4048822529176,0.0,0.0,0.0,0.0,0.0,0.0,8.242295734817162e-13
2023-07-11,19.1125,7,2023,6.6,606.4048822529176,0.0,606.4048822529176,0.0,0.0,0.0,0.0,0.0,0.0,8.242295734817162e-13
2023-07-12,19.220833333333335,7,2023,6.6,606.4048822529176,0.0,606.4048822529176,0.0,0.0,0.0,0.0,0.0,0.0,8.242295734817162e-13
2023-07-13,15.695833333333333,7,2023,7.904166666666667,726.2310995162782,0.0,726.2310995162782,0.0,0.0,0.0,0.0,0.0,0.0,8.242295734817162e-13
2023-07-14,13.052083333333334,7,2023,10.547916666666666,969.1376006459978,0.0,933.9251266243768,0.0,35.21247402162102,0.0,0.0,0.0,0.0,8.242295734817162e-13
2023-07-15,16.204166666666666,7,2023,7.395833333333334,679.5256729791216,0.0,679.5256729791216,0.0,0.0,0.0,0.0,0.0,0.0,8.242295734817162e-13
2023-07-16,17.854166666666668,7,2023,6.6,606.4048822529176,0.0,606.4048822529176,0.0,0.0,0.0,0.0,0.0,0.0,8.242295734817162e-13
2023-07-17,15.404166666666667,7,2023,8.195833333333333,753.0292950703843,0.0,753.0292950703843,0.0,0.0,0.0,0.0,0.0,0.0,8.242295734817162e-13
2023-07-18,13.745833333333332,7,2023,9.854166666666668,905.3961783637311,0.0,905.3961783637311,0.0,0.0,0.0,0.0,0.0,0.0,8.242295734817162e-13
2023-07-19,12.891666666666666,7,2023,10.708333333333334,983.8766082007564,0.0,933.9251266243768,0.0,49.95148157637961,0.0,0.0,0.0,0.0,8.242295734817162e-13
2023-07-20,13.65625,7,2023,9.94375,913.6270527124922,0.0,913.6270527124922,0.0,0.0,0.0,0.0,0.0,0.0,8.242295734817162e-13
2023-07-21,12.362499999999999,7,2023,11.2375,1032.4961915632061,0.0,933.9251266243768,0.0,78.57106493883013,0.0,18.0,0.0,1.9999999999991758,8.242295734817162e-13
2023-07-22,12.833333333333334,7,2023,10.766666666666666,989.2362473115775,0.0,933.9251266243768,0.0,55.31112068720064,0.0,0.0,0.0,0.0,8.242295734817162e-13
2023-07-23,13.527083333333332,7,2023,10.072916666666668,925.4948250293107,0.0,925.4948250293107,0.0,0.0,0.0,0.0,0.0,0.0,8.242295734817162e-13
2023-07-24,14.018749999999999,7,2023,9.58125,880.3207239523888,0.0,880.3207239523888,0.0,0.0,0.0,0.0,0.0,0.0,8.242295734817162e-13
2023-07-25,14.641666666666666,7,2023,8.958333333333334,823.0874348761192,0.0,823.0874348761192,0.0,0.0,0.0,0.0,0.0,0.0,8.242295734817162e-13
2023-07-26,15.989583333333334,7,2023,7.610416666666666,699.2414882796425,0.0,699.2414882796425,0.0,0.0,0.0,0.0,0.0,0.0,8.242295734817162e-13
2023-07-27,15.447916666666666,7,2023,8.152083333333334,749.0095657372684,0.0,749.0095657372684,0.0,0.0,0.0,0.0,0.0,0.0,8.242295734817162e-13
2023-07-28,15.212499999999999,7,2023,8.387500000000001,770.6395378630828,0.0,770.6395378630828,0.0,0.0,0.0,0.0,0.0,0.0,8.242295734817162e-13
2023-07-29,14.983333333333334,7,2023,8.616666666666665,791.6952629413089,0.0,791.6952629413089,0.0,0.0,0.0,0.0,0.0,0.0,8.242295734817162e-13
2023-07-30,15.829166666666667,7,2023,7.770833333333332,713.9804958344009,0.0,713.9804958344009,0.0,0.0,0.0,0.0,0.0,0.0,8.242295734817162e-13
2023-07-31,15.025,7,2023,8.575,787.8669492907223,0.0,787.8669492907223,0.0,0.0,0.0,0.0,0.0,0.0,8.242295734817162e-13
2023-08-01,16.133333333333333,8,2023,7.466666666666667,732.5827015771412,0.0,732.5827015771412,0.0,0.0,0.0,0.0,0.0,0.0,0.0
2023-08-02,15.810416666666667,8,2023,7.789583333333333,764.2652681911079,0.0,764.2652681911079,0.0,0.0,0.0,0.0,0.0,0.0,0.0
2023-08-03,15.554166666666667,8,2023,8.045833333333333,789.4069178267073,0.0,789.4069178267073,0.0,0.0,0.0,0.0,0.0,0.0,0.0
2023-08-04,13.84375,8,2023,9.75625,957.2223190529443,0.0,926.3493569092382,0.0,30.87296214370619,0.0,0.0,0.0,0.0,0.0
2023-08-05,13.645833333333334,8,2023,9.954166666666666,976.6406663324722,0.0,926.3493569092382,0.0,31.743723978690866,0.0,18.547585444543216,0.0,0.0,0.0
2023-08-06,14.004166666666668,8,2023,9.595833333333331,941.4832375737476,0.0,926.3493569092382,0.0,15.133880664509515,0.0,0.0,0.0,0.0,0.0
2023-08-07,13.410416666666668,8,2023,10.189583333333331,999.7382794123317,0.0,926.3493569092382,0.0,31.743723978690866,0.0,41.64519852440278,0.0,0.0,0.0
2023-08-08,15.922916666666666,8,2023,7.677083333333334,753.2274707901131,0.0,753.2274707901131,0.0,0.0,0.0,0.0,0.0,0.0,0.0
2023-08-09,17.016666666666666,8,2023,6.6,647.5507808583658,0.0,647.5507808583658,0.0,0.0,0.0,0.0,0.0,0.0,0.0
2023-08-10,14.679166666666667,8,2023,8.920833333333333,875.2564531677785,0.0,875.2564531677785,0.0,0.0,0.0,0.0,0.0,0.0,0.0
2023-08-11,13.50625,8,2023,10.09375,990.3357112559288,0.0,926.3493569092382,0.0,31.743723978690866,0.0,32.242630367999844,0.0,0.0,0.0
2023-08-12,14.31875,8,2023,9.28125,910.6182855820771,0.0,910.6182855820771,0.0,0.0,0.0,0.0,0.0,0.0,0.0
2023-08-13,15.979166666666666,8,2023,7.620833333333334,747.7085720896157,0.0,747.7085720896157,0.0,0.0,0.0,0.0,0.0,0.0,0.0
2023-08-14,15.55625,8,2023,8.04375,789.2025141711334,0.0,789.2025141711334,0.0,0.0,0.0,0.0,0.0,0.0,0.0
2023-08-15,15.262500000000001,8,2023,8.337499999999999,818.0234296070644,0.0,818.0234296070644,0.0,0.0,0.0,0.0,0.0,0.0,0.0
2023-08-16,14.522916666666667,8,2023,9.077083333333333,890.586727335827,0.0,890.586727335827,0.0,0.0,0.0,0.0,0.0,0.0,0.0
2023-08-17,13.5875,8,2023,10.0125,982.3639686885435,0.0,926.3493569092382,0.0,31.743723978690866,0.0,24.270887800614588,0.0,0.0,0.0
2023-08-18,15.233333333333334,8,2023,8.366666666666665,820.8850807851001,0.0,820.8850807851001,0.0,0.0,0.0,0.0,0.0,0.0,0.0
2023-08-19,18.412499999999998,8,2023,6.6,647.5507808583658,0.0,647.5507808583658,0.0,0.0,0.0,0.0,0.0,0.0,0.0
2023-08-20,17.318749999999998,8,2023,6.6,647.5507808583658,0.0,647.5507808583658,0.0,0.0,0.0,0.0,0.0,0.0,0.0
2023-08-21,14.945833333333333,8,2023,8.654166666666667,849.0927852543093,0.0,849.0927852543093,0.0,0.0,0.0,0.0,0.0,0.0,0.0
2023-08-22,14.685416666666667,8,2023,8.914583333333333,874.6432422010565,0.0,874.6432422010565,0.0,0.0,0.0,0.0,0.0,0.0,0.0
2023-08-23,14.722916666666668,8,2023,8.877083333333331,870.9639764007248,0.0,870.9639764007248,0.0,0.0,0.0,0.0,0.0,0.0,0.0
2023-08-24,13.84375,8,2023,9.75625,957.2223190529443,0.0,926.3493569092382,0.0,30.87296214370619,0.0,0.0,0.0,0.0,0.0
2023-08-25,14.895833333333334,8,2023,8.704166666666666,853.9984729880847,0.0,853.9984729880847,0.0,0.0,0.0,0.0,0.0,0.0,0.0
2023-08-26,16.25,8,2023,7.35,721.1360968649983,0.0,721.1360968649983,0.0,0.0,0.0,0.0,0.0,0.0,0.0
2023-08-27,15.885416666666666,8,2023,7.714583333333334,756.9067365904448,0.0,756.9067365904448,0.0,0.0,0.0,0.0,0.0,0.0,0.0
2023-08-28,13.885416666666666,8,2023,9.714583333333334,953.1342459414648,0.0,926.3493569092382,0.0,26.784889032226683,0.0,0.0,0.0,0.0,0.0
2023-08-29,13.84375,8,2023,9.75625,957.2223190529443,0.0,926.3493569092382,0.0,30.87296214370619,0.0,0.0,0.0,0.0,0.0
2023-08-30,13.491666666666667,8,2023,10.108333333333333,991.7665368449466,0.0,926.3493569092382,0.0,31.743723978690866,0.0,33.67345595701763,0.0,0.0,0.0
2023-08-31,13.043750000000001,8,2023,10.556249999999999,1035.713322793352,0.0,926.3493569092382,0.0,31.743723978690866,0.0,75.62024190542195,0.0,2.000000000001158,0.0
2023-09-01,12.554166666666667,9,2023,11.045833333333333,1072.702275201328,0.0,1072.702275201328,0.0,0.0,0.0,0.0,0.0,0.0,1.3642420526593924e-12
2023-09-02,12.025,9,2023,11.575,1124.0916335380196,0.0,1124.0916335380196,0.0,0.0,0.0,0.0,0.0,0.0,1.3642420526593924e-12
2023-09-03,12.55625,9,2023,11.04375,1072.4999548929159,0.0,1072.4999548929159,0.0,0.0,0.0,0.0,0.0,0.0,1.3642420526593924e-12
2023-09-04,13.3375,9,2023,10.2625,996.6298392383519,0.0,996.6298392383519,0.0,0.0,0.0,0.0,0.0,0.0,1.3642420526593924e-12
2023-09-05,11.589583333333332,9,2023,12.010416666666668,1166.3765779961632,0.0,1166.3765779961632,0.0,0.0,0.0,0.0,0.0,0.0,1.3642420526593924e-12
2023-09-06,12.21875,9,2023,11.38125,1105.2758448556874,0.0,1105.2758448556874,0.0,0.0,0.0,0.0,0.0,0.0,1.3642420526593924e-12
2023-09-07,12.56875,9,2023,11.03125,1071.2860330424428,0.0,1071.2860330424428,0.0,0.0,0.0,0.0,0.0,0.0,1.3642420526593924e-12
2023-09-08,14.420833333333334,9,2023,9.179166666666665,891.4232788640231,0.0,891.4232788640231,0.0,0.0,0.0,0.0,0.0,0.0,1.3642420526593924e-12
2023-09-09,15.910416666666668,9,2023,7.689583333333331,746.7642583493212,0.0,746.7642583493212,0.0,0.0,0.0,0.0,0.0,0.0,1.3642420526593924e-12
2023-09-10,13.947916666666666,9,2023,9.652083333333334,937.3499888735861,0.0,937.3499888735861,0.0,0.0,0.0,0.0,0.0,0.0,1.3642420526593924e-12
2023-09-11,14.956249999999999,9,2023,8.64375,839.4269596020956,0.0,839.4269596020956,0.0,0.0,0.0,0.0,0.0,0.0,1.3642420526593924e-12
2023-09-12,11.922916666666666,9,2023,11.677083333333334,1134.005328650216,0.0,1134.005328650216,0.0,0.0,0.0,0.0,0.0,0.0,1.3642420526593924e-12
2023-09-13,8.497916666666667,9,2023,15.102083333333333,1466.619915679824,0.0,1249.862786827357,0.0,33.70266204827426,0.0,181.05446680419413,0.0,1.9999999999986358,1.3642420526593924e-12
2023-09-14,9.722916666666666,9,2023,13.877083333333333,1347.655574333468,0.0,1249.862786827357,0.0,33.70266204827426,0.0,64.09012545783662,0.0,0.0,1.3642420526593924e-12
2023-09-15,11.674999999999999,9,2023,11.925,1158.0814453512642,0.0,1158.0814453512642,0.0,0.0,0.0,0.0,0.0,0.0,1.3642420526593924e-12
2023-09-16,10.206249999999999,9,2023,13.39375,1300.7172627818443,0.0,1249.862786827357,0.0,33.70266204827426,0.0,17.151813906212976,0.0,0.0,1.3642420526593924e-12
2023-09-17,9.53125,9,2023,14.06875,1366.2690427073876,0.0,1249.862786827357,0.0,33.70266204827426,0.0,82.70359383175628,0.0,0.0,1.3642420526593924e-12
2023-09-18,11.783333333333333,9,2023,11.816666666666666,1147.5607893138313,0.0,1147.5607893138313,0.0,0.0,0.0,0.0,0.0,0.0,1.3642420526593924e-12
2023-09-19,12.897916666666667,9,2023,10.702083333333333,1039.3194243133198,0.0,1039.3194243133198,0.0,0.0,0.0,0.0,0.0,0.0,1.3642420526593924e-12
2023-09-20,11.174999999999999,9,2023,12.425,1206.638319370185,0.0,1206.638319370185,0.0,0.0,0.0,0.0,0.0,0.0,1.3642420526593924e-12
2023-09-21,12.191666666666668,9,2023,11.408333333333331,1107.9060088650456,0.0,1107.9060088650456,0.0,0.0,0.0,0.0,0.0,0.0,1.3642420526593924e-12
2023-09-22,11.395833333333334,9,2023,12.204166666666666,1185.1923666784949,0.0,1185.1923666784949,0.0,0.0,0.0,0.0,0.0,0.0,1.3642420526593924e-12
2023-09-23,10.512500000000001,9,2023,13.087499999999999,1270.976177445255,0.0,1249.862786827357,0.0,21.11339061789792,0.0,0.0,0.0,0.0,1.3642420526593924e-12
2023-09-24,10.702083333333334,9,2023,12.897916666666665,1252.5650293797476,0.0,1249.862786827357,0.0,2.7022425523905156,0.0,0.0,0.0,0.0,1.3642420526593924e-12
2023-09-25,13.102083333333333,9,2023,10.497916666666667,1019.4920340889273,0.0,1019.4920340889273,0.0,0.0,0.0,0.0,0.0,0.0,1.3642420526593924e-12
2023-09-26,13.229166666666666,9,2023,10.370833333333334,1007.1504952757848,0.0,1007.1504952757848,0.0,0.0,0.0,0.0,0.0,0.0,1.3642420526593924e-12
2023-09-27,12.527083333333332,9,2023,11.072916666666668,1075.3324392106863,0.0,1075.3324392106863,0.0,0.0,0.0,0.0,0.0,0.0,1.3642420526593924e-12
2023-09-28,12.091666666666667,9,2023,11.508333333333333,1117.61738366883,0.0,1117.61738366883,0.0,0.0,0.0,0.0,0.0,0.0,1.3642420526593924e-12
2023-09-29,11.893749999999999,9,2023,11.70625,1136.8378129679863,0.0,1136.8378129679863,0.0,0.0,0.0,0.0,0.0,0.0,1.3642420526593924e-12
2023-09-30,10.458333333333334,9,2023,13.141666666666666,1276.2365054639715,0.0,1249.862786827357,0.0,26.373718636614484,0.0,0.0,0.0,0.0,1.3642420526593924e-12
2023-10-01,9.983333333333333,10,2023,13.616666666666667,1510.6950004258583,0.0,1510.6950004258583,-4.440892098500626e-16,0.0,1.1368683772161603e-13,0.0,0.0,0.0,1.9326762412674725e-11
2023-10-02,9.395833333333334,10,2023,14.204166666666666,1575.8749254748318,0.0,1575.8749254748318,-4.440892098500626e-16,0.0,1.1368683772161603e-13,0.0,0.0,0.0,1.9326762412674725e-11
2023-10-03,8.597916666666666,10,2023,15.002083333333333,1664.3994336087217,0.0,1577.842416348253,-4.440892098500626e-16,23.862068965517242,1.1368683772161603e-13,62.694948294951445,0.0,0.0,1.9326762412674725e-11
2023-10-04,8.5,10,2023,15.1,1675.2627544502172,0.0,1577.842416348253,-4.440892098500626e-16,23.862068965517242,1.1368683772161603e-13,73.55826913644702,0.0,0.0,1.9326762412674725e-11
2023-10-05,6.283333333333334,10,2023,17.316666666666663,1921.1898475427984,0.0,1577.842416348253,-4.440892098500626e-16,23.862068965517242,1.1368683772161603e-13,319.48536222902806,0.0,0.0,1.9326762412674725e-11
2023-10-06,6.258333333333333,10,2023,17.34166666666667,1923.9634613746703,0.0,1577.842416348253,-4.440892098500626e-16,23.862068965517242,1.1368683772161603e-13,322.25897606089995,0.0,0.0,1.9326762412674725e-11
2023-10-07,4.345833333333333,10,2023,19.254166666666666,2136.1449195128184,0.0,1577.842416348253,-4.440892098500626e-16,23.862068965517242,1.1368683772161603e-13,534.4404341990482,0.0,0.0,1.9326762412674725e-11
2023-10-08,4.3812500000000005,10,2023,19.21875,2132.215633251001,0.0,1577.842416348253,-4.440892098500626e-16,23.862068965517242,1.1368683772161603e-13,530.5111479372306,0.0,0.0,1.9326762412674725e-11
2023-10-09,5.579166666666667,10,2023,18.020833333333336,1999.313303807172,0.0,1577.842416348253,-4.440892098500626e-16,23.862068965517242,1.1368683772161603e-13,397.6088184934016,0.0,0.0,1.9326762412674725e-11
2023-10-10,8.341666666666667,10,2023,15.258333333333333,1692.8289753854017,0.0,1577.842416348253,-4.440892098500626e-16,23.862068965517242,1.1368683772161603e-13,91.12449007163147,0.0,0.0,1.9326762412674725e-11
2023-10-11,8.045833333333333,10,2023,15.554166666666667,1725.650072395878,0.0,1577.842416348253,-4.440892098500626e-16,23.862068965517242,1.1368683772161603e-13,123.94558708210772,0.0,0.0,1.9326762412674725e-11
2023-10-12,6.477083333333333,10,2023,17.12291666666667,1899.6943403457972,0.0,1577.842416348253,-4.440892098500626e-16,23.862068965517242,1.1368683772161603e-13,297.98985503202687,0.0,0.0,1.9326762412674725e-11
2023-10-13,7.820833333333333,10,2023,15.779166666666667,1750.612596882719,0.0,1577.842416348253,-4.440892098500626e-16,23.862068965517242,1.1368683772161603e-13,148.90811156894867,0.0,0.0,1.9326762412674725e-11
2023-10-14,6.539583333333333,10,2023,17.06041666666667,1892.7603057661192,0.0,1577.842416348253,-4.440892098500626e-16,23.862068965517242,1.1368683772161603e-13,291.05582045234894,0.0,0.0,1.9326762412674725e-11
2023-10-15,5.0125,10,2023,18.5875,2062.1818839962525,0.0,1577.842416348253,-4.440892098500626e-16,23.862068965517242,1.1368683772161603e-13,460.4773986824822,0.0,0.0,1.9326762412674725e-11
2023-10-16,3.1208333333333336,10,2023,20.479166666666664,2272.051997274508,0.0,1577.842416348253,-4.440892098500626e-16,23.862068965517242,1.1368683772161603e-13,670.3475119607376,0.0,0.0,1.9326762412674725e-11
2023-10-17,6.795833333333333,10,2023,16.804166666666667,1864.3307639894388,0.0,1577.842416348253,-4.440892098500626e-16,23.862068965517242,1.1368683772161603e-13,262.62627867566846,0.0,0.0,1.9326762412674725e-11
2023-10-18,5.395833333333333,10,2023,18.204166666666666,2019.6531385742271,0.0,1577.842416348253,-4.440892098500626e-16,23.862068965517242,1.1368683772161603e-13,417.9486532604568,0.0,0.0,1.9326762412674725e-11
2023-10-19,1.4124999999999999,10,2023,22.1875,2461.5822757857086,0.0,1577.842416348253,-4.440892098500626e-16,23.862068965517242,1.1368683772161603e-13,700.2717068523358,0.0,159.60608361960269,1.9326762412674725e-11
2023-10-20,1.3583333333333334,10,2023,22.241666666666667,2467.591772421429,0.0,1577.842416348253,-4.440892098500626e-16,23.862068965517242,1.1368683772161603e-13,700.2717068523358,0.0,165.61558025532324,1.9326762412674725e-11
2023-10-21,1.4416666666666667,10,2023,22.15833333333333,2458.3463929818586,0.0,1577.842416348253,-4.440892098500626e-16,23.862068965517242,1.1368683772161603e-13,700.2717068523358,0.0,156.37020081575267,1.9326762412674725e-11
2023-10-22,5.127083333333333,10,2023,18.472916666666666,2049.469487266843,0.0,1577.842416348253,-4.440892098500626e-16,23.862068965517242,1.1368683772161603e-13,447.76500195307256,0.0,0.0,1.9326762412674725e-11
2023-10-23,5.633333333333333,10,2023,17.96666666666667,1993.303807171451,0.0,1577.842416348253,-4.440892098500626e-16,23.862068965517242,1.1368683772161603e-13,391.5993218576806,0.0,0.0,1.9326762412674725e-11
2023-10-24,5.716666666666666,10,2023,17.883333333333333,1984.0584277318796,0.0,1577.842416348253,-4.440892098500626e-16,23.862068965517242,1.1368683772161603e-13,382.35394241810934,0.0,0.0,1.9326762412674725e-11
2023-10-25,5.054166666666666,10,2023,18.545833333333334,2057.559194276467,0.0,1577.842416348253,-4.440892098500626e-16,23.862068965517242,1.1368683772161603e-13,455.8547089626969,0.0,0.0,1.9326762412674725e-11
2023-10-26,2.4812499999999997,10,2023,21.11875,2343.0102844732132,0.0,1577.842416348253,-4.440892098500626e-16,23.862068965517242,1.1368683772161603e-13,700.2717068523358,0.0,41.03409230710733,1.9326762412674725e-11
2023-10-27,0.6875,10,2023,22.9125,2542.017076909974,0.0,1577.842416348253,-4.440892098500626e-16,23.862068965517242,1.1368683772161603e-13,700.2717068523358,0.0,240.04088474386816,1.9326762412674725e-11
2023-10-28,0.10416666666666667,10,2023,23.49583333333333,2606.7347329869685,0.0,1577.842416348253,-4.440892098500626e-16,23.862068965517242,1.1368683772161603e-13,700.2717068523358,0.0,304.75854082086266,1.9326762412674725e-11
2023-10-29,-2.06875,10,2023,25.668750000000003,2847.8080018737764,0.0,1577.842416348253,-4.440892098500626e-16,23.862068965517242,1.1368683772161603e-13,700.2717068523358,0.0,545.8318097076706,1.9326762412674725e-11
2023-10-30,-1.2625,10,2023,24.862499999999997,2758.3589557959285,0.0,1577.842416348253,-4.440892098500626e-16,23.862068965517242,1.1368683772161603e-13,700.2717068523358,0.0,456.38276362982265,1.9326762412674725e-11
2023-10-31,-2.0104166666666665,10,2023,25.610416666666666,2841.3362362660764,0.0,1577.842416348253,-4.440892098500626e-16,23.862068965517242,1.1368683772161603e-13,700.2717068523358,0.0,539.3600440999705,1.9326762412674725e-11
2023-11-01,-0.46875,11,2023,24.06875,3073.979418987788,0.0,1731.2,1.4551915228366852e-11,149.33333333333334,0.0,720.906565093452,-1.4210854715202004e-14,472.53952056100275,0.0
2023-11-02,1.4333333333333333,11,2023,22.166666666666664,2831.051763007882,0.0,1731.2,1.4551915228366852e-11,149.33333333333334,0.0,720.906565093452,-1.4210854715202004e-14,229.61186458109668,0.0
2023-11-03,2.4229166666666666,11,2023,21.177083333333336,2704.6655235878875,0.0,1731.2,1.4551915228366852e-11,149.33333333333334,0.0,720.906565093452,-1.4210854715202004e-14,103.2256251611021,0.0
2023-11-04,3.502083333333333,11,2023,20.097916666666666,2566.8380035467144,0.0,1731.2,1.4551915228366852e-11,149.33333333333334,0.0,686.304670213381,-1.4210854715202004e-14,0.0,0.0
2023-11-05,3.797916666666667,11,2023,19.802083333333332,2529.0551698674735,0.0,1731.2,1.4551915228366852e-11,149.33333333333334,0.0,648.5218365341401,-1.4210854715202004e-14,0.0,0.0
2023-11-06,2.13125,11,2023,21.46875,2741.9162046800966,0.0,1731.2,1.4551915228366852e-11,149.33333333333334,0.0,720.906565093452,-1.4210854715202004e-14,140.4763062533112,0.0
2023-11-07,3.110416666666667,11,2023,20.489583333333332,2616.8603467276807,0.0,1731.2,1.4551915228366852e-11,149.33333333333334,0.0,720.906565093452,-1.4210854715202004e-14,15.420448300895346,0.0
2023-11-08,2.0458333333333334,11,2023,21.554166666666667,2752.8253327142434,0.0,1731.2,1.4551915228366852e-11,149.33333333333334,0.0,720.906565093452,-1.4210854715202004e-14,151.38543428745797,0.0
2023-11-09,3.454166666666667,11,2023,20.145833333333332,2572.957758297577,0.0,1731.2,1.4551915228366852e-11,149.33333333333334,0.0,692.4244249642437,-1.4210854715202004e-14,0.0,0.0
2023-11-10,3.2916666666666665,11,2023,20.308333333333334,2593.711709191808,0.0,1731.2,1.4551915228366852e-11,149.33333333333334,0.0,713.1783758584746,-1.4210854715202004e-14,0.0,0.0
2023-11-11,1.6541666666666668,11,2023,21.945833333333333,2802.8476758952097,0.0,1731.2,1.4551915228366852e-11,149.33333333333334,0.0,720.906565093452,-1.4210854715202004e-14,201.4077774684243,0.0
2023-11-12,0.5229166666666667,11,2023,23.077083333333334,2947.3271032742778,0.0,1731.2,1.4551915228366852e-11,149.33333333333334,0.0,720.906565093452,-1.4210854715202004e-14,345.8872048474925,0.0
2023-11-13,-0.5875,11,2023,24.1875,3089.145767718187,0.0,1731.2,1.4551915228366852e-11,149.33333333333334,0.0,720.906565093452,-1.4210854715202004e-14,487.70586929140177,0.0
2023-11-14,-0.6020833333333333,11,2023,24.202083333333334,3091.0083017727975,0.0,1731.2,1.4551915228366852e-11,149.33333333333334,0.0,720.906565093452,-1.4210854715202004e-14,489.56840334601225,0.0
2023-11-15,-2.9875000000000003,11,2023,26.5875,3395.6656578483635,0.0,1731.2,1.4551915228366852e-11,149.33333333333334,0.0,720.906565093452,-1.4210854715202004e-14,794.2257594215782,0.0
2023-11-16,-4.854166666666667,11,2023,28.454166666666666,3634.0700168385015,0.0,1731.2,1.4551915228366852e-11,149.33333333333334,0.0,720.906565093452,-1.4210854715202004e-14,1032.6301184117162,0.0
2023-11-17,-3.9270833333333335,11,2023,27.52708333333333,3515.6660662239797,0.0,1731.2,1.4551915228366852e-11,149.33333333333334,0.0,720.906565093452,-1.4210854715202004e-14,914.2261677971944,0.0
2023-11-18,-2.8083333333333336,11,2023,26.40833333333333,3372.783096606007,0.0,1731.2,1.4551915228366852e-11,149.33333333333334,0.0,720.906565093452,-1.4210854715202004e-14,771.3431981792216,0.0
2023-11-19,-4.752083333333333,11,2023,28.352083333333333,3621.0322784562286,0.0,1731.2,1.4551915228366852e-11,149.33333333333334,0.0,720.906565093452,-1.4210854715202004e-14,1019.5923800294435,0.0
2023-11-20,-6.647916666666667,11,2023,30.24791666666667,3863.1617055555867,0.0,1731.2,1.4551915228366852e-11,149.33333333333334,0.0,720.906565093452,-1.4210854715202004e-14,1261.7218071288007,0.0
2023-11-21,-7.485416666666667,11,2023,31.085416666666667,3970.12437554893,0.0,1731.2,1.4551915228366852e-11,149.33333333333334,0.0,720.906565093452,-1.4210854715202004e-14,1368.684477122144,0.0
2023-11-22,0.625,11,2023,22.975,2934.2893648920044,0.0,1731.2,1.4551915228366852e-11,149.33333333333334,0.0,720.906565093452,-1.4210854715202004e-14,332.84946646521917,0.0
2023-11-23,1.58125,11,2023,22.018749999999997,2812.1603461682616,0.0,1731.2,1.4551915228366852e-11,149.33333333333334,0.0,720.906565093452,-1.4210854715202004e-14,210.72044774147625,0.0
2023-11-24,0.047916666666666684,11,2023,23.552083333333336,3007.992498195875,0.0,1731.2,1.4551915228366852e-11,149.33333333333334,0.0,720.906565093452,-1.4210854715202004e-14,406.55259976908997,0.0
2023-11-25,-1.6624999999999999,11,2023,25.262500000000003,3226.4411351723293,0.0,1731.2,1.4551915228366852e-11,149.33333333333334,0.0,720.906565093452,-1.4210854715202004e-14,625.001236745544,0.0
2023-11-26,-3.783333333333333,11,2023,27.383333333333333,3497.3068019713915,0.0,1731.2,1.4551915228366852e-11,149.33333333333334,0.0,720.906565093452,-1.4210854715202004e-14,895.8669035446062,0.0
2023-11-27,-6.260416666666667,11,2023,29.860416666666666,3813.6715149616516,0.0,1731.2,1.4551915228366852e-11,149.33333333333334,0.0,720.906565093452,-1.4210854715202004e-14,1212.2316165348657,0.0
2023-11-28,-9.1375,11,2023,32.7375,4181.122876306941,0.0,1731.2,1.4551915228366852e-11,149.33333333333334,0.0,720.906565093452,-1.4210854715202004e-14,1579.6829778801557,0.0
2023-11-29,-4.452083333333333,11,2023,28.052083333333336,3582.7172921899564,0.0,1731.2,1.4551915228366852e-11,149.33333333333334,0.0,720.906565093452,-1.4210854715202004e-14,981.2773937631712,0.0
2023-11-30,-6.0249999999999995,11,2023,29.625,3783.604893794369,0.0,1731.2,1.4551915228366852e-11,149.33333333333334,0.0,720.906565093452,-1.4210854715202004e-14,1182.1649953675833,0.0
2023-12-01,-7.829166666666667,12,2023,31.429166666666667,4162.441073401893,0.0,1483.3548387096773,2.1827872842550278e-11,143.5483870967742,-9.094947017729282e-13,1034.6504792983965,-1.4210854715202004e-14,1500.8873682970452,1.9099388737231493e-11
2023-12-02,-8.702083333333333,12,2023,32.302083333333336,4278.049107987296,0.0,1483.3548387096773,2.1827872842550278e-11,143.5483870967742,-9.094947017729282e-13,1034.6504792983965,-1.4210854715202004e-14,1616.4954028824486,1.9099388737231493e-11
2023-12-03,-9.745833333333334,12,2023,33.34583333333333,4416.2821039951405,0.0,1483.3548387096773,2.1827872842550278e-11,143.5483870967742,-9.094947017729282e-13,1034.6504792983965,-1.4210854715202004e-14,1754.728398890293,1.9099388737231493e-11
2023-12-04,-8.7875,12,2023,32.3875,4289.361588698517,0.0,1483.3548387096773,2.1827872842550278e-11,143.5483870967742,-9.094947017729282e-13,1034.6504792983965,-1.4210854715202004e-14,1627.8078835936694,1.9099388737231493e-11
2023-12-05,-8.466666666666667,12,2023,32.06666666666667,4246.870807490517,0.0,1483.3548387096773,2.1827872842550278e-11,143.5483870967742,-9.094947017729282e-13,1034.6504792983965,-1.4210854715202004e-14,1585.3171023856694,1.9099388737231493e-11
2023-12-06,-7.825,12,2023,31.424999999999997,4161.889245074516,0.0,1483.3548387096773,2.1827872842550278e-11,143.5483870967742,-9.094947017729282e-13,1034.6504792983965,-1.4210854715202004e-14,1500.3355399696684,1.9099388737231493e-11
2023-12-07,-8.358333333333333,12,2023,31.958333333333336,4232.523270978724,0.0,1483.3548387096773,2.1827872842550278e-11,143.5483870967742,-9.094947017729282e-13,1034.6504792983965,-1.4210854715202004e-14,1570.9695658738765,1.9099388737231493e-11
2023-12-08,-6.322916666666667,12,2023,29.922916666666666,3962.955133055242,0.0,1483.3548387096773,2.1827872842550278e-11,143.5483870967742,-9.094947017729282e-13,1034.6504792983965,-1.4210854715202004e-14,1301.4014279503945,1.9099388737231493e-11
2023-12-09,-0.15416666666666665,12,2023,23.754166666666663,3145.9732943741465,0.0,1483.3548387096773,2.1827872842550278e-11,143.5483870967742,-9.094947017729282e-13,1034.6504792983965,-1.4210854715202004e-14,484.4195892692984,1.9099388737231493e-11
2023-12-10,0.19791666666666666,12,2023,23.40208333333333,3099.3438007108216,0.0,1483.3548387096773,2.1827872842550278e-11,143.5483870967742,-9.094947017729282e-13,1034.6504792983965,-1.4210854715202004e-14,437.79009560597353,1.9099388737231493e-11
2023-12-11,-2.7104166666666667,12,2023,26.31041666666667,3484.5199732197075,0.0,1483.3548387096773,2.1827872842550278e-11,143.5483870967742,-9.094947017729282e-13,1034.6504792983965,-1.4210854715202004e-14,822.9662681148594,1.9099388737231493e-11
2023-12-12,-4.064583333333333,12,2023,27.664583333333333,3663.864179617111,0.0,1483.3548387096773,2.1827872842550278e-11,143.5483870967742,-9.094947017729282e-13,1034.6504792983965,-1.4210854715202004e-14,1002.3104745122627,1.9099388737231493e-11
2023-12-13,-6.570833333333333,12,2023,30.170833333333334,3995.7889185341514,0.0,1483.3548387096773,2.1827872842550278e-11,143.5483870967742,-9.094947017729282e-13,1034.6504792983965,-1.4210854715202004e-14,1334.2352134293033,1.9099388737231493e-11
2023-12-14,-7.352083333333333,12,2023,30.952083333333334,4099.25672991727,0.0,1483.3548387096773,2.1827872842550278e-11,143.5483870967742,-9.094947017729282e-13,1034.6504792983965,-1.4210854715202004e-14,1437.703024812422,1.9099388737231493e-11
2023-12-15,-1.6145833333333333,12,2023,25.21458333333333,3339.389123119654,0.0,1483.3548387096773,2.1827872842550278e-11,143.5483870967742,-9.094947017729282e-13,1034.6504792983965,-1.4210854715202004e-14,677.8354180148059,1.9099388737231493e-11
2023-12-16,2.69375,12,2023,20.90625,2768.7986326122227,0.0,1483.3548387096773,2.1827872842550278e-11,143.5483870967742,-9.094947017729282e-13,1034.6504792983965,-1.4210854715202004e-14,107.24492750737468,1.9099388737231493e-11
2023-12-17,2.704166666666667,12,2023,20.895833333333332,2767.419061793781,0.0,1483.3548387096773,2.1827872842550278e-11,143.5483870967742,-9.094947017729282e-13,1034.6504792983965,-1.4210854715202004e-14,105.86535668893308,1.9099388737231493e-11
2023-12-18,3.9125,12,2023,19.6875,2607.3888468545597,0.0,1483.3548387096773,2.1827872842550278e-11,143.5483870967742,-9.094947017729282e-13,980.4856210481082,-1.4210854715202004e-14,0.0,1.9099388737231493e-11
2023-12-19,2.3874999999999997,12,2023,21.2125,2809.358014674405,0.0,1483.3548387096773,2.1827872842550278e-11,143.5483870967742,-9.094947017729282e-13,1034.6504792983965,-1.4210854715202004e-14,147.80430956955675,1.9099388737231493e-11
2023-12-20,-3.4895833333333335,12,2023,27.08958333333333,3587.711870439136,0.0,1483.3548387096773,2.1827872842550278e-11,143.5483870967742,-9.094947017729282e-13,1034.6504792983965,-1.4210854715202004e-14,926.1581653342881,1.9099388737231493e-11
2023-12-21,-2.3000000000000003,12,2023,25.9,3430.1648829731093,0.0,1483.3548387096773,2.1827872842550278e-11,143.5483870967742,-9.094947017729282e-13,1034.6504792983965,-1.4210854715202004e-14,768.6111778682613,1.9099388737231493e-11
2023-12-22,-1.4875,12,2023,25.0875,3322.558359134667,0.0,1483.3548387096773,2.1827872842550278e-11,143.5483870967742,-9.094947017729282e-13,1034.6504792983965,-1.4210854715202004e-14,661.0046540298191,1.9099388737231493e-11
2023-12-23,-2.49375,12,2023,26.09375,3455.8249001961226,0.0,1483.3548387096773,2.1827872842550278e-11,143.5483870967742,-9.094947017729282e-13,1034.6504792983965,-1.4210854715202004e-14,794.2711950912745,1.9099388737231493e-11
2023-12-24,-3.6333333333333333,12,2023,27.233333333333334,3606.7499477336305,0.0,1483.3548387096773,2.1827872842550278e-11,143.5483870967742,-9.094947017729282e-13,1034.6504792983965,-1.4210854715202004e-14,945.1962426287827,1.9099388737231493e-11
2023-12-25,-1.9437499999999999,12,2023,25.543750000000003,3382.9835609824086,0.0,1483.3548387096773,2.1827872842550278e-11,143.5483870967742,-9.094947017729282e-13,1034.6504792983965,-1.4210854715202004e-14,721.4298558775605,1.9099388737231493e-11
2023-12-26,-1.6312499999999999,12,2023,25.231250000000003,3341.5964364291613,0.0,1483.3548387096773,2.1827872842550278e-11,143.5483870967742,-9.094947017729282e-13,1034.6504792983965,-1.4210854715202004e-14,680.0427313243132,1.9099388737231493e-11
2023-12-27,-0.6958333333333334,12,2023,24.295833333333334,3217.7109769331087,0.0,1483.3548387096773,2.1827872842550278e-11,143.5483870967742,-9.094947017729282e-13,1034.6504792983965,-1.4210854715202004e-14,556.1572718282606,1.9099388737231493e-11
2023-12-28,-3.747916666666667,12,2023,27.34791666666667,3621.9252267364877,0.0,1483.3548387096773,2.1827872842550278e-11,143.5483870967742,-9.094947017729282e-13,1034.6504792983965,-1.4210854715202004e-14,960.3715216316394,1.9099388737231493e-11
2023-12-29,-2.15,12,2023,25.75,3410.299063187551,0.0,1483.3548387096773,2.1827872842550278e-11,143.5483870967742,-9.094947017729282e-13,1034.6504792983965,-1.4210854715202004e-14,748.7453580827029,1.9099388737231493e-11
2023-12-30,-2.533333333333333,12,2023,26.133333333333333,3461.0672693062006,0.0,1483.3548387096773,2.1827872842550278e-11,143.5483870967742,-9.094947017729282e-13,1034.6504792983965,-1.4210854715202004e-14,799.5135642013526,1.9099388737231493e-11
2023-12-31,-2.74375,12,2023,26.34375,3488.9345998387203,0.0,1483.3548387096773,2.1827872842550278e-11,143.5483870967742,-9.094947017729282e-13,1034.6504792983965,-1.4210854715202004e-14,827.3808947338722,1.9099388737231493e-11
2024-01-01,-4.889583333333333,1,2024,28.489583333333336,3266.2068831219412,0.0,1599.1935483870968,-1.4551915228366852e-11,106.19354838709677,1.3642420526593924e-12,1041.8085933230427,0.0,519.0111930247049,0.0
2024-01-02,-8.060416666666667,1,2024,31.66041666666667,3629.729140972881,0.0,1599.1935483870968,-1.4551915228366852e-11,106.19354838709677,1.3642420526593924e-12,1041.8085933230427,0.0,882.5334508756448,0.0
2024-01-03,-9.775,1,2024,33.375,3826.298666735905,0.0,1599.1935483870968,-1.4551915228366852e-11,106.19354838709677,1.3642420526593924e-12,1041.8085933230427,0.0,1079.102976638669,0.0
2024-01-04,-10.7875,1,2024,34.3875,3942.3773903335114,0.0,1599.1935483870968,-1.4551915228366852e-11,106.19354838709677,1.3642420526593924e-12,1041.8085933230427,0.0,1195.181700236276,0.0
2024-01-05,-10.179166666666667,1,2024,33.77916666666667,3872.6346181308345,0.0,1599.1935483870968,-1.4551915228366852e-11,106.19354838709677,1.3642420526593924e-12,1041.8085933230427,0.0,1125.4389280335988,0.0
2024-01-06,-7.839583333333334,1,2024,31.43958333333333,3604.411559282867,0.0,1599.1935483870968,-1.4551915228366852e-11,106.19354838709677,1.3642420526593924e-12,1041.8085933230427,0.0,857.2158691856309,0.0
2024-01-07,-9.941666666666666,1,2024,33.541666666666664,3845.4062755585555,0.0,1599.1935483870968,-1.4551915228366852e-11,106.19354838709677,1.3642420526593924e-12,1041.8085933230427,0.0,1098.2105854613199,0.0
2024-01-08,1.8354166666666665,1,2024,21.764583333333334,2495.2148671279647,0.0,1599.1935483870968,-1.4551915228366852e-11,106.19354838709677,1.3642420526593924e-12,789.827770353771,0.0,0.0,0.0
2024-01-09,3.4020833333333336,1,2024,20.197916666666664,2315.6033441950435,0.0,1599.1935483870968,-1.4551915228366852e-11,106.19354838709677,1.3642420526593924e-12,610.2162474208499,0.0,0.0,0.0
2024-01-10,3.9270833333333335,1,2024,19.672916666666666,2255.414376403692,0.0,1599.1935483870968,-1.4551915228366852e-11,106.19354838709677,1.3642420526593924e-12,550.0272796294985,0.0,0.0,0.0
2024-01-11,4.020833333333333,1,2024,19.579166666666666,2244.6663464409507,0.0,1599.1935483870968,-1.4551915228366852e-11,106.19354838709677,1.3642420526593924e-12,539.2792496667571,0.0,0.0,0.0
2024-01-12,3.6770833333333335,1,2024,19.922916666666666,2284.075789637669,0.0,1599.1935483870968,-1.4551915228366852e-11,106.19354838709677,1.3642420526593924e-12,578.6886928634754,0.0,0.0,0.0
2024-01-13,3.0270833333333336,1,2024,20.572916666666664,2358.5954640460086,0.0,1599.1935483870968,-1.4551915228366852e-11,106.19354838709677,1.3642420526593924e-12,653.208367271815,0.0,0.0,0.0
2024-01-14,-0.61875,1,2024,24.21875,2776.574407041504,0.0,1599.1935483870968,-1.4551915228366852e-11,106.19354838709677,1.3642420526593924e-12,1041.8085933230427,0.0,29.378716944267637,0.0
2024-01-15,-5.960416666666667,1,2024,29.56041666666667,3388.9732698074754,0.0,1599.1935483870968,-1.4551915228366852e-11,106.19354838709677,1.3642420526593924e-12,1041.8085933230427,0.0,641.777579710239,0.0
2024-01-16,-8.822916666666666,1,2024,32.422916666666666,3717.14645133651,0.0,1599.1935483870968,-1.4551915228366852e-11,106.19354838709677,1.3642420526593924e-12,1041.8085933230427,0.0,969.9507612392738,0.0
2024-01-17,-10.049999999999999,1,2024,33.65,3857.826221293279,0.0,1599.1935483870968,-1.4551915228366852e-11,106.19354838709677,1.3642420526593924e-12,1041.8085933230427,0.0,1110.630531196043,0.0
2024-01-18,-11.125,1,2024,34.725,3981.0702981993795,0.0,1599.1935483870968,-1.4551915228366852e-11,106.19354838709677,1.3642420526593924e-12,1041.8085933230427,0.0,1233.8746081021434,0.0
2024-01-19,-8.418750000000001,1,2024,32.018750000000004,3670.810499941581,0.0,1599.1935483870968,-1.4551915228366852e-11,106.19354838709677,1.3642420526593924e-12,1041.8085933230427,0.0,923.6148098443448,0.0
2024-01-20,-7.241666666666667,1,2024,30.84166666666667,3535.8630126316066,0.0,1599.1935483870968,-1.4551915228366852e-11,106.19354838709677,1.3642420526593924e-12,1041.8085933230427,0.0,788.6673225343702,0.0
2024-01-21,-0.48541666666666666,1,2024,24.085416666666667,2761.288319983383,0.0,1599.1935483870968,-1.4551915228366852e-11,106.19354838709677,1.3642420526593924e-12,1041.8085933230427,0.0,14.09262988614688,0.0
2024-01-22,3.1791666666666667,1,2024,20.420833333333334,2341.1597709953394,0.0,1599.1935483870968,-1.4551915228366852e-11,106.19354838709677,1.3642420526593924e-12,635.7726742211457,0.0,0.0,0.0
2024-01-23,1.8458333333333332,1,2024,21.754166666666666,2494.020641576549,0.0,1599.1935483870968,-1.4551915228366852e-11,106.19354838709677,1.3642420526593924e-12,788.6335448023556,0.0,0.0,0.0
2024-01-24,1.6187500000000001,1,2024,21.98125,2520.0547585974114,0.0,1599.1935483870968,-1.4551915228366852e-11,106.19354838709677,1.3642420526593924e-12,814.6676618232177,0.0,0.0,0.0
2024-01-25,1.0541666666666667,1,2024,22.545833333333334,2584.7817834841426,0.0,1599.1935483870968,-1.4551915228366852e-11,106.19354838709677,1.3642420526593924e-12,879.3946867099489,0.0,0.0,0.0
2024-01-26,2.672916666666667,1,2024,20.927083333333332,2399.1991327941423,0.0,1599.1935483870968,-1.4551915228366852e-11,106.19354838709677,1.3642420526593924e-12,693.8120360199487,0.0,0.0,0.0
2024-01-27,3.00625,1,2024,20.59375,2360.98391514884,0.0,1599.1935483870968,-1.4551915228366852e-11,106.19354838709677,1.3642420526593924e-12,655.5968183746463,0.0,0.0,0.0
2024-01-28,4.808333333333334,1,2024,18.791666666666664,2154.3828947539237,0.0,1599.1935483870968,-1.4551915228366852e-11,106.19354838709677,1.3642420526593924e-12,448.99579797973007,0.0,0.0,0.0
2024-01-29,5.322916666666667,1,2024,18.27708333333333,2095.3881525139877,0.0,1599.1935483870968,-1.4551915228366852e-11,106.19354838709677,1.3642420526593924e-12,390.00105573979414,0.0,0.0,0.0
2024-01-30,-1.3770833333333332,1,2024,24.977083333333333,2863.514027184567,0.0,1599.1935483870968,-1.4551915228366852e-11,106.19354838709677,1.3642420526593924e-12,1041.8085933230427,0.0,116.3183370873308,0.0
2024-01-31,1.3895833333333334,1,2024,22.210416666666667,2546.327720728557,0.0,1599.1935483870968,-1.4551915228366852e-11,106.19354838709677,1.3642420526593924e-12,840.9406239543632,0.0,0.0,0.0
2024-02-01,1.9979166666666668,2,2024,21.602083333333333,2537.6742161928614,0.0,1554.1379310344828,-1.4551915228366852e-11,206.27586206896552,0.0,777.260423089413,5.684341886080802e-14,0.0,0.0
2024-02-02,2.5541666666666667,2,2024,21.045833333333334,2472.3295334150143,0.0,1554.1379310344828,-1.4551915228366852e-11,206.27586206896552,0.0,711.915740311566,5.684341886080802e-14,0.0,0.0
2024-02-03,2.7708333333333335,2,2024,20.829166666666666,2446.876922894804,0.0,1554.1379310344828,-1.4551915228366852e-11,206.27586206896552,0.0,686.4631297913556,5.684341886080802e-14,0.0,0.0
2024-02-04,-0.4458333333333333,2,2024,24.045833333333334,2824.750294464076,0.0,1554.1379310344828,-1.4551915228366852e-11,206.27586206896552,0.0,1064.3365013606276,5.684341886080802e-14,0.0,0.0
2024-02-05,-2.5479166666666666,2,2024,26.147916666666667,3071.6895638380365,0.0,1554.1379310344828,-1.4551915228366852e-11,206.27586206896552,0.0,1094.5000772358346,5.684341886080802e-14,216.77569349875347,0.0
2024-02-06,-6.095833333333334,2,2024,29.695833333333333,3488.476061106475,0.0,1554.1379310344828,-1.4551915228366852e-11,206.27586206896552,0.0,1094.5000772358346,5.684341886080802e-14,633.5621907671917,0.0
2024-02-07,-7.95,2,2024,31.549999999999997,3706.2916703659644,0.0,1554.1379310344828,-1.4551915228366852e-11,206.27586206896552,0.0,1094.5000772358346,5.684341886080802e-14,851.3778000266811,0.0
2024-02-08,-6.08125,2,2024,29.68125,3486.7629046291536,0.0,1554.1379310344828,-1.4551915228366852e-11,206.27586206896552,0.0,1094.5000772358346,5.684341886080802e-14,631.8490342898705,0.0
2024-02-09,-6.291666666666667,2,2024,29.891666666666666,3511.481305230511,0.0,1554.1379310344828,-1.4551915228366852e-11,206.27586206896552,0.0,1094.5000772358346,5.684341886080802e-14,656.5674348912281,0.0
2024-02-10,-8.393749999999999,2,2024,31.99375,3758.4205746044718,0.0,1554.1379310344828,-1.4551915228366852e-11,206.27586206896552,0.0,1094.5000772358346,5.684341886080802e-14,903.5067042651884,0.0
2024-02-11,-4.41875,2,2024,28.018749999999997,3291.463066214465,0.0,1554.1379310344828,-1.4551915228366852e-11,206.27586206896552,0.0,1094.5000772358346,5.684341886080802e-14,436.54919587518197,0.0
2024-02-12,-1.7770833333333333,2,2024,25.37708333333333,2981.1370071795973,0.0,1554.1379310344828,-1.4551915228366852e-11,206.27586206896552,0.0,1094.5000772358346,5.684341886080802e-14,126.22313684031424,0.0
2024-02-13,-2.279166666666667,2,2024,25.87916666666667,3040.118537327392,0.0,1554.1379310344828,-1.4551915228366852e-11,206.27586206896552,0.0,1094.5000772358346,5.684341886080802e-14,185.20466698810895,0.0
2024-02-14,-2.6770833333333335,2,2024,26.27708333333333,3086.8632354943147,0.0,1554.1379310344828,-1.4551915228366852e-11,206.27586206896552,0.0,1094.5000772358346,5.684341886080802e-14,231.94936515503167,0.0
2024-02-15,-1.1875,2,2024,24.7875,2911.876538167872,0.0,1554.1379310344828,-1.4551915228366852e-11,206.27586206896552,0.0,1094.5000772358346,5.684341886080802e-14,56.96266782858875,0.0
2024-02-16,1.2041666666666666,2,2024,22.395833333333336,2630.918875887092,0.0,1554.1379310344828,-1.4551915228366852e-11,206.27586206896552,0.0,870.5050827836435,5.684341886080802e-14,0.0,0.0
2024-02-17,0.5916666666666667,2,2024,23.008333333333333,2702.8714479346086,0.0,1554.1379310344828,-1.4551915228366852e-11,206.27586206896552,0.0,942.4576548311602,5.684341886080802e-14,0.0,0.0
2024-02-18,-4.3500000000000005,2,2024,27.950000000000003,3283.3867571070914,0.0,1554.1379310344828,-1.4551915228366852e-11,206.27586206896552,0.0,1094.5000772358346,5.684341886080802e-14,428.47288676780835,0.0
2024-02-19,-4.141666666666667,2,2024,27.741666666666667,3258.9130931453506,0.0,1554.1379310344828,-1.4551915228366852e-11,206.27586206896552,0.0,1094.5000772358346,5.684341886080802e-14,403.9992228060675,0.0
2024-02-20,0.49583333333333335,2,2024,23.104166666666664,2714.1293333570093,0.0,1554.1379310344828,-1.4551915228366852e-11,206.27586206896552,0.0,953.7155402535609,5.684341886080802e-14,0.0,0.0
2024-02-21,1.2708333333333333,2,2024,22.329166666666666,2623.0873034193346,0.0,1554.1379310344828,-1.4551915228366852e-11,206.27586206896552,0.0,862.6735103158862,5.684341886080802e-14,0.0,0.0
2024-02-22,5.114583333333333,2,2024,18.485416666666666,2171.5482033252247,0.0,1554.1379310344828,-1.4551915228366852e-11,206.27586206896552,0.0,411.13441022177636,5.684341886080802e-14,0.0,0.0
2024-02-23,5.297916666666667,2,2024,18.302083333333336,2150.0113790388937,0.0,1554.1379310344828,-1.4551915228366852e-11,206.27586206896552,0.0,389.59758593544535,5.684341886080802e-14,0.0,0.0
2024-02-24,4.254166666666666,2,2024,19.34583333333333,2272.6244354872124,0.0,1554.1379310344828,-1.4551915228366852e-11,206.27586206896552,0.0,512.210642383764,5.684341886080802e-14,0.0,0.0
2024-02-25,2.3541666666666665,2,2024,21.245833333333334,2495.8242508182852,0.0,1554.1379310344828,-1.4551915228366852e-11,206.27586206896552,0.0,735.4104577148369,5.684341886080802e-14,0.0,0.0
2024-02-26,1.5895833333333333,2,2024,22.010416666666664,2585.6425975578723,0.0,1554.1379310344828,-1.4551915228366852e-11,206.27586206896552,0.0,825.2288044544239,5.684341886080802e-14,0.0,0.0
2024-02-27,0.0895833333333333,2,2024,23.510416666666664,2761.852978082403,0.0,1554.1379310344828,-1.4551915228366852e-11,206.27586206896552,0.0,1001.4391849789545,5.684341886080802e-14,0.0,0.0
2024-02-28,3.297916666666667,2,2024,20.302083333333332,2384.958553071601,0.0,1554.1379310344828,-1.4551915228366852e-11,206.27586206896552,0.0,624.5447599681524,5.684341886080802e-14,0.0,0.0
2024-02-29,6.191666666666666,2,2024,17.40833333333333,2045.0193606430269,0.0,1554.1379310344828,-1.4551915228366852e-11,206.27586206896552,0.0,284.60556753957854,5.684341886080802e-14,0.0,0.0
2024-03-01,6.770833333333333,3,2024,16.829166666666666,1864.803646413505,0.0,1281.7096774193549,-7.275957614183426e-12,231.06451612903226,0.0,352.0294528651179,0.0,0.0,0.0
2024-03-02,5.33125,3,2024,18.268749999999997,2024.3207694231273,0.0,1281.7096774193549,-7.275957614183426e-12,231.06451612903226,0.0,511.5465758747402,0.0,0.0,0.0
2024-03-03,5.114583333333333,3,2024,18.485416666666666,2048.3291352595975,0.0,1281.7096774193549,-7.275957614183426e-12,231.06451612903226,0.0,535.5549417112104,0.0,0.0,0.0
2024-03-04,6.170833333333333,3,2024,17.429166666666667,1931.2883518068065,0.0,1281.7096774193549,-7.275957614183426e-12,231.06451612903226,0.0,418.5141582584194,0.0,0.0,0.0
2024-03-05,4.3125,3,2024,19.2875,2137.2062587888377,0.0,1281.7096774193549,-7.275957614183426e-12,231.06451612903226,0.0,624.4320652404506,0.0,0.0,0.0
2024-03-06,0.6895833333333333,3,2024,22.910416666666663,2538.653837535196,0.0,1281.7096774193549,-7.275957614183426e-12,231.06451612903226,0.0,877.4732084282067,0.0,148.40643555860234,0.0
2024-03-07,0.19166666666666665,3,2024,23.40833333333333,2593.8269090247763,0.0,1281.7096774193549,-7.275957614183426e-12,231.06451612903226,0.0,877.4732084282067,0.0,203.5795070481826,0.0
2024-03-08,0.21666666666666665,3,2024,23.383333333333333,2591.056712966722,0.0,1281.7096774193549,-7.275957614183426e-12,231.06451612903226,0.0,877.4732084282067,0.0,200.80931099012824,0.0
2024-03-09,1.6583333333333332,3,2024,21.941666666666666,2431.308740285595,0.0,1281.7096774193549,-7.275957614183426e-12,231.06451612903226,0.0,877.4732084282067,0.0,41.06133830900117,0.0
2024-03-10,-0.12708333333333335,3,2024,23.727083333333333,2629.1469087649675,0.0,1281.7096774193549,-7.275957614183426e-12,231.06451612903226,0.0,877.4732084282067,0.0,238.89950678837377,0.0
2024-03-11,-1.0250000000000001,3,2024,24.625,2728.6431171834156,0.0,1281.7096774193549,-7.275957614183426e-12,231.06451612903226,0.0,877.4732084282067,0.0,338.3957152068218,0.0
2024-03-12,-0.3145833333333333,3,2024,23.914583333333333,2649.9233792003743,0.0,1281.7096774193549,-7.275957614183426e-12,231.06451612903226,0.0,877.4732084282067,0.0,259.6759772237805,0.0
2024-03-13,1.96875,3,2024,21.63125,2396.912139231422,0.0,1281.7096774193549,-7.275957614183426e-12,231.06451612903226,0.0,877.4732084282067,0.0,6.664737254828108,0.0
2024-03-14,5.464583333333334,3,2024,18.135416666666664,2009.5463904468384,0.0,1281.7096774193549,-7.275957614183426e-12,231.06451612903226,0.0,496.7721968984512,0.0,0.0,0.0
2024-03-15,4.008333333333334,3,2024,19.59166666666667,2170.9103108284976,0.0,1281.7096774193549,-7.275957614183426e-12,231.06451612903226,0.0,658.1361172801105,0.0,0.0,0.0
2024-03-16,1.1979166666666667,3,2024,22.402083333333334,2482.3265176880936,0.0,1281.7096774193549,-7.275957614183426e-12,231.06451612903226,0.0,877.4732084282067,0.0,92.0791157114999,0.0
2024-03-17,0.7145833333333332,3,2024,22.885416666666664,2535.8836414771417,0.0,1281.7096774193549,-7.275957614183426e-12,231.06451612903226,0.0,877.4732084282067,0.0,145.636239500548,0.0
2024-03-18,3.2854166666666664,3,2024,20.31458333333333,2251.015146840565,0.0,1281.7096774193549,-7.275957614183426e-12,231.06451612903226,0.0,738.2409532921781,0.0,0.0,0.0
2024-03-19,3.9,3,2024,19.7,2182.914493746732,0.0,1281.7096774193549,-7.275957614183426e-12,231.06451612903226,0.0,670.1403001983451,0.0,0.0,0.0
2024-03-20,4.427083333333333,3,2024,19.172916666666666,2124.509526856089,0.0,1281.7096774193549,-7.275957614183426e-12,231.06451612903226,0.0,611.7353333077019,0.0,0.0,0.0
2024-03-21,3.625,3,2024,19.975,2213.386650385329,0.0,1281.7096774193549,-7.275957614183426e-12,231.06451612903226,0.0,700.6124568369421,0.0,0.0,0.0
2024-03-22,3.610416666666667,3,2024,19.989583333333332,2215.0025980858604,0.0,1281.7096774193549,-7.275957614183426e-12,231.06451612903226,0.0,702.2284045374734,0.0,0.0,0.0
2024-03-23,2.954166666666667,3,2024,20.645833333333332,2287.7202446097835,0.0,1281.7096774193549,-7.275957614183426e-12,231.06451612903226,0.0,774.9460510613965,0.0,0.0,0.0
2024-03-24,1.48125,3,2024,22.11875,2450.9309623634786,0.0,1281.7096774193549,-7.275957614183426e-12,231.06451612903226,0.0,877.4732084282067,0.0,60.68356038688481,0.0
2024-03-25,-0.027083333333333348,3,2024,23.62708333333333,2618.0661245327506,0.0,1281.7096774193549,-7.275957614183426e-12,231.06451612903226,0.0,877.4732084282067,0.0,227.8187225561568,0.0
2024-03-26,-0.27499999999999997,3,2024,23.875,2645.537235441788,0.0,1281.7096774193549,-7.275957614183426e-12,231.06451612903226,0.0,877.4732084282067,0.0,255.28983346519448,0.0
2024-03-27,4.2875000000000005,3,2024,19.3125,2139.976454846892,0.0,1281.7096774193549,-7.275957614183426e-12,231.06451612903226,0.0,627.2022612985049,0.0,0.0,0.0
2024-03-28,5.9125000000000005,3,2024,17.6875,1959.9137110733668,0.0,1281.7096774193549,-7.275957614183426e-12,231.06451612903226,0.0,447.1395175249797,0.0,0.0,0.0
2024-03-29,5.404166666666666,3,2024,18.195833333333333,2016.2410309204695,0.0,1281.7096774193549,-7.275957614183426e-12,231.06451612903226,0.0,503.46683737208235,0.0,0.0,0.0
2024-03-30,5.533333333333334,3,2024,18.066666666666663,2001.9283512871891,0.0,1281.7096774193549,-7.275957614183426e-12,231.06451612903226,0.0,489.154157738802,0.0,0.0,0.0
2024-03-31,3.639583333333333,3,2024,19.960416666666667,2211.770702684797,0.0,1281.7096774193549,-7.275957614183426e-12,231.06451612903226,0.0,698.9965091364099,0.0,0.0,0.0
2024-04-01,3.889583333333333,4,2024,19.710416666666667,1742.3123495490481,0.0,1310.7,7.275957614183426e-12,17.833333333333332,0.0,413.77901621571476,2.220446049250313e-16,0.0,9.549694368615746e-12
2024-04-02,1.0020833333333334,4,2024,22.597916666666666,1997.5543870160154,0.0,1310.7,7.275957614183426e-12,17.833333333333332,0.0,450.8942424761155,2.220446049250313e-16,218.12681120656652,9.549694368615746e-12
2024-04-03,-2.1437500000000003,4,2024,25.74375,2275.63193144251,0.0,1310.7,7.275957614183426e-12,17.833333333333332,0.0,450.8942424761155,2.220446049250313e-16,496.2043556330611,9.549694368615746e-12
2024-04-04,-1.6979166666666667,4,2024,25.297916666666666,2236.2222662059075,0.0,1310.7,7.275957614183426e-12,17.833333333333332,0.0,450.8942424761155,2.220446049250313e-16,456.79469039645863,9.549694368615746e-12
2024-04-05,0.9416666666666668,4,2024,22.65833333333333,2002.8949491275175,0.0,1310.7,7.275957614183426e-12,17.833333333333332,0.0,450.8942424761155,2.220446049250313e-16,223.4673733180686,9.549694368615746e-12
2024-04-06,2.0104166666666665,4,2024,21.589583333333334,1908.4222469481858,0.0,1310.7,7.275957614183426e-12,17.833333333333332,0.0,450.8942424761155,2.220446049250313e-16,128.99467113873692,9.549694368615746e-12
2024-04-07,7.066666666666666,4,2024,16.53333333333333,1461.4724454097075,0.0,1310.7,7.275957614183426e-12,17.833333333333332,0.0,132.93911207637407,2.220446049250313e-16,0.0,9.549694368615746e-12
2024-04-08,6.139583333333333,4,2024,17.460416666666667,1543.4224502241384,0.0,1310.7,7.275957614183426e-12,17.833333333333332,0.0,214.889116890805,2.220446049250313e-16,0.0,9.549694368615746e-12
2024-04-09,6.7875000000000005,4,2024,16.8125,1486.149525511132,0.0,1310.7,7.275957614183426e-12,17.833333333333332,0.0,157.61619217779858,2.220446049250313e-16,0.0,9.549694368615746e-12
2024-04-10,6.058333333333334,4,2024,17.541666666666664,1550.6045854775375,0.0,1310.7,7.275957614183426e-12,17.833333333333332,0.0,222.07125214420412,2.220446049250313e-16,0.0,9.549694368615746e-12
2024-04-11,4.96875,4,2024,18.63125,1646.9188607987676,0.0,1310.7,7.275957614183426e-12,17.833333333333332,0.0,318.3855274654342,2.220446049250313e-16,0.0,9.549694368615746e-12
2024-04-12,8.495833333333334,4,2024,15.104166666666666,1335.1405278755522,0.0,1310.7,7.275957614183426e-12,17.833333333333332,0.0,6.607194542218775,2.220446049250313e-16,0.0,9.549694368615746e-12
2024-04-13,7.752083333333334,4,2024,15.847916666666665,1400.884689041286,0.0,1310.7,7.275957614183426e-12,17.833333333333332,0.0,72.35135570795266,2.220446049250313e-16,0.0,9.549694368615746e-12
2024-04-14,3.44375,4,2024,20.15625,1781.7220147856506,0.0,1310.7,7.275957614183426e-12,17.833333333333332,0.0,450.8942424761155,2.220446049250313e-16,2.294438976201713,9.549694368615746e-12
2024-04-15,2.6666666666666665,4,2024,20.933333333333334,1850.4126929784202,0.0,1310.7,7.275957614183426e-12,17.833333333333332,0.0,450.8942424761155,2.220446049250313e-16,70.98511716897127,9.549694368615746e-12
2024-04-16,2.279166666666667,4,2024,21.320833333333333,1884.6659534177104,0.0,1310.7,7.275957614183426e-12,17.833333333333332,0.0,450.8942424761155,2.220446049250313e-16,105.23837760826149,9.549694368615746e-12
2024-04-17,3.0104166666666665,4,2024,20.589583333333334,1820.0267361371148,0.0,1310.7,7.275957614183426e-12,17.833333333333332,0.0,450.8942424761155,2.220446049250313e-16,40.599160327665906,9.549694368615746e-12
2024-04-18,3.4916666666666667,4,2024,20.108333333333334,1777.486396559287,0.0,1310.7,7.275957614183426e-12,17.833333333333332,0.0,448.9530632259536,2.220446049250313e-16,0.0,9.549694368615746e-12
2024-04-19,4.3374999999999995,4,2024,19.262500000000003,1702.7185269982563,0.0,1310.7,7.275957614183426e-12,17.833333333333332,0.0,374.1851936649229,2.220446049250313e-16,0.0,9.549694368615746e-12
2024-04-20,3.702083333333333,4,2024,19.897916666666667,1758.886507826124,0.0,1310.7,7.275957614183426e-12,17.833333333333332,0.0,430.35317449279063,2.220446049250313e-16,0.0,9.549694368615746e-12
2024-04-21,3.670833333333333,4,2024,19.929166666666667,1761.6488675389699,0.0,1310.7,7.275957614183426e-12,17.833333333333332,0.0,433.1155342056365,2.220446049250313e-16,0.0,9.549694368615746e-12
2024-04-22,3.34375,4,2024,20.25625,1790.561565866758,0.0,1310.7,7.275957614183426e-12,17.833333333333332,0.0,450.8942424761155,2.220446049250313e-16,11.133990057309115,9.549694368615746e-12
2024-04-23,3.283333333333333,4,2024,20.316666666666666,1795.90212797826,0.0,1310.7,7.275957614183426e-12,17.833333333333332,0.0,450.8942424761155,2.220446049250313e-16,16.47455216881121,9.549694368615746e-12
2024-04-24,3.3375,4,2024,20.2625,1791.1140378093269,0.0,1310.7,7.275957614183426e-12,17.833333333333332,0.0,450.8942424761155,2.220446049250313e-16,11.686461999878015,9.549694368615746e-12
2024-04-25,3.997916666666667,4,2024,19.602083333333333,1732.736169211182,0.0,1310.7,7.275957614183426e-12,17.833333333333332,0.0,404.2028358778486,2.220446049250313e-16,0.0,9.549694368615746e-12
2024-04-26,5.247916666666667,4,2024,18.352083333333333,1622.241780697343,0.0,1310.7,7.275957614183426e-12,17.833333333333332,0.0,293.7084473640097,2.220446049250313e-16,0.0,9.549694368615746e-12
2024-04-27,4.7,4,2024,18.9,1670.6751543292426,0.0,1310.7,7.275957614183426e-12,17.833333333333332,0.0,342.1418209959092,2.220446049250313e-16,0.0,9.549694368615746e-12
2024-04-28,5.845833333333334,4,2024,17.754166666666663,1569.3886315248901,0.0,1310.7,7.275957614183426e-12,17.833333333333332,0.0,240.85529819155673,2.220446049250313e-16,0.0,9.549694368615746e-12
2024-04-29,8.195833333333333,4,2024,15.404166666666667,1361.6591811188734,0.0,1310.7,7.275957614183426e-12,17.833333333333332,0.0,33.125847785540074,2.220446049250313e-16,0.0,9.549694368615746e-12
2024-04-30,7.9937499999999995,4,2024,15.606250000000001,1379.5224405952774,0.0,1310.7,7.275957614183426e-12,17.833333333333332,0.0,50.989107261944056,2.220446049250313e-16,0.0,9.549694368615746e-12
2024-05-01,11.5875,5,2024,12.0125,1631.1811307306002,0.0,886.8064516129032,1.4551915228366852e-11,102.04457366615395,0.0,642.3301054515431,0.0,0.0,1.460875864722766e-11
2024-05-02,11.377083333333333,5,2024,12.222916666666666,1659.7536756844315,0.0,886.8064516129032,1.4551915228366852e-11,102.04457366615395,0.0,670.9026504053744,0.0,0.0,1.460875864722766e-11
2024-05-03,11.049999999999999,5,2024,12.55,1704.168423780981,0.0,886.8064516129032,1.4551915228366852e-11,102.04457366615395,0.0,715.3173985019238,0.0,0.0,1.460875864722766e-11
2024-05-04,11.387500000000001,5,2024,12.212499999999999,1658.3391932609743,0.0,886.8064516129032,1.4551915228366852e-11,102.04457366615395,0.0,669.4881679819172,0.0,0.0,1.460875864722766e-11
2024-05-05,11.364583333333334,5,2024,12.235416666666666,1661.4510545925798,0.0,886.8064516129032,1.4551915228366852e-11,102.04457366615395,0.0,672.6000293135227,0.0,0.0,1.460875864722766e-11
2024-05-06,10.714583333333332,5,2024,12.885416666666668,1749.7147578162962,0.0,886.8064516129032,1.4551915228366852e-11,102.04457366615395,0.0,760.8637325372391,0.0,0.0,1.460875864722766e-11
2024-05-07,8.533333333333333,5,2024,15.066666666666666,2045.9073772881898,0.0,886.8064516129032,1.4551915228366852e-11,102.04457366615395,0.0,1028.2789844406927,0.0,28.777367568439907,1.460875864722766e-11
2024-05-08,8.322916666666666,5,2024,15.277083333333334,2074.4799222420206,0.0,886.8064516129032,1.4551915228366852e-11,102.04457366615395,0.0,1028.2789844406927,0.0,57.34991252227076,1.460875864722766e-11
2024-05-09,7.729166666666667,5,2024,15.870833333333332,2155.105420379069,0.0,886.8064516129032,1.4551915228366852e-11,102.04457366615395,0.0,1028.2789844406927,0.0,137.9754106593192,1.460875864722766e-11
2024-05-10,6.720833333333334,5,2024,16.879166666666663,2292.0273189697054,0.0,886.8064516129032,1.4551915228366852e-11,102.04457366615395,0.0,1028.2789844406927,0.0,274.8973092499555,1.460875864722766e-11
2024-05-11,9.397916666666667,5,2024,14.202083333333333,1928.5053361412595,0.0,886.8064516129032,1.4551915228366852e-11,102.04457366615395,0.0,939.6543108622024,0.0,0.0,1.460875864722766e-11
2024-05-12,12.641666666666666,5,2024,10.958333333333334,1488.035509476753,0.0,886.8064516129032,1.4551915228366852e-11,102.04457366615395,0.0,499.18448419769595,0.0,0.0,1.460875864722766e-11
2024-05-13,14.570833333333333,5,2024,9.029166666666667,1226.0733646525186,0.0,886.8064516129032,1.4551915228366852e-11,102.04457366615395,0.0,237.22233937346152,0.0,0.0,1.460875864722766e-11
2024-05-14,14.864583333333334,5,2024,8.735416666666666,1186.1849603110313,0.0,886.8064516129032,1.4551915228366852e-11,102.04457366615395,0.0,197.33393503197422,0.0,0.0,1.460875864722766e-11
2024-05-15,15.222916666666668,5,2024,8.377083333333331,1137.5267649441107,0.0,886.8064516129032,1.4551915228366852e-11,102.04457366615395,0.0,148.6757396650536,0.0,0.0,1.460875864722766e-11
2024-05-16,16.445833333333333,5,2024,7.154166666666667,971.4665284302604,0.0,886.8064516129032,1.4551915228366852e-11,84.66007681735721,0.0,0.0,0.0,0.0,1.460875864722766e-11
2024-05-17,16.875,5,2024,6.725,913.1898525838324,0.0,886.8064516129032,1.4551915228366852e-11,26.383400970929188,0.0,0.0,0.0,0.0,1.460875864722766e-11
2024-05-18,13.691666666666668,5,2024,9.908333333333331,1345.4556811922882,0.0,886.8064516129032,1.4551915228366852e-11,102.04457366615395,0.0,356.6046559132311,0.0,0.0,1.460875864722766e-11
2024-05-19,8.90625,5,2024,14.69375,1995.2689065284294,0.0,886.8064516129032,1.4551915228366852e-11,102.04457366615395,0.0,1006.4178812493723,0.0,0.0,1.460875864722766e-11
2024-05-20,9.835416666666667,5,2024,13.764583333333333,1869.0970743560658,0.0,886.8064516129032,1.4551915228366852e-11,102.04457366615395,0.0,880.2460490770087,0.0,0.0,1.460875864722766e-11
2024-05-21,13.716666666666667,5,2024,9.883333333333333,1342.0609233759917,0.0,886.8064516129032,1.4551915228366852e-11,102.04457366615395,0.0,353.2098980969346,0.0,0.0,1.460875864722766e-11
2024-05-22,18.039583333333333,5,2024,6.6,896.2160635023486,0.0,886.8064516129032,1.4551915228366852e-11,9.409611889445387,0.0,0.0,0.0,0.0,1.460875864722766e-11
2024-05-23,20.260416666666668,5,2024,6.6,896.2160635023486,0.0,886.8064516129032,1.4551915228366852e-11,9.409611889445387,0.0,0.0,0.0,0.0,1.460875864722766e-11
2024-05-24,17.302083333333332,5,2024,6.6,896.2160635023486,0.0,886.8064516129032,1.4551915228366852e-11,9.409611889445387,0.0,0.0,0.0,0.0,1.460875864722766e-11
2024-05-25,16.810416666666665,5,2024,6.789583333333335,921.959643609266,0.0,886.8064516129032,1.4551915228366852e-11,35.15319199636281,0.0,0.0,0.0,0.0,1.460875864722766e-11
2024-05-26,22.375,5,2024,6.6,896.2160635023486,0.0,886.8064516129032,1.4551915228366852e-11,9.409611889445387,0.0,0.0,0.0,0.0,1.460875864722766e-11
2024-05-27,20.4875,5,2024,6.6,896.2160635023486,0.0,886.8064516129032,1.4551915228366852e-11,9.409611889445387,0.0,0.0,0.0,0.0,1.460875864722766e-11
2024-05-28,17.095833333333335,5,2024,6.6,896.2160635023486,0.0,886.8064516129032,1.4551915228366852e-11,9.409611889445387,0.0,0.0,0.0,0.0,1.460875864722766e-11
2024-05-29,17.087500000000002,5,2024,6.6,896.2160635023486,0.0,886.8064516129032,1.4551915228366852e-11,9.409611889445387,0.0,0.0,0.0,0.0,1.460875864722766e-11
2024-05-30,15.572916666666666,5,2024,8.027083333333334,1090.000155515956,0.0,886.8064516129032,1.4551915228366852e-11,102.04457366615395,0.0,101.14913023689894,0.0,0.0,1.460875864722766e-11
2024-05-31,13.75,5,2024,9.85,1337.5345796209292,0.0,886.8064516129032,1.4551915228366852e-11,102.04457366615395,0.0,348.6835543418721,0.0,0.0,1.460875864722766e-11
2024-06-01,13.03125,6,2024,10.56875,973.5542692617146,0.0,621.2880244850735,-7.105427357601002e-15,5.571428571428571,-5.684341886080802e-14,346.69481620521253,0.0,0.0,0.0
2024-06-02,12.80625,6,2024,10.79375,994.2804393938387,0.0,621.2880244850735,-7.105427357601002e-15,5.571428571428571,-5.684341886080802e-14,367.42098633733667,0.0,0.0,0.0
2024-06-03,11.65,6,2024,11.95,1100.7899247950315,0.0,621.2880244850735,-7.105427357601002e-15,5.571428571428571,-5.684341886080802e-14,473.9304717385295,0.0,0.0,0.0
2024-06-04,14.356250000000001,6,2024,9.243749999999999,851.5001562614286,0.0,621.2880244850735,-7.105427357601002e-15,5.571428571428571,-5.684341886080802e-14,224.64070320492652,0.0,0.0,0.0
2024-06-05,8.954166666666667,6,2024,14.645833333333332,1349.12014841511,0.0,621.2880244850735,-7.105427357601002e-15,5.571428571428571,-5.684341886080802e-14,573.3983410640784,0.0,148.8623542945296,0.0
2024-06-06,10.275,6,2024,13.325,1227.4498533802341,0.0,621.2880244850735,-7.105427357601002e-15,5.571428571428571,-5.684341886080802e-14,573.3983410640784,0.0,27.19205925965375,0.0
2024-06-07,10.641666666666667,6,2024,12.958333333333332,1193.67387242418,0.0,621.2880244850735,-7.105427357601002e-15,5.571428571428571,-5.684341886080802e-14,566.8144193676779,0.0,0.0,0.0
2024-06-08,13.09375,6,2024,10.50625,967.796999780569,0.0,621.2880244850735,-7.105427357601002e-15,5.571428571428571,-5.684341886080802e-14,340.9375467240669,0.0,0.0,0.0
2024-06-09,11.668750000000001,6,2024,11.931249999999999,1099.062743950688,0.0,621.2880244850735,-7.105427357601002e-15,5.571428571428571,-5.684341886080802e-14,472.2032908941859,0.0,0.0,0.0
2024-06-10,10.19375,6,2024,13.40625,1234.9343037057233,0.0,621.2880244850735,-7.105427357601002e-15,5.571428571428571,-5.684341886080802e-14,573.3983410640784,0.0,34.67650958514295,0.0
2024-06-11,9.797916666666667,6,2024,13.802083333333332,1271.397010419645,0.0,621.2880244850735,-7.105427357601002e-15,5.571428571428571,-5.684341886080802e-14,573.3983410640784,0.0,71.13921629906471,0.0
2024-06-12,9.950000000000001,6,2024,13.649999999999999,1257.387654682191,0.0,621.2880244850735,-7.105427357601002e-15,5.571428571428571,-5.684341886080802e-14,573.3983410640784,0.0,57.12986056161057,0.0
2024-06-13,13.370833333333332,6,2024,10.229166666666668,942.2731050808238,0.0,621.2880244850735,-7.105427357601002e-15,5.571428571428571,-5.684341886080802e-14,315.4136520243218,0.0,0.0,0.0
2024-06-14,13.695833333333333,6,2024,9.904166666666667,912.335303778867,0.0,621.2880244850735,-7.105427357601002e-15,5.571428571428571,-5.684341886080802e-14,285.47585072236495,0.0,0.0,0.0
2024-06-15,15.383333333333333,6,2024,8.216666666666667,756.8890277879367,0.0,621.2880244850735,-7.105427357601002e-15,5.571428571428571,-5.684341886080802e-14,130.0295747314346,0.0,0.0,0.0
2024-06-16,16.056250000000002,6,2024,7.5437499999999975,694.9024263742692,0.0,621.2880244850735,-7.105427357601002e-15,5.571428571428571,-5.684341886080802e-14,68.04297331776715,0.0,0.0,0.0
2024-06-17,16.03125,6,2024,7.56875,697.2053341667277,0.0,621.2880244850735,-7.105427357601002e-15,5.571428571428571,-5.684341886080802e-14,70.34588111022558,0.0,0.0,0.0
2024-06-18,14.383333333333333,6,2024,9.216666666666667,849.0053394862657,0.0,621.2880244850735,-7.105427357601002e-15,5.571428571428571,-5.684341886080802e-14,222.1458864297636,0.0,0.0,0.0
2024-06-19,11.375,6,2024,12.225,1126.121910512072,0.0,621.2880244850735,-7.105427357601002e-15,5.571428571428571,-5.684341886080802e-14,499.2624574555699,0.0,0.0,0.0
2024-06-20,11.799999999999999,6,2024,11.8,1086.9724780402823,0.0,621.2880244850735,-7.105427357601002e-15,5.571428571428571,-5.684341886080802e-14,460.1130249837803,0.0,0.0,0.0
2024-06-21,11.35,6,2024,12.25,1128.4248183045304,0.0,621.2880244850735,-7.105427357601002e-15,5.571428571428571,-5.684341886080802e-14,501.56536524802834,0.0,0.0,0.0
2024-06-22,16.0625,6,2024,7.5375,694.326699426155,0.0,621.2880244850735,-7.105427357601002e-15,5.571428571428571,-5.684341886080802e-14,67.46724636965288,0.0,0.0,0.0
2024-06-23,13.945833333333333,6,2024,9.654166666666667,889.3062258542847,0.0,621.2880244850735,-7.105427357601002e-15,5.571428571428571,-5.684341886080802e-14,262.4467727977826,0.0,0.0,0.0
2024-06-24,13.86875,6,2024,9.73125,896.4068582143641,0.0,621.2880244850735,-7.105427357601002e-15,5.571428571428571,-5.684341886080802e-14,269.54740515786204,0.0,0.0,0.0
2024-06-25,16.704166666666666,6,2024,6.895833333333334,635.2187327530605,0.0,621.2880244850735,-7.105427357601002e-15,5.571428571428571,-5.684341886080802e-14,8.359279696558442,0.0,0.0,0.0
2024-06-26,14.010416666666666,6,2024,9.589583333333334,883.3570473904342,0.0,621.2880244850735,-7.105427357601002e-15,5.571428571428571,-5.684341886080802e-14,256.49759433393217,0.0,0.0,0.0
2024-06-27,21.152083333333334,6,2024,6.6,607.9676572089714,0.0,607.9676572089714,-7.105427357601002e-15,0.0,-5.684341886080802e-14,0.0,0.0,0.0,0.0
2024-06-28,17.633333333333333,6,2024,6.6,607.9676572089714,0.0,607.9676572089714,-7.105427357601002e-15,0.0,-5.684341886080802e-14,0.0,0.0,0.0,0.0
2024-06-29,12.904166666666667,6,2024,10.695833333333333,985.2607172067106,0.0,621.2880244850735,-7.105427357601002e-15,5.571428571428571,-5.684341886080802e-14,358.4012641502086,0.0,0.0,0.0
2024-06-30,13.329166666666666,6,2024,10.270833333333334,946.111284734921,0.0,621.2880244850735,-7.105427357601002e-15,5.571428571428571,-5.684341886080802e-14,319.25183167841897,0.0,0.0,0.0
2024-07-01,11.15,7,2024,12.45,1058.642507568687,0.0,919.4095795246019,0.0,23.32469923072048,0.0,115.90822881336476,0.0,0.0,7.958078640513122e-12
2024-07-02,10.997916666666667,7,2024,12.602083333333333,1071.5743855895228,0.0,919.4095795246019,0.0,23.32469923072048,0.0,116.84010683420843,0.0,11.999999999992042,7.958078640513122e-12
2024-07-03,11.935416666666667,7,2024,11.664583333333333,991.8573292967001,0.0,919.4095795246019,0.0,23.32469923072048,0.0,49.123050541377765,0.0,0.0,7.958078640513122e-12
2024-07-04,15.6875,7,2024,7.9125,672.8119551114246,0.0,672.8119551114246,0.0,0.0,0.0,0.0,0.0,0.0,7.958078640513122e-12
2024-07-05,12.720833333333333,7,2024,10.879166666666666,925.0721510247129,0.0,919.4095795246019,0.0,5.662571500111048,0.0,0.0,0.0,0.0,7.958078640513122e-12
2024-07-06,12.456249999999999,7,2024,11.14375,947.5700758006874,0.0,919.4095795246019,0.0,23.32469923072048,0.0,4.835797045365093,0.0,0.0,7.958078640513122e-12
2024-07-07,12.497916666666667,7,2024,11.102083333333333,944.0270955210062,0.0,919.4095795246019,0.0,23.32469923072048,0.0,1.2928167656839333,0.0,0.0,7.958078640513122e-12
2024-07-08,12.74375,7,2024,10.85625,923.1235118708884,0.0,919.4095795246019,0.0,3.713932346286547,0.0,0.0,0.0,0.0,7.958078640513122e-12
2024-07-09,13.335416666666667,7,2024,10.264583333333333,872.8131918994178,0.0,872.8131918994178,0.0,0.0,0.0,0.0,0.0,0.0,7.958078640513122e-12
2024-07-10,14.291666666666666,7,2024,9.308333333333334,791.5017944807387,0.0,791.5017944807387,0.0,0.0,0.0,0.0,0.0,0.0,7.958078640513122e-12
2024-07-11,15.725,7,2024,7.875,669.6232728597117,0.0,669.6232728597117,0.0,0.0,0.0,0.0,0.0,0.0,7.958078640513122e-12
2024-07-12,14.966666666666667,7,2024,8.633333333333333,734.1055139499063,0.0,734.1055139499063,0.0,0.0,0.0,0.0,0.0,0.0,7.958078640513122e-12
2024-07-13,16.635416666666668,7,2024,6.964583333333332,592.2091537486815,0.0,592.2091537486815,0.0,0.0,0.0,0.0,0.0,0.0,7.958078640513122e-12
2024-07-14,17.26875,7,2024,6.6,561.2080763014727,0.0,561.2080763014727,0.0,0.0,0.0,0.0,0.0,0.0,7.958078640513122e-12
2024-07-15,19.154166666666665,7,2024,6.6,561.2080763014727,0.0,561.2080763014727,0.0,0.0,0.0,0.0,0.0,0.0,7.958078640513122e-12
2024-07-16,18.466666666666665,7,2024,6.6,561.2080763014727,0.0,561.2080763014727,0.0,0.0,0.0,0.0,0.0,0.0,7.958078640513122e-12
2024-07-17,16.835416666666667,7,2024,6.7645833333333325,575.2028484062126,0.0,575.2028484062126,0.0,0.0,0.0,0.0,0.0,0.0,7.958078640513122e-12
2024-07-18,13.4,7,2024,10.2,867.3215724659124,0.0,867.3215724659124,0.0,0.0,0.0,0.0,0.0,0.0,7.958078640513122e-12
2024-07-19,15.595833333333333,7,2024,8.004166666666666,680.6065117267229,0.0,680.6065117267229,0.0,0.0,0.0,0.0,0.0,0.0,7.958078640513122e-12
2024-07-20,17.795833333333334,7,2024,6.6,561.2080763014727,0.0,561.2080763014727,0.0,0.0,0.0,0.0,0.0,0.0,7.958078640513122e-12
2024-07-21,22.639583333333334,7,2024,6.6,561.2080763014727,0.0,561.2080763014727,0.0,0.0,0.0,0.0,0.0,0.0,7.958078640513122e-12
2024-07-22,15.241666666666667,7,2024,8.358333333333333,710.7218441040114,0.0,710.7218441040114,0.0,0.0,0.0,0.0,0.0,0.0,7.958078640513122e-12
2024-07-23,13.831249999999999,7,2024,9.76875,830.6517265712139,0.0,830.6517265712139,0.0,0.0,0.0,0.0,0.0,0.0,7.958078640513122e-12
2024-07-24,14.997916666666667,7,2024,8.602083333333333,731.4482787401454,0.0,731.4482787401454,0.0,0.0,0.0,0.0,0.0,0.0,7.958078640513122e-12
2024-07-25,15.889583333333334,7,2024,7.710416666666665,655.6285007549717,0.0,655.6285007549717,0.0,0.0,0.0,0.0,0.0,0.0,7.958078640513122e-12
2024-07-26,17.639583333333334,7,2024,6.6,561.2080763014727,0.0,561.2080763014727,0.0,0.0,0.0,0.0,0.0,0.0,7.958078640513122e-12
2024-07-27,15.485416666666666,7,2024,8.114583333333334,689.9954094678777,0.0,689.9954094678777,0.0,0.0,0.0,0.0,0.0,0.0,7.958078640513122e-12
2024-07-28,14.372916666666667,7,2024,9.227083333333333,784.5929829353607,0.0,784.5929829353607,0.0,0.0,0.0,0.0,0.0,0.0,7.958078640513122e-12
2024-07-29,14.502083333333333,7,2024,9.097916666666666,773.6097440683494,0.0,773.6097440683494,0.0,0.0,0.0,0.0,0.0,0.0,7.958078640513122e-12
2024-07-30,15.589583333333332,7,2024,8.010416666666668,681.1379587686752,0.0,681.1379587686752,0.0,0.0,0.0,0.0,0.0,0.0,7.958078640513122e-12
2024-07-31,14.145833333333334,7,2024,9.454166666666666,803.9022254596222,0.0,803.9022254596222,0.0,0.0,0.0,0.0,0.0,0.0,7.958078640513122e-12
2024-08-01,13.860416666666666,8,2024,9.739583333333334,1165.2380143450362,0.0,807.9441336353345,0.0,22.125461782132724,-3.552713678800501e-15,335.1684189275689,1.4210854715202004e-14,0.0,7.617018127348274e-12
2024-08-02,13.714583333333332,8,2024,9.885416666666668,1182.6854284635717,0.0,807.9441336353345,0.0,22.125461782132724,-3.552713678800501e-15,352.61583304610446,1.4210854715202004e-14,0.0,7.617018127348274e-12
2024-08-03,16.15625,8,2024,7.44375,890.565866364666,0.0,807.9441336353345,0.0,22.125461782132724,-3.552713678800501e-15,60.49627094719876,1.4210854715202004e-14,0.0,7.617018127348274e-12
2024-08-04,17.027083333333334,8,2024,6.6,789.6201132502832,0.0,789.6201132502832,0.0,0.0,-3.552713678800501e-15,0.0,1.4210854715202004e-14,0.0,7.617018127348274e-12
2024-08-05,18.008333333333333,8,2024,6.6,789.6201132502832,0.0,789.6201132502832,0.0,0.0,-3.552713678800501e-15,0.0,1.4210854715202004e-14,0.0,7.617018127348274e-12
2024-08-06,20.0,8,2024,6.6,789.6201132502832,0.0,789.6201132502832,0.0,0.0,-3.552713678800501e-15,0.0,1.4210854715202004e-14,0.0,7.617018127348274e-12
2024-08-07,21.170833333333334,8,2024,6.6,789.6201132502832,0.0,789.6201132502832,0.0,0.0,-3.552713678800501e-15,0.0,1.4210854715202004e-14,0.0,7.617018127348274e-12
2024-08-08,16.829166666666666,8,2024,6.770833333333334,810.0585126462819,0.0,807.9441336353345,0.0,2.1143790109473457,-3.552713678800501e-15,0.0,1.4210854715202004e-14,0.0,7.617018127348274e-12
2024-08-09,15.36875,8,2024,8.23125,984.7819026047566,0.0,807.9441336353345,0.0,22.125461782132724,-3.552713678800501e-15,154.71230718728938,1.4210854715202004e-14,0.0,7.617018127348274e-12
2024-08-10,14.841666666666667,8,2024,8.758333333333333,1047.8418422046057,0.0,807.9441336353345,0.0,22.125461782132724,-3.552713678800501e-15,217.7722467871384,1.4210854715202004e-14,0.0,7.617018127348274e-12
2024-08-11,12.689583333333333,8,2024,10.910416666666666,1305.3158248395623,0.0,807.9441336353345,0.0,22.125461782132724,-3.552713678800501e-15,371.15534915853146,1.4210854715202004e-14,104.09088026356358,7.617018127348274e-12
2024-08-12,12.970833333333333,8,2024,10.629166666666666,1271.6672404681015,0.0,807.9441336353345,0.0,22.125461782132724,-3.552713678800501e-15,371.15534915853146,1.4210854715202004e-14,70.44229589210272,7.617018127348274e-12
2024-08-13,17.454166666666666,8,2024,6.6,789.6201132502832,0.0,789.6201132502832,0.0,0.0,-3.552713678800501e-15,0.0,1.4210854715202004e-14,0.0,7.617018127348274e-12
2024-08-14,18.527083333333334,8,2024,6.6,789.6201132502832,0.0,789.6201132502832,0.0,0.0,-3.552713678800501e-15,0.0,1.4210854715202004e-14,0.0,7.617018127348274e-12
2024-08-15,15.377083333333333,8,2024,8.222916666666666,983.7849075122689,0.0,807.9441336353345,0.0,22.125461782132724,-3.552713678800501e-15,153.71531209480165,1.4210854715202004e-14,0.0,7.617018127348274e-12
2024-08-16,14.658333333333333,8,2024,8.941666666666666,1069.7757342393356,0.0,807.9441336353345,0.0,22.125461782132724,-3.552713678800501e-15,239.7061388218684,1.4210854715202004e-14,0.0,7.617018127348274e-12
2024-08-17,13.145833333333334,8,2024,10.454166666666666,1250.7303435258589,0.0,807.9441336353345,0.0,22.125461782132724,-3.552713678800501e-15,371.15534915853146,1.4210854715202004e-14,49.50539894986014,7.617018127348274e-12
2024-08-18,12.375,8,2024,11.225,1342.9523895809743,0.0,807.9441336353345,0.0,22.125461782132724,-3.552713678800501e-15,371.15534915853146,1.4210854715202004e-14,141.72744500497566,7.617018127348274e-12
2024-08-19,13.020833333333334,8,2024,10.579166666666666,1265.6852699131748,0.0,807.9441336353345,0.0,22.125461782132724,-3.552713678800501e-15,371.15534915853146,1.4210854715202004e-14,64.46032533717607,7.617018127348274e-12
2024-08-20,16.541666666666668,8,2024,7.058333333333332,844.4548433371083,0.0,807.9441336353345,0.0,22.125461782132724,-3.552713678800501e-15,14.385247919641024,1.4210854715202004e-14,0.0,7.617018127348274e-12
2024-08-21,13.927083333333334,8,2024,9.672916666666666,1157.262053605134,0.0,807.9441336353345,0.0,22.125461782132724,-3.552713678800501e-15,327.1924581876668,1.4210854715202004e-14,0.0,7.617018127348274e-12
2024-08-22,14.366666666666667,8,2024,9.233333333333333,1104.6705624764063,0.0,807.9441336353345,0.0,22.125461782132724,-3.552713678800501e-15,274.60096705893903,1.4210854715202004e-14,0.0,7.617018127348274e-12
2024-08-23,13.220833333333333,8,2024,10.379166666666666,1241.7573876934696,0.0,807.9441336353345,0.0,22.125461782132724,-3.552713678800501e-15,371.15534915853146,1.4210854715202004e-14,40.53244311747085,7.617018127348274e-12
2024-08-24,13.866666666666667,8,2024,9.733333333333333,1164.49026802567,0.0,807.9441336353345,0.0,22.125461782132724,-3.552713678800501e-15,334.4206726082028,1.4210854715202004e-14,0.0,7.617018127348274e-12
2024-08-25,13.424999999999999,8,2024,10.175,1217.3310079275202,0.0,807.9441336353345,0.0,22.125461782132724,-3.552713678800501e-15,371.15534915853146,1.4210854715202004e-14,16.106063351521467,7.617018127348274e-12
2024-08-26,12.435416666666667,8,2024,11.164583333333333,1335.724175160438,0.0,807.9441336353345,0.0,22.125461782132724,-3.552713678800501e-15,371.15534915853146,1.4210854715202004e-14,134.49923058443937,7.617018127348274e-12
2024-08-27,13.225,8,2024,10.375,1241.2588901472254,0.0,807.9441336353345,0.0,22.125461782132724,-3.552713678800501e-15,371.15534915853146,1.4210854715202004e-14,40.033945571226695,7.617018127348274e-12
2024-08-28,16.181250000000002,8,2024,7.4187499999999975,887.5748810872026,0.0,807.9441336353345,0.0,22.125461782132724,-3.552713678800501e-15,57.50528566973532,1.4210854715202004e-14,0.0,7.617018127348274e-12
2024-08-29,17.820833333333333,8,2024,6.6,789.6201132502832,0.0,789.6201132502832,0.0,0.0,-3.552713678800501e-15,0.0,1.4210854715202004e-14,0.0,7.617018127348274e-12
2024-08-30,12.977083333333333,8,2024,10.622916666666667,1270.9194941487356,0.0,807.9441336353345,0.0,22.125461782132724,-3.552713678800501e-15,371.15534915853146,1.4210854715202004e-14,69.69454957273683,7.617018127348274e-12
2024-08-31,11.487499999999999,8,2024,12.1125,1449.1323669309177,0.0,807.9441336353345,0.0,22.125461782132724,-3.552713678800501e-15,371.15534915853146,1.4210854715202004e-14,247.907422354919,7.617018127348274e-12
2024-09-01,12.004166666666668,9,2024,11.595833333333331,977.4713243139914,0.0,880.8704716147784,3.552713678800501e-15,30.224886714798465,-3.552713678800501e-15,66.37596598441455,0.0,0.0,3.183231456205249e-12
2024-09-02,14.0375,9,2024,9.5625,806.071393927636,0.0,806.071393927636,3.552713678800501e-15,0.0,-3.552713678800501e-15,0.0,0.0,0.0,3.183231456205249e-12
2024-09-03,15.735416666666666,9,2024,7.864583333333334,662.9454274677181,0.0,662.9454274677181,3.552713678800501e-15,0.0,-3.552713678800501e-15,0.0,0.0,0.0,3.183231456205249e-12
2024-09-04,15.941666666666668,9,2024,7.658333333333331,645.5595738732003,0.0,645.5595738732003,3.552713678800501e-15,0.0,-3.552713678800501e-15,0.0,0.0,0.0,3.183231456205249e-12
2024-09-05,15.227083333333333,9,2024,8.372916666666667,705.7954100643069,0.0,705.7954100643069,3.552713678800501e-15,0.0,-3.552713678800501e-15,0.0,0.0,0.0,3.183231456205249e-12
2024-09-06,16.102083333333333,9,2024,7.497916666666667,632.0372432996867,0.0,632.0372432996867,3.552713678800501e-15,0.0,-3.552713678800501e-15,0.0,0.0,0.0,3.183231456205249e-12
2024-09-07,16.660416666666666,9,2024,6.939583333333333,584.972508316548,0.0,584.972508316548,3.552713678800501e-15,0.0,-3.552713678800501e-15,0.0,0.0,0.0,3.183231456205249e-12
2024-09-08,18.3625,9,2024,6.6,556.3473150245644,0.0,556.3473150245644,3.552713678800501e-15,0.0,-3.552713678800501e-15,0.0,0.0,0.0,3.183231456205249e-12
2024-09-09,18.03125,9,2024,6.6,556.3473150245644,0.0,556.3473150245644,3.552713678800501e-15,0.0,-3.552713678800501e-15,0.0,0.0,0.0,3.183231456205249e-12
2024-09-10,10.514583333333333,9,2024,13.085416666666667,1103.0358224966192,0.0,880.8704716147784,3.552713678800501e-15,30.224886714798465,-3.552713678800501e-15,191.9404641670423,0.0,0.0,3.183231456205249e-12
2024-09-11,13.283333333333333,9,2024,10.316666666666666,869.6439090914278,0.0,869.6439090914278,3.552713678800501e-15,0.0,-3.552713678800501e-15,0.0,0.0,0.0,3.183231456205249e-12
2024-09-12,12.03125,9,2024,11.56875,975.1883334379439,0.0,880.8704716147784,3.552713678800501e-15,30.224886714798465,-3.552713678800501e-15,64.09297510836704,0.0,0.0,3.183231456205249e-12
2024-09-13,9.94375,9,2024,13.65625,1151.1542455763952,0.0,880.8704716147784,3.552713678800501e-15,30.224886714798465,-3.552713678800501e-15,240.0588872468183,0.0,0.0,3.183231456205249e-12
2024-09-14,9.379166666666666,9,2024,14.220833333333333,1198.7458246078525,0.0,880.8704716147784,3.552713678800501e-15,30.224886714798465,-3.552713678800501e-15,287.6504662782756,0.0,0.0,3.183231456205249e-12
2024-09-15,12.679166666666667,9,2024,10.920833333333333,920.5721670955702,0.0,880.8704716147784,3.552713678800501e-15,30.224886714798465,-3.552713678800501e-15,9.47680876599332,0.0,0.0,3.183231456205249e-12
2024-09-16,12.629166666666668,9,2024,10.970833333333331,924.7869194821199,0.0,880.8704716147784,3.552713678800501e-15,30.224886714798465,-3.552713678800501e-15,13.691561152542983,0.0,0.0,3.183231456205249e-12
2024-09-17,12.9,9,2024,10.7,901.9570107216422,0.0,880.8704716147784,3.552713678800501e-15,21.08653910686377,-3.552713678800501e-15,0.0,0.0,0.0,3.183231456205249e-12
2024-09-18,12.86875,9,2024,10.73125,904.5912309632358,0.0,880.8704716147784,3.552713678800501e-15,23.720759348457424,-3.552713678800501e-15,0.0,0.0,0.0,3.183231456205249e-12
2024-09-19,13.041666666666666,9,2024,10.558333333333334,890.0152122930848,0.0,880.8704716147784,3.552713678800501e-15,9.144740678306395,-3.552713678800501e-15,0.0,0.0,0.0,3.183231456205249e-12
2024-09-20,11.85,9,2024,11.75,990.4668108391868,0.0,880.8704716147784,3.552713678800501e-15,30.224886714798465,-3.552713678800501e-15,79.37145250960991,0.0,0.0,3.183231456205249e-12
2024-09-21,9.956249999999999,9,2024,13.64375,1150.1005574797578,0.0,880.8704716147784,3.552713678800501e-15,30.224886714798465,-3.552713678800501e-15,239.00519915018089,0.0,0.0,3.183231456205249e-12
2024-09-22,8.137500000000001,9,2024,15.462499999999999,1303.412175540504,0.0,880.8704716147784,3.552713678800501e-15,30.224886714798465,-3.552713678800501e-15,392.3168172109271,0.0,0.0,3.183231456205249e-12
2024-09-23,8.706249999999999,9,2024,14.89375,1255.4693671435011,0.0,880.8704716147784,3.552713678800501e-15,30.224886714798465,-3.552713678800501e-15,344.37400881392426,0.0,0.0,3.183231456205249e-12
2024-09-24,7.739583333333333,9,2024,15.860416666666667,1336.9545799501293,0.0,880.8704716147784,3.552713678800501e-15,30.224886714798465,-3.552713678800501e-15,425.85922162055243,0.0,0.0,3.183231456205249e-12
2024-09-25,7.272916666666667,9,2024,16.327083333333334,1376.29226889126,0.0,880.8704716147784,3.552713678800501e-15,30.224886714798465,-3.552713678800501e-15,465.19691056168307,0.0,0.0,3.183231456205249e-12
2024-09-26,7.916666666666667,9,2024,15.683333333333332,1322.027331914432,0.0,880.8704716147784,3.552713678800501e-15,30.224886714798465,-3.552713678800501e-15,410.93197358485503,0.0,0.0,3.183231456205249e-12
2024-09-27,6.322916666666667,9,2024,17.27708333333333,1456.3725642357044,0.0,880.8704716147784,3.552713678800501e-15,30.224886714798465,-3.552713678800501e-15,545.2772059061276,0.0,0.0,3.183231456205249e-12
2024-09-28,4.6625000000000005,9,2024,18.9375,1596.3374664057103,0.0,880.8704716147784,3.552713678800501e-15,30.224886714798465,-3.552713678800501e-15,602.8981539070196,0.0,82.343954169114,3.183231456205249e-12
2024-09-29,4.70625,9,2024,18.893749999999997,1592.6495580674791,0.0,880.8704716147784,3.552713678800501e-15,30.224886714798465,-3.552713678800501e-15,602.8981539070196,0.0,78.65604583088282,3.183231456205249e-12
2024-09-30,6.639583333333333,9,2024,16.960416666666667,1429.6791324542232,0.0,880.8704716147784,3.552713678800501e-15,30.224886714798465,-3.552713678800501e-15,518.5837741246464,0.0,0.0,3.183231456205249e-12
2024-10-01,8.652083333333334,10,2024,14.947916666666666,1500.9259335315667,0.0,1238.6375009680896,0.0,21.071428571428573,0.0,241.21700399204857,0.0,0.0,9.094947017729282e-13
2024-10-02,7.195833333333333,10,2024,16.40416666666667,1647.1485436414716,0.0,1238.6375009680896,0.0,21.071428571428573,0.0,387.43961410195357,0.0,0.0,9.094947017729282e-13
2024-10-03,8.854166666666666,10,2024,14.745833333333334,1480.6346700399204,0.0,1238.6375009680896,0.0,21.071428571428573,0.0,220.92574050040224,0.0,0.0,9.094947017729282e-13
2024-10-04,8.229166666666666,10,2024,15.370833333333334,1543.3911550656308,0.0,1238.6375009680896,0.0,21.071428571428573,0.0,283.6822255261127,0.0,0.0,9.094947017729282e-13
2024-10-05,6.8812500000000005,10,2024,16.71875,1678.7359744377454,0.0,1238.6375009680896,0.0,21.071428571428573,0.0,419.02704489822736,0.0,0.0,9.094947017729282e-13
2024-10-06,7.022916666666667,10,2024,16.577083333333334,1664.5111711652512,0.0,1238.6375009680896,0.0,21.071428571428573,0.0,404.80224162573313,0.0,0.0,9.094947017729282e-13
2024-10-07,6.64375,10,2024,16.956249999999997,1702.583438747515,0.0,1238.6375009680896,0.0,21.071428571428573,0.0,442.8745092079969,0.0,0.0,9.094947017729282e-13
2024-10-08,9.660416666666666,10,2024,13.939583333333333,1399.6788043567544,0.0,1238.6375009680896,0.0,21.071428571428573,0.0,139.9698748172363,0.0,0.0,9.094947017729282e-13
2024-10-09,8.99375,10,2024,14.60625,1466.6190550508452,0.0,1238.6375009680896,0.0,21.071428571428573,0.0,206.91012551132707,0.0,0.0,9.094947017729282e-13
2024-10-10,4.539583333333334,10,2024,19.06041666666667,1913.8636050007397,0.0,1238.6375009680896,0.0,21.071428571428573,0.0,654.1546754612216,0.0,0.0,9.094947017729282e-13
2024-10-11,4.39375,10,2024,19.206249999999997,1928.5067848400713,0.0,1238.6375009680896,0.0,21.071428571428573,0.0,668.7978553005532,0.0,0.0,9.094947017729282e-13
2024-10-12,4.889583333333333,10,2024,18.710416666666667,1878.7199733863417,0.0,1238.6375009680896,0.0,21.071428571428573,0.0,619.0110438468237,0.0,0.0,9.094947017729282e-13
2024-10-13,8.395833333333334,10,2024,15.204166666666666,1526.6560923921077,0.0,1238.6375009680896,0.0,21.071428571428573,0.0,266.9471628525896,0.0,0.0,9.094947017729282e-13
2024-10-14,4.425,10,2024,19.174999999999997,1925.368960588786,0.0,1238.6375009680896,0.0,21.071428571428573,0.0,665.6600310492679,0.0,0.0,9.094947017729282e-13
2024-10-15,3.185416666666667,10,2024,20.414583333333333,2049.835989223111,0.0,1238.6375009680896,0.0,21.071428571428573,0.0,749.1016370685552,0.0,41.02542261503777,9.094947017729282e-13
2024-10-16,4.420833333333333,10,2024,19.179166666666667,1925.7873371556243,0.0,1238.6375009680896,0.0,21.071428571428573,0.0,666.0784076161062,0.0,0.0,9.094947017729282e-13
2024-10-17,10.420833333333333,10,2024,13.179166666666667,1323.3250809088072,0.0,1238.6375009680896,0.0,21.071428571428573,0.0,63.6161513692891,0.0,0.0,9.094947017729282e-13
2024-10-18,9.272916666666667,10,2024,14.327083333333333,1438.5878250726946,0.0,1238.6375009680896,0.0,21.071428571428573,0.0,178.8788955331765,0.0,0.0,9.094947017729282e-13
2024-10-19,11.31875,10,2024,12.28125,1233.1649307552036,0.0,1233.1649307552036,0.0,0.0,0.0,0.0,0.0,0.0,9.094947017729282e-13
2024-10-20,11.737499999999999,10,2024,11.8625,1191.1180857879779,0.0,1191.1180857879779,0.0,0.0,0.0,0.0,0.0,0.0,9.094947017729282e-13
2024-10-21,12.247916666666667,10,2024,11.352083333333333,1139.8669563503145,0.0,1139.8669563503145,0.0,0.0,0.0,0.0,0.0,0.0,9.094947017729282e-13
2024-10-22,9.208333333333334,10,2024,14.391666666666666,1445.0726618586846,0.0,1238.6375009680896,0.0,21.071428571428573,0.0,185.36373231916644,0.0,0.0,9.094947017729282e-13
2024-10-23,8.0375,10,2024,15.5625,1562.6364771401816,0.0,1238.6375009680896,0.0,21.071428571428573,0.0,302.9275476006635,0.0,0.0,9.094947017729282e-13
2024-10-24,9.560416666666667,10,2024,14.039583333333333,1409.719841960868,0.0,1238.6375009680896,0.0,21.071428571428573,0.0,150.01091242134993,0.0,0.0,9.094947017729282e-13
2024-10-25,5.866666666666667,10,2024,17.733333333333334,1780.6106684628148,0.0,1238.6375009680896,0.0,21.071428571428573,0.0,520.9017389232968,0.0,0.0,9.094947017729282e-13
2024-10-26,6.34375,10,2024,17.25625,1732.706551559856,0.0,1238.6375009680896,0.0,21.071428571428573,0.0,472.997622020338,0.0,0.0,9.094947017729282e-13
2024-10-27,8.052083333333334,10,2024,15.547916666666666,1561.1721591562484,0.0,1238.6375009680896,0.0,21.071428571428573,0.0,301.46322961673036,0.0,0.0,9.094947017729282e-13
2024-10-28,3.983333333333333,10,2024,19.616666666666667,1969.7168766736215,0.0,1238.6375009680896,0.0,21.071428571428573,0.0,710.0079471341035,0.0,0.0,9.094947017729282e-13
2024-10-29,4.183333333333334,10,2024,19.416666666666664,1949.6348014653938,0.0,1238.6375009680896,0.0,21.071428571428573,0.0,689.9258719258758,0.0,0.0,9.094947017729282e-13
2024-10-30,4.6187499999999995,10,2024,18.981250000000003,1905.9144502308163,0.0,1238.6375009680896,0.0,21.071428571428573,0.0,646.2055206912983,0.0,0.0,9.094947017729282e-13
2024-10-31,3.1062499999999997,10,2024,20.49375,2057.7851439930346,0.0,1238.6375009680896,0.0,21.071428571428573,0.0,749.1016370685552,0.0,48.97457738496132,9.094947017729282e-13
2024-11-01,2.30625,11,2024,21.29375,2426.081573589877,0.0,1408.2333333333333,2.1827872842550278e-11,34.4,2.2737367544323206e-13,885.8799617668844,-5.684341886080802e-14,97.5682784896591,0.0
2024-11-02,2.6958333333333333,11,2024,20.90416666666667,2381.6947959495965,0.0,1408.2333333333333,2.1827872842550278e-11,34.4,2.2737367544323206e-13,885.8799617668844,-5.684341886080802e-14,53.18150084937875,0.0
2024-11-03,5.84375,11,2024,17.75625,2023.0401381182392,0.0,1408.2333333333333,2.1827872842550278e-11,34.4,2.2737367544323206e-13,580.4068047849058,-5.684341886080802e-14,0.0,0.0
2024-11-04,6.9125000000000005,11,2024,16.6875,1901.2732026665603,0.0,1408.2333333333333,2.1827872842550278e-11,34.4,2.2737367544323206e-13,458.639869333227,-5.684341886080802e-14,0.0,0.0
2024-11-05,8.304166666666667,11,2024,15.295833333333333,1742.7150878873763,0.0,1408.2333333333333,2.1827872842550278e-11,34.4,2.2737367544323206e-13,300.08175455404296,-5.684341886080802e-14,0.0,0.0
2024-11-06,5.116666666666666,11,2024,18.483333333333334,2105.879632216944,0.0,1408.2333333333333,2.1827872842550278e-11,34.4,2.2737367544323206e-13,663.2462988836108,-5.684341886080802e-14,0.0,0.0
2024-11-07,6.46875,11,2024,17.13125,1951.831403935971,0.0,1408.2333333333333,2.1827872842550278e-11,34.4,2.2737367544323206e-13,509.1980706026376,-5.684341886080802e-14,0.0,0.0
2024-11-08,3.7291666666666665,11,2024,19.870833333333334,2263.9630221015796,0.0,1408.2333333333333,2.1827872842550278e-11,34.4,2.2737367544323206e-13,821.3296887682462,-5.684341886080802e-14,0.0,0.0
2024-11-09,5.395833333333333,11,2024,18.204166666666666,2074.0730642821977,0.0,1408.2333333333333,2.1827872842550278e-11,34.4,2.2737367544323206e-13,631.4397309488644,-5.684341886080802e-14,0.0,0.0
2024-11-10,3.3000000000000003,11,2024,20.299999999999997,2312.85968624007,0.0,1408.2333333333333,2.1827872842550278e-11,34.4,2.2737367544323206e-13,870.2263529067367,-5.684341886080802e-14,0.0,0.0
2024-11-11,3.341666666666667,11,2024,20.258333333333333,2308.1124372945856,0.0,1408.2333333333333,2.1827872842550278e-11,34.4,2.2737367544323206e-13,865.4791039612522,-5.684341886080802e-14,0.0,0.0
2024-11-12,5.416666666666667,11,2024,18.18333333333333,2071.699439809455,0.0,1408.2333333333333,2.1827872842550278e-11,34.4,2.2737367544323206e-13,629.0661064761215,-5.684341886080802e-14,0.0,0.0
2024-11-13,6.939583333333334,11,2024,16.660416666666663,1898.1874908519949,0.0,1408.2333333333333,2.1827872842550278e-11,34.4,2.2737367544323206e-13,455.55415751866155,-5.684341886080802e-14,0.0,0.0
2024-11-14,5.554166666666667,11,2024,18.045833333333334,2056.0335182893564,0.0,1408.2333333333333,2.1827872842550278e-11,34.4,2.2737367544323206e-13,613.400184956023,-5.684341886080802e-14,0.0,0.0
2024-11-15,9.581249999999999,11,2024,14.01875,1597.2119077082752,0.0,1408.2333333333333,2.1827872842550278e-11,34.4,2.2737367544323206e-13,154.5785743749419,-5.684341886080802e-14,0.0,0.0
2024-11-16,4.020833333333333,11,2024,19.579166666666666,2230.732279483188,0.0,1408.2333333333333,2.1827872842550278e-11,34.4,2.2737367544323206e-13,788.0989461498547,-5.684341886080802e-14,0.0,0.0
2024-11-17,3.3541666666666665,11,2024,20.245833333333334,2306.6882626109405,0.0,1408.2333333333333,2.1827872842550278e-11,34.4,2.2737367544323206e-13,864.0549292776071,-5.684341886080802e-14,0.0,0.0
2024-11-18,2.597916666666667,11,2024,21.00208333333333,2392.850830971485,0.0,1408.2333333333333,2.1827872842550278e-11,34.4,2.2737367544323206e-13,885.8799617668844,-5.684341886080802e-14,64.33753587126708,0.0
2024-11-19,-0.55625,11,2024,24.15625,2752.2175761446647,0.0,1408.2333333333333,2.1827872842550278e-11,34.4,2.2737367544323206e-13,885.8799617668844,-5.684341886080802e-14,423.7042810444469,0.0
2024-11-20,-2.6791666666666667,11,2024,26.27916666666667,2994.089909917103,0.0,1408.2333333333333,2.1827872842550278e-11,34.4,2.2737367544323206e-13,885.8799617668844,-5.684341886080802e-14,665.576614816885,0.0
2024-11-21,-3.8833333333333333,11,2024,27.483333333333334,3131.2854044416063,0.0,1408.2333333333333,2.1827872842550278e-11,34.4,2.2737367544323206e-13,885.8799617668844,-5.684341886080802e-14,802.7721093413885,0.0
2024-11-22,-3.420833333333333,11,2024,27.020833333333336,3078.590941146728,0.0,1408.2333333333333,2.1827872842550278e-11,34.4,2.2737367544323206e-13,885.8799617668844,-5.684341886080802e-14,750.0776460465099,0.0
2024-11-23,-0.5979166666666667,11,2024,24.197916666666664,2756.964825090149,0.0,1408.2333333333333,2.1827872842550278e-11,34.4,2.2737367544323206e-13,885.8799617668844,-5.684341886080802e-14,428.4515299899313,0.0
2024-11-24,-0.7895833333333333,11,2024,24.389583333333334,2778.802170239379,0.0,1408.2333333333333,2.1827872842550278e-11,34.4,2.2737367544323206e-13,885.8799617668844,-5.684341886080802e-14,450.2888751391611,0.0
2024-11-25,2.654166666666667,11,2024,20.945833333333333,2386.4420448950805,0.0,1408.2333333333333,2.1827872842550278e-11,34.4,2.2737367544323206e-13,885.8799617668844,-5.684341886080802e-14,57.92874979486274,0.0
2024-11-26,1.96875,11,2024,21.63125,2464.5342900483015,0.0,1408.2333333333333,2.1827872842550278e-11,34.4,2.2737367544323206e-13,885.8799617668844,-5.684341886080802e-14,136.02099494808377,0.0
2024-11-27,-0.6020833333333333,11,2024,24.202083333333334,2757.4395499846983,0.0,1408.2333333333333,2.1827872842550278e-11,34.4,2.2737367544323206e-13,885.8799617668844,-5.684341886080802e-14,428.92625488448044,0.0
2024-11-28,-3.8125,11,2024,27.4125,3123.2150812342825,0.0,1408.2333333333333,2.1827872842550278e-11,34.4,2.2737367544323206e-13,885.8799617668844,-5.684341886080802e-14,794.7017861340646,0.0
2024-11-29,0.06458333333333334,11,2024,23.535416666666663,2681.483566856945,0.0,1408.2333333333333,2.1827872842550278e-11,34.4,2.2737367544323206e-13,885.8799617668844,-5.684341886080802e-14,352.9702717567271,0.0
2024-11-30,2.5,11,2024,21.1,2404.0068659933736,0.0,1408.2333333333333,2.1827872842550278e-11,34.4,2.2737367544323206e-13,885.8799617668844,-5.684341886080802e-14,75.49357089315586,0.0
2024-12-01,6.885416666666667,12,2024,16.71458333333333,1873.4635009802214,0.0,1507.8709677419354,2.9103830456733704e-11,51.12903225806452,-9.094947017729282e-13,314.4635009802215,0.0,0.0,6.59383658785373e-12
2024-12-02,2.660416666666667,12,2024,20.93958333333333,2347.02500914274,0.0,1507.8709677419354,2.9103830456733704e-11,51.12903225806452,-9.094947017729282e-13,788.0250091427403,0.0,0.0,6.59383658785373e-12
2024-12-03,-3.0812500000000003,12,2024,26.68125,2990.58295613283,0.0,1507.8709677419354,2.9103830456733704e-11,51.12903225806452,-9.094947017729282e-13,790.8348782316842,0.0,640.7480779011457,6.59383658785373e-12
2024-12-04,-3.6958333333333333,12,2024,27.295833333333334,3059.468875712684,0.0,1507.8709677419354,2.9103830456733704e-11,51.12903225806452,-9.094947017729282e-13,790.8348782316842,0.0,709.6339974809998,6.59383658785373e-12
2024-12-05,0.2833333333333334,12,2024,23.316666666666663,2613.461735382106,0.0,1507.8709677419354,2.9103830456733704e-11,51.12903225806452,-9.094947017729282e-13,790.8348782316842,0.0,263.62685715042164,6.59383658785373e-12
2024-12-06,3.03125,12,2024,20.56875,2305.4599458030325,0.0,1507.8709677419354,2.9103830456733704e-11,51.12903225806452,-9.094947017729282e-13,746.4599458030326,0.0,0.0,6.59383658785373e-12
2024-12-07,0.8999999999999999,12,2024,22.700000000000003,2544.3423042104573,0.0,1507.8709677419354,2.9103830456733704e-11,51.12903225806452,-9.094947017729282e-13,790.8348782316842,0.0,194.5074259787732,6.59383658785373e-12
2024-12-08,1.825,12,2024,21.775,2440.663157452982,0.0,1507.8709677419354,2.9103830456733704e-11,51.12903225806452,-9.094947017729282e-13,790.8348782316842,0.0,90.82827922129788,6.59383658785373e-12
2024-12-09,-1.3270833333333332,12,2024,24.927083333333336,2793.9661958405027,0.0,1507.8709677419354,2.9103830456733704e-11,51.12903225806452,-9.094947017729282e-13,790.8348782316842,0.0,444.13131760881845,6.59383658785373e-12
2024-12-10,2.377083333333333,12,2024,21.222916666666666,2378.782585627012,0.0,1507.8709677419354,2.9103830456733704e-11,51.12903225806452,-9.094947017729282e-13,790.8348782316842,0.0,28.947707395327836,6.59383658785373e-12
2024-12-11,2.339583333333333,12,2024,21.260416666666664,2382.985794279342,0.0,1507.8709677419354,2.9103830456733704e-11,51.12903225806452,-9.094947017729282e-13,790.8348782316842,0.0,33.15091604765781,6.59383658785373e-12
2024-12-12,0.8333333333333334,12,2024,22.766666666666666,2551.814675147932,0.0,1507.8709677419354,2.9103830456733704e-11,51.12903225806452,-9.094947017729282e-13,790.8348782316842,0.0,201.979796916248,6.59383658785373e-12
2024-12-13,2.81875,12,2024,20.78125,2329.2781281662355,0.0,1507.8709677419354,2.9103830456733704e-11,51.12903225806452,-9.094947017729282e-13,770.2781281662357,0.0,0.0,6.59383658785373e-12
2024-12-14,1.4708333333333332,12,2024,22.129166666666666,2480.3601280583216,0.0,1507.8709677419354,2.9103830456733704e-11,51.12903225806452,-9.094947017729282e-13,790.8348782316842,0.0,130.5252498266375,6.59383658785373e-12
2024-12-15,1.6166666666666665,12,2024,21.983333333333334,2464.014316632594,0.0,1507.8709677419354,2.9103830456733704e-11,51.12903225806452,-9.094947017729282e-13,790.8348782316842,0.0,114.17943840090972,6.59383658785373e-12
2024-12-16,2.1687499999999997,12,2024,21.43125,2402.133744806623,0.0,1507.8709677419354,2.9103830456733704e-11,51.12903225806452,-9.094947017729282e-13,790.8348782316842,0.0,52.298866574938764,6.59383658785373e-12
2024-12-17,2.2354166666666666,12,2024,21.364583333333336,2394.661373869148,0.0,1507.8709677419354,2.9103830456733704e-11,51.12903225806452,-9.094947017729282e-13,790.8348782316842,0.0,44.82649563746396,6.59383658785373e-12
2024-12-18,2.652083333333333,12,2024,20.947916666666664,2347.959055509925,0.0,1507.8709677419354,2.9103830456733704e-11,51.12903225806452,-9.094947017729282e-13,788.959055509925,0.0,0.0,6.59383658785373e-12
2024-12-19,2.0791666666666666,12,2024,21.520833333333336,2412.1747432538564,0.0,1507.8709677419354,2.9103830456733704e-11,51.12903225806452,-9.094947017729282e-13,790.8348782316842,0.0,62.33986502217227,6.59383658785373e-12
2024-12-20,0.9166666666666666,12,2024,22.68333333333333,2542.4742114760875,0.0,1507.8709677419354,2.9103830456733704e-11,51.12903225806452,-9.094947017729282e-13,790.8348782316842,0.0,192.63933324440336,6.59383658785373e-12
2024-12-21,-1.9208333333333334,12,2024,25.520833333333336,2860.5169995023953,0.0,1507.8709677419354,2.9103830456733704e-11,51.12903225806452,-9.094947017729282e-13,790.8348782316842,0.0,510.682121270711,6.59383658785373e-12
2024-12-22,0.16874999999999998,12,2024,23.43125,2626.3048729308925,0.0,1507.8709677419354,2.9103830456733704e-11,51.12903225806452,-9.094947017729282e-13,790.8348782316842,0.0,276.4699946992083,6.59383658785373e-12
2024-12-23,0.6958333333333333,12,2024,22.90416666666667,2567.226440206476,0.0,1507.8709677419354,2.9103830456733704e-11,51.12903225806452,-9.094947017729282e-13,790.8348782316842,0.0,217.391561974792,6.59383658785373e-12
2024-12-24,1.7916666666666667,12,2024,21.808333333333334,2444.39934292172,0.0,1507.8709677419354,2.9103830456733704e-11,51.12903225806452,-9.094947017729282e-13,790.8348782316842,0.0,94.56446469003573,6.59383658785373e-12
2024-12-25,4.21875,12,2024,19.38125,2172.3583384792473,0.0,1507.8709677419354,2.9103830456733704e-11,51.12903225806452,-9.094947017729282e-13,613.3583384792474,0.0,0.0,6.59383658785373e-12
2024-12-26,4.289583333333334,12,2024,19.31041666666667,2164.4189443581795,0.0,1507.8709677419354,2.9103830456733704e-11,51.12903225806452,-9.094947017729282e-13,605.4189443581796,0.0,0.0,6.59383658785373e-12
2024-12-27,0.8562500000000001,12,2024,22.74375,2549.246047638175,0.0,1507.8709677419354,2.9103830456733704e-11,51.12903225806452,-9.094947017729282e-13,790.8348782316842,0.0,199.41116940649067,6.59383658785373e-12
2024-12-28,1.4437499999999999,12,2024,22.15625,2483.395778751671,0.0,1507.8709677419354,2.9103830456733704e-11,51.12903225806452,-9.094947017729282e-13,790.8348782316842,0.0,133.56090051998694,6.59383658785373e-12
2024-12-29,1.5083333333333335,12,2024,22.09166666666667,2476.1569194059916,0.0,1507.8709677419354,2.9103830456733704e-11,51.12903225806452,-9.094947017729282e-13,790.8348782316842,0.0,126.32204117430753,6.59383658785373e-12
2024-12-30,-0.78125,12,2024,24.38125,2732.786158789921,0.0,1507.8709677419354,2.9103830456733704e-11,51.12903225806452,-9.094947017729282e-13,790.8348782316842,0.0,382.9512805582368,6.59383658785373e-12
2024-12-31,-4.65625,12,2024,28.25625,3167.1177195306923,0.0,1507.8709677419354,2.9103830456733704e-11,51.12903225806452,-9.094947017729282e-13,790.8348782316842,0.0,817.282841299008,6.59383658785373e-12
2025-01-01,-10.356250000000001,1,2025,33.956250000000004,4150.527928646172,0.0,1599.1935483870968,-1.4551915228366852e-11,106.19354838709677,1.3642420526593924e-12,935.7083826601415,-1.4210854715202004e-14,1509.432449211837,0.0
2025-01-02,-3.6645833333333333,1,2025,27.264583333333334,3332.5945764888916,0.0,1599.1935483870968,-1.4551915228366852e-11,106.19354838709677,1.3642420526593924e-12,935.7083826601415,-1.4210854715202004e-14,691.4990970545564,0.0
2025-01-03,-5.5,1,2025,29.1,3556.940555084957,0.0,1599.1935483870968,-1.4551915228366852e-11,106.19354838709677,1.3642420526593924e-12,935.7083826601415,-1.4210854715202004e-14,915.8450756506218,0.0
2025-01-04,-2.35,1,2025,25.950000000000003,3171.910907369575,0.0,1599.1935483870968,-1.4551915228366852e-11,106.19354838709677,1.3642420526593924e-12,935.7083826601415,-1.4210854715202004e-14,530.8154279352398,0.0
2025-01-05,-5.010416666666667,1,2025,28.610416666666666,3497.097984176812,0.0,1599.1935483870968,-1.4551915228366852e-11,106.19354838709677,1.3642420526593924e-12,935.7083826601415,-1.4210854715202004e-14,856.002504742477,0.0
2025-01-06,-9.55625,1,2025,33.15625,4052.742621289883,0.0,1599.1935483870968,-1.4551915228366852e-11,106.19354838709677,1.3642420526593924e-12,935.7083826601415,-1.4210854715202004e-14,1411.647141855548,0.0
2025-01-07,-4.304166666666666,1,2025,27.90416666666667,3410.7718925263403,0.0,1599.1935483870968,-1.4551915228366852e-11,106.19354838709677,1.3642420526593924e-12,935.7083826601415,-1.4210854715202004e-14,769.6764130920051,0.0
2025-01-08,-5.8500000000000005,1,2025,29.450000000000003,3599.721627053333,0.0,1599.1935483870968,-1.4551915228366852e-11,106.19354838709677,1.3642420526593924e-12,935.7083826601415,-1.4210854715202004e-14,958.6261476189981,0.0
2025-01-09,-6.547916666666667,1,2025,30.147916666666667,3685.0291217521776,0.0,1599.1935483870968,-1.4551915228366852e-11,106.19354838709677,1.3642420526593924e-12,935.7083826601415,-1.4210854715202004e-14,1043.933642317842,0.0
2025-01-10,-5.658333333333334,1,2025,29.258333333333333,3576.293897165889,0.0,1599.1935483870968,-1.4551915228366852e-11,106.19354838709677,1.3642420526593924e-12,935.7083826601415,-1.4210854715202004e-14,935.198417731554,0.0
2025-01-11,-2.027083333333333,1,2025,25.62708333333333,3132.44027549399,0.0,1599.1935483870968,-1.4551915228366852e-11,106.19354838709677,1.3642420526593924e-12,935.7083826601415,-1.4210854715202004e-14,491.344796059655,0.0
2025-01-12,-3.19375,1,2025,26.793750000000003,3275.0438487219103,0.0,1599.1935483870968,-1.4551915228366852e-11,106.19354838709677,1.3642420526593924e-12,935.7083826601415,-1.4210854715202004e-14,633.9483692875751,0.0
2025-01-13,3.1625,1,2025,20.4375,2498.1090238676566,0.0,1599.1935483870968,-1.4551915228366852e-11,106.19354838709677,1.3642420526593924e-12,792.7219270934629,-1.4210854715202004e-14,0.0,0.0
2025-01-14,4.620833333333334,1,2025,18.979166666666664,2319.8545573327574,0.0,1599.1935483870968,-1.4551915228366852e-11,106.19354838709677,1.3642420526593924e-12,614.4674605585637,-1.4210854715202004e-14,0.0,0.0
2025-01-15,4.583333333333333,1,2025,19.016666666666666,2324.4382436150836,0.0,1599.1935483870968,-1.4551915228366852e-11,106.19354838709677,1.3642420526593924e-12,619.0511468408899,-1.4210854715202004e-14,0.0,0.0
2025-01-16,6.897916666666667,1,2025,16.702083333333334,2041.5229403004082,0.0,1599.1935483870968,-1.4551915228366852e-11,106.19354838709677,1.3642420526593924e-12,336.1358435262146,-1.4210854715202004e-14,0.0,0.0
2025-01-17,3.845833333333333,1,2025,19.754166666666666,2414.5840738341612,0.0,1599.1935483870968,-1.4551915228366852e-11,106.19354838709677,1.3642420526593924e-12,709.1969770599676,-1.4210854715202004e-14,0.0,0.0
2025-01-18,2.8354166666666667,1,2025,20.764583333333334,2538.0889542190557,0.0,1599.1935483870968,-1.4551915228366852e-11,106.19354838709677,1.3642420526593924e-12,832.7018574448621,-1.4210854715202004e-14,0.0,0.0
2025-01-19,2.4583333333333335,1,2025,21.141666666666666,2584.180466280222,0.0,1599.1935483870968,-1.4551915228366852e-11,106.19354838709677,1.3642420526593924e-12,878.7933695060283,-1.4210854715202004e-14,0.0,0.0
2025-01-20,1.79375,1,2025,21.80625,2665.4135731725546,0.0,1599.1935483870968,-1.4551915228366852e-11,106.19354838709677,1.3642420526593924e-12,935.7083826601415,-1.4210854715202004e-14,24.31809373821942,0.0
2025-01-21,0.9395833333333333,1,2025,22.660416666666663,2769.819760714424,0.0,1599.1935483870968,-1.4551915228366852e-11,106.19354838709677,1.3642420526593924e-12,935.7083826601415,-1.4210854715202004e-14,128.72428128008866,0.0
2025-01-22,-0.03333333333333333,1,2025,23.633333333333333,2888.7409548169926,0.0,1599.1935483870968,-1.4551915228366852e-11,106.19354838709677,1.3642420526593924e-12,935.7083826601415,-1.4210854715202004e-14,247.6454753826574,0.0
2025-01-23,-1.675,1,2025,25.275,3089.404554287707,0.0,1599.1935483870968,-1.4551915228366852e-11,106.19354838709677,1.3642420526593924e-12,935.7083826601415,-1.4210854715202004e-14,448.30907485337184,0.0
2025-01-24,0.06249999999999998,1,2025,23.5375,2877.0270898732706,0.0,1599.1935483870968,-1.4551915228366852e-11,106.19354838709677,1.3642420526593924e-12,935.7083826601415,-1.4210854715202004e-14,235.9316104389354,0.0
2025-01-25,5.6812499999999995,1,2025,17.918750000000003,2190.238095238096,0.0,1599.1935483870968,-1.4551915228366852e-11,106.19354838709677,1.3642420526593924e-12,484.8509984639023,-1.4210854715202004e-14,0.0,0.0
2025-01-26,4.047916666666667,1,2025,19.552083333333336,2389.8830977571824,0.0,1599.1935483870968,-1.4551915228366852e-11,106.19354838709677,1.3642420526593924e-12,684.4960009829888,-1.4210854715202004e-14,0.0,0.0
2025-01-27,1.91875,1,2025,21.68125,2650.1346188981347,0.0,1599.1935483870968,-1.4551915228366852e-11,106.19354838709677,1.3642420526593924e-12,935.7083826601415,-1.4210854715202004e-14,9.039139463799518,0.0
2025-01-28,0.8999999999999999,1,2025,22.700000000000003,2774.6580962346575,0.0,1599.1935483870968,-1.4551915228366852e-11,106.19354838709677,1.3642420526593924e-12,935.7083826601415,-1.4210854715202004e-14,133.56261680032227,0.0
2025-01-29,0.9874999999999999,1,2025,22.612499999999997,2763.962828242563,0.0,1599.1935483870968,-1.4551915228366852e-11,106.19354838709677,1.3642420526593924e-12,935.7083826601415,-1.4210854715202004e-14,122.86734880822767,0.0
2025-01-30,-0.9500000000000001,1,2025,24.549999999999997,3000.7866194960716,0.0,1599.1935483870968,-1.4551915228366852e-11,106.19354838709677,1.3642420526593924e-12,935.7083826601415,-1.4210854715202004e-14,359.6911400617364,0.0
2025-01-31,0.9541666666666666,1,2025,22.645833333333336,2768.0372160490756,0.0,1599.1935483870968,-1.4551915228366852e-11,106.19354838709677,1.3642420526593924e-12,935.7083826601415,-1.4210854715202004e-14,126.94173661474039,0.0
2025-02-01,-1.2479166666666666,2,2025,24.847916666666663,3112.964127570263,0.0,1609.642857142857,7.275957614183426e-12,213.64285714285714,9.094947017729282e-13,1056.9213507757886,0.0,232.75706250876016,5.002220859751105e-12
2025-02-02,-2.21875,2,2025,25.81875,3234.5907967618236,0.0,1609.642857142857,7.275957614183426e-12,213.64285714285714,9.094947017729282e-13,1056.9213507757886,0.0,354.3837317003209,5.002220859751105e-12
2025-02-03,-0.29583333333333334,2,2025,23.895833333333336,2993.686471303003,0.0,1609.642857142857,7.275957614183426e-12,213.64285714285714,9.094947017729282e-13,1056.9213507757886,0.0,113.47940624150037,5.002220859751105e-12
2025-02-04,1.3333333333333333,2,2025,22.266666666666666,2789.5833483248903,0.0,1609.642857142857,7.275957614183426e-12,213.64285714285714,9.094947017729282e-13,966.297634039176,0.0,0.0,5.002220859751105e-12
2025-02-05,2.71875,2,2025,20.88125,2616.0173933626857,0.0,1609.642857142857,7.275957614183426e-12,213.64285714285714,9.094947017729282e-13,792.7316790769714,0.0,0.0,5.002220859751105e-12
2025-02-06,2.129166666666667,2,2025,21.47083333333333,2689.880799760135,0.0,1609.642857142857,7.275957614183426e-12,213.64285714285714,9.094947017729282e-13,866.5950854744206,0.0,0.0,5.002220859751105e-12
2025-02-07,-1.03125,2,2025,24.63125,3085.8199782227907,0.0,1609.642857142857,7.275957614183426e-12,213.64285714285714,9.094947017729282e-13,1056.9213507757886,0.0,205.61291316128796,5.002220859751105e-12
2025-02-08,-0.11458333333333333,2,2025,23.71458333333333,2970.9793463680976,0.0,1609.642857142857,7.275957614183426e-12,213.64285714285714,9.094947017729282e-13,1056.9213507757886,0.0,90.77228130659482,5.002220859751105e-12
2025-02-09,0.2625,2,2025,23.3375,2923.7380864460542,0.0,1609.642857142857,7.275957614183426e-12,213.64285714285714,9.094947017729282e-13,1056.9213507757886,0.0,43.531021384551465,5.002220859751105e-12
2025-02-10,2.0437499999999997,2,2025,21.55625,2700.581858637504,0.0,1609.642857142857,7.275957614183426e-12,213.64285714285714,9.094947017729282e-13,877.2961443517897,0.0,0.0,5.002220859751105e-12
2025-02-11,-3.172916666666667,2,2025,26.772916666666667,3354.129454465117,0.0,1609.642857142857,7.275957614183426e-12,213.64285714285714,9.094947017729282e-13,1056.9213507757886,0.0,473.9223894036141,5.002220859751105e-12
2025-02-12,-2.15625,2,2025,25.75625,3226.760753680822,0.0,1609.642857142857,7.275957614183426e-12,213.64285714285714,9.094947017729282e-13,1056.9213507757886,0.0,346.5536886193191,5.002220859751105e-12
2025-02-13,-2.002083333333333,2,2025,25.602083333333333,3207.446647414351,0.0,1609.642857142857,7.275957614183426e-12,213.64285714285714,9.094947017729282e-13,1056.9213507757886,0.0,327.23958235284823,5.002220859751105e-12
2025-02-14,-4.2749999999999995,2,2025,27.875,3492.1992141267815,0.0,1609.642857142857,7.275957614183426e-12,213.64285714285714,9.094947017729282e-13,1056.9213507757886,0.0,611.9921490652787,5.002220859751105e-12
2025-02-15,-5.8374999999999995,2,2025,29.4375,3687.9502911518252,0.0,1609.642857142857,7.275957614183426e-12,213.64285714285714,9.094947017729282e-13,1056.9213507757886,0.0,807.7432260903221,5.002220859751105e-12
2025-02-16,-5.316666666666666,2,2025,28.916666666666664,3622.699932143477,0.0,1609.642857142857,7.275957614183426e-12,213.64285714285714,9.094947017729282e-13,1056.9213507757886,0.0,742.492867081974,5.002220859751105e-12
2025-02-17,-0.75,2,2025,24.35,3050.5847843582824,0.0,1609.642857142857,7.275957614183426e-12,213.64285714285714,9.094947017729282e-13,1056.9213507757886,0.0,170.37771929677962,5.002220859751105e-12
2025-02-18,0.30833333333333335,2,2025,23.291666666666664,2917.9960548533195,0.0,1609.642857142857,7.275957614183426e-12,213.64285714285714,9.094947017729282e-13,1056.9213507757886,0.0,37.78898979181672,5.002220859751105e-12
2025-02-19,-4.85625,2,2025,28.456249999999997,3565.0186147800973,0.0,1609.642857142857,7.275957614183426e-12,213.64285714285714,9.094947017729282e-13,1056.9213507757886,0.0,684.8115497185945,5.002220859751105e-12
2025-02-20,-3.4291666666666667,2,2025,27.02916666666667,3386.2326310972244,0.0,1609.642857142857,7.275957614183426e-12,213.64285714285714,9.094947017729282e-13,1056.9213507757886,0.0,506.02556603572157,5.002220859751105e-12
2025-02-21,3.5749999999999997,2,2025,20.025,2508.745803152961,0.0,1609.642857142857,7.275957614183426e-12,213.64285714285714,9.094947017729282e-13,685.4600888672467,0.0,0.0,5.002220859751105e-12
2025-02-22,7.402083333333334,2,2025,16.197916666666664,2029.2861651596204,0.0,1609.642857142857,7.275957614183426e-12,213.64285714285714,9.094947017729282e-13,206.00045087390615,0.0,0.0,5.002220859751105e-12
2025-02-23,3.53125,2,2025,20.06875,2514.2268333096627,0.0,1609.642857142857,7.275957614183426e-12,213.64285714285714,9.094947017729282e-13,690.9411190239484,0.0,0.0,5.002220859751105e-12
2025-02-24,7.29375,2,2025,16.30625,2042.8582398333567,0.0,1609.642857142857,7.275957614183426e-12,213.64285714285714,9.094947017729282e-13,219.57252554764247,0.0,0.0,5.002220859751105e-12
2025-02-25,4.027083333333334,2,2025,19.572916666666664,2452.108491533715,0.0,1609.642857142857,7.275957614183426e-12,213.64285714285714,9.094947017729282e-13,628.8227772480009,0.0,0.0,5.002220859751105e-12
2025-02-26,0.9770833333333333,2,2025,22.62291666666667,2834.214593886601,0.0,1609.642857142857,7.275957614183426e-12,213.64285714285714,9.094947017729282e-13,1010.9288796008868,0.0,0.0,5.002220859751105e-12
2025-02-27,0.5020833333333333,2,2025,23.097916666666663,2893.7229213022138,0.0,1609.642857142857,7.275957614183426e-12,213.64285714285714,9.094947017729282e-13,1056.9213507757886,0.0,13.515856240710988,5.002220859751105e-12
2025-02-28,1.30625,2,2025,22.29375,2792.976366993325,0.0,1609.642857142857,7.275957614183426e-12,213.64285714285714,9.094947017729282e-13,969.6906527076108,0.0,0.0,5.002220859751105e-12
2025-03-01,2.872916666666667,3,2025,20.727083333333333,2358.945443083153,0.0,1281.7096774193549,-7.275957614183426e-12,231.06451612903226,0.0,824.9877229241839,0.0,21.183526610581808,5.258016244624741e-12
2025-03-02,4.177083333333333,3,2025,19.422916666666666,2210.5184808387007,0.0,1281.7096774193549,-7.275957614183426e-12,231.06451612903226,0.0,697.7442872903137,0.0,0.0,5.258016244624741e-12
2025-03-03,3.9250000000000003,3,2025,19.674999999999997,2239.2080374386665,0.0,1281.7096774193549,-7.275957614183426e-12,231.06451612903226,0.0,726.4338438902794,0.0,0.0,5.258016244624741e-12
2025-03-04,2.5479166666666666,3,2025,21.052083333333336,2395.9336317574894,0.0,1281.7096774193549,-7.275957614183426e-12,231.06451612903226,0.0,824.9877229241839,0.0,58.17171528491828,5.258016244624741e-12
2025-03-05,3.0625,3,2025,20.5375,2337.36899968979,0.0,1281.7096774193549,-7.275957614183426e-12,231.06451612903226,0.0,824.594806141403,0.0,0.0,5.258016244624741e-12
2025-03-06,6.4437500000000005,3,2025,17.15625,1952.5495752125603,0.0,1281.7096774193549,-7.275957614183426e-12,231.06451612903226,0.0,439.77538166417315,0.0,0.0,5.258016244624741e-12
2025-03-07,4.677083333333333,3,2025,18.922916666666666,2153.6135751858756,0.0,1281.7096774193549,-7.275957614183426e-12,231.06451612903226,0.0,640.8393816374885,0.0,0.0,5.258016244624741e-12
2025-03-08,4.2749999999999995,3,2025,19.325000000000003,2199.3746034816895,0.0,1281.7096774193549,-7.275957614183426e-12,231.06451612903226,0.0,686.6004099333024,0.0,0.0,5.258016244624741e-12
2025-03-09,2.097916666666667,3,2025,21.50208333333333,2447.148046845032,0.0,1281.7096774193549,-7.275957614183426e-12,231.06451612903226,0.0,824.9877229241839,0.0,109.38613037246068,5.258016244624741e-12
2025-03-10,1.7395833333333333,3,2025,21.860416666666666,2487.9298958962227,0.0,1281.7096774193549,-7.275957614183426e-12,231.06451612903226,0.0,824.9877229241839,0.0,150.16797942365153,5.258016244624741e-12
2025-03-11,0.29791666666666666,3,2025,23.302083333333336,2652.0057071952024,0.0,1281.7096774193549,-7.275957614183426e-12,231.06451612903226,0.0,824.9877229241839,0.0,314.2437907226313,5.258016244624741e-12
2025-03-12,-1.4625000000000001,3,2025,25.0625,2852.358395847857,0.0,1281.7096774193549,-7.275957614183426e-12,231.06451612903226,0.0,824.9877229241839,0.0,514.5964793752861,5.258016244624741e-12
2025-03-13,-0.05833333333333329,3,2025,23.65833333333333,2692.5504524728394,0.0,1281.7096774193549,-7.275957614183426e-12,231.06451612903226,0.0,824.9877229241839,0.0,354.7885360002683,5.258016244624741e-12
2025-03-14,0.5354166666666667,3,2025,23.06458333333333,2624.97587701011,0.0,1281.7096774193549,-7.275957614183426e-12,231.06451612903226,0.0,824.9877229241839,0.0,287.2139605375387,5.258016244624741e-12
2025-03-15,2.4499999999999997,3,2025,21.15,2407.0775091145006,0.0,1281.7096774193549,-7.275957614183426e-12,231.06451612903226,0.0,824.9877229241839,0.0,69.31559264192948,5.258016244624741e-12
2025-03-16,0.6104166666666667,3,2025,22.989583333333336,2616.440141162187,0.0,1281.7096774193549,-7.275957614183426e-12,231.06451612903226,0.0,824.9877229241839,0.0,278.67822468961594,5.258016244624741e-12
2025-03-17,2.5208333333333335,3,2025,21.079166666666666,2399.0159808136837,0.0,1281.7096774193549,-7.275957614183426e-12,231.06451612903226,0.0,824.9877229241839,0.0,61.25406434111257,5.258016244624741e-12
2025-03-18,5.077083333333333,3,2025,18.522916666666667,2108.089650663616,0.0,1281.7096774193549,-7.275957614183426e-12,231.06451612903226,0.0,595.3154571152288,0.0,0.0,5.258016244624741e-12
2025-03-19,4.160416666666666,3,2025,19.43958333333333,2212.415311027128,0.0,1281.7096774193549,-7.275957614183426e-12,231.06451612903226,0.0,699.6411174787411,0.0,0.0,5.258016244624741e-12
2025-03-20,3.5812500000000003,3,2025,20.018749999999997,2278.3301600749837,0.0,1281.7096774193549,-7.275957614183426e-12,231.06451612903226,0.0,765.5559665265966,0.0,0.0,5.258016244624741e-12
2025-03-21,3.8333333333333335,3,2025,19.766666666666666,2249.640603475018,0.0,1281.7096774193549,-7.275957614183426e-12,231.06451612903226,0.0,736.8664099266309,0.0,0.0,5.258016244624741e-12
2025-03-22,7.285416666666666,3,2025,16.31458333333333,1856.7596506969714,0.0,1281.7096774193549,-7.275957614183426e-12,231.06451612903226,0.0,343.9854571485843,0.0,0.0,5.258016244624741e-12
2025-03-23,6.958333333333333,3,2025,16.641666666666666,1893.984943144861,0.0,1281.7096774193549,-7.275957614183426e-12,231.06451612903226,0.0,381.21074959647393,0.0,0.0,5.258016244624741e-12
2025-03-24,5.464583333333334,3,2025,18.135416666666664,2063.988348782676,0.0,1281.7096774193549,-7.275957614183426e-12,231.06451612903226,0.0,551.2141552342889,0.0,0.0,5.258016244624741e-12
2025-03-25,3.341666666666667,3,2025,20.258333333333333,2305.5970940336297,0.0,1281.7096774193549,-7.275957614183426e-12,231.06451612903226,0.0,792.8229004852426,0.0,0.0,5.258016244624741e-12
2025-03-26,4.170833333333333,3,2025,19.429166666666667,2211.2297921593613,0.0,1281.7096774193549,-7.275957614183426e-12,231.06451612903226,0.0,698.4555986109742,0.0,0.0,5.258016244624741e-12
2025-03-27,5.572916666666667,3,2025,18.02708333333333,2051.658952557897,0.0,1281.7096774193549,-7.275957614183426e-12,231.06451612903226,0.0,538.8847590095099,0.0,0.0,5.258016244624741e-12
2025-03-28,5.83125,3,2025,17.768749999999997,2022.2580846372707,0.0,1281.7096774193549,-7.275957614183426e-12,231.06451612903226,0.0,509.4838910888836,0.0,0.0,5.258016244624741e-12
2025-03-29,3.8520833333333333,3,2025,19.74791666666667,2247.506669513037,0.0,1281.7096774193549,-7.275957614183426e-12,231.06451612903226,0.0,734.7324759646501,0.0,0.0,5.258016244624741e-12
2025-03-30,3.158333333333333,3,2025,20.441666666666666,2326.462226106332,0.0,1281.7096774193549,-7.275957614183426e-12,231.06451612903226,0.0,813.6880325579448,0.0,0.0,5.258016244624741e-12
2025-03-31,4.022916666666666,3,2025,19.577083333333334,2228.0641600816552,0.0,1281.7096774193549,-7.275957614183426e-12,231.06451612903226,0.0,715.2899665332682,0.0,0.0,5.258016244624741e-12
2025-04-01,6.539583333333333,4,2025,17.06041666666667,1674.454532495456,0.0,1316.749960778274,-2.842170943040401e-14,18.448275862068964,1.1368683772161603e-13,339.25629585511314,-2.842170943040401e-14,0.0,8.924416761146858e-12
2025-04-02,8.141666666666667,4,2025,15.458333333333332,1517.2124351100604,0.0,1316.749960778274,-2.842170943040401e-14,18.448275862068964,1.1368683772161603e-13,182.0141984697174,-2.842170943040401e-14,0.0,8.924416761146858e-12
2025-04-03,4.454166666666667,4,2025,19.145833333333336,1879.1350779867194,0.0,1316.749960778274,-2.842170943040401e-14,18.448275862068964,1.1368683772161603e-13,447.69221644015363,-2.842170943040401e-14,96.24462490622271,8.924416761146858e-12
2025-04-04,3.047916666666667,4,2025,20.552083333333332,2017.1564248464617,0.0,1316.749960778274,-2.842170943040401e-14,18.448275862068964,1.1368683772161603e-13,447.69221644015363,-2.842170943040401e-14,234.2659717659651,8.924416761146858e-12
2025-04-05,3.78125,4,2025,19.81875,1945.1808484099736,0.0,1316.749960778274,-2.842170943040401e-14,18.448275862068964,1.1368683772161603e-13,447.69221644015363,-2.842170943040401e-14,162.29039532947695,8.924416761146858e-12
2025-04-06,4.595833333333333,4,2025,19.004166666666666,1865.2307052660337,0.0,1316.749960778274,-2.842170943040401e-14,18.448275862068964,1.1368683772161603e-13,447.69221644015363,-2.842170943040401e-14,82.3402521855371,8.924416761146858e-12
2025-04-07,5.258333333333334,4,2025,18.34166666666667,1800.2073151898887,0.0,1316.749960778274,-2.842170943040401e-14,18.448275862068964,1.1368683772161603e-13,447.69221644015363,-2.842170943040401e-14,17.31686210939215,8.924416761146858e-12
2025-04-08,3.9187499999999997,4,2025,19.68125,1931.6854278281319,0.0,1316.749960778274,-2.842170943040401e-14,18.448275862068964,1.1368683772161603e-13,447.69221644015363,-2.842170943040401e-14,148.79497474763525,8.924416761146858e-12
2025-04-09,2.654166666666667,4,2025,20.945833333333333,2055.80240196719,0.0,1316.749960778274,-2.842170943040401e-14,18.448275862068964,1.1368683772161603e-13,447.69221644015363,-2.842170943040401e-14,272.91194888669315,8.924416761146858e-12
2025-04-10,4.34375,4,2025,19.25625,1889.9723096660766,0.0,1316.749960778274,-2.842170943040401e-14,18.448275862068964,1.1368683772161603e-13,447.69221644015363,-2.842170943040401e-14,107.08185658557998,8.924416761146858e-12
2025-04-11,3.3125,4,2025,20.2875,1991.187964029888,0.0,1316.749960778274,-2.842170943040401e-14,18.448275862068964,1.1368683772161603e-13,447.69221644015363,-2.842170943040401e-14,208.29751094939138,8.924416761146858e-12
2025-04-12,6.04375,4,2025,17.55625,1723.1198370178543,0.0,1316.749960778274,-2.842170943040401e-14,18.448275862068964,1.1368683772161603e-13,387.9216003775113,-2.842170943040401e-14,0.0,8.924416761146858e-12
2025-04-13,8.752083333333333,4,2025,14.847916666666666,1457.300946769461,0.0,1316.749960778274,-2.842170943040401e-14,18.448275862068964,1.1368683772161603e-13,122.10271012911802,-2.842170943040401e-14,0.0,8.924416761146858e-12
2025-04-14,7.335416666666667,4,2025,16.264583333333334,1596.344673976313,0.0,1316.749960778274,-2.842170943040401e-14,18.448275862068964,1.1368683772161603e-13,261.1464373359701,-2.842170943040401e-14,0.0,8.924416761146858e-12
2025-04-15,8.2875,4,2025,15.3125,1502.8991102505315,0.0,1316.749960778274,-2.842170943040401e-14,18.448275862068964,1.1368683772161603e-13,167.70087361018855,-2.842170943040401e-14,0.0,8.924416761146858e-12
2025-04-16,12.033333333333333,4,2025,11.566666666666666,1135.2511374300614,0.0,1135.2511374300614,-2.842170943040401e-14,0.0,1.1368683772161603e-13,0.0,-2.842170943040401e-14,0.0,8.924416761146858e-12
2025-04-17,9.012500000000001,4,2025,14.587499999999999,1431.7414380917307,0.0,1316.749960778274,-2.842170943040401e-14,18.448275862068964,1.1368683772161603e-13,96.54320145138776,-2.842170943040401e-14,0.0,8.924416761146858e-12
2025-04-18,8.168750000000001,4,2025,15.431249999999999,1514.5542462075764,0.0,1316.749960778274,-2.842170943040401e-14,18.448275862068964,1.1368683772161603e-13,179.35600956723343,-2.842170943040401e-14,0.0,8.924416761146858e-12
2025-04-19,6.964583333333334,4,2025,16.635416666666664,1632.7414143334004,0.0,1316.749960778274,-2.842170943040401e-14,18.448275862068964,1.1368683772161603e-13,297.54317769305743,-2.842170943040401e-14,0.0,8.924416761146858e-12
2025-04-20,6.258333333333333,4,2025,17.34166666666667,1702.0588018674048,0.0,1316.749960778274,-2.842170943040401e-14,18.448275862068964,1.1368683772161603e-13,366.86056522706184,-2.842170943040401e-14,0.0,8.924416761146858e-12
2025-04-21,7.352083333333333,4,2025,16.24791666666667,1594.7088654209383,0.0,1316.749960778274,-2.842170943040401e-14,18.448275862068964,1.1368683772161603e-13,259.51062878059537,-2.842170943040401e-14,0.0,8.924416761146858e-12
2025-04-22,7.172916666666667,4,2025,16.427083333333336,1612.293807391217,0.0,1316.749960778274,-2.842170943040401e-14,18.448275862068964,1.1368683772161603e-13,277.09557075087395,-2.842170943040401e-14,0.0,8.924416761146858e-12
2025-04-23,5.21875,4,2025,18.38125,1804.0923605089035,0.0,1316.749960778274,-2.842170943040401e-14,18.448275862068964,1.1368683772161603e-13,447.69221644015363,-2.842170943040401e-14,21.201907428406958,8.924416761146858e-12
2025-04-24,3.4375,4,2025,20.1625,1978.9193998645774,0.0,1316.749960778274,-2.842170943040401e-14,18.448275862068964,1.1368683772161603e-13,447.69221644015363,-2.842170943040401e-14,196.02894678408074,8.924416761146858e-12
2025-04-25,3.13125,4,2025,20.46875,2008.9773820695882,0.0,1316.749960778274,-2.842170943040401e-14,18.448275862068964,1.1368683772161603e-13,447.69221644015363,-2.842170943040401e-14,226.08692898909158,8.924416761146858e-12
2025-04-26,5.341666666666666,4,2025,18.258333333333333,1792.0282724130147,0.0,1316.749960778274,-2.842170943040401e-14,18.448275862068964,1.1368683772161603e-13,447.69221644015363,-2.842170943040401e-14,9.137819332518166,8.924416761146858e-12
2025-04-27,6.14375,4,2025,17.456249999999997,1713.3049856856055,0.0,1316.749960778274,-2.842170943040401e-14,18.448275862068964,1.1368683772161603e-13,378.1067490452626,-2.842170943040401e-14,0.0,8.924416761146858e-12
2025-04-28,7.254166666666666,4,2025,16.34583333333333,1604.3192406837645,0.0,1316.749960778274,-2.842170943040401e-14,18.448275862068964,1.1368683772161603e-13,269.1210040434216,-2.842170943040401e-14,0.0,8.924416761146858e-12
2025-04-29,7.491666666666667,4,2025,16.108333333333334,1581.008968769675,0.0,1316.749960778274,-2.842170943040401e-14,18.448275862068964,1.1368683772161603e-13,245.81073212933205,-2.842170943040401e-14,0.0,8.924416761146858e-12
2025-04-30,6.420833333333333,4,2025,17.179166666666667,1686.1096684525012,0.0,1316.749960778274,-2.842170943040401e-14,18.448275862068964,1.1368683772161603e-13,350.91143181215824,-2.842170943040401e-14,0.0,8.924416761146858e-12
2025-05-01,8.174999999999999,5,2025,15.425,1395.5601645777838,0.0,886.8064516129032,1.4551915228366852e-11,75.96774193548387,0.0,432.7859710293967,-1.4210854715202004e-14,0.0,0.0
2025-05-02,6.664583333333333,5,2025,16.93541666666667,1532.2134762091853,0.0,886.8064516129032,1.4551915228366852e-11,75.96774193548387,0.0,569.4392826607982,-1.4210854715202004e-14,0.0,0.0
2025-05-03,4.85625,5,2025,18.74375,1695.8204755140898,0.0,886.8064516129032,1.4551915228366852e-11,75.96774193548387,0.0,630.4654206810565,-1.4210854715202004e-14,102.58086128464632,0.0
2025-05-04,4.385416666666667,5,2025,19.21458333333333,1738.418611277809,0.0,886.8064516129032,1.4551915228366852e-11,75.96774193548387,0.0,630.4654206810565,-1.4210854715202004e-14,145.1789970483656,0.0
2025-05-05,4.83125,5,2025,18.768749999999997,1698.0823234307475,0.0,886.8064516129032,1.4551915228366852e-11,75.96774193548387,0.0,630.4654206810565,-1.4210854715202004e-14,104.84270920130396,0.0
2025-05-06,5.433333333333334,5,2025,18.166666666666664,1643.6094861045751,0.0,886.8064516129032,1.4551915228366852e-11,75.96774193548387,0.0,630.4654206810565,-1.4210854715202004e-14,50.36987187513162,0.0
2025-05-07,6.254166666666666,5,2025,17.34583333333333,1569.3454795076484,0.0,886.8064516129032,1.4551915228366852e-11,75.96774193548387,0.0,606.5712859592613,-1.4210854715202004e-14,0.0,0.0
2025-05-08,7.745833333333334,5,2025,15.854166666666666,1434.3885538137406,0.0,886.8064516129032,1.4551915228366852e-11,75.96774193548387,0.0,471.6143602653535,-1.4210854715202004e-14,0.0,0.0
2025-05-09,9.424999999999999,5,2025,14.175,1282.4677687449002,0.0,886.8064516129032,1.4551915228366852e-11,75.96774193548387,0.0,319.69357519651317,-1.4210854715202004e-14,0.0,0.0
2025-05-10,10.627083333333333,5,2025,12.972916666666666,1173.7105814189438,0.0,886.8064516129032,1.4551915228366852e-11,75.96774193548387,0.0,210.93638787055673,-1.4210854715202004e-14,0.0,0.0
2025-05-11,11.214583333333332,5,2025,12.385416666666668,1120.5571553774887,0.0,886.8064516129032,1.4551915228366852e-11,75.96774193548387,0.0,157.78296182910165,-1.4210854715202004e-14,0.0,0.0
2025-05-12,10.3125,5,2025,13.2875,1202.172167703553,0.0,886.8064516129032,1.4551915228366852e-11,75.96774193548387,0.0,239.39797415516594,-1.4210854715202004e-14,0.0,0.0
2025-05-13,8.799999999999999,5,2025,14.8,1339.0139666613422,0.0,886.8064516129032,1.4551915228366852e-11,75.96774193548387,0.0,376.23977311295516,-1.4210854715202004e-14,0.0,0.0
2025-05-14,5.664583333333333,5,2025,17.93541666666667,1622.6873928754922,0.0,886.8064516129032,1.4551915228366852e-11,75.96774193548387,0.0,630.4654206810565,-1.4210854715202004e-14,29.447778646048636,0.0
2025-05-15,7.258333333333333,5,2025,16.34166666666667,1478.4945881885653,0.0,886.8064516129032,1.4551915228366852e-11,75.96774193548387,0.0,515.7203946401783,-1.4210854715202004e-14,0.0,0.0
2025-05-16,7.860416666666667,5,2025,15.739583333333334,1424.021750862393,0.0,886.8064516129032,1.4551915228366852e-11,75.96774193548387,0.0,461.2475573140059,-1.4210854715202004e-14,0.0,0.0
2025-05-17,7.745833333333334,5,2025,15.854166666666666,1434.3885538137406,0.0,886.8064516129032,1.4551915228366852e-11,75.96774193548387,0.0,471.6143602653535,-1.4210854715202004e-14,0.0,0.0
2025-05-18,8.637500000000001,5,2025,14.962499999999999,1353.715978119617,0.0,886.8064516129032,1.4551915228366852e-11,75.96774193548387,0.0,390.94178457122985,-1.4210854715202004e-14,0.0,0.0
2025-05-19,9.525,5,2025,14.075,1273.4203770782697,0.0,886.8064516129032,1.4551915228366852e-11,75.96774193548387,0.0,310.6461835298826,-1.4210854715202004e-14,0.0,0.0
2025-05-20,8.016666666666667,5,2025,15.583333333333332,1409.8852013832825,0.0,886.8064516129032,1.4551915228366852e-11,75.96774193548387,0.0,447.1110078348954,-1.4210854715202004e-14,0.0,0.0
2025-05-21,5.254166666666666,5,2025,18.34583333333333,1659.819396173955,0.0,886.8064516129032,1.4551915228366852e-11,75.96774193548387,0.0,630.4654206810565,-1.4210854715202004e-14,66.57978194451155,0.0
2025-05-22,7.427083333333333,5,2025,16.172916666666666,1463.227114751126,0.0,886.8064516129032,1.4551915228366852e-11,75.96774193548387,0.0,500.45292120273893,-1.4210854715202004e-14,0.0,0.0
2025-05-23,7.089583333333334,5,2025,16.510416666666664,1493.7620616260044,0.0,886.8064516129032,1.4551915228366852e-11,75.96774193548387,0.0,530.9878680776173,-1.4210854715202004e-14,0.0,0.0
2025-05-24,6.8812500000000005,5,2025,16.71875,1512.6107942648184,0.0,886.8064516129032,1.4551915228366852e-11,75.96774193548387,0.0,549.8366007164313,-1.4210854715202004e-14,0.0,0.0
2025-05-25,10.952083333333334,5,2025,12.647916666666665,1144.306558502394,0.0,886.8064516129032,1.4551915228366852e-11,75.96774193548387,0.0,181.5323649540069,-1.4210854715202004e-14,0.0,0.0
2025-05-26,9.7125,5,2025,13.8875,1256.456517703337,0.0,886.8064516129032,1.4551915228366852e-11,75.96774193548387,0.0,293.68232415495004,-1.4210854715202004e-14,0.0,0.0
2025-05-27,11.168750000000001,5,2025,12.431249999999999,1124.7038765580276,0.0,886.8064516129032,1.4551915228366852e-11,75.96774193548387,0.0,161.9296830096405,-1.4210854715202004e-14,0.0,0.0
2025-05-28,10.435416666666667,5,2025,13.164583333333333,1191.0514154466528,0.0,886.8064516129032,1.4551915228366852e-11,75.96774193548387,0.0,228.2772218982657,-1.4210854715202004e-14,0.0,0.0
2025-05-29,9.44375,5,2025,14.15625,1280.771382807407,0.0,886.8064516129032,1.4551915228366852e-11,75.96774193548387,0.0,317.99718925901993,-1.4210854715202004e-14,0.0,0.0
2025-05-30,8.891666666666667,5,2025,14.708333333333332,1330.7205243002638,0.0,886.8064516129032,1.4551915228366852e-11,75.96774193548387,0.0,367.94633075187676,-1.4210854715202004e-14,0.0,0.0
2025-05-31,8.362499999999999,5,2025,15.2375,1378.5963052028515,0.0,886.8064516129032,1.4551915228366852e-11,75.96774193548387,0.0,415.8221116544644,-1.4210854715202004e-14,0.0,0.0
2025-06-01,10.9,6,2025,12.7,1089.1145653425444,0.0,624.2859610165308,0.0,5.571428571428571,-5.684341886080802e-14,459.2571757545851,-7.105427357601002e-15,0.0,0.0
2025-06-02,10.214583333333334,6,2025,13.385416666666666,1147.8938783342928,0.0,624.2859610165308,0.0,5.571428571428571,-5.684341886080802e-14,481.4250349535318,-7.105427357601002e-15,36.61145379280173,0.0
2025-06-03,13.360416666666666,6,2025,10.239583333333334,878.1164843600078,0.0,624.2859610165308,0.0,5.571428571428571,-5.684341886080802e-14,248.25909477204846,-7.105427357601002e-15,0.0,0.0
2025-06-04,14.758333333333333,6,2025,8.841666666666667,758.235271540971,0.0,624.2859610165308,0.0,5.571428571428571,-5.684341886080802e-14,128.37788195301164,-7.105427357601002e-15,0.0,0.0
2025-06-05,12.739583333333334,6,2025,10.860416666666666,931.3573210516214,0.0,624.2859610165308,0.0,5.571428571428571,-5.684341886080802e-14,301.49993146366205,-7.105427357601002e-15,0.0,0.0
2025-06-06,11.9625,6,2025,11.6375,997.9976971790443,0.0,624.2859610165308,0.0,5.571428571428571,-5.684341886080802e-14,368.14030759108493,-7.105427357601002e-15,0.0,0.0
2025-06-07,10.291666666666666,6,2025,13.308333333333334,1141.2834388792937,0.0,624.2859610165308,0.0,5.571428571428571,-5.684341886080802e-14,481.4250349535318,-7.105427357601002e-15,30.001014337802637,0.0
2025-06-08,10.566666666666666,6,2025,13.033333333333333,1117.7002494722701,0.0,624.2859610165308,0.0,5.571428571428571,-5.684341886080802e-14,481.4250349535318,-7.105427357601002e-15,6.4178249307790285,0.0
2025-06-09,9.372916666666667,6,2025,14.227083333333333,1220.07273076185,0.0,624.2859610165308,0.0,5.571428571428571,-5.684341886080802e-14,481.4250349535318,-7.105427357601002e-15,108.79030622035883,0.0
2025-06-10,10.09375,6,2025,13.50625,1158.2561888313185,0.0,624.2859610165308,0.0,5.571428571428571,-5.684341886080802e-14,481.4250349535318,-7.105427357601002e-15,46.97376428982738,0.0
2025-06-11,9.454166666666667,6,2025,14.145833333333332,1213.1049702552293,0.0,624.2859610165308,0.0,5.571428571428571,-5.684341886080802e-14,481.4250349535318,-7.105427357601002e-15,101.82254571373822,0.0
2025-06-12,10.852083333333333,6,2025,12.747916666666667,1093.2237574361927,0.0,624.2859610165308,0.0,5.571428571428571,-5.684341886080802e-14,463.3663678482334,-7.105427357601002e-15,0.0,0.0
2025-06-13,15.927083333333334,6,2025,7.672916666666666,658.0067165611207,0.0,624.2859610165308,0.0,5.571428571428571,-5.684341886080802e-14,28.14932697316135,-7.105427357601002e-15,0.0,0.0
2025-06-14,17.03125,6,2025,6.6,565.9965457685665,0.0,565.9965457685665,0.0,0.0,-5.684341886080802e-14,0.0,-7.105427357601002e-15,0.0,0.0
2025-06-15,17.135416666666668,6,2025,6.6,565.9965457685665,0.0,565.9965457685665,0.0,0.0,-5.684341886080802e-14,0.0,-7.105427357601002e-15,0.0,0.0
2025-06-16,12.9375,6,2025,10.6625,914.384571099597,0.0,624.2859610165308,0.0,5.571428571428571,-5.684341886080802e-14,284.52718151163765,-7.105427357601002e-15,0.0,0.0
2025-06-17,12.174999999999999,6,2025,11.425,979.7743235463445,0.0,624.2859610165308,0.0,5.571428571428571,-5.684341886080802e-14,349.91693395838513,-7.105427357601002e-15,0.0,0.0
2025-06-18,11.039583333333333,6,2025,12.560416666666667,1077.144310113222,0.0,624.2859610165308,0.0,5.571428571428571,-5.684341886080802e-14,447.28692052526264,-7.105427357601002e-15,0.0,0.0
2025-06-19,10.78125,6,2025,12.81875,1099.2982153137593,0.0,624.2859610165308,0.0,5.571428571428571,-5.684341886080802e-14,469.4408257258,-7.105427357601002e-15,0.0,0.0
2025-06-20,11.327083333333334,6,2025,12.272916666666665,1052.4891575513336,0.0,624.2859610165308,0.0,5.571428571428571,-5.684341886080802e-14,422.6317679633743,-7.105427357601002e-15,0.0,0.0
2025-06-21,10.543750000000001,6,2025,13.056249999999999,1119.6655152561889,0.0,624.2859610165308,0.0,5.571428571428571,-5.684341886080802e-14,481.4250349535318,-7.105427357601002e-15,8.383090714697795,0.0
2025-06-22,14.575000000000001,6,2025,9.024999999999999,773.95739781232,0.0,624.2859610165308,0.0,5.571428571428571,-5.684341886080802e-14,144.10000822436064,-7.105427357601002e-15,0.0,0.0
2025-06-23,15.00625,6,2025,8.59375,736.9746689694877,0.0,624.2859610165308,0.0,5.571428571428571,-5.684341886080802e-14,107.1172793815283,-7.105427357601002e-15,0.0,0.0
2025-06-24,11.877083333333333,6,2025,11.722916666666666,1005.3227787372866,0.0,624.2859610165308,0.0,5.571428571428571,-5.684341886080802e-14,375.4653891493273,-7.105427357601002e-15,0.0,0.0
2025-06-25,12.089583333333332,6,2025,11.510416666666668,987.0994051045866,0.0,624.2859610165308,0.0,5.571428571428571,-5.684341886080802e-14,357.24201551662725,-7.105427357601002e-15,0.0,0.0
2025-06-26,14.277083333333332,6,2025,9.322916666666668,799.5058530032625,0.0,624.2859610165308,0.0,5.571428571428571,-5.684341886080802e-14,169.64846341530313,-7.105427357601002e-15,0.0,0.0
2025-06-27,12.864583333333334,6,2025,10.735416666666666,920.6376895029744,0.0,624.2859610165308,0.0,5.571428571428571,-5.684341886080802e-14,290.780299915015,-7.105427357601002e-15,0.0,0.0
2025-06-28,12.945833333333333,6,2025,10.654166666666667,913.6699289963539,0.0,624.2859610165308,0.0,5.571428571428571,-5.684341886080802e-14,283.8125394083945,-7.105427357601002e-15,0.0,0.0
2025-06-29,11.477083333333333,6,2025,12.122916666666667,1039.6255996929574,0.0,624.2859610165308,0.0,5.571428571428571,-5.684341886080802e-14,409.76821010499805,-7.105427357601002e-15,0.0,0.0
2025-06-30,13.045833333333334,6,2025,10.554166666666665,905.0942237574362,0.0,624.2859610165308,0.0,5.571428571428571,-5.684341886080802e-14,275.2368341694769,-7.105427357601002e-15,0.0,0.0
2025-07-01,13.1625,7,2025,10.4375,1021.6746879558381,0.0,990.3727999685551,0.0,31.30188798728286,0.0,0.0,0.0,0.0,0.0
2025-07-02,12.858333333333334,7,2025,10.741666666666665,1051.4480421357885,0.0,990.3727999685551,0.0,31.56603733757238,0.0,29.509204829660877,0.0,0.0,0.0
2025-07-03,11.266666666666666,7,2025,12.333333333333334,1207.2483338719685,0.0,990.3727999685551,0.0,31.56603733757238,0.0,173.30949656583888,0.0,12.000000000002075,0.0
2025-07-04,12.289583333333333,7,2025,11.310416666666667,1107.1201359106278,0.0,990.3727999685551,0.0,31.56603733757238,0.0,85.18129860450024,0.0,0.0,0.0
2025-07-05,13.833333333333334,7,2025,9.766666666666666,956.0101670932073,0.0,956.0101670932073,0.0,0.0,0.0,0.0,0.0,0.0,0.0
2025-07-06,14.2125,7,2025,9.3875,918.8954379099812,0.0,918.8954379099812,0.0,0.0,0.0,0.0,0.0,0.0,0.0
2025-07-07,15.347916666666668,7,2025,8.252083333333331,807.7551774437273,0.0,807.7551774437273,0.0,0.0,0.0,0.0,0.0,0.0,0.0
2025-07-08,13.887500000000001,7,2025,9.712499999999999,950.708062924175,0.0,950.708062924175,0.0,0.0,0.0,0.0,0.0,0.0,0.0
2025-07-09,14.597916666666668,7,2025,9.002083333333331,881.1689274764822,0.0,881.1689274764822,0.0,0.0,0.0,0.0,0.0,0.0,0.0
2025-07-10,15.639583333333334,7,2025,7.960416666666665,779.2053857643227,0.0,779.2053857643227,0.0,0.0,0.0,0.0,0.0,0.0,0.0
2025-07-11,17.400000000000002,7,2025,6.6,646.0410002882426,0.0,646.0410002882426,0.0,0.0,0.0,0.0,0.0,0.0,0.0
2025-07-12,19.877083333333335,7,2025,6.6,646.0410002882426,0.0,646.0410002882426,0.0,0.0,0.0,0.0,0.0,0.0,0.0
2025-07-13,22.672916666666666,7,2025,6.6,646.0410002882426,0.0,646.0410002882426,0.0,0.0,0.0,0.0,0.0,0.0,0.0
2025-07-14,23.556250000000002,7,2025,6.6,646.0410002882426,0.0,646.0410002882426,0.0,0.0,0.0,0.0,0.0,0.0,0.0
2025-07-15,24.3625,7,2025,6.6,646.0410002882426,0.0,646.0410002882426,0.0,0.0,0.0,0.0,0.0,0.0,0.0
2025-07-16,23.952083333333334,7,2025,6.6,646.0410002882426,0.0,646.0410002882426,0.0,0.0,0.0,0.0,0.0,0.0,0.0
2025-07-17,25.291666666666668,7,2025,6.6,646.0410002882426,0.0,646.0410002882426,0.0,0.0,0.0,0.0,0.0,0.0,0.0
2025-07-18,22.108333333333334,7,2025,6.6,646.0410002882426,0.0,646.0410002882426,0.0,0.0,0.0,0.0,0.0,0.0,0.0
2025-07-19,20.970833333333335,7,2025,6.6,646.0410002882426,0.0,646.0410002882426,0.0,0.0,0.0,0.0,0.0,0.0,0.0
2025-07-20,23.381249999999998,7,2025,6.6,646.0410002882426,0.0,646.0410002882426,0.0,0.0,0.0,0.0,0.0,0.0,0.0
2025-07-21,25.933333333333334,7,2025,6.6,646.0410002882426,0.0,646.0410002882426,0.0,0.0,0.0,0.0,0.0,0.0,0.0
2025-07-22,26.09375,7,2025,6.6,646.0410002882426,0.0,646.0410002882426,0.0,0.0,0.0,0.0,0.0,0.0,0.0
2025-07-23,25.052083333333332,7,2025,6.6,646.0410002882426,0.0,646.0410002882426,0.0,0.0,0.0,0.0,0.0,0.0,0.0
2025-07-24,22.443749999999998,7,2025,6.6,646.0410002882426,0.0,646.0410002882426,0.0,0.0,0.0,0.0,0.0,0.0,0.0
2025-07-25,18.59375,7,2025,6.6,646.0410002882426,0.0,646.0410002882426,0.0,0.0,0.0,0.0,0.0,0.0,0.0
2025-07-26,17.004166666666666,7,2025,6.6,646.0410002882426,0.0,646.0410002882426,0.0,0.0,0.0,0.0,0.0,0.0,0.0
2025-07-27,17.004166666666666,7,2025,6.6,646.0410002882426,0.0,646.0410002882426,0.0,0.0,0.0,0.0,0.0,0.0,0.0
2025-07-28,17.197916666666668,7,2025,6.6,646.0410002882426,0.0,646.0410002882426,0.0,0.0,0.0,0.0,0.0,0.0,0.0
2025-07-29,17.087500000000002,7,2025,6.6,646.0410002882426,0.0,646.0410002882426,0.0,0.0,0.0,0.0,0.0,0.0,0.0
2025-07-30,15.989583333333334,7,2025,7.610416666666666,744.9456357490371,0.0,744.9456357490371,0.0,0.0,0.0,0.0,0.0,0.0,0.0
2025-07-31,17.572916666666668,7,2025,6.6,646.0410002882426,0.0,646.0410002882426,0.0,0.0,0.0,0.0,0.0,0.0,0.0
2025-08-01,20.104166666666668,8,2025,6.6,721.5358887325108,0.0,721.5358887325108,3.552713678800501e-15,0.0,-5.684341886080802e-14,0.0,0.0,0.0,2.4783730623312294e-11
2025-08-02,18.533333333333335,8,2025,6.6,721.5358887325108,0.0,721.5358887325108,3.552713678800501e-15,0.0,-5.684341886080802e-14,0.0,0.0,0.0,2.4783730623312294e-11
2025-08-03,19.566666666666666,8,2025,6.6,721.5358887325108,0.0,721.5358887325108,3.552713678800501e-15,0.0,-5.684341886080802e-14,0.0,0.0,0.0,2.4783730623312294e-11
2025-08-04,18.162499999999998,8,2025,6.6,721.5358887325108,0.0,721.5358887325108,3.552713678800501e-15,0.0,-5.684341886080802e-14,0.0,0.0,0.0,2.4783730623312294e-11
2025-08-05,17.55,8,2025,6.6,721.5358887325108,0.0,721.5358887325108,3.552713678800501e-15,0.0,-5.684341886080802e-14,0.0,0.0,0.0,2.4783730623312294e-11
2025-08-06,13.447916666666666,8,2025,10.152083333333334,1109.8624955156329,0.0,841.0154200126951,3.552713678800501e-15,25.55,-5.684341886080802e-14,243.29707550293784,0.0,0.0,2.4783730623312294e-11
2025-08-07,15.116666666666667,8,2025,8.483333333333333,927.4287054667877,0.0,841.0154200126951,3.552713678800501e-15,25.55,-5.684341886080802e-14,60.863285454092676,0.0,0.0,2.4783730623312294e-11
2025-08-08,16.1125,8,2025,7.487499999999999,818.5606010431324,0.0,818.5606010431324,3.552713678800501e-15,0.0,-5.684341886080802e-14,0.0,0.0,0.0,2.4783730623312294e-11
2025-08-09,16.447916666666668,8,2025,7.152083333333332,781.8916370008551,0.0,781.8916370008551,3.552713678800501e-15,0.0,-5.684341886080802e-14,0.0,0.0,0.0,2.4783730623312294e-11
2025-08-10,13.808333333333332,8,2025,9.791666666666668,1070.4604409857327,0.0,841.0154200126951,3.552713678800501e-15,25.55,-5.684341886080802e-14,203.89502097303765,0.0,0.0,2.4783730623312294e-11
2025-08-11,14.272916666666667,8,2025,9.327083333333333,1019.670509424069,0.0,841.0154200126951,3.552713678800501e-15,25.55,-5.684341886080802e-14,153.10508941137394,0.0,0.0,2.4783730623312294e-11
2025-08-12,13.214583333333332,8,2025,10.385416666666668,1135.3713400667823,0.0,841.0154200126951,3.552713678800501e-15,25.55,-5.684341886080802e-14,268.80592005408727,0.0,0.0,2.4783730623312294e-11
2025-08-13,14.168750000000001,8,2025,9.431249999999999,1031.058386455832,0.0,841.0154200126951,3.552713678800501e-15,25.55,-5.684341886080802e-14,164.49296644313702,0.0,0.0,2.4783730623312294e-11
2025-08-14,17.016666666666666,8,2025,6.6,721.5358887325108,0.0,721.5358887325108,3.552713678800501e-15,0.0,-5.684341886080802e-14,0.0,0.0,0.0,2.4783730623312294e-11
2025-08-15,14.154166666666667,8,2025,9.445833333333333,1032.652689240279,0.0,841.0154200126951,3.552713678800501e-15,25.55,-5.684341886080802e-14,166.0872692275839,0.0,0.0,2.4783730623312294e-11
2025-08-16,11.679166666666667,8,2025,11.920833333333333,1303.2286475149704,0.0,841.0154200126951,3.552713678800501e-15,25.55,-5.684341886080802e-14,436.66322750227533,0.0,0.0,2.4783730623312294e-11
2025-08-17,13.316666666666668,8,2025,10.283333333333331,1124.2112205756541,0.0,841.0154200126951,3.552713678800501e-15,25.55,-5.684341886080802e-14,257.6458005629591,0.0,0.0,2.4783730623312294e-11
2025-08-18,13.239583333333334,8,2025,10.360416666666666,1132.638249579159,0.0,841.0154200126951,3.552713678800501e-15,25.55,-5.684341886080802e-14,266.072829566464,0.0,0.0,2.4783730623312294e-11
2025-08-19,10.854166666666666,8,2025,12.745833333333334,1393.4206336065345,0.0,841.0154200126951,3.552713678800501e-15,25.55,-5.684341886080802e-14,463.4978863109547,0.0,63.35732728288467,2.4783730623312294e-11
2025-08-20,10.272916666666667,8,2025,13.327083333333333,1456.9649874437725,0.0,841.0154200126951,3.552713678800501e-15,25.55,-5.684341886080802e-14,463.4978863109547,0.0,126.90168112012276,2.4783730623312294e-11
2025-08-21,9.033333333333333,8,2025,14.566666666666666,1592.4807241217534,0.0,841.0154200126951,3.552713678800501e-15,25.55,-5.684341886080802e-14,463.4978863109547,0.0,262.4174177981036,2.4783730623312294e-11
2025-08-22,9.027083333333334,8,2025,14.572916666666666,1593.1639967436593,0.0,841.0154200126951,3.552713678800501e-15,25.55,-5.684341886080802e-14,463.4978863109547,0.0,263.10069042000947,2.4783730623312294e-11
2025-08-23,10.310416666666667,8,2025,13.289583333333333,1452.8653517123378,0.0,841.0154200126951,3.552713678800501e-15,25.55,-5.684341886080802e-14,463.4978863109547,0.0,122.80204538868799,2.4783730623312294e-11
2025-08-24,10.852083333333333,8,2025,12.747916666666667,1393.6483911471698,0.0,841.0154200126951,3.552713678800501e-15,25.55,-5.684341886080802e-14,463.4978863109547,0.0,63.585084823520035,2.4783730623312294e-11
2025-08-25,10.814583333333333,8,2025,12.785416666666666,1397.7480268786044,0.0,841.0154200126951,3.552713678800501e-15,25.55,-5.684341886080802e-14,463.4978863109547,0.0,67.68472055495458,2.4783730623312294e-11
2025-08-26,11.35,8,2025,12.25,1339.2143389353419,0.0,841.0154200126951,3.552713678800501e-15,25.55,-5.684341886080802e-14,463.4978863109547,0.0,9.151032611692116,2.4783730623312294e-11
2025-08-27,12.045833333333334,8,2025,11.554166666666665,1263.1433203631643,0.0,841.0154200126951,3.552713678800501e-15,25.55,-5.684341886080802e-14,396.5779003504693,0.0,0.0,2.4783730623312294e-11
2025-08-28,13.116666666666667,8,2025,10.483333333333333,1146.0759444766395,0.0,841.0154200126951,3.552713678800501e-15,25.55,-5.684341886080802e-14,279.5105244639445,0.0,0.0,2.4783730623312294e-11
2025-08-29,16.96875,8,2025,6.63125,724.9522518420397,0.0,724.9522518420397,3.552713678800501e-15,0.0,-5.684341886080802e-14,0.0,0.0,0.0,2.4783730623312294e-11
2025-08-30,17.141666666666666,8,2025,6.6,721.5358887325108,0.0,721.5358887325108,3.552713678800501e-15,0.0,-5.684341886080802e-14,0.0,0.0,0.0,2.4783730623312294e-11
2025-08-31,18.443749999999998,8,2025,6.6,721.5358887325108,0.0,721.5358887325108,3.552713678800501e-15,0.0,-5.684341886080802e-14,0.0,0.0,0.0,2.4783730623312294e-11
2025-09-01,17.677083333333332,9,2025,6.6,656.7307850335095,0.0,656.7307850335095,-7.105427357601002e-15,0.0,1.4210854715202004e-14,0.0,0.0,0.0,2.8066438062523957e-12
2025-09-02,17.535416666666666,9,2025,6.6,656.7307850335095,0.0,656.7307850335095,-7.105427357601002e-15,0.0,1.4210854715202004e-14,0.0,0.0,0.0,2.8066438062523957e-12
2025-09-03,16.191666666666666,9,2025,7.408333333333333,737.1637220893814,0.0,737.1637220893814,-7.105427357601002e-15,0.0,1.4210854715202004e-14,0.0,0.0,0.0,2.8066438062523957e-12
2025-09-04,17.4375,9,2025,6.6,656.7307850335095,0.0,656.7307850335095,-7.105427357601002e-15,0.0,1.4210854715202004e-14,0.0,0.0,0.0,2.8066438062523957e-12
2025-09-05,15.654166666666667,9,2025,7.945833333333333,790.6474792038528,0.0,790.6474792038528,-7.105427357601002e-15,0.0,1.4210854715202004e-14,0.0,0.0,0.0,2.8066438062523957e-12
2025-09-06,14.575000000000001,9,2025,9.024999999999999,898.0295962011247,0.0,879.1219194946808,-7.105427357601002e-15,18.907676706443905,1.4210854715202004e-14,0.0,0.0,0.0,2.8066438062523957e-12
2025-09-07,14.668750000000001,9,2025,8.931249999999999,888.701033913717,0.0,879.1219194946808,-7.105427357601002e-15,9.579114419036154,1.4210854715202004e-14,0.0,0.0,0.0,2.8066438062523957e-12
2025-09-08,16.5125,9,2025,7.0875,705.2393089280303,0.0,705.2393089280303,-7.105427357601002e-15,0.0,1.4210854715202004e-14,0.0,0.0,0.0,2.8066438062523957e-12
2025-09-09,16.375,9,2025,7.225,718.921200282895,0.0,718.921200282895,-7.105427357601002e-15,0.0,1.4210854715202004e-14,0.0,0.0,0.0,2.8066438062523957e-12
2025-09-10,17.666666666666668,9,2025,6.6,656.7307850335095,0.0,656.7307850335095,-7.105427357601002e-15,0.0,1.4210854715202004e-14,0.0,0.0,0.0,2.8066438062523957e-12
2025-09-11,17.325,9,2025,6.6,656.7307850335095,0.0,656.7307850335095,-7.105427357601002e-15,0.0,1.4210854715202004e-14,0.0,0.0,0.0,2.8066438062523957e-12
2025-09-12,16.147916666666667,9,2025,7.4520833333333325,741.5170511568383,0.0,741.5170511568383,-7.105427357601002e-15,0.0,1.4210854715202004e-14,0.0,0.0,0.0,2.8066438062523957e-12
2025-09-13,14.795833333333334,9,2025,8.804166666666665,876.0556494796753,0.0,876.0556494796753,-7.105427357601002e-15,0.0,1.4210854715202004e-14,0.0,0.0,0.0,2.8066438062523957e-12
2025-09-14,15.152083333333332,9,2025,8.447916666666668,840.6071127875258,0.0,840.6071127875258,-7.105427357601002e-15,0.0,1.4210854715202004e-14,0.0,0.0,0.0,2.8066438062523957e-12
2025-09-15,14.512500000000001,9,2025,9.087499999999999,904.2486377260633,0.0,879.1219194946808,-7.105427357601002e-15,25.12671823138248,1.4210854715202004e-14,0.0,0.0,0.0,2.8066438062523957e-12
2025-09-16,13.31875,9,2025,10.28125,1023.0323308523895,0.0,879.1219194946808,-7.105427357601002e-15,38.33379204868449,1.4210854715202004e-14,105.57661930902412,0.0,0.0,2.8066438062523957e-12
2025-09-17,12.039583333333333,9,2025,11.560416666666667,1150.3153807294648,0.0,879.1219194946808,-7.105427357601002e-15,38.33379204868449,1.4210854715202004e-14,232.85966918609947,0.0,0.0,2.8066438062523957e-12
2025-09-18,11.154166666666667,9,2025,12.445833333333333,1238.4184689994274,0.0,879.1219194946808,-7.105427357601002e-15,38.33379204868449,1.4210854715202004e-14,320.96275745606215,0.0,0.0,2.8066438062523957e-12
2025-09-19,11.097916666666668,9,2025,12.502083333333331,1244.0156063718719,0.0,879.1219194946808,-7.105427357601002e-15,38.33379204868449,1.4210854715202004e-14,326.5598948285066,0.0,0.0,2.8066438062523957e-12
2025-09-20,11.84375,9,2025,11.75625,1169.801710840939,0.0,879.1219194946808,-7.105427357601002e-15,38.33379204868449,1.4210854715202004e-14,252.34599929757368,0.0,0.0,2.8066438062523957e-12
2025-09-21,9.233333333333333,9,2025,14.366666666666667,1429.5503451992054,0.0,879.1219194946808,-7.105427357601002e-15,38.33379204868449,1.4210854715202004e-14,512.0946336558401,0.0,0.0,2.8066438062523957e-12
2025-09-22,7.04375,9,2025,16.55625,1647.4240999562185,0.0,879.1219194946808,-7.105427357601002e-15,38.33379204868449,1.4210854715202004e-14,643.8245048937306,0.0,86.14388351912261,2.8066438062523957e-12
2025-09-23,7.377083333333334,9,2025,16.222916666666663,1614.2558784898795,0.0,879.1219194946808,-7.105427357601002e-15,38.33379204868449,1.4210854715202004e-14,643.8245048937306,0.0,52.97566205278362,2.8066438062523957e-12
2025-09-24,10.104166666666666,9,2025,13.495833333333334,1342.898366618395,0.0,879.1219194946808,-7.105427357601002e-15,38.33379204868449,1.4210854715202004e-14,425.4426550750296,0.0,0.0,2.8066438062523957e-12
2025-09-25,9.125,9,2025,14.475,1440.3300171757653,0.0,879.1219194946808,-7.105427357601002e-15,38.33379204868449,1.4210854715202004e-14,522.8743056324,0.0,0.0,2.8066438062523957e-12
2025-09-26,7.689583333333334,9,2025,15.910416666666665,1583.1606708651868,0.0,879.1219194946808,-7.105427357601002e-15,38.33379204868449,1.4210854715202004e-14,643.8245048937306,0.0,21.88045442809097,2.8066438062523957e-12
2025-09-27,10.762500000000001,9,2025,12.837499999999999,1277.3911292223756,0.0,879.1219194946808,-7.105427357601002e-15,38.33379204868449,1.4210854715202004e-14,359.93541767901036,0.0,0.0,2.8066438062523957e-12
2025-09-28,14.6875,9,2025,8.9125,886.8353214562354,0.0,879.1219194946808,-7.105427357601002e-15,7.713401961554604,1.4210854715202004e-14,0.0,0.0,0.0,2.8066438062523957e-12
2025-09-29,12.689583333333333,9,2025,10.910416666666666,1085.637348870104,0.0,879.1219194946808,-7.105427357601002e-15,38.33379204868449,1.4210854715202004e-14,168.18163732673867,0.0,0.0,2.8066438062523957e-12
2025-09-30,10.945833333333333,9,2025,12.654166666666667,1259.1486074158893,0.0,879.1219194946808,-7.105427357601002e-15,38.33379204868449,1.4210854715202004e-14,341.692895872524,0.0,0.0,2.8066438062523957e-12
2025-10-01,10.25,10,2025,13.35,1415.4469096397038,0.0,1235.2394544960418,-1.4210854715202004e-14,19.666666666666668,1.1368683772161603e-13,160.5407884769952,0.0,0.0,0.0
2025-10-02,11.36875,10,2025,12.23125,1296.8303380921818,0.0,1235.2394544960418,-1.4210854715202004e-14,19.666666666666668,1.1368683772161603e-13,41.92421692947322,0.0,0.0,0.0
2025-10-03,12.387500000000001,10,2025,11.212499999999999,1188.81636511874,0.0,1188.81636511874,-1.4210854715202004e-14,0.0,1.1368683772161603e-13,0.0,0.0,0.0,0.0
2025-10-04,10.125,10,2025,13.475,1428.7001578573038,0.0,1235.2394544960418,-1.4210854715202004e-14,19.666666666666668,1.1368683772161603e-13,173.7940366945952,0.0,0.0,0.0
2025-10-05,10.9125,10,2025,12.6875,1345.2046940864225,0.0,1235.2394544960418,-1.4210854715202004e-14,19.666666666666668,1.1368683772161603e-13,90.29857292371388,0.0,0.0,0.0
2025-10-06,10.864583333333334,10,2025,12.735416666666666,1350.285105903169,0.0,1235.2394544960418,-1.4210854715202004e-14,19.666666666666668,1.1368683772161603e-13,95.3789847404605,0.0,0.0,0.0
2025-10-07,11.141666666666666,10,2025,12.458333333333334,1320.9070723541556,0.0,1235.2394544960418,-1.4210854715202004e-14,19.666666666666668,1.1368683772161603e-13,66.00095119144702,0.0,0.0,0.0
2025-10-08,9.012500000000001,10,2025,14.587499999999999,1546.654066993946,0.0,1235.2394544960418,-1.4210854715202004e-14,19.666666666666668,1.1368683772161603e-13,291.74794583123725,0.0,0.0,0.0
2025-10-09,8.93125,10,2025,14.66875,1555.268678335386,0.0,1235.2394544960418,-1.4210854715202004e-14,19.666666666666668,1.1368683772161603e-13,300.36255717267744,0.0,0.0,0.0
2025-10-10,9.035416666666666,10,2025,14.564583333333333,1544.2243048207192,0.0,1235.2394544960418,-1.4210854715202004e-14,19.666666666666668,1.1368683772161603e-13,289.3181836580106,0.0,0.0,0.0
2025-10-11,8.589583333333334,10,2025,15.010416666666666,1591.4942234634934,0.0,1235.2394544960418,-1.4210854715202004e-14,19.666666666666668,1.1368683772161603e-13,336.5881023007848,0.0,0.0,0.0
2025-10-12,7.897916666666667,10,2025,15.702083333333333,1664.828863600881,0.0,1235.2394544960418,-1.4210854715202004e-14,19.666666666666668,1.1368683772161603e-13,409.9227424381724,0.0,0.0,0.0
2025-10-13,8.752083333333333,10,2025,14.847916666666666,1574.265000780613,0.0,1235.2394544960418,-1.4210854715202004e-14,19.666666666666668,1.1368683772161603e-13,319.3588796179044,0.0,0.0,0.0
2025-10-14,10.714583333333332,10,2025,12.885416666666668,1366.1890037642897,0.0,1235.2394544960418,-1.4210854715202004e-14,19.666666666666668,1.1368683772161603e-13,111.28288260158114,0.0,0.0,0.0
2025-10-15,10.0875,10,2025,13.5125,1432.676132322584,0.0,1235.2394544960418,-1.4210854715202004e-14,19.666666666666668,1.1368683772161603e-13,177.77001115987537,0.0,0.0,0.0
2025-10-16,5.8187500000000005,10,2025,17.78125,1885.2745589536316,0.0,1235.2394544960418,-1.4210854715202004e-14,19.666666666666668,1.1368683772161603e-13,630.368437790923,0.0,0.0,0.0
2025-10-17,4.358333333333333,10,2025,19.241666666666667,2040.116675629261,0.0,1235.2394544960418,-1.4210854715202004e-14,19.666666666666668,1.1368683772161603e-13,785.2105544665524,0.0,0.0,0.0
2025-10-18,6.847916666666666,10,2025,16.75208333333333,1776.1561486287228,0.0,1235.2394544960418,-1.4210854715202004e-14,19.666666666666668,1.1368683772161603e-13,521.2500274660142,0.0,0.0,0.0
2025-10-19,8.608333333333333,10,2025,14.991666666666667,1589.5062362308533,0.0,1235.2394544960418,-1.4210854715202004e-14,19.666666666666668,1.1368683772161603e-13,334.6001150681447,0.0,0.0,0.0
2025-10-20,6.522916666666667,10,2025,17.077083333333334,1810.614593994484,0.0,1235.2394544960418,-1.4210854715202004e-14,19.666666666666668,1.1368683772161603e-13,555.7084728317755,0.0,0.0,0.0
2025-10-21,7.595833333333334,10,2025,16.004166666666663,1696.8575467934145,0.0,1235.2394544960418,-1.4210854715202004e-14,19.666666666666668,1.1368683772161603e-13,441.95142563070584,0.0,0.0,0.0
2025-10-22,9.63125,10,2025,13.96875,1481.0504883168248,0.0,1235.2394544960418,-1.4210854715202004e-14,19.666666666666668,1.1368683772161603e-13,226.14436715411625,0.0,0.0,0.0
2025-10-23,7.614583333333333,10,2025,15.985416666666667,1694.8695595607753,0.0,1235.2394544960418,-1.4210854715202004e-14,19.666666666666668,1.1368683772161603e-13,439.96343839806667,0.0,0.0,0.0
2025-10-24,7.177083333333333,10,2025,16.422916666666666,1741.2559283223757,0.0,1235.2394544960418,-1.4210854715202004e-14,19.666666666666668,1.1368683772161603e-13,486.349807159667,0.0,0.0,0.0
2025-10-25,8.825000000000001,10,2025,14.774999999999999,1566.533939320346,0.0,1235.2394544960418,-1.4210854715202004e-14,19.666666666666668,1.1368683772161603e-13,311.62781815763736,0.0,0.0,0.0
2025-10-26,6.922916666666667,10,2025,16.677083333333336,1768.2041996981632,0.0,1235.2394544960418,-1.4210854715202004e-14,19.666666666666668,1.1368683772161603e-13,513.2980785354546,0.0,0.0,0.0
2025-10-27,7.060416666666666,10,2025,16.539583333333333,1753.6256266588027,0.0,1235.2394544960418,-1.4210854715202004e-14,19.666666666666668,1.1368683772161603e-13,498.7195054960941,0.0,0.0,0.0
2025-10-28,6.229166666666667,10,2025,17.37083333333333,1841.759727305844,0.0,1235.2394544960418,-1.4210854715202004e-14,19.666666666666668,1.1368683772161603e-13,586.8536061431355,0.0,0.0,0.0
2025-10-29,3.670833333333333,10,2025,19.929166666666667,2113.009540826062,0.0,1235.2394544960418,-1.4210854715202004e-14,19.666666666666668,1.1368683772161603e-13,858.1034196633535,0.0,0.0,0.0
2025-10-30,1.1916666666666667,10,2025,22.40833333333333,2375.865630475133,0.0,1235.2394544960418,-1.4210854715202004e-14,19.666666666666668,1.1368683772161603e-13,1030.9595093124233,0.0,90.00000000000117,0.0
2025-10-31,3.0625,10,2025,20.5375,2177.5086821517166,0.0,1235.2394544960418,-1.4210854715202004e-14,19.666666666666668,1.1368683772161603e-13,922.602560989008,0.0,0.0,0.0
2025-11-01,6.51875,11,2025,17.081249999999997,1971.3493953168645,0.0,1408.2333333333333,2.1827872842550278e-11,34.4,2.2737367544323206e-13,528.7160619835312,0.0,0.0,6.821210263296962e-12
2025-11-02,7.195833333333334,11,2025,16.40416666666667,1893.207115346383,0.0,1408.2333333333333,2.1827872842550278e-11,34.4,2.2737367544323206e-13,450.5737820130497,0.0,0.0,6.821210263296962e-12
2025-11-03,5.695833333333333,11,2025,17.90416666666667,2066.322320204066,0.0,1408.2333333333333,2.1827872842550278e-11,34.4,2.2737367544323206e-13,623.6889868707325,0.0,0.0,6.821210263296962e-12
2025-11-04,8.535416666666666,11,2025,15.064583333333333,1738.605619897091,0.0,1408.2333333333333,2.1827872842550278e-11,34.4,2.2737367544323206e-13,295.9722865637576,0.0,0.0,6.821210263296962e-12
2025-11-05,6.629166666666666,11,2025,16.97083333333333,1958.6061927370629,0.0,1408.2333333333333,2.1827872842550278e-11,34.4,2.2737367544323206e-13,515.9728594037296,0.0,0.0,6.821210263296962e-12
2025-11-06,6.335416666666667,11,2025,17.264583333333334,1992.5079203550263,0.0,1408.2333333333333,2.1827872842550278e-11,34.4,2.2737367544323206e-13,549.874587021693,0.0,0.0,6.821210263296962e-12
2025-11-07,5.08125,11,2025,18.518749999999997,2137.2514666388106,0.0,1408.2333333333333,2.1827872842550278e-11,34.4,2.2737367544323206e-13,694.6181333054773,0.0,0.0,6.821210263296962e-12
2025-11-08,6.439583333333334,11,2025,17.160416666666663,1980.4860311287975,0.0,1408.2333333333333,2.1827872842550278e-11,34.4,2.2737367544323206e-13,537.8526977954642,0.0,0.0,6.821210263296962e-12
2025-11-09,5.254166666666666,11,2025,18.34583333333333,2117.2951305232723,0.0,1408.2333333333333,2.1827872842550278e-11,34.4,2.2737367544323206e-13,674.661797189939,0.0,0.0,6.821210263296962e-12
2025-11-10,3.345833333333333,11,2025,20.254166666666666,2337.5361411477693,0.0,1408.2333333333333,2.1827872842550278e-11,34.4,2.2737367544323206e-13,878.5232090888366,0.0,16.37959872559945,6.821210263296962e-12
2025-11-11,4.76875,11,2025,18.831249999999997,2173.3171343174945,0.0,1408.2333333333333,2.1827872842550278e-11,34.4,2.2737367544323206e-13,730.6838009841612,0.0,0.0,6.821210263296962e-12
2025-11-12,5.929166666666667,11,2025,17.670833333333334,2039.3932883373152,0.0,1408.2333333333333,2.1827872842550278e-11,34.4,2.2737367544323206e-13,596.7599550039819,0.0,0.0,6.821210263296962e-12
2025-11-13,2.877083333333333,11,2025,20.722916666666666,2391.634642665795,0.0,1408.2333333333333,2.1827872842550278e-11,34.4,2.2737367544323206e-13,878.5232090888366,0.0,70.47810024362529,6.821210263296962e-12
2025-11-14,1.33125,11,2025,22.268749999999997,2570.039478783018,0.0,1408.2333333333333,2.1827872842550278e-11,34.4,2.2737367544323206e-13,878.5232090888366,0.0,248.88293636084782,6.821210263296962e-12
2025-11-15,2.10625,11,2025,21.49375,2480.5966229398823,0.0,1408.2333333333333,2.1827872842550278e-11,34.4,2.2737367544323206e-13,878.5232090888366,0.0,159.44008051771235,6.821210263296962e-12
2025-11-16,2.4375,11,2025,21.1625,2442.367015200477,0.0,1408.2333333333333,2.1827872842550278e-11,34.4,2.2737367544323206e-13,878.5232090888366,0.0,121.21047277830716,6.821210263296962e-12
2025-11-17,1.5250000000000001,11,2025,22.075,2547.678764822234,0.0,1408.2333333333333,2.1827872842550278e-11,34.4,2.2737367544323206e-13,878.5232090888366,0.0,226.52222240006395,6.821210263296962e-12
2025-11-18,0.20624999999999996,11,2025,23.393749999999997,2699.87588242628,0.0,1408.2333333333333,2.1827872842550278e-11,34.4,2.2737367544323206e-13,878.5232090888366,0.0,378.71934000411,6.821210263296962e-12
2025-11-19,-1.6541666666666668,11,2025,25.25416666666667,2914.5868240067125,0.0,1408.2333333333333,2.1827872842550278e-11,34.4,2.2737367544323206e-13,878.5232090888366,0.0,593.4302815845425,6.821210263296962e-12
2025-11-20,-2.379166666666667,11,2025,25.979166666666664,2998.259173021259,0.0,1408.2333333333333,2.1827872842550278e-11,34.4,2.2737367544323206e-13,878.5232090888366,0.0,677.1026305990889,6.821210263296962e-12
2025-11-21,-0.93125,11,2025,24.53125,2831.1549127766903,0.0,1408.2333333333333,2.1827872842550278e-11,34.4,2.2737367544323206e-13,878.5232090888366,0.0,509.99837035452026,6.821210263296962e-12
2025-11-22,3.627083333333333,11,2025,19.972916666666666,2305.0770402369535,0.0,1408.2333333333333,2.1827872842550278e-11,34.4,2.2737367544323206e-13,862.4437069036202,0.0,0.0,6.821210263296962e-12
2025-11-23,1.6895833333333332,11,2025,21.910416666666666,2528.684179844794,0.0,1408.2333333333333,2.1827872842550278e-11,34.4,2.2737367544323206e-13,878.5232090888366,0.0,207.52763742262405,6.821210263296962e-12
2025-11-24,0.425,11,2025,23.174999999999997,2674.629915051202,0.0,1408.2333333333333,2.1827872842550278e-11,34.4,2.2737367544323206e-13,878.5232090888366,0.0,353.4733726290318,6.821210263296962e-12
2025-11-25,-3.189583333333333,11,2025,26.789583333333333,3091.7894712013126,0.0,1408.2333333333333,2.1827872842550278e-11,34.4,2.2737367544323206e-13,878.5232090888366,0.0,770.6329287791426,6.821210263296962e-12
2025-11-26,-2.06875,11,2025,25.668750000000003,2962.4339431271,0.0,1408.2333333333333,2.1827872842550278e-11,34.4,2.2737367544323206e-13,878.5232090888366,0.0,641.2774007049301,6.821210263296962e-12
2025-11-27,1.65625,11,2025,21.94375,2532.531184397187,0.0,1408.2333333333333,2.1827872842550278e-11,34.4,2.2737367544323206e-13,878.5232090888366,0.0,211.37464197501723,6.821210263296962e-12
2025-11-28,5.254166666666666,11,2025,18.34583333333333,2117.2951305232723,0.0,1408.2333333333333,2.1827872842550278e-11,34.4,2.2737367544323206e-13,674.661797189939,0.0,0.0,6.821210263296962e-12
2025-11-29,5.033333333333333,11,2025,18.566666666666666,2142.781535682876,0.0,1408.2333333333333,2.1827872842550278e-11,34.4,2.2737367544323206e-13,700.1482023495427,0.0,0.0,6.821210263296962e-12
2025-11-30,0.060416666666666674,11,2025,23.539583333333333,2716.7065273429994,0.0,1408.2333333333333,2.1827872842550278e-11,34.4,2.2737367544323206e-13,878.5232090888366,0.0,395.5499849208294,6.821210263296962e-12
2025-12-01,0.22708333333333333,12,2025,23.37291666666667,2731.2353500029685,0.0,1507.8709677419354,2.9103830456733704e-11,51.12903225806452,-9.094947017729282e-13,797.4481448304216,-2.1316282072803006e-14,374.7872051725469,1.546140993013978e-11
2025-12-02,5.845833333333334,12,2025,17.754166666666663,2074.657959954122,0.0,1507.8709677419354,2.9103830456733704e-11,51.12903225806452,-9.094947017729282e-13,515.657959954122,-2.1316282072803006e-14,0.0,1.546140993013978e-11
2025-12-03,3.345833333333333,12,2025,20.254166666666666,2366.7947297200158,0.0,1507.8709677419354,2.9103830456733704e-11,51.12903225806452,-9.094947017729282e-13,797.4481448304216,-2.1316282072803006e-14,10.34658488959428,1.546140993013978e-11
2025-12-04,-0.09583333333333333,12,2025,23.695833333333333,2768.969682764396,0.0,1507.8709677419354,2.9103830456733704e-11,51.12903225806452,-9.094947017729282e-13,797.4481448304216,-2.1316282072803006e-14,412.5215379339745,1.546140993013978e-11
2025-12-05,-0.7979166666666666,12,2025,24.397916666666667,2851.011425606985,0.0,1507.8709677419354,2.9103830456733704e-11,51.12903225806452,-9.094947017729282e-13,797.4481448304216,-2.1316282072803006e-14,494.5632807765635,1.546140993013978e-11
2025-12-06,2.6625,12,2025,20.9375,2446.64544678936,0.0,1507.8709677419354,2.9103830456733704e-11,51.12903225806452,-9.094947017729282e-13,797.4481448304216,-2.1316282072803006e-14,90.19730195893851,1.546140993013978e-11
2025-12-07,3.3854166666666665,12,2025,20.214583333333334,2362.169230865389,0.0,1507.8709677419354,2.9103830456733704e-11,51.12903225806452,-9.094947017729282e-13,797.4481448304216,-2.1316282072803006e-14,5.721086034967694,1.546140993013978e-11
2025-12-08,2.7729166666666667,12,2025,20.827083333333334,2433.742739458033,0.0,1507.8709677419354,2.9103830456733704e-11,51.12903225806452,-9.094947017729282e-13,797.4481448304216,-2.1316282072803006e-14,77.29459462761167,1.546140993013978e-11
2025-12-09,0.29583333333333334,12,2025,23.304166666666667,2723.2015888344063,0.0,1507.8709677419354,2.9103830456733704e-11,51.12903225806452,-9.094947017729282e-13,797.4481448304216,-2.1316282072803006e-14,366.75344400398467,1.546140993013978e-11
2025-12-10,2.5,12,2025,21.1,2465.6343368241432,0.0,1507.8709677419354,2.9103830456733704e-11,51.12903225806452,-9.094947017729282e-13,797.4481448304216,-2.1316282072803006e-14,109.18619199372176,1.546140993013978e-11
2025-12-11,0.7020833333333334,12,2025,22.897916666666667,2675.7293637474486,0.0,1507.8709677419354,2.9103830456733704e-11,51.12903225806452,-9.094947017729282e-13,797.4481448304216,-2.1316282072803006e-14,319.281218917027,1.546140993013978e-11
2025-12-12,2.4375,12,2025,21.1625,2472.9377560682906,0.0,1507.8709677419354,2.9103830456733704e-11,51.12903225806452,-9.094947017729282e-13,797.4481448304216,-2.1316282072803006e-14,116.4896112378691,1.546140993013978e-11
2025-12-13,2.0437499999999997,12,2025,21.55625,2518.949297306419,0.0,1507.8709677419354,2.9103830456733704e-11,51.12903225806452,-9.094947017729282e-13,797.4481448304216,-2.1316282072803006e-14,162.5011524759974,1.546140993013978e-11
2025-12-14,3.6166666666666667,12,2025,19.983333333333334,2335.146579662044,0.0,1507.8709677419354,2.9103830456733704e-11,51.12903225806452,-9.094947017729282e-13,776.1465796620442,-2.1316282072803006e-14,0.0,1.546140993013978e-11
2025-12-15,3.5729166666666665,12,2025,20.027083333333334,2340.258973132947,0.0,1507.8709677419354,2.9103830456733704e-11,51.12903225806452,-9.094947017729282e-13,781.2589731329473,-2.1316282072803006e-14,0.0,1.546140993013978e-11
2025-12-16,0.39375,12,2025,23.206249999999997,2711.7595653519083,0.0,1507.8709677419354,2.9103830456733704e-11,51.12903225806452,-9.094947017729282e-13,797.4481448304216,-2.1316282072803006e-14,355.31142052148675,1.546140993013978e-11
2025-12-17,-0.47291666666666665,12,2025,24.072916666666664,2813.033645537418,0.0,1507.8709677419354,2.9103830456733704e-11,51.12903225806452,-9.094947017729282e-13,797.4481448304216,-2.1316282072803006e-14,456.5855007069965,1.546140993013978e-11
2025-12-18,3.404166666666667,12,2025,20.195833333333333,2359.978205092145,0.0,1507.8709677419354,2.9103830456733704e-11,51.12903225806452,-9.094947017729282e-13,797.4481448304216,-2.1316282072803006e-14,3.5300602617234023,1.546140993013978e-11
2025-12-19,4.941666666666666,12,2025,18.65833333333333,2180.3140916861203,0.0,1507.8709677419354,2.9103830456733704e-11,51.12903225806452,-9.094947017729282e-13,621.3140916861204,-2.1316282072803006e-14,0.0,1.546140993013978e-11
2025-12-20,4.327083333333333,12,2025,19.272916666666667,2252.1310475869027,0.0,1507.8709677419354,2.9103830456733704e-11,51.12903225806452,-9.094947017729282e-13,693.1310475869028,-2.1316282072803006e-14,0.0,1.546140993013978e-11
2025-12-21,2.3979166666666667,12,2025,21.202083333333334,2477.5632549229176,0.0,1507.8709677419354,2.9103830456733704e-11,51.12903225806452,-9.094947017729282e-13,797.4481448304216,-2.1316282072803006e-14,121.11511009249614,1.546140993013978e-11
2025-12-22,-0.5729166666666666,12,2025,24.172916666666666,2824.7191163280545,0.0,1507.8709677419354,2.9103830456733704e-11,51.12903225806452,-9.094947017729282e-13,797.4481448304216,-2.1316282072803006e-14,468.2709714976329,1.546140993013978e-11
2025-12-23,-2.441666666666667,12,2025,26.041666666666664,3043.09135172806,0.0,1507.8709677419354,2.9103830456733704e-11,51.12903225806452,-9.094947017729282e-13,797.4481448304216,-2.1316282072803006e-14,686.6432068976385,1.546140993013978e-11
2025-12-24,0.45,12,2025,23.15,2705.186488032176,0.0,1507.8709677419354,2.9103830456733704e-11,51.12903225806452,-9.094947017729282e-13,797.4481448304216,-2.1316282072803006e-14,348.73834320175433,1.546140993013978e-11
2025-12-25,6.84375,12,2025,16.75625,1958.0466993559032,0.0,1507.8709677419354,2.9103830456733704e-11,51.12903225806452,-9.094947017729282e-13,399.04669935590334,-2.1316282072803006e-14,0.0,1.546140993013978e-11
2025-12-26,4.145833333333333,12,2025,19.454166666666666,2273.31096339493,0.0,1507.8709677419354,2.9103830456733704e-11,51.12903225806452,-9.094947017729282e-13,714.3109633949299,-2.1316282072803006e-14,0.0,1.546140993013978e-11
2025-12-27,3.50625,12,2025,20.09375,2348.049286993371,0.0,1507.8709677419354,2.9103830456733704e-11,51.12903225806452,-9.094947017729282e-13,789.0492869933711,-2.1316282072803006e-14,0.0,1.546140993013978e-11
2025-12-28,3.641666666666667,12,2025,19.958333333333332,2332.225211964385,0.0,1507.8709677419354,2.9103830456733704e-11,51.12903225806452,-9.094947017729282e-13,773.225211964385,-2.1316282072803006e-14,0.0,1.546140993013978e-11
2025-12-29,0.35000000000000003,12,2025,23.25,2716.871958822812,0.0,1507.8709677419354,2.9103830456733704e-11,51.12903225806452,-9.094947017729282e-13,797.4481448304216,-2.1316282072803006e-14,360.42381399239025,1.546140993013978e-11
2025-12-30,0.21041666666666667,12,2025,23.389583333333334,2733.1829284680744,0.0,1507.8709677419354,2.9103830456733704e-11,51.12903225806452,-9.094947017729282e-13,797.4481448304216,-2.1316282072803006e-14,376.73478363765275,1.546140993013978e-11
2025-12-31,1.3291666666666666,12,2025,22.270833333333336,2602.4517239978372,0.0,1507.8709677419354,2.9103830456733704e-11,51.12903225806452,-9.094947017729282e-13,797.4481448304216,-2.1316282072803006e-14,246.00357916741564,1.546140993013978e-11
