date,network_load_mw,T_supply,temperature,modified_load_mw,tes_charge_mw,T_return_primary,T_secondary_return,T_HEX_out,m_dot_primary,T_water,T_pcm,Q_primary_kw,Waste heat,Electricity,Biomass,Fossil fuel,eta_el_chp,fgc_recovery_mw,scenario
2024-01-01 00:00:00,161.0239619511116,89.5,-4.65,169.57992973919522,8.55596778808362,39.37062115646641,36.36171609965784,55.0,808.1331157975417,,,20.521731536587264,67.67657960371278,43.517608004463405,9.526687577664267,48.85905455335477,0.23594406826530037,7.158576364010465,Baseline (no TES/DSM)
2024-01-01 01:00:00,162.1072324620258,89.6,-4.9,170.7207595567173,8.613527094691506,39.24529411511603,36.23632915054391,55.0,809.9291813308839,,,20.659789166874813,68.13186614663424,43.81036779552525,9.590777291980883,49.18774832257692,0.23613205882732596,7.257967468930641,Baseline (no TES/DSM)
2024-01-01 02:00:00,170.25519777269795,89.9,-5.0,179.30166495836608,9.04646718566812,38.30262986355225,35.29321429465337,55.0,830.1518339795239,,,21.698208260834292,71.55636530982967,46.012400065302906,10.07283672566931,51.660062857564185,0.23754605520467162,8.027495086900531,Baseline (no TES/DSM)
2024-01-01 03:00:00,161.24543441102315,91.2,-4.75,169.81317008265646,8.5677356716333,39.3449982969298,36.33608099210042,55.0,782.3147031352512,,,20.549957139224173,67.76966201443986,43.57746215025285,9.53979058983133,48.92625532813241,0.2359825025546053,7.178840989688565,Baseline (no TES/DSM)
2024-01-01 04:00:00,157.6596157822401,87.6,-4.7,166.0368198813669,8.3772040991268,39.75985316008415,36.751134160638685,55.0,829.1110031234745,,,20.092961755759937,66.26258234173258,42.60837501830252,9.32764220289153,47.83822031844028,0.23536022025987377,6.854259897380909,Baseline (no TES/DSM)
2024-01-01 05:00:00,138.1156625314401,88.9,-4.55,145.45440358171692,7.338741050276809,42.02095582330147,39.01331765686901,55.0,741.2230251885123,,,17.602178664121066,58.0484762427249,37.32651456647675,8.171360029749025,41.90805274276624,0.2319685662650478,5.217064140178868,Baseline (no TES/DSM)
2024-01-01 06:00:00,148.4551929049548,87.2,-4.7,156.3433223055602,7.888129400605408,40.82474237743614,37.81653240725327,55.0,805.3669015646224,,,18.919902212645347,62.39406581777596,40.12082930257462,8.783079393592216,45.04534779161742,0.2337628864338458,6.055440532330391,Baseline (no TES/DSM)
2024-01-01 07:00:00,148.65829453731442,89.7,-4.7,156.55721569216016,7.898921154845738,40.80124489788638,37.793023695638716,55.0,764.8496323445736,,,18.945786541433584,62.4794271740827,40.17571863156019,8.79509552941796,45.106974357099304,0.23379813265317043,6.072533638279851,Baseline (no TES/DSM)
2024-01-01 08:00:00,169.30844011032147,89.1,-4.75,178.30460156531288,8.996161454991409,38.41216329541989,35.40280008475804,55.0,840.3487740633756,,,21.57754853825589,71.1584535982628,45.756533619543546,10.016823543830208,51.37279080367633,0.23738175505687018,7.936090293809699,Baseline (no TES/DSM)
2024-01-01 09:00:00,168.8457241140026,91.6,-5.0,177.81729927070919,8.971575156706592,38.465696393773314,35.45635877254662,55.0,799.4656211596322,,,21.518577604122353,70.96397921333683,45.63148208621143,9.989447799992432,51.2323901711685,0.23730145540934003,7.891607615075666,Baseline (no TES/DSM)
2024-01-01 10:00:00,168.54853108439727,90.0,-5.2,177.5043149640955,8.955783879698231,38.50007960898606,35.4907584233307,55.0,823.3853452872297,,,21.480701778101142,70.83907228965883,45.55116404157189,9.97186491910313,51.14221371376165,0.2372498805865209,7.863103187591818,Baseline (no TES/DSM)
2024-01-01 11:00:00,157.64499637374703,89.4,-5.35,166.02142367427422,8.376427300527183,39.76154452636272,36.752826335409736,55.0,798.9997620576315,,,20.091098582275173,66.25643796700318,42.60442404305417,9.326777272383074,47.83378439183379,0.23535768321045591,6.852951934415969,Baseline (no TES/DSM)
2024-01-01 12:00:00,171.49460376929275,89.5,-5.15,180.6069264813976,9.112322712104856,38.159239006863956,35.14975489549057,55.0,840.3745202107287,,,21.85616460980723,72.07727386016909,46.34735632687202,10.146163909824837,52.03613238453167,0.23776114148970406,8.147944139017547,Baseline (no TES/DSM)
2024-01-01 13:00:00,159.31035075549272,92.5,-4.85,167.7752662429537,8.464915487460985,39.568874334235055,36.560064044719866,55.0,757.2121651684139,,,20.30334000970844,66.95636788438291,43.05449518957909,9.425304912050777,48.339098256940915,0.23564668849864742,7.0027491762952,Baseline (no TES/DSM)
2024-01-01 14:00:00,153.42543252754655,86.4,-4.55,161.57765436256162,8.15222183501507,40.24971940724917,37.24123456948972,55.0,836.3878769077921,,,19.553335410856583,64.48300223066825,41.464063793661545,9.077134511208412,46.55345382702341,0.23462542088912625,6.480650284960026,Baseline (no TES/DSM)
2024-01-01 15:00:00,137.48061457515902,87.7,-4.3,144.7856125117278,7.304997936568782,42.09442655907286,39.08682351249498,55.0,758.4173556459251,,,17.521244848347635,57.78157265244756,37.15488937671855,8.133788581357006,41.7153619012047,0.23185836016139072,5.167604848219947,Baseline (no TES/DSM)
2024-01-01 16:00:00,144.78668344815065,89.0,-4.4,152.47988751986483,7.693204071714177,41.24916400781832,38.241156916043856,55.0,762.8380715376392,,,18.452368279808553,60.852232110096146,39.1293945212696,8.566038755371611,43.93222213312748,0.23312625398827252,5.750841166345776,Baseline (no TES/DSM)
2024-01-01 17:00:00,155.05019902964,87.7,-4.3,163.28875242479447,8.238553395154469,40.061744957154765,37.05317026545168,55.0,818.8440576865565,,,19.76040410772373,65.16587351382397,41.90316584332017,9.173260843367585,47.046452224282746,0.23490738256426785,6.622777114001661,Baseline (no TES/DSM)
2024-01-01 18:00:00,155.46913237970423,89.9,-4.5,163.7299456932278,8.260813313523556,40.01327721363404,37.00467935379352,55.0,784.0502886640428,,,19.813795153612606,65.3419465396689,42.016384876606814,9.198046267186292,47.17356800976579,0.23498008417954894,6.6596731931454,Baseline (no TES/DSM)
2024-01-01 19:00:00,165.77270432982328,89.4,-4.8,174.5809953518769,8.808291022053623,38.821223913152885,35.81205623815917,55.0,824.5735983856785,,,21.126935973563693,69.67242318945179,44.800981651757596,9.807638216815327,50.29995229385219,0.2367681641302707,7.599356283534591,Baseline (no TES/DSM)
2024-01-01 20:00:00,165.3166472256262,90.4,-5.15,174.100705767956,8.784058542329774,38.87398662291003,35.86484416909689,55.0,807.1881279769855,,,21.06881368328911,69.48074746279565,44.677729720506996,9.780656434125254,50.16157215052809,0.23668902006563497,7.5564537477650635,Baseline (no TES/DSM)
2024-01-01 21:00:00,167.6994820579987,90.5,-5.4,176.61015193086,8.91066987286132,38.59830881523497,35.58903458426711,55.0,812.89589574852,,,21.37249455248063,70.48222643065579,45.321703890053556,9.921632489627354,50.884589120523316,0.23710253677714754,7.781952988749668,Baseline (no TES/DSM)
2024-01-01 22:00:00,156.99141318144717,90.5,-5.7,165.33311250315438,8.34169932170721,39.83715966306403,36.82847761701387,55.0,779.5986591310709,,,20.007802539582627,65.98174422325616,42.427789604203106,9.288109220724133,47.63546945497099,0.23524426050540395,6.794604847537757,Baseline (no TES/DSM)
2024-01-01 23:00:00,160.32109054116677,88.8,-6.0,168.8397114333612,8.518620892194434,39.45193860522057,36.4430724190854,55.0,817.3447564988329,,,20.432153946985974,67.38117057048612,43.327653154732346,9.485103478945783,48.645784229196956,0.23582209209216914,7.094453508137972,Baseline (no TES/DSM)
2024-01-02 00:00:00,148.6681882717684,91.8,-6.3,156.56763512771028,7.899446855941875,40.80010026000089,37.79187851060318,55.0,733.3874020866427,,,18.947047450430603,49.733773472765066,31.979968125514368,7.000917078075363,67.85297645135549,0.23379984960999867,4.834092863703729,Baseline (no TES/DSM)
2024-01-02 01:00:00,156.55942305128886,88.8,-6.55,164.8781686858949,8.318745634606046,39.88713798736977,36.87847983153199,55.0,805.2687686458372,,,19.952747469702672,52.37361786387075,33.67744920504895,7.3725223352407765,71.45457928173442,0.23516929301894535,5.377574973639875,Baseline (no TES/DSM)
2024-01-02 02:00:00,160.2197124300378,91.0,-6.8,168.73294662175152,8.513234191713735,39.46366736419396,36.45480678454013,55.0,782.1447889714769,,,20.419233793022133,53.598089655204426,34.464812924371124,7.544888614269731,73.12515542790622,0.23580449895370906,5.639483573024517,Baseline (no TES/DSM)
2024-01-02 03:00:00,186.84784643451542,92.7,-6.6,196.77595984071692,9.928113406201504,36.38297309822872,33.37263991137319,55.0,834.7051558802818,,,23.81286173968805,62.5059642985696,40.1927826171775,8.798831103758102,85.27838182121171,0.24042554035265692,7.500715715828353,Baseline (no TES/DSM)
2024-01-02 04:00:00,213.9105097556783,94.4,-6.9,225.27659098250714,11.36608122682884,33.25200674132084,30.2401769166274,55.0,880.1052922186739,,,27.261868363376568,71.55920146269,46.014223777274445,10.073235964850442,97.62992977769225,0.24512198988801875,8.587104175522798,Baseline (no TES/DSM)
2024-01-02 05:00:00,208.24408060590676,96.6,-7.1,219.30907754259982,11.064996936693063,33.90757411180441,30.896057655834912,55.0,835.6844266002306,,,26.539709149470195,69.66361837251976,44.79531995055989,9.80639878153977,95.0437404379804,0.2441386388322934,8.359634204702372,Baseline (no TES/DSM)
2024-01-02 06:00:00,192.60699819288786,92.1,-7.3,202.84112268175213,10.234124488864268,35.71667835163258,32.70602666824426,55.0,859.4213220010441,,,24.54683800528053,64.43256576103296,41.43163197562981,9.070034677092247,87.90689026799708,0.24142498247255112,7.731907891323955,Baseline (no TES/DSM)
2024-01-02 07:00:00,179.11075813886225,91.7,-7.55,188.62776330111637,9.517005162254122,37.27810166952393,34.26819636439464,55.0,828.0045139028133,,,22.826806950361274,59.917686327956375,38.528459940244296,8.434484741477844,81.74713229143786,0.23908284749571412,7.090143107743871,Baseline (no TES/DSM)
2024-01-02 08:00:00,201.58626973285013,94.4,-7.8,212.29750556045855,10.71123582760842,34.67783761494953,31.666689353771208,55.0,849.2003086261604,,,25.691203090479284,67.43638965846681,43.36316030712064,9.492876552032453,92.00507904283866,0.2429832435775757,8.092366759016016,Baseline (no TES/DSM)
2024-01-02 09:00:00,224.60490489156987,97.2,-8.1,236.53923011877612,11.934325227206244,32.01473785242433,29.00231659900771,55.0,866.8711278908054,,,28.624817723618882,75.13678340069274,48.314691816491234,10.57684453381803,102.51091036777412,0.24697789322136351,9.016414008083128,Baseline (no TES/DSM)
2024-01-02 10:00:00,213.3091638651122,96.8,-8.25,224.6432927290328,11.334128863920597,33.32157837696821,30.309781808314757,55.0,845.4114249580003,,,27.18522971421344,71.35803401289554,45.884868448227465,10.044918052565139,97.35547221534466,0.2450176324345477,8.562964081547465,Baseline (no TES/DSM)
2024-01-02 11:00:00,197.61128555014136,92.6,-8.45,208.1113115912478,10.500026041106452,35.13771628977196,32.12678785587606,55.0,865.1941618316365,,,25.184610423951206,66.10664342829632,42.508102685579765,9.30569101507727,90.19087446229445,0.24229342556534206,7.932797211395558,Baseline (no TES/DSM)
2024-01-02 12:00:00,193.05381362623322,94.4,-8.6,203.3116795409611,10.257865914727887,35.66498484043046,32.65430844695075,55.0,826.9248037508172,,,24.603782488936336,64.58203834023406,41.527746305685774,9.091075612846016,88.11081928219524,0.2415025227393543,7.749844600828088,Baseline (no TES/DSM)
2024-01-02 13:00:00,210.7745001883627,96.1,-8.65,221.9739503342272,11.199450145864489,33.61482175082983,30.603165355873255,55.0,848.644447213158,,,26.862198987112187,70.51011630706685,45.33963772648643,9.925558487966864,96.19863781270705,0.24457776737375525,8.461213956848022,Baseline (no TES/DSM)
2024-01-02 14:00:00,216.43104768439613,96.3,-8.7,227.9310570612061,11.50000937680997,32.96039762057499,29.9484284033764,55.0,859.6644110165722,,,27.583098831650826,72.40239370060985,46.55641591371317,10.191930335423114,98.78031711145998,0.24555940356913752,8.68828724407318,Baseline (no TES/DSM)
2024-01-02 15:00:00,204.87560906277088,95.3,-8.4,215.76162310978134,10.886014047010462,34.2972833932081,31.285953222745952,55.0,844.9398647074037,,,26.110413609481828,68.53676801789288,44.07072907585126,9.647774463671297,93.5063515523659,0.24355407491018785,8.224412162147146,Baseline (no TES/DSM)
2024-01-02 16:00:00,202.13525868856283,93.7,-8.55,212.87566490649186,10.740406217929035,34.614323321095604,31.603144699356157,55.0,860.685685026188,,,25.76116909944575,67.62004221171212,43.481253152059715,9.518728929736135,92.25564061298388,0.2430785150183566,8.114405065405455,Baseline (no TES/DSM)
2024-01-02 17:00:00,206.72792316199894,95.8,-8.75,217.71235945358947,10.984436291590526,34.08298323145816,31.07155062306019,55.0,842.7115284461132,,,26.3464821560832,69.15642021707765,44.46917979042826,9.735001580393401,94.35175786569016,0.24387552515281277,8.29877042604932,Baseline (no TES/DSM)
2024-01-02 18:00:00,204.4069888524935,96.6,-8.9,215.26810288229288,10.861114029799381,34.35149956901951,31.3401953145114,55.0,826.1360346307745,,,26.050690211601136,68.38000111534551,43.96992432695469,9.625706721598156,93.29247071839453,0.24347275064647073,8.205600133841461,Baseline (no TES/DSM)
2024-01-02 19:00:00,212.0429212867162,93.7,-9.1,223.3097686691642,11.26684738244802,33.46807404391692,30.456347501872905,55.0,885.6900125807032,,,27.023853171622044,70.93443954868914,45.612487397735016,9.985289564486214,96.77755215825385,0.24479788893412463,8.512132745842697,Baseline (no TES/DSM)
2024-01-02 20:00:00,213.0907565614929,97.6,-9.1,224.41328040817382,11.322523846680923,33.346846618738056,30.335062128594046,55.0,834.3627053135779,,,27.15739475104277,71.28497050489649,45.83788692050913,10.03463305858183,97.25578992418637,0.24497973007189291,8.55419646058758,Baseline (no TES/DSM)
2024-01-02 21:00:00,214.22459223462377,96.9,-9.05,225.60736215511096,11.382769920487192,33.215669531519936,30.203822337223343,55.0,846.2943790870642,,,27.301896668699353,71.66427106124516,46.081785962448166,10.088026387847687,97.77327874356995,0.2451764957027201,8.599712527349418,Baseline (no TES/DSM)
2024-01-02 22:00:00,210.38521650395805,93.8,-8.95,221.56398215899375,11.178765655035704,33.65985922939208,30.648224362866934,55.0,880.1070457435692,,,26.81258664888546,70.37988974816487,45.25589903320064,9.907226773387935,96.02096660424031,0.24451021115591187,8.445586769779784,Baseline (no TES/DSM)
2024-01-02 23:00:00,209.00996867002087,96.7,-9.0,220.1156608767,11.105692206679123,33.818966064124815,30.80740725249199,55.0,836.2421325898109,,,26.637317909361453,69.91982989920166,44.96006989580914,9.842465130973908,95.39329595071528,0.24427155090381278,8.3903795879042,Baseline (no TES/DSM)
2024-01-03 00:00:00,223.61651992855175,96.7,-9.1,235.49832756891357,11.881807640361814,32.129087280274746,29.11672068719648,55.0,871.267828401662,,,28.498852801255246,69.63334111763295,44.775850974477905,9.802136717030823,111.2869987597719,0.2468063690795879,8.356000934115954,Baseline (no TES/DSM)
2024-01-03 01:00:00,230.25787119239382,96.9,-9.2,242.49256536463736,12.234694172243536,31.36072804213441,28.347994164525485,55.0,883.8887194425043,,,29.34526116200668,71.70143285873017,46.105681858859654,10.093257574715246,114.59219307233226,0.2479589079367984,8.604171943047621,Baseline (no TES/DSM)
2024-01-03 02:00:00,223.6541798323274,98.3,-9.3,235.53798852222064,11.883808689893243,32.12473028516577,29.112361609393865,55.0,850.287937050248,,,28.503652375341076,69.64506826966495,44.78339180482314,9.803787523177332,111.30574092455524,0.24681290457225136,8.357408192359793,Baseline (no TES/DSM)
2024-01-03 03:00:00,219.84732595729108,95.5,-9.25,231.528858422366,11.681532465074923,32.565157425205705,29.55299927865943,55.0,878.849998349253,,,28.018487110023408,68.45962832743668,44.021126468412824,9.63691567418877,109.41118795232771,0.24615226386219144,8.2151553992924,Baseline (no TES/DSM)
2024-01-03 04:00:00,184.12827612289252,96.2,-9.4,193.91188584342052,9.783609720528005,36.697608913997755,33.68742612667175,55.0,778.5218176297575,,,23.466265548948787,57.3368508943959,36.86892298699743,8.071186049243884,91.6349259127833,0.23995358662900337,6.880422107327508,Baseline (no TES/DSM)
2024-01-03 05:00:00,195.22266552688868,91.2,-9.5,205.59577284279862,10.373107315909948,35.41406340474318,32.40326706793856,55.0,880.4206661304487,,,24.88019225993291,60.79160192131984,39.090407905754255,8.557503973182133,97.15625904254237,0.24187890489288522,7.29499223055838,Baseline (no TES/DSM)
2024-01-03 06:00:00,202.3647292535899,97.9,-9.65,213.1173283323758,10.752599078785892,34.587775135114256,31.576583823037357,55.0,804.140552081742,,,25.790414022213607,63.01561363532094,40.520498943657785,8.87057335246252,100.71064240093456,0.24311833729732862,7.561873636238513,Baseline (no TES/DSM)
2024-01-03 07:00:00,238.0689032428763,97.9,-9.75,250.71863464191412,12.649731399037819,30.45704468057609,27.443878831953022,55.0,888.0773575950419,,,30.340739728186463,74.13375878628595,47.66972376041962,10.435650900952512,118.47950119425604,0.24931443297913586,8.896051054354313,Baseline (no TES/DSM)
2024-01-03 08:00:00,221.37496461893684,98.6,-9.85,233.13766778073605,11.762703161799209,32.388420006631506,29.376177377571583,55.0,841.1612779659631,,,28.213177329536975,68.93532924642447,44.327013176061065,9.703879076626384,110.17144628162416,0.24641736999005273,8.272239509570936,Baseline (no TES/DSM)
2024-01-03 09:00:00,221.56756344696714,94.8,-9.95,233.34050029913567,11.772936852168527,32.36613763021547,29.353884349923984,55.0,892.8339542178386,,,28.237723126294224,68.99530379524303,44.365578199899645,9.712321565779225,110.26729673821376,0.2464507935546768,8.279436455429165,Baseline (no TES/DSM)
2024-01-03 10:00:00,218.99965635750362,98.1,-9.95,230.63614811122824,11.636491753724613,32.663227041163736,29.65111577301898,55.0,841.9887298497205,,,27.910455685707525,68.19566721036041,43.85139335706753,9.59975843146519,108.98932911233511,0.2460051594382544,8.183480065243248,Baseline (no TES/DSM)
2024-01-03 11:00:00,221.46775288063384,98.2,-9.95,233.2353863234208,11.767633442786973,32.37768503490158,29.365437274402016,55.0,846.4904554994207,,,28.225002748395255,68.96422316124132,44.345592632441345,9.707946411308006,110.21762411843017,0.24643347244764763,8.275706779348956,Baseline (no TES/DSM)
2024-01-03 12:00:00,221.76144990021592,95.3,-9.95,233.54468886039652,11.783238960180597,32.343706284306236,29.331442281574063,55.0,886.199740238372,,,28.26243302470898,69.0556793056994,44.40440105135719,9.72082049744551,110.36378800589443,0.24648444057354066,8.286681516683927,Baseline (no TES/DSM)
2024-01-03 13:00:00,216.10039882815747,98.0,-9.8,227.58283926101115,11.482440432853679,32.99865144772228,29.986700516291933,55.0,836.4075037940914,,,27.540959221009093,67.29284934791747,43.27086056319294,9.472670689067572,107.54645866083317,0.24550202282841657,8.075141921750095,Baseline (no TES/DSM)
2024-01-03 14:00:00,205.3386380010561,96.9,-9.7,216.2492549744442,10.910616973388102,34.24371408959442,31.2323583123906,55.0,824.50016777374,,,26.16942442656783,63.94167760560002,41.11597952322672,9.000933399814796,102.19066444580268,0.24363442886560838,7.673001312672002,Baseline (no TES/DSM)
2024-01-03 15:00:00,201.0944041907663,92.8,-9.45,211.7795048662946,10.685100675528275,34.73474311778607,31.723622058090935,55.0,871.3012817045793,,,25.62851718656514,62.62003920075708,40.26613542114027,8.814889184115536,100.0784410602817,0.2428978853233209,7.514404704090849,Baseline (no TES/DSM)
2024-01-03 16:00:00,191.33043545784247,97.2,-9.75,201.49673010630184,10.16629464845937,35.86436799061885,32.853786904572296,55.0,784.7944699651723,,,24.38414620822882,59.579576154203885,38.311047268241076,8.386889694402017,95.21921698945485,0.24120344801407173,7.149549138504465,Baseline (no TES/DSM)
2024-01-03 17:00:00,193.7584975263102,95.1,-9.95,204.05380664313535,10.295309116825138,35.5834576988771,32.57274233448842,55.0,819.045040053121,,,24.69359107171065,60.33566552686033,38.797230245103556,8.493322780652358,96.4275880905191,0.24162481345168435,7.24027986322324,Baseline (no TES/DSM)
2024-01-03 18:00:00,193.08505917125078,93.7,-10.1,203.34458531016804,10.259526138917266,35.66136994306828,32.650691821626154,55.0,836.9822262597307,,,24.607764583767416,60.12595936242075,38.662384324791994,8.463802891742125,96.09243873121318,0.24150794508539758,7.215115123490489,Baseline (no TES/DSM)
2024-01-03 19:00:00,199.6662478013021,97.3,-10.1,210.27546374566026,10.60921594435817,34.89997111307797,31.888929034260133,55.0,805.016134377188,,,25.446505505435688,62.17531668621001,39.98016854497508,8.75228654551217,99.36769196896302,0.24265004333038304,7.461038002345201,Baseline (no TES/DSM)
2024-01-03 20:00:00,226.61261151482876,96.5,-10.1,238.65361572936325,12.041004214534496,31.78245983095373,28.76992754597809,55.0,880.9409383039472,,,28.880690302007288,70.56631274027316,45.3757733344891,9.933469139853681,112.7780605147473,0.2473263102535694,8.46795752883278,Baseline (no TES/DSM)
2024-01-03 21:00:00,225.71117846148732,99.2,-10.2,237.70428525706598,11.993106795578655,31.886749513366837,28.874267080055823,55.0,843.6012691282534,,,28.765806983433276,70.28560988648539,45.19527489871708,9.89395519860763,112.32944527325586,0.24716987572994975,8.434273186378247,Baseline (no TES/DSM)
2024-01-03 22:00:00,233.86854517070765,97.2,-10.3,246.29509159821436,12.426546427506707,30.942997583838277,27.930064026277964,55.0,888.0240937345401,,,29.805424240540265,72.82578312085224,46.82866511618815,10.251529959901125,116.38911340127285,0.2485855036242426,8.739093974502268,Baseline (no TES/DSM)
2024-01-03 23:00:00,226.66061301285652,98.3,-10.35,238.70416777493645,12.043554762079935,31.776906383622162,28.76437144403498,55.0,857.2121938024936,,,28.886807862673066,70.58126022576033,45.38538491382559,9.935573265463189,112.80194936988734,0.24733464042456677,8.469751227091239,Baseline (no TES/DSM)
2024-01-04 00:00:00,234.0831981765849,97.8,-10.35,246.52115013766337,12.437951961078483,30.918163688820812,27.905218260373783,55.0,880.5353029412412,,,29.83278073647266,69.64584718379957,44.783892664650544,9.80389716925658,122.28751311995669,0.2486227544667688,8.357501662055949,Baseline (no TES/DSM)
2024-01-04 01:00:00,220.05250268767458,98.7,-10.35,231.74493716680226,11.692434479127684,32.54141987090709,29.529250377537544,55.0,836.8061341350183,,,28.04463590010077,65.47134990456331,42.09959423708142,9.216262102502828,114.9577309226547,0.24618787019363936,7.856561988547597,Baseline (no TES/DSM)
2024-01-04 02:00:00,215.4668958575744,95.6,-10.45,226.91567526914721,11.448779411572815,33.07194343914079,30.060027542123173,55.0,866.9425987594663,,,27.46022230625175,64.10701245949294,41.22229366326332,9.024207234100745,112.56216191229021,0.24539208484128883,7.692841495139152,Baseline (no TES/DSM)
2024-01-04 03:00:00,203.87249094850898,96.6,-9.8,214.7052045663828,10.832713617873821,34.41333734660087,31.402062651259865,55.0,824.7951485395253,,,25.982571017665457,60.65737507084655,39.00409693234552,8.538609146101912,106.50512341708884,0.24337999398009869,7.278885008501585,Baseline (no TES/DSM)
2024-01-04 04:00:00,215.95583024261325,96.1,-9.9,227.4305890599726,11.474758817359344,33.01537705126814,30.003434114868163,55.0,861.243863572428,,,27.52253464826095,64.25248317131069,41.31583469991269,9.044684835529527,112.81758635321967,0.2454769344230978,7.710297980557281,Baseline (no TES/DSM)
2024-01-04 05:00:00,218.00810481929327,97.8,-10.1,229.59191073099566,11.583805911702399,32.777942820258886,29.765886387572582,55.0,843.5224637416103,,,27.78408719852535,64.86308830085454,41.70846793918985,9.130638415579611,113.88971607537165,0.24583308576961166,7.783570596102545,Baseline (no TES/DSM)
2024-01-04 06:00:00,215.30709780624392,97.3,-10.25,226.74738638848174,11.440288582237827,33.090430988450976,30.078523928694025,55.0,843.6130921560159,,,27.439856811143212,64.0594683779445,41.19172171775614,9.017514555278453,112.47868173750267,0.24536435351732355,7.687136205353339,Baseline (no TES/DSM)
2024-01-04 07:00:00,207.4376100641242,95.8,-10.3,218.45975539106973,11.022145326945548,34.00087727654445,30.989405420558086,55.0,844.4810508816497,,,26.43692834746973,61.718090846486625,39.6861617411575,8.687923840526398,108.36757896289922,0.24399868408518333,7.4061709015783945,Baseline (no TES/DSM)
2024-01-04 08:00:00,219.81429277291704,96.3,-10.3,231.49407002803426,11.679777255117216,32.56897914030111,29.556822820578507,55.0,867.7403075262936,,,28.014277189131455,65.40047625173345,42.05402083695165,9.206285369754932,114.8332875695942,0.24614653128954833,7.848057150208014,Baseline (no TES/DSM)
2024-01-04 09:00:00,211.53198681709796,99.8,-10.35,222.7716858247892,11.239699007691229,33.52718569216731,30.515487406169303,55.0,803.0181360568844,,,26.95873702436517,62.936274551561425,40.469482075389664,8.859404959081813,110.50652423875627,0.24470922146174903,7.55235294618737,Baseline (no TES/DSM)
2024-01-04 10:00:00,222.3281575099762,94.4,-10.6,234.14150833671135,11.81335082673516,32.27814206251084,29.265846719328476,55.0,900.3984768007953,,,28.334657191139385,66.14841647419185,42.534963721510934,9.311571317535588,116.14655682347299,0.24658278690623375,7.937809976903021,Baseline (no TES/DSM)
2024-01-04 11:00:00,220.91807255668107,98.8,-10.8,232.65649887346953,11.738426316788463,32.44127931536564,29.42906195366171,55.0,837.5639175548698,,,28.154948627863003,65.72887948077087,42.26519171870033,9.252513990953808,115.40991368304452,0.24633808102695154,7.8874655376925045,Baseline (no TES/DSM)
2024-01-04 12:00:00,241.60634219059358,99.9,-10.95,254.4440345199317,12.837692329338125,30.047787017962463,27.034425539481564,55.0,870.187578597525,,,30.791569353370825,71.88417843705811,46.223191497922265,10.118982279496786,126.21768230545452,0.2499283194730563,8.626101412446973,Baseline (no TES/DSM)
2024-01-04 13:00:00,252.50295717870105,98.7,-10.9,265.9196384094904,13.41668123078935,28.78712266549043,25.773158574986354,55.0,908.6445189968073,,,32.18029066375187,75.12620515317441,48.30788975835572,10.575355456506255,131.91018804145403,0.2518193160017644,9.01514461838093,Baseline (no TES/DSM)
2024-01-04 14:00:00,247.4327531335332,101.0,-10.8,260.5800303454186,13.14727721188541,29.373710840485927,26.36002714585901,55.0,869.0994091281925,,,31.534117479401555,73.61768741729632,47.33787791848252,10.363004636485092,129.26146037315465,0.25093943373927113,8.83412249007556,Baseline (no TES/DSM)
2024-01-04 15:00:00,244.69594063358002,98.4,-10.25,257.6977980004443,13.0018573668643,29.690341460348737,26.676809118790583,55.0,895.9704641551527,,,31.185323854468475,72.80341442962697,46.81428152969465,10.24838116700893,127.83172087411376,0.2504644878094769,8.736409731555236,Baseline (no TES/DSM)
2024-01-04 16:00:00,224.5242006995589,98.0,-10.6,236.454237729786,11.930037030227112,32.02407477935754,29.01165798909911,55.0,856.1746965707383,,,28.61453236147614,66.80179650993163,42.95510221609446,9.403546229778854,117.29379277398107,0.24696388783096368,8.016215581191796,Baseline (no TES/DSM)
2024-01-04 17:00:00,224.66228317348643,97.1,-11.05,236.59965718129567,11.93737400780924,32.00809957487692,28.99567514828748,55.0,868.3362578876279,,,28.632130310411895,66.84287964171054,42.98151962127095,9.409329414500386,117.36592850381379,0.2469878506376846,8.021145557005264,Baseline (no TES/DSM)
2024-01-04 18:00:00,231.67413264463698,99.3,-11.6,243.98407951354798,12.309946868910998,31.196876210297475,28.184064009633175,55.0,855.8452246744299,,,29.525756890446,68.92908745392253,44.32299955892889,9.703000432826139,121.0289920678704,0.24820468568455378,8.271490494470703,Baseline (no TES/DSM)
2024-01-04 19:00:00,238.23230334809776,100.2,-11.85,250.89071697069969,12.658413622601927,30.438140398093154,27.4249655130062,55.0,859.1466870806296,,,30.361564287784756,70.88031401856448,45.57768342837381,9.977670429203485,124.45504909455794,0.24934278940286028,8.505637682227736,Baseline (no TES/DSM)
2024-01-04 20:00:00,228.87706594219807,98.9,-11.75,241.03839137416756,12.161325431969487,31.520477832186444,28.507820316809855,55.0,854.5924851158452,,,29.169284156438835,68.09688727194279,43.78787556902425,9.585853390493027,119.56777514270749,0.24771928325172032,8.171626472633134,Baseline (no TES/DSM)
2024-01-04 21:00:00,213.12990174032652,97.6,-11.75,224.45450555625607,11.32460381592955,33.34231778739176,30.330531132414414,55.0,834.4571632999637,,,27.162383616310027,63.4116958522903,40.775188982021746,8.926329000254281,111.34129172168973,0.24498652331891235,7.609403502274835,Baseline (no TES/DSM)
2024-01-04 22:00:00,215.0607680263247,97.1,-12.0,226.48796793755534,11.427199911230645,33.11892967110018,30.107036234040475,55.0,845.6573156343723,,,27.408463262309123,63.9861788537808,41.14459485640964,9.007197745482335,112.34999648188258,0.24532160549334972,7.678341462453696,Baseline (no TES/DSM)
2024-01-04 23:00:00,207.7951264262215,99.3,-11.85,218.83626829530115,11.041141869079667,33.959515061433294,30.948023433833594,55.0,800.0879378070304,,,26.4824920928527,61.824461274241756,39.754560389632644,8.702897378472013,108.55434925295472,0.24406072740785006,7.418935352909012,Baseline (no TES/DSM)
2024-01-05 00:00:00,211.07982515826168,95.9,-11.5,222.29549866974025,11.21567351147857,33.57949772535116,30.56782444510515,55.0,852.1194918864066,,,26.901111189915806,65.20470293679139,41.928134061537314,9.178726778312845,105.9839348930987,0.24463075341197327,7.824564352414967,Baseline (no TES/DSM)
2024-01-05 01:00:00,185.0891559134552,97.2,-11.15,194.92382174039528,9.834665826940096,36.5864416478059,33.57620572125131,55.0,768.2382268189864,,,23.58872506902224,57.17592109577288,36.76544139951588,8.048532305180645,92.93392693992588,0.24012033752829115,6.861110531492745,Baseline (no TES/DSM)
2024-01-05 02:00:00,209.41395093678676,93.5,-10.9,220.54110863977795,11.127157702991184,33.77222805940514,30.760646906469862,55.0,882.0922676151184,,,26.688803511402657,64.69009746154101,41.59723082322313,9.10628686457647,105.14749349043734,0.2443416579108923,7.762811695384921,Baseline (no TES/DSM)
2024-01-05 03:00:00,228.31338408892543,101.6,-12.7,240.44475842715147,12.131374338226038,31.5856919945049,28.573065652246065,55.0,820.4068716921598,,,29.097445608158548,70.52832441399835,45.35134596092422,9.928121604293557,114.63696644793535,0.24762146200824264,8.463398929679801,Baseline (no TES/DSM)
2024-01-05 04:00:00,256.29039928635405,101.9,-12.5,269.9083253025757,13.617926016221645,28.34894133510656,25.334767788899633,55.0,876.6538175671742,,,32.66298199243262,79.17070870457975,50.908599208409875,11.144691583813707,128.68432580577237,0.2524765879973402,9.50048504454957,Baseline (no TES/DSM)
2024-01-05 05:00:00,265.0972096422418,100.2,-12.65,273.084676354721,7.987466712479204,28.0,25.0,55.0,903.5681408504571,,,33.04736842105263,80.10241010212269,51.50770478426642,11.275845199762374,130.1987162685695,0.253,9.612289212254725,Baseline (no TES/DSM)
2024-01-05 06:00:00,267.865957593713,103.4,-12.75,273.084676354721,5.218718761008006,28.0,25.0,55.0,865.2204213448674,,,33.04736842105263,80.10241010212269,51.50770478426642,11.275845199762374,130.1987162685695,0.253,9.612289212254725,Baseline (no TES/DSM)
2024-01-05 07:00:00,271.51117494236206,102.6,-12.8,273.084676354721,1.5735014123589508,28.0,25.0,55.0,874.4989245228286,,,33.04736842105263,80.10241010212269,51.50770478426642,11.275845199762374,130.1987162685695,0.253,9.612289212254725,Baseline (no TES/DSM)
2024-01-05 08:00:00,252.5267586789798,101.0,-12.7,265.9447045965104,13.417945917530602,28.784368993550146,25.770403586759297,55.0,879.7533167261847,,,32.18332405078924,78.00808187569794,50.16100323220934,10.981031088070216,126.79458840053292,0.2518234465096748,9.360969825083751,Baseline (no TES/DSM)
2024-01-05 09:00:00,232.98130243415898,99.2,-12.15,245.36070544162962,12.379403007470643,31.045645542968472,28.032761052310228,55.0,860.0271844729346,,,29.69234940977211,71.97029182517062,46.27856440077521,10.131104277233753,116.98074493845004,0.2484315316855473,8.636435019020473,Baseline (no TES/DSM)
2024-01-05 10:00:00,228.99364555976044,97.8,-11.45,241.16116542043807,12.16751986067763,31.506990362155967,28.49432639961398,55.0,869.0412954762768,,,29.184141669477665,70.73846409500239,45.486470642426525,9.957702518404732,114.97852816460444,0.24773951445676606,8.488615691400286,Baseline (no TES/DSM)
2024-01-05 11:00:00,224.457528651931,99.4,-11.4,236.38402307964756,11.926494427716563,32.03178828248145,29.019375179366005,55.0,838.2313056996745,,,28.606035328824383,69.33721148718062,44.58543276404246,9.76045118137982,112.70092764704468,0.24695231757627784,8.320465378461675,Baseline (no TES/DSM)
2024-01-05 12:00:00,227.4596431920734,97.5,-10.95,239.54565422210408,12.086011030030676,31.68446401830161,28.671884890203273,55.0,869.4821087427703,,,28.988640426155133,70.26459517543903,45.181761952835394,9.890997002613597,114.20830009121607,0.24747330397254758,8.431751421052683,Baseline (no TES/DSM)
2024-01-05 13:00:00,220.82672526052295,97.6,-10.1,232.56029786166576,11.73357260114281,32.45184757716868,29.43963526721513,55.0,852.7745820296013,,,28.143306853150502,68.21561942417246,43.86422309262122,9.602567061992668,110.87788828287943,0.246322228634247,8.185874330900695,Baseline (no TES/DSM)
2024-01-05 14:00:00,214.3398090622784,96.7,-9.35,225.72870099997417,11.388891937695774,33.20233972702674,30.19048616093067,55.0,849.2388145245433,,,27.316580500701598,66.21174509196065,42.57568548936128,9.320485951811456,107.6207844668408,0.2451964904094599,7.945409411035278,Baseline (no TES/DSM)
2024-01-05 15:00:00,214.96380212211574,95.1,-9.3,226.38584977437267,11.422047652256936,33.13014796769731,30.11825989311208,55.0,872.7092811511808,,,27.396105422952385,66.40450288902065,42.69963321694118,9.34762005524136,107.93409361316948,0.24530477804845402,7.968540346682477,Baseline (no TES/DSM)
2024-01-05 16:00:00,203.24646460682746,96.9,-8.9,214.04591447221992,10.79944986539246,34.485764342831146,31.47452426842523,55.0,819.264360028696,,,25.902786963397062,62.78489826161654,40.37214361523749,8.83809604203229,102.05077655333359,0.2432713534857533,7.534187791393984,Baseline (no TES/DSM)
2024-01-05 17:00:00,198.5935814235735,93.5,-8.05,209.1458015092782,10.552220085704676,35.02407132823411,32.013088570742816,55.0,854.4227414503662,,,25.309799321055806,61.3475753647637,39.44791170565602,8.635767167453807,99.71454727140467,0.24246389300764884,7.3617090437716435,Baseline (no TES/DSM)
2024-01-05 18:00:00,173.60836432974463,92.8,-7.25,182.8330011785023,9.224636848757655,37.91469126509908,34.90509025709961,55.0,795.7914205708747,,,22.125553253761908,53.629387910359355,34.48493842727081,7.549294402805928,87.1693804380662,0.23812796310235138,6.1412005531978275,Baseline (no TES/DSM)
2024-01-05 19:00:00,169.32891334989634,90.4,-6.75,178.32616264533212,8.997249295435779,38.40979468063998,35.40043033775311,55.0,819.3968831747356,,,21.58015775443185,52.30742201587204,33.63488374175872,7.363204087088832,85.02065280061251,0.23738530797904003,5.834434290008843,Baseline (no TES/DSM)
2024-01-05 20:00:00,190.90498286644325,91.8,-6.85,201.04867119828205,10.143688331838803,35.91358996608822,32.90303240871063,55.0,859.4008328614834,,,24.329924316303874,58.972489140667975,37.92067625903293,8.301431352028924,95.8540744465522,0.24112961505086766,7.076698696880157,Baseline (no TES/DSM)
2024-01-05 21:00:00,193.6737241933427,97.8,-8.2,203.9645289004057,10.290804707062989,35.59326539778442,32.58255472158832,55.0,783.2817682311432,,,24.68278711707222,59.82778147186985,38.47064903567759,8.421829026891402,97.24426936596686,0.24161010190332338,7.179333776624382,Baseline (no TES/DSM)
2024-01-05 22:00:00,198.829703989865,91.4,-7.4,209.39447038884342,10.564766398978406,34.99675355088189,31.985757735179643,55.0,886.8739181902773,,,25.339892009475893,61.420516024915194,39.49481423936334,8.646034868407975,99.8331052561569,0.24250486967367715,7.370461922989824,Baseline (no TES/DSM)
2024-01-05 23:00:00,164.04763483135062,92.6,-6.55,172.76426471873643,8.716629887385807,39.0208027387455,36.011730464720046,55.0,770.2975021075846,,,20.907084140950356,50.67598141433639,32.58582965250182,7.1335496777886584,82.36890397410954,0.23646879589188174,5.466680797536124,Baseline (no TES/DSM)
2024-01-06 00:00:00,149.16393422555365,88.1,-4.35,157.089722418277,7.92578819272336,40.74274581988336,37.73449665440529,55.0,792.4320542913267,,,19.010227894202178,51.58375572578657,33.16954955787428,7.2613351289278105,65.07508200568834,0.23388588127017496,5.031661370394956,Baseline (no TES/DSM)
2024-01-06 01:00:00,147.52382768362253,87.7,-6.3,155.36246922704134,7.838641543418817,40.9324950084089,37.9243365452198,55.0,793.6018832264037,,,18.801204182842195,51.01657535700314,32.804839445438425,7.181494359710099,64.35956006488966,0.23360125748738664,4.918254475215189,Baseline (no TES/DSM)
2024-01-06 02:00:00,146.3438975778623,91.6,-5.7,154.1198438313705,7.775946253508209,41.06900490844336,38.06091169855256,55.0,728.6206667803916,,,18.65082775085687,50.60853284548689,32.54245866069281,7.124055086797915,63.844797238392886,0.23339649263733497,4.837465730114007,Baseline (no TES/DSM)
2024-01-06 03:00:00,161.72226822593012,87.8,-4.25,170.31534034259423,8.593072116664104,39.289831862843386,36.280888187825624,55.0,838.7291995513909,,,20.610727321615155,55.92666902290237,35.96214338527995,7.872677758841634,70.55385017557029,0.23606525220573493,5.942824270480255,Baseline (no TES/DSM)
2024-01-06 04:00:00,162.35201042522678,89.2,-4.2,170.97854373553366,8.626533310306883,39.216974967122376,36.20799646567262,55.0,817.1839969056409,,,20.690984944112042,56.144445980498666,36.10217901250247,7.903333756068189,70.82858498646435,0.23617453754931644,5.990508529969519,Baseline (no TES/DSM)
2024-01-06 05:00:00,175.05342899319993,91.0,-4.7,184.3548489900208,9.301419996820869,37.74750709733475,34.7378261733851,55.0,827.0188300740141,,,22.309719813304408,60.536840671500684,38.92659052211466,8.521641776124685,76.36977602028077,0.2383787393539979,6.992910572267065,Baseline (no TES/DSM)
2024-01-06 06:00:00,187.30569595465764,91.7,-6.15,197.25813708015414,9.952441125496506,36.33000301811947,33.31964451095796,55.0,851.0620074446074,,,23.871212464776814,64.7739101032527,41.65112429285745,9.118084991156174,81.71501769288781,0.24050499547282078,7.772869212390324,Baseline (no TES/DSM)
2024-01-06 07:00:00,178.64610091212938,94.4,-8.05,188.138416629308,9.492315717178627,37.33185935505288,34.321979746713986,55.0,787.5616093892534,,,22.767588615723337,61.77925568040438,39.72549214588062,8.696533883570629,77.93713491945238,0.2390022109674207,7.2904985379740515,Baseline (no TES/DSM)
2024-01-06 08:00:00,186.25105285747694,91.0,-7.05,196.14745578680646,9.896402929329525,36.45201806211685,33.44171787954616,55.0,859.0229510002031,,,23.736803261047072,64.40919424760494,41.416603551235625,9.06674471906024,81.25491326890565,0.24032197290682472,7.729103309712593,Baseline (no TES/DSM)
2024-01-06 09:00:00,180.2957990474033,94.0,-7.25,189.87577106079056,9.579972013387248,37.14100048431648,34.1310296432478,55.0,797.7578986412834,,,22.977834729645057,62.34975300653806,40.09233513870998,8.77684157379069,78.65684134175181,0.23928849927352527,7.429222288558959,Baseline (no TES/DSM)
2024-01-06 10:00:00,172.81367237151454,92.9,-7.6,181.9960834626044,9.182411091089847,38.00663172771341,34.99707466830983,55.0,792.0323822404708,,,22.024273575734654,59.76228977849778,38.428536360119764,8.412609901082424,75.39264742290443,0.23799005240842988,6.810523071348701,Baseline (no TES/DSM)
2024-01-06 11:00:00,176.97406249824763,90.0,-7.75,186.37753487412309,9.403472375875452,37.52530284430574,34.51551570417396,55.0,848.4854481222509,,,22.554495340456885,61.20103265649709,39.3536813504637,8.61513866337432,77.20768220378797,0.23871204573354138,7.151229459606211,Baseline (no TES/DSM)
2024-01-06 12:00:00,191.04229338769062,95.5,-8.2,201.19327767959973,10.150984291909111,35.89770407129017,32.88713892027262,55.0,806.4013616481323,,,24.347423883573516,66.06609732150962,42.4820305999102,9.299983426216999,83.34516633196293,0.24115344389306476,7.927931678581153,Baseline (no TES/DSM)
2024-01-06 13:00:00,223.24708011694548,96.3,-8.4,235.10925766567723,11.86217754873175,32.17182895751894,29.159482795452746,55.0,875.8337011733862,,,28.45176946942782,77.20313162184483,49.64340157717015,10.867719959923317,97.39500450673893,0.2467422565637216,9.26437579462138,Baseline (no TES/DSM)
2024-01-06 14:00:00,239.4048260611764,96.9,-8.4,252.1255413837387,12.720715322562285,30.302487483086495,27.289247754349915,55.0,904.3980382289242,,,30.510996683105255,82.790790758042,53.23639580612564,11.654282803269368,104.44407201630167,0.24954626877537026,9.934894890965039,Baseline (no TES/DSM)
2024-01-06 15:00:00,239.6751906162986,99.6,-9.55,252.41027169161364,12.735081075315037,30.27120814017252,27.257953459551185,55.0,869.74946074054,,,30.5454533487468,82.88428801822583,53.296516709723264,11.667444212908489,104.56202275075606,0.2495931877897412,9.9461145621871,Baseline (no TES/DSM)
2024-01-06 16:00:00,235.20978578964306,97.0,-9.4,247.7075987006757,12.49781291103264,30.787825152929702,27.774817421167242,55.0,893.7215951960404,,,29.976358923641122,81.34006519391602,52.30354567109569,11.450067263842184,102.61392057182181,0.24881826227060544,9.760807823269921,Baseline (no TES/DSM)
2024-01-06 17:00:00,229.0017018785519,96.8,-9.55,241.1696498097057,12.167947931153805,31.50605830078429,28.493393892706266,55.0,882.369609280778,,,29.185168408662367,79.19319044394679,50.92305548747661,11.147856290251392,99.90554758803091,0.24774091254882358,9.503182853273614,Baseline (no TES/DSM)
2024-01-06 18:00:00,216.2037268324256,99.0,-10.45,227.6916575728423,11.487930740416715,32.98669709935491,29.974740453608906,55.0,823.9795476098619,,,27.554127879500093,74.76740466676397,48.07717273614729,10.524847878304731,94.3222322916263,0.24551995435096763,8.972088560011674,Baseline (no TES/DSM)
2024-01-06 19:00:00,196.81124013519585,94.7,-9.85,207.268755964056,10.457515828860153,35.2302761109716,32.219391921732104,55.0,832.6043865606811,,,25.082648473545497,68.06110999909426,43.76486995401817,9.580817100201692,85.86195891074186,0.2421545858335426,8.167333199891312,Baseline (no TES/DSM)
2024-01-06 20:00:00,181.8724291073421,92.8,-9.4,191.53617496310108,9.663745855758975,36.95859509367269,33.94853706073468,55.0,819.3986612596217,,,23.17876866786477,62.89498198768598,40.44293000052487,8.853592293051324,79.3446706818389,0.23956210735949096,7.547397838522318,Baseline (no TES/DSM)
2024-01-06 21:00:00,203.52305724468115,95.7,-10.05,214.3372037904386,10.814146545757438,34.453764453041615,31.442509082321273,55.0,836.0243683524144,,,25.938037368307317,70.38218537196768,45.25737517247011,9.907549923448018,88.79009332255276,0.24331935332043758,8.445862244636121,Baseline (no TES/DSM)
2024-01-06 22:00:00,217.28381637793888,99.6,-10.7,228.82913740516557,11.545321027226692,32.86173807409868,29.84972169650504,55.0,819.1005308701023,,,27.691780111006032,75.14092039338381,48.317351998600046,10.577426889444004,94.79343812373773,0.245707392888852,9.016910447206056,Baseline (no TES/DSM)
2024-01-06 23:00:00,226.64190561324142,96.5,-10.85,238.6844663623399,12.04256074909847,31.77907070271097,28.766536797693146,55.0,881.0086804324224,,,28.884423694329442,78.37712753474294,50.39830813768934,11.032980857343453,98.87604983256415,0.24733139394593354,9.405255304169152,Baseline (no TES/DSM)
2024-01-07 00:00:00,217.94876149613387,97.8,-10.4,229.52941421526023,11.580652719126334,32.784808439733,29.77275528889157,55.0,843.3819029800729,,,27.77652417665202,69.00199678753114,44.36988194894364,9.713263724009765,106.44427175477568,0.2458227873404005,8.280239614503737,Baseline (no TES/DSM)
2024-01-07 01:00:00,222.97308071932315,97.4,-9.95,234.8206993788585,11.847618659535357,32.20352882702505,29.191197817860143,55.0,860.4250851297079,,,28.416849560545568,70.59268285758797,45.39272993062704,9.937181204950878,108.89810538569263,0.24669470675946242,8.471121942910557,Baseline (no TES/DSM)
2024-01-07 02:00:00,207.04683974686634,97.0,-10.05,218.04822159111967,11.00138184425333,34.046086748431705,31.03463650309157,55.0,827.4287246981409,,,26.387126545017075,65.5504774287748,42.15047506766066,9.227400715097774,101.11986837958644,0.24393086987735244,7.866057291452976,Baseline (no TES/DSM)
2024-01-07 03:00:00,208.0202249532683,94.5,-10.15,219.07332737606444,11.053102422796144,33.933472690554666,30.921968614402925,55.0,864.0872703839175,,,26.51117982035215,65.85864858985005,42.34863626115599,9.270781311298132,101.59526121376027,0.244099790964168,7.903037830782006,Baseline (no TES/DSM)
2024-01-07 04:00:00,207.0150276391097,98.2,-10.8,218.0147191550048,10.999691515895108,34.04976719325512,31.038318707209843,55.0,811.8734793174563,,,26.38307224448264,65.54040580027753,42.14399877728846,9.225982953463637,101.10433162397516,0.24392534921011733,7.864848696033303,Baseline (no TES/DSM)
2024-01-07 05:00:00,237.69165049649357,97.6,-11.4,250.32133666557363,12.62968616908006,30.50069026131431,27.48754527577957,55.0,891.2111116294165,,,30.29266067529955,75.25254280590605,48.38912779491096,10.59313973806891,116.0865263266877,0.24924896460802853,9.030305136708726,Baseline (no TES/DSM)
2024-01-07 06:00:00,246.1429579432541,101.5,-11.55,259.2217022115482,13.078744268294088,29.5229313846778,26.509319019182907,55.0,860.3555781552133,,,31.369739269404928,77.928204210397,50.109640043537084,10.969786879716139,120.21407107789798,0.2507156029229833,9.351384505247639,Baseline (no TES/DSM)
2024-01-07 07:00:00,245.5581585520035,100.1,-11.25,258.6058296514759,13.04767109947241,29.590588702725803,26.57700867820512,55.0,876.1773017175485,,,31.295209392207838,77.74305828233838,49.99058692400805,10.943724282829308,119.92846016230015,0.2506141169459113,9.329166993880607,Baseline (no TES/DSM)
2024-01-07 08:00:00,242.56113975491726,97.4,-11.15,255.44956501310347,12.888425258186203,29.937323424040528,26.923909142694463,55.0,904.5704069730349,,,30.91325372288589,76.79421012193083,49.380455582528334,10.810156953691589,118.46474235495273,0.25009401486393923,9.215305214631698,Baseline (no TES/DSM)
2024-01-07 09:00:00,232.19367036306457,100.3,-10.55,244.53122273819773,12.337552375133157,31.136769224586672,28.123928292093638,55.0,844.617009865079,,,29.591969480494797,73.5118969545576,47.26985220094431,10.348112738976237,113.40136084371957,0.24829484616312,8.821427634546911,Baseline (no TES/DSM)
2024-01-07 10:00:00,217.4095858484219,97.4,-10.25,228.96158960488432,11.552003756462426,32.84718740049588,29.835164067513332,55.0,847.3215229613422,,,27.707808826716903,68.83129521503336,44.26011688455649,9.689234428207218,106.18094307708728,0.24572921889925617,8.259755425804004,Baseline (no TES/DSM)
2024-01-07 11:00:00,199.39573422513135,93.7,-10.1,209.99057649854075,10.594842273409398,34.93126769671522,31.920240578023396,55.0,853.599710583809,,,25.412029847776346,63.128157820222285,40.59286746095575,8.886415957016654,97.38313526034608,0.24260309845492717,7.575378938426675,Baseline (no TES/DSM)
2024-01-07 12:00:00,208.6491847713244,96.3,-9.95,219.73570681613262,11.08652204480822,33.86070631102983,30.84916745171388,55.0,840.7046109070956,,,26.591337732112933,66.0577755912933,42.47667953465848,9.298811994026709,101.90243969615413,0.24420894053345527,7.926933070955195,Baseline (no TES/DSM)
2024-01-07 13:00:00,214.4536286249037,98.9,-9.7,225.84856833648155,11.394939711577848,33.18917157660826,30.177311715985223,55.0,821.071873887652,,,27.331086257978377,67.8954470393377,43.65834483431266,9.557497079154038,104.73727938367718,0.24521624263508762,8.147453644720525,Baseline (no TES/DSM)
2024-01-07 14:00:00,216.45273124014153,94.6,-9.65,227.9538927672417,11.50116152710018,32.957888980433715,29.94591856407637,55.0,883.4262216182493,,,27.58586229681697,68.52835759724896,44.0653209806006,9.646590546718922,105.71362364267324,0.24556316652934942,8.223402911669872,Baseline (no TES/DSM)
2024-01-07 15:00:00,194.93976319007842,97.0,-10.5,205.29783856135361,10.358075371275191,35.44679328385122,32.43601259230431,55.0,796.7727449813232,,,24.844137714157576,61.71740927118083,39.68572347245129,8.687827896626205,95.2068779210953,0.24182981007422316,7.406089112541699,Baseline (no TES/DSM)
2024-01-07 16:00:00,197.05924445025562,95.4,-10.95,207.5299379261271,10.470693475871485,35.20158369597884,32.19068579143581,55.0,823.562315811809,,,25.11425543385068,62.388431387122395,40.117206233176816,8.782286246822258,96.24201405900563,0.24219762445603174,7.486611766454687,Baseline (no TES/DSM)
2024-01-07 17:00:00,191.14452263381182,96.0,-11.2,201.30093885104563,10.156416217233811,35.88587684177846,32.875306037209526,55.0,799.9632933360566,,,24.360452510609303,60.51584623006182,38.91309061006001,8.51868643344001,93.3533155774838,0.24117118473733232,7.261901547607418,Baseline (no TES/DSM)
2024-01-07 18:00:00,187.93301107330967,96.0,-10.7,197.91878443012837,9.985773356818697,36.25742691914612,33.24703371977668,55.0,791.4142530249662,,,23.951160767487988,59.49909023264441,38.259292956708,8.375559863113446,91.78484137766249,0.24061385962128082,7.13989082791733,Baseline (no TES/DSM)
2024-01-07 19:00:00,185.5087461239847,94.0,-9.7,195.36570677140992,9.856960647425211,36.537897909990235,33.52763877897206,55.0,812.2086294992397,,,23.64219982862655,58.73157441334296,37.765762510028146,8.267518300371721,90.60085154766709,0.24019315313501466,7.047788929601156,Baseline (no TES/DSM)
2024-01-07 20:00:00,197.20559644694745,94.1,-9.05,207.68406629941686,10.478469852469402,35.184651763874804,32.17374576567397,55.0,842.1229542028461,,,25.132907293794762,62.43476603906653,40.1470004874393,8.788808676822065,96.31349109608894,0.2422230223541878,7.492171924687984,Baseline (no TES/DSM)
2024-01-07 21:00:00,197.6920450613812,96.3,-7.6,208.1963622388401,10.504317177458887,35.12837296277966,32.11744006266627,55.0,813.0624062328245,,,25.1949028362643,62.58877437341097,40.24603141309581,8.8104881011406,96.55106835119273,0.2423074405558305,7.510652924809316,Baseline (no TES/DSM)
2024-01-07 22:00:00,197.5028968307241,92.0,-6.75,207.99716366443874,10.494266833714647,35.1502561285135,32.13933368880437,55.0,874.0367156188945,,,25.170796801590136,62.52889054789818,40.207524726443886,8.802058382913756,96.45869000718291,0.24227461580722975,7.5034668657477805,Baseline (no TES/DSM)
2024-01-07 23:00:00,178.69262547766104,91.4,-5.25,188.1874132659477,9.494787788286658,37.326476778780886,34.3165945975088,55.0,831.3936080955377,,,22.773517948427163,56.57360879008156,36.37814063802909,7.963746088233755,87.27191774960329,0.23901028483182868,6.6780132374390115,Baseline (no TES/DSM)
2024-01-08 00:00:00,151.69341381288515,89.4,-3.35,159.7536052683751,8.060191455489957,40.45010220996093,37.44171315748003,55.0,779.649948694708,,,19.33259793397462,96.54330504106518,56.8019368308935,0.0,6.408363396416426,0.2343248466850586,9.586690984453153,Baseline (no TES/DSM)
2024-01-08 01:00:00,118.07693882248131,82.1,-0.8,124.35092731984172,6.273988497360406,44.33930006841719,41.33277009713058,55.0,786.7011200668294,,,15.048339450948857,75.14853569790057,44.2141728608797,0.0,4.988218761061447,0.22849104989737423,5.70859836461375,Baseline (no TES/DSM)
2024-01-08 02:00:00,100.71606243433938,79.2,1.7,106.06758512381619,5.351522689476809,46.347835564448815,43.34226569617178,55.0,771.2931410534776,,,12.835779033478227,64.09943117324357,37.713354010928896,0.0,4.254799939643718,0.22547824665332677,4.096786086496118,Baseline (no TES/DSM)
2024-01-08 03:00:00,96.52214600728725,81.7,1.95,101.65082600042881,5.12867999314156,46.83304321311786,43.82770527966333,55.0,696.4623509653454,,,12.301284502602273,61.43026747815352,36.14293265923258,0.0,4.077625863042712,0.2247504351803232,3.7473532491419883,Baseline (no TES/DSM)
2024-01-08 04:00:00,107.72228813490304,78.7,2.35,113.44608486784341,5.723796732940372,45.53726283193383,42.53130550059154,55.0,817.2217555865864,,,13.72868889092763,68.55845261652401,40.33685083694993,0.0,4.5507814143694745,0.22669410575209925,4.7152051379551985,Baseline (no TES/DSM)
2024-01-08 05:00:00,114.20877458212588,80.8,2.5,120.27722914380071,6.068454561674827,44.786820401350425,41.78050434991704,55.0,797.8527085621521,,,14.555360473670294,72.68669275548899,42.76573014138751,0.0,4.8248062469242115,0.22781976939797435,5.326413798327887,Baseline (no TES/DSM)
2024-01-08 06:00:00,107.3684937554181,82.5,2.5,113.07349171283589,5.704997957417788,45.57819443893365,42.57225667336909,55.0,731.6083415819619,,,13.683599494374667,68.33328477408519,40.20437174316793,0.0,4.53583519558277,0.22663270834159951,4.68293695223146,Baseline (no TES/DSM)
2024-01-08 07:00:00,98.99661964254506,77.4,2.25,104.25678017100073,5.260160528455671,46.546763418291114,43.541288639810375,55.0,807.2431247937021,,,12.616644297640367,63.00511411770141,37.06950482599126,0.0,4.1821612273080575,0.22517985487256334,3.951644182379396,Baseline (no TES/DSM)
2024-01-08 08:00:00,83.55054673911333,79.4,2.2,87.98998406207315,4.439437322959819,48.33376915505365,45.32914858581611,55.0,676.6209646451388,,,10.64811639919616,53.174661426841894,31.285688407775872,0.0,3.5296342274553822,0.22249934626741952,2.764943346161256,Baseline (no TES/DSM)
2024-01-08 09:00:00,91.7003165896257,79.7,2.2,96.57278988733347,4.872473297707771,47.39089613048543,44.38582485712524,55.0,714.0533177363881,,,11.686765473102103,58.361476707187684,34.3373878889817,0.0,3.8739252911640847,0.22391365580427186,3.3648089499457297,Baseline (no TES/DSM)
2024-01-08 10:00:00,89.15469443846045,79.1,2.2,93.89190674232556,4.737212303865107,47.6854073254152,44.6804768317849,55.0,713.998832698777,,,11.362338141003153,56.74134851782291,33.38417400189648,0.0,3.7663842226061703,0.2234718890118772,3.1711352955010588,Baseline (no TES/DSM)
2024-01-08 11:00:00,86.49076107529316,78.7,2.35,91.08642594877156,4.595664873478398,47.993606324092426,44.98882315311924,55.0,708.6399364485914,,,11.022832612460292,55.045922692634655,32.38665821783621,0.0,3.6538450383007017,0.22300959051386135,2.9745915001406518,Baseline (no TES/DSM)
2024-01-08 12:00:00,90.40232946342421,79.1,2.25,95.2058345410822,4.803505077657988,47.54106442603004,44.53606493483789,55.0,720.6792093986369,,,11.521343240167967,57.53538964174118,33.85135371718334,0.0,3.8190911821576705,0.22368840336095494,3.2653412630669303,Baseline (no TES/DSM)
2024-01-08 13:00:00,96.95196218184435,79.7,2.4,102.10348034950198,5.151518167657628,46.78331640071131,43.77795469726997,55.0,741.012013474232,,,12.35606251226907,61.70381840570425,36.30387828358384,0.0,4.09578366021389,0.22482502539893304,3.782450337114278,Baseline (no TES/DSM)
2024-01-08 14:00:00,109.31097931437354,80.0,2.4,115.11919075424365,5.808211439870107,45.35346205167031,42.34741686144645,55.0,793.758994816809,,,13.931159960975807,69.56955450486878,40.93173978929031,0.0,4.617896460084559,0.22696980692249452,4.861466739536068,Baseline (no TES/DSM)
2024-01-08 15:00:00,110.74354287949157,81.5,2.3,116.62787322470355,5.884330345211978,45.1877241760855,42.18159976125572,55.0,767.2725541764589,,,14.113733315501602,70.48129099877157,41.4681664085267,0.0,4.678415817405281,0.22721841373587176,4.995266698218431,Baseline (no TES/DSM)
2024-01-08 16:00:00,120.49474993907921,80.5,1.8,126.89720822305159,6.402458283972379,44.05957574218999,41.05291205946637,55.0,831.8967334381477,,,15.356477879787553,76.68732021262785,45.11952762126124,0.0,5.090360389162498,0.22891063638671502,5.954198752475599,Baseline (no TES/DSM)
2024-01-08 17:00:00,108.67141021199623,82.5,1.8,114.4456383081957,5.774228096199465,45.427455853340795,42.42144603300301,55.0,737.4755572291444,,,13.849649946819852,69.16250904789321,40.69225171371019,0.0,4.590877546592296,0.2268588162199888,4.802317135502765,Baseline (no TES/DSM)
2024-01-08 18:00:00,98.38483694169443,79.7,1.7,103.61249054994788,5.227653608253448,46.6175425220094,43.61210157675224,55.0,748.195559015498,,,12.538675527070696,62.61575295545658,36.840421430381106,0.0,4.156316164110194,0.2250736862169859,3.9006323550743525,Baseline (no TES/DSM)
2024-01-08 19:00:00,85.84033906940061,78.4,1.85,90.40144393290502,4.561104863504411,48.06885573299483,45.06410853210238,55.0,712.0120580380382,,,10.939939447811488,54.631970046030204,32.143106248350534,0.0,3.626367638524286,0.22289671640050776,2.9275560364308064,Baseline (no TES/DSM)
2024-01-08 20:00:00,93.80170350297911,79.9,1.9,98.78583346670789,4.984129963728776,47.1477799356573,44.142592449966884,55.0,720.5343686836511,,,11.954577155089094,59.69887714327668,35.124256901348986,0.0,3.962699422082217,0.22427833009651404,3.5289988512583226,Baseline (no TES/DSM)
2024-01-08 21:00:00,110.47018991454003,80.9,2.15,116.33999571859323,5.8698058040532,45.21934925772169,42.21323996004374,55.0,778.9275290527315,,,14.07889579136237,70.30731905090735,41.36580878166975,0.0,4.666867886016128,0.22717097611341747,4.969595822188018,Baseline (no TES/DSM)
2024-01-08 22:00:00,122.59286211756384,81.4,2.3,129.10680306534218,6.513940947778337,43.81683841194663,40.81005869799441,55.0,820.6473889834989,,,15.623872212524057,78.0226364861984,45.9051704018596,0.0,5.1789961772841835,0.22927474238208007,6.1715101459410135,Baseline (no TES/DSM)
2024-01-08 23:00:00,118.86269008648654,81.2,3.15,125.17842927997195,6.315739193485413,44.248393983406174,41.24182055796803,55.0,809.2765477512334,,,15.148479680384671,75.64861689497106,44.50839917262894,0.0,5.021413212371954,0.22862740902489073,5.787848150069485,Baseline (no TES/DSM)
2024-01-09 00:00:00,115.82535713636265,79.4,3.05,121.97970840616233,6.154351269799676,44.599792778443806,41.59338732566103,55.0,837.3490594327935,,,14.761386165640593,85.01160587167095,35.48493399228132,0.0,1.4831685422100591,0.22810031083233429,6.324969174275898,Baseline (no TES/DSM)
2024-01-09 01:00:00,114.54722367505259,80.0,3.15,120.63366164430165,6.0864379692490616,44.74766413979169,41.74132937121607,55.0,817.4880016774255,,,14.59849418706105,84.07350232724275,35.09335754797546,0.0,1.466801769083446,0.22787850379031246,6.1805807247443,Baseline (no TES/DSM)
2024-01-09 02:00:00,104.2128621300756,80.8,3.35,109.7501863934026,5.537324263326994,45.94327958729802,42.937516336622735,55.0,752.1760821988938,,,13.281429380939601,76.48845625168767,31.927262088894416,0.0,1.3344680528205188,0.22608508061905297,5.074268853444583,Baseline (no TES/DSM)
2024-01-09 03:00:00,96.26235202571328,76.9,3.5,101.37722793087347,5.11487590516019,46.86309961245972,43.857776046308885,55.0,806.2803457503785,,,12.268175005853582,70.65307056256727,29.491497302724873,0.0,1.2326600655813351,0.22470535058131041,4.297218830199593,Baseline (no TES/DSM)
2024-01-09 04:00:00,109.10589882531951,78.6,3.0,114.9032133648957,5.797314539576192,45.3771884715007,42.37115462277771,55.0,826.2216441361603,,,13.905023436394226,80.07976749247213,33.426321435183524,0.0,1.397124437240052,0.22693421729274896,5.58451226886629,Baseline (no TES/DSM)
2024-01-09 05:00:00,124.45327064235573,83.7,3.05,131.06606392998418,6.612793287628449,43.60160178013024,40.59471918059875,55.0,780.8435166626826,,,15.860972354835482,91.34418105728273,38.12823204739398,0.0,1.5936508253074777,0.22959759732980464,7.343194277240149,Baseline (no TES/DSM)
2024-01-09 06:00:00,130.80218356294617,80.4,3.0,137.7523247445136,6.950141181567432,42.86707567228181,39.85984196084408,55.0,876.7732872528944,,,16.670110851533785,96.00405257646449,40.07332215097688,0.0,1.6749500170722342,0.23069938649157729,8.140908061304707,Baseline (no TES/DSM)
2024-01-09 07:00:00,114.71184091768136,79.9,2.95,120.80702578278506,6.095184865103704,44.72861904277663,41.722275170426144,55.0,820.5471618674296,,,14.61947386498343,84.1943254051596,35.143790649440405,0.0,1.4689097281850536,0.22790707143583505,6.19908384889886,Baseline (no TES/DSM)
2024-01-09 08:00:00,94.07579010658809,80.5,3.0,99.07448359318147,4.998693486593382,47.116069977010774,44.110867333596346,55.0,708.9655491405634,,,11.989508177956028,69.04821352022002,28.82160940176337,0.0,1.2046606711980807,0.22432589503448383,4.094806263877639,Baseline (no TES/DSM)
2024-01-09 09:00:00,81.89162794367036,75.7,3.7,86.24291903295868,4.351291089288324,48.52569479355178,45.52116596697126,55.0,758.1685663986226,,,10.436695156366383,60.10548096770104,25.088798204010097,0.0,1.048639861247544,0.22221145780967233,3.0561131418039804,Baseline (no TES/DSM)
2024-01-09 10:00:00,64.33046125075062,76.6,3.85,67.74864415710022,3.4181829063495996,50.55740251762438,47.553844870644284,55.0,621.4655879090981,,,8.198608700322193,47.21622235926352,19.708656442892472,0.0,0.823765354944225,0.21916389622356341,1.825170691794471,Baseline (no TES/DSM)
2024-01-09 11:00:00,79.60237797761667,76.6,3.45,83.83203034474779,4.2296523671311235,48.79054546775211,45.786143242832296,55.0,720.1422479798506,,,10.144941229470966,58.425254628085526,24.38745019226506,0.0,1.0193255243972068,0.22181418179837184,2.877836828425642,Baseline (no TES/DSM)
2024-01-09 12:00:00,82.12206922666758,78.8,3.65,86.48560475566836,4.363535529000785,48.49903430209369,45.4944927314924,55.0,681.8488821133293,,,10.46606379248311,60.27461650080939,25.15939754355391,0.0,1.0515907113050638,0.22225144854685946,3.0743546839670293,Baseline (no TES/DSM)
2024-01-09 13:00:00,90.4856241740126,77.2,3.8,95.29355509520393,4.807930921191328,47.531427793690284,44.526423696077316,55.0,767.3043474811254,,,11.531958751476973,66.41316210471099,27.72170516413781,0.0,1.158687826355127,0.22370285830946457,3.7730269250268487,Baseline (no TES/DSM)
2024-01-09 14:00:00,83.82325386074612,77.8,3.95,88.27718140814211,4.453927547395992,48.302218793103364,45.29758314243085,55.0,714.9240124705469,,,10.682871613702453,61.52322424269583,25.680582420004487,0.0,1.073374745441793,0.22254667181034496,3.2106932616348436,Baseline (no TES/DSM)
2024-01-09 15:00:00,73.20323249026167,77.3,3.8,77.0928678686312,3.889635378369533,49.53088314243322,46.52683480741526,55.0,663.2128156019378,,,9.329400833098566,53.72851422912394,22.42697054566693,0.0,0.9373830938403351,0.22070367528635018,2.407827308164598,Baseline (no TES/DSM)
2024-01-09 16:00:00,80.98392657749105,75.2,3.7,85.28698718259471,4.303060605103667,48.63070967719054,45.62623104892916,55.0,766.8379448131213,,,10.321012971389582,59.43926112863792,24.8107095034015,0.0,1.0370165505552897,0.2220539354842142,2.9847865977531236,Baseline (no TES/DSM)
2024-01-09 17:00:00,69.17348004784407,79.7,3.55,72.84899554198337,3.6755154941393045,49.99709813295894,46.993272654055,55.0,585.9026517463961,,,8.815828214587865,50.77082227923524,21.19239201329884,0.0,0.8857812494492912,0.2200043528005616,2.133258516782798,Baseline (no TES/DSM)
2024-01-09 18:00:00,76.21736432880243,75.2,3.5,80.26715484561913,4.049790516816699,49.18216855844118,46.17795353385152,55.0,737.0001045465503,,,9.713537477464536,55.940777538630606,23.350397608436364,0.0,0.9759796985521625,0.22122674716233823,2.624013417040523,Baseline (no TES/DSM)
2024-01-09 19:00:00,57.4546461305832,76.3,4.0,60.5074843269149,3.052838196331699,51.35288763163856,48.34971023566898,55.0,579.4148074115585,,,7.322319045779208,42.16962376035761,17.602141499061833,0.0,0.7357190674954559,0.21797066855254216,1.4288196234375836,Baseline (no TES/DSM)
2024-01-09 20:00:00,65.80635389646118,76.0,3.45,69.30295798797084,3.496604091509667,50.38665176167369,47.383012493873345,55.0,646.3774447116707,,,8.386704138324719,48.29947396329986,20.160819547825323,0.0,0.842664476845659,0.21942002235748947,1.9165274462836595,Baseline (no TES/DSM)
2024-01-09 21:00:00,76.25642378686211,77.1,3.2,80.30828971817569,4.051865931313571,49.17764964440627,46.17343245972387,55.0,687.0829647707653,,,9.718515418030353,55.96944576237907,23.362364092505914,0.0,0.9764798632907059,0.2212335255333906,2.626875683770378,Baseline (no TES/DSM)
2024-01-09 22:00:00,99.38409094003194,79.3,3.0,104.66483965859257,5.2807487185606306,46.501935620586885,43.49643941390457,55.0,762.3481916401353,,,12.66602565584824,72.94431355788025,30.447891498732545,0.0,1.2726346019797745,0.22524709656911968,4.594644599056341,Baseline (no TES/DSM)
2024-01-09 23:00:00,94.11389387097371,81.1,3.0,99.11461199152052,5.000718120546807,47.1116616302436,44.10645687958885,55.0,696.6401934286541,,,11.99436431994744,69.07618029951827,28.833283093928102,0.0,1.205148598074146,0.2243325075546346,4.098291864551625,Baseline (no TES/DSM)
2024-01-10 00:00:00,87.80439039083197,76.3,2.95,92.46985462816306,4.6654642373310935,47.84162833347154,44.8367725152753,55.0,776.2308586764175,,,11.190248367391614,70.18461203094097,22.285242597222094,0.0,0.0,0.22323755749979268,3.8566605735027735,Baseline (no TES/DSM)
2024-01-10 01:00:00,60.9320305979446,78.1,2.9,64.16963874484149,3.237608146896889,50.95057786455705,47.9472081599034,55.0,564.6375805861294,,,7.765495015516895,48.70475051120782,15.464888233633673,0.0,0.0,0.21857413320316443,1.767813575062362,Baseline (no TES/DSM)
2024-01-10 02:00:00,67.23836432839639,75.3,3.45,70.81105793465518,3.5726936062587953,50.22097787984166,47.217259418025144,55.0,674.5144538480658,,,8.569206998679686,53.7455871281387,17.06547080651648,0.0,0.0,0.21966853318023752,2.1860551440152967,Baseline (no TES/DSM)
2024-01-10 03:00:00,70.72184379894281,76.9,3.75,74.47963121223071,3.7577874132879003,49.81796296228434,46.81405185471373,55.0,656.9872870127966,,,9.013159747336251,56.53003394303938,17.949597269191337,0.0,0.0,0.22027305555657348,2.4360047851333935,Baseline (no TES/DSM)
2024-01-10 04:00:00,92.45318883185959,78.1,3.7,97.36566580712594,4.912476975266344,47.30379392500365,44.29868101578998,55.0,755.2824561100022,,,11.782715428930187,73.90053231170673,23.46513349541921,0.0,0.0,0.2240443091124945,4.299328742077408,Baseline (no TES/DSM)
2024-01-10 05:00:00,79.86646377159236,79.6,3.45,84.11014827107921,4.243684499486847,48.75999253486215,45.7555757052899,55.0,651.5304234372846,,,10.178597697122907,63.839595595867806,20.270552675211405,0.0,0.0,0.22186001119770676,3.1562324656879928,Baseline (no TES/DSM)
2024-01-10 06:00:00,84.36244337527984,74.5,3.55,88.84502062214989,4.482577246870051,48.23983822804337,45.23517275874511,55.0,808.2328003106421,,,10.75158873089749,67.4333633195462,21.411657302603686,0.0,0.0,0.22264024265793494,3.544363029038107,Baseline (no TES/DSM)
2024-01-10 07:00:00,69.09457085919193,79.1,3.55,72.7658935334048,3.671322674212874,50.00622739019386,47.00240627517961,55.0,597.4871954394692,,,8.805771617012768,55.2293071862508,17.536586347154007,0.0,0.0,0.2199906589147092,2.3175672951466226,Baseline (no TES/DSM)
2024-01-10 08:00:00,76.7673918598852,76.5,3.55,80.84640795146407,4.079016091578879,49.11853410847015,46.11428866588338,55.0,705.3502262221577,,,9.783635847879987,61.36241696264691,19.483990988817162,0.0,0.0,0.2213221988372948,2.901754777877606,Baseline (no TES/DSM)
2024-01-10 09:00:00,72.23337238118383,76.0,3.6,76.07147448617177,3.8381021049879394,49.64308937048968,46.639094671336,55.0,689.4902134755051,,,9.205796814507945,57.73824285658068,18.333231629591083,0.0,0.0,0.22053536594426548,2.5486505556049592,Baseline (no TES/DSM)
2024-01-10 10:00:00,85.20879565789255,78.1,3.7,89.73634362079555,4.527547962903,48.14192101673622,45.137208741887626,55.0,715.5750415173887,,,10.85945226945847,68.10987740195449,21.62646621884106,0.0,0.0,0.22278711847489568,3.6199360414015547,Baseline (no TES/DSM)
2024-01-10 11:00:00,93.64763715319062,78.8,3.9,98.62358084010663,4.975943686916011,47.16560436602451,44.1604254006163,55.0,744.7697025506584,,,11.934942137847738,74.8552897179193,23.76829112218732,0.0,0.0,0.22425159345096324,4.416939206291255,Baseline (no TES/DSM)
2024-01-10 12:00:00,82.78591765371603,77.3,4.1,87.18472660220769,4.398808948491663,48.42223154744576,45.417653264246646,55.0,721.2362658535578,,,10.550668090103168,66.17320029543947,21.011526306768218,0.0,0.0,0.22236665267883135,3.4057103393926407,Baseline (no TES/DSM)
2024-01-10 13:00:00,75.31112974906314,75.6,4.05,79.31276771902445,4.001637969961308,49.287013744850135,46.282848837462396,55.0,720.0683835448413,,,9.598042227383509,60.19838415280151,19.11438356622294,0.0,0.0,0.2210694793827248,2.785855857316737,Baseline (no TES/DSM)
2024-01-10 14:00:00,69.44183067298789,76.9,4.4,73.13160491021621,3.6897742372283204,49.966051788066366,46.96221146865339,55.0,648.6431851395895,,,8.850028214514262,55.50688209106732,17.624722819148893,0.0,0.0,0.22005092231790044,2.3425952042068436,Baseline (no TES/DSM)
2024-01-10 15:00:00,83.03682001263826,75.9,4.3,87.44896059497427,4.412140582336008,48.39320384845946,45.38861168968721,55.0,759.4783862184614,,,10.582644392197029,66.37375387414123,21.075206720833037,0.0,0.0,0.22241019422731081,3.4275922164435473,Baseline (no TES/DSM)
2024-01-10 16:00:00,93.43234859447233,77.9,4.5,98.39685297787591,4.964504383403565,47.19051179018948,44.18534473081577,55.0,765.4369195990955,,,11.907504643754427,74.68320328919877,23.713649688677137,0.0,0.0,0.22421423231471577,4.395624012817664,Baseline (no TES/DSM)
2024-01-10 17:00:00,107.96085176278362,79.0,4.3,113.69732451419249,5.7364727514088685,45.509662640333616,42.50369211578311,55.0,811.0198778736158,,,13.759092680937759,86.29625992246588,27.40106459172661,0.0,0.0,0.22673550603949957,5.949438836319544,Baseline (no TES/DSM)
2024-01-10 18:00:00,102.45618843666276,78.6,4.5,107.90017228435904,5.443983847696288,46.14651480361318,43.140848701702865,55.0,794.2579515519694,,,13.057549745282955,81.89622185847992,26.003950425879125,0.0,0.0,0.22578022779458023,5.333156589486134,Baseline (no TES/DSM)
2024-01-10 19:00:00,102.62905882248093,76.8,4.55,108.08222809472306,5.453169272242135,46.12651487398027,43.12083921187414,55.0,841.7670884224161,,,13.079581246715419,82.03440220352057,26.047825891202493,0.0,0.0,0.22581022768902959,5.351999113091406,Baseline (no TES/DSM)
2024-01-10 20:00:00,85.54576287549645,79.0,4.4,90.0912155069005,4.545452631404046,48.10293619808854,45.098205288049385,55.0,696.5719992921331,,,10.902397124947727,68.37922513421942,21.711990372681072,0.0,0.0,0.2228455957028672,3.6502459724665064,Baseline (no TES/DSM)
2024-01-10 21:00:00,101.58447792287875,75.4,4.3,106.98214365129579,5.397665728417039,46.247365790052726,43.24174789607092,55.0,876.6662117687295,,,12.946454421799814,81.19943820175277,25.782705449543016,0.0,0.0,0.22562895131492092,5.238647142219999,Baseline (no TES/DSM)
2024-01-10 22:00:00,82.90425912884936,80.2,4.35,87.30935612190886,4.405096993059502,48.408540242459544,45.40395541465958,55.0,656.0713783597624,,,10.565750143437985,66.26779409060659,21.041562031302277,0.0,0.0,0.22238718963631068,3.4160225169025424,Baseline (no TES/DSM)
2024-01-10 23:00:00,73.25038947967734,75.2,4.45,77.14253053283919,3.8921410531618506,49.5254273990128,46.5213764560869,55.0,717.7801342512524,,,9.335410765192742,58.55117430760355,18.591356225235636,0.0,0.0,0.2207118589014808,2.625870019411436,Baseline (no TES/DSM)
2024-01-11 00:00:00,68.59234746896631,73.1,4.7,72.23698462943868,3.644637160472371,50.06433122571765,47.06053788500337,55.0,749.134088798463,,,8.741765655038398,47.03549757438772,19.633219601106802,0.0,5.568267453944159,0.2199035031614235,1.9573357908570843,Baseline (no TES/DSM)
2024-01-11 01:00:00,70.74058561256136,78.9,4.8,74.49936886741014,3.7587832548487796,49.81579466172904,46.811882517685895,55.0,611.9221409730519,,,9.015548301579534,48.508598491920665,20.24811080668565,0.0,5.742659568803827,0.22027630800740644,2.0909743934261935,Baseline (no TES/DSM)
2024-01-11 02:00:00,87.55686185690789,75.4,4.7,92.20917372773886,4.652311870830971,47.87026570381805,44.865423574613374,55.0,800.1527212597059,,,11.158702043109908,60.03994199724471,25.061441397645616,0.0,7.107790332848531,0.22319460144427292,3.2888923055581203,Baseline (no TES/DSM)
2024-01-11 03:00:00,65.70938773815544,75.8,5.45,69.20083955718998,3.4914518190345376,50.39787008766811,47.39423618235628,55.0,650.7917018112571,,,8.374346266584556,45.058579588209135,18.808028693013657,0.0,5.334231275967188,0.21940319486849783,1.7848955766390158,Baseline (no TES/DSM)
2024-01-11 04:00:00,91.56126841001915,74.0,5.3,96.426353417616,4.865085007596846,47.406983060554765,44.401919476931695,55.0,866.2214005027319,,,11.66904444960994,62.785864270876516,26.20762455262387,0.0,7.432864594115614,0.22388952540916784,3.6138351570493663,Baseline (no TES/DSM)
2024-01-11 05:00:00,107.89716155050573,80.3,5.0,113.63025013847664,5.7330885879709115,45.51703116535793,42.51106416304691,55.0,780.4194616999139,,,13.750975668897821,73.98779700152772,30.883454863760193,0.0,8.758998273188723,0.2267244532519631,5.097597402674203,Baseline (no TES/DSM)
2024-01-11 06:00:00,132.5977460231589,79.7,4.75,139.64329396521663,7.045547942057738,42.659341289751296,39.652008278895536,55.0,900.6211865543663,,,16.898946673973967,90.92560892836227,37.95351467541335,0.0,10.76417036144101,0.23101098806537307,7.823598753979114,Baseline (no TES/DSM)
2024-01-11 07:00:00,115.77032233649952,79.9,4.25,121.92174934602673,6.151427009527211,44.6061599310328,41.59975752182201,55.0,825.2452778955486,,,14.754372244393869,79.38662134151583,33.13699334684207,0.0,9.398134657668827,0.2280907601034508,5.9034305311344335,Baseline (no TES/DSM)
2024-01-11 08:00:00,111.35227902911572,78.0,3.8,117.26895441679545,5.916675387679732,45.117297537654224,42.111139458083315,55.0,851.9543528022127,,,14.191313817731427,76.35705794361625,31.872414750806843,0.0,9.039481722372354,0.22732405369351866,5.443969202664527,Baseline (no TES/DSM)
2024-01-11 09:00:00,99.33168565386899,79.9,3.55,104.60964983070737,5.277964176838381,46.50799855629847,43.502505247768966,55.0,748.3936153968226,,,12.659346853509115,68.11423478028998,28.431754703727893,0.0,8.063660346689499,0.2252380021655523,4.287927897908566,Baseline (no TES/DSM)
2024-01-11 10:00:00,108.26082876738785,78.2,3.5,114.01324072161762,5.752411954229771,45.47495733812016,42.46897022403705,55.0,832.292238916958,,,13.79732331121816,74.2371727574061,30.987547500828803,0.0,8.788520463382717,0.22678756399281977,5.133519498758692,Baseline (no TES/DSM)
2024-01-11 11:00:00,95.88244601105788,79.8,3.8,100.97713570551679,5.094689694458907,46.907052158318095,43.90174960198842,55.0,733.3664315125329,,,12.219757806652751,65.74900441802066,27.444477232362832,0.0,7.783654055133294,0.22463942176252286,3.9816076334015738,Baseline (no TES/DSM)
2024-01-11 12:00:00,109.66504109882025,77.3,3.7,115.49206552270847,5.8270244238882185,45.312499507732426,42.30643473694262,55.0,862.5268414233119,,,13.97628343700844,75.20007646527083,31.389475851248175,0.0,8.902513206189472,0.22703125073840136,5.273405584238472,Baseline (no TES/DSM)
2024-01-11 13:00:00,96.47362778006666,80.8,3.65,101.59972976938688,5.126101989320219,46.838656442507805,43.833321192241314,55.0,714.6747947772886,,,12.295101087279562,66.15439262367751,27.61369146577818,0.0,7.831645679931192,0.2247420153362383,4.033305067718488,Baseline (no TES/DSM)
2024-01-11 14:00:00,97.38237058707558,77.3,3.6,102.55675839727746,5.174387810201878,46.733521071237746,43.72813556505765,55.0,801.52975225743,,,12.41091599889442,66.77754041890569,27.873801343181125,0.0,7.905416635190651,0.22489971839314338,4.113421269751591,Baseline (no TES/DSM)
2024-01-11 15:00:00,79.90763310262311,77.6,3.55,84.15350512417737,4.245872021554263,48.75522952285317,45.75081041650654,55.0,696.9568616968052,,,10.18384453087806,54.79467348269388,22.871999084420796,0.0,6.486832557062694,0.22186715571572024,2.7106170374100884,Baseline (no TES/DSM)
2024-01-11 16:00:00,85.42967084551529,77.4,3.55,89.9689549560549,4.539284110539612,48.116367257547196,45.111642767708545,55.0,733.9534231327412,,,10.88760175260722,58.581273627542345,24.4525745225315,0.0,6.935106805981057,0.2228254491136792,3.1224871229533324,Baseline (no TES/DSM)
2024-01-11 17:00:00,84.23470426199351,78.4,3.65,88.71049412315206,4.475789861158546,48.25461677594216,45.24995837095935,55.0,702.9994173600072,,,10.735308993659503,57.76185499099338,24.110538680109247,0.0,6.838100452049435,0.22261807483608675,3.03089734577217,Baseline (no TES/DSM)
2024-01-11 18:00:00,93.20131910916031,77.0,3.9,98.15354779886913,4.952228689708818,47.217240332660765,44.21208604983699,55.0,787.3028815998191,,,11.87806104407422,63.91048827818621,26.677057029005518,0.0,7.566002491677402,0.22417413950100884,3.751325682286782,Baseline (no TES/DSM)
2024-01-11 19:00:00,87.98997018755057,79.4,3.25,92.6652951607846,4.6753249732340265,47.82015801131026,44.81529193005372,55.0,700.9837279622806,,,11.213899622277701,60.336935271087796,25.185410197086743,0.0,7.142949692610056,0.2232697629830346,3.323301191222319,Baseline (no TES/DSM)
2024-01-11 20:00:00,98.65247675540884,77.5,3.4,103.89435133796454,5.241874582555695,46.58657841317191,43.58112266671549,55.0,802.8707483986477,,,12.572784937490106,67.64848415832039,28.237344424002046,0.0,8.008522755642105,0.22512013238024214,4.22671311150271,Baseline (no TES/DSM)
2024-01-11 21:00:00,107.68018315603565,79.3,3.7,113.40174265149574,5.721559495460085,45.542134092043284,42.53617908921922,55.0,802.5008862205461,,,13.723322813343898,73.83900946001067,30.821349036732567,0.0,8.741384154752499,0.22668679886193507,5.076224815014898,Baseline (no TES/DSM)
2024-01-11 22:00:00,111.65844265625793,81.3,3.2,117.59138597139376,5.93294331513583,45.08187648522804,42.075701473987706,55.0,775.6223939902661,,,14.230332903377748,76.56700204194776,31.96004810856988,0.0,9.064335820876124,0.22737718527215794,5.475209924950383,Baseline (no TES/DSM)
2024-01-11 23:00:00,124.59195758941964,78.0,3.75,131.2121199731585,6.620162383738872,43.58555664221287,40.57866637292139,55.0,910.8229793582994,,,15.878647340972872,85.43583847508287,35.66201411887215,0.0,10.114267379203483,0.2296216650366807,6.876445295694297,Baseline (no TES/DSM)
2024-01-12 00:00:00,120.72886511457487,82.2,3.45,127.14376304961513,6.414897935040258,44.03249020632016,41.02581357639967,55.0,795.7964753889399,,,15.386314735879946,89.87203482536506,37.27172822425007,0.0,0.0,0.22895126469051977,6.992498950655142,Baseline (no TES/DSM)
2024-01-12 01:00:00,138.76738329119038,80.3,3.4,146.14075336040122,7.373370069210836,41.9455561573979,38.93788194906014,55.0,910.241072552123,,,17.685237348719046,103.30012704033163,42.84062632006959,0.0,0.0,0.23208166576390316,9.330755768774008,Baseline (no TES/DSM)
2024-01-12 02:00:00,116.92725664693509,81.7,3.65,123.1401570705621,6.212900423627005,44.47231048834718,41.465844097567235,55.0,790.1952160667106,,,14.901817972573339,87.0420712680014,36.0980858025607,0.0,0.0,0.22829153426747922,6.542616259780068,Baseline (no TES/DSM)
2024-01-12 03:00:00,91.15719580043852,77.0,4.35,96.00081051138059,4.843614710942077,47.453731517324556,44.44869028000014,55.0,776.1989230126059,,,11.61754733381037,67.85852470148504,28.142285809895554,0.0,0.0,0.22381940272401316,3.8867741738318378,Baseline (no TES/DSM)
2024-01-12 04:00:00,66.47035974778883,74.6,4.1,70.00224562348899,3.531885875700155,50.309830794105764,47.306154805001604,55.0,688.4655411605241,,,8.471328498914021,49.48134383967335,20.52090178381564,0.0,0.0,0.21953525380884137,1.9862313769346824,Baseline (no TES/DSM)
2024-01-12 05:00:00,63.449655556324174,76.7,3.7,66.82103707325476,3.371381516930583,50.6593057546966,47.65579681863288,55.0,613.0013476950201,,,8.08635423969475,47.232694918516025,19.588342154738733,0.0,0.0,0.2190110413679551,1.7969284611600354,Baseline (no TES/DSM)
2024-01-12 06:00:00,70.40458390672885,77.0,3.65,74.14551379530211,3.7409298885732625,49.854667777221806,46.850774214973825,55.0,652.5149911398969,,,8.972726495934085,52.41002812977658,21.73548566552553,0.0,0.0,0.2202179983341673,2.2469223767544246,Baseline (no TES/DSM)
2024-01-12 07:00:00,57.05789340909417,76.3,3.75,60.0896502491869,3.031756840092733,51.39878922706736,48.39563377258699,55.0,576.4743494459256,,,7.271754814604217,42.474589474998865,17.615060774188038,0.0,0.0,0.21790181615939896,1.4274547688595296,Baseline (no TES/DSM)
2024-01-12 08:00:00,70.28644948924,73.9,3.9,74.02110233520145,3.734652845961449,49.86833512704473,46.86444809794676,55.0,735.8214864686985,,,8.957670831102831,52.32208743330311,21.699014901898337,0.0,0.0,0.22019749730943292,2.238861558166693,Baseline (no TES/DSM)
2024-01-12 09:00:00,61.616590275945335,79.3,4.0,64.89057232945238,3.273982053507048,50.87137895882924,47.86797139619006,55.0,545.2888109844948,,,7.852738862721265,45.868138840240725,19.022433489211657,0.0,0.0,0.21869293156175615,1.6866506448938465,Baseline (no TES/DSM)
2024-01-12 10:00:00,88.00941782472053,74.2,4.1,92.68577614327268,4.676358318552147,47.81790805176348,44.81304089500046,55.0,839.2756777077784,,,11.21637813034686,65.5152805105638,27.170495632708878,0.0,0.0,0.2232731379223548,3.6094039779750284,Baseline (no TES/DSM)
2024-01-12 11:00:00,97.67926989080507,79.0,4.15,102.8694333709646,5.190163480159526,46.69917183811406,43.69376991260647,55.0,760.805189482621,,,12.44875439096172,72.71363593960331,30.155797431361293,0.0,0.0,0.22495124224282892,4.494064013038723,Baseline (no TES/DSM)
2024-01-12 12:00:00,107.02161918350504,81.2,4.15,112.70818604763811,5.68656686413307,45.61832547119157,42.61240688872082,55.0,756.7106623616203,,,13.639391994103184,79.66819432286513,33.039991724772975,0.0,0.0,0.22657251179321264,5.440544748484287,Baseline (no TES/DSM)
2024-01-12 13:00:00,102.46512392524998,76.1,4.1,107.90958255788881,5.444458632638828,46.145481028266786,43.13981443219999,55.0,860.5942472952555,,,13.05868853044085,76.27628386182603,31.63329869606278,0.0,0.0,0.22578177845759984,4.967654221628991,Baseline (no TES/DSM)
2024-01-12 14:00:00,80.74138716610307,78.1,4.1,85.03156050047987,4.290173334376803,48.65876983994201,45.654304624760336,55.0,689.9616830403336,,,10.290102486842834,60.10487013485791,24.92669036562196,0.0,0.0,0.222011845240087,3.0080913332114734,Baseline (no TES/DSM)
2024-01-12 15:00:00,95.44335022169962,77.0,3.9,100.51470867164,5.0713584499403765,46.95785255913694,43.952574285981655,55.0,799.2808743146848,,,12.163797154592835,71.04919015708178,29.465518514558212,0.0,0.0,0.2245632211612946,4.280918658667991,Baseline (no TES/DSM)
2024-01-12 16:00:00,83.46203868412974,79.3,3.75,87.89677315381083,4.434734469681089,48.344008935934795,45.33939326142998,55.0,678.3112109387321,,,10.63683647215183,62.13015619833357,25.766616955477254,0.0,0.0,0.2224839865960978,3.226788461170505,Baseline (no TES/DSM)
2024-01-12 17:00:00,88.07315468196013,76.3,3.4,92.75289964241853,4.679744960458393,47.81053413023388,44.80566344865178,55.0,777.757064200292,,,11.224501087063413,65.56272700190671,27.19017264051182,0.0,0.0,0.22328419880464917,3.61491865267689,Baseline (no TES/DSM)
2024-01-12 18:00:00,93.05457646454252,78.8,2.95,97.999008020674,4.944431556131477,47.23421746007685,44.229071292514746,55.0,741.6617735478811,,,11.859359397925871,69.27095793325196,28.728050087422034,0.0,0.0,0.22414867380988474,4.058910669049819,Baseline (no TES/DSM)
2024-01-12 19:00:00,102.584825624249,81.2,2.75,108.03564457660924,5.450818952360237,46.13163235461693,43.12595913872526,55.0,735.9567493630985,,,13.073943937782506,76.3653912617083,31.670253314900947,0.0,0.0,0.2258025514680746,4.979802885694616,Baseline (no TES/DSM)
2024-01-12 20:00:00,88.31311975268893,78.1,3.55,93.0056151969296,4.692495444240663,47.78277180121369,44.77788784891982,55.0,732.8590463032805,,,11.25508348424197,65.7413599176799,27.264255279249696,0.0,0.0,0.22332584229817948,3.635718698758795,Baseline (no TES/DSM)
2024-01-12 21:00:00,88.85922237005911,75.4,3.5,93.58073483975733,4.721512469698212,47.719591437104135,44.714677283871396,55.0,807.6342555619069,,,11.324681643232129,66.14788534471792,27.432849495039406,0.0,0.0,0.2234206128443438,3.683276409423444,Baseline (no TES/DSM)
2024-01-12 22:00:00,79.55294488969236,81.1,2.95,83.77997064210832,4.227025752415969,48.79626454031243,45.79186504917491,55.0,619.5669384495352,,,10.138641219540046,59.22017925706199,24.55979138504633,0.0,0.0,0.22180560318953135,2.9149601070012827,Baseline (no TES/DSM)
2024-01-12 23:00:00,96.13732856741969,76.7,2.95,101.24556138251451,5.108232815094823,46.877563977518555,43.87224732550016,55.0,811.0239011518776,,,12.252241365817717,71.5657960739469,29.67976530856761,0.0,0.0,0.22468365403372217,4.346521152938887,Baseline (no TES/DSM)
2024-01-13 00:00:00,89.22300574667106,79.4,2.75,93.9638477547462,4.740842008075134,47.6775041709745,44.672569899545714,55.0,707.6104200572302,,,11.371044089552827,61.747868730451884,32.21597902429431,0.0,0.0,0.22348374374353824,3.4538654921451104,Baseline (no TES/DSM)
2024-01-13 01:00:00,100.71542757410768,79.3,3.45,106.06691653044554,5.35148895633786,46.34790901346612,43.342339180298566,55.0,768.9493630906237,,,12.835698123587058,69.70133934553496,36.36557718491058,0.0,0.0,0.2254781364798008,4.4547900515514725,Baseline (no TES/DSM)
2024-01-13 02:00:00,122.44833339173933,78.8,3.25,128.9545948419596,6.506261450220279,43.833559403993604,40.826787682867405,55.0,881.0208200923314,,,15.605452719705994,84.74186173466622,44.212733107293374,0.0,0.0,0.22924966089400958,6.694492131146823,Baseline (no TES/DSM)
2024-01-13 03:00:00,126.3435317193092,83.9,2.55,133.05676355465138,6.713231835342185,43.38291141076494,40.37592427472802,55.0,784.5118366291441,,,16.101877061720515,87.43758121863833,45.619182336013054,0.0,0.0,0.2299256328838526,7.143871736895803,Baseline (no TES/DSM)
2024-01-13 04:00:00,125.66359121815083,81.0,2.4,132.34069458568462,6.677103367533789,43.46157590910207,40.454626375597826,55.0,842.2056473758596,,,16.01522190644703,86.96702010652726,45.37367447915736,0.0,0.0,0.2298076361363469,7.064378400742878,Baseline (no TES/DSM)
2024-01-13 05:00:00,108.57985638416046,79.4,2.4,114.34921979070535,5.769363406544883,45.43804800945634,42.43204325229068,55.0,804.3430952268459,,,13.837981850635735,75.14401316871803,39.205206621987315,0.0,0.0,0.22684292798581548,5.212868835800991,Baseline (no TES/DSM)
2024-01-13 06:00:00,103.43103575167265,80.4,2.7,108.92681786668551,5.495782115012858,46.033731589699755,43.0280115761193,55.0,757.1871146920041,,,13.181789359346539,71.58070908732238,37.346108779363135,0.0,0.0,0.22594940261545038,4.70983961310717,Baseline (no TES/DSM)
2024-01-13 07:00:00,104.68930906052813,79.8,2.65,110.25194921187747,5.562640151349342,45.88815791311556,42.882368313647646,55.0,776.6684636267645,,,13.342150256762697,72.45151246871528,37.800436743162194,0.0,0.0,0.22616776313032666,4.830418593049818,Baseline (no TES/DSM)
2024-01-13 08:00:00,101.21808844265554,79.3,2.75,106.59628615803462,5.378197715379073,46.289754564671476,43.28415693301023,55.0,771.4256882387486,,,12.899759840075053,70.04921192690875,36.54707423112586,0.0,0.0,0.22556536815299277,4.501465513731209,Baseline (no TES/DSM)
2024-01-13 09:00:00,94.5441431660243,79.5,2.85,99.56772247483592,5.02357930881162,47.06188470873738,44.05665616414309,55.0,733.2696941628309,,,12.049197528743507,65.43042674469113,34.137295730144785,0.0,0.0,0.22440717293689394,3.9015307472715213,Baseline (no TES/DSM)
2024-01-13 10:00:00,93.67867955950436,78.0,3.1,98.65627267688568,4.977593117381318,47.162012970430794,44.15683228829429,55.0,764.2570576162047,,,11.938898343625446,64.83147210603985,33.824800570845824,0.0,0.0,0.2242569805443538,3.8268670901225867,Baseline (no TES/DSM)
2024-01-13 11:00:00,85.73789763492049,78.3,3.7,90.29355929852498,4.555661663604496,48.08070751125864,45.07596597565217,55.0,713.7945977205289,,,10.926883778387195,59.33595717922241,30.95760211930257,0.0,0.0,0.22287893873311204,3.1754085430855055,Baseline (no TES/DSM)
2024-01-13 12:00:00,72.49908928920533,77.4,3.45,76.35131019538426,3.8522209061789283,49.61234772878193,46.60833833477083,55.0,656.3952270201487,,,9.23966115982075,50.17387848620177,26.177431709182486,0.0,0.0,0.2205814784068271,2.2240030041264487,Baseline (no TES/DSM)
2024-01-13 13:00:00,82.70518361425177,75.2,3.35,87.0997027798274,4.39451916557563,48.43157192752661,45.42699810913633,55.0,777.310582318432,,,10.540378924045685,57.23713047328352,29.862572306543875,0.0,0.0,0.22235264210871009,2.942593413210627,Baseline (no TES/DSM)
2024-01-13 14:00:00,83.16386300421853,81.2,2.8,87.58275398401398,4.418890979795449,48.37850583711452,45.37390665252423,55.0,637.47187000568,,,10.5988354120628,57.5545651362834,30.028188847730576,0.0,0.0,0.22243224124432823,2.9772380842192785,Baseline (no TES/DSM)
2024-01-13 15:00:00,101.1280517108294,77.9,3.05,106.50146534706954,5.373413636240144,46.300171203081675,43.29457855069309,55.0,805.1404195106535,,,12.88828509050003,69.98690090912596,36.51456443794358,0.0,0.0,0.2255497431953775,4.493087146527211,Baseline (no TES/DSM)
2024-01-13 16:00:00,82.51551200837177,78.9,3.2,86.89995302079207,4.384441012420297,48.453515644219365,45.44895231517741,55.0,681.8410835871838,,,10.516206187709932,57.105865926390486,29.794087094401583,0.0,0.0,0.22231972653367096,2.928326338579216,Baseline (no TES/DSM)
2024-01-13 17:00:00,79.51166618433524,76.7,3.7,83.73649860310643,4.224832418771186,48.801040206188176,45.79664299787373,55.0,717.0138788183204,,,10.133380446551657,55.02701780782614,28.709480795280285,0.0,0.0,0.22179843969071775,2.7069858394784023,Baseline (no TES/DSM)
2024-01-13 18:00:00,68.46585487653094,76.7,3.7,72.10377088486425,3.637916008333306,50.07896555961943,47.07517921428464,55.0,647.0440184674085,,,8.725644780903442,47.382629446911814,24.721141437952433,0.0,0.0,0.21988155166057086,1.9676208616672042,Baseline (no TES/DSM)
2024-01-13 19:00:00,83.70667194328593,76.4,3.55,88.15440493976925,4.4477329964833245,48.3157065292164,45.311077325836486,55.0,749.8619063113701,,,10.668013807552672,57.93022267925402,30.224182260515228,0.0,0.0,0.2225264402061754,3.0184983274469146,Baseline (no TES/DSM)
2024-01-13 20:00:00,102.23900039123053,79.9,3.5,107.67144400666476,5.432443615434224,46.17164198549107,43.16598789466195,55.0,762.6163541818056,,,13.02987017071958,70.75574648555103,36.91569752111373,0.0,0.0,0.2257425370217634,4.597011327176271,Baseline (no TES/DSM)
2024-01-13 21:00:00,113.64411090604625,81.1,2.9,119.68256220506937,6.038451299023123,44.85214815389985,41.84586332988164,55.0,788.7681759846665,,,14.483396796782959,78.64879224243435,41.03376996263502,0.0,0.0,0.22772177776915023,5.732483256214821,Baseline (no TES/DSM)
2024-01-13 22:00:00,103.90642236567552,79.4,2.65,109.4274640290625,5.521041663386981,45.97873258692963,42.9729862831949,55.0,782.1754762193726,,,13.242375102924358,71.90970618837285,37.517757840689654,0.0,0.0,0.22603190111960555,4.755216608984269,Baseline (no TES/DSM)
2024-01-13 23:00:00,81.00734243362935,79.0,2.25,85.31164723436963,4.304304800740283,48.6280006216583,45.6235206984373,55.0,671.020396459128,,,10.323997209931145,56.06211878802497,29.249528446344662,0.0,0.0,0.22205799906751256,2.8161121418511805,Baseline (no TES/DSM)
2024-01-14 00:00:00,91.60112074132395,77.2,2.1,96.46832329253851,4.867202551214561,47.40237241647,44.397306628906165,55.0,773.3993775332237,,,11.674123438067527,53.18041383889482,34.19623770154605,7.486093281615107,1.6055784704825324,0.223896441375295,3.0624348405823043,Baseline (no TES/DSM)
2024-01-14 01:00:00,93.73132467451222,82.9,1.1,98.71171507686122,4.980390402349002,47.1559222881506,44.15073869459809,55.0,659.7287008107332,,,11.945607711000417,54.41713589874933,34.99147862723061,7.660184004781515,1.6429165460997677,0.2242661165677741,3.2141190878613495,Baseline (no TES/DSM)
2024-01-14 02:00:00,102.0579745579916,80.5,0.95,107.48079941122896,5.422824853237358,46.192585445004866,43.18694136538967,55.0,748.4170513283734,,,13.006799296634115,59.25129822243424,38.09995695553733,8.340678711031934,1.788865522225457,0.2257111218324927,3.8421200568689584,Baseline (no TES/DSM)
2024-01-14 03:00:00,96.35768289480579,80.0,0.8,101.47762418175932,5.119941286953534,46.85207047832162,43.84674164011814,55.0,731.3321403435208,,,12.280324467827814,55.94190782199706,35.97194228601259,7.874822892045529,1.688951181704141,0.22472189428251757,3.406167227315127,Baseline (no TES/DSM)
2024-01-14 04:00:00,99.44620514948768,82.0,0.75,104.73025429097201,5.284049141484331,46.494749428386065,43.48924978662143,55.0,704.6611886587963,,,12.673941813888403,57.734996054164554,37.12493954535696,8.12723209308779,1.7430865983627104,0.2252578758574209,3.639123601800843,Baseline (no TES/DSM)
2024-01-14 05:00:00,95.72204519190967,81.2,0.9,100.8082120291169,5.08616683720723,46.92560944377125,43.920315758036914,55.0,702.6304174053587,,,12.19931549167725,55.57287875534318,35.734648049824344,7.822875458447752,1.6778097655016238,0.22461158583434312,3.359177309491648,Baseline (no TES/DSM)
2024-01-14 06:00:00,84.0724503356044,79.1,0.9,88.53961887512327,4.467168539518866,48.27338845331818,45.2687390214125,55.0,686.1398359944147,,,10.714630509055294,48.80953055064937,31.385658522088075,6.870813375783934,1.4736164266018879,0.22258991732002273,2.555650877348496,Baseline (no TES/DSM)
2024-01-14 07:00:00,90.52277627678336,79.8,0.55,95.33268126562726,4.809904988843897,47.52712954770897,44.52212339548512,55.0,705.6754180685493,,,11.536693608760597,52.55436467682077,33.79367359168423,7.3979656780887195,1.5866773190335381,0.22370930567843655,2.9870441297158985,Baseline (no TES/DSM)
2024-01-14 08:00:00,97.97086741846515,82.7,0.65,103.17652486004202,5.205657441576875,46.66543598447592,43.66001793284326,55.0,684.0099200110195,,,12.485917097101002,56.87846645656847,36.57417117776702,8.00666025087736,1.717226974829174,0.22500184602328613,3.526884916201475,Baseline (no TES/DSM)
2024-01-14 09:00:00,113.77474104757361,80.6,0.9,119.82013334636787,6.045392298794255,44.83703513366728,41.83074308545201,55.0,800.3815308167448,,,14.500044981702315,66.05364393312995,42.47402278277453,9.298230389330808,1.9942362411325796,0.22774444729949908,4.820448902711467,Baseline (no TES/DSM)
2024-01-14 10:00:00,113.7321092954862,82.8,0.75,119.77523636683738,6.043127071351179,44.841967337860844,41.83567764729576,55.0,753.8138583792843,,,14.494611769398562,66.0288934257089,42.45810763330677,9.294746313259445,1.993488994562263,0.22773704899320873,4.8166886574880445,Baseline (no TES/DSM)
2024-01-14 11:00:00,131.64421628598922,83.2,0.05,138.63909866487643,6.994882378887212,42.76965820468165,39.76237792657681,55.0,819.1795261350629,,,16.77742388294806,76.42803761491069,49.14499818033953,10.758611631892856,2.3074512377333516,0.23084551269297754,6.52558258803376,Baseline (no TES/DSM)
2024-01-14 12:00:00,122.85749740377845,85.2,-0.3,129.38549968104473,6.528002277266282,43.786221906536355,40.7794275575433,55.0,746.3482713855586,,,15.657598710326004,71.32677528689209,45.86476836348763,10.040517828463177,2.153438202201844,0.22932066714019547,5.654977084580033,Baseline (no TES/DSM)
2024-01-14 13:00:00,124.95506576393315,81.9,-0.3,131.59452180935494,6.639456045421795,43.54354749238056,40.536637142233516,55.0,819.5966086967709,,,15.92492373602499,72.54455027201926,46.64782588132793,10.211941412384443,2.1902042436233042,0.22968467876142917,5.857153772532228,Baseline (no TES/DSM)
2024-01-14 14:00:00,123.33895684188934,84.0,-0.45,129.8925413455139,6.553584503624563,43.73052031925902,40.723699344268226,55.0,770.564454850747,,,15.718958406205719,71.60629383380684,46.04450526251298,10.079865057359974,2.161877191834108,0.22940421952111148,5.701069566245208,Baseline (no TES/DSM)
2024-01-14 15:00:00,128.2895005959917,85.4,-1.0,135.10613099899908,6.816630403007366,43.15777602729666,40.15068127396363,55.0,764.0628049391444,,,16.34988146045689,74.48040676430459,47.892626438292645,10.484447796501167,2.2486499999006764,0.23026333595905502,6.185846832057316,Baseline (no TES/DSM)
2024-01-14 16:00:00,143.9478762252105,83.8,-1.45,151.59651048574298,7.648634260532475,41.34620830696176,38.33824760347561,55.0,853.048052845209,,,18.34546632291002,83.57111317998553,53.73816119489197,11.764127124114664,2.523108986750815,0.23298068753955736,7.849228783648895,Baseline (no TES/DSM)
2024-01-14 17:00:00,125.43735268905468,89.3,-3.25,132.10243492914935,6.6650822400946765,43.48775017047576,40.48081314856873,55.0,688.8584311693165,,,15.986388891154855,72.82454922901326,46.827871695160034,10.251356267582109,2.198657737393953,0.22976837474428635,5.904141017429482,Baseline (no TES/DSM)
2024-01-14 18:00:00,124.496099640863,82.1,-1.5,131.11116863657352,6.61506899571053,43.59664675586544,40.589761787775515,55.0,813.4706920956196,,,15.866430705249279,72.27809055880428,46.476486114800565,10.17443244761853,2.1821595153501487,0.22960502986620185,5.812612677427205,Baseline (no TES/DSM)
2024-01-14 19:00:00,106.23609790911613,83.9,-1.75,111.88092629756468,5.644828388448559,45.709204947965894,42.703329806927634,55.0,699.8389822955994,,,13.53928107574073,61.67697082430355,39.659720614596786,8.682135462821458,1.862099395842888,0.22643619257805117,4.17829222204499,Baseline (no TES/DSM)
2024-01-14 20:00:00,120.18613933144105,87.2,-5.3,126.57219966826311,6.386060336822055,44.0952798936415,41.08863327791188,55.0,701.4783540026423,,,15.31714693821492,69.7758780200349,44.867505503728935,9.822201332373718,2.106614812125562,0.22885708015953776,5.402629056143775,Baseline (no TES/DSM)
2024-01-14 21:00:00,129.49089447812662,86.5,-3.55,136.37136064341303,6.880466165286407,43.018782914101564,40.01162172046586,55.0,749.242247138547,,,16.502993347781803,75.17789412383016,48.34112696355023,10.582631602516173,2.269707953516466,0.23047182562884766,6.306470746835747,Baseline (no TES/DSM)
2024-01-14 22:00:00,145.7866434624304,86.7,-2.95,153.53298015843149,7.746336696001094,41.13347542514603,38.12541303290183,55.0,804.9271018669675,,,18.57980838693124,84.63863726525186,54.424603904467006,11.914400209745105,2.5553387789675153,0.23329978686228095,8.057526108907616,Baseline (no TES/DSM)
2024-01-14 23:00:00,148.89083369656407,89.1,-3.45,156.80211076125013,7.911277064686061,40.774341696393094,37.766107634106476,55.0,775.1306353161411,,,18.975422541815398,86.44082177947921,55.5834502838363,12.168089874986501,2.6097488229481254,0.23383848745541036,8.41535542606087,Baseline (no TES/DSM)
2024-01-15 00:00:00,155.4480370914585,86.6,-2.9,163.7077295121378,8.2596924206793,40.01571779522066,37.00712110200614,55.0,839.5190457470547,,,19.811106660317453,60.03694592476415,38.60514662292005,8.45127266022431,56.61436430422929,0.234976423307169,6.118106593795627,Baseline (no TES/DSM)
2024-01-15 01:00:00,141.57547075211477,90.5,-6.35,149.0980478435022,7.522577091387433,41.6206795085969,38.61285000549394,55.0,728.6979930413743,,,18.04311462552984,54.67910075195658,35.15992809467672,7.697060237703564,51.561958759165336,0.23256898073710464,5.045564487876362,Baseline (no TES/DSM)
2024-01-15 02:00:00,133.45457040997061,87.9,-5.65,140.54564550068858,7.091075090717965,42.56021252710701,39.552832131565474,55.0,740.5232362261553,,,17.008144831981593,51.54265680693041,33.1431220012415,7.2555497218931295,48.604316970623536,0.2311596812093395,4.465590060482018,Baseline (no TES/DSM)
2024-01-15 03:00:00,143.51999257158744,85.3,-3.25,151.14589134161847,7.625898770031029,41.395711539820475,38.387774499447545,55.0,822.4134020447266,,,18.290934603766182,55.43011153028193,35.642845417769344,7.802778421075993,52.27015597249121,0.23290643269026928,5.1896846981906535,Baseline (no TES/DSM)
2024-01-15 04:00:00,165.2970552237734,93.0,-7.05,174.0800727500039,8.78301752623048,38.87625328447019,35.86711191414728,55.0,768.3551075102808,,,21.066316776633627,63.84082135532949,41.051126618576795,8.986736080857364,60.20138869524023,0.23668562007329472,6.942209258132269,Baseline (no TES/DSM)
2024-01-15 05:00:00,175.89891397097617,92.5,-5.9,185.24525859980528,9.346344628829115,37.64969022730709,34.63996254577139,55.0,806.805392495979,,,22.417472818024347,67.93545794397492,43.684072772605376,9.56312932875073,64.06259855447425,0.23852546465903937,7.887432934593996,Baseline (no TES/DSM)
2024-01-15 06:00:00,173.7277782160068,88.3,-4.5,182.9587600916284,9.23098187562158,37.900875889428264,34.89126827752073,55.0,867.2234154617498,,,22.140771980750863,67.09692461569801,43.144876422962575,9.445090782938719,63.27186827002909,0.2381486861658576,7.688954944037352,Baseline (no TES/DSM)
2024-01-15 07:00:00,152.8269238141563,90.3,-3.85,160.94734403896004,8.120420224803752,40.31896280076526,37.310511062142304,55.0,769.2709385857556,,,19.477058346314898,59.02462284216717,37.954199436459284,8.308770101849886,55.65975165848371,0.23452155579885212,5.907551575805945,Baseline (no TES/DSM)
2024-01-15 08:00:00,153.2265748370267,87.1,-4.25,161.36823041858554,8.141655581558837,40.27272589154973,37.264252051153726,55.0,823.2276238250125,,,19.52799195209811,59.178975558983595,38.05345180802081,8.330498004153522,55.80530504742761,0.23459091116267541,5.9394176737943845,Baseline (no TES/DSM)
2024-01-15 09:00:00,151.70034170234499,88.4,-4.55,159.76090126950183,8.060559567156844,40.44930070019947,37.44091126458771,55.0,795.9326727429516,,,19.33348086025395,58.589515711886506,37.6744154750597,8.247521000354654,55.24944908220097,0.2343260489497008,5.818184740010231,Baseline (no TES/DSM)
2024-01-15 10:00:00,180.41738593496376,92.6,-7.55,190.00381843709326,9.586432502129497,37.12693370715286,34.11695614200332,55.0,818.2404262311871,,,22.993330395225826,69.68057651890348,44.80622443141768,9.808785943589626,65.70823154318246,0.23930959943927071,8.308600298903858,Baseline (no TES/DSM)
2024-01-15 11:00:00,187.24689163301633,94.5,-6.6,197.19620820564714,9.949316572630806,36.33680627877844,33.326451023653576,55.0,809.936722611759,,,23.863718136061436,72.31825964413723,46.50231576694394,10.180086963973942,68.19554583059204,0.24049479058183235,8.678191157296467,Baseline (no TES/DSM)
2024-01-15 12:00:00,168.12562309253295,90.4,-5.3,177.05893586226793,8.933312769734982,38.54900719157027,35.5397093938607,55.0,815.7583903693562,,,21.42680418318075,64.93326729005251,41.753594654516625,9.1405173620116,61.2315565556872,0.2371764892126446,7.188499486779626,Baseline (no TES/DSM)
2024-01-15 13:00:00,160.13204908236037,87.4,-5.6,168.640625304106,8.508576221745642,39.473809418176394,36.464953686540724,55.0,840.6013234656964,,,20.408061519872007,61.845999161269596,39.768409749786635,8.705929220831642,58.32028717221815,0.2357892858727354,6.503548608142283,Baseline (no TES/DSM)
2024-01-15 14:00:00,178.69386060988924,92.3,-5.65,188.18871402661674,9.494853416727494,37.32633388237017,34.31645163279195,55.0,817.7859598785864,,,22.773675360104857,69.01491872947393,44.378191056871614,9.715082718180373,65.08052152209082,0.23901049917644474,8.146658809314166,Baseline (no TES/DSM)
2024-01-15 15:00:00,195.7099711495402,95.0,-6.5,206.1089713273562,10.399000177815992,35.35768545361739,32.34686216750536,55.0,825.549622115686,,,24.94229702398884,75.58685960073613,48.604101236416355,10.64020079929514,71.27780969090854,0.24196347181957392,9.070423152088335,Baseline (no TES/DSM)
2024-01-15 16:00:00,184.03168515284952,91.7,-6.75,193.81016253643656,9.778477383587045,36.70878383325817,33.698606387671774,55.0,841.9455333269005,,,23.45395549315298,71.07648662983307,45.703826960573394,10.005285228736703,67.0245637172934,0.23993682425011276,8.529178395579969,Baseline (no TES/DSM)
2024-01-15 17:00:00,177.64318215655527,90.9,-7.0,187.08220803747113,9.439025880915864,37.447890243999375,34.43806609975655,55.0,836.1196142624283,,,22.639771431215426,68.60912701497315,44.11725758673307,9.657960285157152,64.69786315060776,0.23882816463400094,8.048719089960857,Baseline (no TES/DSM)
2024-01-15 18:00:00,198.05520685151143,94.1,-7.15,208.57882053950556,10.523613687994128,35.08635760998462,32.07540462605057,55.0,844.3423301416213,,,25.24118606436958,76.49263359219046,49.18653488970614,10.76770466966045,72.13194738794851,0.24237046358502307,9.179116031062854,Baseline (no TES/DSM)
2024-01-15 19:00:00,213.61872104553547,96.0,-7.15,224.9692981525137,11.350577106978221,33.28576471347388,30.273951025478407,55.0,856.9547658771868,,,27.224681291946933,82.5035545246701,53.05169625597475,11.61384917213224,77.80019819973663,0.24507135292978918,9.90042654296041,Baseline (no TES/DSM)
2024-01-15 20:00:00,191.32892062329927,94.1,-7.15,201.4951347814055,10.166214158106243,35.86454324668787,32.85396224441574,55.0,826.5666036940115,,,24.38395314983278,73.89481576114208,47.51607786157987,10.40201540160049,69.68222575708306,0.2412031851299682,8.86737789133705,Baseline (no TES/DSM)
2024-01-15 21:00:00,181.04406174426282,89.5,-6.9,190.6637925081725,9.619730763909672,37.05443157192994,34.044419349928,55.0,868.480769631051,,,23.07319722102665,69.92261046400314,44.961857863371485,9.842856545142714,65.93646763565515,0.2394183526421051,8.367877270074374,Baseline (no TES/DSM)
2024-01-15 22:00:00,180.9820408627817,94.0,-7.2,190.5984761627262,9.616435299944499,37.06160696671791,34.051598174636986,55.0,799.6777162813651,,,23.065292957189172,69.8986568369432,44.94645512643083,9.839484644217933,65.91387955513424,0.23940758954992314,8.362001355080903,Baseline (no TES/DSM)
2024-01-15 23:00:00,196.93671112836014,94.9,-8.3,207.40089382693859,10.46418269857844,35.21575996916756,32.20486884104574,55.0,830.1407468696373,,,25.09863914975385,76.06064957679627,48.90875916350666,10.706895202377922,71.72458988425774,0.24217636004624865,9.127277949215552,Baseline (no TES/DSM)
2024-01-16 00:00:00,213.55117902476172,94.8,-9.95,224.89816730342469,11.346988278662963,33.293578866582564,30.281768913841923,55.0,873.5066887127114,,,27.216073385390896,70.57021500821908,45.3782825831508,9.93401845377857,99.01565125827622,0.24505963170012615,8.46842580098629,Baseline (no TES/DSM)
2024-01-16 01:00:00,222.4080901057387,99.7,-10.75,234.22568813088006,11.817598025141365,32.26889440402347,29.256594640354262,55.0,829.8030353995539,,,28.34484421704152,73.49707367576477,47.260320489388775,10.346026097677832,103.12226786804868,0.2465966583939648,8.819648841091771,Baseline (no TES/DSM)
2024-01-16 02:00:00,245.85775161270615,98.3,-10.8,258.92134151423664,13.063589901530491,29.555927820214308,26.542331227394143,55.0,899.773855266783,,,31.333391090679715,81.24625896227995,52.24322609169884,11.436862360951588,113.99499409930627,0.25066610826967856,9.749551075473596,Baseline (no TES/DSM)
2024-01-16 03:00:00,225.7345821341822,100.2,-11.05,237.7289324780333,11.994350343851096,31.884041867376254,28.871558139779403,55.0,831.3054973491604,,,28.76878966925342,74.59634767060967,47.967179126117756,10.500768550273113,104.66463713103276,0.24717393719893563,8.95156172047316,Baseline (no TES/DSM)
2024-01-16 04:00:00,227.16282425430134,95.7,-10.8,239.23306388459935,12.070239630298005,31.718803953629802,28.706241240414517,55.0,893.2430050831608,,,28.950812276343598,75.06832517951828,48.27067159485477,10.56720781622576,105.32685929400051,0.2474217940695553,9.008199021542193,Baseline (no TES/DSM)
2024-01-16 05:00:00,204.4002351569959,98.9,-11.3,215.26099033088076,10.860755173884854,34.35228092572254,31.34097704471189,55.0,796.6823757196364,,,26.0498294855067,67.54619013874508,43.43376455880462,9.508332931146375,94.77270270218467,0.2434715786114162,8.10554281664941,Baseline (no TES/DSM)
2024-01-16 06:00:00,211.88064439430966,94.9,-10.0,223.13886923482445,11.2582248405148,33.48684837830519,30.475130810608388,55.0,867.9897940519335,,,27.003171760109083,70.01816941152394,45.023304479673314,9.856308174105227,98.24108716952199,0.24476972743254222,8.402180329382873,Baseline (no TES/DSM)
2024-01-16 07:00:00,215.08395713117056,96.5,-9.7,226.51238918966487,11.428432058494309,33.116246849152546,30.10435212967317,55.0,853.7186822555993,,,27.411418602486172,71.07673752438193,45.70398829157877,10.005320546626525,99.72634282707764,0.24532562972627117,8.529208502925831,Baseline (no TES/DSM)
2024-01-16 08:00:00,208.0922615848962,98.4,-9.55,219.14919165602686,11.056930071130665,33.92513854149419,30.913630481523587,55.0,811.9891599621568,,,26.5203605435014,68.76625878937398,44.218296956681456,9.680079389461866,96.48455652050956,0.2441122921877587,8.251951054724877,Baseline (no TES/DSM)
2024-01-16 09:00:00,191.5737167690898,93.1,-9.3,201.75293810893882,10.179221339849022,35.836221995092075,32.825627454936765,55.0,841.6676722550602,,,24.415151244353837,63.307533323198065,40.70821006351948,8.911666263488154,88.8255284587331,0.24124566700736189,7.596903998783767,Baseline (no TES/DSM)
2024-01-16 10:00:00,182.5139670555608,92.7,-8.95,192.21180086911986,9.697833813559043,36.88437350990929,33.874279998202745,55.0,822.6687869676506,,,23.260529601978874,60.313644513386066,38.78307022345581,8.490222929614653,84.62486320266333,0.23967343973513608,7.2376373416063275,Baseline (no TES/DSM)
2024-01-16 11:00:00,189.68978019749056,95.7,-8.2,199.7688990406298,10.079118843139241,36.0541806621392,33.04369030872722,55.0,800.108056404099,,,24.17505256533824,62.68496682870826,40.30788538956929,8.82402890763986,87.95201791471239,0.2409187290067912,7.5221960194449915,Baseline (no TES/DSM)
2024-01-16 12:00:00,207.4662890829942,93.5,-7.8,218.4899582624066,11.023669179412394,33.99755930882761,30.986085866814623,55.0,877.1976864363357,,,26.440583350854638,68.55939964558374,44.085281736581464,9.650960269568214,96.19431661067317,0.24400366103675858,8.227127957470048,Baseline (no TES/DSM)
2024-01-16 13:00:00,188.9589578068845,95.4,-7.7,198.9992445857951,10.040286778910598,36.13873184953372,33.128281912559316,55.0,802.1974238193088,,,24.081912757329434,62.44345894533615,40.15259022748934,8.790032358672676,87.61316305429695,0.24079190222569943,7.4932150734403375,Baseline (no TES/DSM)
2024-01-16 14:00:00,186.1105569862606,91.3,-7.2,195.99949470274905,9.888937716488442,36.46827248027379,33.45798006750145,55.0,853.9330034209019,,,23.71889773620366,61.50217517786181,39.54732296584916,8.657529852973306,86.29246670606477,0.24029759127958933,7.380261021343417,Baseline (no TES/DSM)
2024-01-16 15:00:00,177.57623182635268,92.2,-6.75,187.0117003182833,9.435468491930607,37.45563594252729,34.44581550081722,55.0,816.0751241159929,,,22.631238932784417,58.68191839335153,37.733832539191816,8.260528328485158,82.33542105725479,0.23881654608620906,6.8814046600233985,Baseline (no TES/DSM)
2024-01-16 16:00:00,185.23331052088665,92.7,-6.35,195.07563596669806,9.842325445811412,36.56976393871626,33.5595200400254,55.0,830.2462806962956,,,23.607096882245724,61.212279931395095,39.360913608698326,8.616721918241527,85.88572050836311,0.2401453540919256,7.345473591767411,Baseline (no TES/DSM)
2024-01-16 17:00:00,170.9564946411454,92.6,-6.85,180.04022505983565,9.083730418690237,38.221494578556225,35.21204022606031,55.0,790.9391197196604,,,21.78758518267465,56.49435717926048,36.32718001688616,7.95259000823178,79.26609785545723,0.23766775813216567,6.365277555430344,Baseline (no TES/DSM)
2024-01-16 18:00:00,193.5891014397951,89.7,-7.25,203.87540973809556,10.286308298300469,35.60305567567548,32.59234967934454,55.0,900.3116880114196,,,24.672002353058538,63.97353821338623,41.13646663189183,9.005418349529913,89.75998654328757,0.24159541648648677,7.676824585606347,Baseline (no TES/DSM)
2024-01-16 19:00:00,197.85492600330187,98.2,-7.65,208.36789781871323,10.512971815411362,35.109528743964866,32.0985868360987,55.0,788.9833073119422,,,25.21566123099028,65.38322444414734,42.042927525139845,9.203856869644774,91.73788897978127,0.2423357068840527,7.845986933297682,Baseline (no TES/DSM)
2024-01-16 20:00:00,206.68564654972445,94.4,-8.15,217.6678364841367,10.982189934412247,34.08787434838721,31.07644407799925,55.0,862.1650258463344,,,26.34109420464504,68.30142817631351,43.91940010748948,9.61464617677453,95.83236202355917,0.2438681884774192,8.19617138115762,Baseline (no TES/DSM)
2024-01-16 21:00:00,187.6686487756225,92.5,-8.75,197.64037530813022,9.971726532507716,36.28801184163769,33.27763326221209,55.0,839.9385222019325,,,23.91746906076438,62.01706286464468,39.878407672714474,8.730009493024406,87.01489527774665,0.24056798223754347,7.442047543757361,Baseline (no TES/DSM)
2024-01-16 22:00:00,190.70703191354073,94.9,-8.45,200.8402021711989,10.133170257658179,35.93649154700435,32.92594493684518,55.0,813.707106310209,,,24.304696416905205,63.02112827088328,40.5240449820376,8.871349635933326,88.42367928234471,0.24109526267949347,7.5625353925059935,Baseline (no TES/DSM)
2024-01-16 23:00:00,208.53285088235867,95.2,-8.5,219.613191555186,11.080340672827333,33.87416535193047,30.862632926190482,55.0,855.4915648097602,,,26.576511536005007,68.91185611922361,44.31191941165767,9.700574814640586,96.68884120966413,0.2441887519721043,8.269422734306833,Baseline (no TES/DSM)
2024-01-17 00:00:00,214.49635349666033,95.6,-8.05,225.89356338357155,11.397209886911213,33.18422859910136,30.17236637567837,55.0,864.590162924186,,,27.33653133793729,68.30466038742745,43.92147849409039,9.615101168230181,104.05232333382352,0.24522365710134797,8.196559246491294,Baseline (no TES/DSM)
2024-01-17 01:00:00,211.4726606783035,96.3,-8.65,222.70920740650558,11.236546728202086,33.5340493235271,30.52235431842363,55.0,847.6466249223813,,,26.951176192556723,67.34178942152553,43.30233016392419,9.479559878710754,102.58552794234511,0.24469892601470936,8.081014730583064,Baseline (no TES/DSM)
2024-01-17 02:00:00,188.51226874150692,95.1,-9.25,198.52882080908424,10.016552067577322,36.190410740820155,33.179985506948654,55.0,805.0787142975005,,,24.024984378664954,60.03023494500836,38.600831307517765,8.450327969936358,91.44742658662177,0.24071438388876976,7.203628193401002,Baseline (no TES/DSM)
2024-01-17 03:00:00,184.99359708302464,91.1,-8.2,194.82318541550296,9.829588332478323,36.59749715552266,33.5872665136276,55.0,853.9353056046912,,,23.576546554468983,58.90974189825248,37.88032832899882,8.29259855671993,89.74051663153173,0.240103754266716,7.069169027790297,Baseline (no TES/DSM)
2024-01-17 04:00:00,173.33713962354068,95.7,-8.8,182.54736501563383,9.21022539209315,37.9460701216517,34.93648411310565,55.0,755.0831923424497,,,22.09098696599105,55.197835587906084,35.49348660755215,7.7700814327267045,84.08596138744889,0.23808089481752245,6.310414132371365,Baseline (no TES/DSM)
2024-01-17 05:00:00,206.19865749784054,92.9,-9.45,217.15497139125506,10.956313893414517,34.14421567442509,31.132812335837333,55.0,882.9170920483737,,,26.279029786014895,65.66232499123934,42.22239564059872,9.243145257599219,100.02710550181776,0.24378367648836236,7.879478998948722,Baseline (no TES/DSM)
2024-01-17 06:00:00,201.7204578171957,99.1,-10.4,212.4388236949736,10.718365877777899,34.66231296489576,31.651157282756614,55.0,787.5800757528922,,,25.708304718143772,64.23627786574218,41.3054143131341,9.04240364927343,97.8547278668239,0.24300653055265636,7.708353343889062,Baseline (no TES/DSM)
2024-01-17 07:00:00,225.020131830914,95.9,-10.5,236.97652003728643,11.956388206372424,31.966698915452753,28.954254698873143,55.0,885.4804244870406,,,28.677736405240733,71.6558740253085,46.076386473874265,10.086844355031973,109.1574151830717,0.24704995162682086,8.598704883037021,Baseline (no TES/DSM)
2024-01-17 08:00:00,210.08327901395631,98.3,-10.5,221.2460012962718,11.162722282315485,33.69479134645188,30.683173177879436,55.0,818.1042950985524,,,26.774106164145383,66.8993518640347,43.01783256806339,9.417278888632337,101.91153797554135,0.24445781298032218,8.027922223684165,Baseline (no TES/DSM)
2024-01-17 09:00:00,213.56762717508033,96.4,-10.75,224.91548942208064,11.347862247000307,33.29167592729422,30.279865064926774,55.0,851.3997029072933,,,27.21816962324905,68.0089148656306,43.731307274415975,9.573469702734291,103.60179757929978,0.24506248610905867,8.161069783875673,Baseline (no TES/DSM)
2024-01-17 10:00:00,202.2185247590801,96.9,-10.9,212.96335529875955,10.744830539679441,34.60469000221756,31.59350677564118,55.0,816.6769633631458,,,25.77178096071508,64.39488332807773,41.40740129855359,9.064730201481437,98.0963404706468,0.24309296499667365,7.727385999369327,Baseline (no TES/DSM)
2024-01-17 11:00:00,213.71911610839527,96.2,-10.8,225.0750276818312,11.355911573435918,33.27414968650911,30.262330446397502,55.0,854.4742810734622,,,27.237476161124437,68.05715531342308,43.76232699954519,9.580260407545566,103.67528496131736,0.24508877547023633,8.166858637610769,Baseline (no TES/DSM)
2024-01-17 12:00:00,210.49898324930732,98.6,-10.65,221.6837938717924,11.184810622485088,33.64669718957374,30.635056031442563,55.0,815.3301115996505,,,26.82708567485377,67.03172957654303,43.10295450293654,9.435913416510331,102.1131963758025,0.2445299542156394,8.043807549185162,Baseline (no TES/DSM)
2024-01-17 13:00:00,221.60874981453293,95.8,-10.3,233.38387509400093,11.775125279468,32.36137264719508,29.349117089187054,55.0,878.856249179625,,,28.242972131274048,70.56954651305867,45.377852725281,9.933924351142508,107.50255150451875,0.24645794102920737,8.468345581567041,Baseline (no TES/DSM)
2024-01-17 14:00:00,210.45906515627985,98.0,-10.1,221.64175474091462,11.182689584634772,33.65131544184321,30.639676491289602,55.0,822.8348597939942,,,26.82199830538008,67.01901797682066,43.09478064992762,9.434124031764881,102.09383208240145,0.2445230268372352,8.042282157218478,Baseline (no TES/DSM)
2024-01-17 15:00:00,214.52484136018154,96.4,-10.7,225.92356494256813,11.398723582386594,33.180932746760206,30.169068947881982,55.0,853.7175796516376,,,27.340161979489945,68.3137321213346,43.927311829084616,9.616378176838287,104.06614281531064,0.2452286008798597,8.19764785456015,Baseline (no TES/DSM)
2024-01-17 16:00:00,208.36776987931495,96.8,-10.5,219.43933901449444,11.071569135179487,33.89326410287603,30.8817408065581,55.0,833.3321002432812,,,26.55547275404235,66.35306160351038,42.66655527903134,9.340378775340405,101.0793433566123,0.24416010384568596,7.962367392421246,Baseline (no TES/DSM)
2024-01-17 17:00:00,212.22360057769538,96.8,-10.15,223.50004830890433,11.276447731208947,33.447170676989124,30.435434142895907,55.0,842.7764320100338,,,27.046879880558826,67.58092026903492,43.45609683689473,9.513221817416047,102.94980938555862,0.2448292439845163,8.10971043228419,Baseline (no TES/DSM)
2024-01-17 18:00:00,205.71631127350236,96.7,-9.95,216.64699582139505,10.930684547892696,34.20001985684654,31.18864319329818,55.0,828.0824258088304,,,26.217557073484322,65.50872566656322,42.12362771763119,9.221523408698197,99.79311902850245,0.2436999702147302,7.8610470799875865,Baseline (no TES/DSM)
2024-01-17 19:00:00,212.53254786999835,95.4,-10.35,223.82541143801276,11.292863568014411,33.4114275734084,30.399673953701623,55.0,862.5783085734737,,,27.086253730976953,67.67930208082036,43.51935862029332,9.527070814952458,103.09967992194665,0.2448828586398874,8.121516249698443,Baseline (no TES/DSM)
2024-01-17 20:00:00,210.42327495592784,98.3,-10.45,221.60406283725314,11.180787881325301,33.65545612496369,30.64381915370412,55.0,818.929694385996,,,26.817437016026837,67.00762087173989,43.08745204741557,9.43251968562283,102.07647023247483,0.24451681581255447,8.040914504608786,Baseline (no TES/DSM)
2024-01-17 21:00:00,223.80185743579304,96.6,-10.4,235.69351293806724,11.891655502274205,32.10764498936054,29.095268146621226,55.0,873.0521164561961,,,28.522473177509685,71.26792421888565,45.826925763829884,10.0322334893049,108.5664294660468,0.2468385325159592,8.552150906266279,Baseline (no TES/DSM)
2024-01-17 22:00:00,218.98675261932533,98.2,-10.55,230.62255873616175,11.63580611683642,32.664719916038436,29.65260936150499,54.99999999999999,840.6735866804796,,,27.9088111661745,69.73459232835626,44.84095784784584,9.816389633727697,106.23061892623195,0.24600292012594235,8.36815107940275,Baseline (no TES/DSM)
2024-01-17 23:00:00,227.44586869726916,97.6,-10.85,239.53114782297692,12.085279125707757,31.686057633804396,28.673479267472562,55.0,868.1314377984335,,,28.986884932867053,72.42833066685337,46.57309398368095,10.195581426769062,110.33414174567352,0.2474709135492934,8.691399680022405,Baseline (no TES/DSM)
2024-01-18 00:00:00,219.89745656085836,98.4,-10.7,231.58165270296695,11.68419614210859,32.5593576548225,29.547196735919453,55.0,840.2545362497902,,,28.02487601497711,64.21643708613455,41.292656232354545,9.039610705100925,117.03294867937694,0.24616096351776626,7.705972450336145,Baseline (no TES/DSM)
2024-01-18 01:00:00,212.1640333245783,96.8,-10.75,223.43731596474913,11.273282640170834,33.45406220363857,30.442328963774155,55.0,842.631541736327,,,27.039288319886563,61.95805313536071,39.84046305018085,8.721702819456937,112.91709695975064,0.24481890669454215,7.434966376243285,Baseline (no TES/DSM)
2024-01-18 02:00:00,213.2636747593312,95.9,-10.55,224.59538657103764,11.331711811706441,33.32684115757912,30.31504710459517,55.0,857.4593243329074,,,27.179432345887847,62.2791803376327,40.046955278214135,8.766907209907053,113.50234374528372,0.24500973826363132,7.473501640515924,Baseline (no TES/DSM)
2024-01-18 03:00:00,219.55632664540843,99.1,-11.4,231.2223969351111,11.666070289702674,32.598824069341035,29.586682015836892,55.0,830.618022347915,,,27.98140064361538,64.11681725379862,41.228598373070724,9.025587434055595,116.85139387418617,0.24610176389598845,7.694018070455833,Baseline (no TES/DSM)
2024-01-18 04:00:00,245.76708188563708,99.3,-12.7,258.8258540739853,13.0587721883482,29.566417691875287,26.55282611333412,55.0,886.6790671498047,,,31.321835668897382,71.77111822293413,46.150491161883444,10.103067034611037,130.80117765455665,0.25065037346218705,8.612534186752097,Baseline (no TES/DSM)
2024-01-18 05:00:00,247.73375381633298,102.3,-12.45,260.8970246239232,13.163270807590209,29.338887105657307,26.325186764885636,55.0,854.2371458783139,,,31.572478572557504,72.34544348472565,46.519795605991796,10.18391357515854,131.84787195804722,0.25099166934151407,8.681453218167078,Baseline (no TES/DSM)
2024-01-18 06:00:00,236.50579376718406,100.4,-12.8,249.07246973669933,12.566675969515273,30.637885831444237,27.624806426965947,55.0,852.9171941388861,,,30.14152892357223,69.06655339941784,44.411393345450854,9.72235122039505,125.87217177143559,0.24904317125283365,8.287986407930141,Baseline (no TES/DSM)
2024-01-18 07:00:00,215.77717815460977,96.4,-11.7,227.24244433812936,11.465266183519589,33.03604588457888,30.02411282811836,55.0,856.7378563297448,,,27.499766296619157,63.01319625201879,40.51894451021042,8.870233062577748,114.8400705133224,0.24544593117313168,7.561583550242254,Baseline (no TES/DSM)
2024-01-18 08:00:00,203.4664120472288,97.6,-11.6,214.27754876464218,10.811136717413376,34.46031791769507,31.44906567960602,55.0,810.7277803395922,,,25.93081820961274,59.418095382819075,38.207211392513734,8.364158391079782,108.28808359822959,0.24330952312345738,7.13017144593829,Baseline (no TES/DSM)
2024-01-18 09:00:00,225.31641459773405,97.4,-11.95,237.28854571453024,11.972131116796191,31.932421011462438,28.91996040965147,55.0,865.8671628699559,,,28.715496222636386,65.79893005030908,42.31023585721181,9.26237486002455,119.9170049469848,0.24710136848280634,7.895871606037089,Baseline (no TES/DSM)
2024-01-18 10:00:00,237.41255487821735,100.9,-11.9,250.02741137169616,12.614856493478811,30.532979728940354,27.51985017814157,55.0,848.8271057186498,,,30.25709127754097,69.33135395122734,44.581666232770054,9.759626628553294,126.35476455914548,0.24920053040658946,8.31976247414728,Baseline (no TES/DSM)
2024-01-18 11:00:00,243.7211648304883,100.1,-11.7,256.6712277298037,12.950062899315412,29.803116400818894,26.789637966976077,55.0,872.2518347631375,,,31.061093354255817,71.17365108570488,45.76630595592682,10.01896286168099,129.71230782649104,0.25029532539877164,8.540838130284584,Baseline (no TES/DSM)
2024-01-18 12:00:00,233.2165696703397,98.3,-11.45,245.60847354333347,12.391903872993765,31.018426721501303,28.005529219934147,55.0,872.0632473108836,,,29.72233309047251,68.1060045345939,43.793738180055236,9.587136808085186,124.12159402059916,0.24847235991774805,8.172720544151268,Baseline (no TES/DSM)
2024-01-18 13:00:00,222.40251522561528,98.1,-10.85,234.21981703090105,11.81730180528578,32.26953937979333,29.257239924429943,55.0,849.9581048135618,,,28.344133725311874,64.94798689420574,41.76305970087789,9.1425894092524,118.36618102656503,0.24659569093031,7.793758427304689,Baseline (no TES/DSM)
2024-01-18 14:00:00,224.91845693660588,97.3,-10.75,236.86944267299793,11.950985736392056,31.978462010224433,28.966023416539073,55.0,866.2702754374664,,,28.66477842768435,65.68271486752131,42.23550680325638,9.246015496937893,119.70520550528232,0.24703230698466336,7.881925784102557,Baseline (no TES/DSM)
2024-01-18 15:00:00,224.45437827282464,97.8,-9.9,236.38070530593836,11.926327033113722,32.03215275994906,29.019739831058004,55.0,858.6163885893136,,,28.605633828119295,65.54719043362465,42.148361453655724,9.226938011810343,119.45821540684764,0.2469517708600764,7.865662852034958,Baseline (no TES/DSM)
2024-01-18 16:00:00,231.0814761989122,97.6,-10.15,243.35993241638488,12.278456217472666,31.2654425361889,28.25266311101499,55.0,876.4154317196632,,,29.450225669345603,67.48249529658234,43.39280730018761,9.499366744244702,122.98526307537026,0.24810183619571666,8.09789943558988,Baseline (no TES/DSM)
2024-01-18 17:00:00,225.30716463713347,98.6,-10.7,237.2788042595956,11.971639622462135,31.933491169085116,28.92103107882177,55.0,850.2605089361053,,,28.714317359528874,65.7962287934494,42.308498886492735,9.261994609865342,119.91208196978813,0.24709976324637234,7.895547455213927,Baseline (no TES/DSM)
2024-01-18 18:00:00,217.28340115345551,97.3,-10.85,228.8287001178336,11.545298964378077,32.86178611275152,29.849769758120893,55.0,848.3357624446149,,,27.69172719263742,63.453057066945036,40.801785200927505,8.932151330108356,115.6417065198527,0.2457073208308727,7.614366848033405,Baseline (no TES/DSM)
2024-01-18 19:00:00,216.80630397032246,96.3,-10.7,228.32625249566513,11.51994852534267,32.916983016753086,29.904993046875816,55.0,860.565075896726,,,27.630923445229367,63.31373084769811,40.712195215301236,8.912538675776313,115.38778775688947,0.24562452547487038,7.597647701723773,Baseline (no TES/DSM)
2024-01-18 20:00:00,231.50984220144394,98.5,-10.65,243.81105953890622,12.301217337462276,31.2158834988372,28.203080383874887,55.0,865.6485854439136,,,29.504818861544077,67.60759059728132,43.47324647561425,9.516976142564937,123.21324632344573,0.2481761747517442,8.112910871673758,Baseline (no TES/DSM)
2024-01-18 21:00:00,244.76998038420572,100.2,-10.75,257.7757718346295,13.005791450423771,29.68177556402391,26.66823912786904,55.0,873.2558489075891,,,31.19475986552525,71.47993565612973,45.96325402794246,10.062077886544579,130.27050426401271,0.25047733665396416,8.577592278735567,Baseline (no TES/DSM)
2024-01-18 22:00:00,249.90359695310104,98.7,-10.2,263.18216183095524,13.278564877854194,29.08785099068352,26.074030651768936,55.0,903.1755762123638,,,31.849014671841786,72.97910063319058,46.92725182729602,10.273112138681213,133.00269723178747,0.2513682235139747,8.757492075982869,Baseline (no TES/DSM)
2024-01-18 23:00:00,233.91060546999157,99.0,-9.85,246.33938676094007,12.428781290948507,30.93813149285319,27.925195609245574,55.0,864.6309241096061,,,29.810784623925404,68.30868312379137,43.92406520673479,9.615667440236994,124.49097099017692,0.2485928027607202,8.197041974854965,Baseline (no TES/DSM)
2024-01-19 00:00:00,212.54417751333182,96.2,-9.6,223.83765901952475,11.293481506192933,33.410082102654556,30.398327839797318,55.0,851.616399398456,,,27.087735873233694,72.92141920156897,46.89016133092128,10.264992446738901,93.76108604029561,0.24488487684601817,8.750570304188276,Baseline (no TES/DSM)
2024-01-19 01:00:00,188.70868585061663,93.7,-9.2,198.7356744919697,10.026988641353057,36.16768661521414,33.1572505189499,55.0,825.2105500881607,,,24.0500167970299,64.74374103721026,41.631724884707936,9.113838156159794,83.2463704138917,0.2407484700771788,7.76924892446523,Baseline (no TES/DSM)
2024-01-19 02:00:00,196.16970358567488,93.7,-9.1,206.59313153105433,10.423427945379444,35.30449753291518,32.29364882236686,55.0,845.1567317521767,,,25.0008877176887,67.30352888128982,43.27772775047826,9.474174024172706,86.53770087511353,0.24204325370062724,8.076423465754779,Baseline (no TES/DSM)
2024-01-19 03:00:00,187.788006071491,97.1,-8.7,197.7660746239462,9.978068552455198,36.27420301309112,33.26381783288704,55.0,776.7204887997591,,,23.932680575579106,64.42786658273448,41.4286102951558,9.069373183798945,82.84022456225696,0.24058869548036332,7.7313439899281375,Baseline (no TES/DSM)
2024-01-19 04:00:00,208.56463197536905,91.9,-9.0,219.6466613285939,11.08202935322484,33.87048849530257,30.85895431198292,55.0,904.2249112835519,,,26.58056188385881,71.55608371319826,46.012218992147425,10.072797085912898,92.00556153733531,0.24419426725704615,8.58673004558379,Baseline (no TES/DSM)
2024-01-19 05:00:00,191.1967756556772,97.9,-9.15,201.35596832410806,10.159192668430876,35.879831522012054,32.86925782771091,55.0,775.5902506210712,,,24.367111907594097,65.59737552303187,42.18063162837911,9.234002459668663,84.34395871302843,0.24118025271698193,7.871685062763825,Baseline (no TES/DSM)
2024-01-19 06:00:00,223.89010003133,93.9,-9.1,235.78644428176193,11.896344250431923,32.09743592033456,29.085054197543133,55.0,911.4085861678152,,,28.53371927302093,76.81407239886283,49.39322748658531,10.812952923996534,98.76619147231725,0.24685384611949815,9.21768868786354,Baseline (no TES/DSM)
2024-01-19 07:00:00,209.60670118330557,98.5,-9.0,220.74410062224948,11.137399438943902,33.74992816489829,30.738336352357617,55.0,814.4222448576218,,,26.713368605719932,71.91360545967952,46.24211375496709,10.123124658625525,92.46525674897732,0.24437510775265256,8.629632655161542,Baseline (no TES/DSM)
2024-01-19 08:00:00,221.63649493848288,94.9,-8.95,233.41309444814564,11.77659950966276,32.35816272477819,29.345905632390416,55.0,891.5698158916362,,,28.246508114231187,76.04088687285619,48.8960512871895,10.7041132487504,97.77204303934955,0.24646275591283273,9.124906424742743,Baseline (no TES/DSM)
2024-01-19 09:00:00,225.1172307137785,96.1,-8.8,237.07877824491217,11.961547531133675,31.95546523412826,28.943015647720095,55.0,882.9452955104239,,,28.690111192089244,77.23508657086632,49.66394934943439,10.872218189852642,99.30752413475882,0.2470668021488076,9.268210388503958,Baseline (no TES/DSM)
2024-01-19 10:00:00,222.20136891051777,99.1,-8.85,234.00798285685505,11.80661394633728,32.29281064241491,29.280522310982033,55.0,836.7741360258105,,,28.31849859232926,76.23468852008423,49.020670234601944,10.731394292739166,98.02122980942971,0.24656078403637763,9.148162622410107,Baseline (no TES/DSM)
2024-01-19 11:00:00,212.62790030744202,94.2,-8.75,223.92583040327875,11.297930095836733,33.40039594395854,30.388637051006327,55.0,879.8410454595884,,,27.09840594173409,72.95014351214509,46.90863172784692,10.26903590659377,93.79801925669297,0.2448994060840622,8.75401722145741,Baseline (no TES/DSM)
2024-01-19 12:00:00,186.36490363204584,94.1,-8.7,196.2673559936963,9.902452361650461,36.43884630068845,33.42853982186469,55.0,813.1403649213596,,,23.75131299613635,63.9396167950072,41.1146543742893,9.000643303908806,82.212441520491,0.24034173054896732,7.672754015400864,Baseline (no TES/DSM)
2024-01-19 13:00:00,181.5765534761085,93.9,-8.95,191.22457805449082,9.64802457838232,36.99282589484062,33.98278422461827,55.0,802.7447378131693,,,23.14106073794662,62.296789910308796,40.05827864126427,8.76938607184487,80.10012343107286,0.23951076115773906,7.4756147892370555,Baseline (no TES/DSM)
2024-01-19 14:00:00,182.06065230862913,93.5,-9.05,191.734399356929,9.673747048299873,36.93681894755487,33.926750505369185,55.0,809.7798904199059,,,23.20275681198298,62.462878552746496,40.16507748479213,8.792766015334443,80.31367730405591,0.2395947715786677,7.495545426329579,Baseline (no TES/DSM)
2024-01-19 15:00:00,181.59004819437385,94.3,-8.8,191.23878981122286,9.648741616849009,36.99126464758335,33.9812222310669,55.0,797.1791620298931,,,23.142780575056868,62.30141979017257,40.061255761239885,8.770037810145514,80.1060764496649,0.23951310302862497,7.476170374820708,Baseline (no TES/DSM)
2024-01-19 16:00:00,176.0960508897453,93.4,-8.45,185.45287033925572,9.356819449510425,37.62688282461188,34.617144240876044,55.0,794.3454595553034,,,22.442596972677542,60.41649362926667,38.84920458684571,8.504700780007964,77.68247134313538,0.23855967576308218,7.022734862435236,Baseline (no TES/DSM)
2024-01-19 17:00:00,173.14150759237995,91.7,-8.05,182.341338125617,9.199830533237048,37.96870341907069,34.95912822950046,55.0,810.6970505643975,,,22.066054602044762,59.40282441067399,38.197391803764596,8.362008728944295,76.37911318223414,0.23804694487139397,6.783076614626423,Baseline (no TES/DSM)
2024-01-19 18:00:00,177.86529519942854,92.9,-7.6,187.31612300110893,9.45082780168039,37.42219327336446,34.412356845674864,55.0,806.5970941830021,,,22.668078673077996,61.02350064063639,39.23952415280822,8.590147860646978,78.46295034701733,0.2388667100899533,7.168237807950594,Baseline (no TES/DSM)
2024-01-19 19:00:00,176.84886401066612,93.5,-7.25,186.24568399633904,9.39681998567292,37.53978745906452,34.53000724274476,55.0,795.0741580727664,,,22.53853939377788,60.67477499840778,39.01528548873163,8.541058496744636,78.01456501245501,0.23869031881140323,7.08446410405472,Baseline (no TES/DSM)
2024-01-19 20:00:00,174.18715024913195,90.6,-6.8,183.44254074239376,9.255390493261814,37.84772966490665,34.83809664849409,55.0,830.7295851975539,,,22.19931674281599,59.76157216561205,38.42807491841508,8.412508884249068,76.84038477411757,0.23822840550264002,6.867418714595952,Baseline (no TES/DSM)
2024-01-19 21:00:00,180.67534800234935,91.7,-6.65,190.27548725415977,9.600139251810418,37.09708924784161,34.08709741669813,55.0,832.4685289597384,,,23.026206423298696,61.987596862032426,39.85946035063279,8.725861626765601,79.70256841472894,0.2393543661282376,7.40240164851483,Baseline (no TES/DSM)
2024-01-19 22:00:00,176.31364687406565,94.5,-6.7,185.68202823156855,9.368381357502898,37.60170844697505,34.59195782959789,55.0,779.5992650274454,,,22.470328537095376,60.49114826424584,38.8972092460611,8.515209753538182,77.77846096772342,0.23859743732953742,7.040549582442598,Baseline (no TES/DSM)
2024-01-19 23:00:00,194.40020343671372,89.8,-6.85,204.72960943596755,10.329405999253822,35.50921668302958,32.49846583058361,55.0,900.8558977572116,,,24.775373411799524,66.69643409445882,42.88735174286137,9.388714587569467,85.75710901107789,0.24173617497545563,8.003572091335057,Baseline (no TES/DSM)
2024-01-20 00:00:00,175.79138565665872,95.3,-6.65,185.13201679550502,9.340631138846305,37.6621305230218,34.65240878809017,55.0,767.3162383796999,,,22.403768850165985,65.20199916382393,41.92639547290266,9.178346173966514,68.82527598481191,0.2385068042154673,7.565206496808411,Baseline (no TES/DSM)
2024-01-20 01:00:00,188.02890887902177,90.6,-6.5,198.01977774166872,9.990868862646948,36.24633219429135,33.23593369151615,55.0,870.3230564995247,,,23.96338248281485,69.74096434651041,44.845055203088286,9.81728660911489,73.61647158295511,0.24063050170856298,8.36891572158125,Baseline (no TES/DSM)
2024-01-20 02:00:00,181.913902291901,91.8,-6.3,191.5798518149083,9.6659495230073,36.95379692787405,33.94373660135774,55.0,834.4571527302833,,,23.18405422629453,67.4728745144014,43.38662091443794,9.498012447283664,71.22234393878529,0.23956930460818893,8.096744941728167,Baseline (no TES/DSM)
2024-01-20 03:00:00,206.29115324411418,94.0,-6.5,217.25238187578293,10.961228631668746,34.13351454474309,31.12210609089259,55.0,866.92506473465,,,26.290817925185635,76.51453198962551,49.20061606640101,10.770787260300178,80.76644655945623,0.24379972818288537,9.181743838755061,Baseline (no TES/DSM)
2024-01-20 04:00:00,213.46281352967046,96.5,-8.0,224.80510652993868,11.342293000268228,33.303802154252324,30.291997088360482,55.0,849.7985742451039,,,27.20481162692099,79.17454053438637,50.911063163716726,11.145230982312157,83.57427184952344,0.24504429676862152,9.500944864126364,Baseline (no TES/DSM)
2024-01-20 05:00:00,203.95782701723172,94.3,-7.8,214.79507494569083,10.837247928459107,34.40346454298835,31.392185128333946,55.0,856.6893985182123,,,25.99344669027652,75.6490883609413,48.644115770381724,10.648960608970683,79.85291020539712,0.24339480318551748,9.077890603312955,Baseline (no TES/DSM)
2024-01-20 06:00:00,188.90060147870028,93.7,-8.8,198.93778750876507,10.037186030064788,36.145483280392135,33.135036570679134,55.0,825.7311115671969,,,24.07447552323119,70.06427996259164,45.0529546318823,9.862799057903258,73.95775385638785,0.2407817750794118,8.407713595510996,Baseline (no TES/DSM)
2024-01-20 07:00:00,185.06991019970764,94.6,-9.6,194.90355341048007,9.833643210772436,36.58866824618401,33.57843338396899,55.0,802.615786423549,,,23.586272295124672,68.64345533778565,44.139331493309804,9.662792609846358,72.45797396953826,0.240116997630724,8.237214640534278,Baseline (no TES/DSM)
2024-01-20 08:00:00,209.93244747607412,94.6,-9.35,221.0871553624953,11.154707886421193,33.71224153104995,30.70063170386594,55.0,867.4297274694775,,,26.754883408164453,77.86510820006166,50.06906784765341,10.960904989091913,82.19207432568834,0.24443163770342508,9.343812984007398,Baseline (no TES/DSM)
2024-01-20 09:00:00,214.58903054341852,99.2,-9.55,225.9911648019397,11.402134258521187,33.173506494184565,30.161639145472414,55.0,817.6623541767055,,,27.34834258298511,79.59226066620279,51.17966688243898,11.204032553166034,84.01520470013192,0.24523974025872317,9.551071279944335,Baseline (no TES/DSM)
2024-01-20 10:00:00,226.84660223920736,95.8,-9.95,238.90003949213093,12.053437252923572,31.755388693232963,28.742843467942926,55.0,891.1163320338743,,,28.910511297401793,84.13866193879018,54.103108190643006,11.844019750808913,88.81424961188884,0.24736691696015056,10.09663943265482,Baseline (no TES/DSM)
2024-01-20 11:00:00,204.62807312353547,97.9,-10.65,215.5009344105664,10.87286128703093,34.32592162029883,31.314605139237784,55.0,809.7852474304058,,,26.078866341428714,75.8976863562272,48.803970038621856,10.683955217850004,80.11532279786734,0.24351111756955177,9.107722362747262,Baseline (no TES/DSM)
2024-01-20 12:00:00,197.08859713187607,95.3,-10.45,207.56085025511555,10.472253123239483,35.19818779005679,32.187288262231775,55.0,825.00893085079,,,25.11799629232165,73.10125292766332,47.00579858156223,10.290307256300203,77.1634914895898,0.2422027183149148,8.772150351319599,Baseline (no TES/DSM)
2024-01-20 13:00:00,185.16131367324948,94.1,-9.7,194.9998135846388,9.838499911389306,36.57809348503919,33.56785356796702,55.0,809.8446178328211,,,23.597921229375256,68.67735739267408,44.16113129973943,9.667564929710247,72.49375996251503,0.24013285977244123,8.241282887120889,Baseline (no TES/DSM)
2024-01-20 14:00:00,181.56192973759144,93.7,-7.9,191.20917728729944,9.647247549707998,36.994517762073556,33.98447690058315,55.0,805.5350848095256,,,23.13919701262108,67.3423259434003,43.302675159914955,9.479635403749246,71.08454078023495,0.23950822335688968,8.081079113208036,Baseline (no TES/DSM)
2024-01-20 15:00:00,183.1494195756889,92.6,-7.55,192.8810179993544,9.731598423665503,36.810855968848294,33.800727314913715,55.0,825.92491517198,,,23.34151497747396,67.93113472211017,43.681292840825016,9.562520758041696,71.70606967837753,0.23978371604672755,8.15173616665322,Baseline (no TES/DSM)
2024-01-20 16:00:00,169.98217771985574,93.1,-7.85,179.01413805356648,9.031960333710742,38.334216429518264,35.32481595936029,55.0,780.8701147541317,,,21.663413164746462,63.04733174583284,40.54089442327543,8.875038243140656,66.55087364131755,0.2374986753557226,7.06096709438447,Baseline (no TES/DSM)
2024-01-20 17:00:00,168.9195316198062,91.0,-7.85,177.89502851980197,8.975496899995761,38.45715736659716,35.44781566361752,55.0,808.8183997622215,,,21.527984016690606,62.65319041821288,40.28745242171211,8.819555810197558,66.13482986967941,0.23731426395010427,6.970609502433264,Baseline (no TES/DSM)
2024-01-20 18:00:00,176.01448292331852,91.7,-6.55,185.3669682794131,9.352485356094576,37.63631968437889,34.62658561157028,55.0,819.0822537302782,,,22.432201526628937,65.28474717641774,41.9796043613585,9.189994434978964,68.91262230665791,0.23854552047343167,7.584917842861806,Baseline (no TES/DSM)
2024-01-20 19:00:00,168.41222450617155,92.7,-5.2,177.36076577005988,8.94854126388833,38.51584935439453,35.506535706858394,55.0,781.9627426117507,,,21.463330158553813,62.465027398304635,40.166459242251044,8.79306850373449,65.9362106257697,0.2372262259684082,6.927677859072816,Baseline (no TES/DSM)
2024-01-20 20:00:00,166.08852410895753,86.5,-3.7,174.91359613567883,8.825072026721301,38.784685709518584,35.77550056884435,55.0,875.7225963140253,,,21.167185689461903,61.60315404319018,39.61225471482093,8.67174443219057,65.02644294547716,0.23682297143572212,6.732724873089901,Baseline (no TES/DSM)
2024-01-20 21:00:00,113.71773464593781,88.6,-3.05,119.76009792389448,6.042363277956667,44.84363038719172,41.83734149158331,55.0,653.8402263418714,,,14.492779789267223,42.178537996042785,27.12177674257725,5.937382715318209,44.522400469956224,0.22773455441921242,3.0764273856466424,Baseline (no TES/DSM)
2024-01-20 22:00:00,109.77903936444517,79.9,-2.15,115.61212105755443,5.833081693109264,45.29931068259051,42.29323960739098,55.0,798.2140980850188,,,13.990811969125298,40.71765408815878,26.182394557254206,5.731737207534825,42.98033520460662,0.22705103397611423,2.8585477213157655,Baseline (no TES/DSM)
2024-01-20 23:00:00,92.30485741862896,84.6,-2.2,97.2094528414966,4.904595422867644,47.32095486215852,44.315850156069686,55.0,622.937527527682,,,11.763811301843276,34.23638316374099,22.014787253352193,4.8193825411985225,36.1388998832049,0.2240185677067622,1.9882529879897102,Baseline (no TES/DSM)
2024-01-21 00:00:00,136.53320192319242,86.8,-5.3,143.787859326377,7.254657403184581,42.20403576878788,39.19648511666971,55.0,770.2424245268959,,,17.400501650487875,73.67494088425063,46.49574997562088,0.0,23.61716846650549,0.23169394634681817,6.540550740360238,Baseline (no TES/DSM)
2024-01-21 01:00:00,155.42931466654792,89.7,-3.4,163.68801227588042,8.2586976093325,40.01788385263412,37.009288194819895,55.0,787.0776225872006,,,19.80872057707199,83.87150823709149,52.9307337103498,0.0,26.885770328439136,0.23497317422104883,8.54589416602225,Baseline (no TES/DSM)
2024-01-21 02:00:00,156.07294679397415,89.5,-3.7,164.3658436347931,8.29289684081894,39.94341998655851,36.93478873416203,55.0,792.33897962907,,,19.890748404280547,84.21881979407091,53.149919652315184,0.0,26.997104188407,0.23508487002016223,8.61891023073108,Baseline (no TES/DSM)
2024-01-21 03:00:00,147.30557759752702,85.2,-3.0,155.13262247741974,7.827044879892725,40.95774506117895,37.94959866780475,55.0,837.6578373242571,,,18.77338925629077,79.48784301948376,50.16423265193788,0.0,25.480546805998102,0.23356338240823157,7.650985453533275,Baseline (no TES/DSM)
2024-01-21 04:00:00,151.14075175799357,87.8,-3.2,159.17157765396018,8.030825895966615,40.51404145644493,37.50568296765738,55.0,804.1445070966487,,,19.262163806137245,81.55734864575723,51.47028346131045,0.0,26.143945546892503,0.2342289378153326,8.067306412177325,Baseline (no TES/DSM)
2024-01-21 05:00:00,175.50790542275786,90.5,-4.05,184.8334739105525,9.32556848779464,37.694927260898595,34.68522120318392,55.0,836.1915159732246,,,22.367640654178548,94.70615480046007,59.768404859296645,0.0,30.358914250795785,0.2384576091086521,10.969855243580874,Baseline (no TES/DSM)
2024-01-21 06:00:00,171.13162620835124,91.1,-4.25,180.22466219889253,9.093035990541296,38.201233045593014,35.1917690078519,55.0,813.8969991416907,,,21.809904860828325,92.34466244641888,58.27808322829129,0.0,29.601916524182364,0.23769815043161047,10.415794732881643,Baseline (no TES/DSM)
2024-01-21 07:00:00,137.54733072532596,87.3,-3.75,144.8558736077827,7.308542882456749,42.08670795358469,39.079101217424835,55.0,765.3688025619857,,,17.529747501656445,74.22217685684757,46.84110684532652,0.0,23.792589905608622,0.23186993806962297,6.64138199872113,Baseline (no TES/DSM)
2024-01-21 08:00:00,110.33817127587122,82.7,-2.65,116.20096230270629,5.862791026835069,45.2346229176439,42.228520920950615,55.0,740.9354815613552,,,14.062070649142802,59.539790552917985,37.57515353149193,0.0,19.086018218296374,0.22714806562353415,4.203048523557502,Baseline (no TES/DSM)
2024-01-21 09:00:00,110.7749978795405,83.6,-1.6,116.66099957828233,5.886001698741822,45.18408504619865,42.17795889182303,55.0,725.46303422992,,,14.117742104371693,59.775507387714754,37.72391280953429,0.0,19.161579381033285,0.22722387243070202,4.23781386968137,Baseline (no TES/DSM)
2024-01-21 10:00:00,138.45115997933934,84.8,-0.35,145.80772760227293,7.356567622933596,41.98214104702705,38.97448432668624,55.0,813.4977767428534,,,17.644936204511783,74.70989388040604,47.14890171443752,0.0,23.94893200742937,0.23202678842945942,6.73189589212509,Baseline (no TES/DSM)
2024-01-21 11:00:00,135.3524518954924,85.5,0.8,142.5443704424201,7.191918546927695,42.340640528222465,39.33315517474647,55.0,788.9979149792886,,,17.250020723384413,73.0377941150801,46.09365101874937,0.0,23.41292530859063,0.2314890392076663,6.424123673751822,Baseline (no TES/DSM)
2024-01-21 12:00:00,115.06696907952302,79.8,2.3,121.18102359033995,6.114054510816928,44.68753312621618,41.68116961432623,55.0,824.4684670229522,,,14.664733245699754,62.0915061336718,39.18552373644431,0.0,19.903993720223838,0.22796870031067573,4.586997674485072,Baseline (no TES/DSM)
2024-01-21 13:00:00,113.4279099353868,78.0,2.9,119.45487345011801,6.0269635147312215,44.87716113793001,41.87088827040512,55.0,861.5432748622462,,,14.455843020164476,61.20705031011353,38.62734973123872,0.0,19.62047340876576,0.22768425829310499,4.452019248792705,Baseline (no TES/DSM)
2024-01-21 14:00:00,118.15909802231387,83.8,2.45,124.4374520281287,6.278354005814833,44.329794806960344,41.32326029204971,55.0,753.1517712255737,,,15.058810246858949,63.76005571617378,40.23853393609719,0.0,20.43886237585773,0.2285053077895595,4.847117934261377,Baseline (no TES/DSM)
2024-01-21 15:00:00,114.66883149478299,81.0,2.0,120.76173106499984,6.092899570216844,44.73359494091817,41.727253447104076,55.0,795.4732830942985,,,14.61399252034646,61.87666635399665,39.049939824727474,0.0,19.835124886275715,0.22789960758862277,4.554025519222699,Baseline (no TES/DSM)
2024-01-21 16:00:00,92.29565236092957,77.9,2.15,97.19975867536762,4.904106314438053,47.32201982482047,44.31691562779601,55.0,759.3765258341335,,,11.762638161395133,49.803832590040244,31.430857224199094,0.0,15.96506886112828,0.2240169702627693,2.892003026726217,Baseline (no TES/DSM)
2024-01-21 17:00:00,95.17513678289453,79.1,2.7,100.2322437791075,5.05710699621298,46.988883032501796,43.98361959226876,55.0,745.6805511615069,,,12.129614638407238,51.357636658040725,32.41145231650268,0.0,16.4631548045641,0.22451667545124732,3.0848838465475157,Baseline (no TES/DSM)
2024-01-21 18:00:00,103.7937893281234,80.8,2.9,109.3088462633402,5.515056935216805,45.99176346445514,42.98602338962935,55.0,750.1948266439393,,,13.228020562576528,56.00836415748695,35.34649454963763,0.0,17.953987556215615,0.2260123548033173,3.6993199236872942,Baseline (no TES/DSM)
2024-01-21 19:00:00,113.05911596372907,79.2,2.7,119.06648370337372,6.00736773964465,44.919828095878216,41.91357562364871,55.0,829.7500992567693,,,14.408841997540469,61.00804469332857,38.50175865114115,0.0,19.556680358903996,0.22762025785618267,4.421926004578523,Baseline (no TES/DSM)
2024-01-21 20:00:00,94.47868954939854,81.4,2.15,99.49879099672496,5.020101447326425,47.069457247669014,44.0642323228352,55.0,692.3694712063701,,,12.040855779278292,50.98182544117876,32.17428043461817,0.0,16.34268512092803,0.2243958141284965,3.0376631828130076,Baseline (no TES/DSM)
2024-01-21 21:00:00,87.82054039830346,78.4,1.35,92.48686276222656,4.666322363923101,47.83975988728585,44.8349031759509,55.0,722.9763016634164,,,11.192306608374059,47.38900890867399,29.90687855823161,0.0,15.19097529532096,0.22324036016907123,2.6045682018420218,Baseline (no TES/DSM)
2024-01-21 22:00:00,84.34397985481861,79.5,0.7,88.8255760471648,4.4815961923461884,48.241974331970326,45.23730988375425,55.0,678.8553815392245,,,10.749235643782162,45.513015458627656,28.722951956291126,0.0,14.58960863224602,0.22263703850204453,2.3916249456965537,Baseline (no TES/DSM)
2024-01-21 23:00:00,105.72431973782169,83.7,-1.5,111.34195492163667,5.617635183814983,45.76841420677043,42.762567368437146,55.0,701.2269822704245,,,13.474057402752363,57.05010134526475,36.00392774526544,0.0,18.287925831106477,0.22634737868984436,3.844578646630697,Baseline (no TES/DSM)
2024-01-22 00:00:00,126.28399184875137,85.6,-2.3,132.99406004802083,6.7100681992694575,43.389799769438255,40.3828159261158,55.0,752.6890674055026,,,16.094288990824072,83.16111635662658,23.458249547628746,0.0,26.374694143765502,0.22991530034584262,6.791036670064386,Baseline (no TES/DSM)
2024-01-22 01:00:00,135.49914353292164,85.2,-1.25,142.69885650317246,7.199712970250829,42.3236693019917,39.316175836074876,55.0,795.0668700789668,,,17.268715868911247,89.22952051642764,25.170036803177513,0.0,28.29929918356731,0.23151449604701246,7.85737170674285,Baseline (no TES/DSM)
2024-01-22 02:00:00,150.06007270236736,84.8,-0.55,158.0334769880522,7.973404285684836,40.6390686840177,37.630769959679284,55.0,854.8927768535535,,,19.124436444395236,98.81825070458291,27.874844475960806,0.0,31.340381807508486,0.23404139697397344,9.700551675259202,Baseline (no TES/DSM)
2024-01-22 03:00:00,133.55202925959838,85.8,1.05,140.64828280182118,7.096253542222797,42.54893720007263,39.54155141479542,55.0,776.8522472597074,,,17.020565494867363,87.9472978508865,24.808344938257125,0.0,27.892640012677557,0.23117659419989106,7.62559154596247,Baseline (no TES/DSM)
2024-01-22 04:00:00,118.3671852943869,79.7,1.45,124.65659596515636,6.289410670769456,44.305720522754484,41.29917450005981,55.0,841.3621360544295,,,15.085329971513092,77.94770441579301,21.987640161167374,0.0,24.72125138819597,0.22854141921586826,5.936939666782804,Baseline (no TES/DSM)
2024-01-22 05:00:00,84.64422304441273,79.6,2.1,89.14177258325236,4.497549538839635,48.20723823396128,45.202557181491855,55.0,678.3479509771461,,,10.787500198062657,55.740303885414875,15.7233334001598,0.0,17.678135297677684,0.2226891426490581,2.940667276986333,Baseline (no TES/DSM)
2024-01-22 06:00:00,94.01737245233076,76.9,3.55,99.01296193153276,4.995589479201996,47.12282850287937,44.117629090117845,55.0,794.3454024440165,,,11.982063128143935,61.91275343447167,17.464469981599947,0.0,19.635738515461142,0.22431575724568095,3.669137301187325,Baseline (no TES/DSM)
2024-01-22 07:00:00,100.55595469748768,79.4,4.0,105.89897010256699,5.3430154050793135,46.366358942270665,43.360797928380734,55.0,765.8365104546248,,,12.815374070435526,66.218570750954,18.67906331009,0.0,21.00133604152299,0.22545046158659401,4.224867076328996,Baseline (no TES/DSM)
2024-01-22 08:00:00,99.51720846863977,78.8,4.55,104.80503035365955,5.287821885019781,46.48653482656157,43.481031258123025,55.0,774.8174114429249,,,12.682990846319285,65.53453079673965,18.486107988546504,0.0,20.784391568373398,0.22527019776015766,4.133970043134905,Baseline (no TES/DSM)
2024-01-22 09:00:00,104.77439589525798,75.5,4.95,110.34155711420698,5.567161218948996,45.878313944183404,42.872519639185406,55.0,889.8772613003189,,,13.352994165696913,68.99651809135425,19.462672102230606,0.0,21.882366920622125,0.22618252908372488,4.604145678939071,Baseline (no TES/DSM)
2024-01-22 10:00:00,87.69690244946308,79.3,5.4,92.35665534201783,4.659752892554749,47.85406395831029,44.84921408448539,55.0,701.6240157020825,,,11.17654954487188,57.75056839706354,16.290392725924118,0.0,18.315694219030174,0.22321890406253456,3.1690980295846196,Baseline (no TES/DSM)
2024-01-22 11:00:00,99.5403498875746,74.9,5.05,104.82940138607908,5.289051498504477,46.48385752155,43.47835267332894,55.0,881.2898335152812,,,12.68594010915571,65.54976999059566,18.49040669000749,0.0,20.78922470547593,0.225274213717675,4.13598432390438,Baseline (no TES/DSM)
2024-01-22 12:00:00,94.0340867887973,77.5,5.35,99.03056438007079,4.996477591273489,47.120894767661454,44.11569443055231,55.0,778.7446065869432,,,11.984193290149777,61.923760236358184,17.467574801697214,0.0,19.639229342015387,0.22431865784850782,3.6705080625425017,Baseline (no TES/DSM)
2024-01-22 13:00:00,87.36842407197796,78.1,5.5,92.01072334841994,4.642299276441989,47.89206667580607,44.88723496771611,55.0,727.6427506435926,,,11.134686551335733,57.53425730196135,16.229375271239313,0.0,18.247090775219284,0.2231618999862909,3.14410907617969,Baseline (no TES/DSM)
2024-01-22 14:00:00,81.6627481893841,73.2,5.5,86.00187781039601,4.339129621011907,48.55217462674274,45.54765845782627,55.0,833.5470168455714,,,10.407525529593393,53.776929322229215,15.169500882313788,0.0,17.055447605853008,0.22217173805988588,2.7257886481451417,Baseline (no TES/DSM)
2024-01-22 15:00:00,43.323824545415285,75.7,6.15,45.625825084811396,2.3020005393961114,52.987727723080354,49.98533179942982,55.0,479.90018934197036,,,5.521413618733062,28.529804619657952,8.047742810991,0.0,9.048277654162444,0.21551840841537948,0.6868160648483258,Baseline (no TES/DSM)
2024-01-22 16:00:00,68.35972889362982,69.4,6.55,71.992005924508,3.6322770308781855,50.09124361511285,47.08746313882945,55.0,890.6985542406306,,,8.712119533457264,45.01656374181845,12.698359910222232,0.0,14.277082272467323,0.21986313457733073,1.8660508330618046,Baseline (no TES/DSM)
2024-01-22 17:00:00,59.6426858526434,80.5,2.9,62.81178499022978,3.169099137586379,51.09974629532406,48.09644789489162,55.0,510.37669268646334,,,7.601174212571969,39.27617638151534,11.079100271852623,0.0,12.456508336861818,0.21835038055701392,1.390436431203249,Baseline (no TES/DSM)
2024-01-22 18:00:00,101.43688144975799,76.1,3.65,106.82670467663449,5.389823226876501,46.264441699628044,43.25883196812691,55.0,855.3550794140634,,,12.927643959304474,66.7986826960607,18.84270241656273,0.0,21.185319564011067,0.22560333745055794,4.302726914829642,Baseline (no TES/DSM)
2024-01-22 19:00:00,106.06023600175394,82.7,0.95,111.69572001191052,5.635484010156588,45.72955097632527,42.723685560921986,55.0,721.7430037106324,,,13.51686831923748,69.84327544473597,19.70152706440711,0.0,22.15091750276745,0.2264056735355121,4.722990453278218,Baseline (no TES/DSM)
2024-01-22 20:00:00,125.97571283812943,83.1,0.85,132.66940070957276,6.6936878714433306,43.42546555736695,40.418498762700295,55.0,798.8398180696769,,,16.05500030970052,82.95810704169028,23.400984284980677,0.0,26.310309382901796,0.22986180166394957,6.756706087998386,Baseline (no TES/DSM)
2024-01-22 21:00:00,121.7339759886314,80.4,3.35,128.20228023759964,6.468304248968238,43.91620570415247,40.90947348890589,55.0,839.4532740870122,,,15.514411295373097,80.16481894134436,22.613048141418858,0.0,25.424413154836415,0.2291256914437713,6.293160004754469,Baseline (no TES/DSM)
2024-01-22 22:00:00,108.2845411670474,79.4,3.75,114.03821307367932,5.753671906631908,45.47221397451642,42.46622554907403,55.0,802.9632316405466,,,13.800345342809017,71.30803513403342,20.114709328236938,0.0,22.61546861140896,0.22679167903822536,4.932142625536815,Baseline (no TES/DSM)
2024-01-22 23:00:00,96.0575071442233,77.9,3.8,101.16149866803835,5.103991523815054,46.88679877409502,43.88148653641533,55.0,779.2367629894642,,,12.242068508325856,63.2562323347813,17.843441124438936,0.0,20.06182520881811,0.22466980183885746,3.8383380383654426,Baseline (no TES/DSM)
2024-01-23 00:00:00,89.05957027399032,78.2,3.05,93.79172817926025,4.732157905269929,47.69641254523228,44.6914873122233,55.0,734.538215252739,,,11.350215022541498,64.7078864770507,29.08384170220954,0.0,0.0,0.22345538118215158,3.6120928851145373,Baseline (no TES/DSM)
2024-01-23 01:00:00,80.0254290167474,78.5,3.2,84.27756009462227,4.252131077874878,48.74160133557066,45.73717571479416,55.0,676.5551002419534,,,10.198857055079271,58.14396319409677,26.133596900525504,0.0,0.0,0.221887597996644,2.8810561679205455,Baseline (no TES/DSM)
2024-01-23 02:00:00,87.07382053979943,76.5,3.35,91.70046613152876,4.6266455917293285,47.926150303752465,44.92133488802768,55.0,766.6613390497149,,,11.097140744340049,63.26510309086829,28.43536304066047,0.0,0.0,0.2231107745443713,3.4443482187848655,Baseline (no TES/DSM)
2024-01-23 03:00:00,90.11971024016273,81.5,0.85,94.90819841635333,4.788488176190597,47.57376155082318,44.568777689231794,55.0,668.2958978701938,,,11.48532477585636,65.47815087839267,29.43004753796066,0.0,0.0,0.22363935767376522,3.703275980345436,Baseline (no TES/DSM)
2024-01-23 04:00:00,97.58437861348045,80.8,1.25,102.76950006944483,5.185121455964378,46.71015011447,43.70475343670445,55.0,720.1781337250513,,,12.43666095284963,70.9017444596716,31.867755609773226,0.0,0.0,0.224934774828295,4.3774098426733765,Baseline (no TES/DSM)
2024-01-23 05:00:00,81.27876851704727,79.6,1.5,85.5974954745798,4.318726957532533,48.596598467129624,45.5921035333185,55.0,659.5572350236283,,,10.358589162261946,59.054600308705574,26.542895165874228,0.0,0.0,0.22210510229930558,2.9775571125433427,Baseline (no TES/DSM)
2024-01-23 06:00:00,68.70717539268696,77.2,2.05,72.35791390605503,3.6507385133680685,50.05104641476847,47.04724672376215,55.0,636.6983414050245,,,8.756399923099783,49.92047560740603,22.437438298649,0.0,0.0,0.21992343037784728,2.081370407691283,Baseline (no TES/DSM)
2024-01-23 07:00:00,44.53068988587802,76.9,2.85,46.89681691211766,2.3661270262396386,52.848101599314774,49.84563893277525,55.0,465.79495632788655,,,5.675222817175883,32.35460060064622,14.542216311471435,0.0,0.0,0.21572784760102784,0.8059980869317939,Baseline (no TES/DSM)
2024-01-23 08:00:00,52.35451904352865,73.5,3.0,55.136363267638856,2.781844224110209,51.94293769936546,48.94004235409747,55.0,611.0114043333729,,,6.672332313277946,38.03914912689205,17.097214140746807,0.0,0.0,0.21708559345095182,1.1541980819869269,Baseline (no TES/DSM)
2024-01-23 09:00:00,65.51412036988793,77.2,3.9,68.99519670633762,3.4810763364496893,50.42046119606687,47.41683808956403,55.0,615.4836772192681,,,8.349460377174761,47.60050211893527,21.394694587402356,0.0,0.0,0.2193693082058997,1.8791361046694153,Baseline (no TES/DSM)
2024-01-23 10:00:00,68.57418246227212,79.2,3.25,72.21785442967473,3.643671967402611,50.06643279362904,47.06264045748833,55.0,592.1772150980667,,,8.739450612070748,49.82384712135948,22.394007308315253,0.0,0.0,0.21990035080955644,2.072741954975389,Baseline (no TES/DSM)
2024-01-23 11:00:00,74.72639199805802,73.7,3.4,78.69696007443669,3.970568076378669,49.354663931540344,46.35053136171794,55.0,772.2234019511199,,,9.52352020594003,54.29384933448408,24.40311073995261,0.0,0.0,0.2209680041026895,2.4905683476746727,Baseline (no TES/DSM)
2024-01-23 12:00:00,70.55503252250124,78.9,3.3,74.30395646049865,3.748923937997418,49.83726189411132,46.83336001165152,55.0,610.7678761363097,,,8.991900450328956,51.26307055833575,23.040885902162906,0.0,0.0,0.22024410715883302,2.2031036934783086,Baseline (no TES/DSM)
2024-01-23 13:00:00,84.90847031870653,78.4,3.25,89.42006057011814,4.511590251411604,48.176666618895155,45.171970952843004,55.0,706.7948461141084,,,10.821177245606549,61.69182763199874,27.728232938119397,0.0,0.0,0.22273500007165728,3.2659653725206845,Baseline (no TES/DSM)
2024-01-23 14:00:00,82.6274786457618,77.1,2.85,87.017868977347,4.390390331585209,48.440561864666925,45.43599234356973,55.0,725.3398657446527,,,10.53047579855375,60.03453072641158,26.983338250935425,0.0,0.0,0.22233915720299963,3.083171110418835,Baseline (no TES/DSM)
2024-01-23 15:00:00,95.74576750810122,79.7,1.9,100.83319482462309,5.087427316521868,46.9228649328921,43.91756993525007,55.0,734.908571847174,,,12.20233878708255,69.56586737968676,31.267327444936328,0.0,0.0,0.22461570260066185,4.206147849873715,Baseline (no TES/DSM)
2024-01-23 16:00:00,100.90255486572079,82.0,2.05,106.26398678371419,5.3614319179934,46.326259656654976,43.32067947484649,55.0,711.6037608953761,,,12.859546599274283,73.31262710350485,32.951359680209336,0.0,0.0,0.22551061051501753,4.695119673547738,Baseline (no TES/DSM)
2024-01-23 17:00:00,110.68657499139091,79.3,1.5,116.56787836217228,5.881303370781367,45.1943149738555,42.188193709502656,55.0,816.4937995742235,,,14.106473031431813,80.42138881921167,36.14648954296061,0.0,0.0,0.22720852753921675,5.696577514588273,Baseline (no TES/DSM)
2024-01-23 18:00:00,111.17829214744779,83.3,-0.15,117.08572278585501,5.90743063840722,45.137426638274555,42.13127818064466,55.0,732.9377068597465,,,14.169140024258617,80.77865506039225,36.30706772546276,0.0,0.0,0.22729386004258817,5.749456330292505,Baseline (no TES/DSM)
2024-01-23 19:00:00,119.30892623606393,84.2,-0.45,125.64837607531533,6.339449839251401,44.19676749140196,41.19016938790836,55.0,750.347724017083,,,15.205350337103003,86.68611841300017,38.96225766231515,0.0,0.0,0.22870484876289707,6.65917517585702,Baseline (no TES/DSM)
2024-01-23 20:00:00,126.93166259114837,83.0,-1.05,133.6761446126968,6.744482021548421,43.314868663037764,40.30784900178683,55.0,804.6867782713678,,,16.176831520137874,92.22455922505235,41.45158538764444,0.0,0.0,0.23002769700544334,7.57263123292976,Baseline (no TES/DSM)
2024-01-23 21:00:00,127.1539043529622,84.7,0.0,133.91019513472366,6.756290781761464,43.2891568004956,40.28212484867939,55.0,772.5033034729917,,,16.205155166611963,92.38603310876482,41.524162025958844,0.0,0.0,0.2300662647992566,7.60014248267098,Baseline (no TES/DSM)
2024-01-23 22:00:00,129.75128466713858,84.1,-0.35,136.6455865997389,6.894301932600314,42.98865753760812,39.98148194369684,55.0,794.0260060717391,,,16.53617882830853,94.2732080635775,42.37237853616139,0.0,0.0,0.23051701369358782,7.925365219242649,Baseline (no TES/DSM)
2024-01-23 23:00:00,141.72342607874788,82.8,-0.2,149.25386473926702,7.530438660519138,41.603562082107274,38.59572439667807,55.0,865.4992490629256,,,18.061970822183934,102.97178997865167,46.282074760615345,0.0,0.0,0.23259465687683908,9.512392630203593,Baseline (no TES/DSM)
2024-01-24 00:00:00,145.36408363611685,87.2,-0.1,153.0879677218439,7.7238840857270645,41.18236272734048,38.174323703787586,55.0,794.7261751784515,,,18.525955164040198,86.02473611175814,42.03509204623456,0.0,25.028139563851205,0.23322645590898927,8.164248433752268,Baseline (no TES/DSM)
2024-01-24 01:00:00,130.3087350695163,84.4,0.25,137.23265698928128,6.923921919764979,42.92416431183886,39.91695788942578,55.0,790.4294311872347,,,16.60722320806383,77.11515985938486,37.681520331990534,0.0,22.435976797905887,0.23061375353224173,6.512761915481886,Baseline (no TES/DSM)
2024-01-24 02:00:00,100.5329491072511,79.0,0.8,105.8747421160695,5.341793008818399,46.36902053282429,43.36346079120518,55.0,775.1094495836543,,,12.812442118315142,59.49420380303172,29.071223535390224,0.0,17.30931477764755,0.22544646920076358,3.7948899542759844,Baseline (no TES/DSM)
2024-01-24 03:00:00,107.02490428602904,79.3,2.2,112.71164570325993,5.686741417230891,45.617945407139494,42.61202664299377,55.0,799.4126043845378,,,13.6398106646616,63.336065679323845,30.948509359191608,0.0,18.42707066474448,0.22657308188929076,4.325367343554376,Baseline (no TES/DSM)
2024-01-24 04:00:00,107.87595830337867,83.7,2.6,113.60792026213724,5.731961958758575,45.519484237053945,42.51351840733935,55.0,710.8330218518511,,,13.748273416761101,63.83970932655805,31.194609586020405,0.0,18.573601349558786,0.2267207736444191,4.397476735352664,Baseline (no TES/DSM)
2024-01-24 05:00:00,110.43450234583125,77.4,2.85,116.30241189988166,5.867909554050414,45.22347806705804,42.21737074299831,55.0,863.4762551131704,,,14.07434758191975,65.35382526618216,31.93446658259503,0.0,19.014120051104477,0.22716478289941294,4.617844539893103,Baseline (no TES/DSM)
2024-01-24 06:00:00,98.52638391231027,79.4,2.75,103.76155858330752,5.235174670997253,46.60116649879022,43.59571772560608,55.0,755.7512329813273,,,12.556715009490569,58.306742381557626,28.490982869633694,0.0,16.9638333321162,0.22509825025181468,3.637932636142497,Baseline (no TES/DSM)
2024-01-24 07:00:00,112.15045923898434,80.9,3.1,118.10954573170686,5.95908649272252,45.02495350801491,42.01875128693844,55.0,786.4901766037283,,,14.29303805669726,66.36930815040108,32.430671725893156,0.0,19.30956585541262,0.22746256973797763,4.768653304451627,Baseline (no TES/DSM)
2024-01-24 08:00:00,117.96211920823905,80.0,3.05,124.23000679422579,6.267887585986742,44.35258391801615,41.34606029656205,55.0,832.5287300335044,,,15.033706241890629,69.80857941136743,34.11123583525436,0.0,20.310191547603992,0.22847112412297577,5.297388899446649,Baseline (no TES/DSM)
2024-01-24 09:00:00,114.56387596213003,80.4,2.95,120.65119874647183,6.087322784341808,44.7457375832667,41.739401893774954,55.0,808.3900523685348,,,14.600616441169892,67.79753946822798,33.12856209582319,0.0,19.72509718242066,0.22788139362509996,4.984853039114991,Baseline (no TES/DSM)
2024-01-24 10:00:00,110.63701580353406,80.5,2.75,116.51568585931201,5.87867005577796,45.200048635321636,42.193930111724754,55.0,788.5170072607048,,,14.100156950669378,65.47367032227984,31.99302762203615,0.0,19.048987914996022,0.22719992704701755,4.635516752819324,Baseline (no TES/DSM)
2024-01-24 11:00:00,97.90682615130335,79.7,2.45,103.1090807762292,5.202254624925857,46.67284512416619,43.667430614187296,55.0,745.8071251135683,,,12.477755344800089,57.940095466009865,28.3118246700259,0.0,16.85716064019344,0.22499073231375072,3.590138036388482,Baseline (no TES/DSM)
2024-01-24 12:00:00,95.53971091010783,78.2,2.55,100.61618946103232,5.076478550924492,46.94670428189778,43.94142067973807,55.0,769.0823070953339,,,12.176077862098925,56.53926481461107,27.627323350588707,0.0,16.44960129583254,0.22457994357715333,3.4104356931922615,Baseline (no TES/DSM)
2024-01-24 13:00:00,92.46977117493633,80.1,2.65,97.38312924883854,4.9133580739022165,47.301875460524535,44.296761634262836,55.0,709.3090339276473,,,11.784828769011657,54.72251098525242,26.739585498731444,0.0,15.92103276485468,0.2240471868092132,3.1842343598867533,Baseline (no TES/DSM)
2024-01-24 14:00:00,101.23110548174546,79.3,2.2,106.60999485422826,5.378889372482803,46.288248581650755,43.28265023011235,55.0,771.4896999167261,,,12.901418799265773,59.90736444339295,29.273110182562295,0.0,17.429520228273017,0.22556762712752387,3.8502767762764774,Baseline (no TES/DSM)
2024-01-24 15:00:00,115.93819882500871,81.9,0.2,122.09854590960214,6.160347084593425,44.586737761403725,41.580326068173036,55.0,781.7142836001236,,,14.775767297569475,68.6108473958413,33.52597655059983,0.0,19.961721963161004,0.2281198933578944,5.11010664682133,Baseline (no TES/DSM)
2024-01-24 16:00:00,120.92344450261362,84.9,0.45,127.34868136458205,6.425236861968429,44.00997869256162,41.00329130187929,55.0,744.0084902853669,,,15.411112945509757,71.56105650624147,34.96756552973022,0.0,20.820059328610355,0.22898503196115758,5.577477892793272,Baseline (no TES/DSM)
2024-01-24 17:00:00,139.6826897001099,81.8,0.35,147.10469434554193,7.422004645432025,41.83966142196186,38.831936594725704,55.0,879.4236660766438,,,17.801888759912543,82.66255474022086,40.39219710907255,0.0,24.049942496248526,0.23224050786705722,7.51915390552416,Baseline (no TES/DSM)
2024-01-24 18:00:00,125.45275859493724,85.6,0.25,132.11865942397287,6.665900829035635,43.48596781179053,40.479029937895596,55.0,749.4421407918724,,,15.988352299959168,74.24145072614215,36.27731227056701,0.0,21.599896427263715,0.2297710482823142,6.019808128874715,Baseline (no TES/DSM)
2024-01-24 19:00:00,127.63562274370479,80.9,1.85,134.41750951120767,6.781886767502883,43.233425254157375,40.22636666202265,55.0,852.5119818352797,,,16.26654786476243,75.53324377204754,36.90853349882831,0.0,21.975732240331816,0.23014986211876393,6.239004277103066,Baseline (no TES/DSM)
2024-01-24 20:00:00,93.02552286140117,82.4,0.25,97.96841066162455,4.9428878002233745,47.23757876464998,44.232434203830024,55.0,665.5919583869577,,,11.855656655572416,55.05139822463047,26.900292825541815,0.0,16.016719611452263,0.22414363185302502,3.2246096343830564,Baseline (no TES/DSM)
2024-01-24 21:00:00,113.96361202977842,77.3,1.85,120.01903994079011,6.055427911011691,44.8151840436965,41.808881550409545,55.0,882.6133941509771,,,14.524115682391175,67.44231041104757,32.954983113881575,0.0,19.62174641586096,0.22777722393445526,4.9306328401590385,Baseline (no TES/DSM)
2024-01-24 22:00:00,114.35616343143059,86.6,0.0,120.43244946260651,6.0762860311759255,44.769768512440606,41.763444310008694,55.0,687.7871024160103,,,14.574144475506214,67.67461766255516,33.06849763472176,0.0,19.68933416532959,0.2278453472313391,4.966057439070751,Baseline (no TES/DSM)
2024-01-24 23:00:00,108.80126268940101,82.2,0.6,114.58239046438376,5.78112777498275,45.412432803565885,42.406415802037955,55.0,744.0764957337523,,,13.86619902217716,64.38729345903111,31.462180873674917,0.0,18.732916131677733,0.22688135079465116,4.476552537318274,Baseline (no TES/DSM)
2024-01-25 00:00:00,92.16185144614259,75.7,2.5,97.05884828256838,4.896996836425785,47.337499681985676,44.33240288451053,55.0,817.5068414730606,,,11.745585876633674,53.2167106677239,26.76188277748354,0.0,17.080254837360936,0.2239937504770215,3.0852389025033506,Baseline (no TES/DSM)
2024-01-25 01:00:00,86.27094817509844,81.1,2.65,90.85493334531604,4.583985170217602,48.01903718384028,45.0142661691098,55.0,656.1016787325842,,,10.994818512748573,49.81514602869425,25.051287120827215,0.0,15.988500195794575,0.2229714442242396,2.684327844991617,Baseline (no TES/DSM)
2024-01-25 02:00:00,96.1091855885104,79.2,2.75,101.21592303348707,5.106737444976673,46.880819929052315,43.87550483341611,55.0,748.151036034558,,,12.248654678154475,55.49600666348601,27.90810642581528,0.0,17.811809944185786,0.22467877010642154,3.3694445078779647,Baseline (no TES/DSM)
2024-01-25 03:00:00,94.1422350290161,77.0,3.2,99.1444590498796,5.002224020863494,47.10838275073002,44.10317643273324,55.0,792.355014737004,,,11.997976264590559,54.360236958561046,27.336944936801004,0.0,17.44727715451755,0.22433742587390496,3.226263945442234,Baseline (no TES/DSM)
2024-01-25 04:00:00,71.82228191574923,80.2,3.25,75.63854083207362,3.8162589163243865,49.69064974552176,46.68667778077297,55.0,592.2580322763787,,,9.153405306643661,41.472100833821735,20.85569527174582,0.0,13.310744726506062,0.22046402538171736,1.8188046647006526,Baseline (no TES/DSM)
2024-01-25 05:00:00,74.68266468822436,74.4,3.05,78.65090932497415,3.9682446367497874,49.359722884324945,46.355592732740014,55.0,750.3526026898862,,,9.517947370056785,43.12376212331642,21.686290873446026,0.0,13.840856328211707,0.22096041567351257,1.9768649573555348,Baseline (no TES/DSM)
2024-01-25 06:00:00,66.66000096135333,78.0,2.8,70.20196337532079,3.541962413967454,50.28789059359751,47.284204116825805,55.0,605.1742623854337,,,8.495497361894955,38.491262150300635,19.35667636535252,0.0,12.354024859667632,0.21956816410960373,1.5501453764600224,Baseline (no TES/DSM)
2024-01-25 07:00:00,100.83954952499653,79.5,2.2,106.19763367003003,5.3580841450335015,46.333548946691664,43.327972249247445,55.0,764.9210509447036,,,12.851516870828604,58.22744494311005,29.28170562306075,0.0,18.68848310385923,0.2254996765799625,3.7264811486693366,Baseline (no TES/DSM)
2024-01-25 08:00:00,132.65225352176918,82.9,1.15,139.70069770607975,7.0484441843105685,42.65303514233621,39.64569911706964,55.0,829.2132185532271,,,16.905893393205428,76.59694856732412,38.51945249812145,0.0,24.58429664063418,0.23102044728649568,6.59360237579808,Baseline (no TES/DSM)
2024-01-25 09:00:00,139.80495232759122,86.4,0.35,147.23345336703653,7.428501039445308,41.825516466278515,38.817784877591265,55.0,789.0798524834086,,,17.817470545304776,80.72710759592442,40.596447306498504,0.0,25.909898464613605,0.23226172530058223,7.3499529896359075,Baseline (no TES/DSM)
2024-01-25 10:00:00,141.5009274107171,83.0,-0.35,149.0195436603758,7.518616249658692,41.62930366695404,38.6214782862977,55.0,860.5005937359022,,,18.033614434244843,81.70640883480114,41.08892315909866,0.0,26.224211666476002,0.23255604449956896,7.535306391980592,Baseline (no TES/DSM)
2024-01-25 11:00:00,146.02292577396096,84.8,-0.75,153.78181727125906,7.7588914972980945,41.106139166354524,38.09806370706502,55.0,840.785752258293,,,18.60992143411578,84.31753127603483,42.402017332210235,0.0,27.062268663013995,0.23334079125046822,8.040786647627085,Baseline (no TES/DSM)
2024-01-25 12:00:00,144.97170459576844,87.3,0.3,152.67473971970577,7.703035123937326,41.22775831756408,38.21974099362411,55.0,791.6416230993599,,,18.475948337546512,83.71052813525756,42.096764589317615,0.0,26.867446995130592,0.23315836252365388,7.921816086681805,Baseline (no TES/DSM)
2024-01-25 13:00:00,139.82924208159346,81.8,0.85,147.259033751019,7.429791669425526,41.82270630669828,38.81497337472251,55.0,879.972969121059,,,17.820566157937108,80.74113314761036,40.60350054532892,0.0,25.914400058079714,0.2322659405399526,7.352591345467567,Baseline (no TES/DSM)
2024-01-25 14:00:00,102.25881176085342,82.2,1.2,107.69230804843829,5.433496287584873,46.16934994456969,43.163694758118716,55.0,714.0249100452629,,,13.032395034745075,59.046964804984384,29.69382982619385,0.0,18.95151341726006,0.22574597508314548,3.837102075828574,Baseline (no TES/DSM)
2024-01-25 15:00:00,118.48489285220684,78.8,1.5,124.78055788450692,6.295665032300079,44.292102557696325,41.28555002545813,55.0,863.831825428925,,,15.100331235127157,68.4163367214567,34.405545935309824,0.0,21.958675227740393,0.2285618461634555,5.216566742606319,Baseline (no TES/DSM)
2024-01-25 16:00:00,114.32507615079905,84.9,1.1,120.3997103671241,6.074634216325052,44.773365099688135,41.767042616466185,55.0,716.792541578208,,,14.570182550711966,66.01434762991865,33.19762177588741,0.0,21.187740961318042,0.2278399523504678,4.842799959919699,Baseline (no TES/DSM)
2024-01-25 17:00:00,131.82130515552183,83.2,-1.05,138.8255971070279,7.004291951506076,42.749170225131756,39.74188015353765,55.0,819.8660279307667,,,16.799993009894333,76.11713682208979,38.27816239356395,0.0,24.43029789137416,0.23087624466230236,6.508394158811742,Baseline (no TES/DSM)
2024-01-25 18:00:00,119.35212756814987,83.7,-0.2,125.69387289933466,6.341745331184796,44.191769390670714,41.185168898027634,55.0,760.0239952422652,,,15.210856139645365,68.9171011726387,34.6573728403085,0.0,22.119398886387472,0.22871234591399392,5.296236748473804,Baseline (no TES/DSM)
2024-01-25 19:00:00,123.37912684906208,83.1,0.2,129.9348457759318,6.555718926869716,43.72587292223376,40.71904972573387,55.0,788.3434664259424,,,15.724077880928814,71.24239794379426,35.82672958618247,0.0,22.86571824595506,0.22941119061664936,5.674083861784303,Baseline (no TES/DSM)
2024-01-25 20:00:00,117.71524206814195,83.1,0.0,123.97001189927599,6.254769831134041,44.38114592652066,41.37463595803429,55.0,764.8828501437035,,,15.002242934627505,67.97191983477224,34.18205537235405,0.0,21.8160366921497,0.228428281110219,5.14636642493536,Baseline (no TES/DSM)
2024-01-25 21:00:00,119.61643556085927,82.7,-0.35,125.97222483087374,6.355789270014469,44.16119075089627,41.15457564131257,55.0,780.8673848905721,,,15.24454092546006,69.06971965582316,34.73412237829032,0.0,22.168382796760255,0.2287582138736556,5.320637733301106,Baseline (no TES/DSM)
2024-01-25 22:00:00,135.54899066564806,84.1,-0.5,142.75135225078066,7.202361585132593,42.31790232725966,39.310406104662746,55.0,816.1890555567977,,,17.27506864686607,78.2696018403146,39.3606046523506,0.0,25.121145758115446,0.23152314650911052,6.894971634155975,Baseline (no TES/DSM)
2024-01-25 23:00:00,159.54527105349797,86.8,-0.55,168.02266897200928,8.477397918511315,39.541695651158655,36.53287236992115,55.0,849.3574884454168,,,20.333279474802602,92.12569403533782,46.328624855487966,0.0,29.568350081183503,0.235687456523262,9.650150428902991,Baseline (no TES/DSM)
2024-01-26 00:00:00,155.2683372321808,87.7,-0.55,163.51848134595676,8.250144113775946,40.03650784855216,37.02792109322165,55.0,819.5619035376753,,,19.7882047752528,91.8447239720562,35.72044368821019,0.0,35.95331368569037,0.23494523822717175,9.348043525511212,Baseline (no TES/DSM)
2024-01-26 01:00:00,134.18012013337145,83.0,-0.25,141.30974712646997,7.129626993098526,42.476271351500124,39.46885083111365,55.0,833.0354755511152,,,17.100612663847496,79.37056785607562,30.868968591672303,0.0,31.070210678722045,0.2312855929727498,6.9165395413139334,Baseline (no TES/DSM)
2024-01-26 02:00:00,102.95935444354063,81.9,0.2,108.43007389067654,5.470719447135906,46.08830191374427,43.082607985404756,55.0,723.3119083857113,,,13.121675839228025,60.90278068134156,23.686437867080592,0.0,23.840855342254386,0.2258675471293836,3.9873165324494835,Baseline (no TES/DSM)
2024-01-26 03:00:00,123.56322221446224,80.0,1.15,130.12872300234952,6.565500787887274,43.70457433869487,40.69774096122771,55.0,856.4895132485369,,,15.747539952164022,73.0904332440614,28.426485397634004,0.0,28.611804360654112,0.2294431384919577,5.830610530494021,Baseline (no TES/DSM)
2024-01-26 04:00:00,124.1203282656941,85.9,1.3,130.7154307437344,6.595102478040303,43.6401209520146,40.63325676508918,55.0,738.9233400339854,,,15.818540446017602,73.41997404040573,28.554651098936205,0.0,28.740805604392463,0.2295398185719781,5.885291837316292,Baseline (no TES/DSM)
2024-01-26 05:00:00,137.79370756279417,80.6,1.9,145.11534161664898,7.321634053854808,42.05820382669667,39.05058346523716,55.0,899.46062063714,,,17.561147047749404,81.508086334862,31.70029678508304,0.0,31.906958496703936,0.231912694259955,7.307263274949111,Baseline (no TES/DSM)
2024-01-26 06:00:00,117.30739679983365,81.8,2.3,123.54049587503869,6.233099075205033,44.42833085428417,41.42184344073459,55.0,789.7099697921357,,,14.950265011570124,69.38997139416888,26.98729397309804,0.0,27.163230507771765,0.22835750371857375,5.234086574389063,Baseline (no TES/DSM)
2024-01-26 07:00:00,133.00888634966498,80.7,2.6,140.0762801297418,7.067393780076827,42.61177514613186,39.60441939811376,55.0,878.566508673239,,,16.951344536392636,78.67775665265296,30.599518997747342,0.0,30.7990044793415,0.2310823372808022,6.792199522297743,Baseline (no TES/DSM)
2024-01-26 08:00:00,118.88519488992065,83.0,2.8,125.202129870486,6.31693498056535,44.245790330484624,41.23921566047052,55.0,771.7801569604391,,,15.151347809629305,70.32327455597823,27.350276206520423,0.0,27.52857910798735,0.22863131450427307,5.381506730003053,Baseline (no TES/DSM)
2024-01-26 09:00:00,100.9746751009878,78.2,3.25,106.33993910957406,5.365264008586266,46.31791583522123,43.31233166497038,55.0,796.8021171567906,,,12.8687379773063,59.728798080386476,23.229850078748694,0.0,23.381290950438892,0.22552312624716817,3.8281682889345903,Baseline (no TES/DSM)
2024-01-26 10:00:00,95.04513313248191,76.3,3.55,100.09533241737175,5.0501992848898425,47.00392357196706,43.998667321284444,55.0,816.2160721755448,,,12.113046296775236,56.221340249085145,21.86572218404361,0.0,22.008269984242997,0.2244941146420494,3.371956884097798,Baseline (no TES/DSM)
2024-01-26 11:00:00,102.34726357441333,80.8,4.0,107.78545972690299,5.4381961524896525,46.15911667043932,43.15345659236591,55.0,743.3134590696737,,,13.04366779408974,60.54071512488008,23.54562256749999,0.0,23.699122034522915,0.225761324994341,3.937888976141968,Baseline (no TES/DSM)
2024-01-26 12:00:00,113.35288784114418,78.7,4.35,119.3758650757345,6.022977234590314,44.88584068473997,41.87957196613803,55.0,843.3710969300093,,,14.44628181412592,67.05079014040979,26.077534668068818,0.0,26.24754026725589,0.22767123897289004,4.873583723849944,Baseline (no TES/DSM)
2024-01-26 13:00:00,114.33928941240981,77.5,4.6,120.41467884682184,6.075389434412031,44.771720721845604,41.76539745259218,55.0,878.9355594869661,,,14.571993962724816,67.63426892078098,26.304462465509374,0.0,26.475947460531486,0.2278424189172316,4.962304374822649,Baseline (no TES/DSM)
2024-01-26 14:00:00,113.00213964322005,82.3,2.45,119.00647996038015,6.0043403171601,44.926419869220595,41.920170547934376,55.0,760.6882068492755,,,14.40158063880068,66.84331466925906,25.99684287039757,0.0,26.16632242072352,0.22761037019616912,4.8422286951972096,Baseline (no TES/DSM)
2024-01-26 15:00:00,124.99625574829034,79.1,3.5,131.6379004131889,6.641644664898564,43.53878209092198,40.53186946285836,55.0,884.3111408304529,,,15.93017320194753,73.93810490528573,28.756163647307524,0.0,28.94363186059565,0.22969182686361703,5.97178165148593,Baseline (no TES/DSM)
2024-01-26 16:00:00,111.76722786899155,80.8,3.6,117.70595145909193,5.9387235901003805,45.06929077490249,42.06310974754824,55.0,786.9688848149092,,,14.244197056910044,66.1128364980125,25.71274375993132,0.0,25.880371201148115,0.22739606383764627,4.732638169825206,Baseline (no TES/DSM)
2024-01-26 17:00:00,116.09864181570542,78.9,3.3,122.26751399832516,6.168872182619737,44.56817559698881,41.56175503083058,55.0,850.7755010112203,,,14.79621498710654,68.67496555430407,26.709212394373896,0.0,26.883336049647195,0.2281477366045168,5.122530675923702,Baseline (no TES/DSM)
2024-01-26 18:00:00,107.57043313542052,80.3,3.1,113.28616109109142,5.7157279556709,45.554831424088476,42.54888249073479,55.0,778.9027067630118,,,13.709335699675169,63.63033774299701,24.747245110149734,0.0,24.908578237944674,0.22666775286386728,4.3695596520647175,Baseline (no TES/DSM)
2024-01-26 19:00:00,99.76161980184433,79.3,3.4,105.0624284216867,5.300808619842371,46.45825809516861,43.45274101012806,55.0,764.2263840591306,,,12.71413989832216,59.011248507184874,22.950779185892124,0.0,23.100400728609706,0.22531261285724707,3.732488107467657,Baseline (no TES/DSM)
2024-01-26 20:00:00,88.73984801207243,76.3,4.5,93.45501755523173,4.7151695431593055,47.73340223962192,44.72849468811122,55.0,781.5286074492682,,,11.309467953932279,52.49162186752514,20.41515224752846,0.0,20.548243440178133,0.2233998966405671,2.91851247381733,Baseline (no TES/DSM)
2024-01-26 21:00:00,81.41024326570881,77.6,3.7,85.7359561010006,4.325712835291782,48.581387731587554,45.57688552687034,55.0,705.8089020461407,,,10.375344988309081,48.155995320900985,18.728931229988937,0.0,18.851029550110674,0.22212791840261867,2.432439918036896,Baseline (no TES/DSM)
2024-01-26 22:00:00,91.98392800098144,78.0,3.15,96.87147091982195,4.887542918840509,47.35808421626797,44.35299725843636,55.0,755.2326475680106,,,11.722910387026916,54.410568360003374,21.161472963197575,0.0,21.299429596620996,0.22396287367559806,3.147732707232883,Baseline (no TES/DSM)
2024-01-26 23:00:00,95.0446825417095,80.4,2.25,100.09485788457181,5.050175342862303,47.003975702259346,43.99871947649561,55.0,716.0078354592772,,,12.112988871142731,56.22107371447899,21.86561852284263,0.0,22.008165647250188,0.22449403644661098,3.3719233133700017,Baseline (no TES/DSM)
2024-01-27 00:00:00,106.73519464748912,80.0,1.6,112.40654241581701,5.671347768327891,45.65146284482757,42.645560102401575,55.0,781.7792142531594,,,13.602888560934684,74.31221687089972,30.48956992223581,0.0,7.604755622681488,0.22652280573275865,5.060009725455822,Baseline (no TES/DSM)
2024-01-27 01:00:00,110.72981078882107,81.9,1.35,116.6134114828432,5.883600694022135,45.189312885717996,42.18318923030964,55.0,758.8514414023615,,,14.111983226416967,77.09338743034874,31.630656782627813,0.0,7.88936726986665,0.227216030671423,5.46315526511982,Baseline (no TES/DSM)
2024-01-27 02:00:00,116.31007998370893,82.1,1.15,122.49018688029723,6.180106896588299,44.54371363688056,41.53728137762477,55.0,779.1470512443516,,,14.823161767373149,80.978536803787,33.224695266038516,0.0,8.28695481047172,0.22818442954467916,6.052151062166264,Baseline (no TES/DSM)
2024-01-27 03:00:00,113.3106467024083,81.1,1.65,119.33137946469787,6.020732762289569,44.89072769762152,41.884461315067796,55.0,787.2916406368075,,,14.440898383620087,78.89024214872077,32.3678885580044,0.0,8.0732487579727,0.2276639084535677,5.731820545076613,Baseline (no TES/DSM)
2024-01-27 04:00:00,104.43067345867702,80.9,1.8,109.97957107226074,5.548897613583719,45.91808029579034,42.91230499956462,55.0,751.050533544464,,,13.309188389953064,72.70774068165225,29.831269160658344,0.0,7.440561229950141,0.2261228795563145,4.8344480646514105,Baseline (no TES/DSM)
2024-01-27 05:00:00,100.73778723226319,80.2,1.35,106.09046426342297,5.352677031159786,46.345322152867595,43.33975108315099,55.0,748.6148545057562,,,12.83854775476217,70.13664346256566,28.776373320659467,0.0,7.1774474801978485,0.2254820167706986,4.4837000482369325,Baseline (no TES/DSM)
2024-01-27 06:00:00,85.28529814173162,80.5,1.45,89.81691104490504,4.531612903173425,48.133070198903646,45.12835369326258,55.0,662.9142961771965,,,10.869202144049833,59.37816099309274,24.362274033593327,0.0,6.0764760182189725,0.22280039470164453,3.159011911463707,Baseline (no TES/DSM)
2024-01-27 07:00:00,86.09041248430681,78.1,1.45,90.66480493592343,4.5743924516166174,48.03992393720161,45.035162906578854,55.0,720.5256275264005,,,10.971810104966861,59.93870554289115,24.592259935848105,0.0,6.133839457184173,0.2229401140941976,3.222332164619882,Baseline (no TES/DSM)
2024-01-27 08:00:00,74.88478383154084,79.3,2.55,78.86376801822226,3.9789841866814157,49.33633907208515,46.33219774276971,55.0,628.7578574884038,,,9.543706485329356,52.137013613914036,21.391302655922853,0.0,5.3354517483853705,0.22099549139187227,2.3973623647867046,Baseline (no TES/DSM)
2024-01-27 09:00:00,85.77933965558935,76.5,3.5,90.3372033305568,4.55786367496745,48.07591295091043,45.0711691234491,55.0,759.2431685948079,,,10.932165365128672,59.722127388078746,24.503400054218503,0.0,6.111675888259555,0.22288613057363435,3.197792781408187,Baseline (no TES/DSM)
2024-01-27 10:00:00,78.55064627198274,78.8,3.2,82.72441513900566,4.173768867022915,48.91222368351952,45.907879622182776,55.0,661.2122289350184,,,10.010903068628231,54.689296069506234,22.438478983958728,0.0,5.596640085540695,0.2216316644747207,2.653888761095649,Baseline (no TES/DSM)
2024-01-27 11:00:00,66.96994444233677,77.1,3.4,70.52837562534509,3.5584311830083237,50.252032237751834,47.24832862027466,55.0,627.5570890321181,,,8.534998171781798,46.62646703992409,19.130379726261246,0.0,4.771528859159758,0.21962195164337225,1.8878033787176063,Baseline (no TES/DSM)
2024-01-27 12:00:00,81.05446898129385,73.3,4.5,85.36127783931165,4.306808858017803,48.62254840014175,45.61806587069631,55.0,826.3449454414036,,,10.330003262370163,56.43253190465059,23.15371146018693,0.0,5.775034474474136,0.22206617739978737,2.836564828132,Baseline (no TES/DSM)
2024-01-27 13:00:00,81.55274608749825,80.0,5.1,85.88603077444591,4.333284686947664,48.56490112287901,45.56039103737369,55.0,652.6922824265173,,,10.393506289375914,56.77944724499692,23.296047404019173,0.0,5.810536125429817,0.2221526483156815,2.873641510198945,Baseline (no TES/DSM)
2024-01-27 14:00:00,107.99703447514898,75.9,4.95,113.73542978589452,5.738395310745545,45.505476546238846,42.49950402068733,55.0,893.9252620255535,,,13.763703994064262,75.19074728665515,30.85002229020272,0.0,7.694660209036652,0.22674178518064173,5.185690849153713,Baseline (no TES/DSM)
2024-01-27 15:00:00,82.06500374292663,77.2,6.15,86.42550711177691,4.360503368850274,48.50563639101647,45.50109797628943,55.0,719.5253761513497,,,10.458791070317117,57.136096259501414,23.44237697839215,0.0,5.847033873883344,0.2222415454134753,2.9120086609565314,Baseline (no TES/DSM)
2024-01-27 16:00:00,106.64564620863347,74.0,5.95,112.31223584314672,5.666589634513258,45.66182299105721,42.65592520089997,55.0,946.7949662664024,,,13.591476041956454,74.24987058455366,30.463989855633272,0.0,7.598375402959789,0.22650726551341419,5.051149053472584,Baseline (no TES/DSM)
2024-01-27 17:00:00,91.3243021864083,83.6,1.7,96.17679605321156,4.852493866803258,47.43439844332933,44.42934796457375,55.0,635.2949278879603,,,11.63884424111143,63.58269521195467,26.08735297019849,0.0,6.506747871058398,0.223848402335006,3.6492403697807423,Baseline (no TES/DSM)
2024-01-27 18:00:00,101.06866315756778,76.8,3.1,106.43892119794172,5.37025804037394,46.30704205537145,43.30145268732908,55.0,833.876404902498,,,12.880716304267137,70.36700912217592,28.870890079573694,0.0,7.2010219961921145,0.22553943691694284,4.514588815396326,Baseline (no TES/DSM)
2024-01-27 19:00:00,72.00127090846128,77.4,4.35,75.82704035997254,3.8257694515112632,49.66994193462423,46.665960071304255,55.0,653.2420036107238,,,9.17621659517447,50.12942615976992,20.567609316717682,0.0,5.13000488348494,0.22049508709806367,2.2047096272104847,Baseline (no TES/DSM)
2024-01-27 20:00:00,104.41050851772788,76.1,3.7,109.95833467223737,5.547826154509494,45.920413242512964,42.91463906146254,55.0,870.393503826396,,,13.306618464958088,72.6937012500482,29.825508920288936,0.0,7.439124501900228,0.22611938013623056,4.832497018336517,Baseline (no TES/DSM)
2024-01-27 21:00:00,104.1120963688511,83.3,3.1,109.64406646875582,5.531970099904726,45.954937501546084,42.949179823487555,55.0,701.3789372248463,,,13.26858726803371,72.48593783707571,29.740265640329838,0.0,7.417862991350276,0.22606759374768087,4.803670282017279,Baseline (no TES/DSM)
2024-01-27 22:00:00,124.52394533170978,78.6,2.95,131.14049390121195,6.6165485695021715,43.59342519854155,40.58653869051027,55.0,894.9277427715787,,,15.869979504975015,86.69727414347076,35.57103681426742,0.0,8.872182943473767,0.22960986220218768,6.973880945321941,Baseline (no TES/DSM)
2024-01-27 23:00:00,110.36338850225619,81.5,2.15,116.22751944008361,5.864130937827426,45.231705455807685,42.22560206453417,55.0,765.5659532623802,,,14.065284463681325,76.83827333686276,31.525985985294426,0.0,7.86326011792643,0.22715244181628846,5.425532597372158,Baseline (no TES/DSM)
2024-01-28 00:00:00,117.77176849569406,81.9,1.35,124.02954184436328,6.257773348669218,44.374606202738065,41.3680931081887,55.0,789.5882137453763,,,15.009446956668016,90.08894587609771,20.92074364010395,0.0,13.019852328161619,0.2284380906958929,6.8244505107957005,Baseline (no TES/DSM)
2024-01-28 01:00:00,118.43650076029307,81.8,0.8,124.72959449093962,6.293093730646547,44.29770119408789,41.29115133806212,55.0,794.5338356395351,,,15.094163895144236,90.59742961352032,21.03882536269854,0.0,13.09333951472076,0.22855344820886817,6.904773731991151,Baseline (no TES/DSM)
2024-01-28 02:00:00,123.8606524567762,82.7,0.85,130.44195712590945,6.58130466913326,43.67016367958271,40.66331385342571,55.0,798.401514809094,,,15.785446009807057,94.74660827365118,22.00236092437524,0.0,13.692987927883038,0.22949475448062595,7.57774068121479,Baseline (no TES/DSM)
2024-01-28 03:00:00,124.13024290443524,82.2,2.3,130.72587219431568,6.595629289880449,43.63897389564506,40.63210916041353,55.0,809.8670731763983,,,15.819804019165739,94.95283018538858,22.050250437416757,0.0,13.72279157151035,0.22954153915653241,7.612003456736151,Baseline (no TES/DSM)
2024-01-28 04:00:00,117.71339441775795,80.0,3.05,123.96806607445274,6.254671656694782,44.381359687122234,41.37484982081588,55.0,831.4445008789113,,,15.00200746044904,90.04429290692758,20.91037418454319,0.0,13.013398982981965,0.22842796046931665,6.817419266519578,Baseline (no TES/DSM)
2024-01-28 05:00:00,112.11026036942087,80.3,2.15,118.06721090530235,5.956950535881475,45.02960424422278,42.023404246251566,55.0,799.6864683469227,,,14.287914903600912,85.75820256061836,19.915044552461765,0.0,12.393963792222223,0.22745559363366583,6.159357743728254,Baseline (no TES/DSM)
2024-01-28 06:00:00,126.77907597269147,81.6,1.65,133.51545034257987,6.736374369888395,43.33252189853914,40.3255106757373,55.0,833.4939630479772,,,16.15738508755662,96.97904225615048,22.520783896107616,0.0,14.015624190321773,0.2300012171521913,7.952753618019504,Baseline (no TES/DSM)
2024-01-28 07:00:00,123.43406271095088,84.3,1.5,129.99270064104869,6.558637930097802,43.71951721609648,40.71269098149614,55.0,765.2485809831538,,,15.731079193005309,94.42029050655103,21.926582367035888,0.0,13.645827767461771,0.2294207241758553,7.52368225514052,Baseline (no TES/DSM)
2024-01-28 08:00:00,97.12325454247627,80.2,1.5,102.28387428670767,5.160619744231397,46.76349903787568,43.75812786150755,55.0,730.7807896685141,,,12.377892901961156,74.29396478925689,17.252782527843227,0.0,10.737126969607555,0.22485475144318648,4.563061452271549,Baseline (no TES/DSM)
2024-01-28 09:00:00,70.59945045784636,74.4,4.0,74.35073453168583,3.7512840738394715,49.83212304064525,46.828218701754544,55.0,722.9668946421483,,,8.997561303120786,54.004708873941254,12.541146516067005,0.0,7.804879141677571,0.22025181543903213,2.322594650605107,Baseline (no TES/DSM)
2024-01-28 10:00:00,58.1073187717689,78.8,1.7,61.19483656501573,3.0875177932468247,51.277377839517385,48.2741643490009,55.0,531.1604708321603,,,7.4054990431000665,44.44891303493026,10.32206899128311,0.0,6.42385453880236,0.21808393324072392,1.5261860084583387,Baseline (no TES/DSM)
2024-01-28 11:00:00,64.50921850276687,75.2,4.45,67.9368996308197,3.427681128052825,50.53672151755154,47.533153984816146,55.0,658.0451502931519,,,8.221390454612962,49.3460153348857,11.45928977681251,0.0,7.131594519121487,0.2191949177236727,1.9136222346512306,Baseline (no TES/DSM)
2024-01-28 12:00:00,57.71744043097327,74.9,4.85,60.78424213647328,3.066801705500012,51.3224841157856,48.319292186586644,55.0,615.8766462051068,,,7.355810918768812,44.15067747991706,10.252811775204941,0.0,6.380752881351283,0.2180162738263216,1.5039970361463368,Baseline (no TES/DSM)
2024-01-28 13:00:00,62.1272141242064,74.2,5.4,65.42832804768237,3.301113923475974,50.812303247360376,47.80886744585338,55.0,668.3118232717147,,,7.917815422776176,47.52391258243693,11.036155237949817,0.0,6.868260227295625,0.21878154512895945,1.764381357354446,Baseline (no TES/DSM)
2024-01-28 14:00:00,63.82365262203566,74.4,6.3,67.21490637914893,3.391253757113269,50.616036834101884,47.61250721499773,55.0,675.1218290073516,,,8.134018371697241,48.821595023357865,11.337507211921292,0.0,7.055804143869771,0.21907594474884717,1.8700515859770683,Baseline (no TES/DSM)
2024-01-28 15:00:00,66.59766684859866,71.8,8.55,70.13631715513583,3.538650306537164,50.2951022271166,47.29141919758845,55.0,779.1235847418646,,,8.487553178234192,50.94356381696987,11.830277603579695,0.0,7.362475734586262,0.2195573466593251,2.0494283254748673,Baseline (no TES/DSM)
2024-01-28 16:00:00,56.234001261247855,72.0,8.45,59.22198079892912,2.9879795376812623,51.49410795331446,48.49099806227876,55.0,689.9300139949397,,,7.166753712480437,43.01592784697118,9.989296579908808,0.0,6.216756372049128,0.2177588380700283,1.4210463300806255,Baseline (no TES/DSM)
2024-01-28 17:00:00,64.12391043129125,70.5,8.3,67.53111831171006,3.4072078804188095,50.58129904469729,47.577752820531266,55.0,809.9229516205002,,,8.172284789183466,49.05127578533007,11.390844414322268,0.0,7.0889981120577215,0.21912805143295408,1.889072824452689,Baseline (no TES/DSM)
2024-01-28 18:00:00,68.56450554269432,74.1,7.85,72.20766332940487,3.643157786710546,50.067552347505796,47.06376054652468,55.0,717.7712555916078,,,8.738217335089669,52.448087582917054,12.179662932731114,0.0,7.579912813756698,0.21989867147874131,2.1815617298520227,Baseline (no TES/DSM)
2024-01-28 19:00:00,90.09086797222102,73.7,7.55,94.87782362174627,4.786955649525254,47.57709840534895,44.572116138812305,55.0,867.649009895312,,,11.481648967160345,68.91457462470582,16.00356330923398,0.0,9.959685687806473,0.22363435239197657,3.8962515307550367,Baseline (no TES/DSM)
2024-01-28 20:00:00,89.13409167015008,75.5,7.55,93.87020925109394,4.736117580943855,47.68779092579013,44.68286157154816,55.0,806.2933473699063,,,11.359712417011185,68.18269321039257,15.833603462385925,0.0,9.853912578315443,0.2234683136113148,3.809588966507311,Baseline (no TES/DSM)
2024-01-28 21:00:00,79.63055013577244,74.0,7.7,83.86169942345359,4.2311492876811485,48.7872861403777,45.782882357462015,55.0,794.5931923666815,,,10.148531635889194,60.91300498325944,14.145413171509345,0.0,8.8032812686848,0.22181907078943344,3.001566481543541,Baseline (no TES/DSM)
2024-01-28 22:00:00,73.96926276176208,70.9,8.45,77.89960096627154,3.9303382045094537,49.44225864232479,46.43816794377905,55.0,867.265365089659,,,9.427027716639063,56.58243053115805,13.139753297861802,0.0,8.17741713725168,0.2208366120365128,2.5658122520587066,Baseline (no TES/DSM)
2024-01-28 23:00:00,64.0105492642676,72.9,9.15,67.41173372753951,3.4011844632719175,50.59441416185774,47.590874206868186,55.0,721.975796532345,,,8.157837452227241,48.96456070776188,11.370707161189895,0.0,7.076465858587735,0.2191083787572134,1.881880179842978,Baseline (no TES/DSM)
2024-01-29 00:00:00,71.33208542238604,69.7,10.2,75.12229787111498,3.790212448728937,49.74736215075625,46.74341729518778,55.0,899.4340400358865,,,9.090932114982717,62.43086786835528,12.691430002759702,0.0,0.0,0.22037895677386563,2.7167308515790123,Baseline (no TES/DSM)
2024-01-29 01:00:00,67.48562786708725,71.2,9.75,71.07145975939098,3.5858318923037302,50.19237116764399,47.18863903149086,55.0,808.2002418114655,,,8.600719550590068,59.064392852601266,12.00706690678971,0.0,0.0,0.219711443248534,2.412530782493824,Baseline (no TES/DSM)
2024-01-29 02:00:00,67.50435783832602,72.7,8.55,71.09118494294876,3.586827104622742,50.19020423717161,47.18647106520085,55.0,754.4752098453733,,,8.603106595578856,59.0807855930162,12.010399349932555,0.0,0.0,0.2197146936442426,2.413968500375365,Baseline (no TES/DSM)
2024-01-29 03:00:00,68.22107319264713,71.3,8.45,71.84598278766754,3.624909595020412,50.10728513807082,47.103512329819424,55.0,809.8725347608757,,,8.694448529483038,59.70806518704306,12.137917600624476,0.0,0.0,0.21983907229289376,2.469304009750607,Baseline (no TES/DSM)
2024-01-29 04:00:00,70.20283133793869,74.4,6.5,73.93304115442571,3.7302098164870188,49.87800917927841,46.87412677448839,55.0,720.2505876005717,,,8.947014098826472,61.442528439913346,12.490512714512363,0.0,0.0,0.2201829862310824,2.6255587413059294,Baseline (no TES/DSM)
2024-01-29 05:00:00,74.35462550361032,76.9,4.3,78.30543986065032,3.9508143570400023,49.39767479018821,46.39356278004968,55.0,680.1791204794059,,,9.476140349545302,65.07623845187821,13.229201408772113,0.0,0.0,0.2209034878147177,2.968384368854622,Baseline (no TES/DSM)
2024-01-29 06:00:00,58.197856581966064,76.4,3.75,61.29018507902535,3.0923284970592846,51.266903229742596,48.263684732242474,55.0,582.5667657589246,,,7.417037652709867,50.93560174184911,10.354583337176237,0.0,0.0,0.2180996451553861,1.7521124030238753,Baseline (no TES/DSM)
2024-01-29 07:00:00,52.75247859400657,72.4,5.05,55.555468298911,2.8029897049044337,51.896896482018526,48.89397912852045,55.0,647.3035433720185,,,6.72305034901854,46.16972854963116,9.385739749279843,0.0,0.0,0.21715465527697222,1.4136534251152346,Baseline (no TES/DSM)
2024-01-29 08:00:00,60.1762179626491,75.6,4.55,63.3736661949404,3.1974482322913005,51.0380202535471,48.03469234735855,55.0,616.3767364978924,,,7.66917032069785,52.66709209744325,10.706574097497146,0.0,0.0,0.21844296961967935,1.8840008183371562,Baseline (no TES/DSM)
2024-01-29 09:00:00,88.88638062154295,77.3,4.45,93.60933613811478,4.7229555165718295,47.71644941184597,44.71153375668911,55.0,755.9092241146196,,,11.328142832108622,77.7946396915289,15.814696446585884,0.0,0.0,0.22342532588223105,4.333262838381143,Baseline (no TES/DSM)
2024-01-29 10:00:00,100.93872410979914,78.5,4.7,106.3020778714952,5.363353761696061,46.322075120749545,43.31649293868489,55.0,789.1953109955996,,,12.864156195932217,88.34302418588183,17.95905368561337,0.0,0.0,0.22551688731887568,5.659921055175914,Baseline (no TES/DSM)
2024-01-29 11:00:00,94.94890817892414,77.7,4.9,99.99399457506705,5.045086396142906,47.01505614560584,44.009805216421135,55.0,778.4834084122368,,,12.100782888024728,83.10065106974595,16.8933435053211,0.0,0.0,0.22447741578159125,4.9785320111700795,Baseline (no TES/DSM)
2024-01-29 12:00:00,77.74566968790434,75.4,5.25,81.87666632624726,4.130996638342921,49.00535400749902,46.00105446352555,55.0,741.0458613284387,,,9.908312664370815,68.04412913041114,13.832537195836125,0.0,0.0,0.22149196898875148,3.263932345593962,Baseline (no TES/DSM)
2024-01-29 13:00:00,67.04119637242057,74.3,5.55,70.60341350884384,3.5622171364232713,50.24378887333091,47.24008131543097,55.0,701.1311266883799,,,8.544078888483376,58.67542001161709,11.927993497226751,0.0,0.0,0.21963431669000363,2.3785411532668186,Baseline (no TES/DSM)
2024-01-29 14:00:00,59.90099145225679,74.7,5.9,63.08381559302278,3.1828241407659874,51.06986209166706,48.06654940624243,55.0,637.7529457892265,,,7.634094022179389,52.426209894120234,10.657605698902543,0.0,0.0,0.2183952068624994,1.8653679281000501,Baseline (no TES/DSM)
2024-01-29 15:00:00,47.61964534343428,73.5,5.75,50.14990324233068,2.5302578988964015,52.49073043074864,49.48809693669068,55.0,570.2429463040269,,,6.068895372864786,41.67739901013599,8.472504232194687,0.0,0.0,0.21626390435387705,1.1276077624917176,Baseline (no TES/DSM)
2024-01-29 16:00:00,38.45215130868012,71.9,5.5,40.49529671383087,2.043145405150746,53.551347231812834,50.54922072475347,55.0,527.2312931157504,,,4.900542233587231,33.65387628009592,6.841420433734946,0.0,0.0,0.21467297915228076,0.6963632015614873,Baseline (no TES/DSM)
2024-01-29 17:00:00,62.20678655015654,73.9,4.75,65.51212853450623,3.3053419843496954,50.80309725807429,47.7996570559988,55.0,677.5927344619917,,,7.927956546763429,54.44427495188602,11.06785358262021,0.0,0.0,0.21879535411288856,2.024315260388999,Baseline (no TES/DSM)
2024-01-29 18:00:00,100.84514750956208,79.6,4.25,106.20352910209994,5.358381592537853,46.33290129789475,43.327324290866976,55.0,762.6491625211175,,,12.852230307108574,88.26112459847491,17.942404503625028,0.0,0.0,0.22550064805315786,5.648940765904448,Baseline (no TES/DSM)
2024-01-29 19:00:00,123.06643701823803,81.3,3.65,129.60554124945767,6.539104231219639,43.76204901210484,40.75524310819093,55.0,824.8097444487813,,,15.684227061928722,107.70951701495747,21.896024234500203,0.0,0.0,0.22935692648184275,8.555119843043201,Baseline (no TES/DSM)
2024-01-29 20:00:00,113.4606878685287,79.2,3.75,119.48939303050749,6.028705161978792,44.87336895366867,41.867094273436194,55.0,831.5702599321709,,,14.460020410511305,99.30242710035547,20.186965930152013,0.0,0.0,0.227689946569497,7.225223372707348,Baseline (no TES/DSM)
2024-01-29 21:00:00,88.58731114615054,78.7,3.1,93.29437568123835,4.7070645350878095,47.75104971909287,44.746150603279816,55.0,720.1290247247529,,,11.29002786207296,77.53288978205802,15.761485899180329,0.0,0.0,0.2233734254213607,4.302587056375843,Baseline (no TES/DSM)
2024-01-29 22:00:00,83.00137106217278,77.4,2.35,87.4116280734264,4.41025701125362,48.39730505128558,45.392714852935335,55.0,719.9985644248629,,,10.578126593504887,72.64399462024738,14.767633453179016,0.0,0.0,0.22240404242307163,3.7496047534442387,Baseline (no TES/DSM)
2024-01-29 23:00:00,90.27350425840754,78.9,2.8,95.07016424114272,4.796659982735179,47.5559686273661,44.55097626055318,55.0,724.5863807875073,,,11.50492508574882,79.00867026384962,16.061493977293097,0.0,0.0,0.22366604705895085,4.476962164091297,Baseline (no TES/DSM)
2024-01-30 00:00:00,110.48233157583628,80.7,2.5,116.35278252401397,5.870450948177691,45.21794454996678,42.211834580822405,55.0,783.3733256095904,,,14.080443187852383,53.639376931115116,34.49136159895212,4.708865105710773,23.51317888823597,0.22717308317504983,3.791892679845786,Baseline (no TES/DSM)
2024-01-30 01:00:00,122.53499495352075,81.8,1.95,129.04586114406712,6.510866190546366,43.82353324983595,40.81675673609304,55.0,811.7649574976954,,,15.616497320049138,59.49096735936112,38.25406976106954,5.222561415342867,26.078262608293592,0.22926470012524608,4.703284520074301,Baseline (no TES/DSM)
2024-01-30 02:00:00,130.4927796302472,82.9,0.95,137.4264807115364,6.9337010812892,42.90287160605517,39.89565500548445,55.0,820.809527518593,,,16.630678804487648,63.35448658205772,40.73840209635493,5.56172998690108,27.771862046222687,0.23064569259091725,5.358697990078335,Baseline (no TES/DSM)
2024-01-30 03:00:00,144.80479379929955,83.2,1.4,152.4989601599748,7.694166360675268,41.24706876318235,38.23906066985691,55.0,868.3710735102126,,,18.45467635718913,70.30299601073779,45.206454579255954,6.171722038587904,30.81778753139317,0.2331293968552265,6.644869571396508,Baseline (no TES/DSM)
2024-01-30 04:00:00,139.50775321477738,86.1,0.15,146.9204626539846,7.4127094392072195,41.85990038527718,38.852185232497675,55.0,793.3539111013238,,,17.77959394400782,67.7312729806389,43.552777112468696,5.945956984427466,29.690455576449533,0.23221014942208423,6.152749319753144,Baseline (no TES/DSM)
2024-01-30 05:00:00,160.2665906623838,83.1,-0.6,168.782315717203,8.5157250548192,39.45824387107338,36.44938069892763,55.0,923.9011316153651,,,20.425208198864958,77.80972707028306,50.03345649863634,6.830718954037592,34.10841319424601,0.23581263419338994,8.189515540351474,Baseline (no TES/DSM)
2024-01-30 06:00:00,131.41082330081042,89.5,-1.2,138.39330440203088,6.982481101220458,42.79666018803639,39.78939281718937,55.0,707.8934867550522,,,16.74767906654728,63.80019848713967,41.025005173547314,5.60085790667046,27.96724283467344,0.2308050097179454,5.437055395101427,Baseline (no TES/DSM)
2024-01-30 07:00:00,132.52161065821713,81.9,-1.8,139.5631131667749,7.041502508557784,42.66814963442065,39.6608208340547,55.0,849.8311237685933,,,16.88924358692504,64.33948780973475,41.3717806973564,5.6482007510198935,28.20364390866387,0.23099777554836903,5.532623471322809,Baseline (no TES/DSM)
2024-01-30 08:00:00,113.99174843024177,84.5,-2.15,120.04867136182749,6.056922931585717,44.81192885324426,41.80562480393893,55.0,722.6003062587021,,,14.52770153166303,55.34320532409802,35.58696271453564,4.858439886867159,24.260063436326668,0.2277821067201336,4.047161543877706,Baseline (no TES/DSM)
2024-01-30 09:00:00,140.21582349594902,86.8,-2.6,147.66615607176277,7.450332575813746,41.777981462428926,38.770227151464496,55.0,783.5320817250971,,,17.869834104808564,68.07504241565864,43.77382882052937,5.976135632830731,29.841149202744027,0.23233302780635662,6.217437345582557,Baseline (no TES/DSM)
2024-01-30 10:00:00,146.37359765213398,88.2,-3.2,154.1511220116315,7.777524359497505,41.06556881155079,38.05747395916626,55.0,781.2844772053475,,,18.65461288285484,71.06465319150983,45.69621778568141,6.238585994253486,31.151665040186753,0.2334016467826738,6.794248957266725,Baseline (no TES/DSM)
2024-01-30 11:00:00,137.09077841259705,86.0,-2.5,144.37506250254887,7.284284089951825,42.13952795560589,39.13194646801296,55.0,786.356823784402,,,17.47156209942994,66.55782723055383,42.79822431937948,5.84294315275831,29.176067799857258,0.23179070806659116,5.934484385371548,Baseline (no TES/DSM)
2024-01-30 12:00:00,144.27020078388998,84.1,-1.45,151.935961678918,7.665760895028029,41.30891754450967,38.30093901561125,55.0,848.2191680191396,,,18.386545041758566,70.0434501100558,45.03956055430401,6.1489371610412995,30.704013853516894,0.2330366236832355,6.5943453068634525,Baseline (no TES/DSM)
2024-01-30 13:00:00,134.7167365896244,87.7,-0.7,141.8748765633913,7.158139973766907,42.41418847180893,39.40673827509373,55.0,748.4178170910081,,,17.169001857107325,65.40522552151717,42.057074727410736,5.741759166683392,28.670817147780003,0.23137871729228662,5.723929754494092,Baseline (no TES/DSM)
2024-01-30 14:00:00,127.29422784403371,82.3,-0.2,134.05797467926058,6.763746835226868,43.27292232555073,40.265882613469245,55.0,820.5922237328979,,,16.223038722432808,61.801583756354454,39.739849615811565,5.4254045792084336,27.091136727886123,0.2300906165116739,5.090130843764759,Baseline (no TES/DSM)
2024-01-30 15:00:00,121.51144631483417,81.7,-0.4,127.96792650545834,6.456480190624163,43.94195087615584,40.93523096739684,55.0,809.6407562732348,,,15.486050955897799,58.99403259653748,37.93452920008109,5.178936770569682,25.86042793827009,0.22908707368576622,4.6220818539555,Baseline (no TES/DSM)
2024-01-30 16:00:00,141.56499456262313,86.2,-0.2,149.08701500431224,7.522020441689108,41.62189153257465,38.61406260883305,55.0,798.9488185071071,,,18.04177948543224,68.73006747131842,44.1950251010184,6.0336386241858255,30.128283807789586,0.23256716270113803,6.341630595284384,Baseline (no TES/DSM)
2024-01-30 17:00:00,165.997850953276,88.6,-3.05,174.81810508463647,8.820254131360485,38.79517597784674,35.78599585164112,55.0,838.5245351188271,,,21.155629830719356,80.59226457332696,51.82269255377143,7.074990877073567,35.328157080464514,0.2368072360332299,8.803007964625403,Baseline (no TES/DSM)
2024-01-30 18:00:00,160.23724845053124,88.4,-2.6,168.751414414291,8.514165963759751,39.46163856571439,36.45277701627161,55.0,823.7563463866474,,,20.421468674715683,77.79548137199717,50.02429618472294,6.8294683602499155,34.10216849732096,0.2358075421514284,8.186431621537919,Baseline (no TES/DSM)
2024-01-30 19:00:00,142.19536561967075,87.0,-2.75,149.75088066920142,7.555515049530669,41.548961882282576,38.541098097331464,55.0,787.0935509078042,,,18.12211725283294,69.03611378888944,44.39181997093134,6.060505655609255,30.262441253771392,0.23267655717657615,6.40007775390725,Baseline (no TES/DSM)
2024-01-30 20:00:00,136.4005200694888,85.3,-3.45,143.6481274556909,7.247607386202105,42.21938615818556,39.21184284372963,55.0,796.5606752341091,,,17.38359198469349,66.22270552450605,42.5827333013202,5.813523666588641,29.02916496327602,0.23167092076272167,5.8728734275074945,Baseline (no TES/DSM)
2024-01-30 21:00:00,124.87436292973536,88.0,-3.6,131.50953085032504,6.63516792058968,43.55288426222401,40.54597837516007,55.0,706.8290991223629,,,15.91463854692902,60.62673485147472,38.98439456169378,5.322267568132125,26.576133869024403,0.229670673606664,4.891528322107426,Baseline (no TES/DSM)
2024-01-30 22:00:00,139.59273516486581,85.6,-3.85,147.0099600986536,7.417224933787793,41.850068550785736,38.84234869827655,55.0,802.7312289687303,,,17.79042448589761,67.77253187505323,43.57930753709024,5.9495789983158325,29.708541688194305,0.2322248971738214,6.16049527228047,Baseline (no TES/DSM)
2024-01-30 23:00:00,145.54860051945545,88.4,-3.7,153.28228886344985,7.733688343994402,41.16101537703875,38.152966149207515,55.0,775.161507600518,,,18.54947095571468,70.6641155531775,45.43866280819813,6.203423808997512,30.97608669307671,0.23325847693444188,6.715487037851611,Baseline (no TES/DSM)
2024-01-31 00:00:00,167.4631483439765,89.4,-3.95,176.36126068428237,8.898112340305858,38.62565102094567,35.61638985986582,55.0,829.77358803535,,,21.342374954295114,96.58261630211099,42.37860254416087,0.0,37.40004183801051,0.2370615234685815,10.647856183470536,Baseline (no TES/DSM)
2024-01-31 01:00:00,163.2413302347219,89.8,-3.7,171.91511732981428,8.673787095092393,39.1140867047582,36.10505902153868,55.0,810.2659104882301,,,20.804324487863727,94.14772693943225,41.31021971823703,0.0,36.457170672145004,0.2363288699428627,10.103508485896715,Baseline (no TES/DSM)
2024-01-31 02:00:00,162.86746412776728,87.2,-3.25,171.5213859411376,8.653921813370317,39.15734047431413,36.148333466892666,55.0,852.8880164123024,,,20.756677045926597,93.93210357922769,41.21560831681503,0.0,36.37367404509488,0.2362639892885288,10.055991256173709,Baseline (no TES/DSM)
2024-01-31 03:00:00,143.2716097353106,89.1,-3.55,150.88431074570047,7.612701010389884,41.42444774714742,38.416524443011255,55.0,756.0475787145656,,,18.25927940274761,82.63039986342774,36.25663714600317,0.0,31.997273736269563,0.23286332837927887,7.722084664481529,Baseline (no TES/DSM)
2024-01-31 04:00:00,149.51588031693248,85.3,-2.85,157.46036907685396,7.944488759921484,40.702028047265216,37.693759418224715,55.0,843.4453164748376,,,19.055081735302053,86.23171750038372,37.836826362398405,0.0,33.39182521407184,0.23394695792910217,8.432412679544418,Baseline (no TES/DSM)
2024-01-31 05:00:00,143.52946056734672,87.7,-2.25,151.15586241695513,7.626401849608413,41.394616157010674,38.38667859303219,55.0,779.8198448133855,,,18.29214125440877,82.77911262931082,36.321889459927746,0.0,32.05486032771657,0.232908075764484,7.750798960574644,Baseline (no TES/DSM)
2024-01-31 06:00:00,137.11785119628902,86.4,-1.7,144.4035737918048,7.285722595515779,42.13639581839081,39.128812833600364,55.0,779.3489308025498,,,17.475012395846335,79.08128409875006,34.699353111534506,0.0,30.622936581520236,0.2317954062724138,7.052597430103235,Baseline (no TES/DSM)
2024-01-31 07:00:00,126.83188145944447,81.9,-0.25,133.571061635613,6.7391801761685315,43.326412662337155,40.31939851925032,55.0,827.2239957079879,,,16.164114893541228,73.14895881875354,32.09636237853077,0.0,28.325740438328694,0.23001038100649426,6.001252062403976,Baseline (no TES/DSM)
2024-01-31 08:00:00,126.67822001467398,83.8,0.1,133.40923542855626,6.731015413882275,43.344190247943594,40.33718460274663,55.0,787.7814911934162,,,16.144531479502135,73.06033619038752,32.05747646626479,0.0,28.291422771903953,0.22998371462808462,5.986188308623281,Baseline (no TES/DSM)
2024-01-31 09:00:00,135.08569386421357,85.3,-0.35,142.26343829012734,7.177744425913772,42.37150262082057,39.3640320197789,55.0,791.6776592359947,,,17.216023691906607,77.9092586483136,34.18509078734643,0.0,30.16908885446731,0.23144274606876913,6.838172315704006,Baseline (no TES/DSM)
2024-01-31 10:00:00,118.31472428499232,83.9,-0.55,124.60134745319961,6.286623168207285,44.311789905265535,41.30524678380533,55.0,751.895781889842,,,15.078644067515395,68.23677765233231,29.940991347521248,0.0,26.423578453346053,0.2285323151421017,5.194815426242843,Baseline (no TES/DSM)
2024-01-31 11:00:00,102.50600695844703,78.8,2.05,107.95263790078981,5.446630942342779,46.140751138972846,43.135082281964706,55.0,789.6376421459875,,,13.06389887691044,59.1192655616003,25.940401636055043,0.0,22.892970703134466,0.22578887329154074,3.85194490328742,Baseline (no TES/DSM)
2024-01-31 12:00:00,93.89229418473626,79.6,2.7,98.8812376615945,4.988943476858239,47.137299209002094,44.132106713404106,55.0,727.6625446071217,,,11.966122502925588,54.15139696491612,23.760596027021283,0.0,20.969244669657098,0.22429405118649687,3.204474154077119,Baseline (no TES/DSM)
2024-01-31 13:00:00,86.34282999049186,77.9,4.45,90.93063458292215,4.587804592430288,48.010720945966746,45.00594595597916,55.0,726.7676006497118,,,11.003979505311369,49.79732258634581,21.850111567168103,0.0,19.283200429408243,0.22298391858104988,2.6858521732342524,Baseline (no TES/DSM)
2024-01-31 14:00:00,70.94267828319353,74.6,5.15,74.71219968135455,3.769521398161018,49.79241391219904,46.788490591889385,55.0,719.461886276128,,,9.041304043035481,40.9154464359874,17.95291439407523,0.0,15.84383885129192,0.22031137913170146,1.7694096150491292,Baseline (no TES/DSM)
2024-01-31 15:00:00,68.47946055674383,74.7,4.85,72.11809949947917,3.6386389427353407,50.077391474818384,47.073604377053,55.0,699.6985744748134,,,8.727378759581644,39.49481141929955,17.329566952914476,0.0,15.293721127265144,0.21988391278777242,1.6404427093900997,Baseline (no TES/DSM)
2024-01-31 16:00:00,82.07394129160379,76.6,5.4,86.43491955485898,4.360978263255191,48.504602377331665,45.50006346833421,55.0,734.9449756700019,,,10.459930118023593,47.335285754252794,20.769816951520234,0.0,18.32981684908595,0.2222430964340025,2.4127924443900324,Baseline (no TES/DSM)
2024-01-31 17:00:00,109.45992845645877,77.0,5.45,115.27605427159516,5.816125815136388,45.33622964748213,42.330176219971364,55.0,869.7155833590368,,,13.950142814642058,63.129866929597476,27.700176716135427,0.0,24.446010625862254,0.22699565552877682,4.417993621511026,Baseline (no TES/DSM)
2024-01-31 18:00:00,114.08563897009664,80.2,4.8,120.14755075194336,6.061911781846717,44.80106635541731,41.7947571137134,55.0,810.8219898300431,,,14.539667430585032,65.79769700493831,28.870769466124507,0.0,25.479084280880535,0.22779840046687402,4.815970438377597,Baseline (no TES/DSM)
2024-01-31 19:00:00,99.1960190820335,78.8,3.95,104.46677464964078,5.2707555676072815,46.523694257314034,43.51820845150969,55.0,773.2058684859671,,,12.642056799706173,57.21026473250063,25.102768628269978,0.0,22.153741288870172,0.22521445861402895,3.596113349746084,Baseline (no TES/DSM)
2024-01-31 20:00:00,101.81592224427759,75.1,4.3,107.22588570860073,5.409963464323141,46.22058925386345,43.21495856039016,55.0,886.9764531314983,,,12.975950890349367,58.72126643269539,25.765767239695098,0.0,22.738852036210243,0.22566911611920482,3.797883902468065,Baseline (no TES/DSM)
2024-01-31 21:00:00,104.58342892040044,82.0,3.3,110.14044315708865,5.557014236688218,45.900407526269696,42.89462378225739,55.0,728.8619797581351,,,13.328656340798705,60.317396913082995,26.466118729712548,0.0,23.356927514293112,0.22614938871059545,4.016991148868756,Baseline (no TES/DSM)
2024-01-31 22:00:00,95.95802003123184,79.1,4.2,101.05672533227745,5.098705301045612,46.898308757426136,43.89300202165053,55.0,749.699662899296,,,12.229389353003734,55.34278270434836,24.283353275284774,0.0,21.43058935264432,0.2246525368638608,3.3543342203051045,Baseline (no TES/DSM)
2024-01-31 23:00:00,69.5642506236838,72.7,5.05,73.2605296142549,3.696278990571102,49.95188863115551,46.94804154159105,55.0,769.3527033656276,,,8.865630049995533,40.120452725101316,17.60408637730911,0.0,15.535990511844481,0.22007216705326674,1.696640513849846,Baseline (no TES/DSM)
2024-02-01 00:00:00,61.09724479254327,76.8,3.25,64.34363155418792,3.2463867616446507,50.93146370425311,47.92808486281155,55.0,594.202519379983,,,7.786550772104336,41.943511791891424,22.400119762296498,0.0,0.0,0.21860280444362035,1.5272143420810844,Baseline (no TES/DSM)
2024-02-01 01:00:00,91.52788885486365,79.1,2.2,96.39120024817828,4.863311393314632,47.4108448483973,44.405783110753134,55.0,726.6537233895865,,,11.664790385423391,62.834275072571465,33.556925175606814,0.0,0.0,0.22388373272740406,3.615165675056217,Baseline (no TES/DSM)
2024-02-01 02:00:00,79.38864421124636,80.9,2.6,83.60693988836599,4.218295677119627,48.81527301300142,45.81088260813192,55.0,622.5077403197608,,,10.117701886204229,54.50063330880477,29.106306579561213,0.0,0.0,0.22177709048049787,2.6764368255065274,Baseline (no TES/DSM)
2024-02-01 03:00:00,79.99969070506884,74.2,3.45,84.2504541842151,4.250763479146258,48.74457908343652,45.74015488605767,55.0,790.6654179734562,,,10.195576830719666,54.92011925953895,29.33033492467615,0.0,0.0,0.22188313137484522,2.7203322076521523,Baseline (no TES/DSM)
2024-02-01 04:00:00,79.01025464195646,78.4,3.25,83.20844468431862,4.198190042362157,48.85905011642956,45.85468063751772,55.0,672.8894581768288,,,10.069477950691018,54.240867301101325,28.967577383217296,0.0,0.0,0.22171142482535566,2.6494330940379642,Baseline (no TES/DSM)
2024-02-01 05:00:00,77.42274917736667,80.5,2.8,81.53658751546162,4.113838338094951,49.04271371753386,46.038432031930384,55.0,619.2015753405122,,,9.867157994316651,53.151038219613184,28.385549295848435,0.0,0.0,0.22143592942369922,2.53762816394257,Baseline (no TES/DSM)
2024-02-01 06:00:00,87.50684863060644,74.7,2.5,92.1565030612153,4.649654430608862,47.876051894448736,44.871212531109556,55.0,820.7370946740408,,,11.152328097325688,60.0738142918198,32.0826887693955,0.0,0.0,0.2231859221583269,3.288662184606526,Baseline (no TES/DSM)
2024-02-01 07:00:00,90.50810536510123,81.3,2.2,95.31723081873653,4.809125453635303,47.528826872556735,44.52382153167363,55.0,674.2579027877272,,,11.53482387144145,62.134189479951715,33.18304133878482,0.0,0.0,0.2237067596911649,3.53090199418792,Baseline (no TES/DSM)
2024-02-01 08:00:00,111.11703733889856,81.9,1.9,117.0212132184335,5.904175879534947,45.14451340362689,42.13836833355214,55.0,760.5770132901298,,,14.16133339274154,76.2823067018719,40.7389065165616,0.0,0.0,0.22728322989455968,5.4261831878667905,Baseline (no TES/DSM)
2024-02-01 09:00:00,96.36215588828743,80.0,1.15,101.48233484662656,5.120178958339125,46.85155298335302,43.846223897781,55.0,731.3546716342456,,,12.2808945293906,66.15301942855776,35.3293154180688,0.0,0.0,0.22472267052497047,4.028102475971622,Baseline (no TES/DSM)
2024-02-01 10:00:00,77.81750684477257,78.9,1.55,81.95232053240868,4.134813687636111,48.99704293631356,45.99273941955272,55.0,654.7083715613314,,,9.917467965418798,53.42204099451738,28.530279537891296,0.0,0.0,0.22150443559552965,2.565205802001716,Baseline (no TES/DSM)
2024-02-01 11:00:00,58.109621910063,77.0,3.35,61.19726207998483,3.0876401699218334,51.27711138205794,48.273897764171736,55.0,568.3462925744044,,,7.405792567027754,39.89249629967843,21.304765780306404,0.0,0.0,0.2180843329269131,1.3698018780883527,Baseline (no TES/DSM)
2024-02-01 12:00:00,65.25313061677647,74.7,2.7,68.72033932822438,3.4672087114479098,50.45065593805483,47.447047264985066,55.0,676.9959579985345,,,8.3161984850796,44.79654463594781,23.923794692276573,0.0,0.0,0.21932401609291777,1.760327901642639,Baseline (no TES/DSM)
2024-02-01 13:00:00,77.95262690740849,80.3,1.55,82.09462016564652,4.141993258238031,48.98141046270091,45.97709947343834,55.0,626.2003108302322,,,9.934688369245789,53.514801477575695,28.579818688070823,0.0,0.0,0.22152788430594864,2.574679363312359,Baseline (no TES/DSM)
2024-02-01 14:00:00,95.09476016365426,80.7,2.0,100.14759636838502,5.052836204730767,46.99818206149006,43.99292306629957,55.0,709.8849650130988,,,12.119371023842792,65.28294701037184,34.86464935801318,0.0,0.0,0.2245027269077649,3.9176889029227846,Baseline (no TES/DSM)
2024-02-01 15:00:00,108.7854384640437,79.6,0.9,114.56572542278526,5.78028695874157,45.41426355897344,42.40824743256759,55.0,800.5907082271173,,,13.864182300562424,74.68165441004594,39.88407101273933,0.0,0.0,0.22687860466153983,5.1914517898477275,Baseline (no TES/DSM)
2024-02-01 16:00:00,108.79575834395263,83.8,0.6,114.57659364692205,5.780835302969422,45.41306961895287,42.407052921829994,55.0,713.03902145136,,,13.8654975197535,74.68873905037827,39.887854596543775,0.0,0.0,0.2268803955715707,5.192479317749576,Baseline (no TES/DSM)
2024-02-01 17:00:00,120.53011282177205,81.0,1.6,126.93445010363739,6.404337281865338,44.055484496820654,41.048818858434814,55.0,820.7866922192846,,,15.360984709554934,82.74442203709656,44.19002806654083,0.0,0.0,0.22891677325476903,6.4265187231648655,Baseline (no TES/DSM)
2024-02-01 18:00:00,104.78177305332508,81.7,1.3,110.3493262557157,5.567553202390613,45.877460457095175,42.871665744120556,55.0,735.8920160609847,,,13.353934349105156,71.9331215108053,38.4162047449104,0.0,0.0,0.22618380931435725,4.800473930691058,Baseline (no TES/DSM)
2024-02-01 19:00:00,110.18516170370418,79.4,2.1,116.03982260534006,5.8546609016358815,45.25232508601715,42.24623155116343,55.0,811.7956015816798,,,14.042570313140054,75.64257021578206,40.397252389558005,0.0,0.0,0.22712151237097428,5.331745947318774,Baseline (no TES/DSM)
2024-02-01 20:00:00,119.73597915632956,82.0,1.65,126.09812034527411,6.362141188944548,44.14736036875097,41.140738648085936,55.0,795.8170120320417,,,15.259776183265382,82.19924598416772,43.898874361106394,0.0,0.0,0.22877895944687354,6.338863719569412,Baseline (no TES/DSM)
2024-02-01 21:00:00,122.25635770572573,83.8,1.05,128.75241857607122,6.496060870345488,43.85576968711023,40.849008582754166,55.0,770.0201938679868,,,15.580986339409623,83.92949630503865,44.82292227103257,0.0,0.0,0.22921634546933464,6.619131776869553,Baseline (no TES/DSM)
2024-02-01 22:00:00,123.5733985668825,80.8,1.1,130.13944007270058,6.566041505818077,43.703397003830005,40.69656306358327,55.0,838.0608779322636,,,15.748836879465157,84.83365031522203,45.30578975747855,0.0,0.0,0.229444904494255,6.767996213744512,Baseline (no TES/DSM)
2024-02-01 23:00:00,117.03123211898684,82.7,1.2,123.24965725321495,6.218425134228113,44.46028123235437,41.45380909145206,55.0,769.9664582746782,,,14.915069147727527,80.34242593213298,42.907231321081966,0.0,0.0,0.22830957815146846,6.044828557796082,Baseline (no TES/DSM)
2024-02-02 00:00:00,121.4655304658932,81.8,1.85,127.91957092941254,6.454040463519348,43.94726302805224,40.94054565856278,55.0,807.310280693631,,,15.480199201203508,75.62581796017629,42.396703225729425,0.0,9.897049743506827,0.22907910545792165,5.922743460735504,Baseline (no TES/DSM)
2024-02-02 01:00:00,126.81668342072483,80.8,2.15,133.55505605292194,6.7383726321971125,43.32817097220332,40.321157669608766,55.0,851.4442522737727,,,16.162177976409716,78.95750652801068,44.26448615041014,0.0,10.333063374501116,0.23000774354169504,6.4769611782726155,Baseline (no TES/DSM)
2024-02-02 02:00:00,111.85972745655417,82.9,2.2,117.80336598901474,5.943638532460568,45.05858920080945,42.052403057980015,55.0,743.6886549829675,,,14.255985685634641,69.64513597608395,39.043864129158564,0.0,9.114365883772223,0.22741211619878582,4.989967073135419,Baseline (no TES/DSM)
2024-02-02 03:00:00,103.10814388192097,78.1,2.65,108.58676921850686,5.478625336585893,46.07108798619015,43.06538582939579,55.0,809.9076504004148,,,13.140638339423166,64.19630070784031,35.98918441759151,0.0,8.401284093075041,0.22589336802071477,4.209574332288395,Baseline (no TES/DSM)
2024-02-02 04:00:00,83.56872977797242,78.5,2.75,88.00913325213656,4.4404034741641425,48.331665500943245,45.327043926134905,55.0,696.9107844657304,,,10.65043374027673,52.030839704987,29.169087079751705,0.0,6.809206467397857,0.22250250174858513,2.7061243369777848,Baseline (no TES/DSM)
2024-02-02 05:00:00,103.10123250583905,79.5,1.55,108.57949060819219,5.478258102353138,46.07188758546593,43.066185810889195,55.0,775.955332262729,,,13.139757517694635,64.19199760664429,35.98677204957648,0.0,8.400720951971415,0.22589216862180111,4.208984195753464,Baseline (no TES/DSM)
2024-02-02 06:00:00,111.49839611679589,84.3,-0.05,117.4228353992421,5.924439282446215,45.100392782927514,42.09422662268991,55.0,715.6021284787336,,,14.209935739648797,69.42016698266617,38.91774392436359,0.0,9.084924492212338,0.22734941082560872,4.956436320223868,Baseline (no TES/DSM)
2024-02-02 07:00:00,115.74189640045209,82.5,0.0,121.8918130050047,6.149916604552615,44.609448618785805,41.60304778160549,55.0,768.500912643016,,,14.750749495200692,72.06221842503697,40.39890834586169,0.0,9.430686234106041,0.2280858270718213,5.357343720238204,Baseline (no TES/DSM)
2024-02-02 08:00:00,123.17302959780339,81.5,0.2,129.7177975989748,6.54476800117142,43.74971697454613,40.7429051757768,55.0,820.8808615590154,,,15.697811774881552,76.68892630063885,42.992693986862385,0.0,10.036177311473573,0.2293754245381808,6.096899870409826,Baseline (no TES/DSM)
2024-02-02 09:00:00,138.50227261088733,85.6,0.2,145.86155609066472,7.359283479777389,41.97622766267568,38.968568115669314,55.0,798.763847480962,,,17.651450264220944,86.23308699485575,48.34326022740825,0.0,11.285208868400716,0.23203565850598648,7.773277601732371,Baseline (no TES/DSM)
2024-02-02 10:00:00,137.87357155931417,84.8,1.0,145.19944916657172,7.325877607257553,42.04896410467578,39.04133932652314,55.0,811.3702922623793,,,17.571325331007152,85.84165058408747,48.12381647411454,0.0,11.233982108369709,0.23192655384298633,7.700529595179426,Baseline (no TES/DSM)
2024-02-02 11:00:00,107.3889266120981,80.2,1.65,113.09501026422527,5.7060836521271625,45.57583049618045,42.56989160062413,55.0,780.3058361215759,,,13.686203563944384,66.86156462458867,37.483362019163096,0.0,8.750083620473504,0.22663625425572934,4.583027085371314,Baseline (no TES/DSM)
2024-02-02 12:00:00,105.91639698995762,78.1,1.85,111.54423815033775,5.627841160380129,45.746192173143214,42.74033471242292,55.0,823.6117162405336,,,13.498536727163819,65.94475096792551,36.96938574011892,0.0,8.63010144229331,0.22638071174028518,4.4527773274977696,Baseline (no TES/DSM)
2024-02-02 13:00:00,112.5648516269977,83.8,1.75,118.5459567552109,5.981105128213201,44.97701112296466,41.97078598487813,55.0,729.4550824960198,,,14.345850378755244,70.08415428810008,39.289982843471314,0.0,9.1718196236395,0.227534483315553,5.055726044773534,Baseline (no TES/DSM)
2024-02-02 14:00:00,130.72731171999024,81.4,1.75,137.6734746049811,6.946162884990855,42.8757378360383,39.86850826521423,55.0,853.722484587304,,,16.660568794300968,81.39230809464277,45.629463908249406,0.0,10.651702602088918,0.23068639324594256,6.897637785952059,Baseline (no TES/DSM)
2024-02-02 15:00:00,116.05213024174235,82.6,0.8,122.2185310435578,6.166400801815456,44.57355667022454,41.567138676281054,55.0,767.8071083388039,,,14.79028731011581,72.25537353592736,40.50719332226043,0.0,9.455964185370014,0.2281396649946632,5.387263827095752,Baseline (no TES/DSM)
2024-02-02 16:00:00,102.43227202738773,81.1,1.55,107.87498508268216,5.442713055294433,46.14928176974396,43.14361699047519,55.0,737.3359681351848,,,13.054501713645216,63.77549521973775,35.75327602180746,0.0,8.34621384113695,0.22577607734538407,4.152059571746492,Baseline (no TES/DSM)
2024-02-02 17:00:00,85.79158880847235,77.8,2.8,90.35010333910266,4.558514530630305,48.074495807108946,45.069751302236625,55.0,726.1062917034249,,,10.933726460905778,53.41481696789391,29.944960648716208,0.0,6.990325722492539,0.2228882562893366,2.8605250368566724,Baseline (no TES/DSM)
2024-02-02 18:00:00,81.40566792645767,76.0,4.6,85.73113765224713,4.3254697257894605,48.58191706726663,45.57741511557794,55.0,746.9684816279158,,,10.374761883268917,50.684092844443,28.414085302491806,0.0,6.632959505312321,0.22212712439910007,2.559977381609275,Baseline (no TES/DSM)
2024-02-02 19:00:00,76.58937852353495,76.8,5.4,80.65893592118275,4.069557397647799,49.139129042552554,46.13489344458054,55.0,696.6063255166162,,,9.76094890207237,47.685416394985275,26.732992800925867,0.0,6.240526725271604,0.22129130643617118,2.2490934289987683,Baseline (no TES/DSM)
2024-02-02 20:00:00,81.71246100824924,73.9,6.15,86.05423210740952,4.341771099160283,48.5464231912123,45.54190427304366,55.0,810.837400397586,,,10.413861189890874,50.875105699415265,28.521169305587453,0.0,6.657957102406801,0.22218036521318155,2.5804596821111994,Baseline (no TES/DSM)
2024-02-02 21:00:00,74.62271408224561,76.2,5.55,78.58777325859921,3.9650591763536056,49.36665876229705,46.36253192614136,55.0,699.6502696844002,,,9.510306952901198,46.460948791252555,26.046542181214047,0.0,6.080282286132611,0.22095001185655444,2.1279136581064395,Baseline (no TES/DSM)
2024-02-02 22:00:00,67.60987564041729,74.9,6.0,71.2023094069605,3.592433766543209,50.177996544067575,47.17425753667946,55.0,688.0360488079349,,,8.616554333298192,42.09467597828559,23.598759431262028,0.0,5.5088739974128735,0.21973300518389863,1.7230201500013198,Baseline (no TES/DSM)
2024-02-02 23:00:00,76.63782521704408,71.8,6.95,80.70995681758743,4.072131600543344,49.13352408912722,46.12928581192317,55.0,850.6362530616213,,,9.767123200766699,47.71557985625732,26.74990278418694,0.0,6.244474177143164,0.22129971386630917,2.252120757075448,Baseline (no TES/DSM)
2024-02-03 00:00:00,83.57620331571485,77.5,6.1,88.01700389443056,4.440800578715709,48.330800863381114,45.326178875266095,55.0,720.8465955189525,,,10.65138620681228,55.86423456045606,32.1527693339745,0.0,0.0,0.22250379870492834,2.9057890441162835,Baseline (no TES/DSM)
2024-02-03 01:00:00,101.07535702164445,77.0,5.15,106.44597073880537,5.370613717160921,46.306267620757495,43.3006778825265,55.0,828.4767035566866,,,12.88156940513398,67.56106677410254,38.88490396470283,0.0,0.0,0.22554059856886377,4.334879804030311,Baseline (no TES/DSM)
2024-02-03 02:00:00,93.1014276202945,77.5,4.5,98.0483486008234,4.946920980528901,47.22879709953432,44.22364834097769,55.0,773.769096204698,,,11.865330352986668,62.23111105976144,35.817237541061964,0.0,0.0,0.2241568043506985,3.648436877318057,Baseline (no TES/DSM)
2024-02-03 03:00:00,75.89489673515031,76.4,5.55,79.92755301734402,4.032656282193713,49.21947586906823,46.21527867780105,55.0,702.4888996136243,,,9.67244052949484,50.72987459286525,29.197678424478774,0.0,0.0,0.22117078619639766,2.368230080573582,Baseline (no TES/DSM)
2024-02-03 04:00:00,70.08113655648735,74.9,3.7,73.80488015131728,3.7237435948299265,49.89208843903247,46.88821276429013,55.0,705.0313527765347,,,8.931504682686862,46.84382510253147,26.96105504878581,0.0,0.0,0.2201618673414513,1.9977705960373464,Baseline (no TES/DSM)
2024-02-03 05:00:00,57.142856311079434,76.8,3.95,60.179127633636554,3.03627132255712,51.38895959631209,48.385799443155456,55.0,565.7495499126427,,,7.282582928904628,38.195584410046294,21.98354322359026,0.0,0.0,0.21791656060553186,1.2859018042034507,Baseline (no TES/DSM)
2024-02-03 06:00:00,75.16253077332753,75.7,3.4,79.1562729740236,3.9937422006960617,49.304205637169744,46.300048947703765,55.0,716.3930718625927,,,9.579104000738804,50.2403445322473,28.915928441776295,0.0,0.0,0.22104369154424539,2.319836161427512,Baseline (no TES/DSM)
2024-02-03 07:00:00,84.90963695028563,79.0,3.1,89.42128919037323,4.511652240087599,48.176531647544344,45.17183591697434,55.0,693.0430258164091,,,10.821325927205098,56.755531919957576,32.665757270415654,0.0,0.0,0.22273520252868348,3.004683838335194,Baseline (no TES/DSM)
2024-02-03 08:00:00,102.54503079960321,79.7,2.85,107.99373526394758,5.448704464344374,46.1362363455718,43.13056533044062,55.0,768.6500936847291,,,13.068872278272751,68.54343014312389,39.4503051208237,0.0,0.0,0.2257956454816423,4.467837750832245,Baseline (no TES/DSM)
2024-02-03 09:00:00,115.02874145160837,80.4,2.1,121.14076474701436,6.11202329540599,44.691955803152474,41.68559440535283,55.0,810.4477545753278,,,14.659861317895727,76.88782618387286,44.2529385631415,0.0,0.0,0.2279620662952713,5.678032577223825,Baseline (no TES/DSM)
2024-02-03 10:00:00,100.40168689597566,82.6,1.75,105.73650532015549,5.334818424179829,46.384206679234175,43.37865419676727,55.0,697.4735223647889,,,12.795713379138352,67.11077034493157,38.62573497522392,0.0,0.0,0.22542368998114873,4.274604405475042,Baseline (no TES/DSM)
2024-02-03 11:00:00,91.3972901046932,77.1,2.4,96.25366216620851,4.856372061515316,47.42595423686308,44.42089972167993,55.0,774.8921761754294,,,11.648146201181884,61.09202679751993,35.161635368688586,0.0,0.0,0.2238610686447054,3.509387161933458,Baseline (no TES/DSM)
2024-02-03 12:00:00,83.40218225336834,78.3,2.45,87.83373626662974,4.431554013261405,48.35093391847383,45.34632155419011,55.0,700.6140608223494,,,10.629208057175942,55.74791492568319,32.08582134094655,0.0,0.0,0.22247359912228926,2.8930044005971984,Baseline (no TES/DSM)
2024-02-03 13:00:00,99.74990491186325,80.6,2.3,105.05009106396787,5.300186152104615,46.45961342838066,43.454096991204935,55.0,735.0701293045506,,,12.712646891789095,66.67510444724549,38.37498661672238,0.0,0.0,0.225310579857429,4.216688253462378,Baseline (no TES/DSM)
2024-02-03 14:00:00,97.19042224681496,80.8,1.95,102.35461093015182,5.16418868333686,46.75572819063646,43.750353299714206,55.0,718.2309875708373,,,12.386453103683097,64.9642880392119,37.39032289093993,0.0,0.0,0.2248664077140453,3.993070947452828,Baseline (no TES/DSM)
2024-02-03 15:00:00,106.62835857158319,78.4,1.7,112.2940296318424,5.665671060259214,45.663823053259236,42.657926219154675,55.0,819.4632525038669,,,13.589272815541275,71.27281926815277,41.02121036368963,0.0,0.0,0.22650426542011115,4.847767744301126,Baseline (no TES/DSM)
2024-02-03 16:00:00,117.42361041910097,83.4,1.25,123.66288447578658,6.239274056685616,44.41488572777085,41.40839188729656,55.0,757.7768557394382,,,14.965075879881898,78.48861105365415,45.17427342213243,0.0,0.0,0.22837767140834372,5.926728835072712,Baseline (no TES/DSM)
2024-02-03 17:00:00,133.49080612329857,82.9,2.05,140.5838065895461,7.093000466247531,42.55602030116081,39.54863790168717,55.0,832.4484287703524,,,17.012762899826544,89.22828998064934,51.355516608896764,0.0,0.0,0.2311659695482588,7.732869654255814,Baseline (no TES/DSM)
2024-02-03 18:00:00,109.34792599947203,82.0,1.3,115.15810059217817,5.810174592706147,45.34918757111865,42.343140337644044,55.0,750.6053629878469,,,13.935868638762456,73.09063997150112,42.06746062067705,0.0,0.0,0.22697621864332204,5.109392019689144,Baseline (no TES/DSM)
2024-02-03 19:00:00,97.1459178864197,78.3,1.55,102.30774184174116,5.161823955321466,46.760877042893895,43.75550461318208,55.0,774.924983397544,,,12.380781236433197,64.93454031283224,37.37320152890892,0.0,0.0,0.22485868443565915,3.9892364545575143,Baseline (no TES/DSM)
2024-02-03 20:00:00,95.25144996720502,80.3,2.15,100.3126118453055,5.061161878100478,46.98005411533909,43.97478645478236,55.0,719.2038886572383,,,12.139340387681733,63.668234881291234,36.64437696401426,0.0,0.0,0.22452991882699136,3.8277136084945105,Baseline (no TES/DSM)
2024-02-03 21:00:00,105.29662406759739,81.2,1.75,110.89153374936161,5.594909681764207,45.81789569122655,42.81207250561051,55.0,748.7132308011653,,,13.419549641190958,70.38265764616716,40.50887610319445,0.0,0.0,0.22627315646316018,4.722157315968793,Baseline (no TES/DSM)
2024-02-03 22:00:00,116.69743494087889,80.1,1.8,122.89812384585872,6.2006889049798275,44.49889929896089,41.49244561793745,55.0,824.6745715337786,,,14.872528298565712,78.00321885302739,44.89490499283133,0.0,0.0,0.22825165105155867,5.850756563321325,Baseline (no TES/DSM)
2024-02-03 23:00:00,113.14095266084405,83.0,1.7,119.15266877284218,6.011716111998126,44.91036014579561,41.90410314777734,55.0,747.3046485392725,,,14.419271692026214,75.62598523365072,43.52668353919145,0.0,0.0,0.2276344597813066,5.485745550565299,Baseline (no TES/DSM)
2024-02-04 00:00:00,134.69263817614052,80.6,1.6,141.8494976867576,7.156859510617068,42.416976494590635,39.40952763058231,55.0,887.4793638413202,,,17.165930629906217,69.47374200784634,44.5764207008734,16.375301969461304,11.424033008576544,0.23137453525811405,6.078823276255014,Baseline (no TES/DSM)
2024-02-04 01:00:00,132.41916519344534,84.7,1.4,139.45522428795465,7.036059094509312,42.68000187896184,39.67267874410475,55.0,792.8290155315882,,,16.876187403859404,68.301096809116,43.824016638550695,16.098903740759596,11.231207099528355,0.23097999718155723,5.868429467828319,Baseline (no TES/DSM)
2024-02-04 02:00:00,138.27930953349875,83.4,0.7,145.62674592614113,7.347436392642379,42.00202297653122,38.99437575998081,55.0,840.3550263217279,,,17.623034689536922,71.32372790107817,45.76342671327546,16.811352724255734,11.728238587531763,0.23199696553520316,6.418269793731057,Baseline (no TES/DSM)
2024-02-04 03:00:00,130.67415364314272,82.6,0.65,137.61749198706738,6.943338343924665,42.88188786451968,39.874661233479785,55.0,827.7245133248454,,,16.65379405240016,67.40102918932601,43.24650646392297,15.886753385229143,11.083202948589259,0.23067716820322048,5.70945172885012,Baseline (no TES/DSM)
2024-02-04 04:00:00,137.6614893046953,84.0,0.4,144.9760979746037,7.314608669908409,42.07350058123127,39.06588753179591,55.0,826.0542677806078,,,17.544296464991028,71.0050595331234,45.558959603494486,16.73624102589946,11.675837812086357,0.2318897491281531,6.359141879104833,Baseline (no TES/DSM)
2024-02-04 05:00:00,144.2382582595652,84.9,0.5,151.90232189658346,7.664063637018245,41.31261307764432,38.30463631525314,55.0,832.5385544253927,,,18.382474120258124,74.39732176662665,47.73553602039812,17.535813883612253,12.233650225946437,0.2330310803835335,7.002597435240396,Baseline (no TES/DSM)
2024-02-04 06:00:00,135.50078033571035,84.3,0.2,142.70058027706642,7.199799941356076,42.323479935024984,39.31598637858857,55.0,812.1197705473062,,,17.26892447157511,69.8905774092452,44.84387470117288,16.47355211940568,11.492576047242665,0.2315147800974625,6.154502770196859,Baseline (no TES/DSM)
2024-02-04 07:00:00,116.8447840959505,82.2,0.45,123.0533023612883,6.208518265337801,44.481852002404274,41.475390172577505,55.0,779.3700078716141,,,14.89130724156203,60.26791438021247,38.66968769111577,14.205443215282079,9.910257074677988,0.22827722199639358,4.526656030307563,Baseline (no TES/DSM)
2024-02-04 08:00:00,99.38835163921031,81.3,0.4,104.66932674895196,5.280975109741647,46.501442686627435,43.495946244317025,55.0,718.5532656342059,,,12.666568661520417,51.26397993138976,32.89249535406737,12.083171674243527,8.4296797892513,0.22524783597005885,3.2291869885276583,Baseline (no TES/DSM)
2024-02-04 09:00:00,80.57091423188463,80.8,0.2,84.85202952970444,4.2811152978198095,48.67849240070652,45.67403661313515,55.0,631.0548226506494,,,10.268376529116454,41.55804641202599,26.66487951893639,9.79543550685603,6.833668091886029,0.22198226139894023,2.074953594176793,Baseline (no TES/DSM)
2024-02-04 10:00:00,89.7921841515883,78.9,-0.15,94.56326931129834,4.77108515971004,47.61165409495923,44.60668834643866,55.0,722.0057400316801,,,11.443583146973861,46.314328092012325,29.716651411617548,10.916514442733655,7.615775364934814,0.22358251885756117,2.6088895949241517,Baseline (no TES/DSM)
2024-02-04 11:00:00,97.21181022231126,83.7,-0.35,102.37713535035594,5.165325128044685,46.75325374712266,43.74787767338802,55.0,661.9536044900749,,,12.38917889856435,50.14133151559962,32.17217071579211,11.818557932665815,8.245075186298397,0.224870119379316,3.0827130049305036,Baseline (no TES/DSM)
2024-02-04 12:00:00,114.59879532136507,82.6,-0.2,120.68797353709223,6.089178215727159,44.741697650549355,41.73536002992342,55.0,761.5591418384479,,,14.605066746000107,59.10944538895244,37.92637950544915,13.93238638825817,9.719762254432478,0.22788745352417597,4.347488719716722,Baseline (no TES/DSM)
2024-02-04 13:00:00,121.03348843837455,82.2,0.15,127.46457245723956,6.431084018865008,43.99724735653012,40.99055388012311,55.0,797.0684391995328,,,15.425137517253928,62.42842566555948,40.055936037631156,14.714686329061538,10.265524424987374,0.22900412896520483,4.8704482611031,Baseline (no TES/DSM)
2024-02-04 14:00:00,122.60532131417001,84.8,0.0,129.1199242782318,6.51460296406178,43.815396967512825,40.80861656453362,55.0,752.6157554661917,,,15.625460077366135,63.2391686517475,40.57613286866579,14.905782430045305,10.39884032777321,0.22927690454873076,5.002700008666786,Baseline (no TES/DSM)
2024-02-04 15:00:00,142.80137185835767,82.6,0.1,150.38908689722382,7.5877150388661505,41.478851076007224,38.47095377728638,55.0,873.6789218035548,,,18.199349841008885,73.65618344990938,47.2599996170215,17.36112394484355,12.111779885449394,0.23278172338598915,6.859371554993852,Baseline (no TES/DSM)
2024-02-04 16:00:00,132.25005606865656,86.5,-0.2,139.2771295922805,7.027073523623926,42.699566656237316,39.692252873568215,55.0,759.6301197551409,,,16.85463525710279,68.2138712274819,43.768050109176755,16.07834424306392,11.21686401255791,0.23095065001564402,5.852927511651696,Baseline (no TES/DSM)
2024-02-04 17:00:00,130.2106319289683,83.6,-1.2,137.1293411629922,6.918709234023908,42.93551417895716,39.92831318191078,55.0,805.5933641456058,,,16.594720433390872,67.16194716953905,43.0931043239485,15.830400579747065,11.04388908975759,0.23059672873156425,5.66758952207766,Baseline (no TES/DSM)
2024-02-04 18:00:00,108.26172663186564,83.8,-1.85,114.01418629389893,5.752459662033289,45.47485346129771,42.46886629756028,55.0,710.6828642501189,,,13.79743773973889,55.840819269649984,35.82913169934373,13.161955169470488,9.182280155434725,0.22678771980805343,3.8614417495434386,Baseline (no TES/DSM)
2024-02-04 19:00:00,121.5628070681825,83.6,-2.1,128.02201629954007,6.459209231357576,43.936008785797235,40.929286036650865,55.0,771.0615121218971,,,15.492596637540204,62.70144538233965,40.231113614124034,14.77903841629166,10.310418886784733,0.22909598682130414,4.9147867895561985,Baseline (no TES/DSM)
2024-02-04 20:00:00,141.03337119280312,86.9,-1.95,148.52714396021787,7.493772767414754,41.683396746074855,38.67559722253091,55.0,784.7090687979158,,,17.974026637087015,72.74425816749113,46.67488121311794,17.146178680034023,11.96182589957478,0.2324749048808877,6.685169648115393,Baseline (no TES/DSM)
2024-02-04 21:00:00,149.9457749569584,88.0,-2.25,157.91310606063902,7.967331103680635,40.652292156936795,37.64399975357013,55.0,796.7461852554098,,,19.109869745016468,77.34122833724139,49.62443409905591,18.22970711104562,12.717736513296103,0.23402156176459482,7.58611083048518,Baseline (no TES/DSM)
2024-02-04 22:00:00,140.49922240012543,86.3,-3.2,147.96461330555627,7.465390905430837,41.74519413384892,38.737424150165296,55.0,793.3486439952117,,,17.905951935712743,72.46874707854975,46.49810509809279,17.08123936415781,11.916521764755913,0.2323822087992266,6.632980008278879,Baseline (no TES/DSM)
2024-02-04 23:00:00,151.01792249170654,86.5,-4.0,159.04222188544915,8.02429939374261,40.52825196838991,37.5199002723901,55.0,826.4606732010419,,,19.246509805347326,77.89423629841909,49.979260466773454,18.360053801666925,12.808671318589685,0.23420762204741513,7.698325400533534,Baseline (no TES/DSM)
2024-02-05 00:00:00,149.18946033577396,92.0,-4.7,157.11660485195472,7.9271445161807605,40.739792622285094,37.7315420451447,55.0,732.2215441900705,,,19.01348107450384,67.17491971240219,43.10142789356652,15.83345827176935,31.006798974216657,0.23389031106657235,6.553668750630051,Baseline (no TES/DSM)
2024-02-05 01:00:00,170.9120001837854,87.3,-5.05,179.9933664006556,9.081366216870151,38.22664228509972,35.2171903932666,55.0,876.2166494110916,,,21.781914577519096,76.95583766032861,49.37715596991299,18.138868636993813,35.52150413342017,0.2376600365723504,8.668316811882862,Baseline (no TES/DSM)
2024-02-05 02:00:00,148.7133930564271,91.8,-5.25,156.61524185725168,7.901848800824581,40.79487037341294,37.78664612406945,55.0,733.53517765757,,,18.952808583393015,66.96056287247632,42.96389016491552,15.782933312532101,30.90785550732774,0.2338076944398806,6.510627607306269,Baseline (no TES/DSM)
2024-02-05 03:00:00,159.84182277593604,86.5,-3.35,168.33497789576037,8.493155119824337,39.50738663082987,36.49854694948706,55.0,855.7473136206955,,,20.371073569301622,71.97131477982046,46.17893772956592,16.963992129941815,33.22073325643218,0.23573892005375519,7.553798298685434,Baseline (no TES/DSM)
2024-02-05 04:00:00,152.05477763130733,88.3,-3.45,160.1341700625572,8.079392431249858,40.408294870282035,37.39988583341315,55.0,798.7750469101993,,,19.378652019210367,68.46507425042927,43.9292294455506,16.137554028480977,31.602312338096347,0.23438755769457695,6.815713941884213,Baseline (no TES/DSM)
2024-02-05 05:00:00,158.90990089476216,88.1,-2.45,167.35353857941894,8.443637684656778,39.61520366356589,36.60641552000163,55.0,824.5748795228842,,,20.252304595871887,71.55170217846648,45.90970179511417,16.865087380337478,33.02704722550081,0.23557719450465117,7.46347061938697,Baseline (no TES/DSM)
2024-02-05 06:00:00,150.7347076150375,87.3,-2.6,158.74395845741847,8.009250842380965,40.56101800623708,37.552681972779254,55.0,811.369601949816,,,19.21041542786621,67.870691797687,43.54785597256761,15.997455167131253,31.327955520032607,0.23415847299064438,6.694350482198457,Baseline (no TES/DSM)
2024-02-05 07:00:00,155.52568461474016,86.1,-2.7,163.7895028170731,8.263818202332942,40.006734504100834,36.998133516770096,55.0,848.8859852609222,,,19.82100246469314,70.0279051462349,44.93198826467232,16.505920941020836,32.32368846514504,0.23498989824384875,7.140016705629678,Baseline (no TES/DSM)
2024-02-05 08:00:00,154.48895254667966,89.6,-3.15,162.69768425088083,8.20873170420117,40.1266773636673,37.118133710399455,55.0,785.6173549908482,,,19.68887593570755,69.56110009661215,44.63247225076701,16.39589269973827,32.1082192037634,0.23480998395449906,7.042361309210223,Baseline (no TES/DSM)
2024-02-05 09:00:00,188.55481928614466,87.3,-2.8,198.57363226622763,10.01881298008297,36.18548793177702,33.17506034474631,55.0,928.0644486131613,,,24.030407241468794,84.89979666409499,54.47423651211824,20.011298763256534,39.18830032675787,0.24072176810233448,10.187975599691399,Baseline (no TES/DSM)
2024-02-05 10:00:00,159.018075867888,92.9,-2.6,167.467461402581,8.449385534692993,39.60268855381868,36.59389442788839,55.0,750.6299888548788,,,20.266090977293423,71.60040967508363,45.94095397468219,16.87656797634729,33.04952977646789,0.23559596716927197,7.473927760749625,Baseline (no TES/DSM)
2024-02-05 11:00:00,138.94024241696977,83.0,-2.2,146.32279731242718,7.382554895457417,41.925557530475004,38.91787376256414,55.0,851.0226009032767,,,17.707267415113588,62.56004685703407,40.14038811167747,14.745710089890963,28.876652253824687,0.23211166370428749,5.658346963422889,Baseline (no TES/DSM)
2024-02-05 12:00:00,110.64332184952707,82.5,-1.85,116.52232697547558,5.87900512594851,45.19931906862619,42.19320019628805,55.0,746.2651570416929,,,14.10096062598179,49.81890976230871,31.965295322263064,11.742561542964141,22.995560347939673,0.22720102139706072,3.527382350723454,Baseline (no TES/DSM)
2024-02-05 13:00:00,120.61850962821264,85.8,-0.8,127.0275438521933,6.409034223980669,44.04525758664042,41.038587059674185,55.0,726.7630987719343,,,15.372250458506107,54.310396202712816,34.84716670781632,12.801226941253057,25.06875400041112,0.22893211362003937,4.221463159041882,Baseline (no TES/DSM)
2024-02-05 14:00:00,137.20902980435088,83.7,-0.6,144.49959715231273,7.290567347961854,42.125847072654906,39.11825904544298,55.0,830.3171401113036,,,17.486632672070147,61.78054093217826,39.64023390893895,14.561976717575183,28.516845593620324,0.23181122939101764,5.513599282555936,Baseline (no TES/DSM)
2024-02-05 15:00:00,118.86035390904715,84.3,0.0,125.1759689703309,6.315615061283751,44.24866426327034,41.24209096702908,55.0,746.6287916181118,,,15.148181945776406,53.51875871698808,34.3392285345384,12.614634100498582,24.703347618305827,0.2286270036050945,4.094613963680052,Baseline (no TES/DSM)
2024-02-05 16:00:00,119.60211964993445,82.0,-0.7,125.9571482476164,6.355028597681951,44.16284700456732,41.15623268669187,55.0,795.2526853840002,,,15.24271643128453,53.85275050151075,34.553527604478184,12.693357603347476,24.85751253828,0.228755729493149,4.147895984476545,Baseline (no TES/DSM)
2024-02-05 17:00:00,119.15928531941077,83.9,-0.6,125.490784026128,6.331498706717227,44.21407992920963,41.20749010125992,55.0,755.398564650767,,,15.186279320086442,53.65335732365574,34.4255910067929,12.646359652702214,24.76547604297714,0.22867888010618556,4.116045229618904,Baseline (no TES/DSM)
2024-02-05 18:00:00,125.61059121619749,85.0,-0.9,132.2848784419349,6.674287225737402,43.467707649391734,40.46076104692968,55.0,760.8956060371028,,,16.008467310433215,56.55816008037487,36.28939891456249,13.331035919278257,26.10628352771927,0.2297984385259124,4.592169342120807,Baseline (no TES/DSM)
2024-02-05 19:00:00,131.9094536575288,83.8,-1.3,138.91842935755648,7.00897570002769,42.73897204208819,39.731677095645594,55.0,808.2222882396562,,,16.811227113636534,59.394322754491284,38.10916530231873,13.99953338149824,27.415407919248224,0.2308915419368677,5.082144584058225,Baseline (no TES/DSM)
2024-02-05 20:00:00,122.45869723603825,86.5,-2.3,128.9655093665231,6.506812130484846,43.8323603775917,40.82558808331713,55.0,722.0640708008561,,,15.606773541947671,55.13896984681094,35.37880421968091,12.996525815819384,25.451209484211866,0.22925145943361244,4.356300504561865,Baseline (no TES/DSM)
2024-02-05 21:00:00,138.23034143926773,84.8,-3.1,145.57517592451813,7.344834485250402,42.00768825247911,39.0000437439956,55.0,812.6852000690419,,,17.616793940821694,62.2404026873081,39.935294898436176,14.67036839026797,28.729109948505897,0.23198846762128134,5.598765122276157,Baseline (no TES/DSM)
2024-02-05 22:00:00,155.9687323079109,89.0,-3.95,164.25609173817926,8.287359430268367,39.955476894849255,36.946851405793254,55.0,800.0769251578282,,,19.87746676793712,70.22739439400434,45.05998650367414,16.552941535816437,32.41576930468435,0.23506678465772612,7.181954678178845,Baseline (no TES/DSM)
2024-02-05 23:00:00,164.44641658397393,91.9,-4.75,173.18423563965854,8.73781905568461,38.97466639819413,35.965572070468596,55.0,781.7097503430181,,,20.95790696241037,74.04460614146898,47.50922317700724,17.45267707962879,34.177729241553536,0.2365380004027088,8.008072362685812,Baseline (no TES/DSM)
2024-02-06 00:00:00,157.23431171759626,88.3,-5.55,165.58891739203426,8.354605674438005,39.809057952016616,36.80036247302618,55.0,815.7769337616865,,,20.038758792857486,57.75933274050996,37.06010704521884,13.614158210646293,57.15531939565916,0.23528641307197506,5.957624051233776,Baseline (no TES/DSM)
2024-02-06 01:00:00,161.93648524683445,89.3,-6.35,170.54093973111824,8.604454484283792,39.26504840832641,36.25609288653307,55.0,814.2465812765744,,,20.63802825335412,59.48665550175744,38.168408741172776,14.021296663199442,58.86457882498857,0.2361024273875104,6.329957734045392,Baseline (no TES/DSM)
2024-02-06 02:00:00,157.87957796118766,94.4,-6.95,166.2684696954643,8.388891734276626,39.73440502979838,36.72567386585469,55.0,726.6020124586468,,,20.120994880332628,57.996368456586715,37.2121962158263,13.670028692300583,57.38987633075069,0.23539839245530242,6.0080508450840195,Baseline (no TES/DSM)
2024-02-06 03:00:00,173.20942333475276,86.7,-4.45,182.41286255390844,9.203439219155683,37.960846028911035,34.95126708341816,55.0,894.083846183769,,,22.0747101376259,63.627719719042915,40.82543879834463,14.997365823621546,62.96233821289934,0.23805873095663344,7.268507715360909,Baseline (no TES/DSM)
2024-02-06 04:00:00,160.85486420655965,91.7,-5.35,169.4018470284439,8.546982821884257,39.39018461712577,36.38128891187583,55.0,773.6343240368923,,,20.500180840187245,59.08932677063054,37.913470801119736,13.927644331177207,58.471405125516426,0.23591472307431136,6.243312813174791,Baseline (no TES/DSM)
2024-02-06 05:00:00,174.66947052871112,91.4,-6.15,183.9504889889264,9.281018460215279,37.79192848411763,34.78226879410048,55.0,819.7313380538594,,,22.26078614881147,64.16406163304035,41.16957173414015,15.12378424512524,63.49307137662066,0.23831210727382354,7.394807307581537,Baseline (no TES/DSM)
2024-02-06 06:00:00,185.7837140941984,90.9,-6.4,195.65528509568134,9.871571001482948,36.50608598321314,33.49581164572902,55.0,859.2945340359444,,,23.67724317743942,68.24683011560309,43.78919751278943,16.08611281475682,67.533144652532,0.2402408710251803,8.18961961387237,Baseline (no TES/DSM)
2024-02-06 07:00:00,197.66276720348475,95.2,-7.15,208.1655287093155,10.502761505830762,35.131760212104986,32.12082893113562,55.0,827.8748399853899,,,25.191171513718043,72.6105480197066,46.5890888025271,17.114662541949713,71.85122934513208,0.24230235968184252,8.71326576236479,Baseline (no TES/DSM)
2024-02-06 08:00:00,210.039775460293,94.7,-7.5,221.20018619220752,11.160410731914538,33.699824412167146,30.68820864945786,55.0,866.2737989697257,,,26.768561844912714,77.1571875567627,49.506348056478714,18.186327795811764,76.35032278315435,0.24445026338174927,9.258862506811523,Baseline (no TES/DSM)
2024-02-06 09:00:00,190.59341315245794,94.7,-8.35,200.72054630577358,10.12713315331564,35.94963646604806,32.93909613931099,55.0,816.1726699635636,,,24.290216250821796,70.01365190693507,44.922842962101626,16.502561382562742,69.28149005417416,0.2410755453009279,8.401638228832207,Baseline (no TES/DSM)
2024-02-06 10:00:00,195.07531302800734,93.6,-10.65,205.44059080588679,10.365277777879442,35.43111108815588,32.420322900339514,55.0,843.7159570987269,,,24.861412890784077,71.66005811047708,45.979226186217126,16.89062740532498,70.91067910386761,0.24185333336776618,8.59920697325725,Baseline (no TES/DSM)
2024-02-06 11:00:00,179.1431513056342,96.9,-9.4,188.66187767067146,9.518726365037253,37.27435400011856,34.264446903560284,55.0,755.8782190346991,,,22.830935304079937,65.80744858685756,42.224017717766735,15.51113861590882,65.11927275013834,0.23908846899982217,7.788566609878503,Baseline (no TES/DSM)
2024-02-06 12:00:00,179.2371768269914,90.6,-7.05,188.76089921449787,9.523722387506467,37.26347588584848,34.253563589426804,55.0,845.4503413100751,,,22.842918405746914,65.84198844851272,42.24617952105518,15.519279830823121,65.15345141410684,0.23910478617122727,7.796951956426544,Baseline (no TES/DSM)
2024-02-06 13:00:00,157.9551441843572,90.2,-5.65,166.34805111092865,8.392906926571442,39.72566253096689,36.716927188008455,55.0,787.3138041511072,,,20.130625432992794,58.02412737625453,37.23000716490653,13.6765716059075,57.417344963860074,0.23541150620354967,6.0139701458615,Baseline (no TES/DSM)
2024-02-06 14:00:00,171.8609281570065,89.3,-4.7,180.99271542347518,9.131787266468677,38.1168577630065,35.10735339291233,55.0,844.7630843451273,,,21.9028508958039,63.132355947487014,40.50759865842021,14.880606151412687,62.47215466615528,0.23782471335549024,7.152823542677399,Baseline (no TES/DSM)
2024-02-06 15:00:00,165.0442937824378,90.7,-3.25,173.81388089294677,8.76958711050898,38.90549606666622,35.89636867472868,55.0,801.6809331041188,,,21.034103543404004,60.62829529615626,38.900918813226085,14.290386765925202,59.99428001763921,0.23664175590000067,6.58223356624573,Baseline (no TES/DSM)
2024-02-06 16:00:00,151.62915135375596,87.3,-3.5,159.6859282396152,8.05677688585925,40.45753694005966,37.44915144146505,55.0,814.3811264142662,,,19.32440799181849,55.70030173778299,35.73897146850941,13.128834497547194,55.11782053577562,0.2343136945899105,5.528521103548835,Baseline (no TES/DSM)
2024-02-06 17:00:00,152.58618287489682,86.4,-4.35,160.6938113903387,8.107628515441888,40.346814892505336,37.33837646750176,55.0,833.5665058225658,,,19.44637706841386,56.05186305712158,35.9645436749298,13.21169922598375,55.46570543230358,0.234479777661242,5.600652306661123,Baseline (no TES/DSM)
2024-02-06 18:00:00,166.33898236996671,92.0,-4.8,175.1773624335012,8.838380063534487,38.755709389644835,35.74651039795729,55.0,785.9695372521797,,,21.19910539340703,61.10389345348932,39.20607674675792,14.402487585851794,60.464904647402165,0.23686643591553275,6.6887831375378255,Baseline (no TES/DSM)
2024-02-06 19:00:00,189.21469394098725,91.3,-5.25,199.26856919517274,10.053875254185499,36.10914491558641,33.098680835718156,55.0,862.5265171435905,,,24.114505100882965,69.50718546954513,44.5978790213164,16.383184757524745,68.78031994678646,0.24083628262662038,8.340862256345416,Baseline (no TES/DSM)
2024-02-06 20:00:00,192.78914370122234,91.9,-5.65,203.03294644593853,10.243802744716191,35.69560535331422,32.68494359679095,55.0,862.9726235787608,,,24.570051576585964,70.82024386507184,45.44037636998666,16.692679065861523,70.07964714501848,0.24145659197002867,8.498429263808621,Baseline (no TES/DSM)
2024-02-06 21:00:00,203.43178706474447,93.5,-5.9,214.24108399240728,10.809296927662814,34.464323793021556,31.453073469786855,55.0,866.9398992023678,,,25.926405421687317,74.72977208799767,47.948846041699426,17.614174056030777,73.9482918066794,0.24330351431046768,8.967572650559719,Baseline (no TES/DSM)
2024-02-06 22:00:00,190.39652415113056,93.9,-5.9,200.51319565679594,10.11667150566538,35.972415186378925,32.96188574813149,55.0,826.9101310615349,,,24.265123692057323,69.94132559840618,44.87643624981657,16.48551371666383,69.20992009190937,0.24104137722043162,8.392959071808741,Baseline (no TES/DSM)
2024-02-06 23:00:00,166.1579433850012,89.6,-6.05,174.98670398752523,8.828760602524028,38.776654370724074,35.76746539097776,55.0,822.5126316334198,,,21.176032843197113,61.037389578747245,39.163405881290416,14.386812296173032,60.39909623131453,0.2368350184439139,6.6738326796136525,Baseline (no TES/DSM)
2024-02-07 00:00:00,160.13291523005617,88.8,-6.1,168.64153747434216,8.508622244285988,39.47370921077022,36.46485343123425,55.0,816.7457251884438,,,20.408171906241023,55.420755401114654,35.55960621843683,13.062944053976677,64.59823180081399,0.23578943618384468,5.827921649512276,Baseline (no TES/DSM)
2024-02-07 01:00:00,168.76208709957066,93.1,-6.4,177.72921822451514,8.967131124944473,38.47537262834309,35.46603963246754,55.0,777.2685922689014,,,21.507918467830482,58.40724461107802,37.47582658593784,13.766874218500774,68.0792728089985,0.23728694105748538,6.491834653352619,Baseline (no TES/DSM)
2024-02-07 02:00:00,179.92570577963818,92.0,-7.05,189.4860129801664,9.560307200528229,37.18381776200047,34.17386738808174,55.0,825.7891048772734,,,22.930668117964743,62.27088613268825,39.95485398430669,14.677553487957297,72.58271937521418,0.2392242733569993,7.403827366362408,Baseline (no TES/DSM)
2024-02-07 03:00:00,162.96175221384289,91.2,-6.3,171.62068400099284,8.658931787149953,39.14643198308927,36.137419761283866,55.0,787.6257404578682,,,20.76869361020745,56.39979386002759,36.18778643394773,13.293708223878518,65.73939548313899,0.2362803520253661,6.04162533491848,Baseline (no TES/DSM)
2024-02-07 04:00:00,169.94877596056548,89.7,-6.4,178.9789615001829,9.030185539617406,38.3380807862284,35.32868216327727,55.0,832.4564380509772,,,21.65915627074945,58.81794838804939,37.7393463535019,13.863679114473484,68.55798764415812,0.2374928788206574,6.585934806825389,Baseline (no TES/DSM)
2024-02-07 05:00:00,178.77096392089652,93.4,-6.95,188.26991420269516,9.498950281798642,37.3174135529146,34.30752703931657,55.0,801.9617710010751,,,22.783501807236703,61.87123896450418,39.6984284660314,14.583354688941762,72.1168920832178,0.2390238796706281,7.306716057042792,Baseline (no TES/DSM)
2024-02-07 06:00:00,194.80730687852457,93.8,-7.5,205.1583442169427,10.351037338418138,35.4621175795539,32.45134421319612,55.0,840.1160862369953,,,24.827256792628265,67.42129242669382,43.25950796013671,15.891529529729022,78.58601430038313,0.24180682363066916,8.090555091203258,Baseline (no TES/DSM)
2024-02-07 07:00:00,186.9327658570294,94.5,-8.75,196.8653914354244,9.932625578395005,36.37314849775301,33.36281061462573,55.0,809.0835122664963,,,23.823684312738404,64.69597507878098,41.51086323289241,15.249158854925815,75.40939426882522,0.2404402772533705,7.763517009453717,Baseline (no TES/DSM)
2024-02-07 08:00:00,203.00461529800648,93.7,-9.7,213.79121456109868,10.7865992630922,34.51374466540227,31.502517965911544,55.0,862.9184747166286,,,25.871964429112133,70.25831705845631,45.07982740557413,16.56023015959669,81.89283993747155,0.2432293830018966,8.430998047014759,Baseline (no TES/DSM)
2024-02-07 09:00:00,212.3848094444495,98.9,-10.2,223.66982296831677,11.285013523867264,33.428519905915614,30.416774456539862,55.0,816.1237398053812,,,27.067425177325585,73.50472923210673,47.16282208296943,17.325425442367795,85.67684621087284,0.24485722014112657,8.820567507852806,Baseline (no TES/DSM)
2024-02-07 10:00:00,235.06469721557616,97.5,-10.45,247.55480088165487,12.49010366607871,30.80461091561626,27.791611207640933,55.0,886.699204110052,,,29.95786808085009,81.35406183735255,52.19918751140716,19.175551662071374,94.82599987082381,0.24879308362657562,9.762487420482307,Baseline (no TES/DSM)
2024-02-07 11:00:00,202.85194314739132,98.4,-10.0,213.6304302140938,10.778487066702468,34.53140779639348,31.520189540082008,55.0,799.0547684853065,,,25.8525070958676,70.20547841560983,45.0459245596252,16.54777583214489,81.83125140671386,0.2432028883054098,8.42465740987318,Baseline (no TES/DSM)
2024-02-07 12:00:00,192.80464164399643,91.7,-9.15,203.04926786801067,10.24462622401424,35.693812346585695,32.68314973298463,55.0,866.0963187637365,,,24.572026715050608,66.72818557883778,42.81478997679852,15.728160843910109,77.77813146846427,0.24145928148012147,8.007382269460534,Baseline (no TES/DSM)
2024-02-07 13:00:00,167.08741850038422,93.9,-8.0,175.96556652978978,8.878148029405565,38.669120412173456,35.6598800299613,55.0,761.1083882603368,,,21.29448998806366,57.827654845413036,37.10394454127577,13.630262066097908,67.40370507700305,0.23699631938173982,6.360190666905964,Baseline (no TES/DSM)
2024-02-07 14:00:00,178.12083493329467,91.3,-7.05,187.58524077457264,9.464405841277966,37.392629061590725,34.382778501868735,55.0,831.2875749174623,,,22.70064598636348,61.64623438284592,39.55405882936364,14.530320004718906,71.85462755764418,0.23891105640761393,7.252323507003477,Baseline (no TES/DSM)
2024-02-07 15:00:00,181.06391951436018,92.4,-6.9,190.68470541589807,9.620785901537886,37.05213416278879,34.04212084259891,55.0,823.0301721646955,,,23.07572799857004,62.664813045812835,40.20760921667714,14.77040399478021,73.04187915862789,0.23942179875581682,7.500175700110783,Baseline (no TES/DSM)
2024-02-07 16:00:00,189.32409392375342,93.5,-6.55,199.38378211855488,10.059688194801453,36.09648808054315,33.086017950562535,55.0,829.7593268167143,,,24.128447603906935,65.52359510730126,42.04188887661867,15.444232957620084,76.37406517701487,0.24085526787918526,7.862831412876151,Baseline (no TES/DSM)
2024-02-07 17:00:00,190.78861302920646,92.7,-6.7,200.92611807896202,10.13750504975556,35.92705316595969,32.9165020441461,55.0,845.4651925201651,,,24.315093538761246,66.03045376910083,42.367104480259364,15.56370203187648,76.96485779772534,0.24110942025106047,7.9236544522921,Baseline (no TES/DSM)
2024-02-07 18:00:00,187.13495177783855,93.0,-7.4,197.07832045437058,9.943368676532032,36.34975695981081,33.33940789526004,55.0,831.0704700590164,,,23.8494519384821,64.76595005205002,41.5557612584892,15.26565229956359,75.49095684426779,0.2404753645602838,7.771914006246002,Baseline (no TES/DSM)
2024-02-07 19:00:00,175.86252944292517,93.7,-7.9,185.2069407889918,9.344411346066636,37.653899670106114,34.64417400073236,55.0,789.4281964899826,,,22.412835784456792,60.864652432483275,39.05257258686875,14.346097303002,70.94361846663779,0.23851915049484082,7.064962035017649,Baseline (no TES/DSM)
2024-02-07 20:00:00,171.84297696765535,91.6,-8.35,180.97381040218514,9.13083343452979,38.11893459370337,35.109431216358104,55.0,808.3816678752434,,,21.90056310283097,59.47351661113243,38.15997843787952,14.018199762193246,69.32211559097995,0.23782159810944495,6.737540142463562,Baseline (no TES/DSM)
2024-02-07 21:00:00,185.091291174304,93.0,-8.6,194.92607045779317,9.834779283489183,36.586194612626784,33.575958567986554,55.0,825.4396148158248,,,23.58899719777481,64.05865502611066,41.101939717793336,15.098939390534637,74.66653632335453,0.2401207080810598,7.687038603133278,Baseline (no TES/DSM)
2024-02-07 22:00:00,197.738082668999,97.1,-9.0,208.24484604317948,10.50676337418048,35.12304672423125,32.112111278114725,55.0,802.6843852995606,,,25.200770108517897,68.43561111305534,43.9103250196655,16.130609422396404,79.76830048806225,0.24231542991365312,8.212273333566642,Baseline (no TES/DSM)
2024-02-07 23:00:00,218.12362223193696,94.8,-9.4,229.71356613235582,11.58994390041886,32.7645782401238,29.752515419014877,55.0,884.6015189320594,,,27.79880933864257,75.490887663877,48.43720044916107,17.793572732832683,87.99190528648506,0.24585313263981431,9.05890651966524,Baseline (no TES/DSM)
2024-02-08 00:00:00,217.10639987994097,97.7,-9.4,228.6422939260926,11.53589404615164,32.882263958037,29.870257392051357,55.0,842.6815526298587,,,27.669169229383456,82.52482359406328,52.95038310127099,19.4515059542451,73.71558127651323,0.2456766040629445,9.90297883128759,Baseline (no TES/DSM)
2024-02-08 01:00:00,230.0936382065931,97.2,-9.45,242.319605900372,12.225967693778898,31.379728683244053,28.367003888159566,55.0,879.487480872158,,,29.324330455773786,87.4614332586043,56.117858796156185,20.61508908113483,78.1252247644767,0.2479304069751339,10.495371991032517,Baseline (no TES/DSM)
2024-02-08 02:00:00,221.7601832310454,97.6,-9.7,233.54335488707764,11.783171656032238,32.34385282932699,29.33158889664503,55.0,854.9620975377957,,,28.262271593799266,84.2937841143762,54.08540082275487,19.868458630968746,75.29571131897782,0.2464842207560095,10.115254093725143,Baseline (no TES/DSM)
2024-02-08 03:00:00,208.31598300390462,95.7,-9.0,219.38480045646185,11.068817452557226,33.89925549266332,30.887735060298443,55.0,848.0346630465514,,,26.54887276518719,79.18347758853632,50.80647605171649,18.663934301363962,70.73091251484506,0.244151116761005,9.502017310624359,Baseline (no TES/DSM)
2024-02-08 04:00:00,193.68621662601169,94.0,-8.7,203.97768511534792,10.29146848933624,35.591820108163866,32.58110874110275,55.0,834.2760221913801,,,24.68437921769107,73.62252272849713,47.23840189627979,17.353189947599333,65.76357054297168,0.2416122698377542,8.834702727419655,Baseline (no TES/DSM)
2024-02-08 05:00:00,192.99767166267128,93.5,-8.0,203.25255448826155,10.254882825590272,35.671480084340395,32.66080679566178,55.0,839.6430771505243,,,24.59662746498714,73.36079828523948,47.070471703473466,17.291500211775848,65.52978428777274,0.2414927798734894,8.803295794228738,Baseline (no TES/DSM)
2024-02-08 06:00:00,175.90680303662458,94.9,-8.0,185.25356684897616,9.346763812351583,37.6487775159882,34.63904939816601,55.0,773.0055107121694,,,22.41847824159827,66.86434806906081,42.90215588328986,15.76025501114331,59.726807885482195,0.2385268337260177,7.763441254396802,Baseline (no TES/DSM)
2024-02-08 07:00:00,186.80228677044943,90.0,-7.95,196.72797937533994,9.925692604890514,36.388244041954025,33.37791337467007,55.0,876.6109177269839,,,23.807055379047487,71.0058559822458,45.55947062895708,16.736428752866598,63.42622401127045,0.24041763393706897,8.520702717869497,Baseline (no TES/DSM)
2024-02-08 08:00:00,173.20116655785816,95.5,-7.65,182.4041670552466,9.203000497388445,37.9618012819239,34.952222793052925,55.0,757.319727275894,,,22.07365785101752,65.83590223216547,42.24227442349558,15.517845279758829,58.80814511982672,0.23805729807711415,7.520381936878777,Baseline (no TES/DSM)
2024-02-08 09:00:00,185.78894250625876,91.4,-6.85,195.66079131810383,9.87184881184507,36.50548109144521,33.49520646481588,55.0,851.482248478796,,,23.677909513476408,70.62067131385908,45.31232468101614,16.645638836035474,63.08215648719313,0.24024177836283217,8.474480557663087,Baseline (no TES/DSM)
2024-02-08 10:00:00,168.75561352504891,91.5,-6.4,177.7224006782366,8.966787153187681,38.476121576951584,35.46678893908206,55.0,800.7030007781276,,,21.507093441810706,64.14609262722747,41.15804228517797,15.119548862262985,57.29871690356816,0.23728581763457263,7.1294065268421845,Baseline (no TES/DSM)
2024-02-08 11:00:00,168.30205413017143,90.8,-5.9,177.24474151879278,8.942687388621351,38.528595318703026,35.51928776388405,55.0,810.0465271720133,,,21.449289472607667,63.97368910032824,41.04742305087062,15.07891250481363,57.144716862780285,0.23720710702194547,7.090103401965841,Baseline (no TES/DSM)
2024-02-08 12:00:00,151.33833935327377,90.3,-5.45,159.37966401650493,8.041324663231165,40.49118191353805,37.48281249762674,55.0,764.4119126011484,,,19.287345397349934,57.52557163240633,36.91011896055295,13.559059570163095,51.384913853382564,0.23426322712969294,5.698075184394792,Baseline (no TES/DSM)
2024-02-08 13:00:00,144.96310011105749,86.6,-4.35,152.66567803786015,7.702577926802661,41.22875379800992,38.22073694992102,55.0,803.8249437492734,,,18.47485173724486,55.10226446999754,35.35525295741216,12.987874178353904,49.22028643209653,0.23315686930298513,5.21418827546101,Baseline (no TES/DSM)
2024-02-08 14:00:00,145.41402861545046,87.5,-3.15,153.14056651511407,7.726537899663612,41.1765844324205,38.168542646776345,55.0,789.7514857032915,,,18.532320412075734,55.273667962935306,35.46523054016465,13.028274822890358,49.37339318912376,0.23323512335136926,5.2477093087315865,Baseline (no TES/DSM)
2024-02-08 15:00:00,135.67390803570706,89.1,-3.8,142.8829070739332,7.208999038226153,42.3034502358891,39.29594710502671,55.0,729.40245264827,,,17.290988766465322,51.57132785194491,33.08969892785295,12.155615087586774,46.06626520654857,0.23154482464616635,4.54752351706432,Baseline (no TES/DSM)
2024-02-08 16:00:00,122.98224658052987,83.8,-3.2,129.5168773739806,6.534630793450731,43.77178927398924,40.764988026032256,55.0,772.9670187658157,,,15.67349739449501,46.747070606266,29.99431188898678,11.01851397725027,41.75698090147756,0.22934231608901615,3.710280604820341,Baseline (no TES/DSM)
2024-02-08 17:00:00,124.3992105120146,84.9,-3.1,131.00913132819088,6.60992081617627,43.60785617007477,40.600976560213425,55.0,757.9401469283654,,,15.854082650543953,47.285676094402646,30.339897201323446,11.145465934288234,42.23809209817655,0.22958821574488786,3.7995394521089842,Baseline (no TES/DSM)
2024-02-08 18:00:00,149.81412999726913,89.1,-3.4,157.7744661790703,7.9603361818011535,40.667522584738826,37.659237461691376,55.0,778.2171741107194,,,19.093092226390336,56.946200834059255,36.53837741183943,13.422499029431753,50.867388903739844,0.23399871612289175,5.580435234043199,Baseline (no TES/DSM)
2024-02-08 19:00:00,167.1993610290641,89.3,-3.75,176.08345709662433,8.884096067560222,38.65616942183505,35.64692284890094,55.0,830.6016413946402,,,21.30875652636802,63.55454183568016,40.77848569029973,14.98011743735475,56.77031213328968,0.2370157458672474,6.995002487439678,Baseline (no TES/DSM)
2024-02-08 20:00:00,157.32066030287584,89.3,-4.3,165.6798540877121,8.359193784836265,39.79906800711472,36.79036775281602,55.0,799.5711279209007,,,20.049763505846784,59.79952569972995,38.36915557251537,14.095041704433383,53.41613111103341,0.23530139798932792,6.171645448607102,Baseline (no TES/DSM)
2024-02-08 21:00:00,160.84771927165406,88.1,-4.65,169.39432244921602,8.546603177561963,39.391011237571306,36.38211592745542,55.0,830.7885697083979,,,20.499270252506978,61.140204368646415,39.22937491068716,14.411046246768862,54.61369692311358,0.23591348314364305,6.45970302996053,Baseline (no TES/DSM)
2024-02-08 22:00:00,149.70495366954611,90.8,-4.9,157.65948879458588,7.954535125039769,40.68015354441249,37.67187445910867,55.0,751.4691533990092,,,19.079178227128768,56.90470156369702,36.51175024478346,13.412717447728305,50.830319538377104,0.23397976968338127,5.572055952723394,Baseline (no TES/DSM)
2024-02-08 23:00:00,156.2532220033419,87.5,-4.9,164.5556977221469,8.302475718804999,39.92256336912892,36.913922147030036,55.0,826.2522607652961,,,19.9137236149543,59.39377922051382,38.10881655474095,13.99940526787208,53.05369667902005,0.2351161549463066,6.085761005437631,Baseline (no TES/DSM)
2024-02-09 00:00:00,140.48737142060145,89.8,-5.25,147.95213262721086,7.46476120660941,41.74656521169686,38.73879588340418,55.0,735.5252219654773,,,17.904441585220248,53.8313696131813,34.539808990141495,12.688318023030488,46.89263600085758,0.2323801521824547,4.926679715758225,Baseline (no TES/DSM)
2024-02-09 01:00:00,151.48756420999086,88.1,-5.45,159.53681789851606,8.049253688525198,40.4739176110394,37.46553994259344,55.0,800.2337105961258,,,19.306363389523444,58.04637796499275,37.2442838049114,13.681816178879336,50.56433994973258,0.2342891235834409,5.755675347781304,Baseline (no TES/DSM)
2024-02-09 02:00:00,142.6960554743863,90.2,-5.55,150.2781745536332,7.582119079246894,41.491035466402664,38.48314399196022,55.0,737.0344530635703,,,18.18592777306275,54.677684028888265,35.08282950910975,12.887798484537004,47.62986253109817,0.232763446800396,5.087965574299617,Baseline (no TES/DSM)
2024-02-09 03:00:00,159.57837147048775,87.8,-4.9,168.0575281713449,8.479156700857146,39.53786615770619,36.52904104592689,55.0,831.8638042204359,,,20.337497964168918,61.146580009522935,39.23346571163923,14.412549016615202,53.264933433567535,0.23569320076344072,6.406498584748899,Baseline (no TES/DSM)
2024-02-09 04:00:00,164.56310239541838,91.2,-5.15,173.30712152239647,8.744019126978088,38.96116664225268,35.95206586148893,55.0,792.5446081716162,,,20.97277800935008,63.05660857742059,40.45899689122758,14.862752124518753,54.92876392922955,0.23655825003662098,6.824805925396742,Baseline (no TES/DSM)
2024-02-09 05:00:00,171.64038607433295,91.2,-5.5,180.76045489261293,9.120068818279975,38.142372984215086,35.13288081068937,55.0,813.872509094683,,,21.87474386528307,65.76845285014444,42.19899689241565,15.50194712937385,57.29105802067899,0.23778644052367737,7.441421719519561,Baseline (no TES/DSM)
2024-02-09 06:00:00,178.2886989609169,90.0,-5.9,187.76202421515495,9.473325254238063,37.37320833360165,34.36334849054888,55.0,852.3179602290954,,,22.722039451458812,68.31592586983886,43.83353140528524,16.102399023153236,59.510167916877606,0.23894018749959753,8.044934667266643,Baseline (no TES/DSM)
2024-02-09 07:00:00,169.75929621867135,93.4,-6.35,178.77941379977818,9.020117581106831,38.36000230556099,35.35061416134758,55.0,775.9609711316161,,,21.63500798655835,65.04766462361721,41.73651771260862,15.332053806741499,56.66317765681086,0.2374599965416585,7.2749299116772,Baseline (no TES/DSM)
2024-02-09 08:00:00,177.8877928332916,90.2,-6.6,187.33981604109863,9.45202320780703,37.419590449913585,34.40975277804452,55.0,847.9263072365517,,,22.670945888595195,68.16230831889351,43.73496581229899,16.066190612438074,59.37635129746806,0.23887061432512963,8.007875476579184,Baseline (no TES/DSM)
2024-02-09 09:00:00,166.54116775752885,92.4,-7.0,175.39029089086642,8.84912313333757,38.73231791339569,35.72310774031415,55.0,780.716729902878,,,21.224872951190957,63.814555477202816,40.94531818179229,15.041403928812658,55.589013303058664,0.23690152312990648,6.9944640717330895,Baseline (no TES/DSM)
2024-02-09 10:00:00,182.9830556109614,91.9,-7.4,192.70581432713203,9.722758716170631,36.83010314974776,33.819983696186455,55.0,835.9519811883772,,,23.320312688198918,70.11469002471853,44.98767202578775,16.526376562820964,61.07707571380478,0.23975484527537838,8.413762802966223,Baseline (no TES/DSM)
2024-02-09 11:00:00,187.55971061493523,93.9,-7.15,197.5256487456272,9.965938130691967,36.300615247002774,33.29024269214952,55.0,819.2310952721601,,,23.903585414749056,71.86835374993223,46.11287486823948,16.939723709862815,62.60469641759266,0.24054907712949583,8.624202449991866,Baseline (no TES/DSM)
2024-02-09 12:00:00,198.37180130393952,93.0,-6.6,208.9122371586723,10.540435854732777,35.04972978191121,32.03875928945515,55.0,861.2102505925174,,,25.28153450866307,76.0112859173261,48.77110345779888,17.9162331552934,66.21361462825392,0.2424254053271332,9.121354310079132,Baseline (no TES/DSM)
2024-02-09 13:00:00,185.58037827383552,92.8,-5.6,195.4411450775575,9.860766803721987,36.52961055672444,33.51934746425634,55.0,829.7301159984535,,,23.651329002513553,71.10992137438393,45.62624208197347,16.760957476548125,61.944024144651976,0.24020558416491333,8.533190564926072,Baseline (no TES/DSM)
2024-02-09 14:00:00,148.82933088106225,89.7,-4.9,156.73734000908885,7.908009128026606,40.78145715446557,37.77322649344954,55.0,765.4198767987837,,,18.96758430300187,57.02780711837037,36.590738432797195,13.441734031168801,49.6770604267525,0.23382781426830165,5.54944759881698,Baseline (no TES/DSM)
2024-02-09 15:00:00,130.62818850859944,84.3,-4.8,137.5690845066411,6.940895998041668,42.88720571842556,39.879981629380836,55.0,793.5733743627328,,,16.647936016492263,50.05356870443631,32.11585948396203,11.797871807333372,43.60178451090938,0.23066919142236167,4.23837430910617,Baseline (no TES/DSM)
2024-02-09 16:00:00,144.50870052758182,88.4,-4.55,152.18713404660795,7.678433519026129,41.28132474387624,38.27333302530258,55.0,771.5883164360805,,,18.416940690035275,55.3722458592462,35.52848105252751,13.051510116872691,48.23489701796156,0.23307801288418564,5.222270105182407,Baseline (no TES/DSM)
2024-02-09 17:00:00,173.05551334444476,92.8,-5.25,182.2507745949094,9.195261250464625,37.97865236954823,34.96908193569046,55.0,794.1827532777411,,,22.055095047650294,66.31069546139675,42.54691589119929,15.629756374181234,57.763406868132115,0.23803202144567764,7.567912739929488,Baseline (no TES/DSM)
2024-02-09 18:00:00,170.17456307648956,91.4,-6.65,179.2167457578206,9.042182681331042,38.31195875029306,35.302547640709065,55.0,806.4596839624365,,,21.687931755598232,65.20678485973004,41.838613992181216,15.3695592273579,56.80178767855146,0.2375320618745604,7.311522511316405,Baseline (no TES/DSM)
2024-02-09 19:00:00,169.66758509183566,90.1,-7.7,178.68282962524506,9.015244533409401,38.37061266010255,35.36122958776035,55.0,825.1753812407848,,,21.62331984337124,65.0125231335572,41.71396988662865,15.323770785059372,56.63256581999985,0.23744408100984618,7.266860852394482,Baseline (no TES/DSM)
2024-02-09 20:00:00,181.72437399482237,94.7,-8.1,191.38025297935155,9.655878984529181,36.975724064711734,33.96567421961838,55.0,792.0259412353925,,,23.15989975397808,69.63239361174885,44.6782162920714,16.412696931165677,60.65694614436563,0.2395364139029324,8.355887233409861,Baseline (no TES/DSM)
2024-02-09 21:00:00,193.6560612053695,94.8,-8.1,203.94592739400136,10.289866188631862,35.595308885539126,32.58459918615363,55.0,822.9239341582708,,,24.680536053982426,74.20432814112989,47.61170556598329,17.490324338866937,64.63956934802124,0.2416070366716913,8.904519376935587,Baseline (no TES/DSM)
2024-02-09 22:00:00,188.47486980511687,92.8,-8.2,198.48943468959925,10.014564884482382,36.19473754377491,33.184314378164856,55.0,837.6862028751835,,,24.02021806362059,72.21902066129519,46.33787319588139,17.022377621949747,62.910163210472916,0.24070789368433762,8.666282479355424,Baseline (no TES/DSM)
2024-02-09 23:00:00,177.79508543982445,93.8,-8.35,187.24218266355666,9.447097223732214,37.43031606573853,34.42048352083687,55.0,793.5218162331705,,,22.65913077600488,68.12678508350841,43.7121730471561,16.05781761150921,59.345406921382946,0.2388545259013922,7.999317909249711,Baseline (no TES/DSM)
2024-02-10 00:00:00,189.58891968683645,92.9,-8.45,199.66267933206635,10.073759645229899,36.06584953825279,33.055364762697465,55.0,839.2441024529448,,,24.16219837707206,61.62529541539344,39.54062376461503,14.525384587321577,83.97137556473632,0.24090122569262082,7.395035449847213,Baseline (no TES/DSM)
2024-02-10 01:00:00,193.5480807758658,95.4,-8.5,203.83220945148784,10.284128675622043,35.607801487910464,32.59709776013222,55.0,814.3836869940611,,,24.666774466212313,62.91220855415479,40.366345538352626,14.828716330317432,85.72493902866302,0.2415882977681343,7.549465026498574,Baseline (no TES/DSM)
2024-02-10 02:00:00,189.79879822198683,94.9,-8.75,199.88370971048533,10.084911488498506,36.041568017073786,33.03107163467277,55.0,811.2776075142391,,,24.188946389612934,61.69351578793082,39.58439598615814,14.541464463955293,84.06433347244106,0.24093764797438932,7.403221894551698,Baseline (no TES/DSM)
2024-02-10 03:00:00,185.37032060205973,92.0,-8.15,195.2199260441336,9.849605442073852,36.553912802794436,33.54366132707875,55.0,841.1123626792019,,,23.62455815986908,60.254052753808075,38.66079365903484,14.202175961905487,82.10290366938519,0.24016913079580834,7.230486330456969,Baseline (no TES/DSM)
2024-02-10 04:00:00,179.39370040538932,94.5,-8.55,188.92573963393374,9.53203922854442,37.24536717081881,34.2354462182236,55.0,788.2813890963724,,,22.86286658498749,58.31137073518696,37.41431105355928,13.74427627540277,79.45578156978473,0.2391319492437718,6.911518311839278,Baseline (no TES/DSM)
2024-02-10 05:00:00,205.77670920240968,93.9,-9.0,216.71060297908997,10.933893776680293,34.193032226649485,31.18165222293373,55.0,867.0735144100909,,,26.225254499801387,66.88708662485446,42.91674561748142,15.765614600345058,91.14115613640902,0.24371045166002578,8.026450394982534,Baseline (no TES/DSM)
2024-02-10 06:00:00,217.13558763268892,98.0,-9.25,228.67303256275426,11.537444930065334,32.87888713326542,29.866878953118803,55.0,838.8685518617456,,,27.67288906846077,70.57925513348751,45.28575082697129,16.63587683905063,96.17214976324485,0.24568166930010188,8.4695106160185,Baseline (no TES/DSM)
2024-02-10 07:00:00,225.14112039224216,97.5,-9.6,237.10393729544268,11.962816903200547,31.952701360570828,28.940250452999397,55.0,864.1412638562437,,,28.693155817013295,73.1814289423788,46.955382994313474,17.249221977316044,99.71790338143435,0.24707094795914375,8.781771473085454,Baseline (no TES/DSM)
2024-02-10 08:00:00,215.1048965703701,96.0,-9.8,226.53444124070876,11.429544670338657,33.11382429824216,30.101928420755655,55.0,860.557374668729,,,27.414087233567983,69.91918524744405,44.86223034164997,16.480295127276865,95.2727305243379,0.24532926355263676,8.390302229693287,Baseline (no TES/DSM)
2024-02-10 09:00:00,216.65715717442822,96.4,-9.8,228.1691808222191,11.512023647790869,32.934238288144655,29.922256566485075,55.0,858.8518636829131,,,27.611915401533278,70.4237427840594,45.185969474881375,16.599221815033385,95.96024674824494,0.24559864256778302,8.450849134087127,Baseline (no TES/DSM)
2024-02-10 10:00:00,214.1612401617495,97.9,-9.75,225.54064388575108,11.379403724001577,33.22299893611164,30.21115524535452,55.0,833.0589173088797,,,27.293822750904397,69.61245263328108,44.665421566759704,16.40799674467019,94.85477294104012,0.24516550159583256,8.353494315993728,Baseline (no TES/DSM)
2024-02-10 11:00:00,215.2648958161765,95.1,-9.2,226.70294200626822,11.438046190091711,33.095313472097466,30.0834087462237,55.0,873.4406817525229,,,27.43447836994738,69.97119251034394,44.895599749479835,16.49255349439483,95.34359625204962,0.2453570297918538,8.396543101241274,Baseline (no TES/DSM)
2024-02-10 12:00:00,212.0502365923247,95.6,-8.4,223.31747267169945,11.267236079374754,33.4672277127381,30.455500766138073,55.0,858.6234561079647,,,27.024785472231134,68.92627741373956,44.2251511224623,16.246261877665546,93.91978225783205,0.24479915843089284,8.271153289648748,Baseline (no TES/DSM)
2024-02-10 13:00:00,203.48131963700374,95.8,-7.6,214.2932484654568,10.811928828453063,34.45859321079931,31.447340148280567,55.0,834.5560936940105,,,25.932718110419504,66.14097730425068,42.438019670053386,15.589752971562538,90.12449851959018,0.24331211018380106,7.936917276510082,Baseline (no TES/DSM)
2024-02-10 14:00:00,206.71451646331906,92.2,-7.45,217.6982403933414,10.983723930022336,34.08453429544716,31.073102428475575,55.0,894.8782906163016,,,26.344773536646894,67.19191799153823,43.11233449539998,15.837464849589537,91.55652305681366,0.24387319855682926,8.063030158984587,Baseline (no TES/DSM)
2024-02-10 15:00:00,205.1681147728846,95.4,-7.05,216.0696710373591,10.901556264474493,34.26344246902775,31.252096122215622,55.0,844.293811197791,,,26.14769205911838,66.68926487678186,42.78981729591685,15.718987043412117,90.87160182124826,0.24360483629645838,8.002711785213823,Baseline (no TES/DSM)
2024-02-10 16:00:00,211.554548154272,95.4,-7.45,222.7954459529492,11.240897798677196,33.524575498675986,30.51287596497555,55.0,860.1791153653361,,,26.961612358563766,68.76515541104315,44.121770449868755,16.208284630840698,93.70023546119657,0.24471313675198603,8.251818649325179,Baseline (no TES/DSM)
2024-02-10 17:00:00,195.6205524523164,93.5,-7.45,206.0148013901068,10.394248937790422,35.368030589621334,32.35721224860299,55.0,846.6115002367026,,,24.930901039959238,63.58585910035903,40.79857977945025,14.987499070345184,86.64286343995236,0.241947954115568,7.630303092043084,Baseline (no TES/DSM)
2024-02-10 18:00:00,187.43221245449496,92.6,-7.7,197.39137600244436,9.959163547949402,36.31536591829366,33.30500041443051,55.0,837.7975837404073,,,23.887336385795468,60.924264360745845,39.0908213743419,14.360148127069763,83.01614214028686,0.2405269511225595,7.310911723289501,Baseline (no TES/DSM)
2024-02-10 19:00:00,184.98025240119628,94.1,-7.9,194.8091316673562,9.82887926615993,36.59904104458312,33.58881114068473,54.99999999999999,809.3474430090715,,,23.57484583878291,60.1272622844596,38.57944112008709,14.172290825990444,81.93013743681908,0.2401014384331253,7.215271474135151,Baseline (no TES/DSM)
2024-02-10 20:00:00,183.120841727794,93.4,-8.0,192.85092167468696,9.730079946892971,36.81416223177039,33.80403515826741,55.0,814.1693418537169,,,23.337872867844517,59.522866562197855,38.1916428353437,14.029831787869698,81.1065804892757,0.2397787566523444,7.142743987463743,Baseline (no TES/DSM)
2024-02-10 21:00:00,185.67876021487655,92.5,-8.05,195.54475451833378,9.865994303457228,36.51822843428249,33.50795990102928,55.0,834.4499802835004,,,23.66386730897197,60.35431010159527,38.72512175745238,14.225807110843558,82.23951554844257,0.24022265734857626,7.242517212191432,Baseline (no TES/DSM)
2024-02-10 22:00:00,177.96220375579696,94.6,-7.9,187.418180769288,9.455977013491037,37.410981611523,34.401139824530425,55.0,782.8883883083317,,,22.680429203727556,57.84606715065789,37.115758424347945,13.634601936812,78.82175325747016,0.2388835275827155,6.798886038691876,Baseline (no TES/DSM)
2024-02-10 23:00:00,180.56753282743088,91.6,-7.7,190.16194334699242,9.594410519561535,37.10956273137971,34.09957686270447,55.0,833.6890358874304,,,23.01246589643277,58.69292135479047,37.659125287636435,13.834209629099723,79.97568707546577,0.23933565590293043,7.004567221917144,Baseline (no TES/DSM)
2024-02-11 00:00:00,171.68358213341702,92.7,-7.65,180.8059461634506,9.122364030033594,38.137375493534364,35.12788093115077,55.0,791.6226885442927,,,21.88024899580662,70.51057253579765,45.2416820280126,16.61968801367987,48.43400358596049,0.23779393675969845,7.980086720871957,Baseline (no TES/DSM)
2024-02-11 01:00:00,167.100345615597,92.5,-7.45,175.9791805240236,8.878834908426597,38.66762483273463,35.65838373561835,55.0,780.9415408991167,,,21.296137486887588,68.62823395150991,44.033917566077896,16.17601157081605,47.141017435619744,0.23699856275089806,7.548711191195631,Baseline (no TES/DSM)
2024-02-11 02:00:00,171.83224995172603,90.3,-7.2,180.96251340895765,9.13026345723162,38.12017563659654,35.110672852484015,55.0,828.4890687953484,,,21.89919599610707,70.57163051732596,45.280858646301624,16.63407967959962,48.475944565730444,0.2378197365451052,7.9942799352367055,Baseline (no TES/DSM)
2024-02-11 03:00:00,168.33493590100892,92.8,-6.45,177.27937045426768,8.944434553258759,38.5247911211255,35.51548174785644,55.0,780.2925731126562,,,21.453480096570697,69.1352810831563,44.35925409758195,16.295525068340353,47.48931020518907,0.23721281331831173,7.66373255346608,Baseline (no TES/DSM)
2024-02-11 04:00:00,187.34909876507078,90.8,-6.1,197.30384608800097,9.954747322930189,36.324981607714065,33.314620700260775,55.0,865.2446877503048,,,23.876743944765508,76.9444116544886,49.3698247044804,18.13617547133831,52.853434257693664,0.2405125275884289,9.23332939853863,Baseline (no TES/DSM)
2024-02-11 05:00:00,177.18060342241472,93.3,-5.95,186.59505029843717,9.414446876022453,37.50140746205095,34.49160889965231,55.0,798.8728299249651,,,22.580817990488086,72.76820319280185,46.69024505406123,17.151822640022317,49.984779411551784,0.23874788880692357,8.513265262650759,Baseline (no TES/DSM)
2024-02-11 06:00:00,173.6034399571871,90.3,-5.7,182.82781515064536,9.224375193458258,37.91526098156133,34.90566024589286,55.0,833.7546340174855,,,22.124925666101124,71.29905954579122,45.74759876229009,16.805538271841925,48.97561857072213,0.238127108527658,8.164343662149262,Baseline (no TES/DSM)
2024-02-11 07:00:00,152.54218774157803,89.6,-5.45,160.64747858665737,8.105290845079338,40.35190483064831,37.34346883869355,55.0,779.265146095707,,,19.440770099712154,62.64918788311008,40.19758364721697,14.76672106724263,43.0339859890877,0.23447214275402753,6.257937852963668,Baseline (no TES/DSM)
2024-02-11 08:00:00,153.28298682637137,88.6,-5.3,161.42763984481996,8.144653018448594,40.26619940749056,37.2577224473603,55.0,797.8619006011827,,,19.535181389538028,62.95343460812412,40.39279740163885,14.83843351357612,43.242974321480865,0.23460070088876417,6.32070132807559,Baseline (no TES/DSM)
2024-02-11 09:00:00,155.4818096144283,90.0,-5.15,163.74329652963593,8.261486915207627,40.011810543670755,37.003211982745164,55.0,782.5226164120177,,,19.815410806366906,63.856492732634656,40.97222637310518,15.051288745746648,43.86328867814945,0.23498228418449388,6.5088371793522555,Baseline (no TES/DSM)
2024-02-11 10:00:00,166.0390115570785,89.7,-4.9,174.86145274678745,8.822441189708911,38.79041397551879,35.78123157302143,55.0,820.5315651097712,,,21.160875552231147,68.19234327875053,43.754237136509055,16.073269999888424,46.84160233163944,0.2368143790367218,7.450526046872166,Baseline (no TES/DSM)
2024-02-11 11:00:00,160.26098408504328,89.8,-4.1,168.77641123578317,8.515427150739896,39.458892513996005,36.450029651909006,55.0,800.9211428995354,,,20.42449366747703,65.81930317719805,42.2316239757713,15.513932801034587,45.211551281779236,0.235811661229006,6.927260830110691,Baseline (no TES/DSM)
2024-02-11 12:00:00,170.10082449085897,87.3,-3.15,179.1390890909569,9.038264600097932,38.320489803873244,35.31108277223073,55.0,873.7288975751687,,,21.67853412657542,69.86053281635931,44.82459719612476,16.466470461403144,47.98748861706967,0.23751926529419012,7.829763210300189,Baseline (no TES/DSM)
2024-02-11 13:00:00,160.50038028819455,89.6,-2.25,169.02852769608091,8.528147407886365,39.4311959990912,36.42231989775233,55.0,804.8724030188918,,,20.45500356521164,65.91762337262581,42.294709139577286,15.537107353653965,45.27908783022385,0.2358532060013632,6.948562831436325,Baseline (no TES/DSM)
2024-02-11 14:00:00,147.65035850762746,86.0,-1.65,155.4957232346101,7.845364726982638,40.917856251374175,37.90969079069128,55.0,823.9761954924817,,,18.81732992940729,60.64011004499061,38.908499507734454,14.293171560212429,41.65394212167261,0.23362321562293875,5.851337800056167,Baseline (no TES/DSM)
2024-02-11 15:00:00,119.88263298747512,83.8,-1.85,126.25256659091546,6.369933603440344,44.13039351645047,41.123763685435385,55.0,760.2966891880382,,,15.278466510562723,49.23588489944757,31.591209216997104,11.605139721292629,33.820332753178164,0.2288044097253243,3.801878781151373,Baseline (no TES/DSM)
2024-02-11 16:00:00,123.27289314111401,84.0,-2.1,129.8229673665853,6.550074225471278,43.73816344078353,40.7313461192925,55.0,770.2979216187399,,,15.71053890444215,50.62826721992253,32.484603156925374,11.933331068062772,34.776765921674624,0.2293927548388247,4.028542830881696,Baseline (no TES/DSM)
2024-02-11 17:00:00,127.18976592845254,87.4,-2.6,133.94796220602356,6.758196277571017,43.28500785975633,40.27797392469885,55.0,725.3551197162002,,,16.209725552384217,52.23692973356058,33.51676890618868,12.31250071786803,35.88176284840628,0.23007248821036552,4.2985744843574665,Baseline (no TES/DSM)
2024-02-11 18:00:00,146.09498618045714,85.7,-3.3,153.85770658936133,7.762720408904187,41.097802266703255,38.08972282228007,55.0,824.0693695450749,,,18.61910518725794,60.00131749457721,38.498631194255736,14.142605020876166,41.215152879652216,0.2333532965999451,5.724916890342503,Baseline (no TES/DSM)
2024-02-11 19:00:00,152.58673198641702,88.9,-3.65,160.69438967876164,8.107657692344617,40.34675136403161,37.33831290866068,55.0,790.6480373350262,,,19.44644705004308,62.66748223698914,40.20932184918213,14.771033136240897,43.04655245634947,0.2344798729539526,6.261702978496276,Baseline (no TES/DSM)
2024-02-11 20:00:00,170.21236717884923,89.6,-3.75,179.25655857166723,9.044191392817993,38.307585072387205,35.298171872135,55.0,834.8773590285898,,,21.692749707101886,69.90634347975906,44.85399068127866,16.477268259605918,48.01895615102359,0.2375386223914192,7.840310270375253,Baseline (no TES/DSM)
2024-02-11 21:00:00,157.12290279289022,89.4,-3.6,165.4715887820867,8.348685989196497,39.821947207999095,36.81325789022088,55.0,797.3238354532729,,,20.024560259819953,64.530490899262,41.4046836578129,15.210153421614255,44.326260803397545,0.23526707918800135,6.651049076167539,Baseline (no TES/DSM)
2024-02-11 22:00:00,155.8660402166708,86.2,-3.5,164.14794312845527,8.28190291178447,39.96735767239792,36.95873786248988,55.0,848.1789808953531,,,19.864379153511138,64.01429652151903,41.07347798095304,15.088483873290158,43.971684752693044,0.23504896349140314,6.541995699024574,Baseline (no TES/DSM)
2024-02-11 23:00:00,148.94178087642976,89.0,-3.25,156.8557650067261,7.913984130296342,40.76844745367774,37.76021057387548,55.0,776.9087617998714,,,18.981915515501314,61.17049815478103,39.24881230554069,14.418186640843166,42.01826790556122,0.2338473288194834,5.957352930504224,Baseline (no TES/DSM)
2024-02-12 00:00:00,148.8553623183803,87.6,-3.0,156.76475462029276,7.909392301912476,40.77844549395391,37.77021339332961,55.0,799.8404698833076,,,18.97090188481814,68.77410766715218,44.12751448384483,16.21039472154341,27.652737747752347,0.23383233175906915,6.693737616764347,Baseline (no TES/DSM)
2024-02-12 01:00:00,137.48035253457584,85.6,-2.7,144.78533654768404,7.3049840131081965,42.09445687538875,39.086853843302414,55.0,795.0249554921921,,,17.521211452532288,63.51862922551545,40.75544309070882,14.971652658879275,25.539611572580505,0.23185831468691687,5.680678002822677,Baseline (no TES/DSM)
2024-02-12 02:00:00,134.6091365002996,86.1,-2.55,141.76155917033665,7.152422670037055,42.42663707140454,39.41919282526277,55.0,775.4300418218339,,,17.155288741868574,62.19207089666856,39.90428378300595,14.658976350001046,25.0062281406611,0.23136004439289318,5.43808572274854,Baseline (no TES/DSM)
2024-02-12 03:00:00,130.06535490673102,85.9,-1.55,136.97634488265476,6.910989975923741,42.95232174381724,39.94512878097967,55.0,761.9152360487551,,,16.576205573784488,60.092754354321045,38.55729980501011,14.164157137491326,24.162133585832276,0.23057151738427414,5.064982072183967,Baseline (no TES/DSM)
2024-02-12 04:00:00,130.9200357027172,83.6,-1.3,137.87643892814083,6.956403225423628,42.85344098007381,39.84620075109679,55.0,808.3508414976801,,,16.68513054142396,60.487633706792586,38.81066615081414,14.257232138942905,24.32090693159119,0.23071983852988928,5.134151281252907,Baseline (no TES/DSM)
2024-02-12 05:00:00,139.33510176081762,85.5,-1.45,146.7386374083684,7.403535647550768,41.8798749859809,38.87216938128968,55.0,803.6340916506117,,,17.757590344390525,64.37555987950351,41.305275304141816,15.173635419853309,25.884166804869757,0.23218018752102865,5.840199079353393,Baseline (no TES/DSM)
2024-02-12 06:00:00,154.7364939929584,87.6,-1.55,162.95837874975442,8.221884756796015,40.098038499449046,37.08948115647555,55.0,819.5320225431736,,,19.72042390560692,71.49130627318583,45.87094998465178,16.85085176903878,28.74527072287803,0.23485294225082642,7.250059837520901,Baseline (no TES/DSM)
2024-02-12 07:00:00,154.81800600894675,87.0,-1.75,163.0442218862461,8.226215877299353,40.08860811276779,37.08004626196127,55.0,830.2862954119341,,,19.730812221040537,71.52896642916838,45.89511386165366,16.859728452640496,28.76041314278357,0.2348670878308483,7.257926295434059,Baseline (no TES/DSM)
2024-02-12 08:00:00,146.62749872520766,86.0,-2.15,154.41851405447298,7.791015329265321,41.03619418170219,38.0280852879076,55.0,820.4215914523717,,,18.686971356682793,67.74479083073975,43.4670741648358,15.967779691297872,27.238869367599563,0.23344570872744672,6.488788116138786,Baseline (no TES/DSM)
2024-02-12 09:00:00,135.36305107587012,86.6,-2.35,142.55553280758585,7.192481731715731,42.33941427503447,39.33192833539539,55.0,769.4274865979816,,,17.25137153808045,62.540394271685585,40.12777842797489,14.74107787906913,25.146282228856244,0.2314908785874483,5.501272868959138,Baseline (no TES/DSM)
2024-02-12 10:00:00,130.53706029283967,85.2,-2.35,137.47311421601765,6.93605392317798,42.897748634114336,39.890529584704254,55.0,776.3455454163145,,,16.63632216252563,60.310691528408356,38.697134782624794,14.215525999062764,24.249761905921737,0.2306533770488285,5.103099191904034,Baseline (no TES/DSM)
2024-02-12 11:00:00,114.38027159675002,85.1,-2.25,120.45783860923706,6.077567012487037,44.76697936143776,41.760653825759675,55.0,713.468976660939,,,14.577216945531982,52.84593709810661,33.9075261578834,12.456046742709194,21.248328610537843,0.22784953095784335,3.8787926351118,Baseline (no TES/DSM)
2024-02-12 12:00:00,119.91180009861255,83.1,-2.05,126.28328348917987,6.37148339056732,44.12701907977305,41.120387635738524,55.0,774.0749556677554,,,15.282183718965793,55.401612156270396,35.54732334276185,13.05843189721154,22.275916092936072,0.22880947138034044,4.279103377424893,Baseline (no TES/DSM)
2024-02-12 13:00:00,129.3546143215461,86.0,-1.9,136.22783927493,6.873224953383897,43.034549602705134,40.027395945727456,55.0,757.4383244124394,,,16.485625095546403,59.76437821275902,38.346603898738856,14.08675726924992,24.0300998941822,0.2304481755959423,5.0078187567327355,Baseline (no TES/DSM)
2024-02-12 14:00:00,141.16817028199736,86.8,-1.95,148.66910556517084,7.500935283173476,41.66780140690959,38.65999442861461,55.0,786.9280284944443,,,17.991206134388545,65.22247362095975,41.848680368349235,15.373257145380427,26.224694430481428,0.2324982978896356,6.000023509734932,Baseline (no TES/DSM)
2024-02-12 15:00:00,129.45498979190052,85.2,-1.75,136.33354817069926,6.878558378798743,43.022936842460176,40.01577763444988,55.0,772.1953421969123,,,16.49841746775308,59.81075365599318,38.37635976344472,14.097688188831611,24.04874656242975,0.23046559473630973,5.015872088099236,Baseline (no TES/DSM)
2024-02-12 16:00:00,121.46737196155608,83.1,-1.2,127.92151027248508,6.454138310928997,43.94704997951011,40.940332508181,55.0,780.5125025448194,,,15.480433890992288,56.12031697899118,36.008465748675874,13.227834151341334,22.564893393476687,0.22907942503073483,4.395214155964932,Baseline (no TES/DSM)
2024-02-12 17:00:00,132.2647101499575,84.4,-1.0,139.2925623145119,7.027852164554417,42.69787127855035,39.690556685471265,55.0,797.9404455668525,,,16.856502849470587,61.108899771860315,39.209288949633695,14.403667599662928,24.57070599335498,0.23095319308217446,5.243924103379867,Baseline (no TES/DSM)
2024-02-12 18:00:00,147.4586801903091,87.0,-1.25,155.29386013802804,7.8351799477189275,40.94003213095226,37.93187727059421,55.0,805.4367299917807,,,18.792901447324695,68.12881302974904,43.71347423782423,16.05829560839132,27.39327726206345,0.23358995180357162,6.564879289284784,Baseline (no TES/DSM)
2024-02-12 19:00:00,146.910142625847,86.1,-1.15,154.716176167806,7.80603354195901,41.00349420190402,37.99536967714394,55.0,819.5842545827978,,,18.722992966007837,67.8753778767909,43.55086270039796,15.998559698975393,27.291375891641742,0.23349475869714398,6.5146132545242486,Baseline (no TES/DSM)
2024-02-12 20:00:00,153.1443153085449,84.4,-1.1,161.2816000507117,8.137284742166798,40.282242760349945,37.2737734691264,55.0,873.3175198126836,,,19.51750836978293,70.75568837832628,45.39895564824989,16.677463020796257,28.44949300333926,0.23457663585947508,7.0972585297991255,Baseline (no TES/DSM)
2024-02-12 21:00:00,170.09627194068486,88.3,-1.3,179.13429464217234,9.038022701487478,38.321016503010874,35.3116097231366,55.0,856.2332624620599,,,21.67795392589381,78.58782604827525,50.4242882944081,18.52353630985736,31.59864398963163,0.2375184752454837,8.807644234919913,Baseline (no TES/DSM)
2024-02-12 22:00:00,167.0400389921876,89.9,-1.65,175.91566952332124,8.875630531133652,38.67460189950566,35.66536413750734,55.0,820.3892469506751,,,21.288451697018242,77.17578626292791,49.51828153992948,18.19071160213765,31.030890118326198,0.2369880971507415,8.485662041920898,Baseline (no TES/DSM)
2024-02-12 23:00:00,147.7927565413024,84.0,-1.4,155.64568755205096,7.852931010748563,40.90138176593882,37.89320843026289,55.0,862.729247975671,,,18.835477875731605,68.28316288033169,43.81250969605408,16.09467662572513,27.455338349940064,0.23364792735109177,6.595587426148062,Baseline (no TES/DSM)
2024-02-13 00:00:00,131.1794079283362,84.6,-1.5,138.14959283184442,6.970184903508226,42.823433375031684,39.8161788020752,55.0,789.9828084427908,,,16.718186287399305,63.22061011439958,40.5642251587238,14.901408091706807,19.463349467014233,0.23076484993745247,5.377507148147588,Baseline (no TES/DSM)
2024-02-13 01:00:00,129.41892466606927,86.7,-1.9,136.2955667334623,6.876642067393021,43.027109332591515,40.01995211907937,55.0,745.5393443406647,,,16.493821140466295,62.372162727005474,40.01983606163493,14.701424878304977,19.20214306651691,0.23045933600111274,5.22911646284555,Baseline (no TES/DSM)
2024-02-13 02:00:00,140.43149819767797,84.2,-2.1,147.89329059461605,7.46179239693808,41.753029364140005,38.745263125786344,55.0,832.3434133376884,,,17.8973208109763,67.6795629401421,43.425222008773986,15.952405157344502,20.836100488355456,0.23237045595379,6.19144985277711,Baseline (no TES/DSM)
2024-02-13 03:00:00,136.460613787498,87.2,-2.05,143.71141423831804,7.250800450820037,42.212433723123446,39.20488708532379,55.0,763.1317799502816,,,17.391250640790858,65.76583471808397,42.19731702095911,15.501330022797367,20.246932476477596,0.23168134941531482,5.835099837886654,Baseline (no TES/DSM)
2024-02-13 04:00:00,148.41479671894706,86.3,-2.3,156.30077967835174,7.885982959404686,40.82941594181658,37.8212082056511,55.0,821.1668101535666,,,18.914753912514687,71.52703421029561,45.893874092514,16.85927301916883,22.02059835637331,0.23375587608727513,6.939803514780878,Baseline (no TES/DSM)
2024-02-13 05:00:00,137.25655167768926,86.9,-2.4,144.54964408845905,7.293092410769788,42.12034911464264,39.112758459343716,55.0,771.1468684604058,,,17.49268910686997,66.14942906284993,42.44344256993029,15.591745092545745,20.36502736313308,0.23181947632803604,5.905682464325511,Baseline (no TES/DSM)
2024-02-13 06:00:00,129.8640803132953,85.3,-2.45,136.76437561423316,6.90029530093787,42.975607847371386,39.968426015558464,55.0,771.9390897058354,,,16.550554092342995,62.58670106086404,40.15749024219517,14.751992616552936,19.268191694621006,0.23053658822894293,5.266442635301368,Baseline (no TES/DSM)
2024-02-13 07:00:00,109.79407387804962,84.9,-2.4,115.62795442626435,5.8338805482147365,45.29757129146964,42.2914993848212,55.0,697.4961227201668,,,13.992728045765288,52.91416120209803,33.95130077363849,12.47212749886494,16.290364951662887,0.22705364306279555,3.715345194835413,Baseline (no TES/DSM)
2024-02-13 08:00:00,128.16524520008747,82.9,-2.5,134.9752733238317,6.8100281237442175,43.17215153275316,40.16506365107666,55.0,811.6334658814807,,,16.334045706288233,61.767964385368174,39.63216442217506,14.559012363766158,19.016132152522296,0.23024177270087026,5.124708309907024,Baseline (no TES/DSM)
2024-02-13 09:00:00,143.96572121633722,89.1,-2.65,151.61530366599263,7.649582449655412,41.34414376267822,38.33618207231622,55.0,758.4329279215923,,,18.347740581428674,69.38284655034148,44.51809946990995,16.353877464011084,21.36048018173011,0.23298378435598266,6.517487225569821,Baseline (no TES/DSM)
2024-02-13 10:00:00,167.65274318816918,88.3,-2.7,176.56092960291744,8.908186414748258,38.60371618505883,35.59444453887578,55.0,848.7337424601861,,,21.366537907722037,80.79857104934594,51.84276808809691,19.044619756980747,24.874970708493844,0.23709442572241177,8.91836066919274,Baseline (no TES/DSM)
2024-02-13 11:00:00,158.12721111361284,87.9,-2.75,166.5292607732674,8.402049659654551,39.70575555580179,36.697010697080856,55.0,825.4602299388544,,,20.152554537740453,76.2078356669548,48.897215627301854,17.962560895950123,23.461648583060626,0.23544136666629734,7.90774163152562,Baseline (no TES/DSM)
2024-02-13 12:00:00,129.22875476561467,87.3,-2.75,136.09529220309528,6.866537437480616,43.0491106985825,40.04196400197571,55.0,734.7200224735116,,,16.469584898877276,62.28051223610907,39.96103037877452,14.679822407778651,19.17392718043304,0.23042633395212625,5.213211191049213,Baseline (no TES/DSM)
2024-02-13 13:00:00,115.19836112654207,82.2,-2.4,121.31939712078722,6.1210359942451475,44.67233195869251,41.665961180470084,55.0,772.2882746445492,,,14.681478531819259,55.51870365642756,35.62245273439463,13.086030938485496,17.09220979147953,0.22799150206196123,4.106496892560979,Baseline (no TES/DSM)
2024-02-13 14:00:00,106.13008808076255,84.6,-2.15,111.76928366359867,5.639195582836109,45.721469565167006,42.71560028675647,55.0,686.7733003928963,,,13.525770631634453,51.148339712176934,32.81829714748466,12.055914707011059,15.74673209692602,0.22641779565224948,3.4612686368097876,Baseline (no TES/DSM)
2024-02-13 15:00:00,113.29673914595175,84.4,-1.4,119.31673293372098,6.019993787769238,44.89233670745382,41.88607109402527,55.0,721.4741670179725,,,14.43912593226271,54.602235868392206,35.0344197236832,12.870014982807332,16.810062358838238,0.22766149493881926,3.9666329214880833,Baseline (no TES/DSM)
2024-02-13 16:00:00,102.89681976208615,82.7,-1.2,108.36421644462426,5.467396682538109,46.09553675169981,43.08984628169584,55.0,707.216896551091,,,13.113706094048577,49.59009822444319,31.818483029181813,11.688629540478633,15.267005650520627,0.22585669487245028,3.244520421408223,Baseline (no TES/DSM)
2024-02-13 17:00:00,97.651432830048,81.9,-1.35,102.84011719497356,5.188684364925564,46.70239239699518,43.696992010951675,55.0,697.9915959267496,,,12.445206691099521,47.0621361962054,30.196467349159366,11.09277648314583,14.488737166462961,0.22494641140450722,2.907764469046159,Baseline (no TES/DSM)
2024-02-13 18:00:00,109.66644969851484,83.6,-1.75,115.49354896799417,5.8270992694793335,45.312336542313915,42.30627169362477,55.0,720.6089287127063,,,13.97646295628262,52.85265399892524,33.91183592137165,12.4576299491988,16.271429098498484,0.22703149518652913,3.70634419670979,Baseline (no TES/DSM)
2024-02-13 19:00:00,127.8404827690658,85.8,-2.0,134.63325472257958,6.792771953513778,43.20972434047904,40.20265441903568,55.0,755.1664198920546,,,16.292656292303874,61.61144836387001,39.53173908421153,14.52212076931596,18.967946505182077,0.23018541348928143,5.097833140320654,Baseline (no TES/DSM)
2024-02-13 20:00:00,147.27445122377776,86.4,-2.45,155.09984221161656,7.8253909878388015,40.96134617123471,37.953201499232435,55.0,815.4299817451827,,,18.769422349266186,70.97745604795782,45.541248385817276,16.729734748967594,21.851403028873875,0.23355798074314793,6.830297083197593,Baseline (no TES/DSM)
2024-02-13 21:00:00,167.99156356959372,88.4,-2.85,176.9177531202373,8.926189550643585,38.56451696794241,35.55522658408387,55.0,848.0735511713218,,,21.409718940050812,80.96186216013183,51.94754052500239,19.083108273228305,24.925242161874785,0.23715322454808638,8.955426216581374,Baseline (no TES/DSM)
2024-02-13 22:00:00,176.70140055523436,90.8,-3.15,186.09038510722826,9.3889845519939,37.55684797939657,34.54707591820126,55.0,834.950929709636,,,22.519745883748936,85.15948141246128,54.64085797597244,20.072507732983272,26.217537985811273,0.23866472803090513,9.934612458589418,Baseline (no TES/DSM)
2024-02-13 23:00:00,170.14624507916028,89.0,-3.55,179.18692309081334,9.040678011653057,38.315234950269414,35.30582540674661,55.0,844.5583311568713,,,21.684322762676903,82.00028946963324,52.613826394711026,19.32787068669526,25.244936539773807,0.2375271475745959,9.192936856499966,Baseline (no TES/DSM)
2024-02-14 00:00:00,170.8474905744406,87.8,-3.8,179.92542908941542,9.077938514974818,38.23410560879995,35.22465728452117,55.0,867.1822419653002,,,21.773693137253535,78.92472007301329,50.64044952805285,18.602943884969253,31.75731560338002,0.23764884158680008,8.886557770471164,Baseline (no TES/DSM)
2024-02-14 01:00:00,154.41607216028692,91.7,-4.15,162.62093138345605,8.204859223169137,40.13510912942391,37.12656950663683,55.0,753.3956652545781,,,19.679587680060926,71.33406074065054,45.770056570693534,16.81378822525668,28.703025846855297,0.23479733630586413,7.218246898476705,Baseline (no TES/DSM)
2024-02-14 02:00:00,141.45887896857138,86.4,-4.6,148.97526098481424,7.516382016242858,41.63416838614876,38.626345330884014,55.0,795.0020968702011,,,18.028255561995078,65.34835476305804,41.92944945586789,15.402927948399608,26.294528817488704,0.23254874742077686,6.024790893188182,Baseline (no TES/DSM)
2024-02-14 03:00:00,121.2995594396021,86.1,-4.95,127.74478107431179,6.445221634709682,43.96646474864315,40.959756557796425,55.0,724.2959250763314,,,15.45904699004731,56.035553940893934,35.95407926053075,13.207855087243496,22.547292785643613,0.2290503028770353,4.382048205707697,Baseline (no TES/DSM)
2024-02-14 04:00:00,144.28218436961873,88.4,-5.15,151.94858200946567,7.6663976398469345,41.30753112502438,38.299551933401546,55.0,770.8075647009474,,,18.388072292275773,66.65260914636256,42.76629788825224,15.71034710784539,26.81932786700547,0.23303870331246343,6.275663966791258,Baseline (no TES/DSM)
2024-02-14 05:00:00,165.08253992604438,91.6,-5.35,173.85415923579092,8.77161930974654,38.90107124759012,35.8919417405383,55.0,788.1049839466028,,,21.038977830944148,76.26154302177552,48.931675864709966,17.97521998307791,30.68572036622752,0.23664839312861483,8.281513402199737,Baseline (no TES/DSM)
2024-02-14 06:00:00,163.9253510160374,90.6,-5.4,172.63548338359976,8.710132367562352,39.03495014571711,36.02588463431448,55.0,799.7889492965795,,,20.89149965527058,75.72696794264021,48.58867658275036,17.84921801322287,30.470620844986318,0.23644757478142434,8.162632526419282,Baseline (no TES/DSM)
2024-02-14 07:00:00,150.78601746440057,88.4,-5.45,158.79799464274444,8.01197717834387,40.55508180512386,37.546742934093814,55.0,792.8845828308878,,,19.21695462203987,69.65712039017036,44.69408172907881,16.418525154199042,28.028267369296227,0.2341673772923142,6.87303387904194,Baseline (no TES/DSM)
2024-02-14 08:00:00,138.7630860866833,89.0,-5.4,146.13622782501162,7.373141738328314,41.94605331477597,38.93837934408514,55.0,741.9294543311885,,,17.684689690617834,64.10300607305119,41.130396669582716,15.109393149974153,25.793431932403557,0.23208092002783604,5.790019414717828,Baseline (no TES/DSM)
2024-02-14 09:00:00,136.39390929949218,88.2,-5.45,143.64116542409027,7.2472561245980955,42.22015097937877,39.212608030516144,55.0,746.2977893962395,,,17.38274947376854,63.00854097962876,40.42815528979193,14.851422355802697,25.353046798866885,0.23166977353093185,5.587540336131232,Baseline (no TES/DSM)
2024-02-14 10:00:00,150.7522251968297,87.6,-5.0,158.7624068315209,8.010181634691207,40.55899134099002,37.55065433876296,55.0,806.2538933062247,,,19.21264795963573,69.64150971160733,44.6840654530738,16.41484564064428,28.0219860261955,0.23416151298851498,6.8698599851703825,Baseline (no TES/DSM)
2024-02-14 11:00:00,150.39202128520665,90.6,-3.65,158.38306357549442,7.991042290287766,40.60066448732948,37.592347405344455,55.0,756.7375464608075,,,19.16674169895758,69.47510988449564,44.577298371245305,16.375624384701105,27.95503093505237,0.2340990032690058,6.836073820652976,Baseline (no TES/DSM)
2024-02-14 12:00:00,164.16020893657324,85.6,-2.15,172.88282042077478,8.722611484201536,39.00777867929029,35.998700179615,55.0,886.4192905852325,,,20.921431170655488,75.83546292593147,48.65829019329373,17.874790813279695,30.514276488269886,0.23648833198106456,8.18669059753101,Baseline (no TES/DSM)
2024-02-14 13:00:00,131.53985998806633,87.1,-0.8,138.5291974212654,6.9893374331990685,42.78173151964147,39.774457012719694,55.0,746.7226245615639,,,16.764124173363374,60.76616398107426,38.98937946501718,14.322883091622034,24.450770883551925,0.2308274027205378,5.183937804026436,Baseline (no TES/DSM)
2024-02-14 14:00:00,131.5969295790418,80.8,0.45,138.58929939062824,6.992369811586428,42.77512895553954,39.76785129251638,55.0,870.6883336745301,,,16.771397418976704,60.7925278537731,39.00629531043969,14.329097185811452,24.461379040604005,0.2308373065666907,5.188595215120157,Baseline (no TES/DSM)
2024-02-14 15:00:00,116.5017264701558,84.1,-0.2,122.69201645468252,6.190289984526714,44.52154143991814,41.51509858209783,55.0,740.5565102924661,,,14.847586192763867,53.81914664806549,34.53196637191672,12.68543701016219,21.655466424538112,0.2282176878401228,4.029479947121123,Baseline (no TES/DSM)
2024-02-14 16:00:00,133.1241310414973,83.6,-0.15,140.1976483193387,7.073517277841404,42.598442117942554,39.591079996584014,55.0,816.847805195069,,,16.966031919550655,61.49803396050092,39.458969027323725,14.4953884378022,24.745256893711854,0.23110233682308617,5.314004974289331,Baseline (no TES/DSM)
2024-02-14 17:00:00,131.2162722512061,84.6,-0.05,138.18841593125407,6.972143680047964,42.81916842323052,39.81191181157814,55.0,790.124147695905,,,16.722884468515012,60.61667936491229,38.893465686001335,14.287648833919826,24.390622046420624,0.23077124736515423,5.157569524901153,Baseline (no TES/DSM)
2024-02-14 18:00:00,139.81151691790993,83.8,-0.25,147.24036676521354,7.42884984730361,41.82475698776043,38.81702503603373,55.0,837.9815319572083,,,17.81830717085128,64.58733926162923,41.441159259152336,15.22355285963686,25.988315384795115,0.23226286451835937,5.880771412855111,Baseline (no TES/DSM)
2024-02-14 19:00:00,140.42895841816724,85.9,-0.9,147.89061586455873,7.461657446391484,41.75332319938112,38.74555710148407,55.0,800.2826036955495,,,17.896997128260697,64.87257258525268,41.624173449323806,15.290783753944519,26.10308607603772,0.23237001520092831,5.934546884592217,Baseline (no TES/DSM)
2024-02-14 20:00:00,128.80532133840867,85.7,-1.3,135.64935974705108,6.844038408642405,43.09809907046738,40.09097579086435,55.0,760.6581908869982,,,16.415620339743043,59.50291629316612,38.17884214892963,14.025129411542686,23.942471893412637,0.23035285139429892,4.963221883955208,Baseline (no TES/DSM)
2024-02-14 21:00:00,124.57714087810079,81.4,-0.25,131.196515979604,6.619375101503195,43.587270835088454,40.58038138520082,55.0,828.8673910128614,,,15.87675902218941,57.54966571789601,36.92557844294371,13.56473866436716,23.15653315439711,0.22961909374736733,4.631388478832004,Baseline (no TES/DSM)
2024-02-14 22:00:00,115.74144877418577,84.4,-0.15,121.891341594229,6.149892820043235,44.609500406104885,41.60309959367951,55.0,731.8030936568101,,,14.75069244738025,53.46792870432844,34.306614485502564,12.602653217040208,21.51414518735779,0.22808574939084267,3.974966093384367,Baseline (no TES/DSM)
2024-02-14 23:00:00,118.3227721894523,83.0,-0.15,124.6098229810424,6.287050791590104,44.31085881737485,41.304315250843956,55.0,769.4208763696834,,,15.079669734333915,54.66039707060545,35.071737682143436,12.883723863625082,21.99396436466844,0.22853371177393772,4.161560973163576,Baseline (no TES/DSM)
2024-02-15 00:00:00,119.89880749238209,81.9,-0.2,126.26960052407956,6.370793031697474,44.128522236077856,41.12189151056929,55.0,798.6115852271006,,,15.280527873625813,61.68062589997425,39.57612545038832,9.349109648050938,15.663739525666049,0.22880721664588322,4.763524828417912,Baseline (no TES/DSM)
2024-02-15 01:00:00,131.9073376703089,85.3,-0.85,138.9162009378869,7.008863267578022,42.739216847439344,39.731922018016505,55.0,779.7296751811652,,,16.81095744121551,67.85828248392578,43.53989378750542,10.285474802078836,17.232549864376878,0.230891174728841,5.806273509650823,Baseline (no TES/DSM)
2024-02-15 02:00:00,135.3912044353514,86.3,-1.3,142.5851820887544,7.19397765340301,42.33615712253903,39.32866962594369,55.00000000000001,774.7820018188595,,,17.2549595486978,69.65051951375276,44.68984641029964,10.557129316971762,17.687686847730255,0.23149576431619145,6.1280656468991985,Baseline (no TES/DSM)
2024-02-15 03:00:00,128.17749642478492,82.9,-0.55,134.98817551427734,6.8106790894924245,43.17073414925681,40.163645590054735,55.0,811.6820906991244,,,16.335607066108157,65.93950658162105,42.308750057804296,9.994640426795815,16.745278448056187,0.23024389877611479,5.471369799504407,Baseline (no TES/DSM)
2024-02-15 04:00:00,107.6811606613427,84.4,-1.5,113.40277209630183,5.721611434959129,45.54202100131774,42.53606594443501,55.0,697.1789046112443,,,13.723447391706296,55.39539154840467,35.54333201560394,8.396438622763158,14.067609909530068,0.2266869684980234,3.8083153979124074,Baseline (no TES/DSM)
2024-02-15 05:00:00,95.58957790896915,82.1,-1.1,100.66870613035749,5.079128221388345,46.94093500878884,43.9356486488504,55.0,684.0029042127047,,,12.182433171897346,49.175009478840565,31.55214973522896,7.453597444150069,12.487949472137899,0.22458859748681673,2.967927697746492,Baseline (no TES/DSM)
2024-02-15 06:00:00,94.57901167902953,80.3,-0.3,99.60444371752477,5.025432038495239,47.05785065858352,44.052620185666974,55.0,715.7978573765859,,,12.053641353465629,48.65513477049523,31.218582648712612,7.374798541242518,12.355927757074413,0.2244132240121247,2.902419696690056,Baseline (no TES/DSM)
2024-02-15 07:00:00,112.0220371275859,83.6,-0.8,117.97429994366372,5.95226281607782,45.039811074156866,42.033615955167456,55.0,730.8849712932218,,,14.276671274626148,57.62850781529799,36.97616587930683,8.73491847006381,14.634707778995086,0.2274402833887647,4.135487045912349,Baseline (no TES/DSM)
2024-02-15 08:00:00,125.97017108151374,85.2,-0.6,132.66356449311073,6.693393411596986,43.426106700971914,40.41914021277927,55.0,758.6605209750026,,,16.054294039403043,64.8039722791094,41.58015745107073,9.822524230690403,16.456910532240187,0.22986083994854212,5.27785323041883,Baseline (no TES/DSM)
2024-02-15 09:00:00,146.05321212082345,84.0,-1.5,153.81371287555774,7.760500754734295,41.10263524170473,38.09455810749905,55.0,856.5746508499387,,,18.613781283743158,75.1354723764577,48.20915542210991,11.3884993781475,19.080585698842633,0.2333460471374429,7.166736063932196,Baseline (no TES/DSM)
2024-02-15 10:00:00,147.19147563136494,89.2,-2.8,155.01245773193455,7.8209821005696085,40.97094588376876,37.96280580053921,55.0,767.8186090829159,,,18.758847508037885,75.72103954962378,48.584872749337286,11.477255476652514,19.22928995632096,0.23354358117434687,7.282419844069231,Baseline (no TES/DSM)
2024-02-15 11:00:00,148.87476980461236,88.0,-4.0,156.78519331843293,7.910423513820575,40.776200179597986,37.76796700568765,55.0,793.1309409951764,,,18.97337527584286,76.58699176675721,49.14049346620372,11.608510341690396,19.449197743781603,0.23383569973060303,7.455192139623878,Baseline (no TES/DSM)
2024-02-15 12:00:00,125.53991988528162,83.9,-0.95,132.21045200759505,6.670532122313432,43.47588384243193,40.468941148283946,55.0,781.3147673868413,,,15.999460588310514,64.58263427222808,41.43814039791243,9.788975393183952,16.400701944270594,0.22978617423635211,5.240538285956096,Baseline (no TES/DSM)
2024-02-15 13:00:00,127.13965897776289,82.1,0.25,133.89519283508994,6.755533857327052,43.29080489366222,40.283773729653454,55.0,824.1971821642858,,,16.203339661876303,65.40560249488678,41.96618130454073,9.913715050705829,16.609693984956603,0.23006379265950666,5.3799489938998555,Baseline (no TES/DSM)
2024-02-15 14:00:00,116.53421906715057,86.0,-1.0,122.72623553766033,6.192016470509756,44.51778226711123,41.5113376123632,55.0,706.7669330587721,,,14.85172721838747,59.94975030325678,38.46554414944963,9.086755861837915,15.22418522311601,0.22822332659933314,4.489835017905394,Baseline (no TES/DSM)
2024-02-15 15:00:00,115.41371132973663,80.6,0.55,121.54618990295802,6.132478573221391,44.64741740268026,41.64103471501424,55.0,807.6292378213674,,,14.708923882205376,59.373317392747246,38.09568763701649,8.99938426976234,15.077800603431944,0.22802887389597962,4.400482843024746,Baseline (no TES/DSM)
2024-02-15 16:00:00,97.8780824634043,81.1,1.2,103.07880979969062,5.20072733628632,46.6761705736505,43.67075765327462,55.0,715.3374961089232,,,12.47409209965763,50.35230553577981,32.30753792660745,7.632043589336602,12.78692274796675,0.22498574413952424,3.1189716814489463,Baseline (no TES/DSM)
2024-02-15 17:00:00,105.23132975442937,81.2,0.6,110.82277003925763,5.591440284828266,45.82544979983,42.81963022516452,55.0,748.4087404908619,,,13.411228194187272,54.1351029196198,34.73469331992383,8.205413055062062,13.747560744651947,0.22626182530025502,3.629612550999967,Baseline (no TES/DSM)
2024-02-15 18:00:00,116.0719190667724,83.2,-0.9,122.23937134283717,6.167452276064779,44.571267237559454,41.56484814924089,55.0,755.9645366646436,,,14.792809300941087,59.71192514074467,38.31294844651202,9.050708018792402,15.163789736788086,0.22814309914366082,4.452861361831023,Baseline (no TES/DSM)
2024-02-15 19:00:00,129.40293995764043,86.1,-2.25,136.27873268156458,6.87579272392415,43.028958654800554,40.02180232528564,55.0,755.8637020191993,,,16.491783966053916,66.56992256066577,42.71324371377114,10.09019438763808,16.905372019489583,0.23045656201779918,5.580306842650722,Baseline (no TES/DSM)
2024-02-15 20:00:00,148.86463910588273,86.6,-2.85,156.77452432756994,7.909885221687205,40.77737223264088,37.76913961898535,55.0,817.3278112153475,,,18.972084166885605,76.58178013995693,49.137149531328895,11.607720400445643,19.447874255838464,0.23383394165103868,7.45414627783354,Baseline (no TES/DSM)
2024-02-15 21:00:00,149.6196663627851,88.6,-2.85,157.56966976819425,7.950003405409149,40.690020706597195,37.6817463379101,55.0,785.6831109886333,,,19.068308768995827,76.97019562757754,49.386368469052954,11.66659365164538,19.546512019918374,0.2339649689401042,7.5322937813697175,Baseline (no TES/DSM)
2024-02-15 22:00:00,153.37374542278351,86.5,-2.65,161.52322087646468,8.149475453681163,40.25569925425012,37.24721727492614,55.0,834.4062053466879,,,19.546748137291843,78.9014404075842,50.625512601813504,11.959317970539102,20.036949896527865,0.23461645111862484,7.926896684744713,Baseline (no TES/DSM)
2024-02-15 23:00:00,142.62817609555455,86.8,-2.15,150.20668842105047,7.578512325495922,41.498888649547574,38.491000929016764,55.0,792.10214787416,,,18.17727687184049,73.37350017517483,47.07862161411726,11.121432190254096,18.63313444150429,0.23275166702567865,6.824224778326952,Baseline (no TES/DSM)
2024-02-16 00:00:00,150.0354345453217,85.6,-1.75,158.00752968871805,7.972095143396359,40.64191915146397,37.6336217896817,55.0,839.5968399529107,,,19.121296429466266,83.8381635769291,53.79306112475925,3.9011334422126738,16.475171544817023,0.23403712127280404,8.22858874790517,Baseline (no TES/DSM)
2024-02-16 01:00:00,136.66702396845935,86.7,-0.95,143.92879197241894,7.261768003959588,42.18855346696965,39.1809954141336,55.0,772.4613309377542,,,17.41755662822764,76.36804162805059,49.00000854033923,3.553535864822557,15.007205939206557,0.2317171697995455,6.786726992436643,Baseline (no TES/DSM)
2024-02-16 02:00:00,126.82354142330686,82.4,0.0,133.56227845374926,6.738737030442394,43.327377547878996,40.32036386601852,55.0,816.6049989984866,,,16.163051995941718,70.86761099785936,45.47076853222678,3.2975914003625215,13.9263075233006,0.2300089336781815,5.8136765355450555,Baseline (no TES/DSM)
2024-02-16 03:00:00,116.41492424396918,82.0,0.35,122.60060201400192,6.18567777003274,44.53158386799219,41.52514581056771,55.0,781.6782784202303,,,14.836523665417031,65.05138930106179,41.73890757651901,3.026952636336161,12.783352500084959,0.2282026241980117,4.866526750625275,Baseline (no TES/DSM)
2024-02-16 04:00:00,113.12341888184577,83.2,0.8,119.13420334089926,6.010784459053497,44.9123886849494,41.90613265659613,55.0,743.3253919790174,,,14.417037096000477,63.2121320229374,40.55878536289827,2.9413688428655393,12.421917112198049,0.2276314169725759,4.584502093733584,Baseline (no TES/DSM)
2024-02-16 05:00:00,117.77855679565545,80.8,1.2,124.03669083893878,6.258134043283334,44.373820842533576,41.36730737257303,55.0,813.4621082470841,,,15.010312092935383,65.81337229043734,42.227818542297676,3.062409010801264,12.933090995402498,0.22843926873619963,4.985828576976589,Baseline (no TES/DSM)
2024-02-16 06:00:00,130.62033933064572,82.2,1.2,137.56081826458762,6.940478933941904,42.88811381500906,39.88089016004492,55.0,835.9333360362734,,,16.6469356764137,72.9892202362947,46.83205616755628,3.3963135144719616,14.343228346264683,0.2306678292774864,6.180093412234968,Baseline (no TES/DSM)
2024-02-16 07:00:00,125.41584491199168,85.5,1.15,132.0797843417523,6.663939429760603,43.490238474217236,40.48330264174793,55.0,751.0812336499301,,,15.983647828138592,70.08100554868682,44.966059063375155,3.260989300642411,13.771730429047903,0.22976464228867416,5.6806660346989055,Baseline (no TES/DSM)
2024-02-16 08:00:00,135.9132239661128,79.9,1.0,143.13493899621324,7.221715030100427,42.275763007995806,39.268246642320854,55.0,908.8217915367991,,,17.321488433823568,75.94682641250813,48.72974432092366,3.533935998918842,14.924432263862606,0.2315863554880063,6.70955442533024,Baseline (no TES/DSM)
2024-02-16 09:00:00,112.6488892015715,84.8,0.6,118.63445964520939,5.985570443637883,44.96728854630677,41.96105876071705,55.0,711.494852138293,,,14.356560564515755,62.94697001585883,40.38864952682818,2.9290304002126386,12.369809702309738,0.22754906718053985,4.544536362510653,Baseline (no TES/DSM)
2024-02-16 10:00:00,132.91906766844744,81.2,0.7,139.98168895544958,7.062621287002145,42.62216655756749,39.614815776763265,55.0,866.8304753226223,,,16.93989757632171,74.27372454681029,47.65623236539462,3.4560837015636747,14.595648341681002,0.23106675016364878,6.407371444098896,Baseline (no TES/DSM)
2024-02-16 11:00:00,124.56372582237056,84.1,0.9,131.1823881182558,6.618662295885244,43.58882286593143,40.581934157932345,55.0,773.5732546029008,,,15.875049337687125,69.60485070007275,44.66054394014795,3.2388329994503455,13.678160478584758,0.22961676570110287,5.600897892774435,Baseline (no TES/DSM)
2024-02-16 12:00:00,134.26387765120182,82.8,1.0,141.39795507898026,7.134077427778436,42.46658117550551,39.459156023103745,55.0,837.4885314506184,,,17.111287157719456,75.02518969006609,48.13839476804783,3.491050662622195,14.743319958244149,0.23130012823674173,6.542235024917257,Baseline (no TES/DSM)
2024-02-16 13:00:00,119.84743114404579,83.2,0.6,126.21549430637404,6.368063162328255,44.13446613067068,41.12783824641191,55.0,771.8264984276068,,,15.273980204476988,66.96943669992898,42.969583876731306,3.1162026691640374,13.16027106054972,0.228798300803994,5.169585336437053,Baseline (no TES/DSM)
2024-02-16 14:00:00,108.92950088468874,80.7,1.5,114.7174425639798,5.787941679291066,45.39759651526892,42.39157242182498,55.0,776.293515041717,,,13.88254236502218,60.86861641184575,39.05511599401229,2.832321044909085,11.961389113212677,0.22690360522709663,4.23733348300535,Baseline (no TES/DSM)
2024-02-16 15:00:00,92.62206690146411,79.7,2.1,97.54351717055671,4.9214502690926025,47.28425587924384,44.27913363062015,55.0,718.8581345861955,,,11.804238128811921,51.75620025529731,33.208318564418484,2.40830470329336,10.170693647547559,0.22407361618113425,3.0170999900585005,Baseline (no TES/DSM)
2024-02-16 16:00:00,91.69305664512345,78.3,2.5,96.56514418750295,4.872087542379504,47.39173605676023,44.38666518489444,55.0,746.3569083157886,,,11.68584022800044,51.237079461787644,32.87523521210036,2.384149123045586,10.068680390569366,0.22391239591485965,2.953796298897631,Baseline (no TES/DSM)
2024-02-16 17:00:00,92.01561859803942,79.7,2.4,96.90484538879774,4.889226790758315,47.35441782940717,44.34932911900057,55.0,715.70046073708,,,11.726949201605684,51.41732356115138,32.99088519106911,2.3925361899109543,10.104100446666296,0.22396837325588925,2.9757001164062666,Baseline (no TES/DSM)
2024-02-16 18:00:00,101.16034114986363,79.7,2.2,106.53547047733954,5.375129327475918,46.29643553427111,43.29084109618998,55.0,761.9073999774884,,,12.892400224616086,56.52729473222081,36.26959478850521,2.6303119065260936,11.108269050087431,0.22555534669859334,3.6302612594374946,Baseline (no TES/DSM)
2024-02-16 19:00:00,89.55158328770494,80.6,2.0,94.30988418092305,4.758300893218106,47.639489980929575,44.63453753828183,55.0,683.5402049807934,,,11.41291972100758,50.04044751828064,32.107440540383266,2.3284677877960176,9.833528334463129,0.22354076502860565,2.8104246621218016,Baseline (no TES/DSM)
2024-02-16 20:00:00,90.70748856027673,77.6,2.15,95.52720818992613,4.8197196296493985,47.50575959093634,44.50074322362799,55.0,758.3059706988635,,,11.560234303247492,50.686354770890574,32.52187385855453,2.3585229592861734,9.960456601194853,0.22374136061359548,2.8873706259235545,Baseline (no TES/DSM)
2024-02-16 21:00:00,98.82900613805323,79.7,2.45,104.08026056503239,5.251254426979159,46.566155162455374,43.56068965345081,55.0,750.4077534329033,,,12.595282760516266,55.2245701680863,35.43372793363416,2.5696938998056367,10.852268563506291,0.22515076725631694,3.457227578123449,Baseline (no TES/DSM)
2024-02-16 22:00:00,118.66258224391538,81.8,2.45,124.96768875742929,6.3051065135139055,44.27154510180898,41.264982742871034,55.0,795.49568729403,,,15.122976895744108,66.3073560640838,42.54477323448891,3.085394922432241,13.030164536424333,0.22859268234728652,5.0639411464799,Baseline (no TES/DSM)
2024-02-16 23:00:00,120.05380189459686,81.4,2.35,126.43283051493974,6.379028620342879,44.110590436347564,41.10395113923301,55.0,809.9815564598381,,,15.30028116669713,67.08475442333632,43.04357516040639,3.121568600478258,13.182932330718767,0.22883411434547865,5.188097251436558,Baseline (no TES/DSM)
2024-02-17 00:00:00,132.66780611378277,80.4,1.9,139.71707668116497,7.0492705673821945,42.6512358130618,39.643898927695204,55.0,884.1939275142144,,,16.907875496453496,74.84582228066346,48.02330729945208,14.15241481375622,2.695532287293215,0.2310231462804073,6.443670325696348,Baseline (no TES/DSM)
2024-02-17 01:00:00,120.03132532593317,84.8,1.9,126.40915965944356,6.377834333510393,44.11319082269792,41.10655276859788,55.0,742.2080974460608,,,15.29741663583855,67.71682977671529,43.44913352033599,12.804410929962977,2.438785432429306,0.2288302137659531,5.235923180546262,Baseline (no TES/DSM)
2024-02-17 02:00:00,118.95693501703349,79.1,2.15,125.27768189124036,6.3207468742068755,44.23749048498291,41.23091184754743,55.0,858.4516483977657,,,15.16049074470041,67.11070212242208,43.06022397645169,12.689799723455295,2.416956068911297,0.22864376427252564,5.1390058463813375,Baseline (no TES/DSM)
2024-02-17 03:00:00,85.32202386639237,80.2,1.95,89.8555881817245,4.533564315332129,48.12882128197402,45.124102745301926,55.0,669.3155969770555,,,10.87388266148862,48.13524261834534,30.885004369732062,9.101776157139197,1.733565036507903,0.22280676807703897,2.562098039417294,Baseline (no TES/DSM)
2024-02-17 04:00:00,88.8676349283833,78.4,1.5,93.58959439725581,4.721959468872512,47.71861816123783,44.71370354276806,55.0,728.7078122557299,,,11.325753783436435,50.135533293194705,32.16845040371781,9.480006264257284,1.805604436086007,0.22342207275814327,2.791962169104681,Baseline (no TES/DSM)
2024-02-17 05:00:00,106.9847683511576,80.4,1.35,112.66937715556645,5.684608804408853,45.6225888622309,42.61667231770998,55.0,773.9437900620685,,,13.634695532289857,60.356488837097075,38.7265196989986,11.412661932169406,2.173706687301369,0.22656611670665366,4.120203529990947,Baseline (no TES/DSM)
2024-02-17 06:00:00,117.78431988918045,84.4,1.2,124.0427601529912,6.258440263810755,44.37315409175135,41.36664030307628,55.0,740.3222944057243,,,15.011046571560222,66.44915998922639,42.635758853537276,12.564710327675066,2.393130982552478,0.22844026886237298,5.034259823499139,Baseline (no TES/DSM)
2024-02-17 07:00:00,109.37806336988402,81.1,0.95,115.18983930420006,5.811775934316046,45.345700882032446,42.33965198188045,55.0,769.6383135936456,,,13.939709502055843,61.70668930308779,39.59284850558167,11.66796806007555,2.2223334354550506,0.22698144867695133,4.314889288306043,Baseline (no TES/DSM)
2024-02-17 08:00:00,102.90927738686949,79.2,0.85,108.37733600217265,5.468058615303164,46.09409548911523,43.088404330171215,55.0,782.048683829746,,,13.11529375856938,58.05726130515207,37.25126687989126,10.97790658054437,2.090901236584955,0.22585885676632717,3.799001687744841,Baseline (no TES/DSM)
2024-02-17 09:00:00,110.0843323773963,83.6,0.65,115.9336357380952,5.8493033606989115,45.26399035431367,42.257902395592026,55.0,722.4425653790195,,,14.029720099169205,62.1051377750047,39.848504904653744,11.74330971422065,2.236683344216111,0.22710401446852949,4.373198975844802,Baseline (no TES/DSM)
2024-02-17 10:00:00,129.6698740063359,82.7,0.7,136.55985020391515,6.889976197579244,42.99807619818273,39.99090510649926,55.0,821.69804976194,,,16.52580343010713,73.15450996989063,46.93811098034404,13.832608675319905,2.6346205783605736,0.2305028857027259,6.145823246146142,Baseline (no TES/DSM)
2024-02-17 11:00:00,119.17767954787008,82.9,1.15,125.51015562729803,6.332476079427948,44.21195184189672,41.20536099669686,55.0,775.0020018453317,,,15.188623576268508,67.23523727837585,43.14012943919785,12.713347773730494,2.4214411359938417,0.22868207223715492,5.158844713424227,Baseline (no TES/DSM)
2024-02-17 12:00:00,107.11776355668104,81.4,0.8,112.80943902794274,5.6916754712617035,45.60720222015571,42.60127832064336,55.0,752.9230083413171,,,13.651645133270577,60.43151936491219,38.774661518866566,11.426849272504217,2.1764088716597705,0.22658919666976643,4.130904477919132,Baseline (no TES/DSM)
2024-02-17 13:00:00,98.74894163399152,80.3,0.7,103.99594185365012,5.247000219658602,46.575418081837135,43.5699570006143,55.0,736.6659459363152,,,12.585078923534146,55.710167767472406,35.74530180681238,10.534100362110845,2.0063719172544943,0.2251368728772443,3.484531245399675,Baseline (no TES/DSM)
2024-02-17 14:00:00,106.8989526219505,81.3,1.0,112.57900162913472,5.680049007184223,45.632517159303966,42.626605360622946,55.0,754.0249351391191,,,13.623758729250946,60.30807506584944,38.69545598237014,11.403507489710005,2.1719630912051393,0.22655122426104404,4.113306050798711,Baseline (no TES/DSM)
2024-02-17 15:00:00,116.16717607588083,83.3,0.5,122.33968980920729,6.172513733326454,44.56024664851991,41.55382229223335,55.0,754.4167107308303,,,14.804949349814652,65.53683271105693,42.05038251719467,12.392200577723463,2.360274003232222,0.22815963002722014,4.891572206176564,Baseline (no TES/DSM)
2024-02-17 16:00:00,123.89104723311524,82.5,0.25,130.47396692105772,6.5829196879424785,43.66664721037884,40.659795703309236,55.0,802.6380693727881,,,15.789319678251097,69.8943291141956,44.84628190673546,13.216148992845644,2.5172069072810164,0.22950002918443174,5.591554488440757,Baseline (no TES/DSM)
2024-02-17 17:00:00,115.39563834376239,83.7,-0.05,121.52715661341185,6.131518269649462,44.64950832441929,41.643126636237845,55.0,743.4428797992531,,,14.706620566837069,65.10156225869538,41.77110003949343,12.309896344697707,2.344597970525326,0.22802573751337107,4.8242178164599006,Baseline (no TES/DSM)
2024-02-17 18:00:00,120.49680395326732,81.8,0.15,126.8993713767679,6.402567423500585,44.05933810669775,41.05267431038164,55.0,803.249999960438,,,15.356739654042952,67.97943403344823,43.61762822765499,12.854066131280778,2.4482429843839064,0.22891099283995336,5.278193229149384,Baseline (no TES/DSM)
2024-02-17 19:00:00,117.93197924865152,83.8,-0.05,124.1982653554532,6.266286106801687,44.356070906652384,41.34954895201885,55.0,752.2048629638387,,,15.029865048619245,66.5324634409136,42.689208827598335,12.580461975098675,2.396131111842589,0.22846589364002143,5.047390500915926,Baseline (no TES/DSM)
2024-02-17 20:00:00,119.05205627110895,83.4,-0.35,125.3778573892679,6.3258011181589495,44.226485601878736,41.21990170398288,55.0,764.5908287770125,,,15.17261349224622,67.16436569526762,43.09465612204138,12.69994683815263,2.4188887338062734,0.22866027159718189,5.147549953495097,Baseline (no TES/DSM)
2024-02-17 21:00:00,120.99940808437624,82.8,-0.8,127.42868125218848,6.429273167812241,44.001190222039476,40.9944986303674,55.0,784.6022723765415,,,15.42079413961652,68.26298300117773,43.799561684951435,12.907681717148382,2.458454848910936,0.22899821466694079,5.324025185450773,Baseline (no TES/DSM)
2024-02-17 22:00:00,123.85097472022841,85.4,-1.65,130.43176516526015,6.580790445031738,43.671283327977335,40.664434037025124,55.0,746.7051026914237,,,15.784212628707074,69.8717218195872,44.83177639362722,13.211874234397333,2.5163927176483956,0.229493075008034,5.58780230111797,Baseline (no TES/DSM)
2024-02-17 23:00:00,142.39916494010757,85.7,-2.55,149.9655088153593,7.566343875251732,41.52538368496046,38.517508629360535,55.0,810.9972382800618,,,18.148090498619872,80.33586221273107,51.54588032637786,15.190513135013893,2.893253141236473,0.2327119244725593,7.458999864479379,Baseline (no TES/DSM)
2024-02-18 00:00:00,154.66968361056908,88.5,-3.3,162.8880184144717,8.218334803902621,40.10576800696539,37.097214358785166,55.0,804.0745454920464,,,19.71190924285339,66.69402267112946,42.79287003838209,15.720108478891174,37.681017226068974,0.23484134798955192,6.760465749328626,Baseline (no TES/DSM)
2024-02-18 01:00:00,166.90825124914826,89.5,-3.7,175.77687927164502,8.86862802249675,38.68984884637161,35.68061837258881,55.0,826.4413508245378,,,21.271655981339062,71.97132904750183,46.178946884134945,16.96399549290434,40.66260784710391,0.2369652267304426,7.9068354815237045,Baseline (no TES/DSM)
2024-02-18 02:00:00,146.5768585962,89.4,-4.1,154.36518317492533,7.788324578725337,41.04205290071853,38.03394680745883,55.0,762.5744896774943,,,18.680517515155852,63.20437271270069,40.553806758500926,14.897580856432958,35.70942284729076,0.2334369206489222,6.05167221715528,Baseline (no TES/DSM)
2024-02-18 03:00:00,131.4491974727135,84.2,-3.0,138.433717575923,6.984520103209491,42.792220556955854,39.78495106391425,55.0,798.6577612442001,,,16.752569670679684,56.68128072480172,36.36839678461121,13.360056059447711,32.02398400706235,0.23081166916456622,4.8318908105235145,Baseline (no TES/DSM)
2024-02-18 04:00:00,125.28205694978185,86.6,-3.95,131.93888758976223,6.6568306399803845,43.50571683285722,40.49878839922091,55.0,731.3982772925131,,,15.96659719412097,54.02199158519208,34.662117721089416,12.73324855740905,30.521529726071684,0.22974142475071418,4.373928310221519,Baseline (no TES/DSM)
2024-02-18 05:00:00,144.34286769940553,89.0,-5.3,152.01248973274414,7.669622033338612,41.30051047588381,38.292527928310136,55.0,761.3183836182134,,,18.39580609156589,62.241069264734435,39.93572259435304,14.67052550583893,35.16517236781774,0.23304923428617427,5.86291808934893,Baseline (no TES/DSM)
2024-02-18 06:00:00,158.7753211759453,90.9,-6.85,167.21180800103326,8.436486825087968,39.6307736230683,36.621992922123304,55.0,779.1318434870162,,,20.235153056272658,68.46438566969923,43.92878763165917,16.137391726623342,38.681242973051525,0.23555383956539755,7.135040480727386,Baseline (no TES/DSM)
2024-02-18 07:00:00,178.45222970233056,92.0,-7.4,187.93424412145413,9.482014419123573,37.354288937398465,34.34442005065726,55.0,821.5814330655572,,,22.742880660013167,76.94912652338004,49.37284990469533,18.13728678907667,43.474980904302086,0.2389685665939023,9.070321837187356,Baseline (no TES/DSM)
2024-02-18 08:00:00,193.14519711567553,94.4,-7.25,203.40791866917021,10.262721553494686,35.654412391310245,32.643730944078555,55.0,827.167342706064,,,24.615428876309295,83.28477730442833,53.437992021236695,19.630630773642835,47.05451856986235,0.24151838141303464,9.9941732765314,Baseline (no TES/DSM)
2024-02-18 09:00:00,189.36997569718213,94.2,-7.4,199.4321018084946,10.062126111312466,36.09117987095212,33.080707203586414,55.0,819.8865932348594,,,24.134295015840642,81.656890720607,52.39349153635521,19.246929916143344,46.134789635389055,0.24086323019357184,9.79882688647284,Baseline (no TES/DSM)
2024-02-18 10:00:00,179.0691560577779,90.2,-5.9,188.58395070389915,9.51479464612126,37.282914747775195,34.27301174335253,55.0,851.3528437762457,,,22.82150496468764,77.21514698308576,49.54353654952212,18.19998911706188,43.62527805422938,0.23907562787833722,9.134745814971426,Baseline (no TES/DSM)
2024-02-18 11:00:00,165.23660235010055,90.6,-4.9,174.01640772806704,8.779805377966483,38.88324727140348,35.87410924428656,55.0,803.8217018243442,,,21.05861234786975,71.25050912359245,45.716447366344084,16.794094699043445,40.25535653908706,0.2366751290928948,7.74496713347241,Baseline (no TES/DSM)
2024-02-18 12:00:00,159.96419874012915,88.9,-4.0,168.46385627608444,8.499657535955293,39.493228562858675,36.48438211379694,55.0,814.5561718609978,,,20.386669798914102,68.9770331735146,44.25771752863731,16.25822525935459,38.97088031457795,0.235760157155712,7.245390925085009,Baseline (no TES/DSM)
2024-02-18 13:00:00,156.62488455292083,87.0,-3.05,164.94710846797994,8.322223915059112,39.87956453619646,36.87090276016214,55.0,836.2501090435946,,,19.96109022407411,67.53711107043173,43.33382064920538,15.918828552497764,38.15734819584507,0.2351806531957053,6.937588508958349,Baseline (no TES/DSM)
2024-02-18 14:00:00,142.23017169776196,87.9,-2.15,149.7875361595128,7.557364461750865,41.54493505542425,38.53706934560371,55.0,771.9323813687375,,,18.12655312052476,61.33006853245395,39.351197409336336,14.455798162034583,34.65047205568793,0.23268259741686362,5.687161153346145,Baseline (no TES/DSM)
2024-02-18 15:00:00,139.09041983527806,84.5,-2.0,146.48095437015047,7.390534534872415,41.90818302306934,38.90049094994461,55.0,821.5911817900244,,,17.726406806692562,59.97619829098208,38.48251396557673,14.136684301303353,33.885557812288305,0.232137725465396,5.430898845477617,Baseline (no TES/DSM)
2024-02-18 16:00:00,119.24386794263098,85.4,-1.7,125.5798609257958,6.3359929831648145,44.20429429412492,41.19769978852938,55.0,728.2304371853573,,,15.197058969682391,51.41830671861252,32.991516014159046,12.119547255430216,29.050490937594027,0.22869355855881263,3.947601123994711,Baseline (no TES/DSM)
2024-02-18 17:00:00,118.44836110124552,83.7,-1.85,124.74208502813066,6.293723926885136,44.296329033186254,41.289778521251826,55.0,756.2703795888597,,,15.095675438705886,51.07528182791718,32.771421034435924,12.038694605121798,28.856687560655757,0.22855550645022063,3.8930614492748474,Baseline (no TES/DSM)
2024-02-18 18:00:00,111.59148467258561,85.0,-2.75,117.52087019207083,5.929385519485223,45.08962306921044,42.08345176092612,55.0,703.4446728404273,,,14.221799429548717,48.1185765362867,30.874310915431057,11.341784656328699,27.18619808402437,0.22736556539618435,3.438662303521326,Baseline (no TES/DSM)
2024-02-18 19:00:00,119.62727915290344,85.4,-3.55,125.98364459445853,6.356365441555084,44.15993622093832,41.153320511674906,55.0,729.7861477937606,,,15.245922889250577,51.58363476062664,33.097595406768136,12.158515886365556,29.143898540698196,0.2287600956685925,3.9740229616936134,Baseline (no TES/DSM)
2024-02-18 20:00:00,135.88570295259277,87.2,-4.4,143.10595566054982,7.220252707957059,42.27894700235795,39.27143215866883,55.0,761.0418793229982,,,17.317981012665687,58.59431494164704,37.59585647802504,13.810967613559999,33.104816627317746,0.23158157949646307,5.175420093699093,Baseline (no TES/DSM)
2024-02-18 21:00:00,150.9513703880539,89.9,-5.05,158.97213355247902,8.02076316442512,40.53595159481045,37.52760357932039,55.0,769.327061765347,,,19.238028058979864,65.09067506885997,41.7641144944468,15.342191579781154,36.7751524093911,0.23419607260778433,6.42993615036105,Baseline (no TES/DSM)
2024-02-18 22:00:00,160.04753940106966,89.9,-5.5,168.55162522211876,8.504085821049102,39.483586614375234,36.47473555635152,55.0,798.6597054580775,,,20.39729116637507,69.01296991173274,44.28077560950545,16.266695724930678,38.991183975949895,0.23577462007843714,7.253158259661567,Baseline (no TES/DSM)
2024-02-18 23:00:00,157.20870895527437,89.7,-5.35,165.56195423336487,8.353245278090498,39.812020017742455,36.803325954653424,55.0,792.803211567208,,,20.03549584361318,67.78885787056461,43.49534888920654,15.978166508866314,38.299580964727404,0.23528196997338632,6.990921192596197,Baseline (no TES/DSM)
2024-02-19 00:00:00,174.2014863483139,89.5,-5.2,183.45763858660604,9.256152238292145,37.84607107559137,34.83643726635408,55.0,848.4635982897122,,,22.201143809888034,74.72652936232548,47.94676541239109,17.613409729674494,43.17093408221498,0.23823089338661296,8.587839793042301,Baseline (no TES/DSM)
2024-02-19 01:00:00,166.0917961547369,93.1,-5.2,174.91704204078908,8.825245886052187,38.78430715604319,35.77512183441606,55.0,769.3209811764173,,,21.16760269600084,71.24774732048925,45.714675311270284,16.79344372849705,41.161175680532494,0.23682353926593522,7.786962486083276,Baseline (no TES/DSM)
2024-02-19 02:00:00,156.0900760094031,88.0,-5.15,164.38388300678312,8.293806997380017,39.94143825266218,36.93280605297416,55.0,817.1263988636883,,,19.892931440620032,66.9573486001268,42.96182779210591,15.782175692763623,38.682530921786785,0.23508784262100674,6.853176393199719,Baseline (no TES/DSM)
2024-02-19 03:00:00,131.48476361948528,87.0,-4.6,138.4711735209735,6.98640990148823,42.788105795313,39.78083433536813,55.0,748.205724537471,,,16.75710240547889,56.402504107594815,36.18952540945514,13.294347042532051,32.584796961391504,0.2308178413070305,4.809518527539368,Baseline (no TES/DSM)
2024-02-19 04:00:00,139.9161842420797,87.7,-4.55,147.35059556137304,7.434411319293332,41.812647689176096,38.80490994906576,55.0,767.1135813733453,,,17.83164651923918,60.01929759155303,38.51016775963818,14.146843017979965,34.674287192201874,0.23228102846623586,5.469205307826603,Baseline (no TES/DSM)
2024-02-19 05:00:00,157.25716748262903,89.5,-4.9,165.6129875924034,8.355820109774385,39.806413695221565,36.79771695224605,55.0,796.1498681898801,,,20.04167165047435,67.45799125864093,43.28305502302445,15.9001796245374,38.97176168620063,0.23529037945716766,6.959068767914593,Baseline (no TES/DSM)
2024-02-19 06:00:00,172.35867538220077,91.0,-5.3,181.5169103225049,9.15823494030414,38.05927178937806,35.04973989252786,55.0,819.0830820926478,,,21.966286392016695,73.93602595931135,47.43955490033533,17.427084197781003,42.714245265077224,0.2379110923159329,8.402413036012828,Baseline (no TES/DSM)
2024-02-19 07:00:00,182.21664677747697,91.3,-5.35,191.8986825527117,9.682035775234738,36.91877144690683,33.9086943778088,55.0,842.9925847640973,,,23.222637558749476,78.16476134133411,50.15283738626254,18.423817882023133,45.157265943091915,0.23962184282963975,9.379771360960094,Baseline (no TES/DSM)
2024-02-19 08:00:00,177.45699317773614,91.7,-5.25,186.88612595401116,9.429132776275026,37.46943104439258,34.45961719689946,55.0,823.2536722181032,,,22.616042538992808,76.12303137719152,48.84280267085999,17.94257210863214,43.97771979732751,0.23879585343341114,8.920356680532636,Baseline (no TES/DSM)
2024-02-19 09:00:00,169.15756551656588,90.2,-5.5,178.14571028789993,8.98814477133405,38.42961846129011,35.420263594397795,55.0,822.0434616717823,,,21.558320295010425,72.56285839696285,46.558489721132425,17.103421863807597,41.92094030599706,0.23735557230806484,8.085119795825873,Baseline (no TES/DSM)
2024-02-19 10:00:00,174.3356146017604,89.7,-5.5,183.5988937111223,9.26327910936189,37.830553347566294,34.820912120676994,55.0,845.5887981529687,,,22.218237812391443,74.78406583391131,47.98368252508619,17.626971358417176,43.20417399370761,0.23825416997865057,8.601414962731518,Baseline (no TES/DSM)
2024-02-19 11:00:00,146.9399293012615,92.6,-5.0,154.74754555073983,7.807616249478343,41.000048085847354,37.99192191380426,55.0,716.4324499880286,,,18.726789134906046,63.0322460020447,40.443365137734446,14.857009745930755,36.41492466502993,0.23349992787122897,6.051077430442533,Baseline (no TES/DSM)
2024-02-19 12:00:00,143.50718096212188,83.7,-4.1,151.1323989905007,7.625218028378811,41.397193756028784,38.3892574241722,55.0,853.47179617556,,,18.28930182559566,61.55971339089757,39.4985443857036,14.5099265822703,35.56421463162921,0.23290420936595682,5.76302568283545,Baseline (no TES/DSM)
2024-02-19 13:00:00,125.23366461449221,87.2,-3.05,131.88792393988734,6.654259325395131,43.51131549740572,40.504389739995304,55.0,721.1686514105348,,,15.960429823120963,53.72099464900492,34.46898912790614,12.662302102252067,31.035638060724214,0.22973302675389143,4.347753287915898,Baseline (no TES/DSM)
2024-02-19 14:00:00,162.4955166922174,86.9,-2.35,171.12967517198905,8.634158479771656,39.20037226661869,36.19138582888763,55.0,857.0597746463892,,,20.709274129456357,69.70506540379338,44.724844676863135,16.429826029224866,40.26993906210767,0.23619944160007195,7.4443452919111115,Baseline (no TES/DSM)
2024-02-19 15:00:00,146.30279639530588,90.4,-3.1,154.07655874779866,7.773762352492781,41.073760036136676,38.065669099251465,55.0,746.207027400394,,,18.64558960229786,62.75893759462155,40.268002328732386,14.792589612899183,36.25702921154553,0.233389359945795,5.9970834000543976,Baseline (no TES/DSM)
2024-02-19 16:00:00,139.39183376823655,83.6,-2.6,146.79838385675714,7.406550088520589,41.87331147800384,38.865602735880515,55.0,840.4427407676872,,,17.764820566598925,59.794369022336106,38.36584689481523,14.093826250262602,34.54434168934321,0.23219003278299424,5.426944773421045,Baseline (no TES/DSM)
2024-02-19 17:00:00,114.7522721807384,85.6,-2.5,120.8496053508531,6.097333170114695,44.7239414202198,41.71759531191206,55.0,706.2801484587089,,,14.624626635515767,49.22483278565041,31.5841178518278,11.602534683826692,28.438120029548188,0.2279140878696703,3.6257215851391758,Baseline (no TES/DSM)
2024-02-19 18:00:00,116.78924400807342,86.3,-4.2,122.99481116478697,6.205567156713542,44.48827761338495,41.48181885507395,55.0,702.7316401344136,,,14.884228923781736,50.09862461289824,32.144768695883165,11.808491706092953,28.9429261499126,0.22826758357992258,3.7609204986469345,Baseline (no TES/DSM)
2024-02-19 19:00:00,120.98252118565559,84.9,-3.7,127.41089707234433,6.428375886688741,44.003143921538275,40.99645326375698,55.0,744.2475717138213,,,15.418641985379153,51.897398301363936,33.29891543341823,12.232471492873703,29.982111844688458,0.2289952841176926,4.0470180994165865,Baseline (no TES/DSM)
2024-02-19 20:00:00,136.05036553466024,87.1,-3.3,143.27936754757164,7.229002012911394,42.25989665987775,39.25237270990637,55.0,763.339659772222,,,17.33896646888204,58.36099248058632,37.44614984235784,13.755972364337701,33.71625286028978,0.2316101550101834,5.16148236117564,Baseline (no TES/DSM)
2024-02-19 21:00:00,160.81358442093992,88.3,-2.9,169.35837385177982,8.544789430839899,39.39496040798058,36.38606698561345,55.0,827.2824974169723,,,20.494919929524556,68.98357350444324,44.261913999628675,16.259766847454515,39.853119500253385,0.23590755938802913,7.286751256468231,Baseline (no TES/DSM)
2024-02-19 22:00:00,156.52365716792784,89.5,-3.3,164.84050239130167,8.316845223373832,39.89127585717953,36.882619679291,55.0,793.7918719949596,,,19.948189279433286,67.14334021163731,43.081165545937985,15.826014828446384,38.78998180527999,0.2351630862142307,6.892421314250685,Baseline (no TES/DSM)
2024-02-19 23:00:00,152.6360344641936,85.8,-2.8,160.74631183131595,8.110277367122336,40.341047402178376,37.33260622024825,55.0,844.7386556209418,,,19.452730414337193,65.47568192576385,42.01114635324794,15.432939585573072,37.82654396673109,0.23448842889673244,6.5445376890680755,Baseline (no TES/DSM)
2024-02-20 00:00:00,135.7586497288136,86.9,-2.05,142.9721514956259,7.2135017668123,42.293646197498816,39.286138380193606,55.0,765.6944582887614,,,17.301788688755252,71.56440607018858,45.91785299016392,11.384166037966219,14.105726397307171,0.23155953070375176,6.3147088520043395,Baseline (no TES/DSM)
2024-02-20 01:00:00,140.05278737841218,84.9,-1.65,147.49445707105602,7.441669692643842,41.79684363400867,38.789098339378654,55.0,817.4616765828838,,,17.849055933694665,73.82803649882813,47.37026564827205,11.744254887483827,14.551900036472013,0.232304734548987,6.734515098514795,Baseline (no TES/DSM)
2024-02-20 02:00:00,140.90421580901864,85.3,-1.0,148.39112593754456,7.4869101285259205,41.698339146852035,38.69054676594709,55.0,813.0283201285037,,,17.957566402967732,74.27686219110879,47.65824557136593,11.815652199130863,14.640365975938973,0.23245249127972195,6.819356126906134,Baseline (no TES/DSM)
2024-02-20 03:00:00,138.84260969503057,86.1,-0.85,146.21997690032154,7.377367205290966,41.93685297335501,38.929174604795435,55.0,790.9471649080617,,,17.694824593035772,73.19009816249668,46.96094542397329,11.642774328340245,14.426158985511321,0.2320947205399675,6.614839257097601,Baseline (no TES/DSM)
2024-02-20 04:00:00,141.4185586534863,83.9,-0.9,148.93279825991084,7.514239606424553,41.6388331727787,38.631012347335485,55.0,841.8789325133048,,,18.023116931249564,74.54799511895025,47.83221252791702,11.85878288990862,14.693807723134944,0.23254175024083196,6.870865137942443,Baseline (no TES/DSM)
2024-02-20 05:00:00,119.87443317097679,85.2,-0.3,126.2439310792263,6.369497908249514,44.13134217953231,41.12471280198907,55.0,734.3460712049514,,,15.277421483283618,63.19113095200961,40.54531045071144,10.052180495692166,12.455309180813085,0.22880298673070154,4.879110249058657,Baseline (no TES/DSM)
2024-02-20 06:00:00,125.03860429592369,81.5,-0.45,131.68249914026782,6.643894844344132,43.53388265156043,40.526967681508594,55.0,828.5765739100113,,,15.935570321202114,65.91339461727061,42.291995844275974,10.485226799940941,12.991881878780296,0.22969917602265935,5.325585040501026,Baseline (no TES/DSM)
2024-02-20 07:00:00,127.41709998046409,84.2,-0.1,134.18737559580924,6.770275615345156,43.2587068538213,40.251660346581254,55.0,782.9803793658571,,,16.238698186816855,67.16720519467879,43.09647802937894,10.684677736197909,13.239014635553605,0.23011193971926805,5.537785538337707,Baseline (no TES/DSM)
2024-02-20 08:00:00,145.9278933117802,86.5,-1.3,153.68173528306124,7.753841971281048,41.117133776839495,38.10906357309993,55.0,808.9675678249391,,,18.59781000267102,76.92506543629024,49.3574115950601,12.23691728188525,15.162340969825655,0.23332429933474075,7.3307431411947945,Baseline (no TES/DSM)
2024-02-20 09:00:00,127.6251694187605,85.2,-0.45,134.40650075146712,6.781331332706614,43.234634632862274,40.22757661882444,55.0,765.1208587132913,,,16.265215638641724,67.2768878248669,43.16685366952068,10.702125589706506,13.260633667373034,0.2301480480507066,5.5565456500393955,Baseline (no TES/DSM)
2024-02-20 10:00:00,109.14943383412059,79.8,0.8,114.94906159545857,5.799627761337987,45.37215176663961,42.36611551031392,55.0,797.6205347578908,,,13.910571764433312,57.53750807657247,36.91777773840836,9.152825843508007,11.340949936969734,0.2269417723500406,4.014224469840794,Baseline (no TES/DSM)
2024-02-20 11:00:00,95.52081175623088,80.5,1.6,100.59628610535937,5.075474349128484,46.94889078565243,43.943608228666605,55.0,716.268480971166,,,12.173669255594454,50.35325685937558,32.30814832414186,8.009985244302642,9.924895677539288,0.22457666382152136,3.0366365039500787,Baseline (no TES/DSM)
2024-02-20 12:00:00,102.76253791677061,79.8,2.7,108.22279956717364,5.460261650403027,46.11107224926105,43.105389205403135,55.0,767.4186543892,,,13.09659251699823,54.170691937267186,34.75752829292416,8.617246830785339,10.677332506196956,0.22583339162610844,3.539164504274636,Baseline (no TES/DSM)
2024-02-20 13:00:00,98.88717719572584,79.0,3.5,104.14152252724872,5.2543453315228845,46.55942516613693,43.55395644011692,55.0,766.8954437226113,,,12.602696382776527,52.127817403207594,33.44675918739567,8.292274904550696,10.274671032094764,0.2251608622507946,3.2654662711448306,Baseline (no TES/DSM)
2024-02-20 14:00:00,108.00250724999913,77.4,4.3,113.74119335526225,5.7386861052631275,45.50484338335567,42.49887055514503,55.0,851.9101986897479,,,13.764401472966624,56.93291220026758,36.52985102887346,9.056649263282159,11.221780862839056,0.2267427349249665,3.926716454302419,Baseline (no TES/DSM)
2024-02-20 15:00:00,100.7303787102595,81.5,2.95,106.08266209146275,5.35228338120325,46.346179268550294,43.34060860854481,55.0,720.896059963636,,,12.837603574170657,53.09945067975216,34.07018801748988,8.446838257418433,10.466185136802276,0.22548073109717456,3.3942721708832084,Baseline (no TES/DSM)
2024-02-20 16:00:00,107.3123783646718,80.1,0.45,113.0143946448919,5.702016280220093,45.58468660854927,42.57875194631626,55.0,782.2088369526048,,,13.676447857003359,56.56911465301009,36.29642769441907,8.998777872885624,11.150074424577108,0.2266229700871761,3.8745250322461064,Baseline (no TES/DSM)
2024-02-20 17:00:00,87.86139242565648,81.9,0.45,92.52988545179585,4.668493026139373,47.83503358515749,44.830174614595904,55.0,648.8956091179451,,,11.197513003297566,46.31563718409136,29.7174913640595,7.367697614101204,9.129059289543786,0.22324744962226375,2.546887555645369,Baseline (no TES/DSM)
2024-02-20 18:00:00,106.02499970120746,80.0,0.05,111.65861143938173,5.633611738174267,45.73362757699992,42.727764110258526,55.0,778.439505455641,,,13.512377621757457,55.89048025570063,35.860995666112125,8.890823554778535,11.01631196279044,0.22639955863450012,3.778097792766335,Baseline (no TES/DSM)
2024-02-20 19:00:00,113.9588886619937,84.3,-0.15,120.01406559804406,6.0551769360503584,44.815730505271624,41.809428273199565,55.0,726.1206983954834,,,14.523513711824478,60.07278504762125,38.544486903461575,9.556127087458027,11.840666559503202,0.22777640424209256,4.39165801391464,Baseline (no TES/DSM)
2024-02-20 20:00:00,146.14298185847164,83.9,0.05,153.9082525056763,7.765270647204659,41.092249492707694,38.08416739399484,55.0,858.8953991425503,,,18.625222006190945,77.03844814985744,49.430161318827786,12.2549537291635,15.184689307827572,0.23336162576093847,7.3530504758214414,Baseline (no TES/DSM)
2024-02-20 21:00:00,149.10288943065126,82.6,4.55,157.02543402352478,7.922544592873521,40.749808288083,37.74156249854576,55.0,896.3411331525613,,,19.002448027916987,78.59874672272058,50.431295324177086,12.503159492302991,15.492232484324127,0.2338752875678755,7.663468215363703,Baseline (no TES/DSM)
2024-02-20 22:00:00,148.2556919357495,84.7,0.05,156.13322090244728,7.877528966697781,40.84782328471195,37.83962434746755,55.0,850.5599695651044,,,18.894476771104152,78.15215134431995,50.14474643685209,12.432116969648437,15.404206151626806,0.23372826507293207,7.573964155160353,Baseline (no TES/DSM)
2024-02-20 23:00:00,131.64866052215575,84.0,-0.35,138.64377904441582,6.995118522260071,42.7691440367391,39.76186351285609,55.0,803.3019340168738,,,16.777990279528982,69.39784845403008,44.527725137835844,11.039519124960634,13.678686327589261,0.23084628394489135,5.925544713057062,Baseline (no TES/DSM)
2024-02-21 00:00:00,118.05587081969338,82.7,0.5,124.32873987401543,6.272869054322044,44.34173749326165,41.33520868709208,55.0,774.3073485743026,,,15.045654435054406,70.41160130937683,41.058435448364314,0.0,12.858703116274278,0.22848739376010754,5.347731197363364,Baseline (no TES/DSM)
2024-02-21 01:00:00,109.13722996562319,81.3,0.8,114.93620927747276,5.798979311849564,45.37356367134522,42.36752808992617,55.0,764.2641802042236,,,13.909016439933925,65.09229122612467,37.9566376533757,0.0,11.887280397972383,0.22693965449298217,4.540748276560757,Baseline (no TES/DSM)
2024-02-21 02:00:00,109.4543857358454,80.0,2.4,115.27021703991366,5.815831304068254,45.33687090261508,42.33081778163163,55.0,794.4199140486569,,,13.9494364214877,65.281451201743,38.06694067878502,0.0,11.92182515938564,0.22699469364607738,4.568315958183374,Baseline (no TES/DSM)
2024-02-21 03:00:00,99.66292657436124,82.8,0.45,104.95849115434135,5.295564579980109,46.469676231337885,43.464164604297416,55.0,690.1588900664965,,,12.701561919899898,59.4415695090448,34.66158700060071,0.0,10.855334644695837,0.22529548565299318,3.755633833486054,Baseline (no TES/DSM)
2024-02-21 04:00:00,111.15951872354779,80.7,-0.85,117.06595184078975,5.90643311724196,45.13959859592474,42.13345117651552,55.0,786.4384200350171,,,14.166747441436593,66.29843700072065,38.65996576275889,0.0,12.10754907731021,0.2272906021061129,4.717956451748056,Baseline (no TES/DSM)
2024-02-21 05:00:00,114.2729713920099,85.6,-1.7,120.34483703505921,6.071865643049321,44.779393266423526,41.77307366473444,55.0,704.2855591989102,,,14.563542049145031,68.1553813988708,39.74278777340525,0.0,12.446667862783166,0.22783091010036471,4.9974006771150785,Baseline (no TES/DSM)
2024-02-21 06:00:00,149.32791508243616,84.8,-1.25,157.26241635681737,7.934501274381205,40.72377434837727,37.71551611431818,55.0,852.3565886510794,,,19.03112646781388,89.06306436215809,51.934482541873436,0.0,16.264869452785845,0.2339143384774341,8.697663196700901,Baseline (no TES/DSM)
2024-02-21 07:00:00,145.64694304255576,88.6,-1.9,153.3858567918231,7.73891374926734,41.14963781498485,38.14158314854841,55.0,772.2298071660089,,,18.562004238545644,86.86763660491533,50.654284006745186,0.0,15.863936180162582,0.23327554327752273,8.261301014065126,Baseline (no TES/DSM)
2024-02-21 08:00:00,135.14336931647546,84.6,-1.4,142.3241783130639,7.180808996588439,42.364829962682364,39.357356172033555,55.0,805.0173011601867,,,17.223374151634637,80.60303120757798,47.001265306234586,0.0,14.719881799251326,0.23145275505597646,7.077834403476741,Baseline (no TES/DSM)
2024-02-21 09:00:00,116.92743803012932,81.8,-0.15,123.14034809150682,6.2129100613774995,44.472289503543436,41.46582310273251,55.0,788.0790811803392,,,14.90184108899137,69.73857455406566,40.66597987181026,0.0,12.7357936656309,0.22829156574468484,5.241988034693322,Baseline (no TES/DSM)
2024-02-21 10:00:00,112.21149111259169,83.4,0.05,118.17382051859433,5.962329406002638,45.01789253472134,42.01168693841863,55.0,735.5178810782448,,,14.300816276225385,66.92586077839078,39.02582931642312,0.0,12.22213042378042,0.227473161197918,4.8114771363177375,Baseline (no TES/DSM)
2024-02-21 11:00:00,111.68280916770874,81.8,1.0,117.61704719131245,5.9342380236037116,45.07905744533229,42.07288108655855,55.0,765.1687554849753,,,14.233438298378694,66.61054107371113,38.8419599895021,0.0,12.164546128099218,0.22738141383200156,4.764362602050266,Baseline (no TES/DSM)
2024-02-21 12:00:00,89.62486248837827,79.8,2.15,94.38705705352503,4.762194565146757,47.63101207506915,44.62605557988515,55.0,700.9318967061494,,,11.422258803621194,53.4546062057145,31.1704670466397,0.0,9.761983801170828,0.22355348188739627,3.0048933604396364,Baseline (no TES/DSM)
2024-02-21 13:00:00,80.01937496257302,76.1,3.45,84.27118435979939,4.251809397226367,48.74230174852403,45.73787646255296,55.0,735.8686793482623,,,10.198085494915372,47.725642848338055,27.829792103580846,0.0,8.715749407880491,0.22188654737721397,2.3646237449957273,Baseline (no TES/DSM)
2024-02-21 14:00:00,71.01018771961301,77.2,4.05,74.78329621472777,3.773108495114755,49.78460352887886,46.78067647511637,55.0,651.644672003265,,,9.049907796871866,42.3523285364927,24.696503345563432,0.0,7.734464332671639,0.2203230947066817,1.8335330511958348,Baseline (no TES/DSM)
2024-02-21 15:00:00,78.86425920393886,76.2,4.25,83.05469181535875,4.190432611419894,48.87594079711647,45.87157939214377,55.0,726.1389442073607,,,10.050871532439594,47.0367016741431,27.42805650600345,0.0,8.589933635212198,0.2216860888043253,2.292773694654656,Baseline (no TES/DSM)
2024-02-21 16:00:00,88.83076749726789,77.2,4.0,93.55076802444484,4.72000052717695,47.72288347264188,44.7179708930399,55.0,758.1639582638938,,,11.321055206189756,52.980987235919834,30.89429020167643,0.0,9.675490586848571,0.2234156747910372,2.9490647539326083,Baseline (no TES/DSM)
2024-02-21 17:00:00,93.7761121197705,80.1,3.1,98.75888229177801,4.9827701720075055,47.150740684897016,44.14555461447871,55.0,716.0301108335957,,,11.951315656058181,55.93051978757874,32.61422256542185,0.0,10.214139938777421,0.2242738889726545,3.3052451580981703,Baseline (no TES/DSM)
2024-02-21 18:00:00,101.36263570253892,79.2,1.9,106.74851390027875,5.385878197739828,46.27303142835975,43.26742580284749,55.0,774.481172436595,,,12.918181694970023,60.4553203766992,35.252725730387965,0.0,11.040467793191588,0.22559045285746038,3.8910139300157685,Baseline (no TES/DSM)
2024-02-21 19:00:00,105.16458853266408,81.3,0.95,110.75248253943138,5.5878940067673,45.83317130593182,42.827355422234845,55.0,745.9880808531702,,,13.402722345623527,62.722904233504494,36.57499995334325,0.0,11.454578352583638,0.22625024304110228,4.202495560619931,Baseline (no TES/DSM)
2024-02-21 20:00:00,108.91836320396722,82.6,0.95,114.70571308538966,5.787349881422443,45.39888506928961,42.39286159178927,55.0,736.5968699696118,,,13.881122921040449,64.96175337947128,37.88051838253513,0.0,11.863441323383256,0.2269016723960656,4.52177260233426,Baseline (no TES/DSM)
2024-02-21 21:00:00,129.14910775779776,80.1,1.8,136.0114131715159,6.862305413718133,43.058325316484066,40.05118302457034,55.0,877.1735259899119,,,16.45943426978887,77.0278972300534,44.91653203919129,0.0,14.066983902271211,0.2304125120252739,6.443387308420216,Baseline (no TES/DSM)
2024-02-21 22:00:00,120.56228163082409,84.0,2.6,126.96832819428138,6.406046563457295,44.051762784079806,41.04509536667258,55.0,759.2740500891692,,,15.365084469958406,71.90649010673606,41.93013548141956,0.0,13.131702606125764,0.2289223558238803,5.586373747597423,Baseline (no TES/DSM)
2024-02-21 23:00:00,105.78567967286845,78.9,3.35,111.4065752014258,5.620895528557341,45.761315278996264,42.75546504729407,55.0,803.1124017427613,,,13.481877432137273,63.093339193131754,36.79100810533578,0.0,11.522227902958264,0.2263580270815056,4.2545168831217355,Baseline (no TES/DSM)
2024-02-22 00:00:00,69.55537085327923,74.9,4.4,73.2511780194794,3.6958071662001686,49.952915960286575,46.94906936179723,55.0,701.4481906309486,,,8.864498365852738,55.92623804744213,17.324939972037264,0.0,0.0,0.22007062605957015,2.364701397272059,Baseline (no TES/DSM)
2024-02-22 01:00:00,55.03186888570508,74.4,5.3,57.955973421445485,2.9241045357404047,51.633186505181556,48.6301430952892,55.0,608.1304234226737,,,7.013547707713159,44.24856573606303,13.707407685382456,0.0,0.0,0.21755022024222767,1.4248427983119842,Baseline (no TES/DSM)
2024-02-22 02:00:00,58.986118745106666,74.4,5.15,62.12033135428615,3.1342126091794853,51.17570665075376,48.172444560242646,55.0,638.9870124615886,,,7.51749788419599,47.42799409972522,14.692337254560933,0.0,0.0,0.21823644002386935,1.657407303618717,Baseline (no TES/DSM)
2024-02-22 03:00:00,72.49030431309953,75.8,4.25,76.3420584317789,3.8517541186793665,49.61336409085638,46.609355182678016,55.0,696.4419643712146,,,9.23854155675663,58.28608151191815,18.055976919860747,0.0,0.0,0.22057995386371543,2.5832283761952404,Baseline (no TES/DSM)
2024-02-22 04:00:00,71.39678457121649,77.7,4.6,75.1904347929738,3.793650221757318,49.73987689862475,46.73592846501989,55.0,642.4277511013241,,,9.099177711146524,57.40683315706238,17.783601635911424,0.0,0.0,0.22039018465206286,2.5006840534822996,Baseline (no TES/DSM)
2024-02-22 05:00:00,73.1074232182553,74.3,5.0,76.9919677950128,3.8845445767574915,49.541967624539495,46.537924588031146,55.0,742.8995052860829,,,9.317190400967808,58.78227811571632,18.209689679296474,0.0,0.0,0.22068704856319077,2.6304007997420156,Baseline (no TES/DSM)
2024-02-22 06:00:00,76.83617050769413,75.2,5.35,80.91884113545532,4.082670627761189,49.11057688601174,46.10632763978135,55.0,740.9449703633251,,,9.792401356619697,61.78039035305592,19.138450782399403,0.0,0.0,0.2213341346709824,2.9244698378556993,Baseline (no TES/DSM)
2024-02-22 07:00:00,83.0667442111309,77.9,5.25,87.4804748082404,4.413730597109506,48.389741821916616,45.38514800825596,55.0,708.1722397730174,,,10.586458087751856,66.79010482709079,20.690369981149615,0.0,0.0,0.22241538726712506,3.4504802778150303,Baseline (no TES/DSM)
2024-02-22 08:00:00,94.04518841387376,76.0,4.5,99.04225588720831,4.997067473334553,47.11961038503403,44.114409433975254,55.0,819.2533989410857,,,11.985608139012514,75.61736110278947,23.42489478441884,0.0,0.0,0.22432058442244895,4.482773936106797,Baseline (no TES/DSM)
2024-02-22 09:00:00,73.27802182675572,78.3,4.35,77.17163111774163,3.893609290985907,49.52223052411405,46.51817805304527,55.0,640.6212290867298,,,9.338932375278581,58.91944852071178,18.252182597029844,0.0,0.0,0.22071665421382894,2.6435163221052727,Baseline (no TES/DSM)
2024-02-22 10:00:00,75.03685334481402,75.1,3.7,79.0239177069014,3.9870643620873807,49.31874566214174,46.3145959229745,55.0,732.2431021558616,,,9.563087015335446,60.333643125061855,18.690274581839546,0.0,0.0,0.2210218815067874,2.7806283478390426,Baseline (no TES/DSM)
2024-02-22 11:00:00,60.06989322269787,76.5,4.3,63.261691916628074,3.1917986939302025,51.05032130388142,48.04699927773605,55.0,593.8260907082376,,,7.655619742619048,48.29940674090516,14.962285175722911,0.0,0.0,0.21842451804417787,1.724195707929178,Baseline (no TES/DSM)
2024-02-22 12:00:00,72.64751136488837,74.7,5.0,76.5076186407927,3.8601072759043262,49.595176302597025,46.59115870044722,55.0,728.0283385761762,,,9.25857684140233,58.41248438912551,18.09513425166719,0.0,0.0,0.22060723554610445,2.5952048917726676,Baseline (no TES/DSM)
2024-02-22 13:00:00,62.7866181307607,75.9,5.65,66.12276932056061,3.3361511897999065,50.736014681980436,47.732542413663985,55.0,627.7292808201622,,,8.001853300323658,50.48379885978601,15.638970460774594,0.0,0.0,0.21889597797702934,1.8973786491333144,Baseline (no TES/DSM)
2024-02-22 14:00:00,85.15943226944282,72.9,6.1,89.68435732109478,4.524925051651962,48.14763202554067,45.1429224806198,55.0,865.5670660267544,,,10.853161142391249,68.4727379447413,21.211619376353482,0.0,0.0,0.222778551961689,3.636875235033442,Baseline (no TES/DSM)
2024-02-22 15:00:00,67.62604933888561,77.9,6.4,71.21934249083604,3.5932931519504336,50.17612535699444,47.17238545515744,55.0,613.6840126140661,,,8.618615593584545,54.37496036808603,16.844382122750012,0.0,0.0,0.21973581196450834,2.226287479621287,Baseline (no TES/DSM)
2024-02-22 16:00:00,86.70703506200618,72.0,6.0,91.31419159946614,4.607156537459957,47.968584892600745,44.96378976109625,55.0,907.7363132117571,,,11.050395694624548,69.71709335709846,21.59709824236768,0.0,0.0,0.22304712266109888,3.7778640611355794,Baseline (no TES/DSM)
2024-02-22 17:00:00,78.76884812467839,76.9,5.95,82.95421109235781,4.185362967679424,48.88697921102627,45.88262308254206,55.0,707.4231535164536,,,10.038711848064217,63.33436651838217,19.61984457397564,0.0,0.0,0.22166953118346058,3.0829981933206967,Baseline (no TES/DSM)
2024-02-22 18:00:00,96.95599967707211,77.3,5.35,102.10773237602497,5.151732698952856,46.7828492899331,43.77748736320744,55.0,799.3103286649413,,,12.356577071668436,77.95780903110548,24.149923344919486,0.0,0.0,0.22482572606510035,4.779040103384516,Baseline (no TES/DSM)
2024-02-22 19:00:00,89.77337983387307,76.2,5.4,94.54346583088271,4.7700859970096445,47.61382962681404,44.60886491822264,55.0,790.0895489213079,,,11.441186626883278,72.1825985444505,22.36086728643221,0.0,0.0,0.22357925555977895,4.065109007504985,Baseline (no TES/DSM)
2024-02-22 20:00:00,98.78120758417346,76.3,5.0,104.02992224699356,5.248714662820106,46.57168513052727,43.566222264910884,55.0,835.966275847531,,,12.589191064108649,79.42537380211277,24.60454844488079,0.0,0.0,0.22514247230420908,4.969636839804014,Baseline (no TES/DSM)
2024-02-22 21:00:00,118.01773227728876,79.3,5.1,124.28857484973605,6.270842572447293,44.34614986360943,41.33962316660351,55.0,849.4483250634357,,,15.040793860771295,94.89256844135964,29.396006408376408,0.0,0.0,0.22848077520458585,7.2045380406849,Baseline (no TES/DSM)
2024-02-22 22:00:00,114.6136639684044,80.3,5.15,120.70363222595876,6.089968257554361,44.73997744906362,41.733639006161646,55.0,810.8846650969648,,,14.606961683742021,92.15551546849858,28.54811675746018,0.0,0.0,0.22789003382640458,6.7789721870217505,Baseline (no TES/DSM)
2024-02-22 23:00:00,98.14058498607898,75.2,5.5,103.35526032799802,5.2146753419190475,46.64580081449767,43.6403733770285,55.0,864.6958537082099,,,12.507546786977041,78.91027897219406,24.44498135580396,0.0,0.0,0.2250312987782535,4.90231647756992,Baseline (no TES/DSM)
2024-02-23 00:00:00,69.77138919047286,75.3,5.9,73.47867443678163,3.7072852463087713,49.9279241057081,46.924065560825554,55.0,691.8406678475629,,,8.892028866712078,58.63885347580808,14.839820960973555,0.0,0.0,0.22010811384143786,2.4881905328110623,Baseline (no TES/DSM)
2024-02-23 01:00:00,59.23258209913104,73.7,6.15,62.37989047674415,3.1473083776131148,51.14719251448774,48.14391679389237,55.0,660.7615620656181,,,7.5489084564090305,49.78159017620638,12.598300300537773,0.0,0.0,0.21827921122826838,1.7481723817440251,Baseline (no TES/DSM)
2024-02-23 02:00:00,61.53499821497244,72.2,6.5,64.80464489480592,3.2696466798334782,50.88081860617161,47.877415555792155,55.0,726.1667951510145,,,7.842340345938327,51.71663895226825,13.08800594253767,0.0,0.0,0.2186787720907426,1.8987809689683632,Baseline (no TES/DSM)
2024-02-23 03:00:00,69.46802764621756,75.6,6.05,73.15919385304085,3.691166206823283,49.96302097617392,46.9591792079981,55.0,681.7149830897986,,,8.85336689308841,58.38389548586148,14.775298367179367,0.0,0.0,0.22005546853573912,2.4650774871795673,Baseline (no TES/DSM)
2024-02-23 04:00:00,68.45924117923191,75.7,5.7,72.0968057704198,3.637564591187896,50.079730719481645,47.07594473990205,55.0,672.2535584831364,,,8.724801896907852,57.5360682817268,14.560737488693007,0.0,0.0,0.21988040392077754,2.388990515111042,Baseline (no TES/DSM)
2024-02-23 05:00:00,70.77763549685541,73.1,5.25,74.53838738800358,3.7607518911481748,49.8115082417313,46.80759404873022,55.0,764.6089999525967,,,9.020270131608623,59.484545820552036,15.053841567451549,0.0,0.0,0.22028273763740305,2.5656250042523694,Baseline (no TES/DSM)
2024-02-23 06:00:00,72.31791300965453,77.0,5.0,76.16050715970965,3.8425941500551204,49.63330859391228,46.629309219435186,55.0,664.826478995879,,,9.216571112074522,60.779060784824026,15.381446374885627,0.0,0.0,0.22055003710913157,2.6864435085218767,Baseline (no TES/DSM)
2024-02-23 07:00:00,81.7220258575811,76.5,5.15,86.06430518260903,4.342279325027931,48.5453166031019,45.540797155971454,55.0,735.4772862560449,,,10.415080184056695,68.68267861095191,17.381626571657122,0.0,0.0,0.22218202509534715,3.484141815039019,Baseline (no TES/DSM)
2024-02-23 08:00:00,71.68179949050928,75.2,4.95,75.49059390844117,3.8087944179318924,49.70690260807055,46.70293841237651,55.0,707.4097039519892,,,9.135501495425443,60.24444383257576,15.246150075865408,0.0,0.0,0.22043964608789418,2.6362115771615913,Baseline (no TES/DSM)
2024-02-23 09:00:00,72.66733842352181,74.9,5.15,76.5284992052084,3.8611607816865927,49.59288244656368,46.588863747924364,55.0,722.4059096545612,,,9.26110370491696,61.07273281690225,15.455766388306152,0.0,0.0,0.2206106763301545,2.714237467706419,Baseline (no TES/DSM)
2024-02-23 10:00:00,90.49660403507748,76.6,5.25,95.30511836842975,4.808514333352264,47.53015749833206,44.525152793503345,55.0,783.2029638391956,,,11.533358082100527,76.05720863009184,19.24790973833791,0.0,0.0,0.22370476375250192,4.3214987210608165,Baseline (no TES/DSM)
2024-02-23 11:00:00,98.55608957420748,78.3,5.5,103.79284264809105,5.236753073883577,46.59772975544733,43.59227933946045,55.0,782.1279727329312,,,12.560500853604601,82.8307442741831,20.96209837390795,0.0,0.0,0.225103405366829,5.169766718984916,Baseline (no TES/DSM)
2024-02-23 12:00:00,101.18090333035374,76.0,5.65,106.55712522412716,5.376221893773419,46.29405662963135,43.28846105440651,55.0,856.9192962689797,,,12.895020775885046,85.0367497878151,21.520375436312065,0.0,0.0,0.22555891505555298,5.46239176577134,Baseline (no TES/DSM)
2024-02-23 13:00:00,78.97310164170433,77.0,5.45,83.16931756872651,4.19621592702218,48.863348466243366,45.85898104199205,55.0,706.1411198955683,,,10.064742979027702,66.37236536964826,16.796952199078248,0.0,0.0,0.22170497730063496,3.240292850904025,Baseline (no TES/DSM)
2024-02-23 14:00:00,70.94640075488576,73.4,6.0,74.71611994564547,3.769719190759716,49.79198324750449,46.78805972133217,55.0,756.0588161979475,,,9.04177845419637,59.626383346682296,15.089736598963178,0.0,0.0,0.22031202512874326,2.5787278203216313,Baseline (no TES/DSM)
2024-02-23 15:00:00,67.44292290866275,74.0,6.1,71.02648568372305,3.583562775060301,50.19731184131359,47.19358206685915,55.0,712.8449804801357,,,8.595277008489816,56.68191102838625,14.3445746553368,0.0,0.0,0.21970403223802962,2.3135361897871176,Baseline (no TES/DSM)
2024-02-23 16:00:00,63.010257320397834,75.4,6.35,66.35829152238739,3.348034201989556,50.71014114652938,47.70665651036615,55.0,642.0625878257187,,,8.03035504227053,52.956509671851194,13.401781850536196,0.0,0.0,0.21893478828020593,1.9985338272503739,Baseline (no TES/DSM)
2024-02-23 17:00:00,70.2945455627416,72.6,5.95,74.02962859153575,3.7350830287941506,49.86739846632307,46.86351098949053,55.0,777.9598913687911,,,8.958702636834643,59.07853642055568,14.951092170980075,0.0,0.0,0.2201989023005154,2.5283019568838636,Baseline (no TES/DSM)
2024-02-23 18:00:00,73.04451732841041,76.2,5.25,76.92571941650547,3.8812020880950655,49.54924540878484,46.54520585114086,55.0,689.5453471424503,,,9.309173347059646,61.38973006741632,15.53598934908915,0.0,0.0,0.22067613188682275,2.744398878919568,Baseline (no TES/DSM)
2024-02-23 19:00:00,87.17943096680628,77.5,4.7,91.81168814205773,4.632257175251453,47.91393189457474,44.909110638310196,55.0,741.3298647698971,,,11.110600286660565,73.26931479909419,18.542373342963543,0.0,0.0,0.2231291021581379,3.994379905814477,Baseline (no TES/DSM)
2024-02-23 20:00:00,91.66609266094785,76.5,4.75,96.53674747879836,4.870654817850507,47.39485560661015,44.38978622592497,55.0,792.362074305911,,,11.682403797560504,77.0400967876835,19.496650691114866,0.0,0.0,0.22390771659008477,4.4398875223585765,Baseline (no TES/DSM)
2024-02-23 21:00:00,89.0783994816223,78.5,3.75,93.81155787211208,4.733158390489777,47.69423413378314,44.68930785946851,55.0,727.4867935789595,,,11.352614714732573,74.86528899120154,18.946268880910537,0.0,0.0,0.22345864879932528,4.1800731051527045,Baseline (no TES/DSM)
2024-02-23 22:00:00,89.59081321409575,77.4,4.2,94.3511985796027,4.760385365506949,47.63495134486645,44.62999673269861,55.0,757.2540430327191,,,11.417919386944483,75.29594336294512,19.05525521665757,0.0,0.0,0.22354757298270034,4.230901038768967,Baseline (no TES/DSM)
2024-02-23 23:00:00,80.09664630399,78.6,2.45,84.35256149454113,4.255915190551136,48.73336197909119,45.72893241980778,55.0,674.7031111274559,,,10.207933356716913,67.3166402592515,17.035921235289635,0.0,0.0,0.22189995703136323,3.3388937868418136,Baseline (no TES/DSM)
2024-02-24 00:00:00,80.2520505524943,77.8,2.35,84.5162231087705,4.264172556276208,48.71538276292857,45.71094460937357,55.0,694.1886428363401,,,10.227738882731844,58.062682846615736,20.78830557007165,0.0,5.665234692083118,0.22192692585560714,2.8861626188501064,Baseline (no TES/DSM)
2024-02-24 01:00:00,92.275821372761,78.0,3.6,97.17887397262186,4.903052599860857,47.32431413547435,44.319211035156705,55.0,756.7951789606321,,,11.760110797080094,66.76192961914371,23.902915355060458,0.0,6.514028998417686,0.22401352879678849,3.8758047522264296,Baseline (no TES/DSM)
2024-02-24 02:00:00,103.43227316820041,79.4,4.35,108.92812103302983,5.495847864829415,46.03358842901109,43.02786834699819,55.0,779.8862901508609,,,13.181947062147257,74.83366757266103,26.79285682577297,0.0,7.301596634595828,0.22594961735648336,4.923940787810205,Baseline (no TES/DSM)
2024-02-24 03:00:00,98.04029779846347,77.1,5.65,103.24964440584881,5.209346607385342,46.65740336102928,43.651981469710464,55.0,810.2287457126489,,,12.494765665981953,70.93255160547442,25.396131996429542,0.0,6.920960803944855,0.22501389495845608,4.40176061897038,Baseline (no TES/DSM)
2024-02-24 04:00:00,84.56035501931598,75.7,4.95,89.05344825169986,4.493093232383885,48.21694119489612,45.21226478055334,55.0,774.0810742538266,,,10.776811620569694,61.17975853678888,21.90431879501236,0.0,5.969370919898619,0.22267458820765582,3.224072501464036,Baseline (no TES/DSM)
2024-02-24 05:00:00,75.50567998529647,77.0,3.95,79.51765533321195,4.011975347915481,49.26450560375751,46.26032993722011,55.0,684.9019933064831,,,9.62283672175554,54.62866456274082,19.558816715638436,0.0,5.330174054832689,0.22110324159436373,2.5354783715957527,Baseline (no TES/DSM)
2024-02-24 06:00:00,77.04072885612663,76.7,4.1,81.13426864037082,4.093539784244186,49.08691087430529,46.08265031544979,55.0,701.9240243953733,,,9.818471336883706,55.73927862340918,19.95645222491352,0.0,5.438537792048123,0.22136963368854207,2.6464192772938007,Baseline (no TES/DSM)
2024-02-24 07:00:00,83.77011715177969,76.9,3.95,88.22122129348644,4.45110414170675,48.30836634946603,45.30373363739598,55.0,737.1143586567773,,,10.676099595035582,60.608018246537604,21.699617405449242,0.0,5.913585641499591,0.22253745047580095,3.1606961453027,Baseline (no TES/DSM)
2024-02-24 08:00:00,98.7484807666484,78.7,3.5,103.99545649823641,5.246975731588009,46.57547140105887,43.57001034532324,55.0,773.3540747914749,,,12.585020188201991,71.44492484448841,25.579578074639333,0.0,6.970953579108663,0.2251367928984117,4.468677973743414,Baseline (no TES/DSM)
2024-02-24 09:00:00,123.53495370710796,80.4,3.25,130.09895245495466,6.563998747846696,43.70784481301722,40.701012998874305,55.0,847.0349961022592,,,15.743937266502613,89.37803817081695,32.00020869956697,0.0,8.720705584570737,0.22943823278047418,7.128160522047416,Baseline (no TES/DSM)
2024-02-24 10:00:00,113.5199987346566,82.4,3.35,119.55185536461515,6.031856629958554,44.86650708925268,41.860229128970296,55.0,760.9184493725857,,,14.467579295891655,82.13217778114112,29.405957925854413,0.0,8.013719657619614,0.227700239366121,5.979301181110287,Baseline (no TES/DSM)
2024-02-24 11:00:00,107.01925835115217,76.6,3.65,112.70569977305098,5.686441421898806,45.618598603461784,42.612680151551395,55.0,869.0516676778107,,,13.639091117344467,77.42886584634259,27.72202117167021,0.0,7.554812755038181,0.22657210209480733,5.2874940112556015,Baseline (no TES/DSM)
2024-02-24 12:00:00,88.48000223618627,78.0,4.5,93.18136493928641,4.701362703100145,47.76346463121395,44.75857144987132,55.0,736.2033976444541,,,11.276351856246947,64.0156391361873,22.919655144802963,0.0,6.246070658296144,0.22335480305317906,3.5476962902210314,Baseline (no TES/DSM)
2024-02-24 13:00:00,89.04076044899534,77.3,4.9,93.7719188989369,4.73115844994156,47.69858871424195,44.69366452146673,55.0,756.7652164294557,,,11.347817800574525,64.42134996899239,23.06491265534068,0.0,6.285656274603834,0.2234521169286371,3.5952568298721284,Baseline (no TES/DSM)
2024-02-24 14:00:00,70.12800345060607,75.3,5.25,73.8542373060876,3.7262338554815386,49.8866662576678,46.88278799106056,55.0,694.2478662462466,,,8.937477643527005,50.73789386048728,18.165795823455475,0.0,4.950547622144839,0.2201700006134983,2.1654934344760446,Baseline (no TES/DSM)
2024-02-24 15:00:00,64.76773324867186,72.5,6.45,68.20915049284001,3.44141724416815,50.50681311708897,47.50323128779503,55.0,740.8925914662249,,,8.254336918911998,46.85971671031606,16.777283827452724,0.0,4.572149955071229,0.21923978032436656,1.8256133872821068,Baseline (no TES/DSM)
2024-02-24 16:00:00,83.89703154874329,75.0,6.25,88.35487925506679,4.45784770632352,48.29368321564492,45.28904348486846,55.0,790.346105320519,,,10.692274226134309,60.699841325559696,21.732493017314074,0.0,5.922544912193022,0.22255947517653263,3.1708322840424636,Baseline (no TES/DSM)
2024-02-24 17:00:00,97.65775802544219,78.3,6.15,102.84677847803694,5.189020452594747,46.70166061484406,43.696259879000294,55.0,777.5480011255835,,,12.446012806911257,70.6557825339774,25.297039778355085,0.0,6.893956165704452,0.22494750907773392,4.365823368352036,Baseline (no TES/DSM)
2024-02-24 18:00:00,92.34956176027863,76.3,5.3,97.25653253711542,4.906970776836786,47.31578287342807,44.310675695069285,55.0,801.6005071464003,,,11.769508655744763,66.81528108747317,23.92201689449801,0.0,6.519234555144241,0.2240263256898579,3.882322136544151,Baseline (no TES/DSM)
2024-02-24 19:00:00,78.34805070956041,75.5,4.55,82.51105471224214,4.163004002681731,48.93566261421438,45.9313297569554,55.0,742.0171227407642,,,9.98508323602595,56.68513126682204,20.295097854283927,0.0,5.530825591136175,0.22159650607867842,2.74276813975919,Baseline (no TES/DSM)
2024-02-24 20:00:00,71.50981528596925,77.7,3.7,75.30947136637495,3.799656080405697,49.72680001254786,46.72284532804143,55.0,643.144003665097,,,9.11358293354596,51.73764030681529,18.523737165466184,0.0,5.04809389409348,0.2204097999811782,2.2577892289819927,Baseline (no TES/DSM)
2024-02-24 21:00:00,82.68398897005989,76.9,3.05,87.07738196353793,4.393392993478045,48.43402400392146,45.42945135765182,55.0,730.7689067601012,,,10.537677768311783,59.822200118379996,21.41826927322813,0.0,5.836912571929805,0.22234896399411783,3.0746131814799,Baseline (no TES/DSM)
2024-02-24 22:00:00,92.76328801678899,79.2,2.8,97.6922420343863,4.928954017597306,47.26791755526885,44.262787496738866,55.0,730.859019373455,,,11.82223608253805,67.11461370578881,24.02918758712814,0.0,6.548440741469346,0.22409812366709672,3.918989722986119,Baseline (no TES/DSM)
2024-02-24 23:00:00,98.744828973684,80.7,2.55,103.99161066816977,5.246781694485776,46.575893888704606,43.570433034922914,55.0,728.0107580090887,,,12.584554784705928,71.44228275752302,25.57863212263562,0.0,6.970695788011131,0.2251361591669431,4.468331617785536,Baseline (no TES/DSM)
2024-02-25 00:00:00,72.59901537967384,78.8,2.2,76.45654583358021,3.8575304539063637,49.60078695873793,46.59677203854611,55.0,625.5244687288358,,,9.252396260716594,52.00202068140088,22.129906155967365,0.0,2.3246189962119637,0.22059881956189312,2.308644177586808,Baseline (no TES/DSM)
2024-02-25 01:00:00,71.75009253511146,74.7,1.95,75.56251568682109,3.8124231517096234,49.69900156660532,46.69503359412282,55.0,722.0210037436776,,,9.144205116365827,51.393944895676015,21.871134287153804,0.0,2.2974365039912676,0.22045149765009203,2.2513626670158193,Baseline (no TES/DSM)
2024-02-25 02:00:00,71.65358675778356,81.4,1.5,75.46088209924575,3.8072953414621935,49.710166629647155,46.706203994192876,55.0,568.8564647284605,,,9.131905917972897,51.324818676784034,21.84171703149813,0.0,2.294346390963586,0.22043475005552926,2.2448962555039746,Baseline (no TES/DSM)
2024-02-25 03:00:00,93.28835756608572,78.2,2.9,98.24521102234952,4.956853456263801,47.20717057429454,44.20201147801074,55.0,757.2703271015516,,,11.889153677895544,66.82161010194277,28.436509608087757,0.0,2.9870913123189986,0.2241892441385582,3.9262357780759354,Baseline (no TES/DSM)
2024-02-25 04:00:00,85.89829585675308,79.0,1.95,90.46248023960158,4.564184382848495,48.06215052629726,45.05740012023909,55.0,698.5204814597262,,,10.947325762347281,61.52817547564974,26.183843077294455,0.0,2.750461686657381,0.2229067742105541,3.2995774247575556,Baseline (no TES/DSM)
2024-02-25 05:00:00,99.0396475743564,80.4,0.9,104.30209438116535,5.262446806808953,46.541785378794046,43.53630822075331,55.0,735.9185523683543,,,12.622128001149507,70.9412073222456,30.189639557483982,0.0,3.1712475014357615,0.22518732193180893,4.451510229981072,Baseline (no TES/DSM)
2024-02-25 06:00:00,105.3685040081774,82.6,0.8,110.96723301253662,5.598729004359228,45.80957967025619,42.80375250948671,55.0,720.5444598287406,,,13.428710394817784,75.47451016994951,32.11882548683284,0.0,3.3738973557542735,0.22628563049461572,5.067548957899553,Baseline (no TES/DSM)
2024-02-25 07:00:00,120.48849077814012,81.4,0.65,126.89061648316763,6.402125705027515,44.060299884603104,41.05363654802787,55.0,811.8194602682242,,,15.355680179750372,86.30482047928534,36.72775697920713,0.0,3.858039024675165,0.22890955017309533,6.7005509730907,Baseline (no TES/DSM)
2024-02-25 08:00:00,126.05007220384257,83.6,0.7,132.74771114151272,6.697638937670149,43.416862683747084,40.40989177680815,55.0,789.1943659477105,,,16.06447705416703,90.28853115095434,38.42305924172271,0.0,4.036120748835671,0.22987470597437937,7.35840910023715,Baseline (no TES/DSM)
2024-02-25 09:00:00,126.44682289672627,83.9,0.5,133.16554308284594,6.718720186119668,43.37096132301414,40.36396847469818,55.0,784.9217038408091,,,16.115041026806,90.57272009799172,38.54399828690004,0.0,4.048824697954181,0.22994355801547878,7.40651463177206,Baseline (no TES/DSM)
2024-02-25 10:00:00,110.29526110693755,81.2,0.95,116.15577211272024,5.860511005782698,45.239587332775784,42.23348770912988,55.0,771.6438605127429,,,14.056601953947519,79.00350189527934,33.62061819956615,0.0,3.531652017874748,0.22714061900083632,5.574682706665893,Baseline (no TES/DSM)
2024-02-25 11:00:00,95.92425351494617,79.2,2.1,101.02116464062709,5.0969111256809185,46.90221531404349,43.89691044564676,55.0,747.2061057900108,,,12.225085972477357,68.70967862366872,29.23999336995579,0.0,3.0714926470025787,0.22464667702893476,4.162893243498454,Baseline (no TES/DSM)
2024-02-25 12:00:00,88.31349635613047,78.7,3.35,93.00601181110049,4.692515454970021,47.78272823075311,44.777844257632054,55.0,718.6387549949729,,,11.255131480544076,63.25816183512754,26.920053618436754,0.0,2.827796357536201,0.22332590765387034,3.4984060155442336,Baseline (no TES/DSM)
2024-02-25 13:00:00,69.97446989296516,76.7,4.45,73.69254578141096,3.718075888445796,49.90442904760185,46.900559271811986,55.0,656.9938747800247,,,8.917910528089118,50.12208239345942,21.32988228485587,0.0,2.240581103095664,0.22014335642859723,2.133868751428424,Baseline (no TES/DSM)
2024-02-25 14:00:00,78.44823251615776,72.8,5.3,82.61655965397911,4.1683271378213504,48.92407225955091,45.91973386196943,55.0,826.6232687339865,,,9.99785092671576,56.1917622214301,23.91288662256617,0.0,2.5119108099828367,0.22161389161067363,2.722803667852599,Baseline (no TES/DSM)
2024-02-25 15:00:00,82.77232834741082,77.7,6.35,87.17041523152402,4.398086884113198,48.423803737896876,45.41922620622283,55.0,711.3039833809147,,,10.548936198200968,59.28907311014141,25.230973850810212,0.0,2.6503682705723968,0.2223642943931547,3.0508483631445213,Baseline (no TES/DSM)
2024-02-25 16:00:00,95.05695533217971,76.4,5.8,100.10778278668215,5.050827454502439,47.00255582374955,43.9972989192676,55.0,813.502785371471,,,12.11455297941694,68.08844074872931,28.9756202611266,0.0,3.0437217768262386,0.22449616626437569,4.084262312600145,Baseline (no TES/DSM)
2024-02-25 17:00:00,68.92869707790351,75.7,4.8,72.59120609039552,3.662509012492009,50.025417860198374,47.02160591844895,55.0,675.4316449675888,,,8.784631799265686,49.373004747261625,21.011105864311517,0.0,2.2070954788223744,0.21996187320970245,2.066136462591551,Baseline (no TES/DSM)
2024-02-25 18:00:00,69.7819127900955,75.1,3.35,73.48975720522793,3.7078444151324277,49.92670659670017,46.92284746983435,55.0,697.40900524133,,,8.893370049003444,49.984155475395724,21.271186301254925,0.0,2.2344154285772824,0.22010994010494975,2.121315583161777,Baseline (no TES/DSM)
2024-02-25 19:00:00,76.01903994309514,79.7,2.2,80.058292543473,4.039252600377864,49.20511334299674,46.20090928627733,55.0,627.1624902211917,,,9.688261985846225,54.45175346562445,23.17241096465942,0.0,2.434128113189132,0.2211923299855049,2.5466714792377623,Baseline (no TES/DSM)
2024-02-25 20:00:00,97.71748369262738,79.5,1.8,102.90967765355194,5.1921939609245555,46.69475076076276,43.68934672192947,55.0,749.3999368710382,,,12.453624556696605,69.99415324496505,29.786612567758926,0.0,3.128911840827964,0.22495787385885585,4.327843166872386,Baseline (no TES/DSM)
2024-02-25 21:00:00,84.45623411837647,81.4,1.1,88.94379491283185,4.487560794455376,48.22898727602361,45.224316619845794,55.0,640.5568803431231,,,10.763541911201369,60.4952396437967,25.744268369917368,0.0,2.704286899117779,0.2226565190859646,3.183627099934451,Baseline (no TES/DSM)
2024-02-25 22:00:00,89.63845470308159,78.3,0.7,94.40137148714389,4.762916784062298,47.62943954813612,44.624482301266205,55.0,735.2878130111352,,,11.42399106618479,64.20721756267169,27.32393242760863,0.0,2.870221496863575,0.22355584067779583,3.6099456817019475,Baseline (no TES/DSM)
2024-02-25 23:00:00,89.79220430169947,81.9,0.2,94.56329053208061,4.771086230381144,47.61165176372821,44.606686014093285,55.0,658.8351895325318,,,11.443585715008872,64.31734701505161,27.37079896114407,0.0,2.8751445558849333,0.22358252235440768,3.623001908462642,Baseline (no TES/DSM)
2024-02-26 00:00:00,108.41672454678606,82.4,-0.1,114.17741998411154,5.760695437325481,45.45692125517123,42.45092551963354,55.0,738.3255805909804,,,13.817191480487699,64.00064825221604,41.06472084513876,0.09690174907717153,9.01514913767957,0.22681461811724316,4.432587134972505,Baseline (no TES/DSM)
2024-02-26 01:00:00,110.58923378359306,82.5,0.1,116.4653649537387,5.876131170145641,45.20557669052909,42.19946080940602,55.0,746.0254992244232,,,14.094067361432952,65.28312565660924,41.887596519679775,0.09884351540347353,9.195799262046208,0.22719163496420636,4.619860913756582,Baseline (no TES/DSM)
2024-02-26 02:00:00,109.2221687352032,82.4,0.15,115.02566124724783,5.8034925120446275,45.36373683254535,42.35769655378461,55.0,741.9392610761721,,,13.919841478675044,64.47611871496214,41.369796846022886,0.09762164677716138,9.082124039485636,0.22695439475118198,4.5015665123000845,Baseline (no TES/DSM)
2024-02-26 03:00:00,118.55542691855703,80.4,1.95,124.85483976076276,6.299412842205726,44.28394224523419,41.27738581227302,55.0,825.8588341474479,,,15.109320463539392,69.98573521128206,44.90493077925324,0.10596361658243365,9.85821015364502,0.2285740866321487,5.339655905738457,Baseline (no TES/DSM)
2024-02-26 04:00:00,110.56411665637889,82.6,2.2,116.43891323427644,5.8747965778975555,45.20848257157105,42.20236807949245,55.0,743.9193054653215,,,14.090866304053577,65.2682984938199,41.878082970715866,0.09882106597448531,9.193710703766191,0.22718727614264342,4.617673675282683,Baseline (no TES/DSM)
2024-02-26 05:00:00,100.98232358411994,79.0,2.3,106.34799399293702,5.365670408817081,46.317030957665615,43.31144636443314,55.0,777.3356322822408,,,12.869712739792563,59.611966681484745,38.24881212386974,0.09025695825144914,8.396958229331085,0.2255244535635016,3.8209967676658216,Baseline (no TES/DSM)
2024-02-26 06:00:00,73.30463631908981,78.1,2.45,77.1996597644435,3.8950234453536865,49.5191514080967,46.51509746517514,55.0,645.2693592837096,,,9.342324264659798,43.273252018327696,27.76540648761999,0.06551892712567961,6.095482331370129,0.22072127288785495,1.9423238785703008,Baseline (no TES/DSM)
2024-02-26 07:00:00,73.96931856314112,77.2,2.05,77.89965973264282,3.930341169501702,49.4422521864842,46.4381614848525,55.0,670.4279488515068,,,9.427034828257145,43.66562777657764,28.01716645285402,0.06611301325305854,6.150752489958101,0.2208366217202737,1.9800828171253473,Baseline (no TES/DSM)
2024-02-26 08:00:00,71.76325879318959,79.3,2.05,75.57638153071643,3.8131227375268395,49.69747831996104,46.69350961934917,55.0,609.8993393692689,,,9.145883092800808,42.36334479440635,27.181582930113894,0.0641412598066165,5.96731254638957,0.22045378252005843,1.856155462800707,Baseline (no TES/DSM)
2024-02-26 09:00:00,96.25048930911409,78.3,1.65,101.36473489180625,5.114245582692163,46.86447204820756,43.85914913809676,55.0,770.312430746766,,,12.266663159527145,56.81866645692628,36.45654755951535,0.08602769362914903,8.003493181735472,0.22470329192768868,3.455323092346487,Baseline (no TES/DSM)
2024-02-26 10:00:00,99.58185918914528,82.5,1.55,104.87311627396652,5.29125708482124,46.479055177258374,43.473548033461654,55.0,695.5203622308212,,,12.69123027052538,58.78524341063139,37.71836186655383,0.0890052376339831,8.280505759147317,0.22528141723411244,3.710857813888132,Baseline (no TES/DSM)
2024-02-26 11:00:00,117.02408536708785,79.9,2.15,123.2421307604482,6.218045393360356,44.4611080630137,41.45463631734592,55.0,830.7681532995272,,,14.914158328480175,69.08175243187894,44.32490852168623,0.1045949193137029,9.73087488756933,0.22830833790547944,5.197251771365824,Baseline (no TES/DSM)
2024-02-26 12:00:00,117.86550138985046,80.9,2.75,124.12825521231616,6.262753822465697,44.36376194344781,41.3572436652181,55.0,811.61039079563,,,15.021392764401966,69.57845781688047,44.643609480729396,0.10534696826784816,9.800840946438445,0.22845435708482828,5.275259739491256,Baseline (no TES/DSM)
2024-02-26 13:00:00,108.98207437888856,81.5,2.95,114.77280953759369,5.790735158705132,45.39151411902983,42.3854871181307,55.0,759.329917148475,,,13.889242604668729,64.33438602095138,41.27885693098882,0.09740705292028452,9.062159532733196,0.22691272882145525,4.480948870710594,Baseline (no TES/DSM)
2024-02-26 14:00:00,97.37356847716326,77.4,3.05,102.547488589465,5.173920112301744,46.73453941557726,43.72915439617744,55.0,798.8703687334512,,,12.40979421220884,57.481643456961834,36.88193333570184,0.08703149019458704,8.096880306606746,0.22489819087663412,3.5404532714116987,Baseline (no TES/DSM)
2024-02-26 15:00:00,97.20802643482789,78.4,2.95,102.37315051227475,5.165124077446862,46.75369150563783,43.74831564115678,55.0,772.7940817018334,,,12.38869667300001,57.38392054505181,36.819231406778485,0.08688353042624723,8.083115030018208,0.22486946274154326,3.5278401151234084,Baseline (no TES/DSM)
2024-02-26 16:00:00,108.93548243363944,81.8,2.55,114.72374194103215,5.788259507392709,45.39690449067753,42.39088006643789,55.0,752.8626721172596,,,13.883304684743122,64.30688182626426,41.26120942103789,0.09736540952064834,9.058285284209347,0.2269046432639837,4.476953350421146,Baseline (no TES/DSM)
2024-02-26 17:00:00,119.32457249348367,80.6,2.0,125.66485369269459,6.340281199210921,44.194957325676164,41.18835835690258,55.0,824.618476570841,,,15.207344377557789,70.4397778472444,45.1962580486913,0.10665107095644205,9.922166725802452,0.22870756401148576,5.4119061678231315,Baseline (no TES/DSM)
2024-02-26 18:00:00,119.92354191409841,81.4,1.8,126.29564920308341,6.372107288985006,44.12566063146296,41.11902853807456,55.0,809.4298397682583,,,15.28368015702528,70.79336195857823,45.42312813866258,0.1071864236406699,9.971972682201937,0.22881150905280556,5.468506601366499,Baseline (no TES/DSM)
2024-02-26 19:00:00,129.79226698601062,83.0,1.3,136.68874650383424,6.896479517823622,42.98391616163586,39.97673830129248,55.0,816.0165229474588,,,16.541401828261126,76.61907570030554,49.161079472920164,0.1160069882226348,10.792584342385895,0.23052412575754622,6.443396331800706,Baseline (no TES/DSM)
2024-02-26 20:00:00,132.48136428261316,83.8,0.55,139.52072831010832,7.039364027495168,42.67280586675478,39.6654792921213,55.0,810.420521076587,,,16.88411437941171,78.20650578468864,50.17962186360774,0.11841047562339121,11.016190186188547,0.23099079119986785,6.722878745159998,Baseline (no TES/DSM)
2024-02-26 21:00:00,139.32272506574853,83.1,0.4,146.72560308071436,7.402878014965836,41.88130688554713,38.87360196532035,55.0,850.3788719198526,,,17.756012993973606,82.24510339846368,52.77090629813334,0.12452521325935167,11.585068170857989,0.2321780396716793,7.460630870686902,Baseline (no TES/DSM)
2024-02-26 22:00:00,133.9502804431315,85.5,-0.1,141.06769496199777,7.117414518866269,42.50286224276176,39.49545443312637,55.0,783.7702951522425,,,17.07132069784192,79.0736375569713,50.73599941816642,0.11972337772218626,11.138334609137859,0.23124570663585736,6.878048499776044,Baseline (no TES/DSM)
2024-02-26 23:00:00,137.317537102175,83.6,-0.55,144.6138699581626,7.2963328559876,42.113293515196986,39.105699487240585,55.0,832.7253111976448,,,17.500461406680373,81.0613992229989,52.0114064671765,0.12273299695959698,11.418331271027613,0.23183005972720452,7.2404235448813425,Baseline (no TES/DSM)
2024-02-27 00:00:00,123.8657802757282,84.5,-0.5,130.44735741023402,6.581577134505821,43.669570425754266,40.66272031601514,55.0,763.2241651183768,,,15.786099525734913,70.56553522053981,45.276947722462154,3.2835352967134677,11.321339170518584,0.2294956443613686,5.644013385758177,Baseline (no TES/DSM)
2024-02-27 01:00:00,134.64586488711922,82.9,-0.15,141.80023911076808,7.154374223648858,42.422387846481236,39.414941569161186,55.0,836.8793550470879,,,17.15996959858673,76.70687981653856,49.21741720731238,3.569302586470703,12.306639500446432,0.23136641823027815,6.709218860832455,Baseline (no TES/DSM)
2024-02-27 02:00:00,127.57918803780325,86.2,-1.05,134.35807616137777,6.778888123574518,43.239954366367904,40.23289889522372,55.0,747.1362678380514,,,16.259355532206303,72.6810396450841,46.634318327494405,3.3819733433694616,11.660744845429802,0.23014006845044815,6.000566533297084,Baseline (no TES/DSM)
2024-02-27 03:00:00,119.41835570884595,84.1,-1.75,125.76362005565794,6.345264346811987,44.18410724456413,41.17750308932731,55.0,752.6792764612378,,,15.219296598488038,68.0318661618505,43.651270241836954,3.1656393329346,10.914844319035883,0.2287238391331538,5.231334604094655,Baseline (no TES/DSM)
2024-02-27 04:00:00,120.07229360673732,82.6,-1.9,126.45230477956187,6.3800111728245525,44.108451070834775,41.10181075107896,55.0,784.8056800872356,,,15.302637846706745,68.40441035979589,43.89030568770954,3.182974452971831,10.974614279084609,0.22883732339374785,5.291032818744032,Baseline (no TES/DSM)
2024-02-27 05:00:00,120.90578600599555,87.4,-2.4,127.33008458817984,6.424298582184292,44.012021660697044,41.00533524657692,55.0,701.0716233467723,,,15.408862454821625,68.87924559778479,44.19497410948251,3.205069350419814,11.050795530492733,0.22898196750895444,5.367612899109343,Baseline (no TES/DSM)
2024-02-27 06:00:00,129.37990886522564,85.3,-3.0,136.25447783783704,6.874568972611399,43.031623195783006,40.02446813994925,55.0,770.0802572742257,,,16.488848763803247,73.70689867319484,47.29254001377826,3.429708322176415,11.825330828687528,0.23045256520632548,6.177394402424563,Baseline (no TES/DSM)
2024-02-27 07:00:00,136.9733505233516,85.3,-3.15,144.25139511189235,7.278044588540752,42.15311356490927,39.14553857139345,55.0,798.6772914553994,,,17.456596478234157,78.03283335490286,50.06818846344053,3.631001477174419,12.51937181637454,0.2317703296526361,6.951267690171616,Baseline (no TES/DSM)
2024-02-27 08:00:00,153.4017486733888,89.5,-3.2,161.55271207275976,8.150963399370966,40.252459468332205,37.243975940353394,55.0,783.6650578875127,,,19.550317017252997,87.39198570265314,56.073299177208696,4.0664988766501295,14.02092831624779,0.2346213107975017,8.781604936188694,Baseline (no TES/DSM)
2024-02-27 09:00:00,156.2207484276697,88.4,-2.75,164.52149867118476,8.300750243515068,39.92632034129799,36.917680915074904,55.0,810.8069160488732,,,19.909585013507005,88.99795166035825,57.10373473592466,4.141227225141562,14.27858504976028,0.23511051948805303,9.117135101577622,Baseline (no TES/DSM)
2024-02-27 10:00:00,111.47960437052622,84.8,-1.8,117.40304515825267,5.923440787726449,45.10256686035144,42.09640173934778,55.0,706.5090213816441,,,14.207540821728651,63.509210785003994,40.74939993894456,2.955192426830444,10.189242007473666,0.22734614970947284,4.533579534398594,Baseline (no TES/DSM)
2024-02-27 11:00:00,97.7890898098333,78.4,-0.55,102.98508854381662,5.195998733983316,46.686466419297176,43.681058420453624,55.0,775.7655472314043,,,12.462750412847901,55.70981303956233,35.745074202827084,2.5922730822775124,8.937928219149693,0.22497030037105423,3.447390165349213,Baseline (no TES/DSM)
2024-02-27 12:00:00,96.27252128402426,82.7,0.85,101.38793753017144,5.115416246147177,46.86192309833513,43.856598969797055,55.0,675.8376273620377,,,12.269471029044508,54.84583374290656,35.19071937046146,2.5520706448222774,8.799313771981149,0.2247071153524973,3.336187681329075,Baseline (no TES/DSM)
2024-02-27 13:00:00,117.94349951316573,81.4,2.0,124.21039774632982,6.266898233164085,44.3547380902851,41.34821549855006,55.0,800.9880906312364,,,15.031333251070148,67.19165011033222,43.112162614844934,3.126542640003651,10.780042381149014,0.22846789286457234,5.097936082746449,Baseline (no TES/DSM)
2024-02-27 14:00:00,112.55453918471478,79.9,2.95,118.53509636389657,5.980557179181787,44.978204202502404,41.97197963472157,55.0,810.869872288404,,,14.344536107453932,64.12159420778272,41.14232337008697,2.9836876770617624,10.287491108965117,0.2275326936962464,4.625140270655811,Baseline (no TES/DSM)
2024-02-27 15:00:00,103.63292371529158,80.1,2.75,109.13943309656096,5.506509381269382,46.01037452338095,43.00464334485485,55.0,764.8217672144747,,,13.207519011875611,59.03900748180979,37.88118444770021,2.747186205611408,9.472054961439559,0.22598443821492858,3.8928994844183964,Baseline (no TES/DSM)
2024-02-27 16:00:00,97.87317514998544,79.1,2.65,103.07364173740538,5.200466587419939,46.676738316486265,43.67132566749797,55.0,759.4369000349809,,,12.473466686102237,55.75771591490712,35.77581011343789,2.594502085168472,8.945613623891894,0.2249848925252706,3.453608953587628,Baseline (no TES/DSM)
2024-02-27 17:00:00,86.6431394075329,79.5,2.05,91.24690086543545,4.60376145790255,47.97597718589185,44.97118558798836,55.0,691.4762462929754,,,11.042252499962293,49.36003706488146,31.670868941626313,2.2968071232377945,7.919187735689881,0.22303603422116222,2.6725566034722847,Baseline (no TES/DSM)
2024-02-27 18:00:00,84.84058253120853,78.6,1.8,89.34856558207683,4.5079830508683045,48.18452077486564,45.179828863190146,55.0,701.7682200610484,,,10.812525272740116,48.333132051566665,31.01197612010266,2.249023472946573,7.7544339374609335,0.22272321883770155,2.55647832891757,Baseline (no TES/DSM)
2024-02-27 19:00:00,92.69627857562186,79.6,1.6,97.62167206338762,4.92539348776576,47.27567009253392,44.27054373980569,55.0,721.4686881241043,,,11.813696050698159,52.80847136376351,33.88348702759218,2.457268681467154,8.472444990564776,0.2240864948611991,3.0811619847012683,Baseline (no TES/DSM)
2024-02-27 20:00:00,105.16864444722151,81.6,1.45,110.75675396399045,5.588109516768938,45.83270206416227,42.82688595616234,55.0,739.7498107378657,,,13.403239252478096,59.91389766662664,38.442540030663565,2.787896345393046,9.612419921307199,0.2262509469037566,4.014458074443075,Baseline (no TES/DSM)
2024-02-27 21:00:00,116.61272063014084,81.1,1.8,122.80890826148975,6.196187631348906,44.50870016939711,41.50225117330218,55.0,801.7755519467165,,,14.86173186602729,66.43351397352505,42.62571990417254,3.0912652661817104,10.658409117610443,0.22823694974590433,4.97904565106309,Baseline (no TES/DSM)
2024-02-27 22:00:00,99.52408555907788,81.4,2.15,104.81227285657144,5.288187297493565,46.48573919390192,43.480235245141834,55.0,717.1500995592886,,,12.683867298506991,56.69822891502263,36.37927124790585,2.6382657670174865,9.096506926625473,0.22527139120914713,3.5768397963383958,Baseline (no TES/DSM)
2024-02-27 23:00:00,82.53065021115815,77.4,2.3,86.91589558818256,4.385245377024418,48.451764256964324,45.44720009073916,55.0,717.2621023748594,,,10.518135479038776,47.01717852408932,30.16762116860165,2.187789899888535,7.543305995603064,0.22232235361455352,2.411483555977858,Baseline (no TES/DSM)
2024-02-28 00:00:00,72.93630705189194,77.8,1.7,76.81175941411382,3.8754523622218784,49.56176460289483,46.557731029569254,55.0,649.8167993616883,,,9.295382466390059,50.992481657094636,19.02213348331919,0.0,6.797144273699995,0.22065735309565776,2.2757644922882236,Baseline (no TES/DSM)
2024-02-28 01:00:00,77.92482169924115,79.7,1.95,82.06533753472463,4.140515835483484,48.984627336453705,45.980317884893694,55.0,638.2704629658434,,,9.931144728843366,54.48013755760688,20.3231616727209,0.0,7.262038304396853,0.22152305899531943,2.6200716317129036,Baseline (no TES/DSM)
2024-02-28 02:00:00,94.24655681018689,79.0,1.65,99.25432394269959,5.007767132512697,47.09631342912401,44.09110134185303,55.0,743.2062300128329,,,12.011271575180762,65.89126888435081,24.579947305408535,0.0,8.783107752940243,0.224355529856314,3.9153988487275444,Baseline (no TES/DSM)
2024-02-28 03:00:00,86.72258553717693,81.2,1.55,91.33056834523059,4.607982808053663,47.96678580823068,44.96198981674323,55.0,656.5149037652938,,,11.052377528091148,60.63098107111533,22.617660048692507,0.0,8.081927225422753,0.22304982128765397,3.2861558320349746,Baseline (no TES/DSM)
2024-02-28 04:00:00,105.34141910186712,78.3,1.75,110.93870895653008,5.597289854662961,45.81271320997588,42.80688754707434,55.0,815.7750925431789,,,13.42525855343183,73.64809925819985,27.473539811281253,0.0,9.817069887048977,0.22628093018503617,4.943534447649865,Baseline (no TES/DSM)
2024-02-28 05:00:00,94.22642576115024,82.6,1.8,99.2331232354269,5.006697474276663,47.098642454782535,44.09343148081255,55.0,667.7478155583146,,,12.00870596954745,65.87719452015233,24.57469703270605,0.0,8.78123168256852,0.2243520363178262,3.9136419421192135,Baseline (no TES/DSM)
2024-02-28 06:00:00,118.78552436688189,78.2,2.5,125.09716337923102,6.311639012349133,44.25732153311263,41.250752375145666,55.0,880.4447899916282,,,15.138645279576455,83.0473726630703,30.97982598413282,0.0,11.069964732027895,0.22861401770033105,6.34947580419166,Baseline (no TES/DSM)
2024-02-28 07:00:00,112.48458384992969,83.1,1.95,118.46142396996218,5.976840120032492,44.98629755965277,41.980076860589506,55.0,742.5002184138285,,,14.335620635603552,78.64215108385692,29.336510927083886,0.0,10.482761959021381,0.22752055366052085,5.668700414341727,Baseline (no TES/DSM)
2024-02-28 08:00:00,109.4772969705212,81.1,2.05,115.2943456572914,5.817048686770207,45.334220228359044,42.32816584032289,55.0,770.089295877246,,,13.952356348444484,76.53964511345244,28.55219630032272,0.0,10.202504243516245,0.22699866965746143,5.357367862158546,Baseline (no TES/DSM)
2024-02-28 09:00:00,110.8195118267705,77.2,2.9,116.70787876292172,5.888366936151229,45.17893508480955,42.1728064686933,55.0,870.6932558211506,,,14.123415193417689,77.47803737930263,28.902252276432154,0.0,10.327589107186935,0.22723159737278567,5.495237456173729,Baseline (no TES/DSM)
2024-02-28 10:00:00,104.26791166737078,82.3,3.15,109.80816097403998,5.540249306669196,45.93691072968822,42.931144434625935,55.0,721.3974819455867,,,13.288445180401343,72.89757033269005,27.193564000334362,0.0,9.717026641015565,0.22609463390546766,4.83883396907629,Baseline (no TES/DSM)
2024-02-28 11:00:00,109.45761394769944,78.3,3.8,115.27361678199401,5.816002834294565,45.33649742042717,42.33044412091495,55.0,835.4055258951513,,,13.94984784160312,76.5258839810238,28.54706287497387,0.0,10.20066992599634,0.22699525386935923,5.3553590713005725,Baseline (no TES/DSM)
2024-02-28 12:00:00,83.35910027679252,76.3,5.15,87.78836514004564,4.429264863253124,48.35591821058311,45.35130822884821,55.0,750.4951561768379,,,10.623717465920814,58.279443580712446,21.740447201232485,0.0,7.768474358100711,0.22246612268412533,3.0226336617203122,Baseline (no TES/DSM)
2024-02-28 13:00:00,77.81249189833183,74.3,6.35,81.94703911804794,4.1345472197161115,48.997623131558996,45.99331989213813,55.0,773.7002235242431,,,9.916828834551064,54.40160362102658,20.29386552991603,0.0,7.251569967105329,0.22150356530266152,2.6120528065379967,Baseline (no TES/DSM)
2024-02-28 14:00:00,84.44510928367633,74.3,7.0,88.93207896283309,4.486969679156758,48.23027434384687,45.22560430290224,55.0,814.9346052631839,,,10.762124104383425,59.03871281987972,22.023683481324547,0.0,7.869682661628822,0.2226545884842297,3.1065198871365345,Baseline (no TES/DSM)
2024-02-28 15:00:00,82.21548958787866,79.0,3.65,86.5839889843162,4.368499396437542,48.48822620074273,45.483679463745,55.0,677.9082358295196,,,10.47796976939235,57.4799028658829,21.442188130314722,0.0,7.661897988118586,0.2222676606988859,2.9355355871860493,Baseline (no TES/DSM)
2024-02-28 16:00:00,80.91694381888644,75.7,4.3,85.2164453119298,4.2995014930433655,48.63845912746434,45.63398420352909,55.0,752.2664073648785,,,10.312476340114285,56.57204128112891,21.103521258486463,0.0,7.540882772314429,0.2220423113088035,2.838176612489605,Baseline (no TES/DSM)
2024-02-28 17:00:00,76.42018537104207,75.9,4.95,80.48075273301353,4.060567361971465,49.15870354126274,46.15447730012568,55.0,718.9693009507722,,,9.739386046387942,53.42819040717464,19.93074540932974,0.0,7.12181691650915,0.2212619446881059,2.5136776814191117,Baseline (no TES/DSM)
2024-02-28 18:00:00,89.9939193685681,77.7,4.05,94.77572367838029,4.781804309812188,47.58831470038925,44.58333779537031,55.0,751.9047395015442,,,11.469293332676477,62.91809207431932,23.470839368080693,0.0,8.386792235980277,0.22361752794941614,3.552991693532561,Baseline (no TES/DSM)
2024-02-28 19:00:00,100.08654386250292,78.8,3.85,105.40461724072588,5.318073378222962,46.4206665879914,43.41513153377916,55.0,777.6649184462017,,,12.755549911228425,69.97422077319574,26.103043521000792,0.0,9.327352946529352,0.2253690001180129,4.441683670830816,Baseline (no TES/DSM)
2024-02-28 20:00:00,100.98587509071545,79.1,3.65,106.35173420794376,5.365859117228311,46.316620072471686,43.31103528283138,55.0,774.9820173296094,,,12.87016536227198,70.60297664269228,26.33759335441373,0.0,9.41116421083775,0.22552506989129248,4.525670540929735,Baseline (no TES/DSM)
2024-02-28 21:00:00,92.16400805155902,78.1,3.85,97.06111947867211,4.897111427113089,47.337250177385044,44.332153260643835,55.0,753.7388807731039,,,11.745860725649,64.4352816858382,24.0368087496827,0.0,8.589029043151207,0.22399412473392244,3.7357320400798666,Baseline (no TES/DSM)
2024-02-28 22:00:00,85.491006966743,77.4,3.45,90.03355015668365,4.542543189940645,48.10927108487017,45.10454320297958,55.0,734.3024409726945,,,10.89541874703512,59.76993874253347,22.296458538650032,0.0,7.967152875500144,0.22283609337269475,3.1883899358026846,Baseline (no TES/DSM)
2024-02-28 23:00:00,72.35590788357788,79.0,2.15,76.20052088171906,3.844612998141173,49.628912845032104,46.62491136933661,55.0,619.7816217367575,,,9.221413376498852,50.586703038182776,18.87076263799489,0.0,6.743055205541392,0.22055663073245185,2.237273981861547,Baseline (no TES/DSM)
2024-02-29 00:00:00,82.83604372495897,74.9,4.45,87.23751610966045,4.401472384701478,48.4164323014217,45.411851246116456,55.0,786.9145535450225,,,10.557056417433886,72.3126604286031,14.924855681057352,0.0,0.0,0.22237535154786744,3.724203697519312,Baseline (no TES/DSM)
2024-02-29 01:00:00,79.25096701158208,79.7,3.2,83.46194724526579,4.210980233683713,48.831201330002095,45.826818539050855,55.0,645.9063597626466,,,10.10015558752927,69.18302719979152,14.278920045474266,0.0,0.0,0.22175319800499685,3.3908533234565152,Baseline (no TES/DSM)
2024-02-29 02:00:00,87.41722982607172,77.1,3.55,92.06212238400329,4.644892557931584,47.886420181509564,44.88158577433055,55.0,752.8301093824208,,,11.140906610579203,76.31185860361427,15.75026378038902,0.0,0.0,0.22317036972773566,4.172845286888368,Baseline (no TES/DSM)
2024-02-29 03:00:00,80.42251205130312,76.4,4.65,84.6957420365188,4.2732299852156785,48.69566152516328,45.69121394463038,55.0,730.3223117666138,,,10.249463383070134,70.20574068083914,14.490001355679652,0.0,0.0,0.22195650771225509,3.498073400941811,Baseline (no TES/DSM)
2024-02-29 04:00:00,82.58198346754614,76.8,4.85,86.96995642425988,4.387972956713739,48.445825347817284,45.44125834272542,55.0,732.745260989382,,,10.524677656325487,72.09087565597805,14.879080768281824,0.0,0.0,0.22233126197827408,3.7000676471401417,Baseline (no TES/DSM)
2024-02-29 05:00:00,83.72446585439833,76.4,4.9,88.17314432588093,4.448678471482594,48.313647894543614,45.30901770711271,55.0,749.9663338687982,,,10.670281556168536,73.08821856579172,15.084925760089206,0.0,0.0,0.22252952815818458,3.809220007338128,Baseline (no TES/DSM)
2024-02-29 06:00:00,74.43708567860946,76.4,4.85,78.39228153634376,3.955195857734296,49.388134707948595,46.384018137541304,55.0,693.2972940518482,,,9.486649503296627,64.98069509263958,13.41158644370418,0.0,0.0,0.22091779793807712,2.9677457857742295,Baseline (no TES/DSM)
2024-02-29 07:00:00,76.49416351234163,75.2,4.6,80.55866168427649,4.064498171934858,49.150144772718534,46.14591444039192,55.0,738.7673690754491,,,9.748814205631636,66.77644443286384,13.782217251412646,0.0,0.0,0.2212747828409222,3.145112528343519,Baseline (no TES/DSM)
2024-02-29 08:00:00,71.78538036499096,76.7,5.0,75.59967852668113,3.814298161690175,49.69491900433678,46.690949080342676,55.0,668.7676246754959,,,9.148702381012168,62.665858974474745,12.933819552206387,0.0,0.0,0.22045762149349482,2.7466750528280803,Baseline (no TES/DSM)
2024-02-29 09:00:00,75.54648025741565,74.7,5.75,79.560623517546,4.0141432601303535,49.25978528935823,46.25560736645639,55.0,747.0990457184531,,,9.628036520722754,65.9491536265226,13.611469891023404,0.0,0.0,0.22111032206596265,3.0627636543263064,Baseline (no TES/DSM)
2024-02-29 10:00:00,79.41497570340759,74.6,6.05,83.63467049775191,4.219694794344321,48.81222663818214,45.80783477711053,55.0,774.7708661464553,,,10.121057708570937,69.32620044064187,14.308470057110043,0.0,0.0,0.22178166004272679,3.4057633034635986,Baseline (no TES/DSM)
2024-02-29 11:00:00,82.98081784382555,75.9,6.7,87.38998276498282,4.40916492115727,48.39968291906628,45.39509385736412,55.0,759.1449867631782,,,10.57550718441804,72.43904263163547,14.950940133347345,0.0,0.0,0.22240047562140058,3.7379924140280427,Baseline (no TES/DSM)
2024-02-29 12:00:00,74.91450263433045,73.9,7.35,78.89506592213627,3.980563287805822,49.33290080843025,46.328757835585336,55.0,767.1790594869426,,,9.547494004187095,65.3974616190147,13.497604303121562,0.0,0.0,0.22100064878735462,3.0084529506591675,Baseline (no TES/DSM)
2024-02-29 13:00:00,60.86303307910571,71.4,7.85,64.09697506016317,3.2339419810574626,50.9585604089072,47.95519452000133,55.0,749.0776381410012,,,7.756701612714328,53.13107248720658,10.965902572956594,0.0,0.0,0.2185621593866392,1.9259289890485867,Baseline (no TES/DSM)
2024-02-29 14:00:00,69.05083941172016,71.9,8.0,72.71983842645182,3.6689990147316536,50.011286821675085,47.007468125127126,55.0,793.6580960371514,,,8.800198253807395,60.278710548621106,12.44112787783071,0.0,0.0,0.21998306976748738,2.5276237127014882,Baseline (no TES/DSM)
2024-02-29 15:00:00,70.80642503585554,75.0,7.95,74.56870665193001,3.7622816160744748,49.80817748758598,46.8042617024462,55.0,707.1276165376717,,,9.023939220253972,61.81126885757362,12.757437794356392,0.0,0.0,0.22028773376862104,2.667214049344642,Baseline (no TES/DSM)
2024-02-29 16:00:00,72.85381815768628,71.5,8.1,76.72488749322598,3.8710693355397012,49.57130800775161,46.567278996283044,55.0,835.842228282602,,,9.284869652513619,63.59856381910485,13.126323674121132,0.0,0.0,0.2206430379883726,2.834724850568894,Baseline (no TES/DSM)
2024-02-29 17:00:00,65.6140640653633,72.5,7.8,69.10045088497804,3.4863868196147507,50.408898389243134,47.405269755585984,55.0,747.247178583915,,,8.362197721744279,57.27853867397593,11.821912211002115,0.0,0.0,0.2193866524161353,2.2651720110950526,Baseline (no TES/DSM)
2024-02-29 18:00:00,72.2344995193528,73.9,7.55,76.07266151454432,3.838161995191527,49.64295896825821,46.638964206770765,55.0,749.1892965739333,,,9.205940462860822,63.057922615384264,13.014738899160058,0.0,0.0,0.22053556154761267,2.783518344346682,Baseline (no TES/DSM)
2024-02-29 19:00:00,70.26045102369197,73.8,7.1,73.99372244771426,3.7332714240222913,49.87134297294652,46.8674573816334,55.0,738.7156966467109,,,8.95435745138049,61.334654674072596,12.659067773641667,0.0,0.0,0.22019298554058023,2.6234023022653563,Baseline (no TES/DSM)
2024-02-29 20:00:00,58.74025025124002,72.8,7.05,61.86139869973096,3.121148448490942,51.20415196573938,48.20090347241516,55.0,684.305843367665,,,7.48616312405657,51.27796522987782,10.58343346985314,0.0,0.0,0.21819377205139093,1.7831957638708316,Baseline (no TES/DSM)
2024-02-29 21:00:00,56.68727532815006,71.9,7.25,59.6993394695673,3.012064141417241,51.44166722207203,48.438532263765175,55.0,697.107994628111,,,7.22452131800171,49.48579757186217,10.213541897705127,0.0,0.0,0.21783749916689196,1.65035118411354,Baseline (no TES/DSM)
2024-02-29 22:00:00,65.91371542574186,73.3,7.15,69.41602414515333,3.5023087194114737,50.37423076185505,47.3705855566743,55.0,723.3301950010739,,,8.400386850230197,57.54012271512076,11.87590143003257,0.0,0.0,0.21943865385721742,2.2874854502695943,Baseline (no TES/DSM)
2024-02-29 23:00:00,85.47466637673017,74.8,6.9,90.01634131352327,4.5416749367931,48.11116158016161,45.106434601949445,55.0,805.7354297279899,,,10.893336217221977,74.61607588927237,15.400265424250904,0.0,0.0,0.2228332576297576,3.9795014526128485,Baseline (no TES/DSM)
2024-03-01 00:00:00,75.19692056836409,76.5,6.45,79.19249006218476,3.9955694938206676,49.30022697143376,46.29606838011991,55.0,695.5358099516086,,,9.583486815152181,53.1497156677904,23.2192957381947,0.0,2.823478656199658,0.22104965954284936,2.455444483048903,Baseline (no TES/DSM)
2024-03-01 01:00:00,87.27436739538886,72.2,6.1,91.91166899393627,4.63730159854741,47.902948394524884,44.89812188802131,55.0,903.6866202613544,,,11.122699479083904,61.68614056388229,26.9485682605191,0.0,3.2769601695348847,0.22314557740821267,3.366972024313374,Baseline (no TES/DSM)
2024-03-01 02:00:00,72.61133154553718,78.3,5.75,76.46951641582437,3.8581848702871895,49.59936206198971,46.59534646068091,55.0,636.4987714489464,,,9.2539658969766,51.32220304681716,22.420917882762886,0.0,2.7263954862443285,0.22060095690701545,2.2789022575832547,Baseline (no TES/DSM)
2024-03-01 03:00:00,91.60982631551578,73.3,6.8,96.47749143522918,4.867665119713408,47.40136524065775,44.39629897165233,55.0,889.9178289122405,,,11.675232921738598,64.75047361306132,28.28727072421508,0.0,3.439747097952786,0.22389795213901337,3.7290968802372193,Baseline (no TES/DSM)
2024-03-01 04:00:00,67.47919578755109,75.3,6.85,71.06468591292362,3.58549012537253,50.193115315564455,47.189383535122566,55.0,676.1791716072108,,,8.599899812907156,47.694773170117934,20.836217644607427,0.0,2.5336950981982618,0.21971032702665333,1.9479169261158185,Baseline (no TES/DSM)
2024-03-01 05:00:00,56.05757461970395,72.4,6.9,59.036179772084346,2.9786051523803962,51.51451931758341,48.51141918341399,55.0,675.2654778294633,,,7.1442689833147,39.62189049157268,17.3094508873868,0.0,2.1048383931248686,0.21772822102362488,1.3040706893540857,Baseline (no TES/DSM)
2024-03-01 06:00:00,36.62214817886273,71.0,6.8,38.568056827191164,1.9459086483284338,53.76306616592135,50.76104086294139,55.0,534.5256124946933,,,4.667317113014006,25.884793527956415,11.308182339194715,0.0,1.3750809600400338,0.21435540075111797,0.5027241837526929,Baseline (no TES/DSM)
2024-03-01 07:00:00,40.13370237036969,71.4,6.9,42.26619656897643,2.132494198606743,53.35680319381139,50.354583692469994,55.0,559.6035466264019,,,5.114847850185673,28.366784883718825,12.39247960372392,0.0,1.5069320815336873,0.2149647952092829,0.620074680541223,Baseline (no TES/DSM)
2024-03-01 08:00:00,57.9256786271205,73.1,6.9,61.00354501688799,3.077866389767493,51.29839237068931,48.29518892535981,55.0,668.4475411145395,,,7.382349877972254,40.94227962561681,17.886283809400886,0.0,2.1749815818702913,0.21805241144396603,1.4006208832487315,Baseline (no TES/DSM)
2024-03-01 09:00:00,68.5701952910457,74.3,7.1,72.21365540110631,3.6434601100606017,50.06689408226205,47.0631019666226,55.0,711.8869384835599,,,8.73894246622396,48.465899340793,21.1730963349899,0.0,2.574659725323407,0.21989965887660692,2.0161152811688616,Baseline (no TES/DSM)
2024-03-01 10:00:00,66.93694923324487,73.1,7.35,70.4936272241026,3.5566779908577217,50.255849559365004,47.25214776661136,55.0,737.1835271296079,,,8.530793090657394,47.311509467756444,20.668782821315606,0.0,2.513334935030546,0.21961622566095249,1.9144556245444582,Baseline (no TES/DSM)
2024-03-01 11:00:00,69.54739349298832,71.7,8.0,73.2427767841524,3.6953832911640774,49.953838886695976,46.949992729376035,55.0,804.6054605195732,,,8.863481689550175,49.156589946096524,21.474835473697166,0.0,2.6113513643587076,0.22006924166995603,2.078191515244901,Baseline (no TES/DSM)
2024-03-01 12:00:00,66.79895531282162,73.7,8.3,70.34830103136544,3.549345718543819,50.271814518806565,47.26812035748668,55.0,717.3246178685505,,,8.513206427440979,47.21397438814223,20.626173075807916,0.0,2.508153567415288,0.21959227822179014,1.9059862619264234,Baseline (no TES/DSM)
2024-03-01 13:00:00,71.79344708980756,71.4,8.55,75.60817387489543,3.8147267850878706,49.69398573905866,46.69001536895305,55.0,832.1266687355902,,,9.149730446394855,50.744116524888156,22.168371622707006,0.0,2.6956857273002655,0.22045902139141202,2.2244234339382114,Baseline (no TES/DSM)
2024-03-01 14:00:00,93.26690322133413,72.9,7.8,98.2226167063763,4.955713485042168,47.20965269628046,44.204494786479444,55.0,913.3606567708022,,,11.88641942457106,65.9217072981407,28.798942724162853,0.0,3.5019666840727446,0.2241855209555793,3.8723784558176435,Baseline (no TES/DSM)
2024-03-01 15:00:00,97.95143580454346,79.8,6.3,103.15606075219354,5.204624947650075,46.66768409024168,43.66226711322937,55.0,743.7786907110718,,,12.48344063111798,69.23276808297324,30.245432109933102,0.0,3.6778605592872005,0.22499847386463748,4.292008986841875,Baseline (no TES/DSM)
2024-03-01 16:00:00,91.33076160087099,74.4,6.3,96.18359868703983,4.852837086168847,47.43365113294351,44.428600296964994,55.0,852.0785827529501,,,11.639667462499599,64.55322869765553,28.201101156492676,0.0,3.42926883289163,0.22384952330058475,3.7052322372999322,Baseline (no TES/DSM)
2024-03-01 17:00:00,67.52142247136126,72.4,6.95,71.1091563009757,3.587733829614436,50.188229975019645,47.184495859328926,55.0,764.7916428130147,,,8.605281401202044,47.72461928909649,20.84925639475864,0.0,2.53528061712057,0.21971765503747054,1.9505347867624,Baseline (no TES/DSM)
2024-03-01 18:00:00,74.04150232475268,74.6,6.8,77.97567896030357,3.934176635550884,49.43390101548381,46.429806321896564,55.0,740.191409619168,,,9.436234302417043,52.333057875673845,22.862525837287272,0.0,2.7800952473424516,0.22084914847677428,2.3757425762985767,Baseline (no TES/DSM)
2024-03-01 19:00:00,84.73476721693469,75.8,6.25,89.23712779764732,4.502360580712633,48.19676288810872,45.192076828303804,55.0,772.3005489325436,,,10.799039618520235,59.89113318360005,26.16439083470695,0.0,3.181603779340321,0.22270485566783693,3.1634150778905465,Baseline (no TES/DSM)
2024-03-01 20:00:00,83.58402042332985,75.4,6.0,88.02523636209591,4.441215938766064,48.329896477118005,45.325274056695974,55.0,776.8158160450416,,,10.652382459680009,59.07777720541058,25.80906338354892,0.0,3.1383957731364127,0.222505155284323,3.0732626656360065,Baseline (no TES/DSM)
2024-03-01 21:00:00,91.27315354800302,75.1,6.05,96.12292964474709,4.8497760967440655,47.44031599342956,44.43526834333082,55.0,830.195854662266,,,11.632325592501019,64.51251091816452,28.18331294912551,0.0,3.4271057774570544,0.22383952600985565,3.7003153130884705,Baseline (no TES/DSM)
2024-03-01 22:00:00,101.29407765906782,77.8,5.7,106.6763130423815,5.38223538331367,46.28096312839445,43.275361294325805,55.0,808.5294342460801,,,12.90944430119496,71.59537100347062,31.277572644152293,0.0,3.803369394758583,0.22557855530740833,4.604600529734884,Baseline (no TES/DSM)
2024-03-01 23:00:00,99.82407059559739,77.8,5.6,105.1281975226856,5.304126927088205,46.45103296245042,43.44551242371354,55.0,801.1184966345445,,,12.72209895241646,70.55635960695915,30.82366404675269,0.0,3.7481738689737583,0.22532345055632438,4.46578027069984,Baseline (no TES/DSM)
2024-03-02 00:00:00,82.83017032846064,75.1,5.65,87.23133063171386,4.401160303253221,48.417111813508846,45.41253108301817,55.0,780.9809435840589,,,10.556307881224203,55.0077907299222,27.886577280983353,0.0,4.336962620808308,0.22237433227973674,2.8327543033249607,Baseline (no TES/DSM)
2024-03-02 01:00:00,75.83990307071552,75.0,5.1,79.86963727835742,4.029734207641894,49.225838262567535,46.22164411259744,55.0,740.2832767858688,,,9.665431850761138,50.36553106855156,25.533151864558032,0.0,3.970954345247822,0.2211612426061487,2.349298707111598,Baseline (no TES/DSM)
2024-03-02 02:00:00,72.26733747104174,76.8,5.15,76.10724430255127,3.8399068315095235,49.639159840258586,46.63516326274437,55.0,669.3967099766353,,,9.210125502283569,47.992978409339564,24.330370000273344,0.0,3.7838958929383573,0.22054126023961212,2.1196118571664155,Baseline (no TES/DSM)
2024-03-02 03:00:00,86.04728492565295,74.8,5.2,90.61938580526899,4.572100879616045,48.04491350284777,45.04015485729464,55.0,809.1248340658033,,,10.966313704494535,57.14428719992554,28.969688839013756,0.0,4.5054097663296915,0.22293262974572833,3.070392208160653,Baseline (no TES/DSM)
2024-03-02 04:00:00,87.62836903372491,78.0,4.85,92.28448042044194,4.656111386717029,47.86199280908353,44.857146725340264,55.0,731.5009849532237,,,11.167815289783247,58.19429039801564,29.501995171267367,0.0,4.588194851158931,0.2232070107863747,3.1906790647640886,Baseline (no TES/DSM)
2024-03-02 05:00:00,125.42955374536888,77.7,4.45,132.094221590549,6.6646678451801336,43.48865245529562,40.48171586469108,55.0,922.389637167452,,,15.98539495319277,83.29818249090407,42.228585670765334,0.0,6.56745342887961,0.22976702131705656,6.752824160860883,Baseline (no TES/DSM)
2024-03-02 06:00:00,134.5614089252966,85.6,1.45,141.7112956026194,7.149886677322797,42.43215882770243,39.42471722102351,55.0,784.2326412812453,,,17.149206091378325,89.36267779160757,45.303023211868656,0.0,7.045594599143179,0.23135176175844635,7.810927780796053,Baseline (no TES/DSM)
2024-03-02 07:00:00,124.578376843247,81.3,3.15,131.19781761744787,6.619440774200868,43.587127842314786,40.580238324074976,55.0,831.0703302899323,,,15.876916540018502,82.73291308821665,41.942018465039624,0.0,6.522886064191596,0.22961930823652782,6.658115918910791,Baseline (no TES/DSM)
2024-03-02 08:00:00,92.64041023148712,76.8,3.2,97.5628351688148,4.922424937327676,47.28213368053434,44.277010417475324,55.0,789.5874316944293,,,11.806575898232433,61.52280357434939,31.189407784843052,0.0,4.850623809622359,0.22407679947919848,3.587222284405627,Baseline (no TES/DSM)
2024-03-02 09:00:00,61.33142391642974,77.8,3.2,64.59025372702398,3.2588298105942357,50.90437076998875,47.90097897781379,55.0,573.701595122143,,,7.81639577811239,40.73040196084082,20.64855699337609,0.0,3.211294772807065,0.21864344384501688,1.4896645724556525,Baseline (no TES/DSM)
2024-03-02 10:00:00,47.33388962901902,74.3,4.0,49.848963969778005,2.5150743407589857,52.52379042626759,49.52117273526676,55.0,546.8580696425989,,,6.03247717780102,31.434593033206216,15.935982817792505,0.0,2.478388118779284,0.21621431436059863,0.8442469576897189,Baseline (no TES/DSM)
2024-03-02 11:00:00,44.71035831490502,72.2,5.25,47.086031978009565,2.3756736631045428,52.82731518224982,49.82484257956447,55.0,580.634793270297,,,5.698120696605857,29.69229718945864,15.05271397444713,0.0,2.3410208141037963,0.21575902722662527,0.7433795861194825,Baseline (no TES/DSM)
2024-03-02 12:00:00,42.75388251155229,74.1,6.7,45.02559932408116,2.2717168125288723,53.05366614577866,50.05130174145064,55.0,511.07404179326176,,,5.448777240465931,28.392995121960592,14.394023868267018,0.0,2.2385803338535535,0.215419500781332,0.6722894272352072,Baseline (no TES/DSM)
2024-03-02 13:00:00,68.77208679276588,70.6,7.65,72.42627435707907,3.6541875643131903,50.04353660660898,47.0397333258282,55.0,841.6829354899272,,,8.764672569667056,45.67177084575743,23.153617884834805,0.0,3.600885626486832,0.21993469509008653,1.906284011999128,Baseline (no TES/DSM)
2024-03-02 14:00:00,73.692209385364,74.6,8.3,77.60782642828157,3.9156170429175745,49.474311836434914,46.47023645968369,55.0,737.8844034922814,,,9.391718592811435,48.93924057165518,24.810084101991137,0.0,3.858501754635249,0.22078853224534764,2.2098087810238174,Baseline (no TES/DSM)
2024-03-02 15:00:00,80.60378577041078,73.3,8.65,84.8866476891767,4.282861918765917,48.67468938693793,45.67023178148236,55.0,823.4902123885324,,,10.272565849020483,53.52924136357548,27.13701652565659,0.0,4.220389799944627,0.2219879659195931,2.673885367400017,Baseline (no TES/DSM)
2024-03-02 16:00:00,65.36657223832707,71.5,8.15,68.83980864185295,3.4732364035258882,50.437531512852004,47.43391656615642,55.0,780.7844618397777,,,8.330656075579352,43.41015733952628,22.00707738603736,0.0,3.4225739162893163,0.21934370273072198,1.7092667373766648,Baseline (no TES/DSM)
2024-03-02 17:00:00,72.07503956724216,72.3,7.45,75.9047286979158,3.8296891306736427,49.661407401784786,46.657421458860206,55.0,800.9772559465699,,,9.185618056876024,47.86527273388261,24.265628731071395,0.0,3.773827232961793,0.2205078888973228,2.107582417178541,Baseline (no TES/DSM)
2024-03-02 18:00:00,94.74370839994202,76.4,6.8,99.77789155735064,5.03418315740862,47.03879636647078,44.03355678538401,55.0,811.8227983026603,,,12.074631160514032,62.91961086128602,31.89752883164253,0.0,4.960751864422097,0.22444180545029382,3.7605303379901223,Baseline (no TES/DSM)
2024-03-02 19:00:00,95.52480947413919,78.4,5.6,100.60049624100496,5.075686766865772,46.94842827683995,43.9431454987696,55.0,764.1146842897873,,,12.174178745565257,63.438342674319486,32.160503486692505,0.0,5.00165007999297,0.22457735758474007,3.8259303083359635,Baseline (no TES/DSM)
2024-03-02 20:00:00,78.37051077841137,74.9,4.75,82.53470819121212,4.164197412800746,48.9330641367803,45.9287300374193,55.0,759.3057538428003,,,9.98794566406254,52.046116037198324,26.38513595596663,0.0,4.103456198047166,0.22160040379482954,2.5191160800106136,Baseline (no TES/DSM)
2024-03-02 21:00:00,63.49452399619417,74.9,4.65,66.8682895864116,3.373765590217438,50.654114780916494,47.650603363507756,55.0,658.8445317105538,,,8.092072507127252,42.16692389534512,21.376811653503548,0.0,3.3245540375629368,0.21901882782862525,1.605518754490138,Baseline (no TES/DSM)
2024-03-02 22:00:00,76.80151205680274,76.4,4.5,80.88234111647785,4.080829059675111,49.11458663340563,46.110339303880494,55.0,708.1478675263395,,,9.787984303306326,51.004138784326386,25.85689843176019,0.0,4.0213039003912705,0.22132812004989155,2.41313230632937,Baseline (no TES/DSM)
2024-03-02 23:00:00,82.58823436757443,78.2,4.1,86.97653946429168,4.388305096717247,48.445102161135445,45.44053481035205,55.0,698.3038507060601,,,10.525474303549219,54.84712025618422,27.805124280904415,0.0,4.3242949272030415,0.22233234675829683,2.8152690632854482,Baseline (no TES/DSM)
2024-03-03 00:00:00,89.68312462819773,76.4,4.2,94.4484149375153,4.765290309317564,47.62427154116487,44.619311823928335,55.0,784.0957921608319,,,11.42968403386417,65.58353539874155,28.86487953877375,0.0,0.0,0.22356359268825268,3.689360515614012,Baseline (no TES/DSM)
2024-03-03 01:00:00,102.68470718730197,78.0,4.25,108.14083332143655,5.456126134134578,46.120076736092514,43.114397996482616,55.0,810.3510897906394,,,13.086673363872825,75.09134139390167,33.04949192753487,0.0,0.0,0.22581988489586122,4.901928192897179,Baseline (no TES/DSM)
2024-03-03 02:00:00,96.1712912044834,80.7,4.15,101.2813286157712,5.110037411287806,46.87363473105909,43.86831620081581,55.0,715.2779408011407,,,12.256569740996484,70.32820619486779,30.953122420903412,0.0,0.0,0.22468954790341136,4.273014627831745,Baseline (no TES/DSM)
2024-03-03 03:00:00,90.5754835318243,75.5,3.7,95.38818910743092,4.812705575606614,47.52103167624895,44.516022609172595,55.0,814.4486043589737,,,11.543410895584707,66.23610021499876,29.15208889243216,0.0,0.0,0.22371845248562658,3.7670993749606385,Baseline (no TES/DSM)
2024-03-03 04:00:00,64.04003682267894,77.7,3.35,67.44278809996328,3.402751277284338,50.59100265160696,47.587461065876376,55.0,594.3234094019732,,,8.161595500098224,46.8312409866275,20.61154711333578,0.0,0.0,0.21911349602258956,1.8008477958315054,Baseline (no TES/DSM)
2024-03-03 05:00:00,70.9082129447263,76.2,3.2,74.6759030357815,3.7676900910552007,49.796401317796914,46.79247990351288,55.0,675.6443291586511,,,9.036911600974241,51.85380541770063,22.822097618080875,0.0,0.0,0.22030539802330462,2.2412040262449806,Baseline (no TES/DSM)
2024-03-03 06:00:00,74.05918549272734,77.6,2.9,77.99430171896869,3.935116226241348,49.43185519303998,46.42775952152614,55.0,661.462770417086,,,9.438487937351223,54.15805073139831,23.836250987570374,0.0,0.0,0.22085221721044004,2.459255822387457,Baseline (no TES/DSM)
2024-03-03 07:00:00,82.74708755733609,78.9,2.6,87.14383327840618,4.39674572107009,48.42672392589197,45.42214779010129,55.0,683.1534871749791,,,10.545719380583215,60.5113455676034,26.632487710802778,0.0,0.0,0.22235991411116204,3.112682827000903,Baseline (no TES/DSM)
2024-03-03 08:00:00,96.97010262613802,79.0,2.0,102.12258468174845,5.1524820556104345,46.78121767450285,43.7758549678463,55.0,757.2049622405965,,,12.3583744248766,70.91236154590173,31.210223135846718,0.0,0.0,0.22482817348824574,4.347827920947147,Baseline (no TES/DSM)
2024-03-03 09:00:00,100.44614151563259,81.3,1.9,105.7833220248662,5.337180509233605,46.37906358164236,43.373508640715805,55.0,723.6558820977906,,,12.801378907169756,73.45432159135821,32.329000433507986,0.0,0.0,0.22543140462753647,4.68092207565246,Baseline (no TES/DSM)
2024-03-03 10:00:00,103.79501737526822,79.5,2.75,109.31013956246167,5.515122187193455,45.99162138774046,42.98588124500037,55.0,779.3056248395552,,,13.228177071294326,75.90328977123521,33.40684979122646,0.0,0.0,0.2260125679183893,5.0134329103068245,Baseline (no TES/DSM)
2024-03-03 11:00:00,87.08977263739293,77.7,4.25,91.71726583982256,4.627493202429633,47.92430475439561,44.919488456477055,55.0,735.8511362183966,,,11.099173762657893,63.68706721929912,28.030198620523443,0.0,0.0,0.2231135428684066,3.468026479012083,Baseline (no TES/DSM)
2024-03-03 12:00:00,73.12649165854936,74.5,5.9,77.01204943209406,3.885557773544704,49.539761535496055,46.535717444451834,55.0,737.0733802492609,,,9.319620582214084,53.475989760133146,23.536059671960913,0.0,0.0,0.2206903576967559,2.3936618144157866,Baseline (no TES/DSM)
2024-03-03 13:00:00,58.05826896315081,72.5,7.45,61.14318050713222,3.0849115439814128,51.28305256926491,48.27984179133435,55.0,688.4396917886918,,,7.399247880278181,42.45688978300013,18.686290724132093,0.0,0.0,0.21807542114610262,1.456342841771553,Baseline (no TES/DSM)
2024-03-03 14:00:00,51.001842792925906,70.8,8.55,53.71181290409273,2.7099701111668253,52.09943315519569,49.09661261655095,55.0,686.1448629514663,,,6.4999402137765365,37.296661730708976,16.415151173383755,0.0,0.0,0.21685085026720646,1.0966487033963648,Baseline (no TES/DSM)
2024-03-03 15:00:00,52.19471793697529,69.7,9.5,54.968071169411935,2.773353232436648,51.96142560214419,48.95853909430583,55.0,740.2741086194384,,,6.651966428795901,38.16898826438379,16.799082905028143,0.0,0.0,0.21705786159678372,1.1539037223658983,Baseline (no TES/DSM)
2024-03-03 16:00:00,37.70314927986446,70.8,9.55,39.7064966502749,2.003347370410438,53.63800167988572,50.63591659464665,55.0,552.7063972670204,,,4.805085517894319,27.571584238296843,12.134912411978057,0.0,0.0,0.21454299748017142,0.5561737193522603,Baseline (no TES/DSM)
2024-03-03 17:00:00,45.78249599752587,67.5,9.0,48.21513742720218,2.432641429676309,52.70327613352715,49.7007442387535,55.0,778.4282988196519,,,5.834759501330359,33.47985431310924,14.735283114092937,0.0,0.0,0.21594508579970928,0.8631221344390233,Baseline (no TES/DSM)
2024-03-03 18:00:00,41.75914028196647,72.9,7.8,43.97800171588798,2.2188614339215107,53.16875106619716,50.166441673781385,55.0,532.4535073141603,,,5.322002114973339,30.53765205279508,13.440349663092896,0.0,0.0,0.21524687340070425,0.7019840812086795,Baseline (no TES/DSM)
2024-03-03 19:00:00,63.255280801036456,73.2,6.15,66.61633426414883,3.361053463112377,50.68179359383555,47.67829540721692,55.0,706.7205358307597,,,8.061582109527471,46.257364077921075,20.358970186227758,0.0,0.0,0.21897730960924666,1.7535814442964133,Baseline (no TES/DSM)
2024-03-03 20:00:00,53.439571273860146,75.2,5.35,56.27906947579213,2.839498201931981,51.8174045251786,48.8144491736132,55.0,574.9829514702477,,,6.810617015158519,39.07932544570185,17.19974403009028,0.0,0.0,0.2172738932122321,1.2151940112838027,Baseline (no TES/DSM)
2024-03-03 21:00:00,61.1424128322243,73.5,5.0,64.39119958631649,3.248786754092187,50.92623806880954,47.92285672945428,55.0,681.4332979632946,,,7.792307222095604,44.71226457564643,19.67893501067006,0.0,0.0,0.2186106428967857,1.6294299026212624,Baseline (no TES/DSM)
2024-03-03 22:00:00,68.31764563186525,76.0,4.7,71.94768657919593,3.6300409473306843,50.09611236270101,47.092334213734794,55.0,663.5179290485349,,,8.706756223614109,49.959373619408595,21.988312959787336,0.0,0.0,0.2198558314559485,2.069483411389419,Baseline (no TES/DSM)
2024-03-03 23:00:00,87.74068045614246,77.3,4.55,92.4027594820902,4.662079025947747,47.84899914024494,44.8441468453789,55.0,749.5241984260492,,,11.18212884182492,64.16306352461578,28.239695957474424,0.0,0.0,0.2232265012896326,3.5229374968696643,Baseline (no TES/DSM)
2024-03-04 00:00:00,82.00407002470452,78.2,4.15,86.36133569573639,4.357265671031868,48.512686008398575,45.50815096346951,55.0,694.9430577115945,,,10.451025360221992,61.87327844849156,24.488057247244825,0.0,0.0,0.22223097098740213,3.1508276512928,Baseline (no TES/DSM)
2024-03-04 01:00:00,83.60492093255472,75.4,4.1,88.04724741463072,4.442326482075998,48.3274784301413,45.322854853865074,55.0,776.9406613485793,,,10.655046129323297,63.08114403304243,24.96610338158829,0.0,0.0,0.22250878235478805,3.282435493667544,Baseline (no TES/DSM)
2024-03-04 02:00:00,86.59608041762836,77.8,4.35,91.19734140791795,4.601260990289589,47.981421591434376,44.97663259601919,55.0,730.627507782426,,,11.036255057435708,65.33801791318095,25.859323494736998,0.0,0.0,0.22302786761284843,3.5355362256617258,Baseline (no TES/DSM)
2024-03-04 03:00:00,88.65018251470748,77.6,5.4,93.36058770417773,4.710405189470251,47.7437759287261,44.738873335957805,55.0,747.0152562207069,,,11.298040516408564,66.8878681947087,26.47271950946903,0.0,0.0,0.22338433610691086,3.7147745739603506,Baseline (no TES/DSM)
2024-03-04 04:00:00,81.00928785272215,74.3,5.8,85.31369602281748,4.3044081700953285,48.62777554988109,45.623295519073196,55.0,793.8821406748382,,,10.324245144262564,61.122700650290625,24.190995372526856,0.0,0.0,0.22205833667517835,3.070397813049971,Baseline (no TES/DSM)
2024-03-04 05:00:00,51.171902240481785,74.7,6.15,53.89090841769566,2.7190061772138776,52.07975843202994,49.07692848864181,55.0,569.1399112511845,,,6.52161347461123,38.609953812176386,15.280954605519277,0.0,0.0,0.2168803623519551,1.1398217981044458,Baseline (no TES/DSM)
2024-03-04 06:00:00,46.13536105516655,70.8,6.35,48.5867518810826,2.45139082591605,52.66245204275344,49.65990063359606,55.0,639.9411963083347,,,5.879730460272127,34.80980931834303,13.77694256273957,0.0,0.0,0.21600632193586983,0.9059353038055256,Baseline (no TES/DSM)
2024-03-04 07:00:00,47.80183406048895,72.6,6.5,50.34177251112177,2.5399384506328175,52.469652433474806,49.46700886389233,55.0,597.4175897780117,,,6.092114450914338,36.067187741805995,14.274584769315773,0.0,0.0,0.2162955213497878,0.9803813773049885,Baseline (no TES/DSM)
2024-03-04 08:00:00,75.93366623174262,74.7,6.45,79.96838252140346,4.034716289660835,49.2149905016059,46.210791166281616,55.0,749.6081299125304,,,9.677381515862558,57.29306939223911,22.675313129164344,0.0,0.0,0.22117751424759116,2.6761625364644037,Baseline (no TES/DSM)
2024-03-04 09:00:00,80.39593035503606,77.3,5.45,84.66774792849475,4.271817573458691,48.6987368468984,45.69429073640457,55.0,707.185862979853,,,10.246075673390344,60.659913385812544,24.007834542682204,0.0,0.0,0.2219518947296524,3.021323423159881,Baseline (no TES/DSM)
2024-03-04 10:00:00,100.13439907865903,74.3,5.65,105.45501523177684,5.320616153117811,46.415130064478944,43.40959236374495,55.0,903.4401591007322,,,12.761648828971353,75.5528787119926,29.902136519784236,0.0,0.0,0.2253773049032816,4.798304366523835,Baseline (no TES/DSM)
2024-03-04 11:00:00,89.1526916456501,78.3,6.9,93.88979753162202,4.737105885971928,47.6856390349419,44.68070865207141,55.0,732.6456577800577,,,11.36208289466664,67.26701873409475,26.622778797527275,0.0,0.0,0.22347154144758716,3.7592957611961038,Baseline (no TES/DSM)
2024-03-04 12:00:00,76.6028145652614,72.8,7.95,80.67308588361284,4.070271318351445,49.137574583772334,46.13333824275119,55.0,814.4608021205493,,,9.762661261139213,57.797951663944445,22.875134219668396,0.0,0.0,0.2212936381243415,2.7265925050109696,Baseline (no TES/DSM)
2024-03-04 13:00:00,60.6980514229079,68.9,8.8,63.923227145087196,3.2251757221792943,50.97764766609738,47.97429090111942,55.0,852.0487766912124,,,7.73567549203062,45.797573655051956,18.12565349003524,0.0,0.0,0.21853352850085392,1.654854747531475,Baseline (no TES/DSM)
2024-03-04 14:00:00,46.03310233736037,73.3,8.8,48.479059671981105,2.4459573346207364,52.674282681938955,49.671736927962826,55.0,561.4950113609798,,,5.866698077211457,34.73265360986782,13.746406062113287,0.0,0.0,0.21598857597709156,0.9014618473345243,Baseline (no TES/DSM)
2024-03-04 15:00:00,61.09019183140009,69.3,8.5,64.33620383572526,3.2460120043251663,50.932279683958946,47.928901232565046,55.0,836.7600745235939,,,7.785651906038909,46.09344936802852,18.242754467696734,0.0,0.0,0.21860158047406159,1.6780929550007782,Baseline (no TES/DSM)
2024-03-04 16:00:00,44.00055278961513,72.5,8.2,46.338511114352634,2.3379583247375066,52.90943486105808,49.907001512521305,55.0,565.0617199152557,,,5.607659387266019,33.19906504420137,13.139446070151266,0.0,0.0,0.21563584770841288,0.8148176286916523,Baseline (no TES/DSM)
2024-03-04 17:00:00,46.133798989222825,70.8,7.8,48.585106815157175,2.45130782593435,52.66263276317475,49.6600814404038,55.0,639.9259051201801,,,5.879531382460659,34.80863071658508,13.776476098572097,0.0,0.0,0.21600605085523789,0.9058668865731913,Baseline (no TES/DSM)
2024-03-04 18:00:00,56.77474183313947,71.1,7.05,59.7914534853381,3.01671165219863,51.431547941451775,48.4284081460127,55.0,726.2225086711629,,,7.235668504495493,42.83737879381823,16.95407469151987,0.0,0.0,0.21785267808782233,1.431227340763483,Baseline (no TES/DSM)
2024-03-04 19:00:00,68.59945752741224,76.8,5.8,72.24447247905495,3.6450149516427075,50.06350864024165,47.05971490632207,55.0,645.5070446158785,,,8.742671797881172,51.75930091921487,20.485171559840076,0.0,0.0,0.21990473703963753,2.1541676616795984,Baseline (no TES/DSM)
2024-03-04 20:00:00,100.72417094337057,75.7,5.05,106.07612447643882,5.351953533068254,46.34689746502083,43.34132714832151,55.0,863.3053029685774,,,12.83681242405863,75.99787026906273,30.07825420737609,0.0,0.0,0.22547965380246876,4.85767862649822,Baseline (no TES/DSM)
2024-03-04 21:00:00,87.55061683251478,79.7,4.6,92.2025968755426,4.6519800430278195,47.870988210728804,44.86614642689072,55.0,692.0233906131012,,,11.157906144707692,66.05822969498273,26.14436718055987,0.0,0.0,0.2231935176839068,3.618278145983292,Baseline (no TES/DSM)
2024-03-04 22:00:00,78.30919258937033,75.7,4.1,82.47013187559227,4.1609392862219465,48.94015823482511,45.93582752652436,55.0,736.2307015041418,,,9.98013095500581,59.08543901173426,23.384692863858014,0.0,0.0,0.22158976264776234,2.8573157343628157,Baseline (no TES/DSM)
2024-03-04 23:00:00,59.61354069055598,74.6,4.2,62.781091207272645,3.167550516716666,51.103118192645454,48.09982140401861,55.0,638.2920034973585,,,7.597459801470034,44.97929433668428,17.801796870588362,0.0,0.0,0.21834532271103183,1.591425494889833,Baseline (no TES/DSM)
2024-03-05 00:00:00,93.370137068666,76.1,4.45,98.33133585826603,4.961198789600033,47.197709241231166,44.19254562232162,55.0,812.7564962940864,,,11.899576083212196,55.029721862854466,31.22491952690145,2.940545803406629,9.136148665103487,0.22420343613815324,3.2365040044432654,Baseline (no TES/DSM)
2024-03-05 01:00:00,114.51809845570033,82.4,4.1,120.60298886373191,6.084890408031583,44.75103372987407,41.74470057200115,55.0,765.2543212534003,,,14.594782317565048,67.49373305134648,38.297238505961516,3.6065676285809483,11.205449677842964,0.2278734494051889,4.960370757544962,Baseline (no TES/DSM)
2024-03-05 02:00:00,124.15296221207508,79.0,4.0,130.74979868666256,6.596836474587477,43.636345426043654,40.62947943437351,55.0,883.2520722984551,,,15.822699485942438,73.17224964503939,41.5193377219476,3.9100025283751596,12.148208791300412,0.2295454818609345,5.867092011933637,Baseline (no TES/DSM)
2024-03-05 03:00:00,104.13869455038702,78.3,4.15,109.67207793798936,5.533383387602342,45.95186027257732,42.94610112356803,55.0,809.930097051739,,,13.271977078681937,61.376405520901024,34.826149549090125,3.279684606301719,10.189838261696488,0.22607220959113403,4.068570624971228,Baseline (no TES/DSM)
2024-03-05 04:00:00,93.95021744114084,78.4,4.15,98.94223865568468,4.99202121454384,47.13059788160748,44.12540218269812,55.0,755.8975382555085,,,11.97350454410292,55.37160485197245,31.418910491446578,2.958814523561393,9.192908788704255,0.22430410317758878,3.2789078053491036,Baseline (no TES/DSM)
2024-03-05 05:00:00,115.0274983707374,77.4,3.5,121.13945561535341,6.111957244616008,44.692099619167166,41.685738290113235,55.0,884.7768020012535,,,14.659702893201642,67.79395897498239,38.46759245266661,3.6226103787518764,11.25529380895254,0.22796185057124926,5.0064077609181075,Baseline (no TES/DSM)
2024-03-05 06:00:00,116.20281063884914,83.4,3.2,122.37721780573175,6.174407166882602,44.556123971587745,41.54969764461431,55.0,752.6252631835171,,,14.809490803929922,68.48665483306628,38.860641366836894,3.6596249924837454,11.370296613344824,0.22816581404261838,5.113436654060026,Baseline (no TES/DSM)
2024-03-05 07:00:00,123.5368683687486,79.4,3.2,130.10096885166087,6.564100482912266,43.70762329966834,40.700791379639504,55.0,870.7747731918784,,,15.744181280944296,72.80914133328076,41.3133031022839,3.890599620525018,12.087924795571181,0.22943856505049748,5.806839202977934,Baseline (no TES/DSM)
2024-03-05 08:00:00,107.49810275459107,78.9,3.5,113.20998745363744,5.711884699046365,45.56319955793664,42.55725462464694,55.0,811.2628762892507,,,13.700117539599269,63.35634584127545,35.94960565751524,3.385483890815322,10.518552064031425,0.22665520066309502,4.347563304750108,Baseline (no TES/DSM)
2024-03-05 09:00:00,89.78379969689279,79.8,3.6,94.5544393507078,4.77063965381501,47.612624119426556,44.607658834588804,55.0,701.7737643613559,,,11.44251458844222,52.91603589996571,30.025573575983735,2.8275997412153266,8.78523013354302,0.22358106382086015,2.9804563146173795,Baseline (no TES/DSM)
2024-03-05 10:00:00,74.92149486113156,74.9,4.35,78.90242967915285,3.9809348180212822,49.33209185527534,46.32794849574152,55.0,737.2180424262713,,,9.54838512995196,44.1566131655702,25.055309131157706,2.3595347957648594,7.330972586660081,0.221001862217087,2.031533122414392,Baseline (no TES/DSM)
2024-03-05 11:00:00,58.83326075430931,74.4,5.25,61.95935129252763,3.126090538218321,51.19339128219197,48.19013764513757,55.0,637.8168059094249,,,7.498016866511691,34.674662341059474,19.67506839159409,1.8528611335826106,5.756759426291456,0.21820991307671206,1.208053179819875,Baseline (no TES/DSM)
2024-03-05 12:00:00,73.06576579499047,74.5,5.95,76.9480969150222,3.8823311200317363,49.5467871055052,46.54274637276405,55.0,736.6686486058762,,,9.311881362198744,43.06289886281132,24.43471466087892,2.301091523761438,7.149391867570523,0.2206798193417422,1.9257417184717842,Baseline (no TES/DSM)
2024-03-05 13:00:00,64.70868583471852,75.6,6.7,68.14696560937196,3.438279774653438,50.513644501877536,47.5100659380639,55.0,648.9477430359115,,,8.246811609247535,38.13747195183663,21.63993297337355,2.037898417513355,6.331662266648424,0.2192295332471837,1.4842392052757207,Baseline (no TES/DSM)
2024-03-05 14:00:00,63.40837093856278,70.7,7.4,66.77755880769445,3.3691878691316646,50.66408210459737,47.6605754516837,55.0,796.1998127866299,,,8.081092713198792,37.37110307506234,21.205080575521404,1.9969470423623708,6.204428114748336,0.21900387684310393,1.4206814444653426,Baseline (no TES/DSM)
2024-03-05 15:00:00,51.750736551392826,73.1,7.25,54.5004989443822,2.749762392989375,52.01279123326687,49.009929278789464,55.0,617.4220800942979,,,6.595383130932867,30.50042259793045,17.306524709144945,1.629808158870837,5.0637434784359705,0.2169808131500997,0.9126718498167845,Baseline (no TES/DSM)
2024-03-05 16:00:00,50.543043830711,72.7,7.3,53.228635774216606,2.6855919435056066,52.15251307930485,49.149717913472784,55.0,618.8528550331698,,,6.44146848684997,29.788642615578695,16.90264709687602,1.591773773647711,4.94557228811418,0.21677123038104273,0.8664003327856786,Baseline (no TES/DSM)
2024-03-05 17:00:00,50.46793996314559,71.0,6.85,53.14954128150536,2.6816013183597676,52.16120208673292,49.158411074346084,55.0,673.9801550852475,,,6.431896859193683,29.744378517091747,16.87753079851219,1.5894084953100924,4.938223470591328,0.2167581968699006,0.8635622201995782,Baseline (no TES/DSM)
2024-03-05 18:00:00,65.00110613702367,74.6,5.55,68.45492359101871,3.4538174539950433,50.47981345880062,47.476218723360276,55.0,677.9923658989416,,,8.28407917406858,38.30981621958759,21.737724416057162,2.0471077356076623,6.360275219766299,0.21928027981179907,1.4987228886646604,Baseline (no TES/DSM)
2024-03-05 19:00:00,76.05641804609057,78.8,3.75,80.0976567225861,4.041238676495524,49.20078895032427,46.19658282649555,55.0,646.4582043150593,,,9.693025645774375,44.825504838697654,25.43485109427487,2.395277418765036,7.442023370848536,0.2211988165745136,2.097621435871583,Baseline (no TES/DSM)
2024-03-05 20:00:00,102.31440584709642,77.1,2.45,107.75085611249517,5.436450265398747,46.16291808634479,43.1572598253918,55.0,832.0360780606001,,,13.039480234358084,60.30122128007895,34.21606939131772,3.2222314991405065,10.011333941958,0.2257556228704828,3.920935647033985,Baseline (no TES/DSM)
2024-03-05 21:00:00,108.83373141788256,83.3,1.55,114.61658441060094,5.782852992718375,45.408676392183864,42.4026575950482,55.0,722.6174787155184,,,13.870337005873251,64.14352765508106,36.39626771498263,3.427547417592233,10.649241622945016,0.2268869854117242,4.461050318381689,Baseline (no TES/DSM)
2024-03-05 22:00:00,129.925011316949,82.6,0.9,136.82854417146737,6.9035328545183745,42.96855854404642,39.96137334258564,55.0,824.7790359239549,,,16.558319456479396,76.57413237534271,43.44963122331052,4.091784148336923,12.712996424477215,0.23054716218393037,6.4466727327903675,Baseline (no TES/DSM)
2024-03-05 23:00:00,122.69578425281613,83.0,0.4,129.21519394240923,6.519409689593104,43.804931019868036,40.798145614045794,55.0,787.5586877146151,,,15.636989144955896,72.31343010894153,41.0320270470069,3.8641109974484724,12.005625789012326,0.22929260347019795,5.725084190864612,Baseline (no TES/DSM)
2024-03-06 00:00:00,114.06295830826298,83.4,-0.3,120.12366495883794,6.060706650574957,44.803690353961386,41.797382366558885,55.0,743.5044429054902,,,14.536776889030959,52.93184803459603,30.034545684412894,18.224993635717357,18.932277604111658,0.22779446446905793,3.8734392526019614,Baseline (no TES/DSM)
2024-03-06 01:00:00,110.37619800214624,82.3,-0.9,116.24100956953409,5.8648115673878465,45.23022348366294,42.22411938398974,55.0,749.100662949241,,,14.066916972996562,51.2209767828093,29.063764525622595,17.635922616414096,18.320345644688093,0.2271546647745056,3.617156698092928,Baseline (no TES/DSM)
2024-03-06 02:00:00,116.60274036279287,83.7,-1.4,122.79839769514211,6.195657332349242,44.50985481855077,41.503406374391375,55.0,748.5427419799495,,,14.860459928828028,54.11045465452997,30.703309683493764,18.63080032762184,19.353833029496535,0.22823521777217384,4.055084606815826,Baseline (no TES/DSM)
2024-03-06 03:00:00,122.50044293358832,85.6,-1.45,129.00947321123095,6.509030277642637,43.82753068389068,40.82075608096711,55.0,737.789090577984,,,15.612093830850954,56.84733173417676,32.256266225414386,19.57313597639236,20.332739275247445,0.22925870397416398,4.492918397826786,Baseline (no TES/DSM)
2024-03-06 04:00:00,131.0091093253915,84.1,-1.65,137.97024545539122,6.961136129999716,42.84313576685175,39.835890611864585,55.0,798.8955406715327,,,16.69648254735752,60.79584791425707,34.49673002933739,20.93265174855011,21.745015763246652,0.23073529634972237,5.164071389167598,Baseline (no TES/DSM)
2024-03-06 05:00:00,121.95814032605362,85.8,-1.85,128.43835549080714,6.480215164753517,43.890271412669094,40.88352680053366,55.0,732.1172908669447,,,15.542979964886097,56.595671776934395,32.11346953942313,19.486486798451146,20.24272737599847,0.22916459288099636,4.451723377279643,Baseline (no TES/DSM)
2024-03-06 06:00:00,133.33310815131716,84.3,-2.1,140.41772937541853,7.084621224101369,42.57426488555248,39.56689120719949,55.0,803.9309068289381,,,16.99266504975719,61.874318563370174,35.108674958199785,21.30398056940571,22.13075528444287,0.23113860267167127,5.355495179892726,Baseline (no TES/DSM)
2024-03-06 07:00:00,138.10437261682355,86.9,-2.3,145.4425137803219,7.338141163498335,42.022261989749964,39.01462444768005,55.0,774.2143011231673,,,17.600739818659655,64.08846283392745,36.36502287944503,22.066333797902324,22.922694269047085,0.23196660701537505,5.759401234837272,Baseline (no TES/DSM)
2024-03-06 08:00:00,131.95249385421945,87.3,-2.5,138.96375648429168,7.011262630072224,42.73399258362788,39.72669525694702,55.0,744.9010617154084,,,16.816712380245708,61.23363321510078,34.74513780473872,21.083385845656878,21.901599618795302,0.23089901112455818,5.241356793468227,Baseline (no TES/DSM)
2024-03-06 09:00:00,124.69536806032386,83.1,-2.15,131.32102513346976,6.625657073145902,43.57359275301576,40.56669676484798,55.0,793.6841352132798,,,15.891826509441062,57.865904678266915,32.834224047748265,19.923841385571045,20.697055021883536,0.22963961087047635,4.661587211553493,Baseline (no TES/DSM)
2024-03-06 10:00:00,99.37129447248552,84.3,-0.9,104.651363253956,5.28006878147049,46.50341608497798,43.49792058597462,55.0,661.4440534110056,,,12.664394807442681,46.11406135726759,26.16600277442482,15.877557764542455,16.493741357721145,0.22524487587253303,2.9042406881942013,Baseline (no TES/DSM)
2024-03-06 11:00:00,87.70049002339542,80.0,0.25,92.36043354079028,4.659943517394865,47.85364890037043,44.848798828143075,55.0,686.3648827337934,,,11.177006763960364,40.698129167685124,23.092898985088397,14.01279518111435,14.55661020690241,0.22321952664944436,2.2334362707943383,Baseline (no TES/DSM)
2024-03-06 12:00:00,72.79985739287636,77.9,1.4,76.66805953672652,3.868202143850155,49.57755090177899,46.573524874485386,55.0,646.6725739846723,,,9.277992611882405,33.78336881326392,19.16933135098858,11.631970249978938,12.083389122495081,0.22063367364733152,1.5045320122972712,Baseline (no TES/DSM)
2024-03-06 13:00:00,101.45878956280636,78.4,2.6,106.84977687176898,5.390987308962622,46.26190707973185,43.25629613665333,55.0,794.2446415537398,,,12.930436043221704,47.082780514938456,26.71567260226486,16.21109798916884,16.840225765396823,0.22560713938040222,3.033475632683999,Baseline (no TES/DSM)
2024-03-06 14:00:00,114.85242988588656,82.9,3.65,120.95508491051656,6.102655024629996,44.71235385393032,41.70600220663296,55.0,756.6621620614386,,,14.637391254591504,53.298208772509454,30.24242579305078,18.351135502377385,19.063314842578936,0.22793146921910454,3.9294571776956593,Baseline (no TES/DSM)
2024-03-06 15:00:00,124.53898731453182,77.2,5.25,131.15633513601443,6.6173478214826105,43.591684943282935,40.58479760338967,55.0,932.2734345172198,,,15.871896533530958,57.79333491508903,32.79304657240206,19.898854850598788,20.671098797924564,0.2296124725850756,4.6494674563192815,Baseline (no TES/DSM)
2024-03-06 16:00:00,100.63214926563842,77.6,5.75,105.97921324996541,5.347063984326994,46.357543748192086,43.35197852053826,55.0,810.3568298383518,,,12.825084702649455,46.699171328942136,26.498005393399673,16.07901729988673,16.703019227736874,0.22546368437771186,2.981963327183695,Baseline (no TES/DSM)
2024-03-06 17:00:00,96.28393340840134,76.2,5.8,101.39995603491197,5.1160226265106274,46.860602793047306,43.85527803338815,55.0,825.6335946753516,,,12.270925449553678,44.68134622261031,25.353052730880357,15.384258830527179,15.98129825089412,0.22470909581042905,2.7182515025545277,Baseline (no TES/DSM)
2024-03-06 18:00:00,97.49168524523128,76.6,5.0,102.67188146234734,5.1801962171160625,46.72087410767246,43.71548255609869,55.0,820.8889476290869,,,12.424847627706077,45.241813333395,25.671072517993615,15.577233568919151,16.181762042039576,0.2249186888384913,2.7902777691069005,Baseline (no TES/DSM)
2024-03-06 19:00:00,95.29419332524017,79.9,3.4,100.35762636093776,5.063433035697585,46.97510899909531,43.969838974716296,55.0,728.1599880329345,,,12.144787823628166,44.222049247916274,25.09243881919255,15.226118037195498,15.817020256633434,0.22453733650135704,2.6599273412819984,Baseline (no TES/DSM)
2024-03-06 20:00:00,111.98069134717636,78.9,2.2,117.93075726559331,5.9500659184169535,45.04459450016066,42.03840166770375,55.0,832.1466005982041,,,14.271401953244077,51.965555033025566,29.486252504072247,17.89228876222891,18.58666096626659,0.22743310824975901,3.7276156946642254,Baseline (no TES/DSM)
2024-03-06 21:00:00,124.47416978628434,84.7,-0.7,131.08807354467805,6.613903758393718,43.599183891109035,40.59230013579886,55.0,761.9272597020235,,,15.863635850478309,57.76325581135493,32.775979112096174,19.888498297890415,20.66034032333654,0.22960122416333645,4.644448613872769,Baseline (no TES/DSM)
2024-03-06 22:00:00,141.90776434081297,85.7,-0.5,149.44799776860302,7.540233427790042,41.58223539707383,38.57438751724451,55.0,809.2400678570965,,,18.085463849433943,65.85345784840153,37.36651489915186,22.674040199629292,23.553984821420332,0.23262664690438925,6.091878668372254,Baseline (no TES/DSM)
2024-03-06 23:00:00,148.577697545227,84.3,-0.05,156.4723361991346,7.8946386539075775,40.81056942251646,37.80235267749854,55.0,859.5172981693162,,,18.93551484140687,68.9486948649867,39.1228117418004,23.739762954886803,24.661066637460685,0.2337841458662253,6.69744065354879,Baseline (no TES/DSM)
2024-03-07 00:00:00,143.46019497382272,86.1,-0.7,151.08291641351056,7.622721439687837,41.40262971578134,38.39469598237588,55.0,807.484441022504,,,18.283313686773507,65.84276126614745,37.360445453245354,22.67035725352514,25.209352440592617,0.232896055426328,6.1618435680210695,Baseline (no TES/DSM)
2024-03-07 01:00:00,158.72257000347747,85.7,-1.75,167.15625390826122,8.433683904783749,39.63687657547635,36.62809879181262,55.0,866.9020355010659,,,20.228430172383156,72.84760965364153,41.33513076498941,25.082200444751045,27.89131304487924,0.23554468513678548,7.589172225586189,Baseline (no TES/DSM)
2024-03-07 02:00:00,150.39404925123827,89.2,-2.45,158.3851992969919,7.991150045753642,40.600429865432055,37.59211267129507,55.0,778.5436081341144,,,19.16700015350038,69.02513608395273,39.1661859554063,23.76608247292539,26.427794784707494,0.23409935520185193,6.791895361541276,Baseline (no TES/DSM)
2024-03-07 03:00:00,169.24785138712448,85.6,-2.2,178.24079347552154,8.992942088397058,38.41917299922052,35.40981313927751,55.0,902.4898656582172,,,21.569826796121816,77.67831261991695,44.07616426968774,26.74546243323987,29.740854152676985,0.23737124050116923,8.659963731018852,Baseline (no TES/DSM)
2024-03-07 04:00:00,160.74562746737843,90.0,-2.5,169.28680602255358,8.54117855517515,39.40282256599489,36.39393290182949,55.0,799.2775168840163,,,20.48625914177511,73.77611591733114,41.86198302559482,25.40189494578956,28.24681213383806,0.23589576615100766,7.789508413134029,Baseline (no TES/DSM)
2024-03-07 05:00:00,162.12648054564198,87.8,-2.85,170.7410303824236,8.614549836781606,39.24306724256022,36.23410121351746,55.0,840.0157490608319,,,20.662242242800772,74.40987484671446,42.22158999614735,25.620104830451833,28.489460709109945,0.23613539913615966,7.92774686485571,Baseline (no TES/DSM)
2024-03-07 06:00:00,135.83628544290144,86.6,-3.2,143.05391236388888,7.217626920987442,42.28466427262251,39.27715216185417,55.0,771.1635110083661,,,17.311682988105837,62.34367738960072,35.37499815741229,21.465585764359957,23.86965105251592,0.23157300359106625,5.504448859603727,Baseline (no TES/DSM)
2024-03-07 07:00:00,124.19502281205294,85.3,-3.25,130.79409416605952,6.599071354006583,43.631479300270335,40.62461098253624,55.0,749.8611056314287,,,15.828059907649578,57.00078156836369,32.343336604142536,19.625970372985332,21.824005620567963,0.2295527810495945,4.572096769784635,Baseline (no TES/DSM)
2024-03-07 08:00:00,116.61316938904545,85.6,-2.95,122.80938086508614,6.196211476040688,44.508648251039475,41.50219923012697,55.0,713.973166382244,,,14.861789058197044,53.52099984231006,30.36884171866955,18.427844817845774,20.491694486260755,0.22823702762344078,4.011297809918135,Baseline (no TES/DSM)
2024-03-07 09:00:00,120.3030867712227,84.4,-2.3,126.69536108089414,6.39227430967145,44.08174986907824,41.07509678584165,55.0,750.6885896982745,,,15.332051328431191,55.21453127331663,31.329783930611807,19.01094555394343,21.14010032302228,0.22887737519638265,4.279650755101837,Baseline (no TES/DSM)
2024-03-07 10:00:00,107.33542995654612,84.5,-1.25,113.0386710773126,5.703241120766478,45.58201969591857,42.57608375887073,55.0,693.8690643346331,,,13.67938567181181,49.26287107944979,27.95269779762885,16.961726167454586,18.861376032779376,0.22662697045612215,3.374894950245963,Baseline (no TES/DSM)
2024-03-07 11:00:00,115.16572791862964,80.4,0.25,121.28502995556602,6.119302036936375,44.67610739922765,41.66973842570911,55.0,811.0529359639794,,,14.677319586008705,52.85667937905752,29.991893547700574,18.199112274690638,20.2373447541173,0.22798583890115853,3.908400239405781,Baseline (no TES/DSM)
2024-03-07 12:00:00,104.75916828623063,82.5,2.0,110.32552038999732,5.56635210376669,45.88007567513335,42.874282212262955,55.0,719.7129516391742,,,13.351053479971528,48.0804651713255,27.281778009567272,16.554611340548952,18.408665868555595,0.22617988648729997,3.2079068052571578,Baseline (no TES/DSM)
2024-03-07 13:00:00,106.29550870919671,78.6,3.4,111.94349387559058,5.647985166393866,45.70233152187025,42.696453095255464,55.0,812.8951152062629,,,13.546852697223983,48.78558686526538,27.68187758130084,16.797392177825998,18.67863725119836,0.22644650271719463,3.306980321488617,Baseline (no TES/DSM)
2024-03-07 14:00:00,79.6687050291792,77.4,4.25,83.90188166754153,4.2331766383623375,48.78287187833001,45.77846598534642,55.0,700.4004702019093,,,10.153394294029097,36.564898901584066,20.74762486637119,12.589680400662854,13.999677498923422,0.22182569218250497,1.8027507541813583,Baseline (no TES/DSM)
2024-03-07 15:00:00,69.67900733695808,75.3,4.2,73.3813838966757,3.702376559717621,49.93861205877137,46.934758622852996,55.0,691.2157995745803,,,8.880255242627118,31.980008434999117,18.14607008810856,11.011054248797578,12.244251124770443,0.22009208191184296,1.354939475539756,Baseline (no TES/DSM)
2024-03-07 16:00:00,50.489689672342074,75.7,4.4,53.17244665603903,2.6827569836969545,52.15868579308663,49.155893577882566,55.0,539.58108403922,,,6.434668755299831,23.1728430600871,13.1487155534608,7.978654306865212,8.872233735625915,0.21676197131037006,0.673122085928241,Baseline (no TES/DSM)
2024-03-07 17:00:00,78.41529907653079,73.7,4.0,82.58187630430662,4.166577227775832,48.92788243485648,45.92354585858251,55.0,796.3837496757903,,,9.993653717813364,35.98963334499637,20.42120815730957,12.391610401277875,13.779424400722801,0.2216081763477153,1.7430753089233213,Baseline (no TES/DSM)
2024-03-07 18:00:00,76.67579636342413,82.3,2.6,80.74994555129652,4.074149187872393,49.12913108536265,46.12489070825241,55.0,581.5488029236382,,,9.771962441229459,35.19126790375466,19.96820029515901,12.11672475821291,13.473752594169941,0.22130630337195603,1.6619151396620253,Baseline (no TES/DSM)
2024-03-07 19:00:00,89.18394464802154,76.7,2.8,93.92271115442745,4.738766506405909,47.68202327481451,44.6770911635692,55.0,773.2221176341602,,,11.3660659399017,40.932031197256364,23.225619482363356,14.093330117236947,15.671730357570778,0.22347696508777823,2.2884222840636066,Baseline (no TES/DSM)
2024-03-07 20:00:00,89.81791758956086,77.9,2.0,94.5903700890364,4.772452499475534,47.60867691094805,44.60370973929936,55.0,745.9839050186636,,,11.44686275020302,41.223000612477,23.39072110867535,14.193513956220212,15.783134411663834,0.22358698463357793,2.3228311047117476,Baseline (no TES/DSM)
2024-03-07 21:00:00,111.83962777055905,83.2,1.65,117.78219831125091,5.942570540691861,45.06091459797707,42.05472956671415,55.0,737.7515958787975,,,14.253424077070523,51.33012619099951,29.12569799306119,17.673503909028486,19.65287021816172,0.2274086281030344,3.6770085617457435,Baseline (no TES/DSM)
2024-03-07 22:00:00,134.81042611422882,83.2,0.3,141.97354425736182,7.163118143133005,42.40334923008131,39.39589385208422,55.0,831.3495948008593,,,17.180942137599903,61.872847060095246,35.107839999021586,21.30347391530584,23.689383282939158,0.23139497615487803,5.418818044060803,Baseline (no TES/DSM)
2024-03-07 23:00:00,136.84713271361287,85.7,-1.85,144.1184707505241,7.2713380369112315,42.16771610831917,39.160148094986624,55.0,790.877041336902,,,17.440510623835785,62.80761775671181,35.63824681900699,21.625325326682166,24.047280848123137,0.23174842583752125,5.58948250276634,Baseline (no TES/DSM)
2024-03-08 00:00:00,150.088130587774,86.9,-2.5,158.063025722155,7.974895134381001,40.63582257722432,37.62752230120961,55.0,816.180514759583,,,19.128012287299736,69.24887977460041,39.29314241636274,23.843119785800255,25.677883745391597,0.23404626613416352,6.799205729760143,Baseline (no TES/DSM)
2024-03-08 01:00:00,152.48891615605274,88.3,-2.7,160.59137642881063,8.102460272757895,40.358067991312865,37.34963494541961,55.0,800.2164313916567,,,19.43398089167483,70.35657370436859,39.92166919510329,24.224510490450374,26.088623038888382,0.23446289801303072,7.025215895713723,Baseline (no TES/DSM)
2024-03-08 02:00:00,133.93691166137052,86.9,-2.75,141.0536158333745,7.116704172003978,42.50440892002075,39.497001849714835,55.0,759.0059090602768,,,17.069616910735036,61.79689930640694,35.06474578707779,21.277324302567745,22.914646437322016,0.23124338661996888,5.374695494137969,Baseline (no TES/DSM)
2024-03-08 03:00:00,126.93789810508461,82.6,-1.7,133.68271144910034,6.744813344015725,43.31414725642229,40.30712725033071,55.0,812.9050793665057,,,16.177626206477974,58.5676376292712,33.23240078175197,20.16545544290884,21.717217595168325,0.23002877911536657,4.809288384800559,Baseline (no TES/DSM)
2024-03-08 04:00:00,123.3872975393814,85.5,-0.9,129.9434506138297,6.556153074448304,43.724927628853024,40.71810398049206,55.0,743.0840855329499,,,15.725119196216115,56.92943272433222,32.3028519017344,19.60140421335419,21.109761774408877,0.22941260855672047,4.53445403678312,Baseline (no TES/DSM)
2024-03-08 05:00:00,145.71457568654165,84.4,-0.5,153.45708307936584,7.742507392824194,41.14181317738597,38.133754770683,55.0,847.4603789606206,,,18.57062369459535,67.23097351940903,38.14814370842427,23.14833337603235,24.92963247550019,0.23328728023392103,6.39696803002203,Baseline (no TES/DSM)
2024-03-08 06:00:00,129.1474321837117,86.8,-1.3,136.00964856622147,6.862216382509786,43.05851916902658,40.0513769697766,55.0,742.808753251481,,,16.45922072590914,59.58709039458664,33.81085783152199,20.516463783816278,22.095236556296562,0.23041222124646013,4.98439367105766,Baseline (no TES/DSM)
2024-03-08 07:00:00,119.74792760674264,82.3,-1.1,126.11070367359984,6.362776066857208,44.14597801418311,41.13935563273673,55.0,789.609562808036,,,15.261298955955136,55.250270688442875,31.350063160153194,19.023251011572537,20.487118813431227,0.22878103297872535,4.261129164909476,Baseline (no TES/DSM)
2024-03-08 08:00:00,110.12772925421086,82.7,-0.7,115.97933849706315,5.851609242852291,45.25896963038533,42.25287927170004,55.0,740.0032233068525,,,14.03525082294922,50.81162549702526,28.831490755664326,17.4949786506317,18.841243593741865,0.227111545554422,3.579485028540364,Baseline (no TES/DSM)
2024-03-08 09:00:00,108.81465564071523,84.0,-0.25,114.59649504680335,5.781839406088125,45.41088333005373,42.40486558785968,55.0,709.4262816561048,,,13.867905889577656,50.205788936598644,28.487727472743842,17.286382732143394,18.61659590531748,0.2268836750049194,3.491044472957636,Baseline (no TES/DSM)
2024-03-08 10:00:00,90.49941556805888,80.9,0.35,95.30807929151015,4.808663723451275,47.52983222305994,44.52482736274592,55.0,682.2948658011458,,,11.533716398492391,41.75535482920203,23.692789100559317,14.376809128635493,15.483126233113317,0.22370525166541008,2.3725812949092453,Baseline (no TES/DSM)
2024-03-08 11:00:00,84.5793187452039,77.7,0.9,89.0734196104014,4.494100865197495,48.21474722059832,45.21006975751065,55.0,721.6789637700534,,,10.77922845646722,39.02389251080018,22.142904998011588,13.436337839279814,14.47028426230982,0.22267787916910253,2.0570085608614783,Baseline (no TES/DSM)
2024-03-08 12:00:00,97.4540274165568,81.5,1.35,102.63222269440145,5.178195277844651,46.72523086270631,43.719841393711434,55.0,705.0505488261675,,,12.420048318081943,44.964130086043525,25.513509718128347,15.481624297683842,16.672958592545733,0.22491215370594053,2.7719763365600314,Baseline (no TES/DSM)
2024-03-08 13:00:00,114.84511605490552,82.5,1.5,120.94738246096264,6.102266406057126,44.71320001450476,41.70684877168186,55.0,764.6402145180995,,,14.6364591419166,52.988171704458665,30.06650481484978,18.24438646938747,19.648319472266728,0.22793019997824288,3.9063304039785725,Baseline (no TES/DSM)
2024-03-08 14:00:00,114.82554569200319,80.6,1.6,120.92677223174131,6.101226539738121,44.7154641725853,41.70911401205594,55.0,805.037116164299,,,14.633964993041564,52.97914217159382,30.061381284736854,18.241277505973088,19.644971269437548,0.22792680374112206,3.9049450206758474,Baseline (no TES/DSM)
2024-03-08 15:00:00,108.29226787679158,80.5,2.55,114.04635034020568,5.754082463414093,45.47132004667305,42.46533119392289,55.0,777.7829101722077,,,13.801330074901738,49.96476543048923,28.350966113107784,17.20339579652703,18.527223000081623,0.22679301992999043,3.4561667375469876,Baseline (no TES/DSM)
2024-03-08 16:00:00,107.46660940443525,80.4,2.4,113.17682071222855,5.710211307793301,45.566843124670406,42.5608999330474,55.0,776.1853298464171,,,13.696103863192022,49.58381642364126,28.13480834090741,17.07223103498688,18.385964912693,0.2266497353129944,3.401397309894207,Baseline (no TES/DSM)
2024-03-08 17:00:00,105.54477654314607,79.7,2.4,111.15287174439206,5.6080952012459875,45.78918613507142,42.78334922595816,55.0,783.038743106304,,,13.45117548383975,48.69710558090436,27.631671603689412,16.766927138265967,18.057167421532316,0.2263162207973929,3.275605118569761,Baseline (no TES/DSM)
2024-03-08 18:00:00,116.77649130391349,80.6,1.9,122.98138084889352,6.204889544980034,44.48975301464943,41.48329496159716,55.0,813.597643699849,,,14.882603652809866,53.879285291485324,30.572139753612174,18.551206277410184,19.978749526385844,0.22826537047802586,4.044258998343885,Baseline (no TES/DSM)
2024-03-08 19:00:00,111.94230762251011,83.7,1.2,117.89033403135437,5.948026408844257,45.04903523643102,42.042844526696996,55.0,728.6494399824252,,,14.266510131657832,51.648850391331344,29.306548216717427,17.78324401329993,19.15169141000567,0.22742644714535348,3.703521546633882,Baseline (no TES/DSM)
2024-03-08 20:00:00,120.02811920277959,80.0,1.0,126.4057831797412,6.377663976961614,44.11356174937321,41.10692387258037,55.0,841.4675317537835,,,15.297008030822044,55.37954776099905,31.423417450354773,19.06776247134701,20.53505549704036,0.2288296573759402,4.281870735418508,Baseline (no TES/DSM)
2024-03-08 21:00:00,99.22244315909886,83.1,0.9,104.49460276340643,5.272159604307575,46.52063717105012,43.51514990392347,55.0,682.4306106988487,,,12.645424421574791,45.78005609343148,25.97648178228105,15.762556228912516,16.975508658781386,0.22521904424342482,2.8784749087964783,Baseline (no TES/DSM)
2024-03-08 22:00:00,101.34207629507158,79.8,0.8,106.7268620738577,5.384785778786124,46.27541001217962,43.269805523657716,55.0,760.5207042109101,,,12.915561497109504,46.75802963220771,26.53140272343775,16.099282834574332,17.33814688363791,0.22558688498173057,3.008764178662701,Baseline (no TES/DSM)
2024-03-08 23:00:00,104.73255743659972,80.6,0.75,110.29749557955277,5.564938142953054,45.883154369714674,42.87736237849561,55.0,758.9727250868422,,,13.34766205483536,48.32235733772486,27.41903226371073,16.63789736506631,17.91820861305088,0.22617526844542798,3.2231531220898364,Baseline (no TES/DSM)
2024-03-09 00:00:00,104.35110847884859,83.7,1.0,109.89577842720644,5.54466994835785,45.927285423610705,42.92151452754169,55.0,695.0300606771133,,,13.299048214938312,53.41709139380836,30.30988207226762,18.392068042936973,7.776736918193482,0.22610907186458395,3.5488332390272457,Baseline (no TES/DSM)
2024-03-09 01:00:00,109.26067892341312,79.7,0.85,115.06621766463905,5.805538741225931,45.359281465301834,42.35323905682445,55.0,800.4592648475987,,,13.924749417433295,55.93028916395762,31.73591868433106,19.25738854594175,8.142621270408625,0.22696107780204725,3.9064125223314567,Baseline (no TES/DSM)
2024-03-09 02:00:00,119.98225550725951,81.6,0.7,126.3574825282752,6.375227021015689,44.11886786747299,41.11223252706547,55.0,805.3581170998148,,,15.291162922831067,61.41863945188123,34.850113891476745,21.147085444538973,8.941643740378247,0.2288216981987905,4.7468496610783095,Baseline (no TES/DSM)
2024-03-09 03:00:00,139.5518495039368,86.0,0.75,146.9669019883968,7.415052484460006,41.85479874409042,38.8470811526679,55.0,795.3106798084264,,,17.78521380453619,71.43626941574621,40.53430924778842,24.596261113166353,10.400062211695829,0.23221780188386437,6.491500063637129,Baseline (no TES/DSM)
2024-03-09 04:00:00,135.0082592775677,83.7,0.75,142.18188923616242,7.1736299585947165,42.38046127661775,39.37299495791633,55.0,822.0336429141917,,,17.206155025283707,69.1104160739279,39.21457545718982,23.79544527305917,10.06145243198554,0.23142930808507337,6.062174423891086,Baseline (no TES/DSM)
2024-03-09 05:00:00,109.46378229208963,80.6,0.8,115.28011287981458,5.8163305877249485,45.33578378487201,42.3297301442338,55.0,780.9458716639068,,,13.950633967506784,56.034257309242626,31.79491220383269,19.293185875082767,8.157757491656497,0.22699632432269198,3.9215741562547324,Baseline (no TES/DSM)
2024-03-09 06:00:00,100.32980006137018,80.8,0.85,105.66079879664275,5.330998735272573,46.39252349779646,43.386974990864246,55.0,733.6042584470838,,,12.786551746901058,51.358592903563064,29.14185055169501,17.68330529844836,7.477050042936316,0.2254112147533053,3.2687104044646955,Baseline (no TES/DSM)
2024-03-09 07:00:00,119.8871950217794,82.3,0.3,126.2573710277671,6.370176005987702,44.129865720063385,41.12323563675557,55.0,790.1941866110462,,,15.279047919951235,61.36997820894046,34.82250256902283,21.130330865286005,8.934559384517804,0.22880520141990493,4.739039161835086,Baseline (no TES/DSM)
2024-03-09 08:00:00,116.78189643424355,85.1,0.1,122.98707317946652,6.205176745222971,44.489127677777844,41.48266932580737,55.0,723.4656640029631,,,14.883292510742619,59.78038303478771,33.9205357824748,20.58301647880613,8.70313788339788,0.22826630848333324,4.487428437130586,Baseline (no TES/DSM)
2024-03-09 09:00:00,107.09801878536156,80.4,0.6,112.7886451231568,5.690626337795237,45.609486556105665,42.6035637485321,55.0,774.4712804196097,,,13.64912875687939,54.82322843473249,31.10775119572195,18.876215858917988,7.981449633784369,0.2265857701658415,3.7467883231410632,Baseline (no TES/DSM)
2024-03-09 10:00:00,97.73311047409636,79.7,1.05,102.92613476013071,5.193024286034344,46.692942848272196,43.687537945235995,55.0,744.9371526665717,,,12.455616115034893,50.02935350182858,28.387614623434533,17.225634150803522,7.283532484064072,0.2249605857275917,3.093932434844044,Baseline (no TES/DSM)
2024-03-09 11:00:00,86.35550208094831,81.9,1.7,90.94398000172326,4.588477920774949,48.009254871160294,45.00447918037212,55.0,641.0525247629993,,,11.00559450245343,44.20518204606544,25.082868045388732,15.220310481672726,6.435619428596365,0.22298611769325957,2.3846251509008116,Baseline (no TES/DSM)
2024-03-09 12:00:00,81.37474559861303,76.3,2.75,85.69857227427651,4.323826675663483,48.58549457059695,45.5809943289959,55.0,738.6985214714515,,,10.370820980916097,41.655544307611194,23.6361546964753,14.342443313189534,6.064429957000485,0.22212175814410456,2.103064822446802,Baseline (no TES/DSM)
2024-03-09 13:00:00,68.79307234705938,76.6,3.55,72.44837497353087,3.655302626471496,50.041108720495394,47.0373042791572,55.0,651.6576283426137,,,8.767347077896389,35.215014832052205,19.981674757685827,12.124901076122836,5.1267843076700075,0.2199383369192569,1.4703447577343607,Baseline (no TES/DSM)
2024-03-09 14:00:00,81.1825150125462,77.4,4.0,85.49612756428462,4.313612551738416,48.607734343918644,45.60324473318438,55.0,709.3676509791445,,,10.346322114830674,41.55714191462944,23.580319291568706,14.308562331277477,6.050104026808997,0.22208839848412204,2.0925514491302626,Baseline (no TES/DSM)
2024-03-09 15:00:00,77.14452246866351,78.2,3.5,81.2435773004492,4.099054831785693,49.07490265822328,46.07063635930274,55.0,666.3807276534696,,,9.831699334915092,39.490102858615764,22.40744169019096,13.59685897990372,5.749173771738759,0.22138764601266508,1.8777774551478301,Baseline (no TES/DSM)
2024-03-09 16:00:00,82.86613931172373,75.7,3.6,87.2692108178715,4.403071506147768,48.412950446419714,45.40836772674783,55.0,764.0209106751071,,,10.560891955601864,42.41898530444097,24.069345759097015,14.605304101639137,6.175575652694372,0.22238057433037042,2.185523572930971,Baseline (no TES/DSM)
2024-03-09 17:00:00,90.02754535380399,79.3,3.2,94.81113637189887,4.7835910180948815,47.58442440225997,44.579445637633896,55.0,714.1468586739184,,,11.473578803194677,46.08489251553219,26.149451814233696,15.867514624642231,6.7092774174907515,0.22362336339661004,2.603494736362302,Baseline (no TES/DSM)
2024-03-09 18:00:00,99.67338565528844,80.4,2.65,104.96950597590757,5.296120320619124,46.46846618670485,43.46295398124917,55.0,739.0272250479075,,,12.702894879593023,51.02257588531558,28.951188051517462,17.567611094553374,7.428130944521147,0.22529730071994272,3.2240758990657126,Baseline (no TES/DSM)
2024-03-09 19:00:00,114.58809887741974,78.9,2.15,120.67670874028352,6.088609862863777,44.74293515647159,41.73659812738769,55.0,844.0024140269843,,,14.603703535528927,58.65738313281613,33.28332410157313,20.196355766469647,8.53964573942461,0.22788559726529262,4.313804091663703,Baseline (no TES/DSM)
2024-03-09 20:00:00,115.64975123964432,83.5,1.75,121.79477173421334,6.1450204945690245,44.62010918811032,41.61371344680444,55.0,748.3493489949644,,,14.73900603646585,59.20084052476995,33.59169224801496,20.38347387923927,8.618765082189164,0.22806983621783453,4.397399650012474,Baseline (no TES/DSM)
2024-03-09 21:00:00,115.64824968764135,81.5,1.5,121.7931903976217,6.144940709980347,44.62028290747964,41.61388724921362,55.0,788.9258786107952,,,14.73881467086585,59.200071883768004,33.59125610636971,20.383209228034204,8.61865317944978,0.22806957563878055,4.3972808506675,Baseline (no TES/DSM)
2024-03-09 22:00:00,118.02970595630842,79.9,1.0,124.30118474718402,6.271478790875605,44.344764590263125,41.338237231080655,55.0,835.1653844655699,,,15.042319848725938,60.41913384686666,34.282975243001516,20.802945121337928,8.796130535977923,0.2284828531146053,4.587710172506991,Baseline (no TES/DSM)
2024-03-09 23:00:00,113.058352458467,84.8,0.7,119.06567962945127,6.007327170984269,44.91991642825189,41.913663998246264,55.0,713.2328071066062,,,14.408744692457269,57.87430947445523,32.83899309028993,19.926735245557595,8.42564181914851,0.22762012535762216,4.1947589706517965,Baseline (no TES/DSM)
2024-03-10 00:00:00,125.39798822161839,81.3,0.55,132.06097884061953,6.662990619001135,43.49230437202415,40.4853695270777,55.0,834.4399337999625,,,15.98137207860708,57.840477442989084,32.81979614681646,19.91508652024291,21.485618730571076,0.22976154344196378,4.6877493856601955,Baseline (no TES/DSM)
2024-03-10 01:00:00,109.19484073750081,83.0,0.2,114.99688118324906,5.802040445748247,45.366898496288215,42.360859728839024,55.0,729.9898577551785,,,13.916358656457245,50.36669098236262,28.57902637923687,17.341783003792816,18.70938081785675,0.22694965225556768,3.515524971623456,Baseline (no TES/DSM)
2024-03-10 02:00:00,121.38461669877567,82.2,-0.05,127.8343578295952,6.4497411308195325,43.956624201402,40.949911306660795,55.0,798.5316772701142,,,15.469887129718744,55.989288852729885,31.769396239217087,19.277702761150735,20.797969976497498,0.229065063697897,4.381736011214459,Baseline (no TES/DSM)
2024-03-10 03:00:00,118.12002960294832,84.5,-0.3,124.39630771810948,6.276278115161162,44.33431475775748,41.32778240343519,55.0,739.8660260576071,,,15.053831164217678,54.483480992852876,30.914971981634686,18.759237230815675,20.238617512806247,0.22849852786336378,4.140423726943064,Baseline (no TES/DSM)
2024-03-10 04:00:00,121.42268374499785,83.1,-0.7,127.87444755876045,6.4517638137625966,43.952220102676975,40.94550510272606,55.0,780.328391503065,,,15.474738592156363,56.00684747675218,31.779359339220854,19.28374838062068,20.804492362166734,0.22907166984598454,4.384590111717623,Baseline (no TES/DSM)
2024-03-10 05:00:00,117.96246808957768,83.7,-1.05,124.23037421328672,6.267906123709039,44.352543554814616,41.34601991406644,55.0,754.2440730409096,,,15.033750705143689,54.410804921336556,30.873734184898513,18.73421409276109,20.21162101429056,0.22847118466777808,4.1289497123404955,Baseline (no TES/DSM)
2024-03-10 06:00:00,120.71047995787953,84.7,-1.5,127.12440100223498,6.4139210443554475,44.03461724409159,41.02794163091956,55.0,746.800897487973,,,15.383971635850683,55.678339757706254,31.59295775942114,19.170639707653457,20.682463777454124,0.22894807413386262,4.331345917033045,Baseline (no TES/DSM)
2024-03-10 07:00:00,136.27021971170763,84.5,-1.75,143.5109036211151,7.2406839094074655,42.23446102467835,39.226924916181545,55.0,811.1464343975912,,,17.366985829130638,62.85535104005251,35.66533159938772,21.641760399656146,23.348460582018713,0.23164830846298248,5.568558813536515,Baseline (no TES/DSM)
2024-03-10 08:00:00,127.35135043922163,87.5,-2.0,134.1181324692014,6.76678202997978,43.26631362922139,40.25927075810725,55.0,724.3277752928942,,,16.23031872317876,58.74147597484425,33.331039992844765,20.225309819042497,21.8203066824699,0.23010052955616792,4.840422047970825,Baseline (no TES/DSM)
2024-03-10 09:00:00,129.12998371684986,83.1,-1.7,135.99127297945395,6.861289262604089,43.060537838145564,40.05339660384258,55.0,811.378657830689,,,16.456997002505965,59.56187986993855,33.79655289635751,20.50778353424396,22.125056678913932,0.23040919324278167,4.981563424415567,Baseline (no TES/DSM)
2024-03-10 10:00:00,115.78504481254119,84.2,-0.95,121.93725409713635,6.152209284595159,44.604456640538814,41.59805341713563,55.0,735.6832698363659,,,14.756248553343298,53.40645705479277,30.30384794436831,18.38840652783641,19.838542570138856,0.22809331503919178,3.9720123245873125,Baseline (no TES/DSM)
2024-03-10 11:00:00,119.02132879913165,83.5,-0.25,125.34549722078225,6.324168421650597,44.23004056170851,41.22345836312424,55.0,762.5161751499256,,,15.168697423338994,54.899209957611845,31.150864568952365,18.90237709874478,20.39304559547326,0.22865493915743723,4.206364106117707,Baseline (no TES/DSM)
2024-03-10 12:00:00,120.778503057195,81.8,0.7,127.19603849185323,6.417535434658234,44.02674743346276,41.02006805843095,55.0,804.4331865710606,,,15.392640853559183,55.70971576777913,31.610761109255296,19.18144279889483,20.694118815923975,0.22895987884980587,4.336417278392405,Baseline (no TES/DSM)
2024-03-10 13:00:00,100.10415935731037,82.4,1.65,105.42316873042695,5.319009373116586,46.41862859487343,43.413092566477104,55.0,699.9372866484973,,,12.757794921542056,46.17356668452274,26.199767238283,15.898046076414875,17.151788731206334,0.22537205710768984,2.931477949129882,Baseline (no TES/DSM)
2024-03-10 14:00:00,102.09021963976208,77.1,2.4,107.51475782732318,5.424538187561097,46.188854908028475,43.183209045173804,55.0,830.9095745872979,,,13.010908777629686,47.08964736968132,26.71956898733625,16.213462319692585,17.49207915061302,0.22571671763795728,3.0545580602604008,Baseline (no TES/DSM)
2024-03-10 15:00:00,81.073161877461,80.9,2.25,85.38096397782324,4.307802100362238,48.62038575900337,45.61590219579065,55.0,631.8783767255281,,,10.33238558231892,37.395419633986265,21.218878257389814,12.87563744966799,13.891028636779174,0.22206942136149493,1.8801551454779781,Baseline (no TES/DSM)
2024-03-10 16:00:00,90.55031660284419,77.6,2.4,95.36168493999844,4.811368337154249,47.52394331901701,44.51893564373929,55.0,757.4496990367485,,,11.54020349120916,41.7668067821474,23.699287158282306,14.380752156836767,15.514838842731969,0.2237140850214745,2.3747077707077615,Baseline (no TES/DSM)
2024-03-10 17:00:00,76.30295291061663,79.3,2.05,80.35729115523831,4.05433824462169,49.17226654077885,46.168046782911155,55.0,637.1762854511948,,,9.724445331657826,35.195135817171895,19.970395023409523,12.118056521603574,13.073703793053323,0.22124160018883174,1.6529888534274548,Baseline (no TES/DSM)
2024-03-10 18:00:00,90.02153610307877,78.8,1.35,94.80480782114518,4.783271718066402,47.585119631758545,44.58014119946015,55.0,725.5535366378571,,,11.472812953015456,41.52290401303024,23.5608920495981,14.296773860594614,15.42423789792222,0.2236223205523622,2.3455990429479168,Baseline (no TES/DSM)
2024-03-10 19:00:00,97.09207319134205,82.2,0.15,102.25103612231005,5.158962930968002,46.767106508441515,43.7617370564857,55.0,689.385071611569,,,12.373918988332587,44.784226198205516,25.41142880203143,15.419681491365317,16.63569963070779,0.22484934023733774,2.7496333007286013,Baseline (no TES/DSM)
2024-03-10 20:00:00,130.42693951332888,83.1,-0.85,137.35714219653684,6.930202683207966,42.910488860445845,39.903275901010105,55.0,816.468246163499,,,16.62228779741414,60.16010750943002,34.13599873161801,20.713759620990754,22.34727633449806,0.23063426670933124,5.085759029465338,Baseline (no TES/DSM)
2024-03-10 21:00:00,140.8924462855513,87.8,-1.45,148.37873104340292,7.486284757851621,41.69970080078741,38.691909070768666,55.0,768.8979173363648,,,17.956066433658922,64.98737720468519,36.8750841324973,22.37583949805107,24.140430208169363,0.23245044879881888,5.965957892422627,Baseline (no TES/DSM)
2024-03-10 22:00:00,153.9056527919164,85.9,-1.85,162.08339101010415,8.177738218187756,40.19416118395812,37.18564978873057,55.0,847.1642226656563,,,19.614537179987185,70.9897867175246,40.280966402319045,24.442532410396925,26.370105479863586,0.2347087582240628,7.158257478959452,Baseline (no TES/DSM)
2024-03-10 23:00:00,133.7538869386873,86.9,-2.35,140.86086613800572,7.106979199318431,42.52558363746829,39.51818668892023,55.0,758.3304176628168,,,17.046291287778356,61.69467939722112,35.00674425026594,21.24212890955714,22.917313580961515,0.23121162454379757,5.357966861689714,Baseline (no TES/DSM)
2024-03-11 00:00:00,141.37011440749518,84.7,-2.7,148.88177994107244,7.511665533577258,41.64443784304282,38.636619696696286,55.0,826.062798592444,,,18.01694294447967,59.56560121151339,33.79866445693374,20.509064831403155,35.008449441222155,0.23253334323543576,5.487979750919505,Baseline (no TES/DSM)
2024-03-11 01:00:00,154.18944908482902,88.3,-3.0,162.38226674778463,8.192817662955605,40.16132788020011,37.152800790276686,55.0,805.8334098112729,,,19.650705656179568,64.96696472025305,36.86350169736659,22.36881126433775,38.18298906582724,0.23475800817969983,6.563744505257688,Baseline (no TES/DSM)
2024-03-11 02:00:00,173.16828718521572,90.1,-3.2,182.3695406453942,9.201253460178492,37.96560520204655,34.95602853149303,55.0,835.658324479933,,,22.069467532692943,72.96360465001159,41.40094855044369,25.122138745587197,42.88284869935174,0.23805159219693017,8.332908340740678,Baseline (no TES/DSM)
2024-03-11 03:00:00,157.0631733771125,89.0,-3.35,165.40868565879865,8.345512281686155,39.82885749576709,36.82017148118572,55.0,803.6163930668177,,,20.016948032294465,66.17779429270843,37.55054961766931,22.78571265870272,38.89462908971819,0.23525671375634938,6.818090018495446,Baseline (no TES/DSM)
2024-03-11 04:00:00,140.38340583416445,85.5,-3.55,147.84264285544234,7.459237021277886,41.75859332399119,38.750829745274174,55.0,807.4353294105393,,,17.891191669940227,59.149856415399086,33.56276288660144,20.36591951257141,34.7641040408704,0.23236211001401322,5.409162098727757,Baseline (no TES/DSM)
2024-03-11 05:00:00,135.44040052440357,87.2,-3.7,142.63699219964607,7.196591675242502,42.3304654691387,39.32297525186774,55.0,759.4188695262412,,,17.261229354259314,57.06714548104336,32.38099276090228,19.648820168167955,33.54003378953249,0.23150430179629194,5.022890767271106,Baseline (no TES/DSM)
2024-03-11 06:00:00,143.2786742907657,88.4,-3.9,150.89175067453587,7.613076383770164,41.423630426058445,38.41570673123341,55.0,767.3382065847348,,,18.26017974645247,60.36976351534723,34.2549615700894,20.78594639540743,35.48107919369181,0.23286455436091233,5.642050485639009,Baseline (no TES/DSM)
2024-03-11 07:00:00,170.21049793291942,87.4,-4.05,179.25459000382423,9.04409207090481,38.30780133144677,35.298388234568876,55.0,872.2853487958474,,,21.692511480674693,71.71735472082116,40.69380244044954,24.693041748762834,42.1503910937907,0.23753829800282986,8.04333025454816,Baseline (no TES/DSM)
2024-03-11 08:00:00,164.06611076103633,92.8,-4.05,172.78372236230706,8.717611601270733,39.01866519915554,36.00959190336164,55.0,767.4887623117555,,,20.909438809561816,69.12844745775878,39.224806810175416,23.801653668718174,40.62881442565468,0.23647200220126668,7.458130548003274,Baseline (no TES/DSM)
2024-03-11 09:00:00,163.68384578247486,86.9,-3.55,172.3811458300895,8.697300047614647,39.06289066111753,36.0538385056018,55.0,860.8462869483843,,,20.860720971726856,68.96738199236285,39.13341517624921,23.746197129965623,40.53415153151184,0.23640566400832372,7.422452829680918,Baseline (no TES/DSM)
2024-03-11 10:00:00,128.23944804279284,86.1,-2.35,135.0534189159532,6.8139708731603434,43.16356676778231,40.15647478248966,55.0,751.4159243291828,,,16.343502502648228,54.033059630151946,30.659394262405335,18.604152404318583,31.75681261907733,0.23025464984832655,4.485748931430208,Baseline (no TES/DSM)
2024-03-11 11:00:00,124.50319623495865,83.5,-1.15,131.11864230641464,6.615446071455992,43.59582572812333,40.588940367572725,55.0,784.9588515381437,,,15.867335132125193,52.458808338469844,29.76613388903109,18.062121078429982,30.83157900048372,0.229606261407815,4.219002054382961,Baseline (no TES/DSM)
2024-03-11 12:00:00,127.10682061602051,83.4,-0.05,133.8606096152415,6.753788999220973,43.29460406910224,40.287574721142924,55.0,797.3532455594428,,,16.199154570194214,53.555832644044585,30.388606518385743,18.4398381189206,31.476332333890557,0.23005809389634663,4.40402334477318,Baseline (no TES/DSM)
2024-03-11 13:00:00,124.27713221753585,83.7,1.2,130.88056643418665,6.603434216650797,43.62197979968157,40.615106941077215,55.0,780.1348554452105,,,15.838524357508671,52.36355737848784,29.7120866676457,18.029325168142975,30.775597219910132,0.22956703030047765,4.203124370219663,Baseline (no TES/DSM)
2024-03-11 14:00:00,112.27695756327756,80.1,2.25,118.24276551270002,5.965807949422455,45.010318510976106,42.00410929420315,55.0,805.0000892443426,,,14.309159661330007,47.30734290968099,26.84309361162557,16.288417190499757,27.803911800893694,0.22748452223353585,3.403199841474647,Baseline (no TES/DSM)
2024-03-11 15:00:00,85.28860691176479,78.4,3.1,89.82039562560317,4.531788713838381,48.13268739668149,45.12797070805658,55.0,708.9275882067723,,,10.86962383091876,35.93593432730759,20.39073830485085,12.37312126303765,21.120601730407078,0.22280096890497778,1.9119309802353652,Baseline (no TES/DSM)
2024-03-11 16:00:00,91.64951705312687,76.4,3.5,96.51929113021764,4.869774077090767,47.39677329186592,44.391704827856294,55.0,795.0026609970621,,,11.680291315855069,38.61607247680714,21.911500089685376,13.295921099641642,22.69579746408348,0.22390484006220113,2.225033391435094,Baseline (no TES/DSM)
2024-03-11 17:00:00,93.16322959622896,80.3,3.5,98.11343440923179,4.950204813002827,47.221647030631466,44.21649485425987,55.0,708.5742685024461,,,11.873206718362292,39.25386779917201,22.273397387024254,13.515520756985795,23.070648466049725,0.2241675294540528,2.303029048519401,Baseline (no TES/DSM)
2024-03-11 18:00:00,106.34048005266666,79.0,2.75,111.99085476010436,5.650374707437692,45.69712864284247,42.69124772919182,55.0,803.3441872148794,,,13.552584079226689,44.806037358078356,25.423804872430534,15.427191303786948,26.333821225808514,0.2264543070357363,3.0386212576941243,Baseline (no TES/DSM)
2024-03-11 19:00:00,84.5123776481591,80.9,1.3,89.00292161497282,4.490543966813718,48.22249185091258,45.21781808984706,55.0,650.6629942652851,,,10.770697134757876,35.608873951368665,20.205157975286717,12.260510925569621,20.92837876274782,0.22266626222363112,1.8753430877277908,Baseline (no TES/DSM)
2024-03-11 20:00:00,93.80429662792426,78.9,0.05,98.78856437669593,4.984267748771671,47.147479928711704,44.14229229961453,55.0,743.2403017261728,,,11.954907636424423,39.52397823460493,22.426663228178036,13.60852262919491,23.229400284718054,0.22427878010693245,2.336464733121641,Baseline (no TES/DSM)
2024-03-11 21:00:00,98.80966161110722,83.8,-0.75,104.0598881715042,5.250226560396982,46.56839319284948,43.56292875364912,55.0,667.6861249467355,,,12.592817393350549,41.63296411012703,23.623342259387183,14.334668713006046,24.468913088983946,0.2251474102107258,2.605792270878326,Baseline (no TES/DSM)
2024-03-11 22:00:00,107.91899735146889,84.0,-1.25,113.65324617924142,5.734248827772532,45.5145049114789,42.50853670158955,55.0,705.4813589242636,,,13.753758536986663,45.47113784498114,25.8011956437777,15.65619241731303,26.724720273169545,0.22672824263278166,3.133551182327981,Baseline (no TES/DSM)
2024-03-11 23:00:00,121.20302146641524,82.0,-1.65,127.64311358015858,6.440092113743347,43.97763353652722,40.97093068448923,55.0,801.9716609784396,,,15.446743688446592,51.06829595885384,28.977130498047607,17.583352998155807,30.014334125101332,0.22903354969520917,3.990180387847684,Baseline (no TES/DSM)
2024-03-12 00:00:00,123.15674723377158,87.5,-2.05,129.70065007561837,6.543902841846787,43.75160073348698,40.744789835176036,55.0,708.2405065145032,,,15.695736665690392,55.540286152781626,31.514623496440247,19.12310639520431,23.52263403119219,0.22937259889976952,4.414919317970611,Baseline (no TES/DSM)
2024-03-12 01:00:00,157.72226569344772,85.2,-2.35,166.10279867987626,8.380532986428534,39.75260499082873,36.74388252667521,55.0,873.1095347710555,,,20.100946186418668,71.12837880210772,40.35960620898496,24.490251127072707,30.124562541710876,0.2353710925137569,7.360675473371498,Baseline (no TES/DSM)
2024-03-12 02:00:00,160.96504125524922,89.6,-2.5,169.51787830695207,8.552837051702852,39.37743788083243,36.36853608249631,55.0,806.3385428111371,,,20.514222376535642,72.59078087651321,41.18940119146893,24.993771587599234,30.743924651370698,0.23593384317875135,7.675413271651411,Baseline (no TES/DSM)
2024-03-12 03:00:00,158.9402795385295,88.0,-1.9,167.3855313847953,8.445251846265819,39.61168906079102,36.602899237206316,55.0,826.3770140415098,,,20.25617620829705,71.67766935267319,40.671284201489435,24.679377657884032,30.357200172748655,0.23558246640881347,7.478121612612548,Baseline (no TES/DSM)
2024-03-12 04:00:00,154.25103756017208,84.7,-2.2,162.44712771130128,8.196090151129198,40.15420251186574,37.14567201593451,55.0,871.1763448413475,,,19.65855481192896,69.5629509375851,39.47135241739379,23.95125780023,29.46156655609239,0.2347686962322014,7.0310603050294675,Baseline (no TES/DSM)
2024-03-12 05:00:00,159.5510087940404,88.7,-2.45,168.0287115859548,8.477702791914396,39.54103183354433,36.5322082349944,55.0,816.54761514466,,,20.33401072231143,71.95309135248101,40.827563926132974,24.774208357737045,30.473847949603766,0.23568845224968352,7.537360388406256,Baseline (no TES/DSM)
2024-03-12 06:00:00,162.81566677324793,90.0,-3.15,171.4668363471913,8.651169573943378,39.16333307646315,36.15432893357427,55.0,805.7565459781932,,,20.75007572155928,73.42536179180965,41.66295840812659,25.281126600404136,31.097389546850927,0.23625500038530528,7.857982332124186,Baseline (no TES/DSM)
2024-03-12 07:00:00,144.39819828520916,85.9,-2.85,152.07076029533195,7.672562010122789,41.29410910287025,38.28612349536684,55.0,814.430961424283,,,18.40285770931188,65.11959298083364,36.95010589947463,22.421362784471604,27.579698630552073,0.23305883634569463,6.136567335734816,Baseline (no TES/DSM)
2024-03-12 08:00:00,108.97811541177113,85.6,-3.25,114.76864021175253,5.790524799981398,45.39197214463896,42.38594536268133,55.0,681.8851616969793,,,13.888738053300342,49.14611542047033,27.886448397622257,16.92152596245808,20.814550431201848,0.22691204178304156,3.422936860701649,Baseline (no TES/DSM)
2024-03-12 09:00:00,111.56382331885987,82.1,-2.15,117.49173905926018,5.927915740400309,45.09282329998129,42.08665352144399,55.0,758.4416149673414,,,14.218274122704823,50.31219815887379,28.548106106143848,17.323020549842084,21.308414244400467,0.22736076505002806,3.594457401864397,Baseline (no TES/DSM)
2024-03-12 10:00:00,102.65598524865136,84.8,-0.9,108.11058524978735,5.4546000011359865,46.12339966933648,43.1177225181268,55.0,667.7604631748673,,,13.083012890567764,46.29500960417028,26.26867627988341,15.939860154703487,19.607039211030163,0.22581490049599529,3.0211939006127366,Baseline (no TES/DSM)
2024-03-12 11:00:00,115.80968694147558,81.2,0.1,121.96320557940443,6.153518637928855,44.601605713572,41.595201127393025,55.0,796.0999100468474,,,14.759389074470421,52.226965200570206,29.63458164637534,17.98229504042836,22.119363692030525,0.228097591429642,3.885183041641342,Baseline (no TES/DSM)
2024-03-12 12:00:00,100.06502184083341,82.1,1.15,105.38195165183873,5.316929811005323,46.4231565397371,43.41762267575036,55.0,705.6357743006129,,,12.752807032805395,45.12655678031933,25.605673739426194,15.537549521898807,19.112171610194398,0.22536526519039435,2.8637791617966175,Baseline (no TES/DSM)
2024-03-12 13:00:00,95.14439844496026,79.4,1.95,100.19987216730492,5.055473722344658,46.992439249449006,43.98717750912848,55.0,738.6209125297412,,,12.12569718468591,42.9074917465692,24.346533682776546,14.77350202272768,18.172344715231493,0.2245113411258265,2.5763959818453395,Baseline (no TES/DSM)
2024-03-12 14:00:00,81.57555190534175,78.0,2.65,85.9100483736944,4.33449646835264,48.56226264463456,45.55775129790637,55.0,697.1726049461504,,,10.39641278146309,36.78831730829742,20.874396754985113,12.666605714847835,15.580728595564024,0.22215660603304815,1.8624609551595492,Baseline (no TES/DSM)
2024-03-12 15:00:00,71.52835334138268,77.7,3.2,75.3289944367082,3.800641095325517,49.72465528543313,46.720699575722534,55.0,643.2614116202394,,,9.115945519783406,32.25730868871376,18.303415570039366,11.106531651283678,13.661738526671392,0.22041301707185032,1.408098241647514,Baseline (no TES/DSM)
2024-03-12 16:00:00,71.68692086684896,76.1,3.45,75.49598740782672,3.809066540977753,49.70631009960861,46.70234562068873,55.0,683.3206349055528,,,9.136154190273254,32.32881825629125,18.343991470069813,11.131153149727124,13.69202453173853,0.2204405348505871,1.4147782512450022,Baseline (no TES/DSM)
2024-03-12 17:00:00,72.65797486590202,77.5,3.35,76.51863811730549,3.860663251403466,49.593965746590015,46.58994756578055,55.0,655.0431129132671,,,9.259910364414262,32.76673674787692,18.59247482045241,11.281933105811321,13.877493443164836,0.22060905138011497,1.4560294483634648,Baseline (no TES/DSM)
2024-03-12 18:00:00,85.97647616311833,78.7,2.2,90.5448146369159,4.568338473797567,48.053105595792914,45.048350866154195,55.0,705.7938796554257,,,10.957289467371279,38.77301240705368,22.000550815849657,13.349957173123597,16.42129424088897,0.22292034160631063,2.0813882864335227,Baseline (no TES/DSM)
2024-03-12 19:00:00,95.59482768444664,79.5,2.55,100.67423485133685,5.079407166890206,46.94032764541864,43.93504099515354,55.0,738.650655515412,,,12.18310223059936,43.110622873483166,24.461794179769516,14.843442212475136,18.258375585609034,0.22458950853187204,2.6020724466549687,Baseline (no TES/DSM)
2024-03-12 20:00:00,100.61693888981499,80.7,1.8,105.96319467464163,5.3462557848266385,46.359303485377374,43.35373909889811,55.0,737.1344693495082,,,12.82314621321324,45.37545610188757,25.746903987793388,15.62324818385655,19.217586401104118,0.22546104477193393,2.896958745556602,Baseline (no TES/DSM)
2024-03-12 21:00:00,120.00440944915802,82.2,-0.8,126.3808136143141,6.376404165156089,44.11630480684832,41.109668241268416,55.0,792.7620323355512,,,15.293986336456038,54.118669014133694,30.707970668665208,18.633628618283478,22.92054531323173,0.22882554278972753,4.183490615022967,Baseline (no TES/DSM)
2024-03-12 22:00:00,128.69439112812537,86.4,-1.15,135.532535287897,6.838144159771616,43.110932942442204,40.10381579757721,55.0,747.9388842226668,,,16.401482816562353,58.03761036288609,32.93165314611636,19.98296146404168,24.580310314852866,0.2303336005863367,4.836529573143217,Baseline (no TES/DSM)
2024-03-12 23:00:00,157.74953499102674,85.7,-2.25,166.1315169247353,8.381981933708573,39.74945011829149,36.7407261460727,55.0,863.6983574955162,,,20.10442152758732,71.14067650097313,40.366584159162414,24.494485354515692,30.129770910084073,0.23537582482256275,7.363294731591152,Baseline (no TES/DSM)
2024-03-13 00:00:00,156.77232973715124,89.9,-3.2,165.10238811505363,8.33005837790239,39.86250612971833,36.85383619957,55.0,788.2402022683164,,,19.979881405526083,79.3697313602089,45.03590770040202,18.148931631360547,22.547817423082158,0.23520624080542252,8.161189708028898,Baseline (no TES/DSM)
2024-03-13 01:00:00,162.3872366300036,88.0,-3.4,171.0156416758566,8.628405045853015,39.21289953445971,36.203919084906396,55.0,837.3973892314601,,,20.695474354934646,82.21241190495468,46.64889915748389,18.798947877758668,23.35538273565938,0.23618065069831043,8.773922580406856,Baseline (no TES/DSM)
2024-03-13 02:00:00,140.0084810380436,87.8,-3.5,147.44779652441645,7.439315486372834,41.801969576693814,38.79422673232321,55.0,765.7726066704615,,,17.843409303147286,70.88263309457626,40.22016538170121,16.20824513120657,20.136752916932405,0.2322970456349593,6.463658485532519,Baseline (no TES/DSM)
2024-03-13 03:00:00,137.20624729538673,84.0,-1.4,144.49666679543347,7.290419500046738,42.126168990045336,39.118581116713614,55.0,824.3580988684753,,,17.48627805465006,69.46393542174019,39.415169114816365,15.883841273103295,19.733720985773623,0.231810746514932,6.199169020496204,Baseline (no TES/DSM)
2024-03-13 04:00:00,130.71303405853945,85.8,-1.3,137.65843830357406,6.945404245034609,42.87738966450496,39.87016088327384,55.0,766.1564967559199,,,16.658749174837432,66.17659134043964,37.54986703948219,15.1321468682235,18.799833055428728,0.23068391550324255,5.6075172769939465,Baseline (no TES/DSM)
2024-03-13 05:00:00,142.08849189765533,84.9,-1.35,149.6383282388007,7.5498363411453795,41.56132644611345,38.5534685715657,55.0,824.8367619345523,,,18.108496709623456,71.9356882059629,40.81768904704677,16.449040014760783,20.435910971030253,0.23265801033082983,6.663549642516169,Baseline (no TES/DSM)
2024-03-13 06:00:00,150.63743604655062,86.2,-1.3,158.6415183885632,8.004082342012595,40.57227166611533,37.56394101203603,55.0,830.5939947822527,,,19.198018633063484,76.26379509605565,43.2735398994967,17.438718506741846,21.665464886269024,0.234141592500827,7.51704544529429,Baseline (no TES/DSM)
2024-03-13 07:00:00,144.06981252250912,87.5,-1.3,151.72492583758256,7.655113315073436,41.33210110546437,38.324133658574056,55.0,785.0866630083735,,,18.361006519085837,72.93877903198272,41.38686201867657,16.678409908163314,20.72087487875996,0.23300184834180346,6.856784492183885,Baseline (no TES/DSM)
2024-03-13 08:00:00,140.56792310927202,83.5,-1.35,148.0369644096339,7.46904130036188,41.737245928364445,38.72947214534741,55.0,846.801885326526,,,17.9147075115438,71.1658639872947,40.38087602193861,16.27300959518727,20.217214805213317,0.23239413110745333,6.517122482001266,Baseline (no TES/DSM)
2024-03-13 09:00:00,127.5286713930668,85.1,-0.8,134.3048753274071,6.776203934340302,43.24579879909268,40.23874612165439,55.0,766.5729606814203,,,16.252917428157385,64.56443178565216,36.63509679062974,14.763505409606301,18.3418413415189,0.230131301801361,5.328193111212693,Baseline (no TES/DSM)
2024-03-13 10:00:00,129.34079886369295,83.6,0.25,136.21328973619268,6.872490872499725,43.036147957354494,40.028995064408676,55.0,802.1970635476216,,,16.48386438171424,65.48186454164423,37.15566573060347,14.973288460141081,18.602471003803903,0.23044577806396827,5.486274407616451,Baseline (no TES/DSM)
2024-03-13 11:00:00,107.85511091663813,81.3,1.8,113.58596515473661,5.7308542380984875,45.521896138119985,42.51593146132176,55.0,758.4171204516824,,,13.745616517323617,54.60422252850201,30.983483044503487,12.48597273128999,15.512286850441129,0.22671715579282004,3.7605176248761274,Baseline (no TES/DSM)
2024-03-13 12:00:00,85.70208673991851,76.7,4.05,90.25584560060854,4.553758860690024,48.08485058860958,45.08011103344161,55.0,753.4945190019168,,,10.922319851600081,43.38872563137464,24.619595017960417,9.921402045345246,12.326122905928234,0.22287272411708564,2.3209018306411813,Baseline (no TES/DSM)
2024-03-13 13:00:00,65.44402805547864,74.5,5.75,68.9213800544011,3.477351998922458,50.42857040082949,47.424951170619565,55.0,683.994890106167,,,8.340527447928354,33.13260021460531,18.800072767883407,7.576204250144899,9.41250282176748,0.21935714439875575,1.3063712984864428,Baseline (no TES/DSM)
2024-03-13 14:00:00,58.81119232253222,73.1,6.55,61.93611026016905,3.1249179376368303,51.19594444987631,48.19269203326535,55.0,675.4919393094751,,,7.49520435074152,29.774568914292285,16.89466140886529,6.808346284130619,8.458533652880863,0.21820608332518554,1.0368795117572311,Baseline (no TES/DSM)
2024-03-13 15:00:00,54.561997980628846,73.4,6.3,57.46113604380407,2.899138063175222,51.68754737788743,48.68452995311586,55.0,632.2168989703059,,,6.9536649147797975,27.623312924286616,15.673997504055809,6.316433344335267,7.847392271126377,0.21746867893316887,0.8804852470563754,Baseline (no TES/DSM)
2024-03-13 16:00:00,60.92851421210574,73.4,6.0,64.165935516724,3.237421304618266,50.95098468651794,47.947615176329855,55.0,682.8227940038953,,,7.7650468690094465,30.84651362456289,17.50290339487614,7.053460522592728,8.76305797469225,0.2185735229702231,1.1195461996950833,Baseline (no TES/DSM)
2024-03-13 17:00:00,63.110617045827055,75.3,5.55,66.4639838366288,3.3533667908017435,50.698530207865346,47.69504002154024,55.0,645.3957345932647,,,8.043145407862017,31.95125523300357,18.129754969876828,7.306074202622909,9.07689943112549,0.21895220468820198,1.2080392180293378,Baseline (no TES/DSM)
2024-03-13 18:00:00,77.32650637395096,75.2,4.75,81.43523087485123,4.108724500900266,49.05384835627998,46.049571993161564,55.0,744.0555016600388,,,9.85489231068737,39.14838829156951,22.21354629155927,8.95179321392856,11.12150307779389,0.22141922746558004,1.8664741798322684,Baseline (no TES/DSM)
2024-03-13 19:00:00,79.97806796301091,77.5,4.6,84.227682523187,4.249614560176084,48.747080687847145,45.7426576862639,55.0,699.799587060895,,,10.192821115966277,40.49080459272158,22.975259045251526,9.258754334407381,11.50286455080651,0.2218793789682293,2.0050040591272764,Baseline (no TES/DSM)
2024-03-13 20:00:00,85.92159851872066,76.3,5.0,90.48702108266191,4.5654225639412545,48.05945456656185,45.05470287180399,55.0,765.44499328173,,,10.950295574834765,43.49985870532422,24.682654055392973,9.94681408248495,12.357694239459766,0.22291081815015723,2.333474778618548,Baseline (no TES/DSM)
2024-03-13 21:00:00,77.61092258523249,75.6,5.65,81.73475947010746,4.123836884874976,49.020943332176714,46.01665124007928,55.0,734.6288873280657,,,9.891139792502186,39.29238078260254,22.295250392412072,8.98471898840709,11.162409306685758,0.22146858500173494,1.8810967972684585,Baseline (no TES/DSM)
2024-03-13 22:00:00,79.22975041394862,75.0,5.55,83.43960330904424,4.209852895095622,48.83365594626103,45.82927432864452,55.0,761.7806889965622,,,10.09745163393456,40.11195098417482,22.76029024223212,9.172124480406685,11.39523760223062,0.22174951608060844,1.9654079544209093,Baseline (no TES/DSM)
2024-03-13 23:00:00,73.85206450687757,77.2,4.35,77.77617541154008,3.9241109046625127,49.45581768449211,46.45173346732409,55.0,669.6924912050185,,,9.412091361241059,37.389369221822754,21.21544513749542,8.549570398152492,10.621790654069416,0.22081627347326183,1.6924333084276209,Baseline (no TES/DSM)
2024-03-14 00:00:00,83.06026069706274,73.8,6.45,87.47364679428011,4.413386097217369,48.39049192046313,45.38589846535818,55.0,822.3974431165755,,,10.585631794984566,62.24505435758472,25.228592436695394,0.0,0.0,0.22241426211930532,3.2153957904170243,Baseline (no TES/DSM)
2024-03-14 01:00:00,80.43353794884119,76.9,5.5,84.70735379235411,4.273815843512921,48.69438590369777,45.689937713403175,55.0,717.4412300362447,,,10.250868580821349,60.276597975757625,24.430755816596488,0.0,0.0,0.22195842114445336,3.0038049709475696,Baseline (no TES/DSM)
2024-03-14 02:00:00,94.95941539320684,77.3,3.6,100.00506008754247,5.0456446943356354,47.013840532270464,44.00858902200864,55.0,788.8211498560755,,,12.102121982083116,71.16223719152917,28.842822896013303,0.0,0.0,0.2244792392015943,4.263824692050024,Baseline (no TES/DSM)
2024-03-14 03:00:00,83.34847416537868,80.2,2.55,87.77717441286988,4.428700247491207,48.357147579509096,45.352538185426646,55.0,658.5221819885725,,,10.622363218993401,62.46104047238088,25.316133940489003,0.0,0.0,0.22246427863073637,3.239049328998585,Baseline (no TES/DSM)
2024-03-14 04:00:00,95.64774684880783,76.9,2.8,100.72996586220933,5.082219013401499,46.9342052574894,43.928915680652636,55.0,803.0334987623316,,,12.189846524249832,71.67807025670803,29.0518956055013,0.0,0.0,0.2245986921137659,4.328980456459661,Baseline (no TES/DSM)
2024-03-14 05:00:00,90.10764834909267,80.6,2.65,94.89549561972976,4.787847270637087,47.575157029704656,44.570173835168184,55.0,686.4447899253499,,,11.48378754569903,67.52634078503132,27.369154834698435,0.0,0.0,0.22363726445544302,3.818550949545421,Baseline (no TES/DSM)
2024-03-14 06:00:00,97.96184662055327,79.9,1.55,103.16702474429806,5.205178123744787,46.666479629531814,43.66106207677346,55.0,741.5925089440761,,,12.484767439678901,73.41224812795882,29.754776616339242,0.0,0.0,0.2250002805557023,4.551641768832765,Baseline (no TES/DSM)
2024-03-14 07:00:00,84.11817826794638,80.0,1.05,88.5877765496688,4.469598281722426,48.26809804209609,45.263446081313155,55.0,666.9272670818732,,,10.720458314680464,63.037853900384924,25.54992264928388,0.0,0.0,0.22259785293685586,3.3026421593689896,Baseline (no TES/DSM)
2024-03-14 08:00:00,72.35885297102631,78.6,1.8,76.20362245564962,3.8447694846233134,49.62857211841514,46.62457047984842,55.0,628.3570503762323,,,9.221788713766898,54.22545870474601,21.97816375090361,0.0,0.0,0.2205571418223773,2.398314349127358,Baseline (no TES/DSM)
2024-03-14 09:00:00,65.56553991658542,75.5,4.0,69.04934841773843,3.483808501153007,50.41451230371703,47.41088635357541,55.0,657.5636719883512,,,8.356013551747502,49.13457484773551,19.91477357000292,0.0,0.0,0.21937823154442446,1.9414508287311405,Baseline (no TES/DSM)
2024-03-14 10:00:00,75.36046652923622,74.9,5.35,79.36472599662444,4.0042594673882235,49.28130581444259,46.27713817859863,55.0,740.0674575674428,,,9.604329963353507,56.47485688292735,22.889869113697095,0.0,0.0,0.2210780412783361,2.6154728967146292,Baseline (no TES/DSM)
2024-03-14 11:00:00,68.27725207925069,75.6,7.35,71.90514672530526,3.627894646054571,50.100785622415735,47.09700970732129,55.0,673.649439300444,,,8.701608259096771,51.16672198465377,20.73842474065149,0.0,0.0,0.2198488215663764,2.118061103822281,Baseline (no TES/DSM)
2024-03-14 12:00:00,46.31807506220672,69.0,9.55,48.77917435101071,2.461099288803993,52.64131327299565,49.63875175926381,55.0,712.3391035674617,,,5.903016484010578,34.71059536522381,14.0685789857869,0.0,0.0,0.2160380300905065,0.9077556678289178,Baseline (no TES/DSM)
2024-03-14 13:00:00,32.729052937065276,64.8,10.65,34.46810294720622,1.739050010140943,54.21347084640873,51.21166084203321,55.0,777.7939479624713,,,4.171160799192906,24.527032085416256,9.941070861789964,0.0,0.0,0.2136797937303869,0.41007173974248484,Baseline (no TES/DSM)
2024-03-14 14:00:00,36.54149035745067,71.2,9.2,38.48311327269006,1.9416229152393925,53.772397728091185,50.770376885705,55.0,527.5132043371713,,,4.657037660581658,27.384058688454232,11.09905458423583,0.0,0.0,0.21434140340786323,0.5303091002216352,Baseline (no TES/DSM)
2024-03-14 15:00:00,67.89706550196892,73.2,5.8,71.50475902969755,3.607693527728628,50.14477062746461,47.14101573770718,55.0,740.9113983447295,,,8.653155303535044,50.88181155973663,20.62294746996092,0.0,0.0,0.21978284405880308,2.092838934792704,Baseline (no TES/DSM)
2024-03-14 16:00:00,66.08696782606107,76.1,6.15,69.59848226826293,3.5115144422018574,50.354186635738735,47.35053184923574,55.0,645.7938850462994,,,8.42246703757833,49.52533100834091,20.073151259922014,0.0,0.0,0.2194687200463919,1.9748166401081695,Baseline (no TES/DSM)
2024-03-14 17:00:00,70.59739704453705,73.1,6.8,74.34857201077594,3.7511749662388922,49.832360606619886,46.82845638128844,55.0,763.3453830452138,,,8.997299605444516,52.90543010174538,21.443141909030558,0.0,0.0,0.22025145909007018,2.2752422695259296,Baseline (no TES/DSM)
2024-03-14 18:00:00,71.5071961580703,73.0,7.05,75.30671307177275,3.7995169137024476,49.72710302785861,46.723148488196976,55.0,773.0080584095357,,,9.113249138258908,53.587230216518684,21.719482855254064,0.0,0.0,0.22040934545821209,2.338406426322974,Baseline (no TES/DSM)
2024-03-14 19:00:00,80.91444115387007,75.2,7.25,85.2138096684362,4.299368514566126,48.6387486688105,45.63427388327934,55.0,766.4118773310431,,,10.31215738746296,60.63698507166305,24.57682459677315,0.0,0.0,0.22204187699678424,3.0420064328985625,Baseline (no TES/DSM)
2024-03-14 20:00:00,74.37091330285375,75.1,6.6,78.32259310801693,3.951679805163181,49.39579040243029,46.39167749153279,55.0,727.9198789233502,,,9.478216151428104,55.733289328852955,22.589303779163977,0.0,0.0,0.22090631439635455,2.5428456817115577,Baseline (no TES/DSM)
2024-03-14 21:00:00,57.82316011779761,72.4,6.2,60.89557921231274,3.0724190945151264,51.310253065988995,48.30705529020792,55.0,689.7872667701046,,,7.369284385728965,43.33246385761602,17.56311535469672,0.0,0.0,0.2180346204010165,1.479304520262081,Baseline (no TES/DSM)
2024-03-14 22:00:00,39.53262307841638,73.3,5.75,41.63317907976525,2.1005560013488704,53.42634398580979,50.424157725764765,55.0,500.45217614839595,,,5.038243177736903,29.625602565691842,12.007576514073406,0.0,0.0,0.21486048402128533,0.6352302766973619,Baseline (no TES/DSM)
2024-03-14 23:00:00,74.80526658394443,72.5,5.5,78.78002564164017,3.974759057695735,49.345538677610435,46.34140174581197,55.0,812.7972246873362,,,9.533572393558611,56.05879208269685,22.721233558943318,0.0,0.0,0.22098169198358436,2.5745991346612884,Baseline (no TES/DSM)
2024-03-15 00:00:00,77.98252543482137,80.3,5.3,82.12610734380654,4.143581908985169,48.97795140612765,45.97363876339635,55.0,626.3713072535821,,,9.938498793144646,53.72425454355907,28.401852800247468,0.0,0.0,0.22153307289080854,2.5858714837079892,Baseline (no TES/DSM)
2024-03-15 01:00:00,105.56276352998384,74.4,5.25,111.17181446525922,5.609050935275377,45.78710516284844,42.78126725900659,55.0,928.1831311889198,,,13.453467839030639,72.72502072206554,38.44679374319368,0.0,0.0,0.22631934225572733,4.892748056317134,Baseline (no TES/DSM)
2024-03-15 02:00:00,78.14028492197517,78.8,4.6,82.2922493416997,4.151964419724536,48.9596997048483,45.955378337594404,55.0,658.8044439040616,,,9.958604483027639,53.83293928795858,28.45931005374112,0.0,0.0,0.22156045044272754,2.596997985875142,Baseline (no TES/DSM)
2024-03-15 03:00:00,77.3020163470641,74.7,5.45,81.4094395765347,4.107423229470598,49.056681686072864,46.0524066773186,55.0,758.4052273035253,,,9.851771174236577,53.25543357057794,28.154006005956752,0.0,0.0,0.2214149774708907,2.5381491647838113,Baseline (no TES/DSM)
2024-03-15 04:00:00,68.32591496875042,74.6,4.8,71.95639530522018,3.630480336469759,50.095155656582534,47.09137705029983,55.0,701.4847382625269,,,8.707810110933028,47.07155644466502,24.884838860555163,0.0,0.0,0.2198572665151262,1.9501306215168073,Baseline (no TES/DSM)
2024-03-15 05:00:00,72.76563238933389,77.3,4.2,76.63201599621407,3.866383606880177,49.581510502258254,46.57748636769911,55.0,660.4523152089903,,,9.273630799354459,50.1301969218096,26.501819074404466,0.0,0.0,0.2206277342466126,2.2313420363050205,Baseline (no TES/DSM)
2024-03-15 06:00:00,90.42498336330218,76.6,4.3,95.22969215024223,4.804708786940054,47.53844352366248,44.53344277964894,55.0,782.806252600564,,,11.524230371039174,62.29619772146929,32.93349442877294,0.0,0.0,0.22369233471450628,3.5365139580166223,Baseline (no TES/DSM)
2024-03-15 07:00:00,98.10608014601392,78.7,4.2,103.31892208191967,5.212841935905743,46.64979279016215,43.644367260903145,55.0,770.104747853292,,,12.503149310626641,67.58791142818974,35.731010653729925,0.0,0.0,0.22502531081475677,4.197293328971586,Baseline (no TES/DSM)
2024-03-15 08:00:00,96.66139249700619,79.2,3.85,101.79747131741674,5.136078820410546,46.8169333399153,43.81158770575655,55.0,750.9651657190984,,,12.319030799766994,66.59262733654926,35.20484398086748,0.0,0.0,0.22477459999012706,4.068702979429558,Baseline (no TES/DSM)
2024-03-15 09:00:00,77.41758123121886,76.6,3.95,81.53114497179281,4.113563740573952,49.04331161380634,46.03903021400414,55.0,706.8012226803955,,,9.866499364370176,53.335049320619504,28.19609565117331,0.0,0.0,0.22143503257929048,2.5462222050386356,Baseline (no TES/DSM)
2024-03-15 10:00:00,59.68574717523976,74.9,4.15,62.85713436539036,3.171387190150597,51.09476439273993,48.091463610900895,55.0,630.7871965599423,,,7.6066621715764855,41.1191129805764,21.738021384813955,0.0,0.0,0.2183578534108901,1.4569083006710963,Baseline (no TES/DSM)
2024-03-15 11:00:00,44.83110825520066,75.5,4.0,47.2131979360647,2.3820896808640413,52.81334523420082,49.81086595372003,55.0,497.1571980376537,,,5.713509697272468,30.885353583288584,16.32784435277612,0.0,0.0,0.21577998214869878,0.775837876637208,Baseline (no TES/DSM)
2024-03-15 12:00:00,54.07176030285577,73.5,4.05,56.944849710112244,2.8730894072564723,51.74426454787845,48.74127423456482,55.0,625.2899635004565,,,6.891186474363369,37.25148676490269,19.693362945209557,0.0,0.0,0.2173836031781823,1.1747037578072141,Baseline (no TES/DSM)
2024-03-15 13:00:00,62.776410283370986,76.4,4.5,66.11201908176282,3.3356087983918385,50.73719566059937,47.73372395680424,55.0,615.4277629302073,,,8.000552359139748,43.24835373808957,22.863665343673254,0.0,0.0,0.21889420650910094,1.6251358647770455,Baseline (no TES/DSM)
2024-03-15 14:00:00,71.9087258269608,76.7,4.65,75.72957791880296,3.8208520918421556,49.68064877205691,46.67667202672807,55.0,669.5629212288135,,,9.164422168465727,49.539850994689616,26.189726924113344,0.0,0.0,0.22047902684191464,2.175597415260594,Baseline (no TES/DSM)
2024-03-15 15:00:00,63.83582150644608,75.1,4.35,67.22772185417715,3.3919003477310667,50.61462897681755,47.61109868474146,55.0,655.9073255212639,,,8.135569237642564,43.97821056046656,23.24951129371059,0.0,0.0,0.2190780565347737,1.6849031481853176,Baseline (no TES/DSM)
2024-03-15 16:00:00,65.3319734548933,75.0,4.3,68.8033714607486,3.471398005855292,50.441534357126244,47.43792132383615,55.0,669.2821867354437,,,8.326246626597248,45.00894978910828,23.794421671640315,0.0,0.0,0.21933769846431064,1.7711379048821798,Baseline (no TES/DSM)
2024-03-15 17:00:00,71.53349162173592,77.5,4.0,75.33440573829796,3.8009141165620406,49.7240608212916,46.72010482742033,55.0,647.9259739896818,,,9.116600368966674,49.2813420807689,26.05306365752906,0.0,0.0,0.2204139087680626,2.1514082857487837,Baseline (no TES/DSM)
2024-03-15 18:00:00,82.52148823766593,77.0,3.6,86.90624679552923,4.384758557863293,48.45282423507611,45.44826057553264,55.0,727.2581913211485,,,10.51696782946616,56.85126782793369,30.054978967595538,0.0,0.0,0.22232076364738584,2.9155066715046734,Baseline (no TES/DSM)
2024-03-15 19:00:00,81.91081959310641,77.9,3.5,86.26313042586884,4.352310832762427,48.523474450047345,45.518944562117156,55.0,701.4965849876692,,,10.439141040026792,56.43056181053872,29.832568615330118,0.0,0.0,0.22221478832492897,2.8700105939112843,Baseline (no TES/DSM)
2024-03-15 20:00:00,92.21947780160562,78.3,3.0,97.11953659995999,4.900058798354365,47.33083270401367,44.32573271964657,55.0,749.1656380461919,,,11.7529300792102,63.53247309781617,33.58706350214381,0.0,0.0,0.22400375094397948,3.685836666663212,Baseline (no TES/DSM)
2024-03-15 21:00:00,92.76907769897439,80.0,2.5,97.698339349881,4.929261650906611,47.26724772835918,44.26211734964425,55.0,713.0261111418214,,,11.822973949760124,63.911107216405185,33.78723213347581,0.0,0.0,0.22409912840746124,3.732185843661285,Baseline (no TES/DSM)
2024-03-15 22:00:00,95.11122570322804,79.2,2.05,100.16493680026987,5.053711097041827,46.99627711038299,43.99101720460401,55.0,743.0369591959603,,,12.121469477878106,65.5246758313942,34.640260968875666,0.0,0.0,0.22450558433442552,3.9329441966955154,Baseline (no TES/DSM)
2024-03-15 23:00:00,79.24752086871548,79.9,1.65,83.45831799246325,4.210797123747767,48.83160002532814,45.82721742495784,55.0,641.7287790048849,,,10.099716393151688,54.5957438459127,28.86257414655055,0.0,0.0,0.22175259996200777,2.675759235888867,Baseline (no TES/DSM)
2024-03-16 00:00:00,84.9713834058717,77.7,1.5,89.48631652837354,4.51493312250183,48.169388001968734,45.16468885665419,55.0,723.9106407850612,,,10.829195216778654,42.82519772047625,24.29983847416362,14.745167321456314,7.616113012277353,0.2227459179970469,2.269036228850992,Baseline (no TES/DSM)
2024-03-16 01:00:00,90.99044532139906,80.8,1.55,95.82519978750538,4.834754466106318,47.473023415305,44.46799139972914,55.0,686.8858865814681,,,11.59629578514034,45.858778042371206,26.021150125813108,15.789661026339576,8.155610592981493,0.2237904648770425,2.6213730276743736,Baseline (no TES/DSM)
2024-03-16 02:00:00,107.00596274957726,81.4,1.25,112.69169771302462,5.685734963447359,45.62013681427023,42.614219097642255,55.0,752.4090697939283,,,13.637396656701265,53.93052729448552,30.601215448816774,18.568849439575043,9.591105530147285,0.22656979477859465,3.6823321328730616,Baseline (no TES/DSM)
2024-03-16 03:00:00,125.3790579097119,81.3,1.0,132.04104267134298,6.661984761631075,43.49449448055122,40.487560682501766,55.0,834.3622977998592,,,15.978959501161212,63.19048519362361,35.8554931452166,21.75715062393006,11.23791370857272,0.22975825827917318,5.120516679354781,Baseline (no TES/DSM)
2024-03-16 04:00:00,126.93187823421722,84.9,1.0,133.67637171390595,6.744493479688728,43.31484371459919,40.307824041422606,55.0,767.9219602833524,,,16.17685900281258,63.97309970165949,36.299563625799955,22.02661305454181,11.377095331904695,0.2300277344281012,5.252891204872427,Baseline (no TES/DSM)
2024-03-16 05:00:00,127.90288197947264,82.0,0.9,134.69896949936413,6.796087519891486,43.202505175603704,40.1954318033167,55.0,829.3949091842308,,,16.300608772348138,64.46248125237828,36.57724810287632,22.195112284749264,11.46412785936026,0.23019624223659443,5.336524508684596,Baseline (no TES/DSM)
2024-03-16 06:00:00,117.28404549357386,81.8,0.7,123.51590380298386,6.231858309410001,44.431032441833835,41.4245463196741,55.0,789.6098501563289,,,14.947288999600937,59.11063509144361,33.540507955215446,20.3524151970031,10.512345559321698,0.22835345133724924,4.457757928841719,Baseline (no TES/DSM)
2024-03-16 07:00:00,135.8470576081358,83.3,0.4,143.0652569054182,7.2181992972824105,42.283418006261385,39.275905299763416,55.0,833.2503184026768,,,17.31305584889207,68.46631028736816,38.84909748144676,23.5736728563261,12.176176280277186,0.23157487299060792,6.045540414916819,Baseline (no TES/DSM)
2024-03-16 08:00:00,139.7777023999107,86.3,0.25,147.2047555212907,7.427053121379998,41.828669097850046,38.82093901615685,55.0,790.7559883024575,,,17.813997672736775,70.44733770659563,39.97317043060913,24.255761493851185,12.528485890234759,0.23225699635322494,6.412679229133608,Baseline (no TES/DSM)
2024-03-16 09:00:00,114.81126383784033,82.7,0.55,120.91173151484345,6.100467677003124,44.717116486120275,41.71076711541575,55.0,760.468597039773,,,14.63214483923698,57.86436418138289,32.83334994027312,19.923310976243776,10.290706416943664,0.2279243252708196,4.264447469067842,Baseline (no TES/DSM)
2024-03-16 10:00:00,97.53138317102645,77.8,0.95,102.71368872746221,5.1823055564357645,46.71628132725655,43.71088758028105,55.0,789.3982013621793,,,12.429906937922125,49.1553815041466,27.891706151202076,16.92471637281212,8.74188469930142,0.22492557800911517,3.033000687840121,Baseline (no TES/DSM)
2024-03-16 11:00:00,84.75958354979035,82.0,1.3,89.26326274011834,4.503679190327986,48.193891806931276,45.18920437471662,55.0,630.7806408470373,,,10.802202341101495,42.71845153899383,24.23926864364732,14.708413485148114,7.597129072329068,0.22270916228960308,2.2570998365564563,Baseline (no TES/DSM)
2024-03-16 12:00:00,84.27304783126584,79.2,1.7,88.75087506835034,4.477827237084497,48.25018068537817,45.24552015989317,55.0,685.0390076075873,,,10.740195697633418,42.47323970992004,24.10013074923899,14.623984465754125,7.553520143437188,0.22262472897193275,2.229799039010528,Baseline (no TES/DSM)
2024-03-16 13:00:00,92.65029013759919,76.7,2.15,97.57324004125746,4.922949903658278,47.2809906424941,44.27586683304979,55.0,792.3251802622071,,,11.807835044873602,46.695332416207215,26.49582712069247,16.077695521736903,8.304384982620874,0.22407851403625884,2.722994236229798,Baseline (no TES/DSM)
2024-03-16 14:00:00,110.89055342379852,82.8,2.3,116.78269513737061,5.892141713572087,45.170716054494754,42.16458350958773,55.0,741.40125295559,,,14.132469104180254,55.88834364416201,31.712117991981646,19.24294626100921,9.939287240217741,0.22724392591825787,3.9667145172645957,Baseline (no TES/DSM)
2024-03-16 15:00:00,118.54795689237012,82.1,2.55,124.84697281660995,6.299015924239825,44.28480647653319,41.278250456684496,55.0,788.7011337497255,,,15.108368444534753,59.747640791304576,33.901957205602486,20.57174297898974,10.625631840713147,0.22857279028520022,4.558216891392103,Baseline (no TES/DSM)
2024-03-16 16:00:00,95.74877729533661,77.9,2.6,100.83636453614746,5.087587240810848,46.92251672094919,43.91722155685787,55.0,777.6278828622127,,,12.202722370028077,48.256956104627605,27.381922349807994,16.61537903061884,8.582107051093018,0.22461622491857622,2.9178520094536418,Baseline (no TES/DSM)
2024-03-16 17:00:00,85.21508059468565,78.1,2.45,89.74296250612716,4.527881911441511,48.14119389223184,45.13648126980939,55.0,715.6104529279824,,,10.86025325450461,42.948020015189634,24.369530199629597,14.787456333130585,7.63795595817734,0.22278820916165223,2.2828090921626667,Baseline (no TES/DSM)
2024-03-16 18:00:00,87.53311214703751,80.3,2.2,92.18416208299763,4.651049935960117,47.8730133839598,44.868172568177755,55.0,679.1262167833424,,,11.155675256511651,44.11629756432166,25.03243328584994,15.189706617000637,7.845724615825391,0.2231904799240603,2.415893144512864,Baseline (no TES/DSM)
2024-03-16 19:00:00,96.92735864178177,79.1,1.75,102.07756950651569,5.150210864733921,46.78616286320772,43.78080252040811,55.0,754.6447673888417,,,12.352926909108549,48.8509558392217,27.71896919074835,16.819899405110952,8.687745071434687,0.22482075570518842,2.993734241510653,Baseline (no TES/DSM)
2024-03-16 20:00:00,93.91548217197025,80.9,1.35,98.90565773670811,4.990175564737854,47.13461651635457,44.129422738398716,55.0,699.7617907485449,,,11.969077700668361,47.332983550678065,26.857642603055098,16.297245533668164,8.41778604930678,0.22429807522546816,2.8017482049151217,Baseline (no TES/DSM)
2024-03-16 21:00:00,104.32246875990333,81.1,0.45,109.865616943986,5.543148184082668,45.930598844593135,42.92482953237736,55.0,746.2727802705058,,,13.295398220140301,52.578058309244184,29.833798609385195,18.103180101288984,9.350579924067635,0.2261041017331103,3.4920457163843825,Baseline (no TES/DSM)
2024-03-16 22:00:00,101.04568988338373,83.1,-0.6,106.41472724460208,5.369037361218346,46.30969990717726,43.304111809618554,55.0,690.9858943993485,,,12.877788470672627,50.926576390879454,28.89671609732765,17.534557455957817,9.056877300437154,0.2255354501392341,3.2665223059113773,Baseline (no TES/DSM)
2024-03-16 23:00:00,118.83483002463007,82.6,-1.5,125.14908888072391,6.3142588560938435,44.25161720335828,41.24504531865625,55.0,779.6172041011156,,,15.144929049142693,59.892223568673785,33.98399624624276,20.621524354385247,10.651344711422116,0.22862257419496257,4.5811739555730036,Baseline (no TES/DSM)
2024-03-17 00:00:00,134.76442132073853,86.0,-1.2,141.92509501072033,7.160673689981792,42.40867167225803,39.40121883844935,55.0,777.7855429546017,,,17.17507904734945,61.007163928142,34.61663478816476,21.005410081220848,25.295886213192713,0.23138699249161296,5.341053355319379,Baseline (no TES/DSM)
2024-03-17 01:00:00,147.44090619168628,86.9,-1.35,155.2751417224512,7.834235530764914,40.94208846188522,37.933934584476944,55.0,807.1280219516641,,,18.790636236460124,66.74574376231014,37.87281503866957,22.98126365216388,27.675319269307604,0.23358686730717218,6.430783493285116,Baseline (no TES/DSM)
2024-03-17 02:00:00,140.1253526852644,85.5,-2.0,147.570878117268,7.445525432003592,41.78844832081511,38.780699013129066,55.0,806.5015643773279,,,17.858304033965254,63.434030124411734,35.993685209570415,21.841005712660834,26.30215707062501,0.23231732751877734,5.789580164738762,Baseline (no TES/DSM)
2024-03-17 03:00:00,134.6049356974092,84.6,-1.25,141.75713515883942,7.152199461430229,42.427123075770254,39.41967906194414,55.0,802.9943236770425,,,17.15475336969098,60.9349656025656,34.57566807363695,20.980551436132934,25.26595004650394,0.23135931538634463,5.327986524650169,Baseline (no TES/DSM)
2024-03-17 04:00:00,133.6539880024879,85.6,-1.15,140.75565909691417,7.10167109442628,42.53714126594777,39.52974984207872,55.0,780.8431119029948,,,17.033559647563855,60.50447644717438,34.331400271088455,20.832329478869656,25.087452899781677,0.23119428810107834,5.250406173799641,Baseline (no TES/DSM)
2024-03-17 05:00:00,152.16090163933723,84.8,-1.35,160.245932943108,8.085031303770762,40.39601704326779,37.38760213745674,55.0,862.1163163654358,,,19.39217701496869,68.88246154874722,39.085229687965345,23.716958125436147,28.561283580959284,0.2344059744350983,6.862339305438963,Baseline (no TES/DSM)
2024-03-17 06:00:00,140.0483164603053,89.2,-2.4,147.4897485918381,7.4414321315327925,41.79736088887051,38.78961584149425,55.0,743.2930805917579,,,17.848486136628438,63.39915621957523,35.9738970871659,21.828998259354414,26.287697025742546,0.23230395866669423,5.783006951737938,Baseline (no TES/DSM)
2024-03-17 07:00:00,152.76947424645482,84.5,-2.8,160.8868419029033,8.117367656448494,40.32560932559386,37.317160764086026,55.0,870.063069627382,,,19.46973667449055,69.15795925385916,39.24155236925029,23.811814891423953,28.675515388369906,0.2345115860116092,6.919000985061054,Baseline (no TES/DSM)
2024-03-17 08:00:00,136.84515818270668,88.8,-3.2,144.11639130341408,7.271233120707393,42.167944548135466,39.160376643999776,55.0,738.2944369694268,,,17.440258979343405,61.949102858205066,35.15110900127773,21.329729590987704,25.686449852943575,0.2317480831777968,5.512995172716943,Baseline (no TES/DSM)
2024-03-17 09:00:00,134.67734952259454,86.0,-2.4,141.8333966744442,7.156047151849663,42.418745287976805,39.41129726947201,55.0,777.4626783540498,,,17.163982164349765,60.96774697067782,34.59426885057413,20.991838406971834,25.279542446220415,0.2313718820680348,5.333917486785802,Baseline (no TES/DSM)
2024-03-17 10:00:00,138.31979201980388,83.0,-1.45,145.66937943919166,7.349587419387774,41.99733942779247,38.98968997245202,55.0,848.705483286062,,,17.628193988226514,62.61666205040209,35.529894889161085,21.559577262682513,25.963245236945973,0.2320039908583113,5.636499161440866,Baseline (no TES/DSM)
2024-03-17 11:00:00,150.7052323599943,87.2,-0.25,158.71291704209924,8.007684682104923,40.56442809307171,37.556093689674526,55.0,813.0097291371765,,,19.206658948000477,68.22348751480189,38.71131518351734,23.490066414288876,28.28804792949113,0.23415335786039243,6.727752208745705,Baseline (no TES/DSM)
2024-03-17 12:00:00,146.7606932394589,85.8,0.95,154.5587858257963,7.79809258633739,41.02078448096076,38.012668221152424,55.0,824.5518917460444,,,18.70394635860481,66.43781483955821,37.69809026254046,22.875240475838368,27.54764024785925,0.23346882327855886,6.369744971611945,Baseline (no TES/DSM)
2024-03-17 13:00:00,119.53989328255828,78.5,3.05,125.8916154978336,6.351722215275316,44.170046172677836,41.16343529608734,55.0,876.0408609474866,,,15.234785979255415,54.11509799077341,30.705944401526665,18.6323990772712,22.438174028262328,0.22874493074098326,4.165765251495824,Baseline (no TES/DSM)
2024-03-17 14:00:00,86.29486070474961,77.9,4.35,90.88011646122615,4.585255756476542,48.016270666555656,45.01149832939817,55.0,726.4987254083662,,,10.997866049946854,39.06524186113715,22.166367412377035,13.450574856778992,16.19793233093297,0.2229755940001665,2.105709355355975,Baseline (no TES/DSM)
2024-03-17 15:00:00,81.3449461262665,76.2,4.4,85.66718941444896,4.322243288182449,48.58894216717174,45.5844435735614,55.0,741.1946042815114,,,10.367023181110293,36.8244408606928,20.894893951379867,12.67904343499082,15.268811167385465,0.2221165867492424,1.858395010445108,Baseline (no TES/DSM)
2024-03-17 16:00:00,67.3700573781467,76.0,4.75,70.94974846153818,3.579691083391481,50.20574188834617,47.20201614355092,55.0,657.0956539651064,,,8.585990646153405,30.498080235398472,17.305195607723242,10.500810737392886,12.645661881023575,0.21969138716748074,1.243270974175353,Baseline (no TES/DSM)
2024-03-17 17:00:00,61.44879378748035,74.9,4.5,64.71386001670342,3.2650662292230734,50.8907918729965,47.887393589953,55.0,643.9026979394281,,,7.8313540051675385,27.817554507634085,15.784213903548402,9.577877453503897,11.534214152017038,0.21866381219050524,1.0196593804284058,Baseline (no TES/DSM)
2024-03-17 18:00:00,83.75404441088831,75.4,3.95,88.20429453154335,4.450250120655042,48.310225856433135,45.30559403322876,55.0,777.8307758975593,,,10.67405120130813,37.915027326531096,21.513713627005288,13.054543859349923,15.721009718657047,0.2225346612153503,1.9768381446883263,Baseline (no TES/DSM)
2024-03-17 19:00:00,98.42029040139143,81.8,3.2,103.64982782032422,5.229537418932793,46.61344079749581,43.60799789156727,55.0,703.708117124733,,,12.543193900442773,44.55436183770443,25.28099935561996,15.340536767295367,18.473929859704462,0.2250798388037563,2.776599101742662,Baseline (no TES/DSM)
2024-03-17 20:00:00,113.83296281721076,79.7,2.35,119.8814487151163,6.04848589790555,44.830299270318925,41.82400400228371,55.0,821.305135691865,,,14.507465066959204,51.53159977207563,29.2400179667579,17.74287338825917,21.36695758802361,0.2277545510945216,3.7627448840871707,Baseline (no TES/DSM)
2024-03-17 21:00:00,94.02145844041809,79.9,2.35,99.01726502757126,4.995806587153169,47.12235578180664,44.11715614307901,55.0,721.6622125835592,,,11.98258386772564,42.563033118258836,24.151081251158896,14.654901283440793,17.648249374712734,0.22431646632729005,2.522534987936051,Baseline (no TES/DSM)
2024-03-17 22:00:00,96.50065832954581,78.9,1.95,101.62819658032576,5.127538250779949,46.83552919150432,43.830192446375975,55.0,757.1656760751958,,,12.298546001148136,43.685354221739665,24.787907768779135,15.041328278296527,18.113606311510438,0.2247467062127435,2.6642310464739976,Baseline (no TES/DSM)
2024-03-17 23:00:00,85.88370674389991,80.4,2.15,90.44711593790004,4.56340919400013,48.06383838757604,45.05908878833492,55.0,668.2008633842736,,,10.945466449896504,38.87911456697869,22.060755216183455,13.386489266016053,16.120756888721836,0.22290424241863593,2.0845803067108086,Baseline (no TES/DSM)
2024-03-18 00:00:00,89.30610319890754,78.7,1.25,94.05136056924299,4.745257370335452,47.66789036008643,44.66295149314575,55.0,724.0266591882087,,,11.381634461231105,54.71135015621566,31.044269314926645,6.75830760175346,1.5374334963472247,0.22349816445987036,3.063433909233041,Baseline (no TES/DSM)
2024-03-18 01:00:00,77.30309701767429,80.6,0.75,81.4105776683065,4.107480650632212,49.05655665982236,46.052281591304116,55.0,616.5559772740003,,,9.851908900521998,47.35798179071848,26.87182708386206,5.84997093703697,1.3307978566889904,0.22141516501026645,2.2571126703584197,Baseline (no TES/DSM)
2024-03-18 02:00:00,99.91441567322846,78.0,2.15,105.22334306333255,5.308927390104088,46.440580650524645,43.43505511546276,55.0,796.4964922468695,,,12.733612999185219,61.2102911866672,34.73189309015975,7.561099754461068,1.7200590320445315,0.22533912902421305,3.878070798861087,Baseline (no TES/DSM)
2024-03-18 03:00:00,87.96416817343675,82.7,1.85,92.63812216312925,4.673953989692507,47.82314312911526,44.81827847477928,55.0,634.5314902737614,,,11.210611279348296,53.88924422576316,30.577790643910586,6.656755643277573,1.5143316501779376,0.2232652853063271,2.967203286839883,Baseline (no TES/DSM)
2024-03-18 04:00:00,87.63810949219162,76.8,2.45,92.29473843572359,4.65662894353197,47.86086590418884,44.856019281772106,55.0,761.8898487006,,,11.169056664490926,53.689491800765474,30.464447287180548,6.632080903420561,1.5087184443570054,0.22320870114371674,2.9440527906188962,Baseline (no TES/DSM)
2024-03-18 05:00:00,58.532469189601144,77.8,2.35,61.642577243552005,3.11010805395086,51.22819082347756,48.224953821003126,55.0,554.1922384410035,,,7.459682424453404,35.85858415754218,20.346848335129827,4.42948933279983,1.007655418080165,0.21815771376478366,1.2418134305856245,Baseline (no TES/DSM)
2024-03-18 06:00:00,67.39636037146849,76.8,1.95,70.97744905780597,3.5810886863374805,50.202698810649075,47.198971611227776,55.0,637.5049942060222,,,8.589342836479732,41.28884521279858,23.428082597643918,5.100271071222633,1.160250176140841,0.2196959517840264,1.6839163000312922,Baseline (no TES/DSM)
2024-03-18 07:00:00,76.81033058358287,79.3,1.55,80.8916282134643,4.081297629881433,49.113566389746,46.109318572532686,55.0,640.1659152108493,,,9.78910818224296,47.056099657749805,26.70053337221931,5.812680460595602,1.3223147228995833,0.221329650415381,2.226628835450039,Baseline (no TES/DSM)
2024-03-18 08:00:00,104.47850540214591,80.7,1.1,110.0299445540361,5.551439151890193,45.91254646476974,42.90676852330931,55.0,755.5949224750274,,,13.315284341703649,64.00637681081572,36.31844569571266,7.9064907322907345,1.798631315216987,0.2261311803028454,4.258006373090153,Baseline (no TES/DSM)
2024-03-18 09:00:00,108.3407163469849,82.8,1.35,114.09737310769822,5.756656760713312,45.46571488769742,42.45972335561697,55.0,730.0768572176121,,,13.807504600025943,66.37247238336155,37.66101369977833,8.1987664968031,1.8651205277552325,0.22680142766845388,4.593354120468726,Baseline (no TES/DSM)
2024-03-18 10:00:00,103.33698957944328,79.5,2.3,108.82777457470803,5.490784995264747,46.04461209313549,43.038897280560505,55.0,777.0956082719288,,,13.169803625824962,63.307053140342234,35.92163603368652,7.820105650132235,1.7789797505470437,0.22593308186029676,4.1613199463576045,Baseline (no TES/DSM)
2024-03-18 11:00:00,89.71359048371929,77.9,3.25,94.48049958862056,4.7669091049012735,47.620746848582314,44.61578544650229,55.0,745.4144340972755,,,11.433566761009061,54.96098796063185,31.185918592624148,6.789144513408058,1.5444485219565074,0.22356887972712652,3.0929581172087146,Baseline (no TES/DSM)
2024-03-18 12:00:00,79.7012174311286,77.4,4.5,83.93612160780523,4.234904176676636,48.77911041422436,45.77470272321778,55.0,700.5942133392482,,,10.157537843699162,48.82713564423552,27.705453155297324,6.031450531819764,1.3720822764526277,0.22183133437866345,2.408414945525701,Baseline (no TES/DSM)
2024-03-18 13:00:00,95.98749812822896,74.5,5.7,101.08776974055715,5.100271612328186,46.89489834179673,43.88958997580333,55.0,874.8025497225974,,,12.233146195062861,58.80455458924191,33.36683200835493,7.263927268536798,1.6524558744235085,0.2246576524873049,3.5653560125379182,Baseline (no TES/DSM)
2024-03-18 14:00:00,84.63879965242023,78.0,6.75,89.13606102068808,4.497261368267843,48.20786568358319,45.20318493104188,55.0,714.7474212271155,,,10.786809012768627,51.85203293745316,29.42183788995503,6.405105839409605,1.4570843538702816,0.22268820147462523,2.7353402289921407,Baseline (no TES/DSM)
2024-03-18 15:00:00,91.03115920085774,73.7,6.1,95.86807698872659,4.836917787868842,47.46831309594982,44.46327882878727,55.0,873.0690078376726,,,11.601484573777386,55.76816642723319,31.64392713437707,6.88885253288167,1.5671308942346558,0.22379753035607527,3.189388209584098,Baseline (no TES/DSM)
2024-03-18 16:00:00,79.22939760281076,75.4,6.15,83.43923175137515,4.209834148564383,48.833696764113654,45.82931516600855,55.0,750.3086395877449,,,10.097406669847432,48.538085972229936,27.541440828101752,5.995745205776411,1.3639597452670467,0.22174945485382952,2.3782603712325057,Baseline (no TES/DSM)
2024-03-18 17:00:00,80.3286415218032,76.4,5.9,84.59688372000308,4.2682421981998715,48.706521707928054,45.702079318687105,55.0,729.7559335801656,,,10.237500034371886,49.21151272364844,27.923556081613498,6.0789313293200795,1.3828835854210606,0.2219402174381079,2.448807674961604,Baseline (no TES/DSM)
2024-03-18 18:00:00,82.06618731710405,74.5,5.5,86.42675357487104,4.36056625776699,48.5054994595221,45.50096097934023,55.0,794.2687918361536,,,10.458941911168552,50.27598058210411,28.52755555851595,6.210421435104023,1.412795999146959,0.22224175081071684,2.5624160653664383,Baseline (no TES/DSM)
2024-03-18 19:00:00,76.19419830518684,77.2,4.45,80.24275790115534,4.048559595968499,49.184848710047206,46.18063496660076,55.0,684.2481795079535,,,9.71058507887958,46.67864024995557,26.48635566544441,5.766054179617974,1.3117078061373881,0.2212227269349292,2.188803813376096,Baseline (no TES/DSM)
2024-03-18 20:00:00,89.57870880387307,77.4,3.5,94.33845100458205,4.759742200708985,47.63635174292512,44.63139780016361,55.0,757.187356625182,,,11.416376737925116,54.87835577143769,31.13903150378242,6.778937239217495,1.542126490144451,0.22354547238561231,3.083169722222145,Baseline (no TES/DSM)
2024-03-18 21:00:00,94.12458462262533,79.3,3.1,99.12587079357692,5.0012861709515875,47.11042478288109,44.10521944099911,55.0,735.6522131497517,,,11.995726804963093,57.663283058349805,32.71925265479647,7.122949865477469,1.6203852149531786,0.22433436282567837,3.4215922504294136,Baseline (no TES/DSM)
2024-03-18 22:00:00,99.57435434263144,80.0,2.35,104.86521265931749,5.290858316686055,46.479923437032724,43.474416708274134,55.0,747.3554673197141,,,12.69027381383711,61.00196035745788,34.61368218236622,7.535365353414397,1.7142047660789945,0.2252801148444509,3.850471760709309,Baseline (no TES/DSM)
2024-03-18 23:00:00,88.9630568485515,79.3,2.55,93.69008653719347,4.727029688641963,47.70757849310861,44.70265859755082,55.0,708.4537459155506,,,11.337914849433512,54.50119062263552,30.92502076520282,6.732347307055556,1.5315278422995702,0.22343863226033708,3.0386882153577925,Baseline (no TES/DSM)
2024-03-19 00:00:00,105.32530585331452,77.7,2.4,110.92173953456137,5.59643368124685,45.8145774034043,42.808752631608606,55.0,831.0463960742942,,,13.423204997197264,66.3347335546619,37.639599964631294,0.6387177137396349,6.3086883015285435,0.22627813389489354,4.451892165848821,Baseline (no TES/DSM)
2024-03-19 01:00:00,115.95420326853332,83.6,1.9,122.11540074521496,6.161197476681636,44.58488615597813,41.57847357765881,55.0,747.7188623348948,,,14.77780698712514,73.02889952271813,41.43799811342099,0.7031738764976757,6.945329232578157,0.2281226707660328,5.439972608869079,Baseline (no TES/DSM)
2024-03-19 02:00:00,116.32272726555168,82.8,0.85,122.50350617228526,6.180778906733579,44.54225043226223,41.535817473577836,55.0,764.944409234401,,,14.824773602776405,73.26099893085811,41.56969576872577,0.705408693694994,6.967402779006382,0.22818662435160667,5.47600306657761,Baseline (no TES/DSM)
2024-03-19 03:00:00,99.70497241824124,79.1,0.8,105.002771093579,5.297798675337759,46.46481181274486,43.4592978604565,55.0,768.6266090155831,,,12.706920461013159,62.79500188349855,35.631088330602715,0.6046346745970389,5.972046204880696,0.2253027822808827,3.969342972370189,Baseline (no TES/DSM)
2024-03-19 04:00:00,81.74453686874082,81.3,0.7,86.08801231069462,4.3434754419537995,48.54271223198866,45.53819153993894,55.0,627.8205406063809,,,10.417949104446178,51.48337361857767,29.212653522397837,0.49571832026979457,4.896266849449319,0.222185931652017,2.6124582357621278,Baseline (no TES/DSM)
2024-03-19 05:00:00,103.90682495020248,79.4,0.6,109.42788800481725,5.521063054614771,45.978686010633915,42.97293968463517,55.0,782.1774166992137,,,13.242426410391166,65.44136275456798,37.132684239886444,0.6301157080575358,6.223725302305292,0.22603197098404912,4.3274988408606045,Baseline (no TES/DSM)
2024-03-19 06:00:00,110.02499982507385,84.2,0.1,115.87115056550239,5.846150740428541,45.2708547276751,42.26477005020267,55.0,711.0517783495395,,,14.022158449987376,69.29463901023473,39.31910708421724,0.6672177761377313,6.59018669491269,0.22709371790848734,4.876601325266131,Baseline (no TES/DSM)
2024-03-19 07:00:00,126.43435352267306,83.3,-0.3,133.15241115173328,6.718057629060212,43.37240394490944,40.3654117861833,55.0,796.6666698939692,,,16.113451864897126,79.62938331992997,45.18323920186769,0.7667280010809403,7.573060628854671,0.22994139408263584,6.510942419999829,Baseline (no TES/DSM)
2024-03-19 08:00:00,112.04185712124277,83.6,-0.45,117.99517306770713,5.9533159464643575,45.03751803549332,42.031321820405125,55.0,730.9708180838985,,,14.279197237743409,70.56487212539388,40.0398617138717,0.6794484786333141,6.710990749808237,0.22744372294676002,5.064786060766466,Baseline (no TES/DSM)
2024-03-19 09:00:00,105.26036757765165,81.1,0.3,110.853350779926,5.592983202274354,45.82209032088634,42.81626914035139,55.0,750.6660196692532,,,13.41492892546574,66.29383490092722,37.6163932841613,0.6383239125858712,6.3047986822516116,0.22626686451867048,4.446158992827824,Baseline (no TES/DSM)
2024-03-19 10:00:00,104.06828029662074,80.7,1.3,109.59792224052889,5.529641943908146,45.96000672353718,42.95425146862491,55.0,753.6563571417639,,,13.263003119808783,65.54304864381233,37.19038276354225,0.631094811691746,6.233396021482562,0.22605998991469423,4.341568898079383,Baseline (no TES/DSM)
2024-03-19 11:00:00,110.40558731152277,80.8,2.6,116.27196047248522,5.866373160962453,45.22682334015826,42.22071761517746,55.0,780.823943229548,,,14.070662499499345,69.53433610205225,39.45511581094653,0.6695257492051072,6.612982810281331,0.22715976498976262,4.911840137125634,Baseline (no TES/DSM)
2024-03-19 12:00:00,109.0004583793435,79.0,4.3,114.7921703672969,5.791711987953406,45.389387215027554,42.383359197443916,55.0,815.8993977967914,,,13.891585557340699,68.64937448175682,38.952971616087844,0.6610047130514513,6.528819556400787,0.22691591917745868,4.782367830229481,Baseline (no TES/DSM)
2024-03-19 13:00:00,76.56739266015472,76.3,6.05,80.63578184447209,4.068389184317368,49.14167265763412,46.137438275539296,55.0,709.2928118253161,,,9.758146909248312,48.22276612384225,27.36252229902617,0.46432288604040106,4.586170535563271,0.22128749101354883,2.273701689333029,Baseline (no TES/DSM)
2024-03-19 14:00:00,54.21387518846463,69.5,7.95,57.09451583448549,2.880640646020865,51.72782282075143,48.7248246481036,55.0,767.4578562119386,,,6.909298334824881,34.14433916385655,19.374152850485576,0.3287658377329303,3.2472579824104355,0.21740826576887287,1.080090034441247,Baseline (no TES/DSM)
2024-03-19 15:00:00,41.67265433012989,69.5,9.7,43.886920354715606,2.2142660245857186,53.17875690347681,50.176452293966044,55.0,642.3661524773617,,,5.310979895275283,26.245776350790436,14.89235683431046,0.2527128906349625,2.4960742789797474,0.21523186464478478,0.6017489501600973,Baseline (no TES/DSM)
2024-03-19 16:00:00,46.3909642647823,70.4,9.6,48.855936503063965,2.4649722382816677,52.63288048726656,49.6303149425664,55.0,656.9027725207203,,,5.912305863237415,29.217406291076372,16.578516651370933,0.28132584466116123,2.778687715955499,0.21605067926910015,0.765575430751322,Baseline (no TES/DSM)
2024-03-19 17:00:00,37.08846458128985,69.4,9.1,39.05915083457768,1.9706862532878304,53.709116525032464,50.707065433505235,55.0,594.6702003986977,,,4.726746901635292,23.35861639345959,13.254126905516276,0.22491327332546654,2.221494262276344,0.21443632521245132,0.46122290812405176,Baseline (no TES/DSM)
2024-03-19 18:00:00,29.45052870964471,69.3,8.0,31.01537515813948,1.5648464484947695,54.59277383423898,51.591145141043114,55.0,503.78710112754624,,,3.753328613125163,18.54818231165597,10.524594354577253,0.1785950129786004,1.764003478927656,0.21311083924864152,0.2678980187275435,Baseline (no TES/DSM)
2024-03-19 19:00:00,55.629104261492785,71.5,6.85,58.5849427489707,2.9558384874779122,51.56409042817852,48.56101398956866,55.0,702.0220137672397,,,7.089662491485456,35.03566193493758,19.879906484292082,0.3373481235437239,3.3320262061973116,0.21765386435773224,1.1427041404033726,Baseline (no TES/DSM)
2024-03-19 20:00:00,65.55341226344008,77.7,5.85,69.03657636478819,3.483164101348109,50.41591539082401,47.41229011137412,55.0,604.4642693345211,,,8.354467940529128,41.286071764655205,23.42650888997909,0.3975314884634495,3.9264642216904453,0.21937612691376399,1.63098593807401,Baseline (no TES/DSM)
2024-03-19 21:00:00,81.09750209946702,73.7,5.3,85.40659751141416,4.3090954119471405,48.61756976061784,45.613084851325596,55.0,813.4344912994355,,,10.335487626856244,51.07586586274782,28.981425806690183,0.491794547486109,4.857511294490052,0.22207364535907323,2.5688392950631456,Baseline (no TES/DSM)
2024-03-19 22:00:00,68.61174297428136,76.2,5.05,72.25741071005882,3.645667735777465,50.06208729747245,47.05829288413472,55.0,660.4079121183103,,,8.744237519152716,43.21223329992991,24.51944988438676,0.41607793353343836,4.10964959220871,0.2199068690537913,1.7988162138970056,Baseline (no TES/DSM)
2024-03-19 23:00:00,78.60949547752764,75.9,5.05,82.78639128231119,4.176895804783541,48.90541523009773,45.901067914242134,55.0,732.6272636243698,,,10.018403117581816,49.50889907341384,28.092298799648052,0.47670668338299016,4.7084867258663,0.2216418771548534,2.4045238824857056,Baseline (no TES/DSM)
2024-03-20 00:00:00,76.94929899256483,76.2,4.85,81.03798067396511,4.088681681400274,49.09748868859619,46.093233186057276,55.0,714.2986877404228,,,9.806819039351675,47.01638517863928,26.677998615140776,5.3958463834584505,1.9477504967265995,0.2213537669671057,2.229285094173093,Baseline (no TES/DSM)
2024-03-20 01:00:00,88.4146664898461,76.5,4.4,93.11255759446912,4.697891104623025,47.771023533354025,44.76613396525333,55.0,774.2636638841692,,,11.268025128784224,54.02177887974257,30.652993348284536,6.199822021380829,2.237963345061189,0.22334346469996896,2.9913943558049807,Baseline (no TES/DSM)
2024-03-20 02:00:00,93.61440425079657,79.4,3.65,98.58858211578807,4.974177864991503,47.169449187138504,44.1642720595989,55.0,730.7345960101791,,,11.930706763852164,57.198843214277744,32.455720580395315,6.5644385488824994,2.3695797722325125,0.22424582621929223,3.3737768079291324,Baseline (no TES/DSM)
2024-03-20 03:00:00,93.85215177175175,78.5,3.35,98.83896229157514,4.986810519823393,47.141943413567176,44.13675313795225,55.0,752.9737108844922,,,11.96100654494942,57.34410807265646,32.538146646881096,6.581109904150417,2.3755976678871695,0.22428708487964924,3.3918087736726004,Baseline (no TES/DSM)
2024-03-20 04:00:00,88.81737578890527,77.6,3.2,93.53666475102081,4.719288962115542,47.72443280235298,44.719520963348366,55.0,747.9395468546877,,,11.319348497197483,54.26783616379158,30.792610970059656,6.228060842830306,2.248156774339268,0.22341335079647054,3.0201897660488877,Baseline (no TES/DSM)
2024-03-20 05:00:00,78.70225408958154,78.9,3.1,82.88407859992662,4.181824510345081,48.894683688630145,45.89033124297462,55.0,659.8932416255436,,,10.030224757735319,48.087449023550455,27.285740781253736,5.518767274804277,1.9921215203181566,0.2216579744670548,2.3385839096564998,Baseline (no TES/DSM)
2024-03-20 06:00:00,87.85068669464974,76.9,2.85,92.51861087446004,4.667924179810299,47.836272165529664,44.831413787023706,55.0,760.4638281792952,,,11.196148609234955,53.67718456074188,30.45746392316696,6.160274574190334,2.223687816360867,0.2232455917517055,2.9512986614116308,Baseline (no TES/DSM)
2024-03-20 07:00:00,80.06797732515113,79.3,3.35,84.32236919670993,4.254391871558795,48.73667878524461,45.73225081143258,55.0,659.0874324638777,,,10.204279632885811,48.92191237190612,27.75923128817455,5.614534655117453,2.026690881511808,0.2218949818221331,2.425544858215057,Baseline (no TES/DSM)
2024-03-20 08:00:00,83.04522547391944,76.8,3.7,87.4578126783302,4.412587204410755,48.39223139367282,45.38763877005603,55.0,735.4654330158323,,,10.583715627917254,50.741025054770304,28.791430710776787,5.823305545385631,2.102051367397477,0.22241165290949078,2.620602015115875,Baseline (no TES/DSM)
2024-03-20 09:00:00,80.03393014665679,76.6,3.95,84.28651292993487,4.252582783278086,48.74061781257346,45.73619172166168,55.0,722.748803711256,,,10.199940483307241,48.90110938501351,27.74742727445884,5.612147195486878,2.0258290749756425,0.2218890732811398,2.423357710799864,Baseline (no TES/DSM)
2024-03-20 10:00:00,78.41702809759364,77.4,4.75,82.58369719646954,4.1666690988759,48.92768239886172,45.92334572696825,55.0,692.9027396381904,,,9.993874073253906,47.91317459509131,27.186854128368314,5.498766629476958,1.9849018435329588,0.22160847640170742,2.3206221756622027,Baseline (no TES/DSM)
2024-03-20 11:00:00,76.82158908791992,75.0,5.4,80.90348493560246,4.081895847682546,49.11226385725354,46.10801541741475,55.0,746.5758405114331,,,9.79054302461492,46.938353823623366,26.633722127845065,5.386891096845938,1.9445178872880948,0.22133160421411968,2.2214240996136936,Baseline (no TES/DSM)
2024-03-20 12:00:00,79.96296556503367,74.7,5.65,84.21177766308519,4.248812098051516,48.74882793272893,45.74440576634878,55.0,775.205122632465,,,10.190896387788607,48.85774969041832,27.72282415220756,5.607171010048964,2.024032810410338,0.2218767581009066,2.4188021970918085,Baseline (no TES/DSM)
2024-03-20 13:00:00,73.2793369738214,77.1,5.85,77.17301614481643,3.8936791709950285,49.52207837053004,46.5180258267301,55.0,668.505087909567,,,9.339099984463488,44.77402104896876,25.4056382046435,5.138500942427465,1.854855948776704,0.22071688244420495,2.008899722642561,Baseline (no TES/DSM)
2024-03-20 14:00:00,79.38581754053257,72.9,6.2,83.60396302321361,4.218145482681038,48.815600039606366,45.81120979105933,55.0,829.2620858475494,,,10.117341640580989,48.505109521108196,27.52272935732374,5.566700178975827,2.009423965805846,0.22177659994059046,2.3819112986606807,Baseline (no TES/DSM)
2024-03-20 15:00:00,77.16670638669406,75.5,6.2,81.26693995539434,4.1002335687002756,49.07233612956371,46.068068603813025,55.0,734.6084313567749,,,9.834526568854292,47.149222123444346,26.75337284512643,5.4110914463337165,1.9532535404898406,0.22139149580565443,2.2426991084832313,Baseline (no TES/DSM)
2024-03-20 16:00:00,96.99288258955677,76.5,6.0,102.14657505280383,5.153692463247054,46.77858218743976,43.77321822099016,55.0,821.0225065598361,,,12.36127762194136,59.26310943856379,33.62702482387434,6.801344542367293,2.4550962479984015,0.22483212671884037,3.6345180146582567,Baseline (no TES/DSM)
2024-03-20 17:00:00,113.85437533180686,77.4,5.6,119.90399897829919,6.049623646492321,44.827821987797925,41.82152553559324,55.0,879.4023950675671,,,14.510193989231023,69.56556115463546,39.472833504606044,7.983707810442967,2.881896508614714,0.22775826701830312,5.080586363357715,Baseline (no TES/DSM)
2024-03-20 18:00:00,103.07133431948675,79.8,5.15,108.54800378921495,5.4766694697281935,46.075346602580794,43.069646481453915,55.0,768.9093149506724,,,13.135947137262317,62.97707215902689,35.734398496621395,7.227578338040189,2.608954795526472,0.22588698009612881,4.128016111929766,Baseline (no TES/DSM)
2024-03-20 19:00:00,88.73711563963434,75.5,4.7,93.45213999887025,4.715024359235912,47.73371835655677,44.728810956153595,55.0,804.030090526131,,,11.309119726171936,54.21879683345303,30.764785113565402,6.222432832674929,2.246125219176893,0.22339942246516484,3.0144398509644215,Baseline (no TES/DSM)
2024-03-20 20:00:00,79.80669912554194,75.8,4.2,84.04720804556669,4.240508920024752,48.76690689853345,45.76249337410636,55.0,742.7254868543519,,,10.170980979668155,48.76227015771526,27.668647234276747,5.596213279264841,2.020077374309846,0.22184963965219984,2.408785860284002,Baseline (no TES/DSM)
2024-03-20 21:00:00,96.56724120018684,79.1,3.95,101.69831731508054,5.131076114893702,46.82782600555217,43.822485578212564,55.0,752.8116318543154,,,12.30703166862069,59.003040539007976,33.4794567427505,6.771497674604354,2.444322358717714,0.22475826099167176,3.6011351673854883,Baseline (no TES/DSM)
2024-03-20 22:00:00,100.62492781994993,80.0,3.4,105.97160809457341,5.3466802746234805,46.35837922041559,43.35281439212707,55.0,752.5119304784882,,,12.824164364036928,61.48230623144041,34.886239643179195,7.056031178601212,2.547031041352594,0.22546243116937661,3.9256283254156084,Baseline (no TES/DSM)
2024-03-20 23:00:00,101.67230428265975,77.8,2.8,107.07463664265212,5.402332359992371,46.237204876676955,43.23158212566199,55.0,810.4233192723908,,,12.957647470060595,62.12225819776779,35.24936066166181,7.12947541490255,2.5735423683199707,0.22564419268498456,4.011654825484501,Baseline (no TES/DSM)
2024-03-21 00:00:00,120.17736720729715,80.6,2.35,126.56296143950539,6.385594232208234,44.09629476883124,41.08964863822361,55.0,828.2671850366625,,,15.31602897307169,64.79720231098719,36.767175250701456,13.681305994015146,11.317277883801596,0.22885555784675313,5.016743990552314,Baseline (no TES/DSM)
2024-03-21 01:00:00,129.0327062749848,84.8,2.15,135.88882672513995,6.856120450155146,43.071792177533794,40.06465632293414,55.0,777.9555657762571,,,16.444599459169353,69.5718217791569,39.47638590302371,14.689420968416368,12.151198074542965,0.2303923117336993,5.814064753966067,Baseline (no TES/DSM)
2024-03-21 02:00:00,132.947257611818,80.0,2.35,140.01137676438313,7.064119152565127,42.61890517256451,39.611552832780845,55.0,894.7713816494153,,,16.943490249380254,71.68246857417277,40.674007371806184,15.135063737209228,12.519837081194945,0.23107164224115323,6.185234268179059,Baseline (no TES/DSM)
2024-03-21 03:00:00,123.79794676261646,81.5,2.3,130.3759195804349,6.577972817818434,43.67741830254684,40.67057194418286,55.0,823.4685003514512,,,15.777454469878665,66.74934547555141,37.87485871983514,14.093482245859269,11.65823313918908,0.22948387254617975,5.3356416500973545,Baseline (no TES/DSM)
2024-03-21 04:00:00,147.5862893898671,83.2,1.85,155.42824982036421,7.841960430497124,40.92526861318956,37.91710669570064,55.0,878.3141428585304,,,18.809164627681188,79.57553800814537,45.15268633933343,16.801609426017098,13.898416046868316,0.23361209708021566,7.67493239065117,Baseline (no TES/DSM)
2024-03-21 05:00:00,147.8529820317765,85.8,1.15,155.7091131088398,7.85613107706331,40.89441408569742,37.88623741939039,55.0,828.351074140126,,,18.843153325597527,79.71933327903733,45.234278533695964,16.831970414322168,13.923530881784341,0.23365837887145388,7.703559426938738,Baseline (no TES/DSM)
2024-03-21 06:00:00,153.88682595055363,83.5,-0.05,162.06356380925266,8.176737858699028,40.19633932164598,37.187828967593234,55.0,894.0494696010065,,,19.61213778936577,82.97265970982455,47.08027834174956,17.518878996955063,14.491746760723476,0.23470549101753102,8.365466516066567,Baseline (no TES/DSM)
2024-03-21 07:00:00,130.2615118882526,87.1,-1.45,137.182924616138,6.921412727885382,42.92962771320658,39.92242390236203,55.0,741.94168785482,,,16.601204840136127,70.23436887745078,39.85232783270612,14.829311415286297,12.266916490694799,0.23060555843019012,5.929342304602259,Baseline (no TES/DSM)
2024-03-21 08:00:00,126.22304185545751,82.5,-0.65,132.92987149213675,6.706829636679245,43.39685126973562,40.389870797111215,55.0,812.1039653972872,,,16.08652120654913,68.05690763143679,38.61679456308174,14.369561417842728,11.8866078797755,0.22990472309539656,5.554729419793796,Baseline (no TES/DSM)
2024-03-21 09:00:00,102.71522832379583,82.0,0.75,108.17297619085473,5.457747867058899,46.11654564787688,43.11086522036631,55.0,720.153889462425,,,13.090563136312465,55.38197070531354,31.424792275425244,11.693370404087647,9.672842806028294,0.22582518152818468,3.616482900611398,Baseline (no TES/DSM)
2024-03-21 10:00:00,83.38107537671715,79.7,1.85,87.81150788138724,4.430432504670094,48.35337584076026,45.348764643743415,55.0,669.2084776145608,,,10.626518086994095,44.95738703256225,25.50968358026701,9.492319833993184,7.852117434564798,0.2224699362388596,2.3323777731122655,Baseline (no TES/DSM)
2024-03-21 11:00:00,58.70784949674266,75.5,3.15,61.827276339278654,3.1194268425359937,51.20790051299305,48.204653811517424,55.0,608.0171648760627,,,7.482033803318709,31.65408337263388,17.961133957238808,6.6834552285545,5.528603780851466,0.21818814923051041,1.1000616003858477,Baseline (no TES/DSM)
2024-03-21 12:00:00,55.2564119384364,73.4,5.05,58.192447512905034,2.936035574468633,51.60720839890887,48.604152571183675,55.0,637.9028371261,,,7.042164642675655,29.79313814703629,16.905197947638882,6.290534544304755,5.203576873925105,0.2175891874016367,0.964009111016911,Baseline (no TES/DSM)
2024-03-21 13:00:00,65.6034676682692,74.9,6.5,69.08929145098493,3.485823782715727,50.41012432042412,47.40649627277614,55.0,673.9457428036313,,,8.36084726176438,35.372061026021804,20.070785779924464,7.468470447433562,6.177974197605101,0.2193848135193638,1.3985849081511301,Baseline (no TES/DSM)
2024-03-21 14:00:00,66.53967311720423,73.7,7.45,70.07524194138496,3.5355688241807286,50.30181170798892,47.298131885669605,55.0,715.4563627460572,,,8.48016215535747,35.87684404206717,20.357209343791368,7.575050525844255,6.266138029682167,0.21954728243801663,1.4418591403012913,Baseline (no TES/DSM)
2024-03-21 15:00:00,75.19026067696589,72.0,6.8,79.18547629912928,3.9952156221633857,49.300997475639534,46.296839252635536,55.0,833.3732116617081,,,9.58263804394024,40.54106564422544,23.003778129764743,8.55985605273662,7.080776472402473,0.2210485037865407,1.8727546004109301,Baseline (no TES/DSM)
2024-03-21 16:00:00,62.89647072186626,76.2,7.0,66.23845890151257,3.3419881796463144,50.723305483226085,47.71982713976683,55.0,621.1091340111428,,,8.01585348610937,33.91250310037068,19.24260462198787,7.160298830687123,5.923052348466903,0.21891504177516088,1.27715053356105,Baseline (no TES/DSM)
2024-03-21 17:00:00,74.98839638599823,71.7,6.9,78.97288599974554,3.9844896137473143,49.32435180319334,46.32020474382584,55.0,843.1467300794641,,,9.556911408377024,40.4322245071199,22.942019581251504,8.536875293562314,7.061766617811827,0.22101347229520998,1.8620611867857422,Baseline (no TES/DSM)
2024-03-21 18:00:00,61.04085908542006,74.8,6.4,64.28424980667411,3.243390721254052,50.937987147637756,47.93461142447697,55.0,643.5736891651717,,,7.7793646842074615,32.911994889785355,18.674897075884157,6.9490511457508655,5.748306695253734,0.21859301927854335,1.1970776161125558,Baseline (no TES/DSM)
2024-03-21 19:00:00,76.84141246418598,74.7,5.6,80.92436162198912,4.082949157803142,49.10997042724509,46.10572089112044,55.0,755.4561661827951,,,9.793069418829491,41.431333245262984,23.50893303985287,8.747827493353697,7.23626784351957,0.22133504435913237,1.961366667262732,Baseline (no TES/DSM)
2024-03-21 20:00:00,86.81453884687237,77.0,4.55,91.42740757094887,4.612868724076506,47.956147434776966,44.95134635802495,55.0,752.0088610817203,,,11.064096536322005,46.808640993878186,26.56012058065764,9.883194301008581,8.175451695404467,0.22306577884783454,2.539982687562536,Baseline (no TES/DSM)
2024-03-21 21:00:00,97.73789780833637,78.5,4.45,102.93117646817352,5.193278659837148,46.69238898621262,43.686983818424004,55.0,773.0661565015766,,,12.456226237819468,52.6982949028427,29.902023158450863,11.126738072245258,9.2041203346347,0.22496141652068108,3.25916114969014,Baseline (no TES/DSM)
2024-03-21 22:00:00,101.19328567526112,77.2,5.25,106.57016550182226,5.376879826561137,46.29262407641718,43.28702781641547,55.0,823.7098925172717,,,12.896598846346762,54.56137005483736,30.959167729135512,11.52010846996632,9.529519247883066,0.22556106388537422,3.5052546004971497,Baseline (no TES/DSM)
2024-03-21 23:00:00,96.47454398539062,77.0,5.3,101.60069465705074,5.126150671660113,46.838550443774,43.833215142838895,55.0,804.7208306606273,,,12.29521785325317,52.01712010963419,29.51551151743807,10.982914566770926,9.085148463207549,0.22474217433433902,3.171416052325182,Baseline (no TES/DSM)
2024-03-22 00:00:00,78.59873173566397,76.8,5.3,82.77505561172623,4.176323876062256,48.906660521932075,45.90231380134026,55.0,708.9241068592047,,,10.017031330313772,48.12938636447277,27.309536832753597,0.04174405438086157,7.294388360119,0.2216400092171019,2.3371647763126293,Baseline (no TES/DSM)
2024-03-22 01:00:00,81.48934849923543,73.5,5.4,85.81926457124877,4.329916072013333,48.57223579329205,45.567729213843336,55.0,822.4362354798146,,,10.38542657086302,49.89943542217819,28.313896613514675,0.04327927079858407,7.562653264757314,0.22214164631006192,2.5232440547158084,Baseline (no TES/DSM)
2024-03-22 02:00:00,67.54985456224077,77.3,5.65,71.13909912386534,3.5892445616245823,50.18494057519436,47.18120488713279,55.0,626.756110252577,,,8.608904934799055,41.36368332282946,23.470547176496115,0.035875958046610444,6.26899266649315,0.21972258913720846,1.6913757592435483,Baseline (no TES/DSM)
2024-03-22 03:00:00,80.0587969692143,74.1,5.2,84.31270104486546,4.253904075651164,48.73774089008039,45.73331342396666,55.0,794.1560402799363,,,10.203109640558816,49.02344714880212,27.81684406778592,0.042519500004003556,7.42989032827342,0.22189338866487943,2.4302665368291176,Baseline (no TES/DSM)
2024-03-22 04:00:00,71.29288693178192,76.9,4.35,75.0810165785547,3.7881296467727736,49.75189714991234,46.74795446212549,55.0,660.6804172459397,,,9.08593645538604,43.65570314439907,24.77108317885747,0.03786389529868894,6.616366359999467,0.2203721542751315,1.8985261583009987,Baseline (no TES/DSM)
2024-03-22 05:00:00,87.72348822128355,77.1,3.9,92.38465374214879,4.661165520865239,47.85098816506132,44.84613682097196,55.0,754.552414578794,,,11.179937773961404,53.71686749400405,30.479980780526162,0.04659024365817517,8.1412152239604,0.22322351775240803,2.9487375386308563,Baseline (no TES/DSM)
2024-03-22 06:00:00,91.22453350670685,79.0,3.4,96.07172618976422,4.847192683057372,47.4459410020166,44.4408960407365,55.0,727.3461373894775,,,11.626129201462762,55.86070820874162,31.696437115940817,0.048449660744904754,8.466131204336879,0.22383108849697508,3.2021790113727175,Baseline (no TES/DSM)
2024-03-22 07:00:00,96.18819142149606,80.0,1.6,101.29912682157152,5.110935400075462,46.87167949072435,43.86636002585376,55.0,730.4778619377989,,,12.258723592586286,58.90016958790742,33.42108579227076,0.051085876385378474,8.926785565007961,0.2246924807639135,3.5793587738221,Baseline (no TES/DSM)
2024-03-22 08:00:00,106.06052437845308,79.3,2.55,111.69602371143318,5.635499332980103,45.72951761309962,42.72365218174833,55.0,794.8421822064015,,,13.516905071464475,64.94542396684677,36.85127906078238,0.05632910607523098,9.842991577728798,0.22640572358035058,4.391797541568748,Baseline (no TES/DSM)
2024-03-22 09:00:00,93.35670655674086,80.6,3.85,98.3171917194619,4.960485162721042,47.19926306025092,44.19410018408469,55.0,703.1924385138924,,,11.897864428892012,57.16632953690918,32.43727169631977,0.04958206512070769,8.664008421112245,0.22420110540962362,3.361632945613528,Baseline (no TES/DSM)
2024-03-22 10:00:00,90.8106661552717,75.5,3.9,95.6358681005251,4.825201945253397,47.493822643900415,44.48880057059444,55.0,815.7700292001956,,,11.57338379279812,55.60727941643165,31.552636759010063,0.04822985438361542,8.42772207069977,0.2237592660341494,3.1716759625367104,Baseline (no TES/DSM)
2024-03-22 11:00:00,62.45754124440629,77.4,4.15,65.77620701647498,3.318665772068691,50.77408664288777,47.7706325734054,55.0,590.1536368667191,,,7.959914029703108,38.24544070299597,21.701196513370583,0.033171413082971876,5.796398387025459,0.21883887003566835,1.428676800728559,Baseline (no TES/DSM)
2024-03-22 12:00:00,73.07412520181043,73.1,5.9,76.95690049682462,3.8827752950141843,49.54581997890697,46.54177878386821,55.0,780.5133825988268,,,9.312946728498796,44.746432002387586,25.389983650519675,0.03880991701643636,6.781674926900919,0.22068127003163954,2.001287756684372,Baseline (no TES/DSM)
2024-03-22 13:00:00,66.34589556558706,75.1,6.7,69.87116806821658,3.5252725026295195,50.32423045471896,47.32056134881777,55.0,673.707879678466,,,8.455466135933275,40.626447410272874,23.052225381243503,0.03523653131899267,6.157258745381207,0.21951365431792155,1.6272768021267692,Baseline (no TES/DSM)
2024-03-22 14:00:00,81.16980276836833,75.8,4.35,85.48273985820411,4.312937089835785,48.60920506423798,45.6047161565249,55.0,751.0300339986596,,,10.344702000289422,49.70376381778455,28.20286879265601,0.04310955897153638,7.53299768879202,0.22208619240364302,2.502324538383468,Baseline (no TES/DSM)
2024-03-22 15:00:00,68.99557757907749,77.9,3.8,72.6616402702069,3.6660626911294116,50.01768024041485,47.01386459999439,55.0,622.554060355267,,,8.793155398321966,42.24896175056995,23.972871133974767,0.036643786469560825,6.403163599192627,0.21997347963937772,1.7699745627177712,Baseline (no TES/DSM)
2024-03-22 16:00:00,85.84025246934586,74.7,4.45,90.40135273137815,4.561100262032298,48.068865752033034,45.064118555929795,55.0,810.9349929988115,,,10.939928411049927,52.5636811878277,29.82564075497377,0.04559005073005954,7.966440737846628,0.22289670137195045,2.8167197595349496,Baseline (no TES/DSM)
2024-03-22 17:00:00,89.69546153141654,79.0,4.6,94.46140735898906,4.765945827572523,47.62284424524547,44.61788384574511,55.0,719.1866451162394,,,11.43125631300065,54.92439162636552,31.165153130728964,0.047637565405969334,8.324225036488611,0.2235657336321318,3.0902074500933905,Baseline (no TES/DSM)
2024-03-22 18:00:00,108.56622446219609,79.9,2.35,114.33486353999012,5.768639077794035,45.43962513024981,42.43362112696598,55.0,792.6098337690236,,,13.836244527572193,66.47977197451618,37.721897545555755,0.05765989193205207,10.075534127986133,0.2268405623046253,4.61118651168552,Baseline (no TES/DSM)
2024-03-22 19:00:00,112.18751012363407,80.6,1.9,118.14856530580964,5.961055182175571,45.02066697228281,42.014462702193086,55.0,793.28898817284,,,14.29776001421688,68.69724104668431,38.98013202299694,0.059583169092402355,10.411609067035986,0.2274689995415758,4.937682771501566,Baseline (no TES/DSM)
2024-03-22 20:00:00,103.0411362490091,82.4,1.5,108.51620115184465,5.475064902835555,46.07884031425237,43.073141863159755,55.0,713.7327933339742,,,13.132098538036734,63.096522659443465,35.80217700134019,0.054725498746090756,9.562775992314908,0.22588173952862145,4.134523197475056,Baseline (no TES/DSM)
2024-03-22 21:00:00,101.64830288335385,78.8,1.45,107.0493599350204,5.401057051666555,46.23998167557712,43.23436025190387,55.0,785.4168429162584,,,12.954588606851106,62.24363084151436,35.31822982736828,0.05398576019719238,9.433513505940574,0.2256400274866343,4.0184556505998446,Baseline (no TES/DSM)
2024-03-22 22:00:00,98.70345911272942,82.0,-0.05,103.94804263004063,5.244583517311213,46.580680100663926,43.575221534746454,55.0,701.095006656738,,,12.579282394373903,60.44037625343709,34.29502859186947,0.052421743631155274,9.160216041102922,0.22512897984900412,3.778485690124779,Baseline (no TES/DSM)
2024-03-22 23:00:00,97.04459528257816,82.7,0.45,102.20103548678479,5.156440204206632,46.77259938005108,43.767232553750915,55.0,679.5638611979906,,,12.367868156606885,59.424582532033135,33.71864775378676,0.05154071539562131,9.006264485569272,0.22484110092992338,3.646554073369927,Baseline (no TES/DSM)
2024-03-23 00:00:00,87.79659626966912,79.4,0.4,92.46164636832921,4.665050098660089,47.84253006035824,44.8376746731978,55.0,699.9390456088553,,,11.189255044036946,49.068466718582485,27.84238903504981,9.070612738494948,6.480177876201971,0.22323620490946264,2.696058053758387,Baseline (no TES/DSM)
2024-03-23 01:00:00,80.84244420171066,80.0,0.05,85.13798717630091,4.295542974590248,48.64707822722594,45.64260742331926,55.0,648.703342299081,,,10.302981721271635,45.18187436989408,25.637062000613454,8.352151852616089,5.966898953177285,0.22202938265916108,2.264403972954183,Baseline (no TES/DSM)
2024-03-23 02:00:00,86.47225404916203,81.8,-0.15,91.06693555645369,4.594681507291654,47.995747461329934,44.99096531384491,55.0,643.5616568736388,,,11.020473980756025,48.32830770408755,27.42240861569909,8.933789718858037,6.382429517809008,0.2230063788080051,2.6109617240049507,Baseline (no TES/DSM)
2024-03-23 03:00:00,98.0622099647412,80.6,0.3,103.27272086958004,5.210510904838841,46.65486827220197,43.64944516908161,55.0,726.7899226580192,,,12.497558266463829,54.805795332043644,31.09785931892998,10.131193789552817,7.237872429053599,0.22501769759169704,3.4018390329403783,Baseline (no TES/DSM)
2024-03-23 04:00:00,110.20952974218808,82.4,-0.05,116.06548543343042,5.855955691242343,45.24950586945404,42.24341098698246,55.0,746.344391398577,,,14.045675902754049,61.594786950680515,34.95006336039429,11.386181319746465,8.134453802609157,0.22712574119581894,4.342615095217201,Baseline (no TES/DSM)
2024-03-23 05:00:00,127.74910410556032,84.4,-0.35,134.53702067673228,6.787916571171962,43.22029623127115,40.213231363312865,55.0,780.475660359118,,,16.281010519973414,71.39744511141103,40.512279592948886,13.19826394490338,9.429032027468986,0.23016955565309327,5.90301386087593,Baseline (no TES/DSM)
2024-03-23 06:00:00,146.07748867175957,84.5,-0.15,153.8392793549325,7.761790683172933,41.099826609629574,38.09174813286553,55.0,846.7916136041641,,,18.616875213708052,81.6409598523421,46.32464630371188,15.09184166415302,10.781831534725494,0.23335026008555565,7.788632504451061,Baseline (no TES/DSM)
2024-03-23 07:00:00,139.7530099601848,86.0,0.05,147.17875105497978,7.425741094794972,41.83152584543376,38.82379712929869,55.0,796.0374372120386,,,17.8108507397406,78.10628440526557,44.319003668196764,14.438434816929162,10.31502816458829,0.23225271123184937,7.108518937862827,Baseline (no TES/DSM)
2024-03-23 08:00:00,131.16121543409582,82.6,0.25,138.13043368399042,6.969218249894595,42.82553812306549,39.81828455620271,55.0,829.6326565822811,,,16.71586774127575,73.3044332895186,41.59434125679959,13.550782627822631,9.6808765098496,0.23076169281540176,6.234305370435421,Baseline (no TES/DSM)
2024-03-23 09:00:00,109.59290833535701,81.7,1.15,115.41610000296981,5.823191667612804,45.32084477859339,42.3147839969388,55.0,757.9046318303364,,,13.967090462317913,61.250164627440085,34.754518045134034,11.322475729492703,8.08894160090299,0.2270187328321099,4.292101080123488,Baseline (no TES/DSM)
2024-03-23 10:00:00,104.1558527979529,79.9,2.25,109.69014788473152,5.534295086778613,45.949875179859916,42.94411508195354,55.0,771.8395394762507,,,13.274163815027999,58.21145936983815,33.030298406680075,10.76075207148206,7.687638036731229,0.22607518723021014,3.859463351995347,Baseline (no TES/DSM)
2024-03-23 11:00:00,96.81258276277023,78.7,3.55,101.95669503999103,5.144112277220799,46.7994416529375,43.79408765755172,55.0,763.5161728738844,,,12.338299273895688,54.10739364706021,30.70157280915243,10.002089873248908,7.1456387105294805,0.22480083752059374,3.311553755425898,Baseline (no TES/DSM)
2024-03-23 12:00:00,95.64448302124309,76.9,5.0,100.72652861198637,5.082045590743277,46.93458286017318,43.929293463834824,55.0,803.0162154252253,,,12.189430565082919,53.4545566838246,30.331140596319848,9.881408880528124,7.059422451313797,0.22459812570974022,3.2282544662832744,Baseline (no TES/DSM)
2024-03-23 13:00:00,92.70822071345233,76.2,6.2,97.63424874371326,4.926028030260923,47.274288468289,44.269161455128526,55.0,806.3413178214206,,,11.81521801887954,51.81351482743738,29.399981975644423,9.578052037276443,6.842699903355012,0.2240885672975665,3.023539791934119,Baseline (no TES/DSM)
2024-03-23 14:00:00,87.38655326509858,75.0,7.1,92.02981583166515,4.6432625665665626,47.88996925128192,44.88513654059898,55.0,810.959785764943,,,11.136997030035234,48.83929859159544,27.712354644886346,9.028249577978286,6.449913017205077,0.2231650461230771,2.669565071491548,Baseline (no TES/DSM)
2024-03-23 15:00:00,89.33506839409505,73.2,7.9,94.08186482280414,4.746796428709089,47.66453928371316,44.659598814919526,55.0,880.162771608908,,,11.385325936414924,49.92830037321517,28.3302751402956,9.229558363297695,6.593730945995667,0.22350319107443026,2.796622120590718,Baseline (no TES/DSM)
2024-03-23 16:00:00,81.2081895373927,75.3,7.65,85.52316629856242,4.314976761169717,48.60476397575606,45.60027294515174,55.0,765.3336033899867,,,10.349594209864511,45.38628505998812,25.753048546293837,8.389938446195329,5.993894246085132,0.22209285403636592,2.2861714520533014,Baseline (no TES/DSM)
2024-03-23 17:00:00,74.54308784809271,73.2,7.3,78.50391610448727,3.9608282563945636,49.37587097682677,46.37174854421531,55.0,787.1818378037407,,,9.500158971316619,41.66123950796175,23.639386262374888,7.701340495306261,5.501949838844372,0.22093619353475985,1.9057839916441348,Baseline (no TES/DSM)
2024-03-23 18:00:00,62.55697758141255,73.2,6.45,65.8809268782814,3.3239492968688467,50.76258253399331,47.75912296541492,55.0,701.4352839776144,,,7.972586713869475,34.96234595519383,19.838305591355716,6.46300815567872,4.617267176053131,0.21885612619901004,1.308448483880966,Baseline (no TES/DSM)
2024-03-23 19:00:00,68.62152439273693,74.9,5.4,72.26771186172807,3.646187468991144,50.060955653785214,47.05716069950882,55.0,695.0406373285923,,,8.745484114014499,38.35174857463865,21.761517638478058,7.089560412796251,5.064885235815117,0.21990856651932217,1.5967469046857838,Baseline (no TES/DSM)
2024-03-23 20:00:00,72.45286748036052,77.2,4.1,76.30263240233198,3.849764921971456,49.61769527816135,46.6136884403402,55.0,660.8604245238104,,,9.233770412004374,40.493040364642546,22.976527665116382,7.485391582713132,5.34767278985992,0.22057345708275797,1.7935917785130224,Baseline (no TES/DSM)
2024-03-23 21:00:00,78.95447701609709,77.0,3.05,83.149703328314,4.195226312216917,48.865503208941604,45.86113681468201,55.0,706.0286556932372,,,10.06236935983433,44.12671210906439,25.03834269826368,8.157098514203208,5.827550006782724,0.22170174518658758,2.153691588306852,Baseline (no TES/DSM)
2024-03-23 22:00:00,76.84843908525296,79.1,2.1,80.93176160080232,4.083322515549355,49.10915749490718,46.10490757019156,55.0,644.6605633907504,,,9.793964927978564,42.949672719060196,24.370467975500766,7.939515426761041,5.672105479480315,0.22133626375763923,2.033454618428314,Baseline (no TES/DSM)
2024-03-23 23:00:00,94.37595449430594,79.2,1.35,99.39059714027488,5.014642645968934,47.08134299584364,44.07612375253382,55.0,739.2455148809661,,,12.027762689315399,52.74559127456886,29.928860026802557,9.75035219377186,6.965793645131601,0.22437798550623453,3.1389925700032255,Baseline (no TES/DSM)
2024-03-24 00:00:00,106.61032989456099,82.2,1.0,112.27504300559329,5.664713111032299,45.665908848753425,42.66001301168304,55.0,734.1515128933916,,,13.586975147136359,54.17890195396158,30.74214799385107,18.654367454839992,8.69962560294065,0.22650113672686986,3.68441167932391,Baseline (no TES/DSM)
2024-03-24 01:00:00,104.33714752319308,82.8,0.6,109.88107565967752,5.543928136484439,45.92890061136769,42.923130487376945,55.0,711.9304868147021,,,13.297268958109173,53.02368064526081,30.086653268839715,18.25661257227561,8.514129173301384,0.22610664908294847,3.522182630248692,Baseline (no TES/DSM)
2024-03-24 02:00:00,97.69945424897952,79.7,0.15,102.89069021994271,5.1912359709631914,46.69683664495033,43.691433603193616,55.0,744.7684789235564,,,12.451326790588926,49.6504340427997,28.172608455588712,17.0951681839864,7.972479537567899,0.2249547450325745,3.069339195552507,Baseline (no TES/DSM)
2024-03-24 03:00:00,112.68335339591818,81.5,0.25,118.67075508586936,5.987401689951184,44.963301273075864,41.9570695815238,55.0,775.9168399895331,,,14.360952860764325,57.265185855057766,32.493364667071255,19.717007557991725,9.195197005748614,0.2275550480903862,4.135702738071887,Baseline (no TES/DSM)
2024-03-24 04:00:00,136.6712065132701,86.5,-0.25,143.93319675569805,7.261990242427942,42.18806957493976,39.18051129079777,55.0,775.9631134665862,,,17.418089673500567,69.45570757482353,39.410500476684916,23.91433277916282,11.152655925026778,0.23171789563759035,6.172638649329694,Baseline (no TES/DSM)
2024-03-24 05:00:00,148.4064713898312,85.5,-1.05,156.29201198496358,7.885540595132369,40.830379125855885,37.82217185010343,55.0,835.8441197490764,,,18.913692889254545,75.41951770260187,42.79448071517669,25.967735516062298,12.110278051122727,0.23375443131121618,7.317030046571237,Baseline (no TES/DSM)
2024-03-24 06:00:00,128.82153430757174,84.5,-0.55,135.66643418825979,6.844899880688047,43.09622334004156,40.08909916381788,55.0,782.7682990174901,,,16.417686604891056,65.4665385963213,37.1469694953113,22.540819819677893,10.51210627694929,0.23035566498993765,5.461392788062802,Baseline (no TES/DSM)
2024-03-24 07:00:00,122.86106593688127,83.1,-0.95,129.38925782725795,6.528191890376675,43.78580905149117,40.77901450514867,55.0,786.2300796532786,,,15.658053502752095,62.437454718851754,35.428209212460125,21.497874288041533,10.025719607904538,0.22932128642276325,4.950362693962684,Baseline (no TES/DSM)
2024-03-24 08:00:00,114.66744430228391,83.4,0.05,120.76027016437573,6.092825862091814,44.73375542966953,41.727414012570904,55.0,746.0928161538372,,,14.613815729316673,58.273492149485826,33.065496995496424,20.064178051392872,9.357102968000603,0.22789936685549572,4.2887814400369555,Baseline (no TES/DSM)
2024-03-24 09:00:00,107.23987507584516,81.6,1.0,112.93803891201765,5.698163836172483,45.59307474667846,42.587144094071704,55.0,749.2987034107006,,,13.66720766063263,54.49883405328176,30.923683602557983,18.76452345147478,8.750997804703122,0.2266103878799823,3.7299847586337567,Baseline (no TES/DSM)
2024-03-24 10:00:00,96.16464611212179,79.7,1.4,101.27433043809546,5.109684325973674,46.87440352311683,43.86908536036498,55.0,737.0340126470619,,,12.255722855850774,48.8704512808366,27.730031278197814,16.826611891308765,7.847235987752285,0.22468839471532476,2.969054815877577,Baseline (no TES/DSM)
2024-03-24 11:00:00,88.01103368941119,79.8,1.7,92.68747786652793,4.6764441771167355,47.81772110719252,44.81285386106785,55.0,692.3288581377275,,,11.216584064550558,44.72682121743147,25.378856115046386,15.399916350942076,7.181884183107995,0.22327341833921122,2.4641648784431687,Baseline (no TES/DSM)
2024-03-24 12:00:00,76.41672870727973,78.6,2.65,80.47711240029007,4.060383693010337,49.15910345378497,46.15487740381068,55.0,653.0134551634475,,,9.73894551117266,38.83464628961262,22.03552306280794,13.371178369040413,6.235764678829094,0.22126134481932255,1.826990663794235,Baseline (no TES/DSM)
2024-03-24 13:00:00,63.9228272732866,75.5,3.65,67.31935065059317,3.396523377306565,50.60456300047214,47.60102789674388,55.0,645.9827785749427,,,8.146657705269375,32.48530039147834,18.43278243453792,11.18503159954101,5.216236225035896,0.2190931554992918,1.2465461523866248,Baseline (no TES/DSM)
2024-03-24 14:00:00,62.03490935635018,75.5,3.85,65.3311186891622,3.296209332812019,50.82298228213645,47.819551585330586,55.0,632.4529140290119,,,7.906051622888637,31.525868788368328,17.888382543269376,10.854689177920712,5.06217817960378,0.21876552657679532,1.1684151004607557,Baseline (no TES/DSM)
2024-03-24 15:00:00,64.96319560235216,76.7,4.4,68.41499868960608,3.4518030872539214,50.48419945020214,47.48060681131601,55.0,623.4318340435134,,,8.279247658277326,33.014011012223975,18.732782980187494,11.367072243425719,5.301132453768892,0.2192737008246968,1.2906762666268892,Baseline (no TES/DSM)
2024-03-24 16:00:00,72.60766487199118,75.1,4.75,76.46565491450013,3.857990042508959,49.59978627121768,46.59577087268576,55.0,716.346870721161,,,9.253498597021787,36.89889675884405,20.93714165588163,12.704679386130506,5.9249371136439475,0.22060032059317347,1.6383583342303147,Baseline (no TES/DSM)
2024-03-24 17:00:00,61.52927316245197,76.6,4.35,64.79861564305725,3.2693424806052747,50.88148095586796,47.87807822209925,55.0,601.8947383471747,,,7.841610715457037,31.268906692850198,17.742577322337784,10.766214417840965,5.020917210028303,0.21867777856619808,1.147916406536351,Baseline (no TES/DSM)
2024-03-24 18:00:00,80.45607588185874,74.9,3.95,84.7310892727837,4.275013390924968,48.69177841790841,45.68732898120569,55.0,772.3355288845455,,,10.253740932272475,40.88742480315789,23.20030895890512,14.0779716652134,6.565383845507295,0.2219623323731374,2.0382107111144605,Baseline (no TES/DSM)
2024-03-24 19:00:00,107.79548297535904,80.6,2.8,113.52316889776918,5.727685922410146,45.52879468597763,42.522833306764426,55.0,773.2761041026581,,,13.738017222236222,54.78119155036841,31.083898661364216,18.861742116200748,8.796336569835805,0.22670680797103357,3.770437773726381,Baseline (no TES/DSM)
2024-03-24 20:00:00,139.23086891536727,84.4,1.6,146.62886617684595,7.397997261478679,41.89193401832804,38.88423417799263,55.0,824.0411629060882,,,17.74430636823127,70.75651677835587,40.1486045652605,24.36221510966759,11.361529723561983,0.23216209897250795,6.413964744724079,Baseline (no TES/DSM)
2024-03-24 21:00:00,149.30781979597685,84.1,0.5,157.24125331235766,7.933433516380802,40.72609923654847,37.717842113812594,55.0,866.0416749128133,,,19.0285654199495,75.87757900839865,43.05439348463494,26.125450855558068,12.18382996376599,0.2339108511451773,7.408945145721796,Baseline (no TES/DSM)
2024-03-24 22:00:00,141.7647959948358,84.9,0.0,149.297432835459,7.532636840623212,41.598775863769404,38.590935890472934,55.0,823.6694191261179,,,18.06724321954244,72.04424740382895,40.87928761782858,24.805594347785746,11.568303466015731,0.2326018362043459,6.6574176119545125,Baseline (no TES/DSM)
2024-03-24 23:00:00,137.87617672681264,84.5,-0.3,145.2021927589911,7.326016032178444,42.04866270448856,39.041037782263174,55.0,817.1138560010316,,,17.571657347108133,70.06806815115357,39.757965611344424,24.125174985145964,11.250984011347132,0.23192700594326718,6.285667923436679,Baseline (no TES/DSM)
2024-03-25 00:00:00,130.62460141979403,84.1,-0.5,137.5653068187727,6.940705398978679,42.887620720239525,39.88039682957042,55.0,797.410608571031,,,16.647478859230883,60.133613954292,34.12096578034801,20.704637610486564,22.606089473646136,0.23066856891964072,5.091770205513994,Baseline (no TES/DSM)
2024-03-25 01:00:00,118.96052747215684,84.0,-0.65,125.2814652305647,6.320937758407865,44.2370748623224,41.230496026214524,55.0,752.678090572866,,,15.160948585873271,54.764005838532874,31.0741471588868,18.855824894330407,20.58748733881463,0.2286443877065164,4.193693440539204,Baseline (no TES/DSM)
2024-03-25 02:00:00,120.73483139802273,82.6,-0.9,127.150046350036,6.415214952013272,44.03179994784377,41.025122987971805,55.0,787.5677567125477,,,15.387075110085782,55.58081451129361,31.537620064299485,19.13706073655782,20.894551037885087,0.22895230007823433,4.324698729865459,Baseline (no TES/DSM)
2024-03-25 03:00:00,123.53503228657196,83.9,0.2,130.09903520971878,6.564002923146816,43.70783572190688,40.70100390341831,55.0,773.2740909437113,,,15.743947281078364,56.86989939573536,32.269071549377934,19.58090626032444,21.379158004281045,0.22943824641713967,4.535544271480457,Baseline (no TES/DSM)
2024-03-25 04:00:00,125.38620048033822,84.0,0.05,132.04856476066612,6.662364280327907,43.49366813363675,40.486733940583996,55.0,778.7741808439281,,,15.979869787525415,57.7220928747467,32.75262247245539,19.87432546460445,21.69952394885959,0.22975949779954488,4.677682454324222,Baseline (no TES/DSM)
2024-03-25 05:00:00,127.65144849004776,82.4,-0.15,134.43417615460902,6.782727664561264,43.231594322782115,40.22453485544119,55.0,819.9258369193059,,,16.268564780219492,58.76490983147627,33.34433681250458,20.23337834307551,22.091551167552655,0.23015260851582683,4.85459470886937,Baseline (no TES/DSM)
2024-03-25 06:00:00,122.88112086940714,85.4,-1.15,129.41037837358823,6.529257504181089,43.78348883199601,40.77669317656198,55.0,742.8552786670305,,,15.660609407701239,56.56886837789731,32.09826077678271,19.477258105424085,21.265991113484134,0.229324766752006,4.4858584840669655,Baseline (no TES/DSM)
2024-03-25 07:00:00,124.31666522492326,84.9,-2.35,130.92220001799558,6.605534793072323,43.61740609920544,40.610531054319786,55.0,757.6124330208421,,,15.843562649664745,57.22972758168116,32.47324496275026,19.704798900432674,21.514428573131486,0.22957389085119184,4.5952932196724445,Baseline (no TES/DSM)
2024-03-25 08:00:00,123.86238127073389,83.5,-1.2,130.4437777999628,6.581396529228897,43.6699636675486,40.66311374578357,55.0,782.3722560658932,,,15.785666338853042,57.020595950809714,32.35457966473612,19.632792673875684,21.435809510541276,0.2294950544986771,4.560519694333949,Baseline (no TES/DSM)
2024-03-25 09:00:00,125.70233105577003,84.6,-0.2,132.3814928548489,6.679161799078855,43.45709397298151,40.450142297060374,55.0,768.6578848771261,,,16.020159112920897,57.86762498566256,32.83520018315604,19.924433705554218,21.75423398047607,0.22981435904052774,4.70217484312545,Baseline (no TES/DSM)
2024-03-25 10:00:00,122.94431938079423,83.0,0.5,129.4769349220098,6.532615541215577,43.77617719342552,40.76937804294435,55.0,788.5754774579962,,,15.668663754821267,56.5979620925952,32.114769108451995,19.48727537829281,21.2769283426698,0.22933573420986172,4.49064853155419,Baseline (no TES/DSM)
2024-03-25 11:00:00,108.50011593890355,81.1,1.1,114.2652423569111,5.765126418007554,45.44727343743514,42.441273090129904,55.0,765.6356951371212,,,13.827819313393812,49.94850904767827,28.341741929741282,17.19779855244298,18.77719282704857,0.22682908984384728,3.4622488034137433,Baseline (no TES/DSM)
2024-03-25 12:00:00,102.65287504203378,80.2,1.6,108.10730978312199,5.454434741088207,46.12375949911994,43.118082519913024,55.0,757.8864830725561,,,13.082616509653663,47.256705796465944,26.81436114248544,16.27098229826867,17.76526054590194,0.22581436075132008,3.0838517851301783,Baseline (no TES/DSM)
2024-03-25 13:00:00,86.48935672500369,80.7,1.9,91.08494697868204,4.595590253678353,47.993768797883625,44.98898570457477,55.0,665.2990194787548,,,11.022653634752407,39.81575853190168,22.592224964530846,13.708985663430656,14.96797781881886,0.22300934680317455,2.151539560955665,Baseline (no TES/DSM)
2024-03-25 14:00:00,84.37142064720506,77.1,2.0,88.85447489916486,4.4830542519598,48.23879961864853,45.23413365288307,55.0,735.4712330711219,,,10.752732841141384,38.84075727564591,22.038990553477714,13.37328244599408,14.60144462404715,0.2226418005720272,2.0417499447322136,Baseline (no TES/DSM)
2024-03-25 15:00:00,74.91297105878405,80.2,1.05,78.89345296670777,3.9804819079237177,49.33307800131966,46.32893511317497,55.0,610.5882125695977,,,9.547298812230505,34.486518104968106,19.568311743867532,11.874071968360134,12.964551149511998,0.2210003829980205,1.586432665901206,Baseline (no TES/DSM)
2024-03-25 16:00:00,93.83615242937006,79.8,0.75,98.82211282815314,4.985960398783078,47.14379442882518,44.138605038016784,55.0,722.918251731329,,,11.958967505509944,43.197888482045,24.51131035961866,14.873488682033821,16.239425304455658,0.22428430835676222,2.5546036147183226,Baseline (no TES/DSM)
2024-03-25 17:00:00,109.91372401627478,81.8,0.85,115.7539621445422,5.840238128267416,45.28372858305115,42.277650059429284,55.0,757.2690633454539,,,14.007976881933654,50.59926978863646,28.710996054236542,17.421862340175952,19.02183396149324,0.2270744071254233,3.557008670058509,Baseline (no TES/DSM)
2024-03-25 18:00:00,124.43627487914094,83.5,1.0,131.0481651011583,6.611890222017365,43.603568074511685,40.59668641489147,55.0,784.6891786757243,,,15.85880632634055,57.284790415892736,32.50448867085884,19.72375761508807,21.535128399318666,0.22959464788823247,4.604470771034235,Baseline (no TES/DSM)
2024-03-25 19:00:00,119.39257202408919,82.5,0.95,125.73646636128545,6.343894337196261,44.187090241787004,41.18048751245708,55.0,784.0014940153045,,,15.216010591547263,54.9628994620507,31.18700321518735,18.924306066958803,20.662257617088603,0.22871936463731948,4.225408025141935,Baseline (no TES/DSM)
2024-03-25 20:00:00,107.89528447459733,80.7,1.05,113.62827332461119,5.732988850013854,45.51724833029283,42.51128143178914,55.0,771.5381055175767,,,13.750736444577425,49.67007220357177,28.183751524624977,17.101929809895513,18.67251978651893,0.22672412750456075,3.422094627180236,Baseline (no TES/DSM)
2024-03-25 21:00:00,107.76633910600077,82.4,-0.5,113.49247647623008,5.72613737022931,45.532166433739036,42.526206666259945,55.0,735.3942510003059,,,13.73430297588642,49.61071163188696,28.150069197853483,17.08149133889293,18.65020430759671,0.22670175034939144,3.413564304589479,Baseline (no TES/DSM)
2024-03-25 22:00:00,141.24228714987183,85.5,-2.85,148.7471606142104,7.504873464338573,41.659226588642795,38.65141551148632,55.0,810.5340300040797,,,18.000651973668752,65.02151261840798,36.89445322088136,22.38759268107699,24.44360209384407,0.23251116011703582,5.984881751656201,Baseline (no TES/DSM)
2024-03-25 23:00:00,156.1713409321139,90.8,-3.2,164.46946592075798,8.298124988644076,39.932036452995064,36.923399759138945,55.0,772.3990069556878,,,19.9032882652007,71.89416866548068,40.79413006352906,24.7539206550504,27.027246536697845,0.2351019453205074,7.3625223001478926,Baseline (no TES/DSM)
2024-03-26 00:00:00,166.31531236241494,87.7,-3.4,175.15243472604124,8.837122363626293,38.75844784876961,35.749250166096935,55.0,854.9470459077988,,,21.196088764486955,78.79451613254113,44.709519548934765,27.129783077031583,24.518615967533755,0.23686232822684558,8.62400565157628,Baseline (no TES/DSM)
2024-03-26 01:00:00,132.28949498021194,88.0,-3.5,139.31866408049896,7.029169100287021,42.695003842009925,39.687687878263276,55.0,734.6220833608436,,,16.85966155719644,62.67424567420438,35.56256894162632,21.579403911784816,19.502445552883458,0.2309574942369851,5.379329061446518,Baseline (no TES/DSM)
2024-03-26 02:00:00,119.74454892060012,84.3,-3.7,126.10714546181745,6.362596541217329,44.14636890522429,41.139746710628316,55.0,750.2666576225236,,,15.260868358613452,56.73087858048795,32.19018847271106,19.533039927158438,17.653038481460005,0.22878044664216357,4.375186709736631,Baseline (no TES/DSM)
2024-03-26 03:00:00,116.16741712719183,84.7,-2.8,122.33994366871921,6.1725265415273896,44.56021876052026,41.553794390902915,55.0,728.1050628669706,,,14.804980070647948,55.0361556785477,31.228570197311388,18.949528955049953,17.125688837810177,0.22815967185921962,4.107826421418506,Baseline (no TES/DSM)
2024-03-26 04:00:00,129.20922692006192,87.0,-3.0,136.07472675037218,6.865499830310256,43.05136993769445,40.044224321029866,55.0,739.6613142022151,,,16.467096168634487,61.21491984358477,34.73451947886164,21.07694263444386,19.04834479348191,0.23042294509345831,5.123185627151104,Baseline (no TES/DSM)
2024-03-26 05:00:00,142.1680144194098,86.7,-3.4,149.72207616978199,7.554061750372199,41.552126230403886,38.54426395804748,55.0,792.2264072884952,,,18.118631473560352,67.3543508807614,38.218150389346086,23.190813503005604,20.958761396668894,0.23267181065439418,6.242889061434522,Baseline (no TES/DSM)
2024-03-26 06:00:00,145.50015942524726,87.7,-3.35,153.2312738638636,7.731114438616345,41.16661968266299,38.15857313375413,55.0,786.6536932464068,,,18.5432973706244,68.93300740786636,39.113910377781416,23.734361597919406,21.44999448029643,0.23325007047600552,6.548655136239344,Baseline (no TES/DSM)
2024-03-26 07:00:00,154.54674266018066,88.1,-3.65,162.75854502755263,8.211802367371973,40.11999144000242,37.11144459078636,55.0,810.3716769538734,,,19.69624100846049,73.2189696474468,41.54584754729441,25.21006360794983,22.783664224861592,0.23482001283999637,7.415621006418627,Baseline (no TES/DSM)
2024-03-26 08:00:00,134.200409011723,88.4,-3.25,141.33111404927857,7.130705037555572,42.47392406606172,39.466502423645885,55.0,735.1555136462586,,,17.103198384069906,63.57957149384804,36.07626817373312,21.891117141416856,19.784157240280543,0.23128911390090742,5.541370100201367,Baseline (no TES/DSM)
2024-03-26 09:00:00,116.56986478428249,82.8,-2.3,122.76377528102205,6.193910496739562,44.513658299718095,41.50721167366633,55.0,765.9971266086925,,,14.856270094047384,55.226821636833186,31.336757718571654,19.015177255748426,17.185018669868775,0.22822951255042287,4.137485795868127,Baseline (no TES/DSM)
2024-03-26 10:00:00,101.23748213512508,82.7,-1.2,106.61671032948416,5.3792281943590865,46.28751084616019,43.28191214197575,55.0,699.4806193585754,,,12.90223147315091,47.96286226448894,27.21504786487832,16.514119419177963,14.924680780938942,0.22556873373075972,3.0828098507727035,Baseline (no TES/DSM)
2024-03-26 11:00:00,101.57586632957226,82.7,0.05,106.9730744831412,5.39720815356894,46.24836209291479,43.24274467517718,55.0,701.0648715834633,,,12.945356915541764,48.123177141631864,27.306013600635232,16.569317522477338,14.97456621839677,0.22562745686062782,3.1044178533920745,Baseline (no TES/DSM)
2024-03-26 12:00:00,97.92356853101946,79.9,1.45,103.12671275808779,5.203144227068336,46.67090814453475,43.665492708657375,55.0,741.401530536586,,,12.479889080783563,46.392843153010176,26.32418891171481,15.973545277576985,14.43613541578582,0.22499363778319786,2.875175630181805,Baseline (no TES/DSM)
2024-03-26 13:00:00,90.54965483974472,78.7,2.8,95.3609880142828,4.811333174538078,47.52401988051342,44.51901224183298,55.0,730.7206863826477,,,11.540119152676532,42.89933462962771,24.34190517818944,14.770693441318484,13.349054765147164,0.22371397017922987,2.439079452537326,Baseline (no TES/DSM)
2024-03-26 14:00:00,84.09770721246791,78.2,3.65,88.56621776979736,4.468510557329452,48.27046640419087,45.265815575512185,55.0,706.9178132753644,,,10.71784937685711,39.84262214667861,22.60746789473685,13.71823508937214,12.397892639009765,0.2225943003937137,2.0868450514473587,Baseline (no TES/DSM)
2024-03-26 15:00:00,86.0006843565049,76.7,3.7,90.57030912657984,4.569624770074938,48.050304872222014,45.045548803805296,55.0,755.2080684424889,,,10.960374685494381,40.744187740043465,23.119033502340677,14.02865363343123,12.678434250764472,0.22292454269166698,2.1878883510140312,Baseline (no TES/DSM)
2024-03-26 16:00:00,89.27676568987094,78.2,3.8,94.02046421902985,4.743698529158905,47.67128451064357,44.666347266145785,55.0,735.7235125466273,,,11.377895536433167,42.296283213435146,23.99972223951994,14.563056477369361,13.1614022887054,0.22349307323403464,2.367419954132274,Baseline (no TES/DSM)
2024-03-26 17:00:00,96.51376709880063,78.7,3.85,101.64200188074354,5.128234781942908,46.83401259592649,43.82867512584806,55.0,761.9853224484029,,,12.300216650908348,45.7249273723358,25.945200688690868,15.74357482870791,14.228298991008959,0.22474898110611027,2.789034214316051,Baseline (no TES/DSM)
2024-03-26 18:00:00,103.76339041882909,78.2,3.6,109.27683211563314,5.513441696804051,45.99528041181385,42.98954201812925,55.0,810.6051348445661,,,13.224146367407164,49.15955136173776,27.89407220836746,16.926152098766956,15.297056446760962,0.22600707938227924,3.2459224669017517,Baseline (no TES/DSM)
2024-03-26 19:00:00,86.26747311159107,80.6,2.7,90.85127363518173,4.583800523590654,48.01943922508806,45.01466840253791,55.0,666.1518539816923,,,10.994375632574053,40.870583142655654,23.190752677752318,14.072172903846376,12.717764910927379,0.22297084116236793,2.202244534912264,Baseline (no TES/DSM)
2024-03-26 20:00:00,88.76338019693095,77.2,1.45,93.47980011682424,4.7164199198932835,47.730679725646766,44.725770872743155,55.0,757.7892365251045,,,11.312467018011219,42.053058696515585,23.861711984139944,14.479311710513457,13.08571772565525,0.22340398041152984,2.338819617445071,Baseline (no TES/DSM)
2024-03-26 21:00:00,98.31369732697549,81.4,0.4,103.53757094966268,5.223873622687194,46.62577289230538,43.620335881259635,55.0,711.281088457249,,,12.529609124423603,46.57767285551971,26.429064829522,16.03718409384741,14.493649170773558,0.22506134066154193,2.899244138106387,Baseline (no TES/DSM)
2024-03-26 22:00:00,113.70644233130507,85.1,-0.4,119.74820559495899,6.04176326365392,44.84493683130579,41.838648560192645,55.0,710.6393924869595,,,14.491340637935258,53.87022985066162,30.567001522826537,18.548088393612275,16.76288582785856,0.2277325947530413,3.9287762804812116,Baseline (no TES/DSM)
2024-03-26 23:00:00,110.66417374846147,81.6,-0.1,116.54428683482429,5.880113086362826,45.196906645529964,42.19078662002592,55.0,764.809854662644,,,14.103618100476728,52.42890687489113,29.74916722515609,18.051825689100962,16.314387045676117,0.22720464003170507,3.7129396939029347,Baseline (no TES/DSM)
2024-03-27 00:00:00,98.78749628788233,81.0,0.2,104.03654509939507,5.249048811512736,46.570957570216315,43.56549435681776,55.0,721.874587792388,,,12.589992529230134,61.58020944120363,34.941791801954416,4.369629867767722,3.1449139884693036,0.22514356364467553,3.853335702583671,Baseline (no TES/DSM)
2024-03-27 01:00:00,102.27086315437572,81.7,0.75,107.70499978972948,5.434136635353767,46.167955680183205,43.16229982725786,55.0,724.1298412997445,,,13.033930927040291,63.75160227187225,36.173881736333776,4.523708313645787,3.2558074678776707,0.2257480664797252,4.14336108760952,Baseline (no TES/DSM)
2024-03-27 02:00:00,104.30500006804141,81.1,1.35,109.84722005756802,5.542219989526615,45.932619853607285,42.926851507457,55.0,746.1906974835813,,,13.29317191915787,65.0196025946113,36.89336943674931,4.6136835204997,3.320564505707713,0.22610107021958908,4.317579953291672,Baseline (no TES/DSM)
2024-03-27 03:00:00,120.7930730954752,80.8,0.95,127.21138270545917,6.418309609983979,44.02506177898254,41.01838159818855,55.0,826.3704849612216,,,15.394497735047135,75.29761376469271,42.72531008297339,5.342994203226736,3.845464654566337,0.2289624073315262,5.861891320721531,Baseline (no TES/DSM)
2024-03-27 04:00:00,124.19667174773556,84.9,0.95,130.7958307175257,6.599158969790125,43.63128852961018,40.62442012068552,55.0,757.1357751696207,,,15.828270056592574,77.41928225246573,43.92918547159667,5.4935442919289565,3.9538187015343302,0.22955306720558472,6.2099762800673135,Baseline (no TES/DSM)
2024-03-27 05:00:00,119.71730517725629,82.1,1.05,126.07845412901145,6.361148951755155,44.14952082131006,41.14290013336614,55.0,793.6415330699207,,,15.257396274209494,74.62702268582787,42.344803844450176,5.295410168780341,3.8112174299530626,0.2287757187680349,5.753958007151115,Baseline (no TES/DSM)
2024-03-27 06:00:00,89.03675884598147,79.4,1.45,93.76770467175162,4.730945825770149,47.699051672534765,44.69412770105892,55.0,706.6132988722253,,,11.347307815465653,55.50198622023414,31.492891380209286,3.9383291955173867,2.834497875790806,0.22345142249119784,3.0973266354365108,Baseline (no TES/DSM)
2024-03-27 07:00:00,88.00160660949689,78.0,1.85,92.67754988108935,4.675943271592459,47.81881175631693,44.813945031535056,55.0,733.5656481109868,,,11.215382628436137,54.856713347435665,31.12675117735238,3.892541699121607,2.8015436571796974,0.2232717823655246,3.0218988700354097,Baseline (no TES/DSM)
2024-03-27 08:00:00,83.76794637651247,81.2,1.85,88.21893517462038,4.450988798107915,48.30861749342217,45.30398490140182,55.0,640.7379672345569,,,10.675822940140737,52.21761737226967,29.62927750932804,3.7052758112392103,2.666764481783461,0.22253707375986675,2.7230597169871156,Baseline (no TES/DSM)
2024-03-27 09:00:00,107.84037433637516,77.2,3.05,113.57044554998149,5.7300712136063225,45.523601060376585,42.517637198550766,55.0,856.5057870224053,,,13.743738410858846,67.22341477811472,38.14385473365482,4.770062390064629,3.4331136481473212,0.22671459840943511,4.628896356464525,Baseline (no TES/DSM)
2024-03-27 10:00:00,97.8948227409979,80.4,4.7,103.09643956773097,5.201616826733073,46.674233837220356,43.66881999106224,55.0,730.2685855066054,,,12.47622556773568,61.02375213592307,34.62604725538293,4.330144577227861,3.11649559919711,0.22498864924416948,3.780701969585798,Baseline (no TES/DSM)
2024-03-27 11:00:00,100.88066106697987,75.5,6.1,106.24092966347429,5.3602685964944214,46.32879262048301,43.3232136494603,55.0,870.0380245595752,,,12.856756339646875,62.88500539550281,35.6821580493717,4.462216031812714,3.2115501867870666,0.2255068110692755,4.0263536018247335,Baseline (no TES/DSM)
2024-03-27 12:00:00,77.37450703419965,74.0,7.35,81.48578203813018,4.11127500393053,49.048295005873754,46.04401598819014,55.0,780.157677711333,,,9.861009764582228,48.232200709801376,27.36787566403277,3.4224772328997175,2.463228431396319,0.22142755749118936,2.3011693875709622,Baseline (no TES/DSM)
2024-03-27 13:00:00,78.35500449228829,72.7,7.9,82.51837798246919,4.163373490180902,48.93485810877766,45.93052486695586,55.0,829.4897944254496,,,9.985969462278081,48.84340396015713,27.71468410973966,3.4658472052052063,2.4944427073671895,0.22159771283683352,2.3635739003337504,Baseline (no TES/DSM)
2024-03-27 14:00:00,51.80723482370915,73.5,8.45,54.55999923821234,2.75276441450319,52.00625476685384,49.0033896878705,55.0,606.4053647130493,,,6.602583564723636,32.29457665084038,18.324562126462737,2.2915697751103337,1.6492906857988872,0.21699061784971924,0.9676253292396441,Baseline (no TES/DSM)
2024-03-27 15:00:00,38.64516982874381,66.9,8.8,40.698571224494714,2.053401395750903,53.52901629987876,50.52687911837775,55.0,727.1375618660554,,,4.925141518080922,24.089867051695283,13.669052552683972,1.7093771446189454,1.2302744754965136,0.21470647555018185,0.501693215247132,Baseline (no TES/DSM)
2024-03-27 16:00:00,39.02461468326158,69.8,8.2,41.098177786085614,2.073563102824032,53.48511710711646,50.48295894129768,55.0,601.7822610253929,,,4.9734999446343435,24.326397933543934,13.803264711156402,1.7261609850013353,1.2423541563839433,0.2147723243393253,0.5130266396525466,Baseline (no TES/DSM)
2024-03-27 17:00:00,73.80267467554611,74.1,7.9,77.72416126392169,3.921486588375572,49.4615317525584,46.45745026678047,55.0,753.6038622551907,,,9.405796864155404,46.00566199792052,26.10449489908401,3.2644857264488505,2.349518640468307,0.2208077023711624,2.080873333043127,Baseline (no TES/DSM)
2024-03-27 18:00:00,77.25050290304793,75.7,7.3,81.35518897860483,4.104686075556899,49.062641441704784,46.05836928178208,55.0,729.6168876165503,,,9.845206032900993,48.15490144972449,27.324014581445343,3.4169922051829666,2.459280742252028,0.22140603783744284,2.2933363148750003,Baseline (no TES/DSM)
2024-03-27 19:00:00,58.06169528212164,72.1,6.45,61.14678888270132,3.0850936005796825,51.282656167428975,48.27944520001379,55.0,701.6961855366711,,,7.399684548195346,36.19335938593855,20.53680621993121,2.56822095317247,1.8484023236590916,0.21807601574885654,1.2415792803913344,Baseline (no TES/DSM)
2024-03-27 20:00:00,53.28434714481768,72.5,5.4,56.11559755162695,2.831250406809268,51.83536290274273,48.832416135487826,55.0,648.7189509215624,,,6.790834444504982,33.21534992195328,18.847026538779335,2.356906324358979,1.69631476653535,0.21724695564588592,1.0292713704318075,Baseline (no TES/DSM)
2024-03-27 21:00:00,74.47363085548304,77.5,4.3,78.43076853201464,3.9571376765316018,49.383906679171815,46.37978808771826,55.0,666.3958295437486,,,9.491307010786,46.42390948509215,26.34181654431803,3.294163876761232,2.3708786258432255,0.22092413998124227,2.1214129617368553,Baseline (no TES/DSM)
2024-03-27 22:00:00,97.38411752940235,78.8,3.7,102.55859816294608,5.174480633543737,46.73331896187447,43.72793335908378,55.0,764.0448276665404,,,12.411138638314073,60.705398750378,34.44540743914808,4.307554747238554,3.1002372261814495,0.2249000215571883,3.739457797574132,Baseline (no TES/DSM)
2024-03-27 23:00:00,99.17349840743249,79.3,2.9,104.44305734464938,5.269558937216885,46.526299746421806,43.52081518607115,55.0,761.2983262998254,,,12.639186647757453,61.82082786215617,35.078323308503876,4.386703753168083,3.1572024208212444,0.2252105503803673,3.8849569227376732,Baseline (no TES/DSM)
2024-03-28 00:00:00,81.18405091022012,79.2,2.75,85.49774507149577,4.313694161275649,48.60755665098844,45.603066955314915,55.0,667.638345541816,,,10.346517857621679,56.3634345200111,27.09236629064641,0.0,2.041944260838264,0.22208866502351735,2.8381615869894934,Baseline (no TES/DSM)
2024-03-28 01:00:00,76.4257956174446,76.0,2.8,80.48666107845,4.060865461005392,49.15805447385456,46.15382792245583,55.0,716.32597035436,,,9.74010104538021,53.0599333074338,25.50446332385749,0.0,1.9222644471587067,0.22126291828921815,2.4965586397068344,Baseline (no TES/DSM)
2024-03-28 02:00:00,71.59344029286153,78.3,3.0,75.39753976701174,3.804099474150206,49.717125167168874,46.71316585797536,55.0,630.1617572317895,,,9.1242405395345,49.70498686338689,23.891832036895195,0.0,1.8007208667296482,0.2204243122492467,2.1719711873613727,Baseline (no TES/DSM)
2024-03-28 03:00:00,79.1072628302746,77.0,4.15,83.31060737836604,4.203344548091437,48.847826927848146,45.84345208412341,55.0,706.9507392491246,,,10.081841178954646,54.92158839822298,26.39931017015108,0.0,1.9897088099919849,0.22172825960822778,2.686381764118806,Baseline (no TES/DSM)
2024-03-28 04:00:00,63.47152565244785,76.1,4.35,66.84406923144479,3.3725435789969396,50.65677553310041,47.65326538756174,55.0,627.6123875679876,,,8.089141478537288,44.06620684588909,21.181424217226404,0.0,1.5964381683292963,0.21901483670034938,1.6771310485698119,Baseline (no TES/DSM)
2024-03-28 05:00:00,73.00597287858184,74.3,3.95,76.88512691701308,3.8791540384312384,49.553704739864955,46.54966731383239,55.0,742.2204587912042,,,9.304261041822446,50.68566209466693,24.36321588360827,0.0,1.8362489387378815,0.22066944289020257,2.2645224324739495,Baseline (no TES/DSM)
2024-03-28 06:00:00,87.6136766777595,79.8,3.1,92.26900738983129,4.6553307120717875,47.863692614889246,44.85884734367265,55.0,690.1951845189859,,,11.165942819493058,60.82731365481371,29.2380312883021,0.0,2.20366244671548,0.22320446107766614,3.334422209765536,Baseline (no TES/DSM)
2024-03-28 07:00:00,99.62509797950304,79.9,3.35,104.91865254659345,5.2935545670904105,46.47405274285948,43.46854320784172,55.0,749.8419903746073,,,12.696740846944797,69.16645108935454,33.24642729625668,0.0,2.5057741609822344,0.22528892088571079,4.368254496780812,Baseline (no TES/DSM)
2024-03-28 08:00:00,90.19868543218922,77.5,3.0,94.9913699353789,4.792684503189676,47.5646246574461,44.55963642831486,55.0,758.0541315620766,,,11.4953897852449,62.62200078892925,30.100688463625684,0.0,2.268680682823966,0.22365306301383084,3.5451724928715223,Baseline (no TES/DSM)
2024-03-28 09:00:00,73.60204877227167,76.9,4.25,77.51287515365034,3.9108263813786692,49.4847428070663,46.4806724164387,55.0,675.4330348266403,,,9.380228055163284,51.099498115735905,24.562135576181007,0.0,1.85124146173343,0.22077288578940055,2.304155224617519,Baseline (no TES/DSM)
2024-03-28 10:00:00,68.66664119682439,74.8,5.4,72.31522593587276,3.648584739048374,50.05573594595185,47.051938496595234,55.0,698.1616380180055,,,8.751234034275146,47.67300586030607,22.915114168299812,0.0,1.7271059072668784,0.21991639608107222,1.9863236456649005,Baseline (no TES/DSM)
2024-03-28 11:00:00,68.64437819404652,73.7,6.25,72.2917799940321,3.6474017999855732,50.0583116241796,47.054515406026724,55.0,730.4848372825236,,,8.748396721364259,47.65754938473949,22.907684661897687,0.0,1.7265459473949214,0.2199125325637306,1.984943139504796,Baseline (no TES/DSM)
2024-03-28 12:00:00,73.64580395972122,74.6,6.85,77.55895526199888,3.9131513022776545,49.47968062903087,46.47560781862409,55.0,737.5773468861477,,,9.385804443914946,51.129875913038106,24.576737355129058,0.0,1.8523419938317112,0.2207804790564537,2.3070779775844112,Baseline (no TES/DSM)
2024-03-28 13:00:00,83.90651025229698,74.3,7.1,88.36486160715387,4.458351354856887,48.292586594016015,45.28794633904184,55.0,811.6769564100223,,,10.693482241433937,58.2535491070528,28.000892840873707,0.0,2.1104196592273645,0.22256112010897597,3.0434264066453873,Baseline (no TES/DSM)
2024-03-28 14:00:00,82.69827861650009,74.4,7.75,87.09243088675387,4.394152270253784,48.43237078887291,45.42779735234751,55.0,801.2146603699023,,,10.539498915204739,57.41471335143676,27.5976873630249,0.0,2.080030172292215,0.22235144381669064,2.951447851549549,Baseline (no TES/DSM)
2024-03-28 15:00:00,69.89595030547441,71.6,9.8,73.60985407535368,3.7139037698792663,49.913513230628276,46.90964779718212,55.0,810.8630883689914,,,8.907903583313168,48.52647501678941,23.32535352298297,0.0,1.7580255355813001,0.2201297301540576,2.0632933390243537,Baseline (no TES/DSM)
2024-03-28 16:00:00,79.4999450982944,68.5,10.5,83.72415472010175,4.224209621807347,48.80239625624226,45.79799969613531,55.0,1015.4023193727429,,,10.1318866503605,55.19421486921767,26.530354281916342,0.0,1.999585568967742,0.2217964056156366,2.714761814674007,Baseline (no TES/DSM)
2024-03-28 17:00:00,83.59060011978742,73.6,10.6,88.03216566907271,4.441565549285286,48.329135250922235,45.32451246662535,55.0,832.1891680480023,,,10.653221010431453,58.03422302183932,27.895468771380788,0.0,2.1024738758526063,0.22250629712361664,3.0192413918411027,Baseline (no TES/DSM)
2024-03-28 18:00:00,82.60376832284251,72.3,9.9,86.99289881237266,4.389130489530146,48.44330498800592,45.43873677815315,55.0,871.1126095926453,,,10.527454031633479,57.34909794190361,27.566147824589716,0.0,2.077653045879334,0.22233504251799113,2.9443124418110793,Baseline (no TES/DSM)
2024-03-28 19:00:00,64.49709476765867,69.9,8.85,67.9241317040906,3.427036936431932,50.53812415136822,47.53455728910788,55.0,838.0644919345989,,,8.219845342729638,44.77822598047079,21.523672402850856,0.0,1.6222333207689488,0.21919281377294766,1.7361080220466814,Baseline (no TES/DSM)
2024-03-28 20:00:00,41.738219299653984,72.5,7.9,43.95596910243322,2.217749802779238,53.17117148177106,50.1688632463417,55.0,543.2667211858769,,,5.319335836133247,28.97748220373366,13.928685658172798,0.0,1.0498012405267634,0.2152432427773434,0.6656988614887619,Baseline (no TES/DSM)
2024-03-28 21:00:00,55.624543078055474,71.2,6.15,58.58013920819672,2.9555961301412452,51.564618126126064,48.56154193976188,55.0,712.7083113796459,,,7.089081190535867,38.61830318066617,18.56276545607564,0.0,1.3990705714549136,0.2176530728108109,1.2594313506477666,Baseline (no TES/DSM)
2024-03-28 22:00:00,75.35325491773851,76.1,5.15,79.35713119796051,4.003876280222002,49.28214014891701,46.2779729118945,55.0,706.9075475895708,,,9.603410878061423,52.31530333615061,25.146539998126954,0.0,1.8952878636829453,0.22107678977662448,2.4225730752918295,Baseline (no TES/DSM)
2024-03-28 23:00:00,119.94022849292378,79.1,5.0,126.31322241908497,6.372993926161186,44.123730107615614,41.117097091414664,55.0,862.7323819285588,,,15.285806781452905,83.27058257356612,40.0258987680676,0.0,3.0167410774512504,0.22881440483857657,6.433286971879904,Baseline (no TES/DSM)
2024-03-29 00:00:00,118.8872592679269,81.5,4.65,125.20430393869933,6.317044670772432,44.24555149596901,41.23897671178926,55.0,802.8638347683658,,,15.151610904703613,75.9541077500685,43.09781736030147,2.7277275987816174,3.4246512295477367,0.22863167275604648,5.812516535807218,Baseline (no TES/DSM)
2024-03-29 01:00:00,107.09385108225821,75.9,5.05,112.78425597019546,5.690404887937248,45.609968731050806,42.6040461539624,55.0,889.5073340331596,,,13.648597603110876,68.41959310492793,38.82258925620341,2.4571417917756007,3.084931817288525,0.2265850469034238,4.675807829243459,Baseline (no TES/DSM)
2024-03-29 02:00:00,88.18356001929264,76.7,5.1,92.86917133962936,4.685611320336719,47.79776098249492,44.79288419520166,55.0,767.610414101426,,,11.238571717704279,56.33827931381142,31.9674201196591,2.0232675217228433,2.5402043844359987,0.22330335852625763,3.110629872483928,Baseline (no TES/DSM)
2024-03-29 03:00:00,107.02376127884224,77.7,4.7,112.71044196267324,5.686680683831,45.61807764530856,42.612158944374194,55.0,839.2754998273028,,,13.63966499387852,68.37481447588374,38.797181003333904,2.455533664106175,3.0829128193494264,0.22657288353203717,4.669420976285648,Baseline (no TES/DSM)
2024-03-29 04:00:00,97.50554233404424,80.0,4.75,102.68647484409506,5.180932510050823,46.71927093660378,43.713878618695844,55.0,737.0911375946049,,,12.426613647204364,62.29386154809623,35.34673169359081,2.2371493841854764,2.80873221822254,0.22492109359509432,3.8425578773321605,Baseline (no TES/DSM)
2024-03-29 05:00:00,116.86254097569507,75.5,4.3,123.07200274837967,6.209461772684605,44.47979765200926,41.47333484017943,55.0,947.797191530077,,,14.893570270707695,74.66056568106397,42.36383678322368,2.6812728314710825,3.3663274526209377,0.2282803035219861,5.608592338454244,Baseline (no TES/DSM)
2024-03-29 06:00:00,98.67270461975757,82.2,4.0,103.9156540048066,5.24294938504903,46.584238186639276,43.57878132152772,55.0,697.0108089229198,,,12.57536288177053,63.03953245141065,35.7698396643629,2.263928542848917,2.842353346184132,0.2251236427200411,3.939628529037103,Baseline (no TES/DSM)
2024-03-29 07:00:00,97.52972293821632,77.0,4.05,102.71194027859853,5.182217340382209,46.71647340491763,43.71107974975746,55.0,810.2429499161705,,,12.429695349214422,62.3093099336176,35.355497403799696,2.2377041795585177,2.8094287616227214,0.22492528989262356,3.84455667494152,Baseline (no TES/DSM)
2024-03-29 08:00:00,71.15997659358491,75.4,4.1,74.9410440829089,3.7810674893239877,49.76727397341421,46.76333863592541,55.0,698.4345580086676,,,9.068997670338973,45.46233602291154,25.79620132113696,1.632681527677714,2.0498252111826867,0.22034908903987868,1.9728997258938055,Baseline (no TES/DSM)
2024-03-29 09:00:00,65.49198515612908,76.6,4.3,68.97188534355348,3.4799001874244055,50.42302208997296,47.41940020760679,55.0,629.4385924335035,,,8.346639350361366,41.84119751725568,23.741497888023815,1.502636165636325,1.8865537726376616,0.21936546686504055,1.651131790800413,Baseline (no TES/DSM)
2024-03-29 10:00:00,76.08191173981368,75.3,4.65,80.12450501732418,4.042593277510505,49.197839503094585,46.19363196939626,55.0,733.3134993614213,,,9.696274694748965,48.60683775284895,27.580451906924033,1.7456095102088374,2.1916058473423585,0.22120324074535813,2.275430096368613,Baseline (no TES/DSM)
2024-03-29 11:00:00,59.855510025883326,76.3,5.45,63.03591752247851,3.180407496595187,51.07512398382267,48.071813813642855,55.0,596.9800448889007,,,7.628297632557447,38.24019399501565,21.698219430642908,1.37331390800089,1.7241901888190636,0.218387314024266,1.3594104495302195,Baseline (no TES/DSM)
2024-03-29 12:00:00,61.205941992316866,71.5,6.35,64.45810435237958,3.2521623600627123,50.91888817642932,47.91550332374119,55.0,748.1858198442426,,,7.80040370880707,39.102951330992866,22.187764488752983,1.4042979728014438,1.7630905598322861,0.21862166773535602,1.4267365180524574,Baseline (no TES/DSM)
2024-03-29 13:00:00,57.67135807661703,72.7,7.75,60.7357112077888,3.064353131171771,51.327815531227756,48.324626150506546,55.0,678.8846409860148,,,7.349937943758055,36.8447937349825,20.906442562572575,1.3232011239344348,1.6612737862992906,0.21800827670315837,1.2539428006721076,Baseline (no TES/DSM)
2024-03-29 14:00:00,85.63721021730875,73.2,8.05,90.18752188025924,4.550311662950492,48.09235636168275,45.087620394360414,55.0,858.1066623882309,,,10.914051649998953,54.71147987020256,31.04434291713042,1.9648445361666673,2.4668545567595914,0.22286146545747587,2.9241021936523937,Baseline (no TES/DSM)
2024-03-29 15:00:00,92.75283303843477,77.5,5.95,97.68123153338227,4.928398494947501,47.269127125262045,44.263997644920394,55.0,771.9003100976163,,,11.820903645698177,59.25747399768645,33.62382716664591,2.1281040887143803,2.67182628033553,0.22409630931210694,3.4597616780974603,Baseline (no TES/DSM)
2024-03-29 16:00:00,102.0526999371236,75.2,6.6,107.4752445247055,5.422544587581896,46.193195682818015,43.18755189490349,55.0,885.1346306124148,,,13.006127071506262,65.1989272436767,36.9951216816582,2.3414785391033868,2.939717060267211,0.22571020647577297,4.2275522904755976,Baseline (no TES/DSM)
2024-03-29 17:00:00,82.25216750982871,76.3,6.75,86.62261577843992,4.370448268611213,48.4839828142621,45.479434048876946,55.0,743.9386532070661,,,10.482644194604962,52.54886042615348,29.817231170572125,1.8871787335137609,2.3693454482005545,0.22227402577860686,2.6850419908803915,Baseline (no TES/DSM)
2024-03-29 18:00:00,79.66934126439185,72.8,6.75,83.90255170895247,4.233210444560626,48.78279827023674,45.77839234206764,55.0,834.552263206985,,,10.153475379155001,50.898757091669935,28.880930893446795,1.8279188390901009,2.2949448847456413,0.2218258025946449,2.509472128898821,Baseline (no TES/DSM)
2024-03-29 19:00:00,50.23895347994071,74.7,6.65,52.90838765900971,2.6694341790690004,52.18769426773495,49.184915918914555,55.0,561.442551841887,,,6.402713630331976,32.096415624037576,18.212121759587788,1.1526733880903741,1.447176887293974,0.21671845859839758,0.9267465893563057,Baseline (no TES/DSM)
2024-03-29 20:00:00,58.17450020078541,71.3,5.8,61.26558766239498,3.0910874616095683,51.269605404426144,48.26638819859652,55.0,730.6811013783276,,,7.414060993966357,37.16623870181916,21.08883660132161,1.3347451250885922,1.675767234165615,0.21809559189336078,1.2778632803682741,Baseline (no TES/DSM)
2024-03-29 21:00:00,62.9749329924681,75.9,5.1,66.3210902451624,3.3461572526942973,50.71422793137446,47.710745248741276,55.0,629.0673779947756,,,8.025853126122767,40.233115604791024,22.82904137162502,1.4448853797517076,1.8140478889946428,0.21892865810293832,1.5173771658142665,Baseline (no TES/DSM)
2024-03-29 22:00:00,89.6867334189277,77.6,4.5,94.45221548043455,4.7654820615068445,47.623854028585626,44.61889411177329,55.0,752.7263691608528,,,11.43014395693173,57.29861934575394,32.512335470868756,2.0577560581159533,2.5835046056958957,0.22356421895712156,3.223441313677779,Baseline (no TES/DSM)
2024-03-29 23:00:00,79.53262879401736,77.9,4.35,83.7585750557906,4.225946261773245,48.79861497461032,45.79421660700736,55.0,687.569173671672,,,10.13605203060032,50.811414900677,28.831371259257576,1.8247821330979321,2.291006762758092,0.22180207753808454,2.5003438637116475,Baseline (no TES/DSM)
2024-03-30 00:00:00,74.48301349686598,74.8,4.05,78.44064971769171,3.9576362208257336,49.38282117128367,46.3787020609449,55.0,737.2497156366967,,,9.492502783422774,48.11583134233507,26.500455861633817,0.0,3.824362513722825,0.2209257682430745,2.199041350961521,Baseline (no TES/DSM)
2024-03-30 01:00:00,75.35318252717688,77.2,3.8,79.35705496094455,4.003872433767668,49.282148524013365,46.277981290994255,55.0,679.0540218633181,,,9.603401652231593,48.67795825337263,26.810054988968865,0.0,3.8690417186030572,0.22107677721397995,2.2541355117228465,Baseline (no TES/DSM)
2024-03-30 02:00:00,89.39910696651145,80.6,1.45,94.14930606868697,4.7501991021755146,47.65713045578663,44.65218644548825,55.0,682.7417687909075,,,11.393487345283466,57.75158859727167,31.807481692925894,0.0,4.590235778489404,0.22351430431632005,3.2373933494123386,Baseline (no TES/DSM)
2024-03-30 03:00:00,100.4839164874907,79.1,2.35,105.82310416036933,5.339187672878623,46.374693273937716,43.36913624395394,55.0,772.498325985684,,,12.806193146130717,64.91234647122353,35.751367575814996,0.0,5.159390113330801,0.22543796008909342,4.138281549391061,Baseline (no TES/DSM)
2024-03-30 04:00:00,96.50270664455768,79.9,3.2,101.63035373204147,5.127647087483794,46.83529221536807,43.829955356962415,55.0,734.2763226927652,,,12.298807049070856,62.34049535581359,34.33488520264964,0.0,4.954973173578246,0.22474706167694788,3.8020375106462945,Baseline (no TES/DSM)
2024-03-30 05:00:00,108.66981693645775,78.3,3.15,114.44396037436152,5.774143437903774,45.42764018450026,42.42163045227488,55.0,831.6924754323675,,,13.849446891495239,70.20041668879358,38.66384497637973,0.0,5.579698709188214,0.2268585397232496,4.8743068867243915,Baseline (no TES/DSM)
2024-03-30 06:00:00,107.47966828287227,83.9,-0.55,113.19057347089243,5.710905188020163,45.56533230112137,42.55938838730738,55.0,705.3738143503379,,,13.697768154606823,69.43158378046023,38.24039967815139,0.0,5.518590012280811,0.22665200154831794,4.763562530018483,Baseline (no TES/DSM)
2024-03-30 07:00:00,121.41621991431938,82.7,-0.4,127.86764027406181,6.4514203597424284,43.95296792398898,40.94625328150523,55.0,788.3571019200471,,,15.473914807942666,78.43455957736015,43.19891241861785,0.0,6.234168278083814,0.22907054811401653,6.140029288041691,Baseline (no TES/DSM)
2024-03-30 08:00:00,120.81058139720118,82.1,2.0,127.22982130640136,6.419239909200186,44.023036187376114,41.016355038326104,55.0,798.2287796769833,,,15.396729084116734,78.04331868395421,42.98343111573433,0.0,6.203071506712824,0.22896544571893584,6.076591934272484,Baseline (no TES/DSM)
2024-03-30 09:00:00,110.3147785628391,80.7,3.15,116.17632662374068,5.861548060901569,45.23732929567592,42.23122859266238,55.0,782.6128546951868,,,14.059089360079104,71.26305758453161,39.249109064490696,0.0,5.664159974718373,0.22714400605648613,5.02946327850078,Baseline (no TES/DSM)
2024-03-30 10:00:00,117.44161390633167,76.6,4.35,123.68184457379097,6.240230667459301,44.41280284656447,41.40630801044906,55.0,917.9596030085231,,,14.967370337968722,75.86697452200234,41.78477963669846,0.0,6.0300904150901715,0.2283807957301533,5.729715394458682,Baseline (no TES/DSM)
2024-03-30 11:00:00,92.4470323645269,80.5,5.45,97.35918221744733,4.912149852920422,47.304506186463925,44.2993936177194,55.0,700.6458593173559,,,11.781930816700529,59.7205404093664,32.89190898295571,0.0,4.746732825125214,0.22404324072030413,3.4741207804802583,Baseline (no TES/DSM)
2024-03-30 12:00:00,95.20208138333739,72.4,6.85,100.2606200741296,5.0585386907922185,46.98576572521811,43.980500794876434,55.0,942.4409170341003,,,12.133048598483422,61.50029484873974,33.872133217877376,0.0,4.888192007512487,0.22452135141217283,3.6952701635006506,Baseline (no TES/DSM)
2024-03-30 13:00:00,54.387687077910854,73.6,8.25,57.27756317503641,2.8898760971255584,51.70771396554274,48.704706180631426,55.0,625.020403914805,,,6.931449826378448,35.13430318780759,19.350700692113822,0.0,2.7925592951150016,0.2174384290516859,1.1156446925473282,Baseline (no TES/DSM)
2024-03-30 14:00:00,60.95907246895105,68.9,9.2,64.1981174788742,3.239045009923146,50.94744930372974,47.94407810358812,55.0,854.2734465457769,,,7.7689413722598175,39.37940091299671,21.688746648221308,0.0,3.1299699176561795,0.2185788260444054,1.4300749224879834,Baseline (no TES/DSM)
2024-03-30 15:00:00,52.988605403020465,70.6,10.15,55.804141646634676,2.8155362436142113,51.86957821381215,48.86664780186847,55.0,711.7371765190863,,,6.75314357815325,34.23050009576418,18.85291870892629,0.0,2.720722841944209,0.21719563267928177,1.0537014206604833,Baseline (no TES/DSM)
2024-03-30 16:00:00,48.7411027300299,69.4,10.95,51.33094898558552,2.5898462555556208,52.360985427218594,49.358289913560476,55.0,719.6736387969504,,,6.211819737279728,31.48662451065071,17.341691493173368,0.0,2.502632981761444,0.2164585218591721,0.8764014597156289,Baseline (no TES/DSM)
2024-03-30 17:00:00,39.99066650560609,66.2,11.15,42.115560529452345,2.1248940238462524,53.37335147197201,50.371139880897424,55.0,784.3866016354278,,,5.0966186153487305,25.83386566297127,14.228356813916028,0.0,2.0533380525650475,0.214939972792042,0.562142105279326,Baseline (no TES/DSM)
2024-03-30 18:00:00,53.27590113333816,68.4,10.65,56.10670276344811,2.830801630109953,51.83634004891192,48.8333937487441,55.0,809.2062291071258,,,6.7897580408564995,34.41609238394305,18.95513621414097,0.0,2.7354741653640886,0.21724548992663212,1.066277987495485,Baseline (no TES/DSM)
2024-03-30 19:00:00,60.726578556186325,73.6,9.3,63.9532700604297,3.2266915042433766,50.974347270512006,47.97098892790709,55.0,675.2466133287965,,,7.7393111383254585,39.22921045520624,21.606027187983848,0.0,3.118032417239611,0.218538479094232,1.418289594330435,Baseline (no TES/DSM)
2024-03-30 20:00:00,72.88829145026097,70.5,8.2,76.76119251554607,3.872901065285106,49.56731968191751,46.56328876398344,55.0,876.0273152928426,,,9.289263108287711,47.08564508334895,25.93306661107123,0.0,3.7424808211258913,0.22064902047712373,2.0998352848513515,Baseline (no TES/DSM)
2024-03-30 21:00:00,68.06074479008284,74.3,6.9,71.6771353756885,3.6163905856056573,50.12583404541702,47.12207010375613,55.0,708.3206724503024,,,8.674015443653774,43.96706260402753,24.21546441988957,0.0,3.49460835177139,0.21981124893187448,1.8134213092537468,Baseline (no TES/DSM)
2024-03-30 22:00:00,84.42063421456164,76.3,5.35,88.90630341706625,4.48566920250461,48.233105943127086,45.2284372557194,55.0,756.7265542091452,,,10.759004874228953,54.5355082585605,30.036181214771304,0.0,4.334613943734453,0.22265034108530937,2.8686421394431063,Baseline (no TES/DSM)
2024-03-30 23:00:00,77.63576129330794,77.7,3.85,81.76091797669997,4.125156683392035,49.018069662338284,46.01377619659371,55.0,680.985960225775,,,9.894305366697878,50.15249814885334,27.622178116144756,0.0,3.986241711701876,0.22147289550649257,2.401882478903133,Baseline (no TES/DSM)
2024-03-31 00:00:00,91.11344682291457,77.3,1.95,95.95473694292052,4.841290120005951,47.45879297691377,44.4537541590251,55.0,768.1584451891682,,,11.611971736483937,52.49757190721679,29.788129081333086,9.704504263658217,3.9645316907124286,0.22381181053462934,3.0053412106566664,Baseline (no TES/DSM)
2024-03-31 01:00:00,95.63561947209377,82.3,1.55,100.71719410037848,5.081574628284713,46.93560831261516,43.93031940645484,55.0,680.3591064726659,,,12.1883009482613,55.103148713991985,31.266583330392887,10.186161420589752,4.161300635403855,0.22459658753107725,3.32747803119499,Baseline (no TES/DSM)
2024-03-31 02:00:00,118.98510730147544,80.0,2.2,125.30735110294259,6.3222438014671525,44.23423114299804,41.2276509475597,55.0,836.9697462370927,,,15.164081167213212,68.55661205077104,38.90033643377909,12.67311819915257,5.177284419239895,0.22864865328550293,5.251067178355788,Baseline (no TES/DSM)
2024-03-31 03:00:00,110.79908979193915,81.6,2.4,116.68637160839721,5.8872818164580565,45.181297775548366,42.1751702888254,55.0,765.4140780946587,,,14.120812503040668,63.840008104529595,36.22404490120155,11.801224482102489,4.821094120563574,0.22722805333667745,4.527036274764086,Baseline (no TES/DSM)
2024-03-31 04:00:00,110.75271534531805,79.7,2.75,116.63753306719869,5.884817721880637,45.1866629840819,42.18053806199016,55.0,807.3319673842282,,,14.114902302271886,63.81328816437763,36.208883494733094,11.796285134172498,4.819076273915465,0.22722000552387717,4.523087275078145,Baseline (no TES/DSM)
2024-03-31 05:00:00,103.56394914462149,79.8,2.4,109.06679357939657,5.502844434775085,46.018354412783836,43.012627048736405,55.0,771.2808000156072,,,13.19872853370707,59.671278574083814,33.858627819101926,11.030608774889417,4.506278411321416,0.22597246838082424,3.9317329982198044,Baseline (no TES/DSM)
2024-03-31 06:00:00,93.65547252473375,79.9,2.75,98.63183254214941,4.976360017415658,47.164697866748945,44.159518468023684,55.0,719.7828995929009,,,11.935940718365504,53.9622314248247,30.61920498038262,9.975255729241326,4.075140407700765,0.2242529531998766,3.1844090990853924,Baseline (no TES/DSM)
2024-03-31 07:00:00,105.6831739884752,77.9,2.5,111.29862290322966,5.615448914754452,45.773174490538686,42.76732992767566,55.0,827.6043264199545,,,13.468813574369753,60.89232950023308,34.551475531512324,11.256327669849021,4.598490201635229,0.22634023826419197,4.101765348982443,Baseline (no TES/DSM)
2024-03-31 08:00:00,97.87098432648149,82.0,2.75,103.07133450504469,5.200350178563198,46.67699177988723,43.67157925205735,55.0,697.0773839593659,,,12.473187476155802,56.391116969766216,31.997401218951047,10.424250402146997,4.258565914180428,0.22498451233016917,3.4927557841214236,Baseline (no TES/DSM)
2024-03-31 09:00:00,99.60681054005624,77.9,3.3,104.89939340864333,5.29258286858709,46.47616847540887,43.47065995173555,55.0,797.4704789469682,,,12.694410200510125,57.39126200480899,32.564902692287056,10.609133462529357,4.334095249017928,0.2252857472868867,3.6238558339336686,Baseline (no TES/DSM)
2024-03-31 10:00:00,93.08922040823118,76.9,4.0,98.03549276161209,4.946272353380905,47.2302093910678,44.22506130760273,55.0,789.3500317121517,,,11.863774602365837,53.635969360988135,30.43407762841513,9.914944147685368,4.050501624523456,0.2241546859133983,3.1440731385837415,Baseline (no TES/DSM)
2024-03-31 11:00:00,95.9509063029148,79.1,4.5,101.04923361779244,5.098327314877636,46.8991317674813,43.89382542511394,55.0,749.6632447236912,,,12.228482742453496,55.28481007847309,31.369661472441408,10.219742659151883,4.1750194077260545,0.22465130234877806,3.350547491174871,Baseline (no TES/DSM)
2024-03-31 12:00:00,94.3497092261441,77.5,4.35,99.362957336379,5.013248110234898,47.08437939513175,44.07916160325562,55.0,780.4203809379419,,,12.024417855783815,54.36223540254442,30.84617490848559,10.049198964446983,4.105348060902003,0.22437343090730238,3.2342118089050067,Baseline (no TES/DSM)
2024-03-31 13:00:00,84.34230107789155,75.6,5.15,88.8238080688472,4.481506990955651,48.24216855505979,45.23750419968458,55.0,775.61909936721,,,10.749021691715713,48.59618607407547,27.574407940113563,8.983308709722683,3.6699053449354846,0.2226367471674103,2.5535832390222217,Baseline (no TES/DSM)
2024-03-31 14:00:00,86.44379132913656,76.2,5.55,91.03696047694618,4.593169147809618,47.99904040473939,44.9942598313191,55.0,771.1780128153531,,,11.016846543621293,49.80701871650061,28.26145760237601,9.207138691074183,3.761345466995378,0.2230014393928909,2.689865778165666,Baseline (no TES/DSM)
2024-03-31 15:00:00,88.04011797328496,77.5,4.85,92.71810753652284,4.6779895632378725,47.814356253067004,44.809487398503464,55.0,746.1374927374497,,,11.22029071701619,50.726787155855845,28.783351853882976,9.377163635410211,3.8308048913738038,0.2232784656203995,2.79574917144113,Baseline (no TES/DSM)
2024-03-31 16:00:00,94.61804640944669,76.1,4.9,99.64555254854176,5.027506139095067,47.05333460536892,44.04810197372713,55.0,819.5253913607854,,,12.058616142612028,54.51684540871821,30.933903591048477,10.077779590361828,4.117023958413242,0.22441999809194663,3.2535649179080988,Baseline (no TES/DSM)
2024-03-31 17:00:00,78.586561830698,78.4,4.6,82.76223906191551,4.175677231217506,48.90806849728776,45.90372244972432,55.0,670.3934942215749,,,10.01548033430354,45.27985521902609,25.692658213455474,8.370264224933784,3.4194614045001614,0.22163789725406838,2.198408921310519,Baseline (no TES/DSM)
2024-03-31 18:00:00,83.27238747413665,74.4,4.7,87.69704487439265,4.424657400255995,48.365950292961955,45.36134510667752,55.0,804.7185368134344,,,10.612666335174016,47.979725295714196,27.2246162721892,8.86935208211792,3.62335122437133,0.22245107456055707,2.4855559987993625,Baseline (no TES/DSM)
2024-03-31 19:00:00,84.59414896941585,77.6,4.3,89.08903783485329,4.4948888654374315,48.213031464372776,45.208353181133944,55.0,724.2195705990134,,,10.781118497404096,48.74129531158108,27.656745704331506,9.010133059171801,3.6808637597689025,0.22268045280344084,2.5697293697314656,Baseline (no TES/DSM)
2024-03-31 20:00:00,103.30636501236069,79.5,3.6,108.79552277894281,5.4891577665821245,46.048155147567805,43.042442028613486,55.0,776.9475928412337,,,13.165900671652942,59.52286424033788,33.77441467989317,11.003173457744255,4.495070400967505,0.2259277672786483,3.911311045995389,Baseline (no TES/DSM)
2024-03-31 21:00:00,82.7596214942422,79.0,3.7,87.15703320290277,4.39741170866057,48.42527383451305,45.42069700556205,55.0,680.989849371388,,,10.547316770717995,47.684280771994224,27.056975383492524,8.814737315454384,3.6010397319616345,0.22236208924823042,2.4532779001082705,Baseline (no TES/DSM)
2024-03-31 22:00:00,72.02871223101226,73.9,3.85,75.85593977030724,3.827227539294981,49.666767159966,46.662783779067325,55.0,747.7888994515154,,,9.179713860100613,41.50136595184547,23.548670940632004,7.671786869288686,3.134116008541083,0.220499849260051,1.826035078226053,Baseline (no TES/DSM)
2024-03-31 23:00:00,55.45436642648816,76.3,4.75,58.40092026297661,2.946553836488455,51.58430640899998,48.581239633860875,55.0,564.4788367704209,,,7.067392992612128,31.951591017096206,18.129945500210546,5.906451288910909,2.412932456758951,0.21762354038650003,1.0382401601612505,Baseline (no TES/DSM)
