date,network_load_mw,T_supply,temperature,modified_load_mw,tes_charge_mw,T_return_primary,T_secondary_return,m_dot_primary,T_water,T_pcm,Waste heat,Electricity,Biomass,Fossil fuel,eta_el_chp,fgc_recovery_mw,scenario
2024-01-01 00:00:00,161.0239619511116,89.5,-4.65,161.0239619511116,0.0,31.724402448236823,31.724402448236823,665.8046718522361,49.92218773432032,49.93214039312751,67.67657960371278,43.517608004463405,9.526687577664267,13.767852191370967,0.24741339632764475,8.121189552445534,PCM Storage + DSM
2024-01-01 01:00:00,162.1072324620258,89.6,-4.9,162.1072324620258,0.0,31.567818495474643,31.567818495474643,667.3201993982713,49.84812940314147,49.85805569007719,68.13186614663424,43.81036779552525,9.590777291980883,13.860473861443062,0.24764827225678804,8.175823937596107,PCM Storage + DSM
2024-01-01 02:00:00,170.25519777269795,89.9,-5.0,170.25519777269795,0.0,30.390051167314432,30.390051167314432,683.4576022707761,49.77426750683054,49.784167466167595,71.55636530982969,46.01240006530291,10.072836725669312,14.557140250087825,0.24941492324902836,8.586763837179562,PCM Storage + DSM
2024-01-01 03:00:00,161.24543441102315,91.2,-4.75,161.24543441102315,0.0,31.692389176527204,31.692389176527204,647.315026325297,49.70060151523008,49.71047521679737,67.76966201443986,43.57746215025285,9.53979058983133,13.786788504051234,0.2474614162352092,8.132359441732783,PCM Storage + DSM
2024-01-01 04:00:00,157.6596157822401,87.6,-4.7,157.6596157822401,0.0,32.21070999217393,32.21070999217393,679.9789077531742,49.62713090873986,49.63697842218116,66.26258234173258,42.60837501830251,9.327642202891528,13.480194253928769,0.2466839350117391,7.951509881007911,PCM Storage + DSM
2024-01-01 05:00:00,138.1156625314401,88.9,-4.55,146.21631875818363,8.100656226743517,38.091847202472536,35.03573792543399,687.484982461749,50.90862009643184,50.76293354172655,58.0484762427249,37.32651456647676,8.171360029749023,19.90980564776862,0.23786222919629119,6.5855367507665115,PCM Storage + DSM
2024-01-01 06:00:00,148.4551929049548,87.2,-4.7,154.716603584983,6.2614106800282165,37.108891839523466,33.54118553129264,737.8652529858249,51.82383161380209,51.71342873344387,62.39406581777599,40.12082930257464,8.783079393592217,18.954609432505976,0.23933666224071481,7.446522670519643,PCM Storage + DSM
2024-01-01 07:00:00,148.65829453731442,89.7,-4.7,0.0,-148.65829453731442,89.7,30.335659329030417,0.0,37.29057641043831,38.43721058893682,62.4794271740827,0.0,0.0,0.0,0.16044999999999998,0.0,PCM Storage + DSM
2024-01-01 08:00:00,169.30844011032147,89.1,-4.75,15.098997375268425,-154.20944273505305,89.1,15.0,0.0,22.400445323139323,23.61431316146018,71.1584535982628,0.0,0.0,0.0,0.16135,0.0,PCM Storage + DSM
2024-01-01 09:00:00,168.8457241140026,91.6,-5.0,168.8457241140026,0.0,30.59378694205313,30.59378694205313,661.1755357548554,22.830804354352473,22.831103620127415,70.96397921333683,45.63148208621142,9.98944779999243,14.436627596160948,0.2491093195869203,8.515677505600419,PCM Storage + DSM
2024-01-01 10:00:00,168.54853108439727,90.0,-5.2,168.54853108439727,0.0,30.636745426420713,30.636745426420713,678.2784904687668,22.828601915816826,22.828897265658025,70.83907228965886,45.5511640415719,9.971864919103131,14.411217032078854,0.24904488186036894,8.500688674759061,PCM Storage + DSM
2024-01-01 11:00:00,157.64499637374703,89.4,-5.35,157.64499637374703,0.0,32.2128231898894,32.2128231898894,658.5402282182772,22.82640420595189,22.82669877242544,66.25643796700317,42.604424043054166,9.326777272383072,13.478944266952798,0.2466807652151659,7.95077255604038,PCM Storage + DSM
2024-01-01 12:00:00,171.49460376929275,89.5,-5.15,171.49460376929275,0.0,30.210898233611672,30.210898233611672,690.9973221233062,22.824212325093857,22.824506110285544,72.07727386016913,46.34735632687204,10.146163909824843,14.663111798417985,0.2496836526495825,8.649272863220295,PCM Storage + DSM
2024-01-01 13:00:00,159.31035075549272,92.5,-4.85,159.31035075549272,0.0,31.972100517928652,31.972100517928652,628.7661701734389,22.822026257785236,22.822319263767266,66.95636788438293,43.0544951895791,9.425304912050779,13.621335204899585,0.247041849223107,8.034764146125951,PCM Storage + DSM
2024-01-01 14:00:00,153.42543252754655,86.4,-4.55,153.42543252754655,0.0,32.82275023887079,32.82275023887079,684.0970470131282,22.81984598860671,22.820138217445788,64.48300223066825,41.464063793661545,9.077134511208412,13.118163606468373,0.2457658746416938,7.737960267680189,PCM Storage + DSM
2024-01-01 15:00:00,137.48061457515902,87.7,-4.3,137.48061457515902,0.0,35.1275324663046,35.1275324663046,624.7177985379238,22.81767150217982,22.817962955937176,57.78157265244756,37.15488937671855,8.133788581357006,11.75485162403535,0.2423087013005431,6.933788718293707,PCM Storage + DSM
2024-01-01 16:00:00,144.78668344815065,89.0,-4.4,144.78668344815065,0.0,34.07145909242471,34.07145909242471,629.6965780984112,22.815502783166927,22.815793463898316,60.85223211009613,39.129394521269596,8.56603875537161,12.379534280731281,0.24389281136136293,7.302267853211536,PCM Storage + DSM
2024-01-01 17:00:00,155.05019902964,87.7,-4.3,155.05019902964,0.0,32.58789444001897,32.58789444001897,672.087936931561,22.813339816271036,22.813629726026758,65.16587351382397,41.90316584332017,9.173260843367585,13.257084204218321,0.24611815833997155,7.819904821658875,PCM Storage + DSM
2024-01-01 18:00:00,155.46913237970423,89.9,-4.5,155.46913237970423,0.0,32.52733870695318,32.52733870695318,647.3511969502189,22.81118258623576,22.811471727060685,65.34194653966891,42.01638487660682,9.198046267186294,13.29290379511543,0.24620899193957024,7.841033584760269,PCM Storage + DSM
2024-01-01 19:00:00,165.77270432982328,89.4,-4.8,165.77270432982328,0.0,31.03798400998318,31.03798400998318,678.5525909709711,22.809031077845155,22.809319451778727,69.67242318945178,44.80098165175759,9.807638216815326,14.173878613605266,0.24844302398502524,8.360690782734213,PCM Storage + DSM
2024-01-01 20:00:00,165.3166472256262,90.4,-5.15,165.3166472256262,0.0,31.103905885766714,31.103905885766714,666.0261450409514,22.806885275923634,22.807172884999886,69.48074746279562,44.67772972050698,9.780656434125252,14.134884871771263,0.24834414117134992,8.337689695535476,PCM Storage + DSM
2024-01-01 21:00:00,167.6994820579987,90.5,-5.4,167.6994820579987,0.0,30.75947326891517,30.75947326891517,670.5998467273766,22.804745165335863,22.805032011583442,70.4822264306558,45.32170389005356,9.921632489627356,14.338621740315803,0.24886079009662726,8.457867171678696,PCM Storage + DSM
2024-01-01 22:00:00,156.99141318144717,90.5,-5.7,156.99141318144717,0.0,32.307296951224295,32.307296951224295,644.4780703658071,22.802610730986675,22.80289681642883,65.98174422325613,42.42778960420309,9.288109220724131,13.423061672354356,0.24653905457316355,7.917809306790736,PCM Storage + DSM
2024-01-01 23:00:00,160.32109054116677,88.8,-6.0,160.32109054116677,0.0,31.826000694052453,31.826000694052453,672.2251061845311,22.800481957820914,22.80076728447554,67.38117057048612,43.327653154732346,9.485103478945783,13.707755361281798,0.2472609989589213,8.085740468458335,PCM Storage + DSM
2024-01-02 00:00:00,148.6681882717684,91.8,-6.3,196.87816622734712,48.20997795557873,32.23341590500354,33.51039760148224,789.5790848973448,30.858707208697915,29.94003942470569,49.733773472765044,31.979968125514365,7.000917078075361,73.55983557463165,0.2466498761424947,5.968052816731805,PCM Storage + DSM
2024-01-02 01:00:00,156.55942305128886,88.8,-6.55,156.55942305128886,0.0,32.369740008108906,32.369740008108906,662.7777753772903,30.50754638404991,30.510576466419366,52.373617863870756,33.67744920504896,7.372522335240777,26.695415673030713,0.24644538998783663,6.28483414366449,PCM Storage + DSM
2024-01-02 02:00:00,160.2197124300378,91.0,-6.8,160.2197124300378,0.0,31.840654638015852,31.840654638015852,646.9837373213282,30.484980881066456,30.488005298020283,53.59808965520445,34.46481292437114,7.544888614269734,27.31954256711917,0.2472390180429762,6.431770758624534,PCM Storage + DSM
2024-01-02 03:00:00,186.84784643451542,92.7,-6.6,186.84784643451542,0.0,27.991626685077932,27.991626685077932,689.8082597202409,30.46247607404601,30.465492469311993,62.5059642985696,40.1927826171775,8.798831103758102,31.859985371470973,0.2530125599723831,7.500715715828353,PCM Storage + DSM
2024-01-02 04:00:00,213.9105097556783,94.4,-6.9,213.9105097556783,0.0,24.079788642405163,24.079788642405163,726.6959356932454,30.440030956772024,30.443039351620058,71.55920146269,46.014223777274445,10.073235964850442,36.474521069785666,0.25888031703639225,8.587104175522798,PCM Storage + DSM
2024-01-02 05:00:00,208.24408060590676,96.6,-7.1,208.24408060590676,0.0,24.898856331757543,24.898856331757543,693.8208686961675,30.417645370926557,30.420645786576234,69.66361837251976,44.79531995055989,9.80639878153977,35.50832128067828,0.2576517155023637,8.359634204702372,PCM Storage + DSM
2024-01-02 06:00:00,192.60699819288786,92.1,-7.3,192.60699819288786,0.0,27.159156182283418,27.159156182283418,708.52456377305,30.39531915861375,30.398311616228384,64.43256576103299,41.43163197562983,9.07003467709225,32.841995570010425,0.25426126572657487,7.731907891323958,PCM Storage + DSM
2024-01-02 07:00:00,179.11075813886225,91.7,-7.55,179.11075813886225,0.0,29.11000280258245,29.11000280258245,683.6243383684265,30.373052162356522,30.376036683043303,59.91768632795639,38.5284599402443,8.434484741477846,30.5407112956861,0.25133499579612634,7.190122359354767,PCM Storage + DSM
2024-01-02 08:00:00,201.58626973285013,94.4,-7.8,95.23326371620198,-106.35300601664815,94.4,15.0,0.0,20.006987831355126,20.8273773013236,67.43638965846682,0.0,0.0,0.0,0.15339999999999998,0.0,PCM Storage + DSM
2024-01-02 09:00:00,224.60490489156987,97.2,-8.1,224.60490489156987,0.0,22.5339414639702,22.5339414639702,718.6158396560776,20.304135591211786,20.30353322932094,75.13678340069275,48.31469181649124,10.576844533818031,38.29805438359161,0.2611990878040447,9.01641400808313,PCM Storage + DSM
2024-01-02 10:00:00,213.3091638651122,96.8,-8.25,213.3091638651122,0.0,24.16671163677586,24.16671163677586,701.5757718142529,20.3086343036959,20.308031427257788,71.35803401289554,45.88486844822747,10.04491805256514,36.37198378267091,0.2587499325448362,8.562964081547465,PCM Storage + DSM
2024-01-02 11:00:00,197.61128555014136,92.6,-8.45,197.61128555014136,0.0,26.435799377808735,26.435799377808735,713.4925612742257,20.313120331318437,20.3125190538906,66.10664342829632,42.508102685579765,9.30569101507727,33.69529158085105,0.2553463009332869,7.932797211395558,PCM Storage + DSM
2024-01-02 12:00:00,193.05381362623322,94.4,-8.6,193.05381362623322,0.0,27.094570166137444,27.094570166137444,685.2184672062399,20.317594460599203,20.31699477794603,64.58203834023406,41.527746305685774,9.091075612846016,32.918183406486875,0.2543581447507938,7.749844600828088,PCM Storage + DSM
2024-01-02 13:00:00,210.7745001883627,96.1,-8.65,210.7745001883627,0.0,24.533090720697576,24.533090720697576,703.5688159872357,20.32205672309825,20.32145863098989,70.51011630706687,45.33963772648644,9.925558487966866,35.93979069506612,0.2582003639189536,8.461213956848024,PCM Storage + DSM
2024-01-02 14:00:00,216.43104768439613,96.3,-8.7,216.43104768439613,0.0,23.715451398855027,23.715451398855027,712.3216715220206,20.326507150289963,20.325910644507807,72.40239370060986,46.55641591371318,10.191930335423116,36.90430553382728,0.2594268229017175,8.688287244073182,PCM Storage + DSM
2024-01-02 15:00:00,204.87560906277088,95.3,-8.4,204.87560906277088,0.0,25.38576018788301,25.38576018788301,700.04409048339,20.330945773565258,20.330350849901873,68.53676801789288,44.07072907585126,9.647774463671297,34.93395311890159,0.2569213597181755,8.224412162147146,PCM Storage + DSM
2024-01-02 16:00:00,202.13525868856283,93.7,-8.55,202.13525868856283,0.0,25.78187075234829,25.78187075234829,710.9795930203643,20.335372624231802,20.334779278490913,67.62004221171213,43.48125315205973,9.518728929736136,34.46668777706865,0.25632719387147757,8.114405065405455,PCM Storage + DSM
2024-01-02 17:00:00,206.72792316199894,95.8,-8.75,206.72792316199894,0.0,25.11801297193649,25.11801297193649,698.7006827529013,20.339787733514193,20.339195961510665,69.15642021707767,44.469179790428264,9.735001580393403,35.24979673835406,0.25732298054209524,8.29877042604932,PCM Storage + DSM
2024-01-02 18:00:00,204.4069888524935,96.6,-8.9,204.4069888524935,0.0,25.453498028182526,25.453498028182526,686.345774739954,20.344191132554254,20.343600930114043,68.38000111534552,43.9699243269547,9.625706721598158,34.854047284667395,0.2568197529577262,8.205600133841463,PCM Storage + DSM
2024-01-02 19:00:00,212.0429212867162,93.7,-9.1,212.0429212867162,0.0,24.34974372902186,24.34974372902186,730.4264385302074,20.34858285241118,20.347994215371315,70.93443954868914,45.61248739773502,9.985289564486214,36.15607297184672,0.2584753844064672,8.512132745842697,PCM Storage + DSM
2024-01-02 20:00:00,213.0907565614929,97.6,-9.1,213.0907565614929,0.0,24.198281848064983,24.198281848064983,693.5202740029844,20.352962924061796,20.352375848270352,71.28497050489649,45.837886920509135,10.034633058581832,36.33474249982438,0.2587025772279025,8.55419646058758,PCM Storage + DSM
2024-01-02 21:00:00,214.22459223462377,96.9,-9.05,214.22459223462377,0.0,24.034388831784344,24.034388831784344,702.340138486031,20.35733137840076,20.35674585971682,71.66427106124517,46.08178596244817,10.08802638784769,36.5280762130511,0.2589484167523235,8.59971252734942,PCM Storage + DSM
2024-01-02 22:00:00,210.38521650395805,93.8,-8.95,210.38521650395805,0.0,24.58936067121849,24.58936067121849,726.178078006554,20.361688246240774,20.361104280534406,70.37988974816489,45.25589903320065,9.907226773387935,35.87341276924491,0.25811595899317225,8.445586769779785,PCM Storage + DSM
2024-01-02 23:00:00,209.00996867002087,96.7,-9.0,209.00996867002087,0.0,24.788149191441175,24.788149191441175,694.3322054235163,20.366033558312868,20.365451141465083,69.91982989920167,44.960069895809156,9.842465130973912,35.638915146138814,0.25781777621283825,8.390379587904201,PCM Storage + DSM
2024-01-03 00:00:00,223.61651992855175,96.7,-9.1,223.61651992855175,0.0,22.676809956004995,22.676809956004995,721.6670276949583,20.370367345266537,20.369786473169288,69.63334111763295,44.775850974477905,9.802136717030823,42.93252608523994,0.2609847850659925,8.356000934115954,PCM Storage + DSM
2024-01-03 01:00:00,230.25787119239382,96.9,-9.2,230.25787119239382,0.0,21.71681979463998,21.71681979463998,731.6351615070587,20.374689637669963,20.374110306226093,71.70143285873016,46.10568185885965,10.093257574715244,44.207610709878786,0.26242477030804,8.60417194304762,PCM Storage + DSM
2024-01-03 02:00:00,223.6541798323274,98.3,-9.3,223.6541798323274,0.0,22.671366314241993,22.671366314241993,706.4664475373384,20.379000466010265,20.37842267113348,69.64506826966495,44.78339180482314,9.803787523177332,42.939756475918294,0.260992950528637,8.357408192359793,PCM Storage + DSM
2024-01-03 03:00:00,219.84732595729108,95.5,-9.25,219.84732595729108,0.0,23.22163720349398,23.22163720349398,726.6305564066369,20.3832998606937,20.38272359830855,68.45962832743668,44.021126468412824,9.63691567418877,42.20887195385831,0.260167544194759,8.2151553992924,PCM Storage + DSM
2024-01-03 04:00:00,184.12827612289252,96.2,-9.4,184.12827612289252,0.0,28.384733545200252,28.384733545200252,648.6251597392237,20.387587852045886,20.387013118087726,57.33685089439592,36.86892298699745,8.071186049243888,35.35110921233423,0.2524228996821996,6.880422107327511,PCM Storage + DSM
2024-01-03 05:00:00,195.22266552688868,91.2,-9.5,195.22266552688868,0.0,26.78106822905084,26.78106822905084,723.9648743143774,20.391864470311994,20.391291260726955,60.79160192131984,39.090407905754255,8.557503973182133,37.481140404301,0.25482839765642373,7.29499223055838,PCM Storage + DSM
2024-01-03 06:00:00,202.3647292535899,97.9,-9.65,202.3647292535899,0.0,25.748701375214424,25.748701375214424,670.025673688987,20.396129745656992,20.395558056401967,63.01561363532094,40.520498943657785,8.87057335246252,38.8523576889051,0.25637694793717836,7.561873636238513,PCM Storage + DSM
2024-01-03 07:00:00,238.0689032428763,97.9,-9.75,238.0689032428763,0.0,20.58775529847417,20.58775529847417,735.6227711736894,20.400383708165837,20.399813535208438,74.13375878628594,47.669723760419615,10.43565090095251,45.70726439095356,0.26411836705228875,8.896051054354311,PCM Storage + DSM
2024-01-03 08:00:00,221.37496461893684,98.6,-9.85,221.37496461893684,0.0,23.000820982962924,23.000820982962924,699.5394344224359,20.404626387843678,20.404057727162208,68.93532924642447,44.327013176061065,9.703879076626384,42.50216596769452,0.26049876852555565,8.272239509570936,PCM Storage + DSM
2024-01-03 09:00:00,221.56756344696714,94.8,-9.95,221.56756344696714,0.0,22.9729813201211,22.9729813201211,736.9179194188168,20.408857814616084,20.408290662199526,68.99530379524303,44.365578199899645,9.712321565779225,42.539143352956756,0.26054052801981836,8.279436455429165,PCM Storage + DSM
2024-01-03 10:00:00,218.99965635750362,98.1,-9.95,218.99965635750362,0.0,23.344165653436775,23.344165653436775,699.8405720896191,20.413078018329283,20.41251237017724,68.19566721036043,43.851393357067536,9.599758431465192,42.046126387403,0.2599837515198448,8.18348006524325,PCM Storage + DSM
2024-01-03 11:00:00,221.46775288063384,98.2,-9.95,221.46775288063384,0.0,22.98740867953542,22.98740867953542,703.4297360927983,20.417287028750295,20.416722880872992,68.96422316124134,44.34559263244136,9.707946411308008,42.51998054806177,0.26051888698069686,8.275706779348958,PCM Storage + DSM
2024-01-03 12:00:00,221.76144990021592,95.3,-9.95,221.76144990021592,0.0,22.944955534381656,22.944955534381656,732.1802562478729,20.42148487556722,20.420922223985468,69.05567930569939,44.40440105135718,9.720820497445509,42.57636795163282,0.2605825666984275,8.286681516683926,PCM Storage + DSM
2024-01-03 13:00:00,216.10039882815747,98.0,-9.8,216.10039882815747,0.0,23.763245836499646,23.763245836499646,695.4042960580266,20.425671588389402,20.425110429134552,67.29284934791747,43.27086056319294,9.472670689067572,41.489492872373546,0.25935513124525056,8.075141921750095,PCM Storage + DSM
2024-01-03 14:00:00,205.3386380010561,96.9,-9.7,205.3386380010561,0.0,25.31883055149996,25.31883055149996,685.2872689378839,20.429847196747655,20.429287525861596,63.94167760560002,41.11597952322672,9.000933399814796,39.423323621639,0.2570217541727501,7.673001312672002,PCM Storage + DSM
2024-01-03 15:00:00,201.0944041907663,92.8,-9.45,201.0944041907663,0.0,25.932323580033714,25.932323580033714,718.4301164020899,20.434011730094472,20.43345354362959,62.62003920075708,40.26613542114027,8.814889184115536,38.60846576216447,0.25610151462994946,7.514404704090849,PCM Storage + DSM
2024-01-03 16:00:00,191.33043545784247,97.2,-9.75,191.33043545784247,0.0,27.343680026501804,27.343680026501804,654.3033330774475,20.438165217804233,20.437608511823377,59.579576154203885,38.311047268241076,8.386889694402017,36.733864357690166,0.2539844799602473,7.149549138504465,PCM Storage + DSM
2024-01-03 17:00:00,193.7584975263102,95.1,-9.95,193.7584975263102,0.0,26.992709929557382,26.992709929557382,679.6227898941122,20.4423076891734,20.44175245974987,60.335665526860346,38.79723024510356,8.49332278065236,37.20003223349996,0.2545109351056639,7.240279863223241,PCM Storage + DSM
2024-01-03 18:00:00,193.08505917125078,93.7,-10.1,193.08505917125078,0.0,27.09005370335574,27.09005370335574,692.4849864983129,20.44643917342073,20.44588541663823,60.12595936242074,38.66238432479199,8.463802891742123,37.07073762791972,0.2543649194449664,7.215115123490487,PCM Storage + DSM
2024-01-03 19:00:00,199.6662478013021,97.3,-10.1,199.6662478013021,0.0,26.13875989522164,26.13875989522164,670.2887414530105,20.450559699687478,20.450007411640115,62.17531668621002,39.980168544975086,8.752286545512172,38.334271523455875,0.25579186015716754,7.461038002345202,PCM Storage + DSM
2024-01-03 20:00:00,226.61261151482876,96.5,-10.1,226.61261151482876,0.0,22.243732660269472,22.243732660269472,729.0406375343882,20.45466929703762,20.45411847382984,70.56631274027316,45.3757733344891,9.933469139853681,43.507750939927355,0.2616344010095958,8.46795752883278,PCM Storage + DSM
2024-01-03 21:00:00,225.71117846148732,99.2,-10.2,225.71117846148732,0.0,22.374032478477908,22.374032478477908,701.8524268364869,20.458767994458036,20.458218632204648,70.2856098864854,45.19527489871709,9.893955198607632,43.33468323415569,0.2614389512822831,8.434273186378249,PCM Storage + DSM
2024-01-03 22:00:00,233.86854517070765,97.2,-10.3,233.86854517070765,0.0,21.194906202454412,21.194906202454412,735.0720179333649,20.46285582085875,20.462307915684832,72.82578312085221,46.828665116188134,10.251529959901124,44.90083031104593,0.2632076406963184,8.739093974502264,PCM Storage + DSM
2024-01-03 23:00:00,226.66061301285652,98.3,-10.35,226.66061301285652,0.0,22.23679416778402,22.23679416778402,711.8724886992483,20.46693280507306,20.466386353113997,70.58126022576033,45.38538491382559,9.935573265463189,43.51696683134212,0.26164480874832396,8.469751227091239,PCM Storage + DSM
2024-01-04 00:00:00,234.0831981765849,97.8,-10.35,234.0831981765849,0.0,21.163878665201345,21.163878665201345,729.6885004724177,20.470998975857807,20.47045397325921,69.64584718379957,44.783892664650544,9.80389716925658,49.3890805103289,0.26325418200219797,8.357501662055949,PCM Storage + DSM
2024-01-04 01:00:00,220.05250268767458,98.7,-10.35,220.05250268767458,0.0,23.191979437373167,23.191979437373167,696.1999741092835,20.475054361893594,20.474510804811317,65.47134990456333,42.099594237081426,9.21626210250283,46.42875206934891,0.26021203084394023,7.856561988547599,PCM Storage + DSM
2024-01-04 02:00:00,215.4668958575744,95.6,-10.45,215.4668958575744,0.0,23.854817053680442,23.854817053680442,717.444951069749,20.479098991784923,20.478556876385003,64.10701245949294,41.22229366326332,9.024207234100745,45.4612374989538,0.25921777441947935,7.692841495139152,PCM Storage + DSM
2024-01-04 03:00:00,203.87249094850898,96.6,-9.8,203.87249094850898,0.0,25.530758318853934,25.530758318853934,685.2952533988298,20.483132894060436,20.482592216519084,60.65737507084658,39.00409693234553,8.538609146101916,43.014940618255835,0.2567038625217191,7.278885008501589,PCM Storage + DSM
2024-01-04 04:00:00,215.95583024261325,96.1,-9.9,215.95583024261325,0.0,23.784142851918855,23.784142851918855,713.3984660177131,20.487156097173077,20.486616853676644,64.25248317131069,41.31583469991269,9.044684835529527,45.56439748606546,0.2593237857221217,7.710297980557281,PCM Storage + DSM
2024-01-04 05:00:00,218.00810481929327,97.8,-10.1,218.00810481929327,0.0,23.487491865731954,23.487491865731954,700.8280827350403,20.491168629500383,20.490630816245332,64.86308830085454,41.70846793918985,9.130638415579611,45.99740572880353,0.25976876220140205,7.783570596102545,PCM Storage + DSM
2024-01-04 06:00:00,215.30709780624392,97.3,-10.25,215.30709780624392,0.0,23.877915449020218,23.877915449020218,700.5391522166619,20.495170519344587,20.49463413253748,64.05946837794448,41.19172171775613,9.017514555278451,45.427521799219555,0.25918312682646966,7.687136205353338,PCM Storage + DSM
2024-01-04 07:00:00,207.4376100641242,95.8,-10.3,207.4376100641242,0.0,25.015429564340046,25.015429564340046,700.0832312622218,20.499161794932864,20.498626830790315,61.71809084648662,39.68616174115749,8.687923840526397,43.76714306764822,0.25747685565348993,7.406170901578394,PCM Storage + DSM
2024-01-04 08:00:00,219.81429277291704,96.3,-10.3,219.81429277291704,0.0,23.22641206492471,23.22641206492471,718.6149894986485,20.503142484417506,20.50260893916617,65.40047625173347,42.05402083695166,9.206285369754934,46.378492295260195,0.2601603819026129,7.848057150208016,PCM Storage + DSM
2024-01-04 09:00:00,211.53198681709796,99.8,-10.35,211.53198681709796,0.0,24.423597986152657,24.423597986152657,670.411447417496,20.507112615876164,20.5065804857527,62.936274551561425,40.469482075389664,8.859404959081813,44.63101328416711,0.258364603020771,7.55235294618737,PCM Storage + DSM
2024-01-04 10:00:00,222.3281575099762,94.4,-10.6,222.3281575099762,0.0,22.86303941398272,22.86303941398272,742.4458100824764,20.511072217311998,20.51054149856304,66.14841647419185,42.534963721510934,9.311571317535588,46.9088911827405,0.2607054408790259,7.937809976903021,PCM Storage + DSM
2024-01-04 11:00:00,220.91807255668107,98.8,-10.8,220.91807255668107,0.0,23.06686354977599,23.06686354977599,696.8608690493023,20.515021316653904,20.514492005536056,65.72887948077089,42.265191718700336,9.25251399095381,46.611378162467425,0.260399704675336,7.887465537692506,PCM Storage + DSM
2024-01-04 12:00:00,241.60634219059358,99.9,-10.95,241.60634219059358,0.0,20.076427640693666,20.076427640693666,723.066009655993,20.518959941756695,20.518432034536474,71.88417843705813,46.22319149792227,10.118982279496787,50.976384376189365,0.2648853585389595,8.626101412446975,PCM Storage + DSM
2024-01-04 13:00:00,252.50295717870105,98.7,-10.9,252.50295717870105,0.0,18.501350105235282,18.501350105235282,752.1426008053282,20.52288812040133,20.522361613355173,75.12620515317442,48.30788975835573,10.575355456506257,53.27545495934039,0.2672479748421471,9.01514461838093,PCM Storage + DSM
2024-01-04 14:00:00,247.4327531335332,101.0,-10.8,247.4327531335332,0.0,19.23423499659374,19.23423499659374,722.9137065075245,20.526805880295033,20.526280769709235,73.61768741729632,47.33787791848252,10.363004636485092,52.205695498852805,0.26614864750510936,8.83412249007556,PCM Storage + DSM
2024-01-04 15:00:00,244.69594063358002,98.4,-10.25,244.69594063358002,0.0,19.629834170478716,19.629834170478716,742.1057232363617,20.530713249071596,20.530189531242314,72.80341442962695,46.81428152969464,10.248381167008928,51.62825699000308,0.26555524874428194,8.736409731555234,PCM Storage + DSM
2024-01-04 16:00:00,224.5242006995589,98.0,-10.6,224.5242006995589,0.0,22.545607046354498,22.545607046354498,710.8523533236123,20.534610254291472,20.534087925524677,66.80179650993163,42.95510221609446,9.403546229778854,47.37223308313883,0.26118158943046826,8.016215581191796,PCM Storage + DSM
2024-01-04 17:00:00,224.66228317348643,97.1,-11.05,224.66228317348643,0.0,22.525647581606854,22.525647581606854,719.6833468145159,20.538496923442054,20.537975980053528,66.84287964171054,42.981519621270955,9.409329414500387,47.40136702557894,0.26121152862758973,8.021145557005264,PCM Storage + DSM
2024-01-04 18:00:00,231.67413264463698,99.3,-11.6,231.67413264463698,0.0,21.512102861886234,21.512102861886234,711.4858880662848,20.542373283937803,20.541853722253087,68.92908745392253,44.322999558928885,9.703000432826137,48.880793147379094,0.2627318457071707,8.271490494470703,PCM Storage + DSM
2024-01-04 19:00:00,238.23230334809776,100.2,-11.85,238.23230334809776,0.0,20.564136235553555,20.564136235553555,714.6489019650083,20.54623936312047,20.54572117947486,70.88031401856449,45.57768342837382,9.977670429203485,50.26449784466951,0.2641537956466697,8.505637682227738,PCM Storage + DSM
2024-01-04 20:00:00,228.87706594219807,98.9,-11.75,228.87706594219807,0.0,21.916411625020324,21.916411625020324,710.2396322279128,20.55009518825931,20.549578378997815,68.09688727194279,43.787875569024244,9.585853390493027,48.29064163870352,0.26212538256246953,8.171626472633134,PCM Storage + DSM
2024-01-04 21:00:00,213.12990174032652,97.6,-11.75,213.12990174032652,0.0,24.192623513630885,24.192623513630885,693.594207751806,20.55394078655121,20.553425348028536,63.41169585229031,40.77518898202175,8.926329000254283,44.96815644269683,0.2587110647295537,7.609403502274836,PCM Storage + DSM
2024-01-04 22:00:00,215.0607680263247,97.1,-12.0,215.0607680263247,0.0,23.913521782096012,23.913521782096012,701.9903131707777,20.55777618512096,20.557262113701483,63.98617885378081,41.14459485640965,9.007197745482337,45.37554881941028,0.25912971732685597,7.678341462453697,PCM Storage + DSM
2024-01-04 23:00:00,207.7951264262215,99.3,-11.85,207.7951264262215,0.0,24.963751498159603,24.963751498159603,667.7832071166587,20.561601411021403,20.56108870307914,61.82446127424176,39.75456038963265,8.702897378472015,43.84257524103327,0.2575543727527606,7.418935352909012,PCM Storage + DSM
2024-01-05 00:00:00,211.07982515826168,95.9,-11.5,211.07982515826168,0.0,24.488956785376626,24.488956785376626,706.1258722576321,20.565416491233616,20.564905143152203,64.87194208383252,41.714161126689106,9.131884743700883,40.45894130383951,0.25826656482193505,7.784633050059902,PCM Storage + DSM
2024-01-05 01:00:00,185.0891559134552,97.2,-11.15,185.0891559134552,0.0,28.245840854759876,28.245840854759876,641.2410018647842,20.56922145266711,20.568711460839765,56.88413373357938,36.57781536813329,8.007458021358895,35.47715320242003,0.2526312387178602,6.826096048029525,PCM Storage + DSM
2024-01-05 02:00:00,209.41395093678676,93.5,-10.9,209.41395093678676,0.0,24.729754598826773,24.729754598826773,727.4544626576118,20.573016322160033,20.57250768298956,64.35996280806117,41.38494659545998,9.05981451445654,40.13963315918049,0.25790536810175985,7.72319553696734,PCM Storage + DSM
2024-01-05 03:00:00,228.31338408892543,101.6,-12.7,228.31338408892543,0.0,21.997890380138706,21.997890380138706,685.1845626663846,20.57680112647936,20.576293836378085,70.1683953853743,45.11990325993657,9.877455163614787,43.76220133216862,0.26200316442979193,8.420207446244916,PCM Storage + DSM
2024-01-05 04:00:00,256.29039928635405,101.9,-12.5,256.29039928635405,0.0,17.953885136791037,17.953885136791037,729.3441644407131,20.580575892321058,20.580069947710832,78.76667477188275,50.64879603267956,11.087816589981008,49.12472432497813,0.2680691722948134,9.45200097262593,PCM Storage + DSM
2024-01-05 05:00:00,265.0972096422418,100.2,-12.65,265.0972096422418,0.0,16.680883460055632,16.680883460055632,758.2633071746802,20.584340646310277,20.58383604362244,81.47330431794235,52.389221513524326,11.4688230507799,50.81277870438533,0.26997867480991655,9.776796518153082,PCM Storage + DSM
2024-01-05 06:00:00,267.865957593713,103.4,-12.75,267.865957593713,0.0,16.280668099187295,16.280668099187295,734.5202332785178,20.588095415001565,20.587592150676926,82.32423384954444,52.936388908988405,11.588606583660107,51.3434812988645,0.2705789978512191,9.878908061945333,PCM Storage + DSM
2024-01-05 07:00:00,271.51117494236206,102.6,-12.8,232.85191983695535,-38.65925510540673,102.6,15.0,0.0,16.827006346715184,17.12461667825473,83.44453195736807,53.65676653725933,11.746308555739361,13.382926955779112,0.1411,0.0,PCM Storage + DSM
2024-01-05 08:00:00,252.5267586789798,101.0,-12.7,252.5267586789798,0.0,18.497909659882282,18.497909659882282,731.2118619220336,16.947168362565883,16.945368085633852,77.60998120667402,49.90501528242904,10.92499130709343,48.40332466345988,0.2672531355101766,9.313197744800881,PCM Storage + DSM
2024-01-05 09:00:00,232.98130243415898,99.2,-12.15,232.98130243415898,0.0,21.32315484704373,21.32315484704373,714.6830713943177,16.96057031741388,16.958774045059556,71.60300396682922,46.04238980185646,10.07940194981152,44.656929353661525,0.2630152677294344,8.592360476019504,PCM Storage + DSM
2024-01-05 10:00:00,228.99364555976044,97.8,-11.45,228.99364555976044,0.0,21.899560342588558,21.899560342588558,720.7421409770266,16.973936451537742,16.972144943454122,70.37746265508983,45.25433835614443,9.906885116679168,43.89259114511802,0.26215065948611715,8.445295518610779,PCM Storage + DSM
2024-01-05 11:00:00,224.457528651931,99.4,-11.4,224.457528651931,0.0,22.555244318532722,22.555244318532722,697.7835368964102,16.987267134518063,16.985480378070804,68.98336109607266,44.35789876775258,9.710640417522377,43.02312629889872,0.2611671335222009,8.27800333152872,PCM Storage + DSM
2024-01-05 12:00:00,227.4596431920734,97.5,-10.95,227.4596431920734,0.0,22.121296420381604,22.121296420381604,720.8691925755433,17.00056246038303,16.998780442969313,69.90601204308348,44.95118469431796,9.840520020878188,43.598559672864965,0.2618180553694276,8.388721445170017,PCM Storage + DSM
2024-01-05 13:00:00,220.82672526052295,97.6,-10.1,220.82672526052295,0.0,23.08006756535886,23.08006756535886,707.9131107942287,17.013822522910683,17.012045231961125,67.86749288295182,43.64036966436733,9.553562032259753,42.32718834656898,0.2603798986519617,8.144099145954218,PCM Storage + DSM
2024-01-05 14:00:00,214.3398090622784,96.7,-9.35,214.3398090622784,0.0,24.017734537111767,24.017734537111767,704.4905306462183,17.027047415630364,17.02527483860891,65.87384497463242,42.358407888503535,9.272920473929862,41.08380205178253,0.25897339819433235,7.90486139695589,PCM Storage + DSM
2024-01-05 15:00:00,214.96380212211574,95.1,-9.3,214.96380212211574,0.0,23.92753795295197,23.92753795295197,721.5295488247701,17.040237231823333,17.038469356227182,66.06561906582341,42.481723070428075,9.299916103185437,41.203406559522826,0.25910869307057205,7.927874287898809,PCM Storage + DSM
2024-01-05 16:00:00,203.24646460682746,96.9,-8.9,203.24646460682746,0.0,25.62124880864952,25.62124880864952,681.1828318586305,17.053392064523464,17.05162887788297,62.46448646066526,40.16611140682137,8.792992357098248,38.957473910995766,0.25656812678702573,7.4957383752798314,PCM Storage + DSM
2024-01-05 17:00:00,198.5935814235735,93.5,-8.05,198.5935814235735,0.0,26.293811047937023,26.293811047937023,705.9219974153069,17.066512006517826,17.064753496396424,61.034498691059255,39.246596153933545,8.591696032717072,38.06562776954786,0.2555592834280945,7.32413984292711,PCM Storage + DSM
2024-01-05 18:00:00,173.60836432974463,92.8,-7.25,173.60836432974463,0.0,29.905359607374145,29.905359607374145,659.4134224330185,17.07959715034743,17.07784330434154,53.355699663025234,34.3089505458995,7.510767892729647,33.27656073718233,0.2501419605889388,6.402683959563027,PCM Storage + DSM
2024-01-05 19:00:00,169.32891334989634,90.4,-6.75,169.32891334989634,0.0,30.523943186752778,30.523943186752778,675.582988896032,17.092647588307827,17.09089839404676,52.04048019140036,33.463233966528094,7.325627256550932,32.456292595134535,0.24921408521987085,6.244857622968043,PCM Storage + DSM
2024-01-05 20:00:00,190.90498286644325,91.8,-6.85,190.90498286644325,0.0,27.405178099054318,27.405178099054318,708.2182172846454,17.105663412449776,17.103918857595655,58.671533306139,37.72715468760633,8.25906644193711,36.59190777997289,0.25389223285141854,7.040583996736679,PCM Storage + DSM
2024-01-05 21:00:00,193.6737241933427,97.8,-8.2,193.6737241933427,0.0,27.004963695750714,27.004963695750714,653.534728884468,17.11864471457987,17.116904786827558,59.52246080178699,38.27432077390478,8.378849688220408,37.12260910468051,0.2544925544563739,7.1426952962144385,PCM Storage + DSM
2024-01-05 22:00:00,198.829703989865,91.4,-7.4,198.829703989865,0.0,26.259680141211735,26.259680141211735,729.1756462193306,17.13159158626124,17.129856273338216,61.107067111246565,39.29325932872321,8.601911334246454,38.11088680386313,0.2556104797881824,7.332848053349587,PCM Storage + DSM
2024-01-05 23:00:00,164.04763483135062,92.6,-6.55,164.04763483135062,0.0,31.287338347739833,31.287338347739833,639.1761765603471,17.144504118814115,17.14277340848042,50.41736536303243,32.4195335422343,7.097144848558683,31.443998135297544,0.24806899247839026,6.0500838435638915,PCM Storage + DSM
2024-01-06 00:00:00,149.16393422555365,88.1,-4.35,205.8303330800279,56.66639885447428,31.198205838852047,33.438738805062094,864.1401671045181,26.63149779560589,25.54985905274311,51.583755725786574,33.169549557874284,7.261335128927811,78.18282509134683,0.24820269124172192,6.190050687094389,PCM Storage + DSM
2024-01-06 01:00:00,147.52382768362253,87.7,-6.3,190.53891550759883,43.01508782397631,32.96647375177238,33.67581196702784,831.6317016801024,33.42641502983859,32.60673736340176,51.01657535700313,32.80483944543842,7.181494359710096,64.2949338740008,0.24555028937234144,6.121989042840375,PCM Storage + DSM
2024-01-06 02:00:00,146.3438975778623,91.6,-5.7,179.07200973300695,32.72811215514465,34.292483027606366,33.846367814419196,746.4777923758402,38.57566237599857,37.95450341424804,50.6085328454869,32.542458660692816,7.124055086797916,53.83775701533688,0.24356127545859046,6.073023941458428,PCM Storage + DSM
2024-01-06 03:00:00,161.72226822593012,87.8,-4.25,161.72226822593012,0.0,31.62346408090562,31.62346408090562,687.7263184811644,38.3088061954287,38.31461774712368,55.926669022902345,35.96214338527994,7.872677758841631,23.32792623906828,0.24756480387864158,6.7112002827482815,PCM Storage + DSM
2024-01-06 04:00:00,162.35201042522678,89.2,-4.2,162.35201042522678,0.0,31.53243647349498,31.53243647349498,672.5535109641066,38.26554959652024,38.27134734724201,56.144445980498666,36.10217901250247,7.903333756068189,23.418764561681332,0.24770134528975754,6.73733351765984,PCM Storage + DSM
2024-01-06 05:00:00,175.05342899319993,91.0,-4.7,175.05342899319993,0.0,29.696479244878336,29.696479244878336,682.1595772382306,38.22240830252571,38.22819067581438,60.536840671500684,38.92659052211466,8.521641776124685,25.250904060685105,0.2504552811326825,7.264420880580082,PCM Storage + DSM
2024-01-06 06:00:00,187.30569595465764,91.7,-6.15,187.30569595465764,0.0,27.925445720201825,27.925445720201825,701.6238258258801,38.17938143265563,38.18514846929278,64.77391010325269,41.651124292857446,9.118084991156172,27.018254859518578,0.2531118314196973,7.772869212390322,PCM Storage + DSM
2024-01-06 07:00:00,178.64610091212938,94.4,-8.05,18.287776037264763,-160.35832487486462,94.4,15.0,0.0,22.543941563855224,23.78139839503841,61.77925568040437,0.0,0.0,0.0,0.15339999999999998,0.0,PCM Storage + DSM
2024-01-06 08:00:00,186.25105285747694,91.0,-7.05,186.25105285747694,0.0,28.07789165429315,28.07789165429315,707.1250887306894,22.982286574709715,22.982639896067226,64.40919424760494,41.416603551235625,9.06674471906024,26.86612592483654,0.25288316251856024,7.729103309712593,PCM Storage + DSM
2024-01-06 09:00:00,180.2957990474033,94.0,-7.25,180.2957990474033,0.0,28.93870820185743,28.93870820185743,662.0087072301109,22.97968237981671,22.980031581319487,62.34975300653804,40.09233513870996,8.776841573790687,26.007099378026993,0.2515919376972139,7.4819703607845645,PCM Storage + DSM
2024-01-06 10:00:00,172.81367237151454,92.9,-7.6,172.81367237151454,0.0,30.020230276144556,30.020230276144556,656.5501920092366,22.977083957594992,22.977432232898625,59.76228977849777,38.42853636011976,8.412609901082423,24.92782624439361,0.24996965458578316,7.171474773419732,PCM Storage + DSM
2024-01-06 11:00:00,176.97406249824763,90.0,-7.75,176.97406249824763,0.0,29.418856635384383,29.418856635384383,697.8674312746725,22.974492427193866,22.974839778763126,61.20103265649708,39.353681350463695,8.61513866337432,25.527949375653375,0.2508717150469234,7.344123918779649,PCM Storage + DSM
2024-01-06 12:00:00,191.04229338769062,95.5,-8.2,191.04229338769062,0.0,27.385330218071573,27.385330218071573,670.0228957651373,22.971907770336976,22.972254200621894,66.06609732150959,42.48203059991019,9.299983426216995,27.557247233661577,0.25392200467289266,7.9279316785811496,PCM Storage + DSM
2024-01-06 13:00:00,223.24708011694548,96.3,-8.4,223.24708011694548,0.0,22.73021152599715,22.73021152599715,724.9149494519202,22.96932996879357,22.969675480237676,77.2031316218448,49.64340157717013,10.867719959923312,32.202685970122026,0.2609046827110043,9.264375794621376,PCM Storage + DSM
2024-01-06 14:00:00,239.4048260611764,96.9,-8.4,239.4048260611764,0.0,20.394651107630757,20.394651107630757,747.5528075450891,22.96675900438122,22.967103599421563,82.79079075804196,53.23639580612562,11.654282803269364,34.53338977307666,0.26440802333855384,9.934894890965035,PCM Storage + DSM
2024-01-06 15:00:00,239.6751906162986,99.6,-9.55,239.6751906162986,0.0,20.355570609914544,20.355570609914544,722.5287203554668,22.96419485896572,22.964538540032894,82.88428801822582,53.29651670972325,11.667444212908487,34.57238900595124,0.2644666440851282,9.946114562187098,PCM Storage + DSM
2024-01-06 16:00:00,235.20978578964306,97.0,-9.4,235.20978578964306,0.0,21.001033337272418,21.001033337272418,739.3472724655685,22.961637514460975,22.96198028397912,81.340065193916,52.303545671095684,11.450067263842183,33.92826846790466,0.2634984499940914,9.76080782326992,PCM Storage + DSM
2024-01-06 17:00:00,229.0017018785519,96.8,-9.55,229.0017018785519,0.0,21.898395822527903,21.898395822527903,730.3791496452776,22.95908695282886,22.959428813215684,79.19319044394678,50.923055487476596,11.147856290251388,33.03277197782599,0.26215240626620817,9.503182853273612,PCM Storage + DSM
2024-01-06 18:00:00,216.2037268324256,99.0,-10.45,216.2037268324256,0.0,23.74831004052226,23.74831004052226,686.3532498062672,22.95654315607909,22.956884109745893,74.76740466676394,48.07717273614727,10.524847878304726,31.186704511913447,0.2593775349392166,8.972088560011672,PCM Storage + DSM
2024-01-06 19:00:00,196.81124013519585,94.7,-9.85,196.81124013519585,0.0,26.551443874911964,26.551443874911964,689.9125022759283,22.954006106269087,22.954346155620772,68.06110999909423,43.76486995401815,9.580817100201688,28.389399575322443,0.25517283418763204,8.167333199891306,PCM Storage + DSM
2024-01-06 20:00:00,181.8724291073421,92.8,-9.4,181.8724291073421,0.0,28.71081040131586,28.71081040131586,677.9268942891706,22.95147578550387,22.95181493293897,62.89498198768596,40.44293000052485,8.853592293051321,26.234523282898078,0.2519337843980262,7.547397838522316,PCM Storage + DSM
2024-01-06 21:00:00,203.52305724468115,95.7,-10.05,203.52305724468115,0.0,25.581268057670243,25.581268057670243,693.3944166298473,22.94895217593591,22.94929042384658,70.38218537196767,45.2573751724701,9.907549923448016,29.35755798775241,0.2566280979134946,8.44586224463612,PCM Storage + DSM
2024-01-06 22:00:00,217.28381637793888,99.6,-10.7,217.28381637793888,0.0,23.592185888087936,23.592185888087936,682.9201289625113,22.946435259765053,22.946772610537113,75.14092039338378,48.31735199860003,10.577426889444,31.342504016370825,0.2596117211678681,9.016910447206053,PCM Storage + DSM
2024-01-06 23:00:00,226.64190561324142,96.5,-10.85,226.64190561324142,0.0,22.239498274051215,22.239498274051215,729.0933044657795,22.94392501923831,22.944261475251253,78.37712753474291,50.39830813768933,11.032980857343452,32.692378822200155,0.26164075258892316,9.40525530416915,PCM Storage + DSM
2024-01-07 00:00:00,217.94876149613387,97.8,-10.4,217.94876149613387,0.0,23.496069789728516,23.496069789728516,700.71819664962,22.9414214366498,22.9417570002768,69.00199678753116,44.36988194894365,9.713263724009767,45.98362270550643,0.2597558953154072,8.280239614503738,PCM Storage + DSM
2024-01-07 01:00:00,222.97308071932315,97.4,-9.95,222.97308071932315,0.0,22.769817430802917,22.769817430802917,713.7378138461204,22.938924494340608,22.939259167948553,70.59268285758797,45.39272993062704,9.937181204950878,47.04367185616543,0.26084527385379563,8.471121942910557,PCM Storage + DSM
2024-01-07 02:00:00,207.04683974686634,97.0,-10.05,207.04683974686634,0.0,25.071914403797855,25.071914403797855,687.6554361204201,22.936434174698647,22.936767960648144,65.55047742877481,42.15047506766067,9.227400715097778,43.68349558827954,0.2573921283943032,7.866057291452978,PCM Storage + DSM
2024-01-07 03:00:00,208.0202249532683,94.5,-10.15,208.0202249532683,0.0,24.931214087816745,24.931214087816745,714.3185253630292,22.93395046015853,22.934283360803928,65.85864858985006,42.348636261156,9.270781311298135,43.888863940781526,0.2576031788682749,7.903037830782008,PCM Storage + DSM
2024-01-07 04:00:00,207.0150276391097,98.2,-10.8,207.0150276391097,0.0,25.076512761759272,25.076512761759272,676.3099148338351,22.931473333201488,22.931805350890887,65.54040580027754,42.14399877728847,9.22598295346364,43.67678375403691,0.2573852308573611,7.864848696033305,PCM Storage + DSM
2024-01-07 05:00:00,237.69165049649357,97.6,-11.4,237.69165049649357,0.0,20.64228620799662,20.64228620799662,737.8405932859246,22.929002776355198,22.929333913430465,75.25254280590606,48.38912779491097,10.593139738068912,50.14904926116656,0.26403657068800507,9.030305136708728,PCM Storage + DSM
2024-01-07 06:00:00,246.1429579432541,101.5,-11.55,246.1429579432541,0.0,19.42067155801837,19.42067155801837,716.3980529169582,22.92653877219368,22.926869030990485,77.92820421039701,50.10964004353709,10.96978687971614,51.93213685630743,0.2658689926629724,9.35138450524764,PCM Storage + DSM
2024-01-07 07:00:00,245.5581585520035,100.1,-11.25,190.72121291315614,-54.836945638847354,100.1,15.0,0.0,17.586969499414895,18.009515427002754,77.74305828233842,49.99058692400807,7.91553239693482,0.0,0.14485,0.0,PCM Storage + DSM
2024-01-07 08:00:00,242.56113975491726,97.4,-11.15,242.56113975491726,0.0,19.9384141203373,19.9384141203373,748.0585937908872,17.749428190465547,17.747914195480675,76.79421012193085,49.38045558252834,10.81015695369159,51.176431822511574,0.26509237881949405,9.2153052146317,PCM Storage + DSM
2024-01-07 09:00:00,232.19367036306457,100.3,-10.55,232.19367036306457,0.0,21.437005027374163,21.437005027374163,703.3603563077944,17.760702417158907,17.75919134675537,73.51189695455761,47.269852200944314,10.348112738976239,48.98906540825325,0.26284449245893876,8.821427634546913,PCM Storage + DSM
2024-01-07 10:00:00,217.4095858484219,97.4,-10.25,217.4095858484219,0.0,23.57400623616663,23.57400623616663,703.509818567525,17.77194635221788,17.77043928963999,68.83129521503336,44.26011688455649,9.689234428207218,45.86986546556531,0.2596389906457501,8.259755425804004,PCM Storage + DSM
2024-01-07 11:00:00,199.39573422513135,93.7,-10.1,199.39573422513135,0.0,26.17786193354529,26.17786193354529,705.4568476120797,17.783160464864675,17.78165739948524,63.128157820222306,40.592867460955766,8.886415957016656,42.06923750680969,0.25573320709968206,7.575378938426676,PCM Storage + DSM
2024-01-07 12:00:00,208.6491847713244,96.3,-9.95,208.6491847713244,0.0,24.84029957159245,24.84029957159245,697.5193773110641,17.79434483419862,17.792845755415826,66.05777559129332,42.476679534658494,9.298811994026712,44.02156417166093,0.25773955064261134,7.926933070955198,PCM Storage + DSM
2024-01-07 13:00:00,214.4536286249037,98.9,-9.7,214.4536286249037,0.0,24.0012822134881,24.0012822134881,684.0058122425131,17.805499539108197,17.804004436348354,67.89544703933771,43.65834483431267,9.557497079154041,45.24620685531766,0.2589980766797679,8.147453644720526,PCM Storage + DSM
2024-01-07 14:00:00,216.45273124014153,94.6,-9.65,216.45273124014153,0.0,23.71231709691073,23.71231709691073,729.4458626193917,17.816624658272694,17.815133520990152,68.52835759724897,44.06532098060062,9.646590546718926,45.66798479880149,0.2594315243546339,8.223402911669876,PCM Storage + DSM
2024-01-07 15:00:00,194.93976319007842,97.0,-10.5,194.93976319007842,0.0,26.821961030707577,26.821961030707577,663.5902278143207,17.82772027016271,17.826233087839796,61.71740927118084,39.6857234724513,8.687827896626207,41.12910052481462,0.25476705845393866,7.4060891125417,PCM Storage + DSM
2024-01-07 16:00:00,197.05924445025562,95.4,-10.95,197.05924445025562,0.0,26.515595492109252,26.515595492109252,683.4026853046705,17.838786453040704,17.837303215187628,62.38843138712241,40.11720623317682,8.78228624682226,41.57627639280462,0.2552266067618361,7.486611766454688,PCM Storage + DSM
2024-01-07 17:00:00,191.14452263381182,96.0,-11.2,191.14452263381182,0.0,27.37055324474471,27.37055324474471,665.3530248697108,17.84982328496157,17.848343981116365,60.515846230061825,38.91309061006002,8.518686433440012,40.328366863297134,0.25394417013288295,7.261901547607419,PCM Storage + DSM
2024-01-07 18:00:00,187.93301107330967,96.0,-10.7,187.93301107330967,0.0,27.83476894102585,27.83476894102585,658.6291331145396,17.860830843773165,17.859355463501632,59.49909023264444,38.259292956708016,8.37555986311345,39.65079046919993,0.2532478465884612,7.139890827917333,PCM Storage + DSM
2024-01-07 19:00:00,185.5087461239847,94.0,-9.7,185.5087461239847,0.0,28.18519017421141,28.18519017421141,673.3510400358904,17.871809207116886,17.87033774001248,58.73157441334296,37.765762510028146,8.267518300371721,39.1393102295202,0.2527222147386829,7.047788929601156,PCM Storage + DSM
2024-01-07 20:00:00,197.20559644694745,94.1,-9.05,197.20559644694745,0.0,26.494440689217676,26.494440689217676,696.847267457455,17.882758452428178,17.88129088811197,62.434766039066545,40.14700048743931,8.788808676822066,41.60715426956739,0.2552583389661735,7.492171924687986,PCM Storage + DSM
2024-01-07 21:00:00,197.6920450613812,96.3,-7.6,197.6920450613812,0.0,26.424125799172863,26.424125799172863,675.8692935293718,17.89367865693712,17.892214985057706,62.588774373411,40.24603141309582,8.810488101140601,41.70978696818052,0.2553638113012407,7.510652924809319,PCM Storage + DSM
2024-01-07 22:00:00,197.5028968307241,92.0,-6.75,197.5028968307241,0.0,26.451466687082082,26.451466687082082,719.7990471106286,17.90456989766894,17.903110107902357,62.52889054789818,40.207524726443886,8.802058382913756,41.66987978626196,0.2553227999693769,7.5034668657477805,PCM Storage + DSM
2024-01-07 23:00:00,178.69262547766104,91.4,-5.25,178.69262547766104,0.0,29.170442798142382,29.170442798142382,685.9788014782596,17.91543225144459,17.913976333494272,56.57360879008158,36.3781406380291,7.9637460882337585,37.70122029515129,0.25124433580278643,6.788833054809789,PCM Storage + DSM
2024-01-08 00:00:00,151.69341381288515,89.4,-3.35,151.69341381288515,0.0,33.07310906786806,33.07310906786806,643.3565411709258,17.926265794881246,17.92481373847793,96.54330504106517,56.801936830893496,0.0,0.0,0.2453903363981979,11.58519660492782,PCM Storage + DSM
2024-01-08 01:00:00,118.07693882248131,82.1,-0.8,173.57450251465048,55.49756369216916,34.92820339618717,37.93228364974245,879.0311957161932,27.215777014855068,26.15666389949356,75.14853569790057,44.2141728608797,0.0,55.497563692169166,0.24260769490571923,9.017824283748068,PCM Storage + DSM
2024-01-08 02:00:00,100.71606243433938,79.2,1.7,142.8465969113372,42.13053447699782,38.48151486990899,40.44175346442124,838.0676214651996,33.869186955797616,33.06657945579602,64.0994311732436,37.71335401092891,0.0,42.13053447699782,0.23727772769513653,7.122146178174023,PCM Storage + DSM
2024-01-08 03:00:00,96.52214600728725,81.7,1.95,128.57993584058627,32.05778983329902,40.13128205966935,41.04797324524759,738.9368935233613,38.91119884488199,38.30297580574345,61.43026747815352,36.14293265923258,0.0,32.057789833299026,0.23480307691049598,6.21749913052823,PCM Storage + DSM
2024-01-08 04:00:00,107.72228813490304,78.7,2.35,132.14686339854998,24.42457526364694,39.718809931524035,39.42902164620495,809.8461867394692,42.73207990383045,42.27116312279454,68.55845261652404,40.33685083694995,0.0,24.424575263646943,0.23542178510271394,7.108629902800531,PCM Storage + DSM
2024-01-08 05:00:00,114.20877458212588,80.8,2.5,132.84883255194677,18.640057969820894,39.63763566995332,38.491416793851585,771.006795708208,45.627577254450394,45.278290454428145,72.68669275548898,42.7657301413875,0.0,18.640057969820887,0.23554354649507003,7.572077049401785,PCM Storage + DSM
2024-01-08 06:00:00,107.3684937554181,82.5,2.5,121.62499352479135,14.256499769373253,40.93553720965663,39.48016170941782,699.0390455946434,47.82181067289505,47.55711805659328,68.3332847740852,40.20437174316795,0.0,14.25649976937325,0.23359669418551507,6.586425063571372,PCM Storage + DSM
2024-01-08 07:00:00,98.99661964254506,77.4,2.25,1.4210854715202004e-14,-98.99661964254504,77.4,33.51210514916417,0.0,38.10967664019937,38.87001540958566,63.00511411770141,0.0,0.0,0.0,0.1789,0.0,PCM Storage + DSM
2024-01-08 08:00:00,83.55054673911333,79.4,2.2,83.55054673911333,0.0,42.92298439582671,42.92298439582671,547.1807032019443,38.33517170844395,38.34099622206429,53.17466142684191,31.28568840777588,0.0,0.0,0.23061552340625993,4.49124323191371,PCM Storage + DSM
2024-01-08 09:00:00,91.7003165896257,79.7,2.2,91.7003165896257,0.0,41.74495622609622,41.74495622609622,577.167827183388,38.29184644686824,38.297653570942686,58.361476707187705,34.337387888981716,0.0,0.0,0.23238256566085566,5.341841291266885,PCM Storage + DSM
2024-01-08 10:00:00,89.15469443846045,79.1,2.2,89.15469443846045,0.0,42.11291932917379,42.11291932917379,575.8308618889571,38.24863540545495,38.25442712722608,56.741348517822885,33.38417400189647,0.0,0.0,0.2318306210062393,5.068278196537766,PCM Storage + DSM
2024-01-08 11:00:00,86.49076107529316,78.7,2.35,86.49076107529316,0.0,42.497984012184276,42.497984012184276,570.7392482280104,38.2055389731547,38.21131533347923,55.045922692634655,32.38665821783621,0.0,0.0,0.2312530239817236,4.789661105715936,PCM Storage + DSM
2024-01-08 12:00:00,90.40232946342421,79.1,2.25,90.40232946342421,0.0,41.9325769106873,41.9325769106873,581.0559410066079,38.16255684599028,38.16831788561153,57.53538964174122,33.851353717183365,0.0,0.0,0.23210113463396906,5.201460350043445,PCM Storage + DSM
2024-01-08 13:00:00,96.95196218184435,79.7,2.4,96.95196218184435,0.0,40.985844428026795,40.985844428026795,598.2567235038181,38.11968872078894,38.125434480342186,61.70381840570425,36.30387828358384,0.0,0.0,0.23352123335795982,5.928807284002389,PCM Storage + DSM
2024-01-08 14:00:00,109.31097931437354,80.0,2.4,109.31097931437354,0.0,39.199380442005676,39.199380442005676,640.0262747064314,38.07693429518201,38.08266481519473,69.56955450486879,40.93173978929031,0.0,0.0,0.2362009293369915,7.430287035361918,PCM Storage + DSM
2024-01-08 15:00:00,110.74354287949157,81.5,2.3,110.74354287949157,0.0,38.99230708096684,38.99230708096684,622.3743055796675,38.03429326760285,38.040008588495056,70.48129099877158,41.46816640852671,0.0,0.0,0.23651153937854974,7.6152326690573675,PCM Storage + DSM
2024-01-08 16:00:00,120.49474993907921,80.5,1.8,120.49474993907921,0.0,37.582795301398384,37.582795301398384,670.7141568827864,37.991765337284626,37.997465499369106,76.6873202126279,45.11952762126126,0.0,0.0,0.23862580704790243,8.934320366134829,PCM Storage + DSM
2024-01-08 17:00:00,108.67141021199623,82.5,1.8,108.67141021199623,0.0,39.2918285028601,39.2918285028601,600.8280376609032,37.949350204258224,37.95503524774085,69.16250904789321,40.69225171371019,0.0,0.0,0.23606225724570984,7.348449428355497,PCM Storage + DSM
2024-01-08 18:00:00,98.38483694169443,79.7,1.7,98.38483694169443,0.0,40.778726084593686,40.778726084593686,603.8678379191416,37.90704756935018,37.912717534330184,62.61575295545659,36.84042143038111,0.0,0.0,0.23383191087310948,6.094243680659242,PCM Storage + DSM
2024-01-08 19:00:00,85.84033906940061,78.4,1.85,85.84033906940061,0.0,42.592000832193726,42.592000832193726,572.6801706060288,37.86485713418051,37.870512060650775,54.63197004603021,32.14310624835054,0.0,0.0,0.2311119987517094,4.722824273752924,PCM Storage + DSM
2024-01-08 20:00:00,93.80170350297911,79.9,1.9,93.80170350297911,0.0,41.44120617856848,41.44120617856848,582.6608554691886,37.822778601160636,37.828418529007955,59.698877143276704,35.124256901349,0.0,0.0,0.2328381907321473,5.573055125059278,PCM Storage + DSM
2024-01-08 21:00:00,110.47018991454003,80.9,2.15,110.47018991454003,0.0,39.03181954560067,39.03181954560067,630.3210185924781,37.78081167349125,37.78643664249664,70.3073190509074,41.36580878166976,0.0,0.0,0.236452270681599,7.579767575830391,PCM Storage + DSM
2024-01-08 22:00:00,122.59286211756384,81.4,2.3,122.59286211756384,0.0,37.27951860833274,37.27951860833274,663.782377200607,37.73895605516028,37.74456610499923,78.02263648619842,45.905170401859614,0.0,0.0,0.2390807220875009,9.23186370572937,PCM Storage + DSM
2024-01-08 23:00:00,118.86269008648654,81.2,3.15,144.73771055988857,25.875020473402035,38.262830397486475,37.81870533521602,805.2839849639469,42.02354202930132,41.53531041691438,75.64861689497108,70.38341964603099,0.0,0.0,0.2376057544037703,8.50464578973986,PCM Storage + DSM
2024-01-09 00:00:00,115.82535713636265,79.4,3.05,135.53808575397773,19.712728617615085,39.326655989727755,38.25774396351196,807.9910292781612,45.09064138818477,44.72065412351338,85.01160587167095,35.48493399228132,0.0,19.712728617615056,0.23601001601540836,9.014636132614323,PCM Storage + DSM
2024-01-09 01:00:00,114.54722367505259,80.0,3.15,129.61660266159214,15.06937898653955,40.01140405180702,38.44249485215254,774.3285180451833,47.41491593991698,47.13453632901059,84.07350232724274,35.09335754797546,0.0,15.069378986539531,0.23498289392228947,8.569744565921932,PCM Storage + DSM
2024-01-09 02:00:00,104.2128621300756,80.8,3.35,115.76346988750254,11.550607757426933,41.61335168431526,39.93630010548702,705.722871458253,49.17627168557395,48.96379754465663,76.48845625168765,31.92726208889441,0.0,11.550607757426915,0.2325799724735271,7.0614058593261335,PCM Storage + DSM
2024-01-09 03:00:00,96.26235202571328,76.9,3.5,105.14640392491194,8.884051899198656,42.84108724134154,41.08552579387586,737.5040676630713,50.511042597404554,50.35002782028647,70.65307056256727,29.49149730272487,0.0,8.884051899198637,0.2307383691379877,6.00222397336038,PCM Storage + DSM
2024-01-09 04:00:00,109.10589882531951,78.6,3.0,115.96921118731176,6.863312361992241,41.58956018577747,39.22902429669104,748.5472739003499,51.52254376147211,51.40052534389686,80.07976749247214,33.42632143518353,0.0,6.863312361992226,0.2326156597213338,7.404386623678054,PCM Storage + DSM
2024-01-09 05:00:00,124.45327064235573,83.7,3.05,129.7852487686039,5.331978126248183,39.99190216466965,37.01060136409009,709.3559295315629,52.289068260801194,52.1966016282719,91.34418105728273,38.128232047393986,0.0,5.331978126248156,0.23501214675299553,9.32154460866236,PCM Storage + DSM
2024-01-09 06:00:00,130.80218356294617,80.4,3.0,134.97370310540094,4.171519542454773,39.39192003234253,36.09288240946819,786.2859284563472,52.86994728392458,52.799875254625924,96.0040525764645,40.073322150976885,0.0,4.171519542454756,0.2359121199514862,10.142682209913472,PCM Storage + DSM
2024-01-09 07:00:00,114.71184091768136,79.9,2.95,0.0,-114.71184091768136,79.9,36.28864713908983,0.0,41.64467362504396,42.53078863484757,84.19432540515962,0.0,0.0,0.0,0.17515,0.0,PCM Storage + DSM
2024-01-09 08:00:00,94.07579010658809,80.5,3.0,94.07579010658809,0.0,41.40158766836272,41.40158766836272,574.8036643892211,41.9050523319444,41.912149627792814,69.04821352022002,28.82160940176337,0.0,0.0,0.2328976184974559,6.462255031507942,PCM Storage + DSM
2024-01-09 09:00:00,81.89162794367036,75.7,3.7,81.89162794367036,0.0,43.16277682041945,43.16277682041945,601.2565138049334,41.85225875135912,41.85933496154185,60.10548096770102,25.08879820401009,0.0,0.0,0.23025583476937084,4.990157726796659,PCM Storage + DSM
2024-01-09 10:00:00,64.33046125075062,76.6,3.85,64.33046125075062,0.0,45.70119808102616,45.70119808102616,497.36566504396836,41.7996043896911,41.8066618315588,47.21622235926354,19.708656442892483,0.0,0.0,0.22644820287846076,3.2009204627972534,PCM Storage + DSM
2024-01-09 11:00:00,79.60237797761667,76.6,3.45,79.60237797761667,0.0,43.493681986704146,43.493681986704146,574.401989159872,41.74708968375672,41.75412840709465,58.42525462808549,24.387450192265046,0.0,0.0,0.2297594770199438,4.734660414088247,PCM Storage + DSM
2024-01-09 12:00:00,82.12206922666758,78.8,3.65,82.12206922666758,0.0,43.129467128511706,43.129467128511706,549.9852755844296,41.69471426314773,41.70173431760324,60.27461650080935,25.159397543553897,0.0,0.0,0.23030579930723244,5.016246296944961,PCM Storage + DSM
2024-01-09 13:00:00,90.4856241740126,77.2,3.8,90.4856241740126,0.0,41.920536875537536,41.920536875537536,612.7148342265712,41.642477758436115,41.6494791935249,66.41316210471102,27.721705164137816,0.0,0.0,0.2321191946866937,6.008848973621627,PCM Storage + DSM
2024-01-09 14:00:00,83.82325386074612,77.8,3.95,83.82325386074612,0.0,42.88356528617549,42.88356528617549,573.5026109699188,41.59037980117374,41.59736266628012,61.52322424269583,25.680582420004487,0.0,0.0,0.23067465207073676,5.210931470436007,PCM Storage + DSM
2024-01-09 15:00:00,73.20323249026167,77.3,3.8,73.20323249026167,0.0,44.41866192903147,44.41866192903147,531.8406794141102,41.53842002388967,41.54538436826704,53.72851422912394,22.42697054566693,0.0,0.0,0.22837200710645278,4.055859609404708,PCM Storage + DSM
2024-01-09 16:00:00,80.98392657749105,75.2,3.7,80.98392657749105,0.0,43.293982707048855,43.293982707048855,606.3550652545631,41.48659806008766,41.493543932858735,59.43926112863794,24.810709503401508,0.0,0.0,0.23005902593942673,4.888053245456102,PCM Storage + DSM
2024-01-09 17:00:00,69.17348004784407,79.7,3.55,69.17348004784407,0.0,45.00115223014221,45.00115223014221,476.23942758762445,41.434913544243535,41.44184099440076,50.77082227923518,21.192392013298818,0.0,0.0,0.2274982716547867,3.6551482060742835,PCM Storage + DSM
2024-01-09 18:00:00,76.21736432880243,75.2,3.5,76.21736432880243,0.0,43.98297696145421,43.98297696145421,583.2613751690097,41.38336611180256,41.390275188208435,55.94077753863061,23.35039760843637,0.0,0.0,0.22902553455781868,4.369094340087115,PCM Storage + DSM
2024-01-09 19:00:00,57.4546461305832,76.3,4.0,57.4546461305832,0.0,46.69507938687761,46.69507938687761,463.61985765038935,41.33195539917692,41.33884615056434,42.1696237603576,17.602141499061826,0.0,0.0,0.2249573809196836,2.607327750814348,PCM Storage + DSM
2024-01-09 20:00:00,65.80635389646118,76.0,3.45,65.80635389646118,0.0,45.487861613366796,45.487861613366796,515.2238508517183,41.2806810437432,41.287553518715825,48.29947396329986,20.16081954782532,0.0,0.0,0.2267682075799498,3.3361813696025715,PCM Storage + DSM
2024-01-09 21:00:00,76.25642378686211,77.1,3.2,76.25642378686211,0.0,43.977331017736454,43.977331017736454,549.9863181349805,41.229542683839725,41.236396930872274,55.969445762379074,23.36236409250592,0.0,0.0,0.2290340034733953,4.373229391705295,PCM Storage + DSM
2024-01-09 22:00:00,99.38409094003194,79.3,3.0,99.38409094003194,0.0,40.634286501593266,40.634286501593266,614.0328655537255,41.178539958764055,41.18537602620271,72.94431355788024,30.44789149873254,0.0,0.0,0.2340485702476101,7.162714422157283,PCM Storage + DSM
2024-01-09 23:00:00,94.11389387097371,81.1,3.0,114.84629002124942,20.732396150275697,41.71941246777043,41.39607986769566,696.6835483609441,44.59424542812987,44.20512175124794,69.07618029951853,49.56567924420359,0.0,0.0,0.23242088129834435,6.333147716753187,PCM Storage + DSM
2024-01-10 00:00:00,87.80439039083197,76.3,2.95,103.62527377314169,15.820883382309718,43.01698758714078,42.308102289549964,743.7788762384847,47.038743010610204,46.743860821436726,70.184612030941,28.29615199586559,0.0,15.820883382309717,0.23047451861928883,5.888353807322139,PCM Storage + DSM
2024-01-10 01:00:00,60.9320305979446,78.1,2.9,73.05213496661611,12.120104368671512,46.55240214846394,46.19243244902851,553.1811753539232,48.89120452347809,48.66774020089628,48.704750511207855,19.63617071471859,0.0,12.120104368671505,0.22517139677730408,3.0530858808029695,PCM Storage + DSM
2024-01-10 02:00:00,67.23836432839639,75.3,3.45,76.55398578016812,9.315621451771735,46.14745536049559,45.28086820630003,627.3243049722329,50.29501618887131,50.12567295520055,53.74558712813868,21.668472026523496,0.0,9.315621451771733,0.2257788169592566,3.4996583009069915,PCM Storage + DSM
2024-01-10 03:00:00,70.72184379894281,76.9,3.75,77.91220337250877,7.190359573565949,45.99039388624547,44.777340251492376,602.161232088809,51.35883704463853,51.230507249265614,56.53003394303938,22.79107038560682,0.0,7.1903595735659565,0.22601440917063179,3.7342404438602244,PCM Storage + DSM
2024-01-10 04:00:00,92.45318883185959,78.1,3.7,98.03300621822333,5.5798173863637475,43.66366584512368,41.63613048919472,680.0740182894818,52.16500986757798,52.06776041731372,73.90053231170675,29.7942901493217,0.0,5.579817386363743,0.22950450123231447,5.913373158792935,PCM Storage + DSM
2024-01-10 05:00:00,79.86646377159236,79.6,3.45,84.22579809026566,4.359334318673287,45.26030284650288,43.45550906768491,585.9350126593066,52.77593473986523,52.702238249122615,63.839595595867806,25.73804781508098,0.0,4.359334318673291,0.22710954573024567,4.496745112183298,PCM Storage + DSM
2024-01-10 06:00:00,84.36244337527984,74.5,3.55,87.79688486571456,3.434441490434725,44.84734975504681,42.805626835324134,707.3206996312074,53.23889899388008,53.18305114350131,67.4333633195462,27.186938031959425,0.0,3.434441490434722,0.22772897536742978,4.916964475579804,PCM Storage + DSM
2024-01-10 07:00:00,69.09457085919193,79.1,3.55,1.4210854715202004e-14,-69.09457085919192,79.1,43.25145734331005,0.0,46.45547095588549,46.99053100347477,55.2293071862508,0.0,0.0,0.0,0.17635,0.0,PCM Storage + DSM
2024-01-10 08:00:00,76.7673918598852,76.5,3.55,1.4210854715202004e-14,-76.76739185988518,76.5,35.35894285920582,0.0,39.01131266178135,39.61698806208571,61.362416962646925,0.0,0.0,0.0,0.18025,0.0,PCM Storage + DSM
2024-01-10 09:00:00,72.23337238118383,76.0,3.6,72.23337238118383,0.0,44.558852701304595,44.558852701304595,548.8330828894735,39.17932665559371,39.18545166303032,57.73824285658068,23.278180908427014,0.0,0.0,0.2281617209480431,4.309979904879407,PCM Storage + DSM
2024-01-10 10:00:00,85.20879565789255,78.1,3.7,85.20879565789255,0.0,42.683288800174495,42.683288800174495,574.7473439143698,39.133762290568185,39.13986951013883,68.1098774019545,27.459686498457035,0.0,0.0,0.23097506679973825,5.850656667715825,PCM Storage + DSM
2024-01-10 11:00:00,93.64763715319062,78.8,3.9,93.64763715319062,0.0,41.4634760712633,41.4634760712633,599.1888426181928,39.08831822661108,39.094409247932894,74.85528971791932,30.179217270860242,0.0,0.0,0.23280478589310505,6.9779459993698305,PCM Storage + DSM
2024-01-10 12:00:00,82.78591765371603,77.3,4.1,82.78591765371603,0.0,43.03350955402325,43.03350955402325,577.1485602811591,39.042994694437354,39.0490695604771,66.17320029543951,26.678881302174087,0.0,0.0,0.23044973566896512,5.545244218235773,PCM Storage + DSM
2024-01-10 13:00:00,75.31112974906314,75.6,4.05,75.31112974906314,0.0,44.11397082789446,44.11397082789446,571.4023801004745,38.997791374360645,39.00385012796718,60.198384152801495,24.270029834206944,0.0,0.0,0.2288290437581583,4.654308805839694,PCM Storage + DSM
2024-01-10 14:00:00,69.44183067298789,76.9,4.4,69.44183067298789,0.0,44.96236284079959,44.96236284079959,519.420582435234,38.952707947541114,38.9587506314496,55.5068820910673,22.37856884886697,0.0,0.0,0.22755645573880062,4.009030238704724,PCM Storage + DSM
2024-01-10 15:00:00,83.03682001263826,75.9,4.3,83.03682001263826,0.0,42.99724226646989,42.99724226646989,602.8915338696329,38.90774409598456,38.91377075281683,66.37375387414123,26.759737979756874,0.0,0.0,0.23050413660029517,5.576493572187331,PCM Storage + DSM
2024-01-10 16:00:00,93.43234859447233,77.9,4.5,93.43234859447233,0.0,41.49459547603703,41.49459547603703,613.1012204388634,38.86289950254023,38.86891017480507,74.68320328919877,30.109837621923013,0.0,0.0,0.23275810678594447,6.947959668866334,PCM Storage + DSM
2024-01-10 17:00:00,107.96085176278362,79.0,4.3,107.96085176278362,0.0,39.3945378903356,39.3945378903356,651.1964035575473,38.81817385089854,38.82416858099201,86.29625992246586,34.79184420602516,0.0,0.0,0.2359081931644966,9.115713205624338,PCM Storage + DSM
2024-01-10 18:00:00,102.45618843666276,78.6,4.5,102.45618843666276,0.0,40.1902227479448,40.1902227479448,637.2314218184736,38.773566825588844,38.77954565579453,81.89622185847992,33.01789202130335,0.0,0.0,0.2347146658780828,8.259943483355649,PCM Storage + DSM
2024-01-10 19:00:00,102.62905882248093,76.8,4.55,102.62905882248093,0.0,40.165234780438794,40.165234780438794,669.2335571517589,38.72907811197724,38.73504108446657,82.03440220352056,33.07360184049259,0.0,0.0,0.2347521478293418,8.286179406139938,PCM Storage + DSM
2024-01-10 20:00:00,85.54576287549645,79.0,4.4,85.54576287549645,0.0,42.63458105972362,42.63458105972362,561.9668329541092,38.684707396264294,38.690654553096884,68.37922513421944,27.568278740422418,0.0,0.0,0.23104812841041455,5.89377729518723,PCM Storage + DSM
2024-01-10 21:00:00,101.58447792287875,75.4,4.3,101.58447792287875,0.0,40.31622624987476,40.31622624987476,691.7064530458476,38.640454365482945,38.646385748606825,81.19943820175277,32.73697152194525,0.0,0.0,0.23452566062518787,8.128278333571917,PCM Storage + DSM
2024-01-10 22:00:00,82.90425912884936,80.2,4.35,82.90425912884936,0.0,43.01640359963292,43.01640359963292,532.6307383277181,38.596318707496124,38.60223435874808,66.26779409060661,26.71701844261641,0.0,0.0,0.2304753946005506,5.559972521434039,PCM Storage + DSM
2024-01-10 23:00:00,73.25038947967734,75.2,4.45,97.8435415198009,24.593152040123552,43.68557515112914,44.41184550808335,741.6919312905696,42.66432450362304,42.2007968801003,58.551174307603574,48.19908045950386,0.0,0.0,0.22947163727330627,4.677451260790355,PCM Storage + DSM
2024-01-11 00:00:00,68.59234746896631,73.1,4.7,87.33498120099767,18.74263373203137,44.90076333984432,45.08515344254737,739.8635888384528,45.57623197728844,45.22496566507449,47.03549757438773,19.633219601106806,0.0,18.742633732031365,0.22764885499023352,3.4145616994841745,PCM Storage + DSM
2024-01-11 01:00:00,70.74058561256136,78.9,4.8,85.0748181454288,14.334232532867428,45.16212392268109,44.77463117076992,602.3987565486746,47.782900769212446,47.51670806111871,48.50859849192067,20.248110806685652,0.0,14.334232532867432,0.22725681411597837,3.4454326657906553,PCM Storage + DSM
2024-01-11 02:00:00,87.55686185690789,75.4,4.7,98.55036915083308,10.993507293925195,43.603839065249616,42.34388189941911,740.4305765581215,49.455133833297175,49.25341065240029,60.039941997244725,25.06144139764562,0.0,10.993507293925191,0.2295942414021256,4.825828353049012,PCM Storage + DSM
2024-01-11 03:00:00,65.70938773815544,75.8,5.45,74.17126399482245,8.461876256667015,46.42298838145237,45.50187782095179,603.1548732666436,50.722366791344015,50.569499186507784,45.05857958820913,18.808028693013654,0.0,8.461876256667011,0.22536551742782143,2.859510718918446,PCM Storage + DSM
2024-01-11 04:00:00,91.56126841001915,74.0,5.3,98.10465234828209,6.543383938262937,43.655380834772764,41.76505528110401,772.3402844778271,51.68268709863265,51.56684268003651,62.78586427087653,26.207624552623873,0.0,6.543383938262934,0.22951692874784085,5.0271206859269695,PCM Storage + DSM
2024-01-11 05:00:00,107.89716155050573,80.3,5.0,112.9866950968247,5.089533546318977,41.93445218010021,39.4037441459202,703.5365709856046,52.41042629349417,52.32263837182001,73.98779700152772,30.883454863760193,0.0,5.089533546318975,0.23209832172984968,6.688000162893325,PCM Storage + DSM
2024-01-11 06:00:00,132.5977460231589,79.7,4.75,136.58553892559868,3.9877929024398,39.20553067058118,35.833338496273115,805.7675706942156,52.9619134709683,52.895387010002274,90.92560892836228,37.953514675413366,0.0,3.987792902439793,0.23619170399412823,9.707837756006835,PCM Storage + DSM
2024-01-11 07:00:00,115.77032233649952,79.9,4.25,0.0,-115.77032233649952,79.9,36.22761257256924,0.0,41.633905175241004,42.528259859160684,79.38662134151582,0.0,0.0,0.0,0.17515,0.0,PCM Storage + DSM
2024-01-11 08:00:00,111.35227902911572,78.0,3.8,0.0,-111.35227902911572,78.0,25.5382210189896,0.0,30.876594374636653,31.755594437265703,76.35705794361623,0.0,0.0,0.0,0.178,0.0,PCM Storage + DSM
2024-01-11 09:00:00,99.33168565386899,79.9,3.55,99.33168565386899,0.0,40.641861550272566,40.641861550272566,604.447908522403,31.164368653031133,31.16763749268673,68.11423478028998,28.431754703727886,0.0,0.0,0.23403720767459116,6.685332497599339,PCM Storage + DSM
2024-01-11 10:00:00,108.26082876738785,78.2,3.5,108.26082876738785,0.0,39.3511769895768,39.3511769895768,665.7240671017347,31.140062701508686,31.14332061818363,74.23717275740607,30.98754750082879,0.0,0.0,0.2359732345156348,7.861192336738023,PCM Storage + DSM
2024-01-11 11:00:00,95.88244601105788,79.8,3.8,95.88244601105788,0.0,41.14044022647005,41.14044022647005,592.492662392665,31.115820413859733,31.119069689521055,65.74900441802069,27.44447723236284,0.0,0.0,0.23328933966029494,6.256501593706103,PCM Storage + DSM
2024-01-11 12:00:00,109.66504109882025,77.3,3.7,109.66504109882025,0.0,39.14820172609666,39.14820172609666,686.6793203146618,31.09164242429175,31.09488308186392,75.20007646527081,31.38947585124817,0.0,0.0,0.23627769741085503,8.054739571440724,PCM Storage + DSM
2024-01-11 13:00:00,96.47362778006666,80.8,3.65,96.47362778006666,0.0,41.05498642960244,41.05498642960244,579.864786848281,31.06752856226828,31.070760624609147,66.15439262367752,27.61369146577819,0.0,0.0,0.23341752035559635,6.32899612875568,PCM Storage + DSM
2024-01-11 14:00:00,97.38237058707558,77.3,3.6,97.38237058707558,0.0,40.923630005392596,40.923630005392596,639.5312340759507,31.043478657703176,31.04670214760996,66.77754041890569,27.873801343181125,0.0,0.0,0.2336145549919111,6.441242682625071,PCM Storage + DSM
2024-01-11 15:00:00,79.90763310262311,77.6,3.55,79.90763310262311,0.0,43.44955814728191,43.44955814728191,558.9754261692402,31.019492540961366,31.022707481170837,54.7946734826939,22.871999084420807,0.0,0.0,0.22982566277907712,4.454952221195504,PCM Storage + DSM
2024-01-11 16:00:00,85.42967084551529,77.4,3.55,85.42967084551529,0.0,42.65136186263064,42.65136186263064,587.315848927296,30.995570042857693,30.998776456046304,58.581273627542345,24.4525745225315,0.0,0.0,0.23102295720605404,5.043368981446945,PCM Storage + DSM
2024-01-11 17:00:00,84.23470426199351,78.4,3.65,84.23470426199351,0.0,42.82409119402234,42.82409119402234,565.6344186512625,30.971710994655773,30.97490890343983,57.761854990993385,24.110538680109254,0.0,0.0,0.2307638632089665,4.912960732898568,PCM Storage + DSM
2024-01-11 18:00:00,93.20131910916031,77.0,3.9,93.20131910916031,0.0,41.527990191069236,41.527990191069236,627.6781911671263,30.947915228066726,30.951104655002556,63.910488278186214,26.67705702900552,0.0,0.0,0.23270801471339614,5.9329422092019115,PCM Storage + DSM
2024-01-11 19:00:00,87.98997018755057,79.4,3.25,87.98997018755057,0.0,42.28127720954434,42.28127720954434,566.2926466073056,30.924182575248054,30.92736354283215,60.3369352710878,25.185410197086746,0.0,0.0,0.23157808418568349,5.3284957456848465,PCM Storage + DSM
2024-01-11 20:00:00,98.65247675540884,77.5,3.4,98.65247675540884,0.0,40.74003944120618,40.74003944120618,641.1117438168144,30.90051286880242,30.90368539947162,67.64848415832039,28.237344424002046,0.0,0.0,0.23388994083819073,6.599770105658868,PCM Storage + DSM
2024-01-11 21:00:00,107.68018315603565,79.3,3.7,107.68018315603565,0.0,39.43510781208466,39.43510781208466,645.276676259048,30.87690594177647,30.880070057908092,73.83900946001067,30.821349036732567,0.0,0.0,0.23584733828187301,7.781845442565289,PCM Storage + DSM
2024-01-11 22:00:00,111.65844265625793,81.3,3.2,111.65844265625793,0.0,38.86006068269055,38.86006068269055,628.517809189675,30.85336162765967,30.856517351571682,76.56700204194773,31.960048108569865,0.0,0.0,0.23670990897596417,8.333524624495443,PCM Storage + DSM
2024-01-11 23:00:00,124.59195758941964,78.0,3.75,160.7618353404555,36.169877751035855,36.409833737896406,36.990554524312785,923.4068144004654,36.87733205338392,36.19069939378908,85.43583847508289,71.83189186990802,0.0,0.0,0.2403852493931554,10.252300617009945,PCM Storage + DSM
2024-01-12 00:00:00,120.72886511457487,82.2,3.45,148.2325558415417,27.503690726966827,37.858693714742905,37.54895455782476,798.6121066324055,41.190798252646395,40.670460508434836,89.8720348253651,37.51373933982838,0.0,27.503690726966827,0.23821195942788564,10.321608870429632,PCM Storage + DSM
2024-01-12 01:00:00,138.76738329119038,80.3,3.4,159.74082202538835,20.97343873419798,36.52790160669575,34.9415333739109,871.8049372247561,44.45958043154314,44.06526390177956,103.30012704033167,43.118797155224165,0.0,20.97343873419796,0.24020814758995637,12.3960152448398,PCM Storage + DSM
2024-01-12 02:00:00,116.92725664693509,81.7,3.65,132.95201293018692,16.02475628325184,39.62570410434007,38.098467236993734,754.8815938462128,46.936692383661736,46.6378758411886,87.0420712680014,36.33247627575683,0.0,16.024756283251822,0.2355614438434899,9.073768209488254,PCM Storage + DSM
2024-01-12 03:00:00,91.15719580043852,77.0,4.35,103.43179689573573,12.274601095297209,43.03936085322867,41.8234629325388,727.5770480542451,48.813869658717316,48.5874238485223,67.85852470148504,28.325018039074696,0.0,12.274601095297214,0.230440958720157,5.684090258338207,PCM Storage + DSM
2024-01-12 04:00:00,66.47035974778883,74.6,4.1,75.90306018101091,9.432700433222074,46.22272705098709,45.39188128360562,638.9831473874292,50.23641114658638,50.06480851531811,49.48134383967334,20.65414718374702,0.0,9.432700433222081,0.22566590942351936,3.1996436906647086,PCM Storage + DSM
2024-01-12 05:00:00,63.449655556324174,76.7,3.7,70.72873861417881,7.279083057854636,46.82107489901511,45.82851626781252,565.498841133284,51.3144256269443,51.18438364015358,47.23269491851601,19.715532300274123,0.0,7.279083057854635,0.22476838765147733,2.8846683833594646,PCM Storage + DSM
2024-01-12 06:00:00,70.40458390672885,77.0,3.65,76.05163673165559,5.6470528249267495,46.20554596585401,44.8231993489895,589.9793789024374,52.1313545037268,52.03280753971178,52.4100281297766,21.87661754709275,0.0,5.647052824926746,0.22569168105121898,3.394425837451031,PCM Storage + DSM
2024-01-12 07:00:00,57.05789340909417,76.3,3.75,2.842170943040401e-14,-57.05789340909414,76.3,43.883783471132986,0.0,46.51598473760401,46.957288411181295,42.47458947499887,0.0,0.0,0.0,0.18055,0.0,PCM Storage + DSM
2024-01-12 08:00:00,70.28644948924,73.9,3.9,70.28644948924,0.0,44.84027537373243,44.84027537373243,577.8044562790868,46.60471690102109,46.61348821022856,52.32208743330309,21.839909973137395,0.0,0.0,0.22773958693940136,3.817333050362762,PCM Storage + DSM
2024-01-12 09:00:00,61.616590275945335,79.3,4.0,61.616590275945335,0.0,46.09348111674079,46.09348111674079,443.27688764718135,46.53945793956962,46.54820487180736,45.86813884024069,19.145949101958117,0.0,0.0,0.22585977832488882,3.001570334406242,PCM Storage + DSM
2024-01-12 10:00:00,88.00941782472053,74.2,4.1,88.00941782472053,0.0,42.278466103851656,42.278466103851656,658.6370727718316,46.47437166854616,46.483095401197566,65.51528051056378,27.346917877454924,0.0,0.0,0.23158230084422252,5.786912536511591,PCM Storage + DSM
2024-01-12 11:00:00,97.67926989080507,79.0,4.15,97.67926989080507,0.0,40.88071397834127,40.88071397834127,612.1508024429125,46.409458026545785,46.418158621146254,72.7136359396033,30.351603703976487,0.0,0.0,0.2336789290324881,7.032551372311375,PCM Storage + DSM
2024-01-12 12:00:00,107.02161918350504,81.2,4.15,107.02161918350504,0.0,39.530301532329645,39.530301532329645,613.5527903221943,46.34471655570364,46.35339407362249,79.66819432286515,33.25452551853488,0.0,0.0,0.23570454770150553,8.350675993705329,PCM Storage + DSM
2024-01-12 13:00:00,102.46512392524998,76.1,4.1,102.46512392524998,0.0,40.188931146162275,40.188931146162275,681.6297137338003,46.280146799368325,46.28880130181208,76.276283861826,31.838698613683857,0.0,0.0,0.23471660328075658,7.6937151594961675,PCM Storage + DSM
2024-01-12 14:00:00,80.74138716610307,78.1,4.1,80.74138716610307,0.0,43.32904115214923,43.32904115214923,554.728291152374,46.21574830209957,46.22437985011242,60.10487013485791,25.088543234551558,0.0,0.0,0.23000643827177616,4.930147237014343,PCM Storage + DSM
2024-01-12 15:00:00,95.44335022169962,77.0,3.9,95.44335022169962,0.0,41.203910388028234,41.203910388028234,636.9580999923497,46.151520609665084,46.160129264129324,71.04919015708175,29.65684269904187,0.0,0.0,0.23319413441795764,6.733796247475715,PCM Storage + DSM
2024-01-12 16:00:00,83.46203868412974,79.3,3.75,83.46203868412974,0.0,42.9357780064355,42.9357780064355,548.296488418871,46.08746326903741,46.09604909067383,62.13015619833353,25.933923598103405,0.0,0.0,0.23059633299034676,5.242873855609202,PCM Storage + DSM
2024-01-12 17:00:00,88.07315468196013,76.3,3.4,0.0,-88.07315468196013,76.3,33.3567163748958,0.0,37.47627671988945,38.15797134617796,65.56272700190668,0.0,0.0,0.0,0.18055,0.0,PCM Storage + DSM
2024-01-12 18:00:00,93.05457646454252,78.8,2.95,93.05457646454252,0.0,41.549201461108915,41.549201461108915,596.7644251677356,37.675577786685594,37.68116699000105,69.27095793325194,28.91458577496021,0.0,0.0,0.23267619780833662,6.421749693736049,PCM Storage + DSM
2024-01-12 19:00:00,102.584825624249,81.2,2.75,102.584825624249,0.0,40.17162857492751,40.17162857492751,597.3097750436762,37.63400190133499,37.639574540944125,76.36539126170825,31.875893184597135,0.0,0.0,0.23474255713760875,7.710631009038069,PCM Storage + DSM
2024-01-12 20:00:00,88.31311975268893,78.1,3.55,88.31311975268893,0.0,42.234566775047206,42.234566775047206,588.2337272682104,37.59253566816006,37.59809352739211,65.74135991767992,27.441286319931358,0.0,0.0,0.2316481498374292,5.824197959892545,PCM Storage + DSM
2024-01-12 21:00:00,88.85922237005911,75.4,3.5,88.85922237005911,0.0,42.15562905304697,42.15562905304697,638.5356726077353,37.55117941632451,37.556722534386104,66.14788534471792,27.61097524412841,0.0,0.0,0.23176655642042954,5.891542484481063,PCM Storage + DSM
2024-01-12 22:00:00,79.55294488969236,81.1,2.95,79.55294488969236,0.0,43.50082741180936,43.50082741180936,505.4506380255867,37.50993285412521,37.51546127011452,59.22017925706198,24.71926192195582,0.0,0.0,0.22974875888228596,4.796540522968002,PCM Storage + DSM
2024-01-12 23:00:00,96.13732856741969,76.7,2.95,122.3547684488696,26.217439881449913,40.85114754625301,41.103597611663176,815.354396494525,41.85237285947977,41.357542188231804,71.56579607394691,56.08992051218378,0.0,0.0,0.23372327868062048,6.934232889198685,PCM Storage + DSM
2024-01-13 00:00:00,89.22300574667106,79.4,2.75,109.19487118975758,19.971865443086514,42.37293085708045,42.10304510611483,704.5043503621063,44.96092788736218,44.58593978384325,61.74786873045186,32.37150421823417,0.0,19.971865443086514,0.23144060371437933,5.419142072089437,PCM Storage + DSM
2024-01-13 01:00:00,100.71542757410768,79.3,3.45,115.98118273074381,15.265755156636134,41.588175821246274,40.441845231827,734.7012331714345,47.316617905464476,47.032448614792955,69.70133934553493,36.541134893094856,0.0,15.265755156636132,0.2326177362681306,6.445348722102201,PCM Storage + DSM
2024-01-13 02:00:00,122.44833339173933,78.8,3.25,134.14775674207985,11.699423350340531,39.4874307621448,37.30040986213248,815.1785866835745,49.10178056848938,48.88643457483697,84.74186173466617,44.426173583087625,0.0,11.699423350340524,0.2357688538567828,8.904286325838562,PCM Storage + DSM
2024-01-13 03:00:00,126.3435317193092,83.9,2.55,135.34035738674723,8.996825667438022,39.349520889308955,36.73736901058305,725.7310692070423,50.45459257217858,50.29140147974013,87.43758121863833,45.839412557011016,0.0,8.996825667438031,0.23597571866603656,9.259891204733563,PCM Storage + DSM
2024-01-13 04:00:00,125.66359121815083,81.0,2.4,132.61236453590666,6.948773317755824,39.66498034242826,36.83565265279594,766.4196770449926,51.479765434703346,51.35609778619237,86.96702010652727,45.592719491504006,0.0,6.948773317755837,0.2355025294863576,9.045450018642521,PCM Storage + DSM
2024-01-13 05:00:00,108.57985638416046,79.4,2.4,113.97659757609351,5.39674119193305,41.81998190403063,39.30506237206321,724.5351829951851,52.256650467650395,52.1629340333787,75.14401316871805,39.394472866503406,0.0,5.396741191933046,0.23227002714395406,6.8441248782294055,PCM Storage + DSM
2024-01-13 06:00:00,103.43103575167265,80.4,2.7,107.65163331624203,4.220597564569368,42.551387694114396,40.04931108794307,679.4718022239524,52.84538079448593,52.77436165440888,71.5807090873224,37.526400081590204,0.0,4.220597564569374,0.2311729184588284,6.205451485098624,PCM Storage + DSM
2024-01-13 07:00:00,104.68930906052813,79.8,2.65,0.0,-104.68930906052813,79.8,37.7128117274994,0.0,42.5956726096848,43.404558900272264,72.45151246871531,0.0,0.0,0.0,0.1753,0.0,PCM Storage + DSM
2024-01-13 08:00:00,101.21808844265554,79.3,2.75,0.0,-101.21808844265554,79.3,27.964859512033534,0.0,32.81244360042788,33.61171051920004,70.04921192690878,0.0,0.0,0.0,0.17605,0.0,PCM Storage + DSM
2024-01-13 09:00:00,94.5441431660243,79.5,2.85,94.5441431660243,0.0,41.333888444026876,41.333888444026876,591.7761947546544,33.06649682201143,33.070443455583145,65.43042674469112,34.302096232870745,0.0,0.0,0.2329991673339597,6.15024218722355,PCM Storage + DSM
2024-01-13 10:00:00,93.67867955950436,78.0,3.1,93.67867955950436,0.0,41.45898897165625,41.45898897165625,612.4363748785607,33.03714576152998,33.041079881281505,64.83147210603985,33.98809247840483,0.0,0.0,0.23281151654251564,6.045279737902355,PCM Storage + DSM
2024-01-13 11:00:00,85.73789763492049,78.3,3.7,85.73789763492049,0.0,42.60680847679949,42.60680847679949,573.836572355597,33.0078718198604,33.01179550509808,59.33595717922241,31.107052398925834,0.0,0.0,0.23108978728480076,5.124202775357833,PCM Storage + DSM
2024-01-13 12:00:00,72.49908928920533,77.4,3.45,72.49908928920533,0.0,44.52044400896547,44.52044400896547,526.7534430352307,32.978675521782634,32.98258880018731,50.17387848620181,26.303805337013205,0.0,0.0,0.2282193339865518,3.756886355135509,PCM Storage + DSM
2024-01-13 13:00:00,82.70518361425177,75.2,3.35,82.70518361425177,0.0,43.045179450779784,43.045179450779784,614.4512272198996,32.949556661363616,32.95345956053744,57.23713047328351,30.00673624289409,0.0,0.0,0.23043223082383033,4.792403307041852,PCM Storage + DSM
2024-01-13 14:00:00,83.16386300421853,81.2,2.8,83.16386300421853,0.0,42.97887853036525,42.97887853036525,519.7948885568142,32.92051503321458,32.924407580686506,57.5545651362834,30.1731523110692,0.0,0.0,0.23053168220445214,4.841877293447009,PCM Storage + DSM
2024-01-13 15:00:00,101.1280517108294,77.9,3.05,101.1280517108294,0.0,40.38220147924443,40.38220147924443,643.9246781664375,32.89155043249156,32.895432655717535,69.98690090912592,36.69084139390875,0.0,0.0,0.23442669778113337,6.978169310399637,PCM Storage + DSM
2024-01-13 16:00:00,82.51551200837177,78.9,3.2,82.51551200837177,0.0,43.072595991224865,43.072595991224865,550.2005671423628,32.86266265489387,32.866534581256964,57.10586592639048,29.937920412958295,0.0,0.0,0.2303911060131627,4.772018796166717,PCM Storage + DSM
2024-01-13 17:00:00,79.51166618433524,76.7,3.7,79.51166618433524,0.0,43.50679414198858,43.50679414198858,572.2455589725727,32.833851496662696,32.837713153473416,55.02701780782612,28.84807809090279,0.0,0.0,0.22973980878701714,4.454945274200749,PCM Storage + DSM
2024-01-13 18:00:00,68.46585487653094,76.7,3.7,68.46585487653094,0.0,45.103437619878065,45.103437619878065,517.6485192878775,32.80511675457965,32.808968169076046,47.38262944691183,24.84048470899359,0.0,0.0,0.2273448435701829,3.3821424416963346,PCM Storage + DSM
2024-01-13 19:00:00,83.70667194328593,76.4,3.55,83.70667194328593,0.0,42.90041690105154,42.90041690105154,596.927310435421,32.77645822596538,32.78029942531323,57.93022267925404,30.370091897599227,0.0,0.0,0.2306493746484227,4.900751931640385,PCM Storage + DSM
2024-01-13 20:00:00,102.23900039123053,79.9,3.5,102.23900039123053,0.0,40.221616718614015,40.221616718614015,615.5500946070403,32.747875708678045,32.75170671997112,70.75574648555101,37.09391097885365,0.0,0.0,0.234667574922079,7.123002203370927,PCM Storage + DSM
2024-01-13 21:00:00,113.64411090604625,81.1,2.9,113.64411090604625,0.0,38.57303746891931,38.57303746891931,638.385988996274,32.71936900111201,32.72318985137219,78.64879224243433,41.23186374170998,0.0,0.0,0.23714044379662103,8.695550086596523,PCM Storage + DSM
2024-01-13 22:00:00,103.90642236567552,79.4,2.65,103.90642236567552,0.0,39.98059518147204,39.98059518147204,629.6991470492953,32.6909379021963,32.694748618373815,71.90970618837287,37.69887779237457,0.0,0.0,0.23502910722779194,7.3431624000079365,PCM Storage + DSM
2024-01-13 23:00:00,81.00734243362935,79.0,2.25,114.42980517463131,33.422462741001965,41.767573914346855,43.2905980055597,734.207131382223,38.25071433070202,37.61702946828448,56.06211878802497,62.81319560583836,0.0,0.0,0.23234863912847972,5.12377248386218,PCM Storage + DSM
2024-01-14 00:00:00,91.60112074132395,77.2,2.1,117.025617394533,25.424496653209047,41.467399556104574,41.75929472960776,782.3788358704819,42.23155940925161,41.75134608377793,53.18041383889482,34.19623770154605,7.486093281615107,28.66756824471899,0.23279890066584313,4.9561807176033605,PCM Storage + DSM
2024-01-14 01:00:00,93.73132467451222,82.9,1.1,113.12913181582796,19.397807141315738,41.91798109240399,41.451379256337226,659.450012595743,45.248278411167654,44.884368519652995,54.41713589874934,34.99147862723062,7.660184004781516,22.716297066181603,0.232123028361394,4.924321635132955,PCM Storage + DSM
2024-01-14 02:00:00,102.0579745579916,80.5,0.95,116.88870332969374,14.830728771702136,41.483232015491424,40.24778353496786,715.6851827595337,47.534374665630125,47.25860054168106,59.25129822243423,38.09995695553732,8.340678711031932,18.444017728184868,0.23277515197676285,5.516331883790624,PCM Storage + DSM
2024-01-14 03:00:00,96.35768289480579,80.0,0.8,107.7274394155349,11.36975652072911,42.54262163352202,41.07174596312042,687.0522010220067,49.26679856104441,49.05781449874444,55.94190782199706,35.97194228601259,7.874822892045529,14.78123076352069,0.231186067549717,4.852639967551474,PCM Storage + DSM
2024-01-14 04:00:00,99.44620514948768,82.0,0.75,108.19320638716714,8.747001237679454,42.48876130390023,40.625308053143605,654.1541823237575,50.579644661703504,50.4212746969295,57.73499605416453,37.124939545356945,8.127232093087786,12.267822382592357,0.23126685804414965,5.026837853162158,PCM Storage + DSM
2024-01-14 05:00:00,95.72204519190967,81.2,0.9,102.4814993543906,6.759454162480932,43.149251296160365,41.163625750340096,643.4029386597684,51.57453101058039,51.454516855115656,55.57287875534318,35.734648049824344,7.822875458447752,10.148424111001088,0.23027612305575945,4.618355870335241,PCM Storage + DSM
2024-01-14 06:00:00,84.0724503356044,79.1,0.9,89.32572380266909,5.253273467064684,44.67055798126683,42.84754457975491,619.7939542146105,52.328464656485,52.23751687145222,48.80953055064937,31.385658522088075,6.870813375783934,8.229797914641967,0.22799416302809974,3.6107656613148986,PCM Storage + DSM
2024-01-14 07:00:00,90.52277627678336,79.8,0.55,0.0,-90.52277627678336,79.8,39.24363129158244,0.0,43.456095822192175,44.15537105214668,52.55436467682076,0.0,0.0,0.0,0.1753,0.0,PCM Storage + DSM
2024-01-14 08:00:00,97.97086741846515,82.7,0.65,0.0,-97.97086741846515,82.7,29.294660131511105,0.0,33.973622399731596,34.74568953959589,56.87846645656847,0.0,0.0,0.0,0.17095,0.0,PCM Storage + DSM
2024-01-14 09:00:00,113.77474104757361,80.6,0.9,113.77474104757361,0.0,38.5541552195604,38.5541552195604,646.43304498805,34.21478047587465,34.21913633655102,66.05364393312995,42.47402278277454,9.29823038933081,4.028112620638804,0.2371687671706594,7.310491579037645,PCM Storage + DSM
2024-01-14 10:00:00,113.7321092954862,82.8,0.75,113.7321092954862,0.0,38.56031752914768,38.56031752914768,614.146340751163,34.18238378485737,34.18672611734951,66.0288934257089,42.45810763330677,9.294746313259445,4.026603274214087,0.2371595237062785,7.305310972030922,PCM Storage + DSM
2024-01-14 11:00:00,131.64421628598922,83.2,0.05,131.64421628598922,0.0,35.97116875549092,35.97116875549092,665.8790649356492,34.15007231593032,34.1544031312017,76.42803761491069,49.14499818033953,10.758611631892856,4.660768498993709,0.24104324686676362,9.171364513789282,PCM Storage + DSM
2024-01-14 12:00:00,122.85749740377845,85.2,-0.3,122.85749740377845,0.0,37.24126626163047,37.24126626163047,611.976481977759,34.11784654706171,34.12216587566466,71.32677528689209,45.86476836348763,10.040517828463177,4.349681056407142,0.2391381006075543,8.455960567861299,PCM Storage + DSM
2024-01-14 13:00:00,124.95506576393315,81.9,-0.3,124.95506576393315,0.0,36.93806817609898,36.93806817609898,663.9107192466034,34.085706250950125,34.09001412335088,72.54455027201926,46.64782588132794,10.211941412384444,4.423943950845715,0.23959289773585152,8.70534603264231,PCM Storage + DSM
2024-01-14 14:00:00,123.33895684188934,84.0,-0.45,123.33895684188934,0.0,37.171672544129166,37.171672544129166,629.205340918042,34.053651200895274,34.05794764747924,71.60629383380684,46.04450526251298,10.079865057359974,4.366726780450313,0.23924249118380625,8.518998252228158,PCM Storage + DSM
2024-01-14 15:00:00,128.2895005959917,85.4,-1.0,128.2895005959917,0.0,36.45608423859569,36.45608423859569,626.1713290000381,34.02168117079812,34.0259662218701,74.48040676430455,47.892626438292616,10.48444779650116,4.541997210348159,0.24031587364210646,8.937648811716544,PCM Storage + DSM
2024-01-14 16:00:00,143.9478762252105,83.8,-1.45,143.9478762252105,0.0,34.19270650869804,34.19270650869804,693.2031134393527,33.98979593515927,33.994069620943726,83.5711131799855,53.73816119489196,11.76412712411466,5.096370702302632,0.24371094023695294,10.02853358159826,PCM Storage + DSM
2024-01-14 17:00:00,125.43735268905468,89.3,-3.25,125.43735268905468,0.0,36.86835484748883,36.86835484748883,571.523603285489,33.95799526907747,33.96225761971867,72.82454922901324,46.82787169516003,10.251356267582107,4.4410189714694805,0.23969746772876677,8.738945907481588,PCM Storage + DSM
2024-01-14 18:00:00,124.496099640863,82.1,-1.5,124.496099640863,0.0,37.00441054304259,37.00441054304259,659.5116225030199,33.926278948248004,33.93052999381027,72.27809055880428,46.476486114800565,10.17443244761853,4.407694586393093,0.23949338418543611,8.671458153279838,PCM Storage + DSM
2024-01-14 19:00:00,106.23609790911613,83.9,-1.75,106.23609790911613,0.0,39.64384660245141,39.64384660245141,573.4548402628066,33.894646748961,33.89888651942891,61.676970824303545,39.65972061459678,8.682135462821456,3.7612123992986795,0.23553423009632288,6.422849800336446,PCM Storage + DSM
2024-01-14 20:00:00,120.18613933144105,87.2,-5.3,120.18613933144105,0.0,37.62740416716317,37.62740416716317,579.1799242808944,33.8630984481,33.8673269733786,69.7758780200349,44.867505503728935,9.822201332373718,4.255103551186294,0.23855889374925524,8.110439302580755,PCM Storage + DSM
2024-01-14 21:00:00,129.49089447812662,86.5,-3.55,129.49089447812662,0.0,36.28242585780009,36.28242585780009,616.0050569095619,33.83163382314029,33.83585113305534,75.17789412383013,48.34112696355022,10.58263160251617,4.584531693964012,0.24057636121329987,9.021347294859616,PCM Storage + DSM
2024-01-14 22:00:00,145.7866434624304,86.7,-2.95,145.7866434624304,0.0,33.92691745664446,33.92691745664446,659.9424282600045,33.800252652147364,33.804458776445486,84.63863726525187,54.42460390446701,11.914400209745107,5.161470929703418,0.24410962381503332,10.156636471830225,PCM Storage + DSM
2024-01-14 23:00:00,148.89083369656407,89.1,-3.45,180.65472692015322,31.76389322358916,34.10946088436803,33.47821478073002,784.8056629649261,39.07980275476458,38.47808161173116,86.44082177947924,87.34734350742546,12.168089874986505,5.271372545333105,0.24383580867344795,10.372898613537508,PCM Storage + DSM
2024-01-15 00:00:00,155.4480370914585,86.6,-2.9,155.4480370914585,0.0,32.53038797635071,32.53038797635071,686.8039196964614,38.818454776785956,38.82444803912352,60.03694592476413,38.605146622920046,8.451272660224308,32.73961825207179,0.24620441803547394,7.204433510971696,PCM Storage + DSM
2024-01-15 01:00:00,141.57547075211477,90.5,-6.35,165.8365013113555,24.26103055924074,35.823009856943045,34.53563158861964,724.5632508306255,42.83034588673845,42.37321886023872,54.67910075195656,35.15992809467671,7.697060237703561,54.078884505858895,0.24126548521458543,6.561492090234787,PCM Storage + DSM
2024-01-15 02:00:00,133.45457040997061,87.9,-5.65,151.94586066568857,18.49129025571795,37.429294822172594,35.70948674552548,719.2009902648849,45.70204444011454,45.35562857020318,51.542656806930395,33.143122001241494,7.255549721893128,46.59876443788473,0.23885605776674113,6.052356842702242,PCM Storage + DSM
2024-01-15 03:00:00,143.51999257158744,85.3,-3.25,157.66375480303262,14.143762231445182,36.76808936593217,34.2545559850122,776.0777848167121,47.87824256268041,47.61572556252416,55.43011153028192,35.64284541776934,7.802778421075991,44.37116076443148,0.23984786595110175,6.651613383633831,PCM Storage + DSM
2024-01-15 04:00:00,165.2970552237734,93.0,-7.05,165.2970552237734,0.0,31.106737859001214,31.106737859001214,638.0027041614463,47.71301446199272,47.72217899993851,63.84082135532949,41.051126618576795,8.986736080857364,34.813964765820344,0.24833989321149819,7.660898562639539,PCM Storage + DSM
2024-01-15 05:00:00,175.89891397097617,92.5,-5.9,175.89891397097617,0.0,29.574266576401357,29.574266576401357,667.7834444897669,47.644815305084094,47.653956234853474,67.93545794397492,43.68407277260538,9.563129328750732,37.046870466273724,0.25063860013539796,8.15225495327699,PCM Storage + DSM
2024-01-15 06:00:00,173.7277782160068,88.3,-4.5,173.7277782160068,0.0,29.888098638726667,29.888098638726667,710.5075519607096,47.57679728270375,47.585913967887564,67.096924615698,43.14487642296257,9.445090782938717,36.589597688044314,0.25016785204191,8.051630953883759,PCM Storage + DSM
2024-01-15 07:00:00,152.8269238141563,90.3,-3.85,0.0,-152.8269238141563,90.3,25.486060409316828,0.0,32.65980479477215,33.84051269562212,59.02462284216715,0.0,0.0,0.0,0.15955,0.0,PCM Storage + DSM
2024-01-15 08:00:00,153.2265748370267,87.1,-4.25,153.2265748370267,0.0,32.85149460411016,32.85149460411016,674.7565239073551,33.04986619924867,33.05380788903822,59.17897555898358,38.0534518080208,8.33049800415352,32.27174598084656,0.24572275809383476,7.10147706707803,PCM Storage + DSM
2024-01-15 09:00:00,151.70034170234499,88.4,-4.55,151.70034170234499,0.0,33.07210765935099,33.07210765935099,655.0028784051046,33.0205595981479,33.02448780587053,58.58951571188652,37.67441547505971,8.247521000354656,31.950299077250452,0.24539183851097351,7.030741885426382,PCM Storage + DSM
2024-01-15 10:00:00,180.41738593496376,92.6,-7.55,180.41738593496376,0.0,28.921133131488165,28.921133131488165,676.8366001582971,32.991329648140656,32.99524743702744,69.68057651890348,44.806224431417675,9.808785943589625,37.99852640192639,0.2516183003027678,8.361669182268416,PCM Storage + DSM
2024-01-15 11:00:00,187.24689163301633,94.5,-6.6,187.24689163301633,0.0,27.933945732921938,27.933945732921938,671.989640988972,32.96217722504473,32.966084622737455,72.31825964413723,46.50231576694394,10.180086963973942,39.436919665606126,0.2530990814006171,8.678191157296467,PCM Storage + DSM
2024-01-15 12:00:00,168.12562309253295,90.4,-5.3,168.12562309253295,0.0,30.69787568368669,30.69787568368669,672.736356010722,32.93310212323746,32.93699915729682,64.93326729005254,41.75359465451664,9.140517362011604,35.40970231230849,0.24895318647446996,7.791992074806305,PCM Storage + DSM
2024-01-15 13:00:00,160.13204908236037,87.4,-5.6,160.13204908236037,0.0,31.85332614836659,31.85332614836659,688.685562515326,32.904104137638754,32.90799083555232,61.84599916126958,39.76840974978663,8.70592922083164,33.726139325863336,0.24722001077745012,7.421519899352349,PCM Storage + DSM
2024-01-15 14:00:00,178.69386060988924,92.3,-5.65,178.69386060988924,0.0,29.170264262970857,29.170264262970857,676.201977247594,32.87518306371244,32.879059452894886,69.01491872947395,44.37819105687162,9.715082718180374,37.63552689259507,0.25124460360554374,8.281790247536874,PCM Storage + DSM
2024-01-15 15:00:00,195.7099711495402,95.0,-6.5,195.7099711495402,0.0,26.710629460682988,26.710629460682988,684.6373991443983,32.84633869746488,32.85020480525816,75.5868596007361,48.60410123641634,10.640200799295139,41.219367342606375,0.25493405580897555,9.070423152088331,PCM Storage + DSM
2024-01-15 16:00:00,184.03168515284952,91.7,-6.75,184.03168515284952,0.0,28.398695520291497,28.398695520291497,694.5135433219812,32.81757083544345,32.821426689117004,71.07648662983306,45.70382696057339,10.005285228736701,38.759750402283,0.2524019567195628,8.529178395579967,PCM Storage + DSM
2024-01-15 17:00:00,177.64318215655527,90.9,-7.0,54.3786411759374,-123.26454098061787,90.9,15.0,0.0,20.80142405830876,21.752416391303196,68.60912701497314,0.0,0.0,0.0,0.15864999999999999,0.0,PCM Storage + DSM
2024-01-15 18:00:00,198.05520685151143,94.1,-7.15,198.05520685151143,0.0,26.371631700960233,26.371631700960233,698.5804501069146,21.142787134314847,21.142484040551864,76.49263359219046,49.18653488970614,10.76770466966045,41.71330810268489,0.2554425524485596,9.179116031062854,PCM Storage + DSM
2024-01-15 19:00:00,213.61872104553547,96.0,-7.15,213.61872104553547,0.0,24.121965946361296,24.121965946361296,709.9763732728987,21.14506160168766,21.144756864390768,82.5035545246701,53.05169625597475,11.61384917213224,44.991210628229524,0.25881705108045805,9.90042654296041,PCM Storage + DSM
2024-01-15 20:00:00,191.32892062329927,94.1,-7.15,191.32892062329927,0.0,27.343898991920106,27.343898991920106,684.6844022314991,21.147329164096494,21.147025235051334,73.89481576114208,47.51607786157987,10.40201540160049,40.29665436111163,0.25398415151211984,8.86737789133705,PCM Storage + DSM
2024-01-15 21:00:00,181.04406174426282,89.5,-6.9,181.04406174426282,0.0,28.83054876282694,28.83054876282694,712.8776414234445,21.149590712222658,21.149287589291813,69.92261046400314,44.961857863371485,9.842856545142714,38.13051344498045,0.25175417685575957,8.390713255680378,PCM Storage + DSM
2024-01-15 22:00:00,180.9820408627817,94.0,-7.2,180.9820408627817,0.0,28.83951372095906,28.83951372095906,663.5168260588505,21.151846262020143,21.15154394306554,69.8986568369432,44.94645512643083,9.839484644217933,38.11745094498791,0.2517407294185614,8.387838820433185,PCM Storage + DSM
2024-01-15 23:00:00,196.93671112836014,94.9,-8.3,196.93671112836014,0.0,26.53330736711569,26.53330736711569,688.1496388097983,21.154095829398383,21.15379431228763,76.06064957679627,48.90875916350666,10.706895202377922,41.47773663019983,0.25520003894932647,9.127277949215552,PCM Storage + DSM
2024-01-16 00:00:00,213.55117902476172,94.8,-9.95,213.55117902476172,0.0,24.13172897090941,24.13172897090941,721.9020640367953,21.156339430224616,21.156038712830977,70.5702150082191,45.378282583150806,9.934018453778572,42.00221024492762,0.2588024065436359,8.468425800986292,PCM Storage + DSM
2024-01-16 01:00:00,222.4080901057387,99.7,-10.75,222.4080901057387,0.0,22.851485363842023,22.851485363842023,691.378514286622,21.158577080323987,21.158277160526357,73.49707367576478,47.26032048938878,10.346026097677832,43.744227512370045,0.260722771954237,8.819648841091773,PCM Storage + DSM
2024-01-16 02:00:00,245.85775161270615,98.3,-10.8,245.85775161270615,0.0,19.461897396015488,19.461897396015488,744.9866975508934,21.16080879547969,21.160509671162593,81.24625896227997,52.243226091698844,11.436862360951588,48.35641283153341,0.26580715390597676,9.749551075473597,PCM Storage + DSM
2024-01-16 03:00:00,225.7345821341822,100.2,-11.05,225.7345821341822,0.0,22.370649538074012,22.370649538074012,692.8759185123807,21.16303459143302,21.162736260486607,74.59634767060967,47.967179126117756,10.500768550273113,44.398496986295825,0.261444025692889,8.95156172047316,PCM Storage + DSM
2024-01-16 04:00:00,227.16282425430134,95.7,-10.8,227.16282425430134,0.0,22.16420083074148,22.16420083074148,737.9708695055564,21.165254483883555,21.164956944203546,75.06832517951827,48.27067159485476,10.567207816225759,44.67941009613611,0.26175369875388776,9.008199021542191,PCM Storage + DSM
2024-01-16 05:00:00,204.4002351569959,98.9,-11.3,204.4002351569959,0.0,25.45447425741254,25.45447425741254,664.8395136591815,21.167468488489213,21.167171737976936,67.54619013874508,43.43376455880462,9.508332931146375,40.202361281186406,0.2568182886138812,8.10554281664941,PCM Storage + DSM
2024-01-16 06:00:00,211.88064439430966,94.9,-10.0,211.88064439430966,0.0,24.373200434432896,24.373200434432896,717.6916354307514,21.16967662086639,21.16938065742872,70.01816941152394,45.023304479673314,9.856308174105227,41.67364195001063,0.25844019934835066,8.402180329382873,PCM Storage + DSM
2024-01-16 07:00:00,215.08395713117056,96.5,-9.7,215.08395713117056,0.0,23.910169856920163,23.910169856920163,707.8365983749865,21.17187889659006,21.17158371813943,71.07673752438194,45.703988291578774,10.005320546626526,42.30368396461493,0.25913474521461977,8.529208502925833,PCM Storage + DSM
2024-01-16 08:00:00,208.0922615848962,98.4,-9.55,208.0922615848962,0.0,24.920801378885482,24.920801378885482,676.5381555468081,21.17407533119389,21.173780935648278,68.76625878937398,44.21829695668145,9.680079389461865,40.928525711477455,0.25761879793167175,8.251951054724877,PCM Storage + DSM
2024-01-16 09:00:00,191.5737167690898,93.1,-9.3,191.5737167690898,0.0,27.308514341694117,27.308514341694117,695.611907606954,21.176265940170346,21.175972325453245,63.30753332319805,40.70821006351947,8.911666263488152,37.67958372266591,0.2540372284874588,7.596903998783765,PCM Storage + DSM
2024-01-16 10:00:00,182.5139670555608,92.7,-8.95,182.5139670555608,0.0,28.618077748883323,28.618077748883323,680.3953708158708,21.1784507389708,21.178157903011197,60.31364451338605,38.7830702234558,8.490222929614653,35.897671236994526,0.252072883376675,7.237637341606326,PCM Storage + DSM
2024-01-16 11:00:00,189.68978019749056,95.7,-8.2,189.68978019749056,0.0,27.58083250429718,27.58083250429718,665.2354395108235,21.180629743005653,21.180337683738053,62.684966828708276,40.3078853895693,8.824028907639862,37.30904257028368,0.2536287512435542,7.522196019444993,PCM Storage + DSM
2024-01-16 12:00:00,207.4662890829942,93.5,-7.8,207.4662890829942,0.0,25.011284086280078,25.011284086280078,723.6512074721664,21.18280296764442,21.182511683008787,68.55939964558374,44.085281736581464,9.650960269568214,40.80540661303697,0.2574830738705799,8.227127957470048,PCM Storage + DSM
2024-01-16 13:00:00,188.9589578068845,95.4,-7.7,188.9589578068845,0.0,27.686470992131234,27.686470992131234,666.6422161241052,21.184970428215863,21.184679916157634,62.44345894533616,40.15259022748935,8.790032358672677,37.1653011222518,0.25347029351180317,7.493215073440339,PCM Storage + DSM
2024-01-16 14:00:00,186.1105569862606,91.3,-7.2,186.1105569862606,0.0,28.09819996938173,28.09819996938173,703.4647454668619,21.18713214000806,21.186842398478124,61.50217517786181,39.54732296584916,8.657529852973306,36.60506478604408,0.2528527000459274,7.380261021343417,PCM Storage + DSM
2024-01-16 15:00:00,177.57623182635268,92.2,-6.75,177.57623182635268,0.0,29.331814615245513,29.331814615245513,674.7683236601989,21.18928811826857,21.188999145223246,58.681918393351516,37.73383253919181,8.260528328485156,34.9264951742909,0.2510022780771317,7.041830207202182,PCM Storage + DSM
2024-01-16 16:00:00,185.23331052088665,92.7,-6.35,185.23331052088665,0.0,28.22500367880698,28.22500367880698,686.3229768828488,21.191438378204513,21.191150171605532,61.212279931395095,39.360913608698326,8.616721918241527,36.43252398976506,0.2526624944817895,7.345473591767411,PCM Storage + DSM
2024-01-16 17:00:00,170.9564946411454,92.6,-6.85,170.9564946411454,0.0,30.28868051740302,30.28868051740302,655.4196118896582,21.193582934982643,21.193295492797166,56.49435717926048,36.32718001688616,7.95259000823178,33.624495371297535,0.24956697922389548,6.7793228615112575,PCM Storage + DSM
2024-01-16 18:00:00,193.5891014397951,89.7,-7.25,193.5891014397951,0.0,27.017195696078062,27.017195696078062,737.7908456846417,21.19572180372953,21.195435123930082,63.97353821338623,41.13646663189183,9.005418349529913,38.0759786807736,0.2544742064558829,7.676824585606347,PCM Storage + DSM
2024-01-16 19:00:00,197.85492600330187,98.2,-7.65,197.85492600330187,0.0,26.40058177996566,26.40058177996566,658.304339814989,21.197854999531582,21.19756908009608,65.38322444414737,42.04292752513986,9.203856869644776,38.91500031953314,0.2553991273300515,7.845986933297685,PCM Storage + DSM
2024-01-16 20:00:00,206.68564654972445,94.4,-8.15,206.68564654972445,0.0,25.12412394698163,25.12412394698163,712.7366102436924,21.19998253743521,21.199697376346933,68.30142817631351,43.91940010748948,9.61464617677453,40.651866314368206,0.2573138140795276,8.19617138115762,PCM Storage + DSM
2024-01-16 21:00:00,187.6686487756225,92.5,-8.75,187.6686487756225,0.0,27.87298182794198,27.87298182794198,693.7106862070776,21.202104432446955,21.201820027694534,62.01706286464466,39.87840767271446,8.730009493024403,36.91151731520612,0.25319052725808705,7.442047543757359,PCM Storage + DSM
2024-01-16 22:00:00,190.70703191354073,94.9,-8.45,190.70703191354073,0.0,27.433791397714465,27.433791397714465,675.275787750166,21.2042206995335,21.2039370491109,63.021128270883295,40.52404498203761,8.871349635933328,37.50912023150136,0.2538493129034283,7.562535392505995,PCM Storage + DSM
2024-01-16 23:00:00,208.53285088235867,95.2,-8.5,208.53285088235867,0.0,24.85711533459063,24.85711533459063,708.198630186245,21.206331353621845,21.20604845552834,68.91185611922361,44.31191941165767,9.700574814640586,41.01518280411536,0.25771432699811403,8.269422734306833,PCM Storage + DSM
2024-01-17 00:00:00,214.49635349666033,95.6,-8.05,214.49635349666033,0.0,23.99510644369329,23.99510644369329,715.6126119472644,21.208436409599397,21.208154261839578,68.30466038742743,43.92147849409038,9.61510116823018,59.627760655411706,0.25900734033446005,8.196559246491292,PCM Storage + DSM
2024-01-17 01:00:00,211.4726606783035,96.3,-8.65,211.4726606783035,0.0,24.432173426193682,24.432173426193682,702.9436212391055,21.210535882314105,21.210254482897856,67.34178942152552,43.30233016392418,9.479559878710752,58.78720542578037,0.2583517398607095,8.081014730583062,PCM Storage + DSM
2024-01-17 02:00:00,188.51226874150692,95.1,-9.25,188.51226874150692,0.0,27.751038742114055,27.751038742114055,668.6663900690859,21.212629786574514,21.212349133516998,60.03023494500834,38.60083130751775,8.450327969936355,52.404454704644834,0.2533734418868289,7.203628193401,PCM Storage + DSM
2024-01-17 03:00:00,184.99359708302464,91.1,-8.2,184.99359708302464,0.0,28.259653636737585,28.259653636737585,703.2648362740741,21.214718137149887,21.214438228471522,58.90974189825246,37.880328328998814,8.292598556719929,51.426300493364835,0.2526105195448936,7.069169027790295,PCM Storage + DSM
2024-01-17 04:00:00,173.33713962354068,95.7,-8.8,173.33713962354068,0.0,29.94456443770626,29.94456443770626,629.7392212714774,21.21680094877034,21.21652178249681,55.197835587906056,35.493486607552136,7.770081432726702,48.185926267166536,0.2500831533434406,6.623740270548726,PCM Storage + DSM
2024-01-17 05:00:00,206.19865749784054,92.9,-9.45,206.19865749784054,0.0,25.19451695586316,25.19451695586316,727.5498717206336,21.218878236126894,21.218599810289106,65.66232499123933,42.22239564059871,9.243145257599217,57.321087264730046,0.2572082245662053,7.87947899894872,PCM Storage + DSM
2024-01-17 06:00:00,201.7204578171957,99.1,-10.4,201.7204578171957,0.0,25.84182914629834,25.84182914629834,657.8011832582771,21.220950013871608,21.220672326505696,64.23627786574218,41.3054143131341,9.04240364927343,56.076194219362776,0.2562372562805525,7.708353343889062,PCM Storage + DSM
2024-01-17 07:00:00,225.020131830914,95.9,-10.5,225.020131830914,0.0,22.473921482995202,22.473921482995202,732.1023761409799,21.2230162966177,21.222739345765,71.65587402530848,46.07638647387425,10.08684435503197,62.55326183748777,0.26128911777550723,8.59870488303702,PCM Storage + DSM
2024-01-17 08:00:00,210.08327901395631,98.3,-10.5,210.08327901395631,0.0,24.633004955074846,24.633004955074846,681.2700681197174,21.225077098939586,21.22480088264665,66.89935186403468,43.01783256806338,9.417278888632335,58.40097173933217,0.2580504925673877,8.027922223684163,PCM Storage + DSM
2024-01-17 09:00:00,213.56762717508033,96.4,-10.75,213.56762717508033,0.0,24.129351433289244,24.129351433289244,705.9504937849107,21.22713243537308,21.226856951691612,68.0089148656306,43.731307274415975,9.573469702734291,59.36958437448758,0.2588059728500661,8.161069783875673,PCM Storage + DSM
2024-01-17 10:00:00,202.2185247590801,96.9,-10.9,202.2185247590801,0.0,25.769834857046785,25.769834857046785,679.1534274410596,21.22918232041541,21.22890756740231,64.3948833280777,41.40740129855357,9.064730201481433,56.21465166125826,0.25634524771442985,7.727385999369323,PCM Storage + DSM
2024-01-17 11:00:00,213.71911610839527,96.2,-10.8,213.71911610839527,0.0,24.10745409948463,24.10745409948463,708.1965108756619,21.231226768525378,21.23095274424268,68.05715531342307,43.76232699954518,9.580260407545564,59.4116967260982,0.25883881885077303,8.166858637610767,PCM Storage + DSM
2024-01-17 12:00:00,210.49898324930732,98.6,-10.65,210.49898324930732,0.0,24.57291598219557,24.57291598219557,679.2976871363821,21.233265794123394,21.23299249663828,67.03172957654301,43.102954502936534,9.435913416510331,58.51653320340777,0.2581406260267066,8.04380754918516,PCM Storage + DSM
2024-01-17 13:00:00,221.60874981453293,95.8,-10.3,221.60874981453293,0.0,22.96702793713098,22.96702793713098,726.8748581733445,21.23529941159165,21.235026838976424,70.56954651305865,45.377852725280995,9.933924351142506,61.60493303347333,0.2605494580943035,8.46834558156704,PCM Storage + DSM
2024-01-17 14:00:00,210.45906515627985,98.0,-10.1,210.45906515627985,0.0,24.578686039378884,24.578686039378884,684.77242032013,21.2373276352742,21.237055785606287,67.01901797682066,43.094780649927614,9.43412403176488,58.50543638773673,0.25813197094093165,8.042282157218478,PCM Storage + DSM
2024-01-17 15:00:00,214.52484136018154,96.4,-10.7,214.52484136018154,0.0,23.99098859664497,23.99098859664497,707.7595650386147,21.239350479477018,21.23907935083893,68.3137321213346,43.927311829084616,9.616378176838287,59.635679985880195,0.25901351710503256,8.19764785456015,PCM Storage + DSM
2024-01-17 16:00:00,208.36776987931495,96.8,-10.5,208.36776987931495,0.0,24.880977366947363,24.880977366947363,692.1297910538987,21.241367958468164,21.241097548947515,66.35306160351035,42.66655527903133,9.340378775340403,57.92407800004462,0.25767853394957896,7.962367392421243,PCM Storage + DSM
2024-01-17 17:00:00,212.22360057769538,96.8,-10.15,212.22360057769538,0.0,24.32362700445607,24.32362700445607,699.5165646180758,21.243380086477853,21.243110394167317,67.58092026903492,43.45609683689472,9.513221817416046,58.99595892605018,0.2585145594933159,8.10971043228419,PCM Storage + DSM
2024-01-17 18:00:00,205.71631127350236,96.7,-9.95,205.71631127350236,0.0,25.26423885602183,25.26423885602183,687.9451731547783,21.24538687769856,21.245117900695867,65.50872566656321,42.12362771763117,9.221523408698193,57.187000019194066,0.2571036417159673,7.861047079987585,PCM Storage + DSM
2024-01-17 19:00:00,212.53254786999835,95.4,-10.35,212.53254786999835,0.0,24.278969471793108,24.278969471793108,713.8848800724641,21.247388346285106,21.247120082693037,67.67930208082035,43.51935862029331,9.527070814952456,59.08184306766971,0.25858154579231035,8.121516249698441,PCM Storage + DSM
2024-01-17 20:00:00,210.42327495592784,98.3,-10.45,210.42327495592784,0.0,24.58385942034403,24.58385942034403,681.9176979753155,21.24938450635475,21.249116954281128,67.00762087173989,43.08745204741557,9.43251968562283,58.49548708339841,0.25812421086948395,8.040914504608786,PCM Storage + DSM
2024-01-17 21:00:00,223.80185743579304,96.6,-10.4,223.80185743579304,0.0,22.650019898317154,22.650019898317154,722.9801959264795,21.251375371987347,21.251108529544993,71.26792421888564,45.82692576382988,10.032233489304899,62.21459419647344,0.2610249701525243,8.552150906266277,PCM Storage + DSM
2024-01-17 22:00:00,218.98675261932533,98.2,-10.55,218.98675261932533,0.0,23.346030855442187,23.346030855442187,698.8818880289406,21.253360957225393,21.25309482253215,69.73459232835626,44.84095784784584,9.816389633727697,60.87604501907903,0.2599809537168367,8.36815107940275,PCM Storage + DSM
2024-01-17 23:00:00,227.44586869726916,97.6,-10.85,227.44586869726916,0.0,22.123287488006923,22.123287488006923,719.8895231145092,21.25534127607413,21.255075847252826,72.42833066685336,46.57309398368094,10.19558142676906,63.22759151686055,0.2618150687679896,8.691399680022403,PCM Storage + DSM
2024-01-18 00:00:00,219.89745656085836,98.4,-10.7,219.89745656085836,0.0,23.214390954305223,23.214390954305223,698.6927873432404,21.257316342501657,21.2570516176801,64.21643708613455,41.292656232354545,9.039610705100925,55.14408791969865,0.26017841356854216,7.705972450336145,PCM Storage + DSM
2024-01-18 01:00:00,212.1640333245783,96.8,-10.75,212.1640333245783,0.0,24.33223729694929,24.33223729694929,699.403313284071,21.259286170439026,21.25902214775,61.95805313536071,39.84046305018085,8.721702819456937,53.20476321112184,0.2585016440545761,7.434966376243285,PCM Storage + DSM
2024-01-18 02:00:00,213.2636747593312,95.9,-10.55,213.2636747593312,0.0,24.173286969455038,24.173286969455038,710.2916922801095,21.261250773780358,21.260987451361572,62.2791803376327,40.046955278214135,8.766907209907053,53.48052230768681,0.25874006954581746,7.473501640515924,PCM Storage + DSM
2024-01-18 03:00:00,219.55632664540843,99.1,-11.4,219.55632664540843,0.0,23.263700401971715,23.263700401971715,691.6232724737583,21.263210166382887,21.262947542377017,64.11681725379863,41.22859837307073,9.025587434055597,55.058542146028444,0.2601044493970424,7.694018070455835,PCM Storage + DSM
2024-01-18 04:00:00,245.76708188563708,99.3,-12.7,245.76708188563708,0.0,19.475003470737633,19.475003470737633,735.5049172795601,21.265164362067114,21.264902434621753,71.77111822293413,46.150491161883444,10.103067034611037,61.63146124211109,0.2657874947938936,8.612534186752097,PCM Storage + DSM
2024-01-18 05:00:00,247.73375381633298,102.3,-12.45,247.73375381633298,0.0,19.190726125797347,19.190726125797347,712.0925981286415,21.267113374616894,21.266852141884538,72.34544348472565,46.519795605991796,10.18391357515854,62.12464716409325,0.26621391081130397,8.681453218167078,PCM Storage + DSM
2024-01-18 06:00:00,236.50579376718406,100.4,-12.8,236.50579376718406,0.0,20.813698733505326,20.813698733505326,709.9115445622605,21.269057217779494,21.26879667791756,69.06655339941783,44.41139334545085,9.72235122039505,59.308991058776826,0.263779451899742,8.28798640793014,PCM Storage + DSM
2024-01-18 07:00:00,215.77717815460977,96.4,-11.7,215.77717815460977,0.0,23.80996654953358,23.80996654953358,710.1159847290282,21.270995905265757,21.270736056436522,63.01319625201879,40.51894451021042,8.870233062577748,54.1108381575536,0.25928505017569964,7.561583550242254,PCM Storage + DSM
2024-01-18 08:00:00,203.4664120472288,97.6,-11.6,203.4664120472288,0.0,25.589455974568857,25.589455974568857,674.9901119226947,21.27292945075012,21.27267029112076,59.418095382819075,38.207211392513734,8.364158391079782,51.02364479387602,0.2566158160381467,7.13017144593829,PCM Storage + DSM
2024-01-18 09:00:00,225.31641459773405,97.4,-11.95,225.31641459773405,0.0,22.431094574760756,22.431094574760756,717.9801505050781,21.27485786787078,21.274599395613322,65.79893005030907,42.3102358572118,9.26237486002455,56.503009951322646,0.26135335813785887,7.895871606037087,PCM Storage + DSM
2024-01-18 10:00:00,237.41255487821735,100.9,-11.9,237.41255487821735,0.0,20.682628758327297,20.682628758327297,707.027053384605,21.276781170229754,21.276523383521074,69.33135395122734,44.581666232770054,9.759626628553294,59.536381203306064,0.2639760568625091,8.31976247414728,PCM Storage + DSM
2024-01-18 11:00:00,243.7211648304883,100.1,-11.7,243.7211648304883,0.0,19.770735493617494,19.770735493617494,724.8034143500219,21.278699371392975,21.278442268414786,71.17365108570489,45.766305955926825,10.018962861680992,61.118402875133974,0.26534389675957376,8.540838130284586,PCM Storage + DSM
2024-01-18 12:00:00,233.2165696703397,98.3,-11.45,233.2165696703397,0.0,21.28914757607545,21.28914757607545,723.4495461867026,21.2806124848904,21.280356063829235,68.10600453459391,43.79373818005524,9.587136808085187,58.484146307860954,0.26306627863588683,8.17272054415127,PCM Storage + DSM
2024-01-18 13:00:00,222.40251522561528,98.1,-10.85,222.40251522561528,0.0,22.85229119835622,22.85229119835622,706.0690741111835,21.2825205242161,21.282264783263305,64.94798689420574,41.76305970087789,9.1425894092524,55.772286069026165,0.26072156320246564,7.793758427304689,PCM Storage + DSM
2024-01-18 14:00:00,224.91845693660588,97.3,-10.75,224.91845693660588,0.0,22.48861832620014,22.48861832620014,718.2211593803635,21.284423502828364,21.28416844018008,65.68271486752131,42.23550680325638,9.246015496937893,56.40321337978978,0.2612670725106998,7.881925784102557,PCM Storage + DSM
2024-01-18 15:00:00,224.45437827282464,97.8,-9.9,224.45437827282464,0.0,22.55569969769075,22.55569969769075,712.615475152244,21.28632143414977,21.286067048006917,65.54719043362466,42.14836145365573,9.226938011810345,56.28683552332228,0.26116645045346387,7.865662852034959,PCM Storage + DSM
2024-01-18 16:00:00,231.0814761989122,97.6,-10.15,231.0814761989122,0.0,21.597769819462002,21.597769819462002,726.3393499382569,21.288214331567282,21.287960620135564,67.48249529658233,43.392807300187606,9.4993667442447,57.94872500764874,0.262603345270807,8.097899435589879,PCM Storage + DSM
2024-01-18 17:00:00,225.30716463713347,98.6,-10.7,225.30716463713347,0.0,22.43243163266009,22.43243163266009,706.652154148731,21.290102208432412,21.289849169922277,65.7962287934494,42.308498886492735,9.261994609865342,56.50069032176171,0.2613513525510099,7.895547455213927,PCM Storage + DSM
2024-01-18 18:00:00,217.28340115345551,97.3,-10.85,217.28340115345551,0.0,23.592245907713902,23.592245907713902,704.2293943301729,21.29198507806121,21.291732710687867,63.45305706694502,40.8017852009275,8.932151330108354,54.488556457592395,0.25961163113842917,7.614366848033403,PCM Storage + DSM
2024-01-18 19:00:00,216.80630397032246,96.3,-10.7,216.80630397032246,0.0,23.661209072531925,23.661209072531925,713.0238799157756,21.29386295373443,21.293611255717813,63.313730847698125,40.71219521530124,8.912538675776315,54.368913923183875,0.2595081863912021,7.5976477017237745,PCM Storage + DSM
2024-01-18 20:00:00,231.50984220144394,98.5,-10.65,231.50984220144394,0.0,21.535850620859662,21.535850620859662,718.590979368316,21.295735848697582,21.295484818262352,67.6075905972813,43.473246475614246,9.516976142564937,58.05614713464766,0.2626962240687105,8.112910871673757,PCM Storage + DSM
2024-01-18 21:00:00,244.76998038420572,100.2,-10.75,244.76998038420572,0.0,19.619131915873155,19.619131915873155,725.6496454171535,21.29760377616107,21.297353411536594,71.47993565612971,45.963254027942455,10.062077886544577,61.381416272425064,0.2655713021261903,8.577592278735567,PCM Storage + DSM
2024-01-18 22:00:00,249.90359695310104,98.7,-10.2,249.90359695310104,0.0,18.87708090809241,18.87708090809241,747.9036925279271,21.299466749300244,21.29921704872058,72.97910063319058,46.92725182729602,10.273112138681213,62.66878270152625,0.2666843786378614,8.757492075982869,PCM Storage + DSM
2024-01-18 23:00:00,233.91060546999157,99.0,-9.85,233.91060546999157,0.0,21.18882649489302,21.18882649489302,718.1393494484958,21.301324781255516,21.301075742959412,68.30868312379138,43.924065206734795,9.615667440236995,58.658190936452776,0.2632167602576605,8.197041974854967,PCM Storage + DSM
2024-01-19 00:00:00,212.54417751333182,96.2,-9.6,212.54417751333182,0.0,24.27728843690476,24.27728843690476,705.9662444478221,21.30317788513243,21.302929507363313,72.92141920156897,46.89016133092128,10.264992446738901,49.11496086180791,0.25858406734464284,8.750570304188276,PCM Storage + DSM
2024-01-19 01:00:00,188.70868585061663,93.7,-9.2,188.70868585061663,0.0,27.722647156610112,27.722647156610112,683.278537902778,21.305026074001805,21.30477835500774,64.74374103721026,41.631724884707936,9.113838156159794,43.60702715206055,0.25341602926508483,7.76924892446523,PCM Storage + DSM
2024-01-19 02:00:00,196.16970358567488,93.7,-9.1,196.16970358567488,0.0,26.644176325166356,26.644176325166356,698.869697785541,21.30686936089974,21.306622298933455,67.30352888128985,43.27772775047828,9.47417402417271,45.33112798763228,0.25503373551225045,8.076423465754782,PCM Storage + DSM
2024-01-19 03:00:00,187.788006071491,97.1,-8.7,187.788006071491,0.0,27.855729039289667,27.855729039289667,647.8653894373003,21.3087077588278,21.308461352146658,64.42786658273447,41.42861029515579,9.069373183798943,43.39427537571431,0.2532164064410655,7.731343989928136,PCM Storage + DSM
2024-01-19 04:00:00,208.56463197536905,91.9,-9.0,208.56463197536905,0.0,24.852521459730628,24.852521459730628,743.1200677863231,21.310541280753057,21.310295527619033,71.55608371319826,46.01221899214742,10.072797085912896,48.19536275457411,0.2577212178104041,8.58673004558379,PCM Storage + DSM
2024-01-19 05:00:00,191.1967756556772,97.9,-9.15,191.1967756556772,0.0,27.363000205476112,27.363000205476112,647.5366535552903,21.312369939608182,21.31212483828786,65.59737552303186,42.1806316283791,9.23400245966866,44.18197789795218,0.2539554996917858,7.871685062763823,PCM Storage + DSM
2024-01-19 06:00:00,223.89010003133,93.9,-9.1,223.89010003133,0.0,22.63726465918532,22.63726465918532,750.5388511499949,21.314193748291547,21.313949297056126,76.81407239886283,49.39322748658531,10.812952923996534,51.736790106589886,0.26104410301122205,9.21768868786354,PCM Storage + DSM
2024-01-19 07:00:00,209.60670118330557,98.5,-9.0,209.60670118330557,0.0,24.701893048833753,24.701893048833753,678.5169754032817,21.316012719667317,21.31576891679256,71.9136054596795,46.242113754967086,10.123124658625523,48.43616534423756,0.25794716042674937,8.62963265516154,PCM Storage + DSM
2024-01-19 08:00:00,221.63649493848288,94.9,-8.95,221.63649493848288,0.0,22.963017451168163,22.963017451168163,736.0203672440333,21.317826866565532,21.317583710331796,76.04088687285619,48.8960512871895,10.7041132487504,51.216024366365296,0.26055547382324773,9.124906424742743,PCM Storage + DSM
2024-01-19 09:00:00,225.1172307137785,96.1,-8.8,225.1172307137785,0.0,22.45988609041825,22.45988609041825,730.289509342954,21.31963620178222,21.3193936904744,77.2350865708663,49.66394934943438,10.87221818985264,52.02035692147947,0.26131017086437264,9.268210388503956,PCM Storage + DSM
2024-01-19 10:00:00,222.20136891051777,99.1,-8.85,222.20136891051777,0.0,22.881366378363595,22.881366378363595,696.444234259606,21.32144073807943,21.32119886998699,76.23468852008422,49.02067023460194,10.731394292739164,51.3465561144138,0.2606779504324546,9.148162622410105,PCM Storage + DSM
2024-01-19 11:00:00,212.62790030744202,94.2,-8.75,212.62790030744202,0.0,24.265186523388248,24.265186523388248,726.3193353218699,21.32324048818542,21.322999261602348,72.95014351214508,46.90863172784691,10.26903590659377,49.13430762446249,0.25860222021491763,8.754017221457408,PCM Storage + DSM
2024-01-19 12:00:00,186.36490363204584,94.1,-8.7,186.36490363204584,0.0,28.0614348190637,28.0614348190637,674.1666677998614,21.32503546479462,21.32479487801944,63.939616795007176,41.11465437428929,9.000643303908802,43.06542317456987,0.25290784777140446,7.672754015400861,PCM Storage + DSM
2024-01-19 13:00:00,181.5765534761085,93.9,-8.95,181.5765534761085,0.0,28.753578459153474,28.753578459153474,665.8401497739393,21.32682568056786,21.326585731903602,62.2967899103088,40.05827864126428,8.769386071844872,41.95892553604133,0.2518696323112698,7.475614789237056,PCM Storage + DSM
2024-01-19 14:00:00,182.06065230862913,93.5,-9.05,182.06065230862913,0.0,28.683603224011456,28.683603224011456,671.0146252573962,21.328611148132364,21.32837183588655,62.4628785527465,40.165077484792135,8.792766015334443,42.0707916689586,0.2519745951639828,7.4955454263295795,PCM Storage + DSM
2024-01-19 15:00:00,181.59004819437385,94.3,-8.8,181.59004819437385,0.0,28.751627832503797,28.751627832503797,661.8063182288549,21.33039188008182,21.330153202566482,62.30141979017259,40.0612557612399,8.770037810145517,41.96204391155835,0.2518725582512443,7.47617037482071,PCM Storage + DSM
2024-01-19 16:00:00,176.0960508897453,93.4,-8.45,176.0960508897453,0.0,29.54577094427141,29.54577094427141,658.8108254927826,21.332167888976574,21.331929844508206,60.41649362926668,38.849204586845715,8.504700780007965,40.692484492200535,0.2506813435835929,7.249979235512002,PCM Storage + DSM
2024-01-19 17:00:00,173.14150759237995,91.7,-8.05,173.14150759237995,0.0,29.97284254222162,29.97284254222162,670.0785140774776,21.33393918734363,21.333701774243192,59.40282441067399,38.197391803764596,8.362008728944295,40.0097451195564,0.25004073618666756,7.128338929280879,PCM Storage + DSM
2024-01-19 18:00:00,177.86529519942854,92.9,-7.6,177.86529519942854,0.0,29.29003125171909,29.29003125171909,667.9851553938357,21.33570578767678,21.335469004269687,61.023500640636406,39.23952415280823,8.59014786064698,41.101323567642254,0.2510649531224214,7.3228200768763685,PCM Storage + DSM
2024-01-19 19:00:00,176.84886401066612,93.5,-7.25,176.84886401066612,0.0,29.436953753202918,29.436953753202918,659.4706389840089,21.337467702436673,21.33723154705278,60.67477499840776,39.01528548873162,8.541058496744636,40.86644544188575,0.2508445693701956,7.280972999808931,PCM Storage + DSM
2024-01-19 20:00:00,174.18715024913195,90.6,-6.8,174.18715024913195,0.0,29.82169759853364,29.82169759853364,684.6495458300114,21.33922494405088,21.338989415024482,59.76157216561201,38.42807491841505,8.41250888424906,40.25137346601435,0.25026745360219954,7.171388659873441,PCM Storage + DSM
2024-01-19 21:00:00,180.67534800234935,91.7,-6.65,180.67534800234935,0.0,28.883845381321446,28.883845381321446,687.1132588679195,21.340977524914063,21.340742620583857,61.98759686203244,39.859460350632794,8.725861626765603,41.75067390529811,0.25167423192801786,7.438511623443893,PCM Storage + DSM
2024-01-19 22:00:00,176.31364687406565,94.5,-6.7,176.31364687406565,0.0,29.514318007090186,29.514318007090186,648.1402965118099,21.34272545738798,21.342491176097084,60.49114826424584,38.8972092460611,8.515209753538182,40.74276683057657,0.2507285229893647,7.2589377917095,PCM Storage + DSM
2024-01-19 23:00:00,194.40020343671372,89.8,-6.85,194.40020343671372,0.0,26.89995299862511,26.89995299862511,738.3232099020336,21.344468753801596,21.344235093897517,66.69643409445881,42.887351742861355,9.388714587569464,44.92222979254651,0.25465007050206234,8.003572091335055,PCM Storage + DSM
2024-01-20 00:00:00,175.79138565665872,95.3,-6.65,175.79138565665872,0.0,29.58980951634114,29.58980951634114,639.0953229415744,21.34620742645118,21.345974386285803,65.20199916382393,41.92639547290266,9.178346173966514,33.698597146244154,0.2506152857254883,7.8242398996588705,PCM Storage + DSM
2024-01-20 01:00:00,188.02890887902177,90.6,-6.5,188.02890887902177,0.0,27.820907161047227,27.820907161047227,715.5011992759079,21.347941487600384,21.347709065529965,69.74096434651045,44.84505520308831,9.817286609114895,36.044487780178066,0.2532686392584292,8.368915721581255,PCM Storage + DSM
2024-01-20 02:00:00,181.913902291901,91.8,-6.3,181.913902291901,0.0,28.70481555967064,28.70481555967064,688.7640196425301,21.34967094948035,21.349439143865517,67.47287451440141,43.38662091443795,9.498012447283665,34.87226228826184,0.251942776660494,8.096744941728168,PCM Storage + DSM
2024-01-20 03:00:00,206.29115324411418,94.0,-6.5,206.29115324411418,0.0,25.181146934784135,25.181146934784135,716.1004544556207,21.35139582428978,21.351164633495507,76.5145319896255,49.200616066401004,10.770787260300176,39.54529650039311,0.2572282795978238,9.18174383875506,PCM Storage + DSM
2024-01-20 04:00:00,213.46281352967046,96.5,-8.0,213.46281352967046,0.0,24.144501974854194,24.144501974854194,704.7765869927192,21.35311612419502,21.3528855465906,79.1745405343864,50.91106316371674,11.14523098231216,40.92007883076678,0.2587832470377187,9.500944864126367,PCM Storage + DSM
2024-01-20 05:00:00,203.95782701723172,94.3,-7.8,203.95782701723172,0.0,25.518423210661503,25.518423210661503,708.3844588373448,21.354831861330105,21.354601895289175,75.64908836094132,48.64411577038173,10.648960608970684,39.098005979092754,0.25672236518400776,9.077890603312957,PCM Storage + DSM
2024-01-20 06:00:00,188.90060147870028,93.7,-8.8,188.90060147870028,0.0,27.694906248554915,27.694906248554915,683.6859648442482,21.35654304779695,21.356313691697444,70.06427996259164,45.0529546318823,9.862799057903258,36.21158821938446,0.25345764062716764,8.407713595510996,PCM Storage + DSM
2024-01-20 07:00:00,185.06991019970764,94.6,-9.6,185.06991019970764,0.0,28.248622772943705,28.248622772943705,666.3258292813755,21.35824969566533,21.358020947889504,68.64345533778565,44.139331493309804,9.662792609846358,35.47725802612613,0.2526270658405845,8.237214640534278,PCM Storage + DSM
2024-01-20 08:00:00,209.93244747607412,94.6,-9.35,209.93244747607412,0.0,24.654807264068616,24.654807264068616,717.0054780307182,21.35995181697301,21.359723675907393,77.86510820006164,50.0690678476534,10.960904989091912,40.24331993854622,0.25801778910389706,9.343812984007396,PCM Storage + DSM
2024-01-20 09:00:00,214.58903054341852,99.2,-9.55,214.58903054341852,0.0,23.981710216097774,23.981710216097774,681.529782397798,21.361649423725847,21.361421887761256,79.59226066620279,51.17966688243898,11.204032553166034,41.135970714796116,0.2590274346758533,9.551071279944335,PCM Storage + DSM
2024-01-20 10:00:00,226.84660223920736,95.8,-9.95,226.84660223920736,0.0,22.209909905783178,22.209909905783178,736.3998986568757,21.36334252789785,21.36311559542937,84.13866193879018,54.103108190643006,11.844019750808913,43.48570457134784,0.26168513514132524,10.09663943265482,PCM Storage + DSM
2024-01-20 11:00:00,204.62807312353547,97.9,-10.65,204.62807312353547,0.0,25.421540868170776,25.421540868170776,674.4613056641585,21.365031141431242,21.36480481085822,75.8976863562272,48.80397003862186,10.683955217850006,39.226489826243736,0.25686768869774385,9.107722362747262,PCM Storage + DSM
2024-01-20 12:00:00,197.08859713187607,95.3,-10.45,197.08859713187607,0.0,26.51135263783971,26.51135263783971,684.4559520967675,21.36671527623662,21.366489545962636,73.10125292766332,47.005798581562225,10.290307256300201,37.781198504444056,0.25523297104324044,8.772150351319599,PCM Storage + DSM
2024-01-20 13:00:00,185.16131367324948,94.1,-9.7,185.16131367324948,0.0,28.2354106370652,28.2354106370652,671.5819896468348,21.368394944192936,21.368169812625812,68.6773573926741,44.16113129973944,9.667564929710249,35.494779754060346,0.2526468840444022,8.24128288712089,PCM Storage + DSM
2024-01-20 14:00:00,181.56192973759144,93.7,-7.9,181.56192973759144,0.0,28.755692282762713,28.755692282762713,667.8585254519402,21.37007015714768,21.369845622699458,67.3423259434003,43.302675159914955,9.479635403749246,34.80479037392482,0.2518664615758559,8.081079113208036,PCM Storage + DSM
2024-01-20 15:00:00,183.1494195756889,92.6,-7.55,183.1494195756889,0.0,28.526224729354176,28.526224729354176,682.8510931503614,21.371740926916893,21.37151698800383,67.93113472211016,43.68129284082501,9.562520758041694,35.10910665386067,0.2522106629059687,8.151736166653219,PCM Storage + DSM
2024-01-20 16:00:00,169.98217771985574,93.1,-7.85,169.98217771985574,0.0,30.429515510363235,30.429515510363235,647.9494308903888,21.37340726528529,21.373183920327836,63.04733174583284,40.54089442327543,8.875038243140656,32.58499219188402,0.24935572673445516,7.565679809499941,PCM Storage + DSM
2024-01-20 17:00:00,168.9195316198062,91.0,-7.85,168.9195316198062,0.0,30.583118257836393,30.583118257836393,667.9167548590176,21.375069184006318,21.374846431429123,62.65319041821288,40.28745242171211,8.819555810197558,32.38128663088152,0.2491253226132454,7.518382850185545,PCM Storage + DSM
2024-01-20 18:00:00,176.01448292331852,91.7,-6.55,176.01448292331852,0.0,29.55756138301519,29.55756138301519,676.6450173800952,21.376726694802255,21.37650453303414,65.28474717641777,41.97960436135851,9.189994434978967,33.74136411622686,0.25066365792547723,7.834169661170132,PCM Storage + DSM
2024-01-20 19:00:00,168.41222450617155,92.7,-5.2,168.41222450617155,0.0,30.656448190034258,30.656448190034258,648.4518542052931,21.378379809364297,21.378158236838253,62.46502739830465,40.16645924225105,8.793068503734492,32.284037621847666,0.2490153277149486,7.495803287796558,PCM Storage + DSM
2024-01-20 20:00:00,166.08852410895753,86.5,-3.7,166.08852410895753,0.0,30.99233307710993,30.99233307710993,714.8047474929294,21.380028539352608,21.37980755450579,61.60315404319018,39.61225471482093,8.67174443219057,31.838592338611647,0.24851150038433512,7.392378485182821,PCM Storage + DSM
2024-01-20 21:00:00,113.71773464593781,88.6,-3.05,113.71773464593781,0.0,38.56239534759023,38.56239534759023,542.9157792817103,21.38167289639647,21.38145249767016,42.17853799604277,27.121776742577243,5.937382715318208,21.799294168495532,0.23715640697861465,4.666027250326081,PCM Storage + DSM
2024-01-20 22:00:00,109.77903936444517,79.9,-2.15,109.77903936444517,0.0,39.13172357141623,39.13172357141623,643.2767442363715,21.383312892094263,21.38309307793389,40.71765408815879,26.18239455725421,5.731737207534825,21.044259983646068,0.23630241464287566,4.365325792624051,PCM Storage + DSM
2024-01-20 23:00:00,92.30485741862896,84.6,-2.2,142.6336870468627,50.328829628233734,38.5061353264436,41.657571411631395,739.2303044637996,29.799532193324357,28.840030196734915,34.23638316374123,22.0147872533522,4.819382541198524,68.02334971619244,0.2372407970103346,3.7989782228535307,PCM Storage + DSM
2024-01-21 00:00:00,136.53320192319242,86.8,-5.3,174.75213178446387,38.21892986127144,34.79202478218598,35.26447851666522,802.7000911210423,35.82717933151075,35.10005822478015,73.67494088425065,46.495749975620896,0.0,38.21892986127144,0.24281196282672102,8.840992906110078,PCM Storage + DSM
2024-01-21 01:00:00,155.42931466654792,89.7,-3.4,155.42931466654792,0.0,32.53309425448553,32.53309425448553,649.5147561531716,35.530296744419736,35.53511764344912,83.8715082370915,52.930733710349806,0.0,0.0,0.2462003586182717,10.06458098845098,PCM Storage + DSM
2024-01-21 02:00:00,156.07294679397415,89.5,-3.7,156.07294679397415,0.0,32.44005889386072,32.44005889386072,653.4270171813566,35.4944095200691,35.499219515701135,84.21881979407094,53.1499196523152,0.0,0.0,0.24633991165920893,10.106258375288512,PCM Storage + DSM
2024-01-21 03:00:00,147.30557759752702,85.2,-3.0,176.5364864368628,29.230908839335772,34.58568569935327,33.70735945293022,833.2242423052894,40.34599510260859,39.79308927977285,79.48784301948378,50.16423265193789,0.0,29.23090883933577,0.2431214714509701,9.538541162338051,PCM Storage + DSM
2024-01-21 04:00:00,151.14075175799357,87.8,-3.2,151.14075175799357,0.0,33.15299493960988,33.15299493960988,660.7177720704856,40.09847987216998,40.10492951599342,81.55734864575724,51.47028346131046,0.0,0.0,0.24527050759058516,9.786881837490869,PCM Storage + DSM
2024-01-21 05:00:00,175.50790542275786,90.5,-4.05,175.50790542275786,0.0,29.630785851528817,29.630785851528817,688.810508952578,40.05047656431968,40.05691054080002,94.7061548004601,59.768404859296666,0.0,0.0,0.25055382122270675,11.36473857605521,PCM Storage + DSM
2024-01-21 06:00:00,171.13162620835124,91.1,-4.25,171.13162620835124,0.0,30.263365701971203,30.263365701971203,671.9947405653993,40.002601089127374,40.009018000705666,92.3446624464189,58.2780832282913,0.0,0.0,0.2496049514470432,11.081359493570268,PCM Storage + DSM
2024-01-21 07:00:00,137.54733072532596,87.3,-3.75,0.0,-137.54733072532596,87.3,20.12048990834571,0.0,26.584852889687454,27.64683747281338,74.22217685684753,0.0,0.0,0.0,0.16405,0.0,PCM Storage + DSM
2024-01-21 08:00:00,110.33817127587122,82.7,-2.65,110.33817127587122,0.0,39.050902498632965,39.050902498632965,603.8808938369733,26.949596190516232,26.951363177555866,59.53979055291798,37.57515353149192,0.0,0.0,0.23642364625205056,6.412113035071781,PCM Storage + DSM
2024-01-21 09:00:00,110.7749978795405,83.6,-1.6,110.7749978795405,0.0,38.987760342001664,38.987760342001664,593.1827318836889,26.936469294992612,26.938228867786854,59.77550738771475,37.72391280953428,0.0,0.0,0.2365183594869975,6.460144588475807,PCM Storage + DSM
2024-01-21 10:00:00,138.45115997933934,84.8,-0.35,138.45115997933934,0.0,34.98724263639548,34.98724263639548,663.9827430013171,26.923376243827107,26.925131149680265,74.70989388040603,47.148901714437514,0.0,0.0,0.24251913604540679,8.965187265648723,PCM Storage + DSM
2024-01-21 11:00:00,135.3524518954924,85.5,0.8,135.3524518954924,0.0,35.43515288165397,35.43515288165397,645.8534875401194,26.910317919501033,26.91206817079832,73.03779411508008,46.09365101874935,0.0,0.0,0.24184727067751904,8.76453529380961,PCM Storage + DSM
2024-01-21 12:00:00,115.06696907952302,79.8,2.3,115.06696907952302,0.0,38.36736699715973,38.36736699715973,663.4510970470949,26.897294229910493,26.89903983899724,62.091506133671814,39.18552373644432,0.0,0.0,0.2374489495042604,6.941569478293875,PCM Storage + DSM
2024-01-21 13:00:00,113.4279099353868,78.0,2.9,113.4279099353868,0.0,38.604288760481104,38.604288760481104,687.8151859255951,26.884305083193407,26.8860460623822,61.20705031011353,38.62734973123872,0.0,0.0,0.23709356685927835,6.755683339965324,PCM Storage + DSM
2024-01-21 14:00:00,118.15909802231387,83.8,2.45,118.15909802231387,0.0,37.92040774973785,37.92040774973785,615.245425904176,26.871350387731354,26.873086749302118,63.76005571617376,40.23853393609718,0.0,0.0,0.23811938837539323,7.299095189511551,PCM Storage + DSM
2024-01-21 15:00:00,114.66883149478299,81.0,2.0,114.66883149478299,0.0,38.42491675609221,38.42491675609221,643.4142232984059,26.858430052148886,26.860161808348984,61.87666635399668,39.049939824727495,0.0,0.0,0.23736262486586168,6.89618537028598,PCM Storage + DSM
2024-01-21 16:00:00,92.29565236092957,77.9,2.15,92.29565236092957,0.0,41.65890197893241,41.65890197893241,608.3880464650805,26.84554398531292,26.847271148357226,49.80383259004023,31.430857224199087,0.0,0.0,0.23251164703160138,4.584272865531885,PCM Storage + DSM
2024-01-21 17:00:00,95.17513678289453,79.1,2.7,95.17513678289453,0.0,41.24267994744013,41.24267994744013,600.5849138955709,26.83269209633209,26.834414678403075,51.35763665804072,32.411452316502675,0.0,0.0,0.23313598007883982,4.855552307782973,PCM Storage + DSM
2024-01-21 18:00:00,103.7937893281234,80.8,2.9,103.7937893281234,0.0,39.99687599596282,39.99687599596282,607.6852965670972,26.819874294556094,26.821592307803932,56.00836415748693,35.34649454963762,0.0,0.0,0.23500468600605579,5.71390296619813,PCM Storage + DSM
2024-01-21 19:00:00,113.05911596372907,79.2,2.7,113.05911596372907,0.0,38.6575969759778,38.6575969759778,666.1881061625959,26.807090489575057,26.808803946117685,61.00804469332857,38.50175865114115,0.0,0.0,0.2370136045360333,6.714204860835547,PCM Storage + DSM
2024-01-21 20:00:00,94.47868954939854,81.4,2.15,94.47868954939854,0.0,41.343349595152645,41.343349595152645,563.455998481536,26.794340591218933,26.79604950314215,50.98182544117875,32.17428043461816,0.0,0.0,0.23298497560727102,4.78922770760093,PCM Storage + DSM
2024-01-21 21:00:00,87.82054039830346,78.4,1.35,87.82054039830346,0.0,42.305767847707834,42.305767847707834,581.2447910055839,26.781624509556803,26.783328888914344,47.38900890867401,29.90687855823162,0.0,0.0,0.23154134822843825,4.178070590226585,PCM Storage + DSM
2024-01-21 22:00:00,84.34397985481861,79.5,0.7,84.34397985481861,0.0,42.80829568948992,42.80829568948992,549.1449331421853,26.768942154896287,26.770642013709942,45.513015458627656,28.722951956291126,0.0,0.0,0.23078755646576513,3.8754435460111085,PCM Storage + DSM
2024-01-21 23:00:00,105.72431973782169,83.7,-1.5,148.00093467427013,42.276614936448446,37.88547790764716,39.71782281447906,771.7241186961322,33.82468635113102,33.02036550801553,57.050101345264764,78.28054268171388,0.0,0.0,0.23817178313852927,6.542912535210192,PCM Storage + DSM
2024-01-22 00:00:00,126.28399184875137,85.6,-2.3,158.40915101770264,32.12515916895126,36.681893288781694,36.7459753449981,773.590988981978,38.87747651822974,38.267953383731395,83.16111635662658,23.45824954762875,0.0,32.12515916895127,0.23997716006682746,9.979333962795188,PCM Storage + DSM
2024-01-22 01:00:00,135.49914353292164,85.2,-1.25,159.97477178112615,24.475628248204526,36.50084814063564,35.41394898457157,784.7491927687539,42.706524827405204,42.244622822640615,89.22952051642766,25.170036803177517,0.0,24.475628248204515,0.24024872778904655,10.707542461971318,PCM Storage + DSM
2024-01-22 02:00:00,150.06007270236736,84.8,-0.55,150.06007270236736,0.0,33.3092043042075,33.3092043042075,696.203697419455,42.48479716072816,42.492097624609386,98.8182507045829,27.874844475960803,0.0,0.0,0.24503619354368875,11.858190084549948,PCM Storage + DSM
2024-01-22 03:00:00,133.55202925959838,85.8,1.05,152.3314019632104,18.779372703612022,37.38471162363757,35.695399320683194,751.636206644488,45.57052592802824,45.219040644146496,87.9472978508865,24.808344938257125,0.0,18.77937270361201,0.23892293256454364,10.350669655601871,PCM Storage + DSM
2024-01-22 04:00:00,118.3671852943869,79.7,1.45,132.71005584426362,14.342870549876721,39.6536835215076,37.89032927233777,791.6660714861466,47.778576951258195,47.51221754720468,77.94770441579303,21.987640161167377,0.0,14.342870549876721,0.2355194747177386,8.11263329740995,PCM Storage + DSM
2024-01-22 05:00:00,84.64422304441273,79.6,2.1,95.64427626304528,11.000053218632553,43.939893638417935,42.76489631237875,640.7330512930581,49.45185720593409,49.250007701367714,55.7403038854149,15.723333400159811,0.0,11.000053218632559,0.2290901595423731,4.367845784222548,PCM Storage + DSM
2024-01-22 06:00:00,94.01737245233076,76.9,3.55,102.48420926844858,8.466836816117821,43.148937927301475,41.41003178931177,725.3878665231786,50.71988373424213,50.56692040021553,61.91275343447169,17.46446998159995,0.0,8.46683681611782,0.2302765931090478,5.1453443454752765,PCM Storage + DSM
2024-01-22 07:00:00,100.55595469748768,79.4,4.0,0.0,-100.55595469748768,79.4,36.18478035824489,0.0,40.86552210624003,41.640581579209325,66.21857075095403,0.0,0.0,0.0,0.1759,0.0,PCM Storage + DSM
2024-01-22 08:00:00,99.51720846863977,78.8,4.55,99.51720846863977,0.0,40.615044706860246,40.615044706860246,622.5964997847872,41.08859115879133,41.09539714653656,65.53453079673965,18.486107988546504,0.0,0.0,0.23407743293970962,6.442682143568816,PCM Storage + DSM
2024-01-22 09:00:00,104.77439589525798,75.5,4.95,104.77439589525798,0.0,39.8551318509506,39.8551318509506,702.1969340082502,41.037962985476184,41.04474894516034,68.99651809135426,19.46267210223061,0.0,0.0,0.2352173022235741,7.097617232518623,PCM Storage + DSM
2024-01-22 10:00:00,87.69690244946308,79.3,5.4,87.69690244946308,0.0,42.323639393684374,42.323639393684374,566.5795124219544,40.9874683893187,40.99423635052313,57.75056839706354,16.290392725924118,0.0,0.0,0.23151454090947343,5.085409002089996,PCM Storage + DSM
2024-01-22 11:00:00,99.5403498875746,74.9,5.05,99.5403498875746,0.0,40.6116996745596,40.6116996745596,693.5120018645617,40.93710772052564,40.943857730993,65.54976999059569,18.490406690007493,0.0,0.0,0.2340824504881606,6.445495901216535,PCM Storage + DSM
2024-01-22 12:00:00,94.0340867887973,77.5,5.35,94.0340867887973,0.0,41.407615775171855,41.407615775171855,622.4013345903459,40.886880623881815,40.89361273122305,61.923760236358206,17.467574801697218,0.0,0.0,0.23288857633724222,5.793234373508591,PCM Storage + DSM
2024-01-22 13:00:00,87.36842407197796,78.1,5.5,87.36842407197796,0.0,42.37112009423453,42.37112009423453,584.1654625612399,40.83678674511235,40.84350099681211,57.53425730196137,16.22937527123932,0.0,0.0,0.23144331985864822,5.049970443226818,PCM Storage + DSM
2024-01-22 14:00:00,81.6627481893841,73.2,5.5,81.6627481893841,0.0,43.19586079738761,43.19586079738761,650.194955049116,40.78682573088206,40.79352217429905,53.77692932222918,15.169500882313779,0.0,0.0,0.2302062088039186,4.454065309518597,PCM Storage + DSM
2024-01-22 15:00:00,43.323824545415285,75.7,6.15,43.323824545415285,0.0,48.73765312749887,48.73765312749887,383.85736054903913,40.736997228792845,40.74367591116017,28.529804619657963,8.047742810991004,0.0,0.0,0.2218935203087517,1.4143388518337963,PCM Storage + DSM
2024-01-22 16:00:00,68.35972889362982,69.4,6.55,68.35972889362982,0.0,45.118777856435784,45.118777856435784,672.559273757667,40.68730088738134,40.69396185580684,45.01656374181845,12.698359910222232,0.0,0.0,0.22732183321534633,3.20911076373878,PCM Storage + DSM
2024-01-22 17:00:00,59.6426858526434,80.5,2.9,59.6426858526434,0.0,46.37880389979571,46.37880389979571,417.574261594938,40.637736356116335,40.644379657582874,39.27617638151534,11.079100271852623,0.0,0.0,0.22543179415030642,2.5029598284857184,PCM Storage + DSM
2024-01-22 18:00:00,101.43688144975799,76.1,3.65,101.43688144975799,0.0,40.33756093861793,40.33756093861793,677.593972528818,40.58830328539634,40.59492896676219,66.79868269606071,18.842702416562734,0.0,0.0,0.2344936585920731,6.678173878822249,PCM Storage + DSM
2024-01-22 19:00:00,106.06023600175394,82.7,0.95,106.06023600175394,0.0,39.66926698666535,39.66926698666535,588.8092458694382,40.53900132654712,40.54560943454627,69.84327544473598,19.701527064407113,0.0,0.0,0.23549609952000197,7.262610957057067,PCM Storage + DSM
2024-01-22 20:00:00,125.97571283812943,83.1,0.85,1.4210854715202004e-14,-125.97571283812941,83.1,22.32953760581829,0.0,28.24685694119397,29.219775143906393,82.95810704169027,0.0,0.0,0.0,0.17035,0.0,PCM Storage + DSM
2024-01-22 21:00:00,121.7339759886314,80.4,3.35,121.7339759886314,0.0,37.40366837857559,37.40366837857559,676.3650825992271,28.575322685013305,28.57766892054274,80.16481894134436,22.613048141418858,0.0,0.0,0.23889449743213662,9.425618258076174,PCM Storage + DSM
2024-01-22 22:00:00,108.2845411670474,79.4,3.75,108.2845411670474,0.0,39.34774942348803,39.34774942348803,645.8628610381514,28.557883775227946,28.560221290803295,71.30803513403339,20.11470932823693,0.0,0.0,0.23597837586476794,7.552483825828059,PCM Storage + DSM
2024-01-22 23:00:00,96.0575071442233,77.9,3.8,135.65942219044882,39.60191504622552,39.31262489507851,41.11513559209674,839.8573013561656,35.16171967626088,34.408945274720644,63.25623233478129,57.44535617066447,0.0,0.0,0.23603106265738225,6.713020254176042,PCM Storage + DSM
2024-01-23 00:00:00,89.05957027399032,78.2,3.05,119.16056485895172,30.10099458496139,41.22051864534395,42.12666928131028,769.7904402557488,39.89069211949641,39.32023144116195,64.70788647705068,31.157941909829812,0.0,30.1009945849614,0.23316922203198406,6.126341328982929,PCM Storage + DSM
2024-01-23 01:00:00,80.0254290167474,78.5,3.2,102.96712750438675,22.94169848763935,43.093094260935764,43.4325310523255,694.7225542306867,43.47434854235785,43.04204841124155,58.14396319409677,27.997301816548575,0.0,22.941698487639357,0.23036035860859636,4.851615692615543,PCM Storage + DSM
2024-01-23 02:00:00,87.07382053979943,76.5,3.35,104.59014141600663,17.516320876207207,42.90541228779316,42.413704273441326,743.741834385274,46.190074972423254,45.86247412198893,63.26510309086827,30.463217303871893,0.0,17.516320876207203,0.23064188156831025,5.350173267816305,PCM Storage + DSM
2024-01-23 03:00:00,90.11971024016273,81.5,0.85,103.52463213334663,13.404921893183896,43.02862557828911,41.97342878901224,642.8457393418839,48.24807640244602,47.99981758992113,65.47815087839267,31.528837248541503,0.0,13.404921893183896,0.23045706163256635,5.488918574179811,PCM Storage + DSM
2024-01-23 04:00:00,97.58437861348045,80.8,1.25,107.87364611203067,10.289267498550215,42.525714593423025,40.89443026724274,673.3006644229162,49.80764802906002,49.61951531232695,70.90174445967159,34.14038930113324,0.0,10.289267498550217,0.23121142810986547,6.157512510800846,PCM Storage + DSM
2024-01-23 05:00:00,81.27876851704727,79.6,1.5,89.20696564833723,7.928197131289965,44.68429092870012,43.25136406667174,610.34961793028,50.98950515659008,50.8469365253081,59.05460030870559,28.435788991183454,0.0,7.928197131289963,0.22797356360694981,4.363795660343484,PCM Storage + DSM
2024-01-23 06:00:00,68.70717539268696,77.2,2.05,74.84613258492719,6.13895719224023,46.34494797299007,45.068555362933374,579.487213408676,51.885126906856335,51.777087141213364,49.92047560740604,24.037553438533017,0.0,6.138957192240227,0.22548257804051489,3.191431588859949,PCM Storage + DSM
2024-01-23 07:00:00,44.53068988587802,76.9,2.85,0.0,-44.53068988587802,76.9,45.44833076839868,0.0,47.48840898791673,47.83298272333278,32.35460060064625,0.0,0.0,0.0,0.17964999999999998,0.0,PCM Storage + DSM
2024-01-23 08:00:00,52.35451904352865,73.5,3.0,52.35451904352865,0.0,47.43228957660806,47.43228957660806,479.7909615660096,47.54005591543814,47.549160369815866,38.03914912689205,18.316493758692104,0.0,0.0,0.2238515656350879,2.183685381589952,PCM Storage + DSM
2024-01-23 09:00:00,65.51412036988793,77.2,3.9,2.842170943040401e-14,-65.5141203698879,77.2,38.07015912982651,0.0,41.122613762823974,41.630727087461594,47.60050211893528,0.0,0.0,0.0,0.1792,0.0,PCM Storage + DSM
2024-01-23 10:00:00,68.57418246227212,79.2,3.25,68.57418246227212,0.0,45.08777914731961,45.08777914731961,480.23235853033214,41.25008178614214,41.25694464734029,49.82384712135947,23.991025187975154,0.0,0.0,0.2273683312790206,3.5610760238389085,PCM Storage + DSM
2024-01-23 11:00:00,74.72639199805802,73.7,3.4,74.72639199805802,0.0,44.19849315861347,44.19849315861347,605.1047901079736,41.199025044629565,41.2058684138489,54.29384933448407,26.143406866253933,0.0,0.0,0.2287022602620798,4.170258502203644,PCM Storage + DSM
2024-01-23 12:00:00,70.55503252250124,78.9,3.3,70.55503252250124,0.0,44.801452390397074,44.801452390397074,494.3025959808757,41.148103261821284,41.15492848029472,51.26307055833577,24.684035618171745,0.0,0.0,0.22779782141440438,3.7520100409217574,PCM Storage + DSM
2024-01-23 13:00:00,84.90847031870653,78.4,3.25,84.90847031870653,0.0,42.72670005179686,42.72670005179686,568.6021629056407,41.09731653940987,41.10412365528215,61.69182763199874,29.70565855756663,0.0,0.0,0.2309099499223047,5.2832757608661876,PCM Storage + DSM
2024-01-23 14:00:00,82.6274786457618,77.1,2.85,82.6274786457618,0.0,43.05641150315529,43.05641150315529,579.8156645411678,41.04666451917433,41.0534535804592,60.03453072641158,28.907642063395716,0.0,0.0,0.23041538274526707,5.022580752301577,PCM Storage + DSM
2024-01-23 15:00:00,95.74576750810122,79.7,1.9,95.74576750810122,0.0,41.16019675084225,41.16019675084225,593.48653159375,40.9961468438426,41.002917898426425,69.56586737968674,33.49714188999112,0.0,0.0,0.23325970487373662,6.611457912907434,PCM Storage + DSM
2024-01-23 16:00:00,100.90255486572079,82.0,2.05,100.90255486572079,0.0,40.41479646543371,40.41479646543371,579.6476871546608,40.94576315709026,40.952516252732416,73.31262710350487,35.301270075606,0.0,0.0,0.23437780530184943,7.295429052992335,PCM Storage + DSM
2024-01-23 17:00:00,110.68657499139091,79.3,1.5,110.68657499139091,0.0,39.0005416419647,39.0005416419647,656.1400026931448,40.895513103537944,40.90224828787112,80.42138881921166,38.724259090513314,0.0,0.0,0.23649918753705296,8.685248634880594,PCM Storage + DSM
2024-01-23 18:00:00,111.17829214744779,83.3,-0.15,111.17829214744779,0.0,38.92946519784422,38.92946519784422,598.5853878987018,40.845396328748876,40.85211364927944,80.77865506039224,38.8962888290058,0.0,0.0,0.23660580220323366,8.758280985240928,PCM Storage + DSM
2024-01-23 19:00:00,119.30892623606393,84.2,-0.45,0.0,-119.30892623606393,84.2,23.599599381790494,0.0,29.201753158424545,30.12335695716314,86.6861184130002,0.0,0.0,0.0,0.1687,0.0,PCM Storage + DSM
2024-01-23 20:00:00,126.93166259114837,83.0,-1.05,126.93166259114837,0.0,36.6523562130166,36.6523562130166,654.2490250789073,29.509325423929663,29.512004445491485,92.22455922505232,44.407685298344056,0.0,0.0,0.2400214656804751,11.066947107006277,PCM Storage + DSM
2024-01-23 21:00:00,127.1539043529622,84.7,0.0,127.1539043529622,0.0,36.620231740705194,36.620231740705194,631.7832539452392,29.489409201164648,29.49207875299717,92.38603310876483,44.48543770477528,0.0,0.0,0.2400696523889422,11.08632397305178,PCM Storage + DSM
2024-01-23 22:00:00,129.75128466713858,84.1,-0.35,129.75128466713858,0.0,36.24478712892749,36.24478712892749,647.7138596150766,29.469544959736517,29.4722074310816,94.27320806357748,45.39414436816773,0.0,0.0,0.24063281930660876,11.312784967629298,PCM Storage + DSM
2024-01-23 23:00:00,141.72342607874788,82.8,-0.2,179.96228933926733,38.23886326051946,34.18953293460021,34.51424502852868,884.407651695825,35.843084216644584,35.11657835816324,102.97178997865169,87.8215219623133,0.0,0.0,0.2437157005980997,12.3566147974382,PCM Storage + DSM
2024-01-24 00:00:00,145.36408363611685,87.2,-0.1,174.43354524018017,29.06946160406332,34.828865471486154,33.987997387479865,795.68065863559,40.40703615482525,39.8564820651974,86.02473611175814,42.03509204623456,0.0,29.06946160406332,0.24275670179277076,10.322968333410978,PCM Storage + DSM
2024-01-24 01:00:00,130.3087350695163,84.4,0.25,152.4687287734048,22.159993703888475,37.368831435231215,36.16420911393149,774.454282637333,43.86563860431922,43.448423861617535,77.11515985938487,37.68152033199054,0.0,22.15999370388849,0.23894675284715317,9.083164212592056,PCM Storage + DSM
2024-01-24 02:00:00,100.5329491072511,79.0,0.8,117.45688720697355,16.923938099722452,41.4175284066485,40.468222022616104,746.6102110732464,46.486598030915125,46.17042902081127,59.494203803031745,29.071223535390235,0.0,16.92393809972245,0.23287370739002725,5.562400444378841,PCM Storage + DSM
2024-01-24 03:00:00,107.02490428602904,79.3,2.2,119.98091328886078,12.956009002831731,41.12565524898768,39.52982667924978,750.8295354325584,48.47278419026111,48.23318852711954,63.336065679323845,30.948509359191608,0.0,12.956009002831735,0.2333115171265185,6.032511250598077,PCM Storage + DSM
2024-01-24 04:00:00,107.87595830337867,83.7,2.6,117.82503565609076,9.949077352712099,41.37495648114311,39.40680902049502,665.0295489377784,49.97793357164671,49.79636586588897,63.839709326558065,31.194609586020412,0.0,9.949077352712095,0.23293756527828535,5.984989418751863,PCM Storage + DSM
2024-01-24 05:00:00,110.43450234583125,77.4,2.85,118.10490038555456,7.670398039723304,41.34259350245098,39.03697809142703,782.4817328211045,51.11854904196671,50.98095543387771,65.35382526618216,31.93446658259503,0.0,7.67039803972331,0.23298610974632353,6.139628450174421,PCM Storage + DSM
2024-01-24 06:00:00,98.52638391231027,79.4,2.75,104.46997868025433,5.943594767944064,42.91930765811794,40.75826583580335,684.1151531671401,51.98291750082067,51.87864785161217,58.30674238155764,28.4909828696337,0.0,5.943594767944063,0.2306210385128231,4.9259958055925335,PCM Storage + DSM
2024-01-24 07:00:00,112.15045923898434,80.9,3.1,0.0,-112.15045923898434,80.9,35.77185845803949,0.0,41.00405432528213,41.86960935204931,66.3693081504011,0.0,0.0,0.0,0.17365,0.0,PCM Storage + DSM
2024-01-24 08:00:00,117.96211920823905,80.0,3.05,0.0,-117.96211920823905,80.0,23.952934853524955,0.0,29.60065207816367,30.529885881074375,69.80857941136743,0.0,0.0,0.0,0.175,0.0,PCM Storage + DSM
2024-01-24 09:00:00,114.56387596213003,80.4,2.95,114.56387596213003,0.0,38.44008780709146,38.44008780709146,652.2497235516696,29.909827900793807,29.912649698207616,67.79753946822801,33.128562095823206,0.0,0.0,0.23733986828936282,7.549898276553379,PCM Storage + DSM
2024-01-24 10:00:00,110.63701580353406,80.5,2.75,110.63701580353406,0.0,39.007705294489284,39.007705294489284,636.9917024905943,29.888849427821867,29.891661357558753,65.47367032227987,31.993027622036163,0.0,0.0,0.23648844205826608,7.068129431339462,PCM Storage + DSM
2024-01-24 11:00:00,97.90682615130335,79.7,2.45,97.90682615130335,0.0,40.84782130897973,40.84782130897973,602.0026052839946,29.86792574673888,29.87073021835782,57.940095466009865,28.3118246700259,0.0,0.0,0.2337282680365304,5.615152652050588,PCM Storage + DSM
2024-01-24 12:00:00,95.53971091010783,78.2,2.55,95.53971091010783,0.0,41.18998169955216,41.18998169955216,616.6878598836762,29.84705756176047,29.849854595048846,56.5392648146111,27.627323350588718,0.0,0.0,0.23321502745067177,5.363320868477207,PCM Storage + DSM
2024-01-24 13:00:00,92.46977117493633,80.1,2.65,92.46977117493633,0.0,41.63373355435817,41.63373355435817,574.2758104737948,29.826244725695897,29.829034340382485,54.722510985252434,26.73958549873145,0.0,0.0,0.23254939966846275,5.045284106243705,PCM Storage + DSM
2024-01-24 14:00:00,101.23110548174546,79.3,2.2,101.23110548174546,0.0,40.36730532298936,40.36730532298936,621.1554379420214,29.805487091742656,29.80826930750389,59.90736444339296,29.273110182562302,0.0,0.0,0.23444904201551597,5.97852541014815,PCM Storage + DSM
2024-01-24 15:00:00,115.93819882500871,81.9,0.2,115.93819882500871,0.0,38.241432989044796,38.241432989044796,634.3922197618,29.784784513487562,29.787559349947685,68.61084739584129,33.52597655059982,0.0,0.0,0.2376378505164328,7.722247071319861,PCM Storage + DSM
2024-01-24 16:00:00,120.92344450261362,84.9,0.45,120.92344450261362,0.0,37.520828610152236,37.520828610152236,609.7107109230602,29.764136844905813,29.76690432163703,71.56105650624147,34.967565529730216,0.0,0.0,0.23871875708477164,8.363700507141948,PCM Storage + DSM
2024-01-24 17:00:00,139.6826897001099,81.8,0.35,139.6826897001099,0.0,34.809228198007766,34.809228198007766,710.1184344639877,29.743543940359867,29.74630407688247,82.66255474022086,40.39219710907255,0.0,0.0,0.24278615770298836,9.919506568826503,PCM Storage + DSM
2024-01-24 18:00:00,125.45275859493724,85.6,0.25,125.45275859493724,0.0,36.866127963608335,36.866127963608335,614.9645380527331,29.723005654598484,29.725758470380985,74.24145072614215,36.27731227056701,0.0,0.0,0.2397008080545875,8.908974087137057,PCM Storage + DSM
2024-01-24 19:00:00,127.63562274370479,80.9,1.85,127.63562274370479,0.0,36.5506005922702,36.5506005922702,687.5193643377095,29.702521842755665,29.70526735721495,75.53324377204754,36.90853349882831,0.0,0.0,0.2401740991115947,9.063989252645705,PCM Storage + DSM
2024-01-24 20:00:00,93.02552286140117,82.4,0.25,93.02552286140117,0.0,41.55340108435723,41.55340108435723,544.0602475350463,29.682092360349642,29.684830592851082,55.05139822463049,26.900292825541825,0.0,0.0,0.23266989837346416,5.102141208727173,PCM Storage + DSM
2024-01-24 21:00:00,113.96361202977842,77.3,1.85,113.96361202977842,0.0,38.52685440719844,38.52685440719844,702.1597741087321,29.661717063281877,29.66444803313949,67.44231041104757,32.954983113881575,0.0,0.0,0.23720971838920235,7.4752297160291885,PCM Storage + DSM
2024-01-24 22:00:00,114.35616343143059,86.6,0.0,114.35616343143059,0.0,38.47011211659445,38.47011211659445,567.6040722813956,29.641395807835988,29.644119534312566,67.67461766255519,33.068497634721766,0.0,0.0,0.23729483182510833,7.524018467036907,PCM Storage + DSM
2024-01-24 23:00:00,108.80126268940101,82.2,0.6,146.78318662930664,37.98192393990562,38.026295773860745,39.27305866284032,793.8039743272872,35.97152346153057,35.249969301640455,64.38729345903113,69.44410481358055,0.0,0.0,0.23796055633920887,7.3299927720797236,PCM Storage + DSM
2024-01-25 00:00:00,92.16185144614259,75.7,2.5,121.03686601152245,28.87501456537986,41.00354705933166,41.6782425553715,833.3613744262008,40.50436854309667,39.95756690471949,53.21671066772391,26.761882777483546,0.0,28.875014565379853,0.23349467941100252,5.1076716471204495,PCM Storage + DSM
2024-01-25 01:00:00,86.27094817509844,81.1,2.65,108.28358819942474,22.012640024326306,42.47830973799604,42.52975739882577,669.7799427464709,43.93939794621478,43.525026844151775,49.81514602869423,25.051287120827208,0.0,22.012640024326302,0.23128253539300594,4.340400725911165,PCM Storage + DSM
2024-01-25 02:00:00,96.1091855885104,79.2,2.75,112.92145777081913,16.812272182308728,41.941996089600686,41.10766560653215,724.0318449851475,46.54249351045169,46.22847943629281,55.49600666348603,27.90810642581529,0.0,16.81227218230873,0.23208700586559897,5.013954512101913,PCM Storage + DSM
2024-01-25 03:00:00,94.1422350290161,77.0,3.2,107.0136226152066,12.87138758619049,42.62516593248876,41.39198322654516,743.7024831588686,48.51514227741765,48.27717964373267,54.360236958561046,27.336944936801004,0.0,12.871387586190494,0.23106225110126685,4.68851631689944,PCM Storage + DSM
2024-01-25 04:00:00,71.82228191574923,80.2,3.25,81.70723241292453,9.884950497175296,45.551544574271446,44.61827476566622,563.3488305642394,50.01003290351465,49.829702721875606,41.47210083382175,20.855695271745823,0.0,9.884950497175296,0.22667268313859285,2.8487489868439697,PCM Storage + DSM
2024-01-25 05:00:00,74.68266468822436,74.4,3.05,82.30446683149188,7.621802143267523,45.482481620896316,44.20481382824163,679.9283686485551,51.142874198637735,51.00621839723564,43.1237621233164,21.68629087344602,0.0,7.621802143267516,0.22677627756865554,2.9800723369883517,PCM Storage + DSM
2024-01-25 06:00:00,66.66000096135333,78.0,2.8,72.5667693305512,5.906768369197862,46.60852882712029,45.364469136291206,552.2387726844604,52.00135131899186,51.89779234795823,38.491262150300635,19.35667636535252,0.0,5.906768369197863,0.22508720675931956,2.3998850462556303,PCM Storage + DSM
2024-01-25 07:00:00,100.83954952499653,79.5,2.2,0.0,-100.83954952499653,79.5,37.42525504359706,0.0,42.12361311331335,42.90205495619103,58.227444943110065,0.0,0.0,0.0,0.17575000000000002,0.0,PCM Storage + DSM
2024-01-25 08:00:00,132.65225352176918,82.9,1.15,0.0,-132.65225352176918,82.9,22.94907269153083,0.0,29.27729734017104,30.318010863902582,76.59694856732412,0.0,0.0,0.0,0.17065,0.0,PCM Storage + DSM
2024-01-25 09:00:00,139.80495232759122,86.4,0.35,139.80495232759122,0.0,34.79155545117932,34.79155545117932,647.1464332247136,29.626997469588076,29.629718741778284,80.72710759592444,40.59644730649851,0.0,0.0,0.24281266682323102,9.687252911510932,PCM Storage + DSM
2024-01-25 10:00:00,141.5009274107171,83.0,-0.35,141.5009274107171,0.0,34.5464066359698,34.5464066359698,697.6443349615907,29.606769253166256,29.609480637236633,81.70640883480114,41.08892315909866,0.0,0.0,0.2431803900460453,9.804769060176136,PCM Storage + DSM
2024-01-25 11:00:00,146.02292577396096,84.8,-0.75,146.02292577396096,0.0,33.892763459157706,33.892763459157706,685.2393580327754,29.58659373639684,29.58929792902689,84.31753127603484,42.40201733221024,0.0,0.0,0.24416085481126343,10.118103753124181,PCM Storage + DSM
2024-01-25 12:00:00,144.97170459576844,87.3,0.3,144.97170459576844,0.0,34.04471476370285,34.04471476370285,650.3113086946843,29.566471731367393,29.56916875163794,83.71052813525759,42.09676458931763,0.0,0.0,0.24393292785444573,10.04526337623091,PCM Storage + DSM
2024-01-25 13:00:00,139.82924208159346,81.8,0.85,139.82924208159346,0.0,34.78804443001242,34.78804443001242,710.543159199877,29.546403096150605,29.549092963084973,80.74113314761036,40.60350054532892,0.0,0.0,0.24281793335498136,9.68893597771324,PCM Storage + DSM
2024-01-25 14:00:00,102.25881176085342,82.2,1.2,102.25881176085342,0.0,40.21875303633528,40.21875303633528,581.8970878239477,29.52638768919314,29.529070421764196,59.04696480498438,29.69382982619384,0.0,0.0,0.2346718704454971,5.9452901930835695,PCM Storage + DSM
2024-01-25 15:00:00,118.48489285220684,78.8,1.5,118.48489285220684,0.0,37.873314949056805,37.873314949056805,691.6035068264758,29.506425369317103,29.509100986447404,68.41633672145667,34.4055459353098,0.0,0.0,0.2381900275764148,7.851466348863487,PCM Storage + DSM
2024-01-25 16:00:00,114.32507615079905,84.9,1.1,114.32507615079905,0.0,38.47460570266817,38.47460570266817,588.2835091869632,29.486515995719056,29.48918451628096,66.01434762991863,33.197621775887406,0.0,0.0,0.23728809144599775,7.337650914752253,PCM Storage + DSM
2024-01-25 17:00:00,131.82130515552183,83.2,-1.05,131.82130515552183,0.0,35.94557101706619,35.94557101706619,666.4136187489132,29.46665942796901,29.46932087078482,76.11713682208976,38.278162393563946,0.0,0.0,0.2410816434744007,9.13405641865077,PCM Storage + DSM
2024-01-25 18:00:00,119.35212756814987,83.7,-0.2,119.35212756814987,0.0,37.747958412137564,37.747958412137564,620.477631861921,29.446855526009436,29.44950990985154,68.9171011726387,34.6573728403085,0.0,0.0,0.23837806238179365,7.960769387343378,PCM Storage + DSM
2024-01-25 19:00:00,123.37912684906208,83.1,0.2,123.37912684906208,0.0,37.1658660734072,37.1658660734072,641.6629094085246,29.42710415015429,29.429751493745275,71.24239794379427,35.82672958618248,0.0,0.0,0.2392512008898892,8.47818757241301,PCM Storage + DSM
2024-01-25 20:00:00,117.71524206814195,83.1,0.0,117.71524206814195,0.0,37.984565980817734,37.984565980817734,623.3160879821692,29.407405161088008,29.410045483100813,67.97191983477224,34.18205537235405,0.0,0.0,0.2380231510287734,7.7550933406515465,PCM Storage + DSM
2024-01-25 21:00:00,119.61643556085927,82.7,-0.35,119.61643556085927,0.0,37.70975337486562,37.70975337486562,635.1455489013091,29.387758419864543,29.39039173892257,69.06971965582316,34.73412237829032,0.0,0.0,0.23843536993770156,7.994231558938323,PCM Storage + DSM
2024-01-25 22:00:00,135.54899066564806,84.1,-0.5,135.54899066564806,0.0,35.40674371036026,35.40674371036026,665.0101067803348,29.368163787906386,29.370790122583657,78.26960184031459,39.360604652350595,0.0,0.0,0.2418898844344596,9.39235222083775,PCM Storage + DSM
2024-01-25 23:00:00,159.54527105349797,86.8,-0.55,159.54527105349797,0.0,31.938143395977004,31.938143395977004,694.7270540552347,29.34862112700355,29.351240495824808,92.12569403533782,46.328624855487966,0.0,0.0,0.2470927849060345,11.055083284240538,PCM Storage + DSM
2024-01-26 00:00:00,155.2683372321808,87.7,-0.55,155.2683372321808,0.0,32.55636312659528,32.55636312659528,672.6486463480935,29.329130299312645,29.331742720753507,91.8447239720562,35.72044368821019,0.0,0.0,0.24616545531010708,11.021366876646743,PCM Storage + DSM
2024-01-26 01:00:00,134.18012013337145,83.0,-0.25,172.6289215341592,38.44880140078773,35.03754842577327,35.60461040810933,859.8307242327021,35.73813999812479,35.00758824121523,79.37056785607562,30.868968591672303,0.0,38.448801400787744,0.2424436773613401,9.524468142729074,PCM Storage + DSM
2024-01-26 02:00:00,102.95935444354063,81.9,0.2,132.18769344162976,29.22833899808913,39.7140884297588,40.1174914020264,748.5561152553053,40.32750850396682,39.77388838834055,60.90278068134155,23.68643786708059,0.0,29.22833899808913,0.2354288673553618,6.3165604874367824,PCM Storage + DSM
2024-01-26 03:00:00,123.56322221446224,80.0,1.15,145.84361460771854,22.28039239325629,38.13494593986285,37.13925556411232,832.2169156929443,43.8053718493983,43.385833645165505,73.09043324406142,28.42648539763401,0.0,22.280392393256292,0.2377975810902057,8.273129846568382,PCM Storage + DSM
2024-01-26 04:00:00,124.1203282656941,85.9,1.3,141.1355055536311,17.015177287937,38.67938193681601,37.05872732418451,714.0118048108009,46.44092735273599,46.12299760300068,73.41997404040573,28.554651098936205,0.0,17.015177287937007,0.236980927094776,8.070595815618942,PCM Storage + DSM
2024-01-26 05:00:00,137.79370756279417,80.6,1.9,150.8188584268019,13.02515086400775,37.559619030989296,35.08227568409546,837.1057371708673,48.438174547713096,48.197244580556465,81.50808633486201,31.700296785083044,0.0,13.025150864007742,0.23866057145351605,9.507289502428398,PCM Storage + DSM
2024-01-26 06:00:00,117.30739679983365,81.8,2.3,127.30887046448623,10.001473664652572,40.27826543182147,38.0435189603216,732.4600681935392,49.95170607941191,49.769127226308605,69.38997139416887,26.98729397309803,0.0,10.001473664652579,0.2345826018522678,6.961924100080758,PCM Storage + DSM
2024-01-26 07:00:00,133.00888634966498,80.7,2.6,0.0,-133.00888634966498,80.7,30.725615304034385,0.0,36.93566773769497,37.960001238968935,78.67775665265293,0.0,0.0,0.0,0.17395,0.0,PCM Storage + DSM
2024-01-26 08:00:00,118.88519488992065,83.0,2.8,118.88519488992065,0.0,37.81545232404075,37.81545232404075,628.5482346584848,37.25826286972557,37.26370420817838,70.32327455597824,27.350276206520427,0.0,0.0,0.23827682151393886,8.09472128069242,PCM Storage + DSM
2024-01-26 09:00:00,100.9746751009878,78.2,3.25,100.9746751009878,0.0,40.404371671812484,40.404371671812484,638.2218534247519,37.21779414761292,37.22321843264266,59.72879808038646,23.22985007874869,0.0,0.0,0.23439344249228128,5.947421600588722,PCM Storage + DSM
2024-01-26 10:00:00,95.04513313248191,76.3,3.55,95.04513313248191,0.0,41.2614716391275,41.2614716391275,648.014616868587,37.177431826787966,37.182841724920806,56.22134024908516,21.865722184043612,0.0,0.0,0.23310779254130876,5.309046947978937,PCM Storage + DSM
2024-01-26 11:00:00,102.34726357441333,80.8,4.0,102.34726357441333,0.0,40.20596755527893,40.20596755527893,602.3027097619027,37.13717655938285,37.14257210878406,60.540715124880116,23.5456225675,0.0,0.0,0.2346910486670816,6.100336404203112,PCM Storage + DSM
2024-01-26 12:00:00,113.35288784114418,78.7,4.35,113.35288784114418,0.0,38.615133010317734,38.615133010317734,675.5428754192984,37.09702806146101,37.1024093001879,67.05079014040979,26.077534668068818,0.0,0.0,0.2370773004845234,7.396319149707199,PCM Storage + DSM
2024-01-26 13:00:00,114.33928941240981,77.5,4.6,114.33928941240981,0.0,38.47255121243491,38.47255121243491,699.8840597883624,37.05698604983663,37.06235301584555,67.63426892078098,26.304462465509374,0.0,0.0,0.23729117318134763,7.5185427222850505,PCM Storage + DSM
2024-01-26 14:00:00,113.00213964322005,82.3,2.45,113.00213964322005,0.0,38.6658327558585,38.6658327558585,618.6724127832197,37.01705024207491,37.022402973221546,66.84331466925906,25.996842870397575,0.0,0.0,0.23700125086621224,7.353099061793833,PCM Storage + DSM
2024-01-26 15:00:00,124.99625574829034,79.1,3.5,124.99625574829034,0.0,36.93211427031102,36.93211427031102,708.1348262577976,36.97722035649018,36.982558890529816,73.93810490528574,28.756163647307527,0.0,0.0,0.23960182859453347,8.872572588634288,PCM Storage + DSM
2024-01-26 16:00:00,111.76722786899155,80.8,3.6,111.76722786899155,0.0,38.844336061333024,38.844336061333024,636.391920486385,36.93749611214393,36.94282048673171,66.1128364980125,25.71274375993132,0.0,0.0,0.23673349590800047,7.201934648939709,PCM Storage + DSM
2024-01-26 17:00:00,116.09864181570542,78.9,3.3,116.09864181570542,0.0,38.2182413693864,38.2182413693864,681.7547875247869,36.89787722884274,36.90318748153393,68.67496555430407,26.709212394373896,0.0,0.0,0.23767263794592042,7.739019762039855,PCM Storage + DSM
2024-01-26 18:00:00,107.57043313542052,80.3,3.1,107.57043313542052,0.0,39.45097189392803,39.45097189392803,629.0888172888547,36.85836342713636,36.863659595386615,63.63033774299703,24.74724511014974,0.0,0.0,0.23582354215910795,6.699903512704243,PCM Storage + DSM
2024-01-26 19:00:00,99.76161980184433,79.3,3.4,99.76161980184433,0.0,40.579715680299046,40.579715680299046,615.4967022903793,36.81895442831576,36.824236549481405,59.01124850718489,22.950779185892127,0.0,0.0,0.23413042647955143,5.8138888712910255,PCM Storage + DSM
2024-01-26 20:00:00,88.73984801207243,76.3,4.5,88.73984801207243,0.0,42.17288430798438,42.17288430798438,621.1834433869496,36.77964995441109,36.784918065749345,52.491621867525154,20.415152247528464,0.0,0.0,0.23174067353802344,4.669796101747994,PCM Storage + DSM
2024-01-26 21:00:00,81.41024326570881,77.6,3.7,81.41024326570881,0.0,43.23235973153438,43.23235973153438,565.8875179475901,36.740449728189766,36.74570386685905,48.15599532090097,18.72893122998893,0.0,0.0,0.23015146040269843,3.977966522088469,PCM Storage + DSM
2024-01-26 22:00:00,91.98392800098144,78.0,3.15,91.98392800098144,0.0,41.70396092954646,41.70396092954646,605.4154413576599,36.70135347315456,36.706593676214744,54.410568360003374,21.161472963197575,0.0,0.0,0.23244405860568032,4.9935970768811675,PCM Storage + DSM
2024-01-26 23:00:00,95.0446825417095,80.4,2.25,122.47105353468179,27.42637099297228,40.83770057935025,41.26153677085915,739.5247346462512,41.24805041201567,40.72992138975032,56.221073714478976,49.291989515814905,0.0,0.0,0.23374344913097464,5.451970962742983,PCM Storage + DSM
2024-01-27 00:00:00,106.73519464748912,80.0,1.6,127.62195732797106,20.886762680481937,40.24206071423823,39.57170345877883,766.8356782321041,44.50296702695745,44.11032317868688,74.31221687089972,30.48956992223581,0.0,20.886762680481937,0.23463690892864267,7.471917711077395,PCM Storage + DSM
2024-01-27 01:00:00,110.72981078882107,81.9,1.35,126.68888313487933,15.95907234605826,40.349959484787334,38.994292019184215,728.3964691269695,46.969571128155394,46.67202215846135,77.09338743034871,31.630656782627806,0.0,15.959072346058264,0.234475060772819,7.701648145021757,PCM Storage + DSM
2024-01-27 02:00:00,116.31007998370893,82.1,1.15,128.5349052123438,12.224825228634874,40.13648930841805,38.187678528639594,731.7286223257436,48.838785461147246,48.6133002287789,80.97853680378702,33.22469526603853,0.0,12.22482522863487,0.23479526603737294,8.193494527075948,PCM Storage + DSM
2024-01-27 03:00:00,113.3106467024083,81.1,1.65,122.7056265450592,9.39497984265089,40.81057504141219,38.62123885775455,727.5689965700217,50.25529256132067,50.084417864397736,78.89024214872079,32.36788855800441,0.0,9.394979842650898,0.2337841374378817,7.663125931389217,PCM Storage + DSM
2024-01-27 04:00:00,104.43067345867702,80.9,1.8,111.68117152045946,7.25049806178243,42.08542022728833,39.904816040846505,687.3625212879473,51.32873412948485,51.199243777758355,72.70774068165227,29.83126916065835,0.0,7.250498061782437,0.2318718696590675,6.506432390940818,PCM Storage + DSM
2024-01-27 05:00:00,100.73778723226319,80.2,1.35,106.36317809516665,5.625390862903465,42.70038199198578,40.43861320102664,677.5872691174591,52.14219761309303,52.04406868299279,70.13664346256569,28.776373320659477,0.0,5.625390862903458,0.23094942701202134,6.017563259273863,PCM Storage + DSM
2024-01-27 06:00:00,85.28529814173162,80.5,1.45,89.67916844269367,4.393870300962047,44.62968637384464,42.67223056384759,597.2513976035357,52.75864741230813,52.684284443992475,59.37816099309274,24.362274033593327,0.0,4.39387030096205,0.22805547043923305,4.40715884417341,PCM Storage + DSM
2024-01-27 07:00:00,86.09041248430681,78.1,1.45,0.0,-86.09041248430681,78.1,40.3145007786637,0.0,44.31916845665171,44.9847023061032,59.93870554289112,0.0,0.0,0.0,0.17785,0.0,PCM Storage + DSM
2024-01-27 08:00:00,74.88478383154084,79.3,2.55,74.88478383154084,0.0,44.17559802842936,44.17559802842936,509.3137696448991,44.4937086803137,44.50172811463277,52.13701361391406,21.391302655922864,0.0,0.0,0.22873660295735596,4.011756121092508,PCM Storage + DSM
2024-01-27 09:00:00,85.77933965558935,76.5,3.5,85.77933965558935,0.0,42.60081813981404,42.60081813981404,604.4971501936229,44.4340489752298,44.44204544796079,59.722127388078725,24.503400054218496,0.0,0.0,0.23109877279027893,5.1596986400288305,PCM Storage + DSM
2024-01-27 10:00:00,78.55064627198274,78.8,3.2,78.55064627198274,0.0,43.64570708667155,43.64570708667155,533.7921361874171,44.374546903287694,44.38252216688278,54.68929606950625,22.43847898395873,0.0,0.0,0.22953143936999268,4.382021273615573,PCM Storage + DSM
2024-01-27 11:00:00,66.96994444233677,77.1,3.4,66.96994444233677,0.0,45.31966760712902,45.31966760712902,503.41051127814774,44.315202649336236,44.323156760053,46.6264670399241,19.13037972626125,0.0,0.0,0.22702049858930648,3.2676757999893393,PCM Storage + DSM
2024-01-27 12:00:00,81.05446898129385,73.3,4.5,81.05446898129385,0.0,43.28378598488805,43.28378598488805,645.0922548606655,44.256015794794564,44.26394880873701,56.43253190465061,23.15371146018694,0.0,0.0,0.23007432102266792,4.644244110112926,PCM Storage + DSM
2024-01-27 13:00:00,81.55274608749825,80.0,5.1,81.55274608749825,0.0,43.21176131692719,43.21176131692719,529.5785301408075,44.196985922190514,44.20489789531386,56.77944724499693,23.296047404019177,0.0,0.0,0.2301823580246092,4.697331425441753,PCM Storage + DSM
2024-01-27 14:00:00,107.99703447514898,75.9,4.95,107.99703447514898,0.0,39.38930777277333,39.38930777277333,706.6307609419824,44.13811261515919,44.14600360327022,75.19074728665517,30.850022290202727,0.0,0.0,0.23591603834084002,7.944966652802779,PCM Storage + DSM
2024-01-27 15:00:00,82.06500374292663,77.2,6.15,82.06500374292663,0.0,43.137715796707155,43.137715796707155,575.5525751909838,44.07939545844004,44.08726551719753,57.13609625950144,23.44237697839216,0.0,0.0,0.23029342630493926,4.752220827695437,PCM Storage + DSM
2024-01-27 16:00:00,106.64564620863347,74.0,5.95,106.64564620863347,0.0,39.584647454187575,39.584647454187575,740.2726143405495,44.020834037873875,44.02868322278898,74.24987058455368,30.463989855633283,0.0,0.0,0.23562302881871863,7.7585260362657,PCM Storage + DSM
2024-01-27 17:00:00,91.3243021864083,83.6,1.7,0.0,-91.3243021864083,83.6,30.820142174188355,0.0,35.09639607872568,35.8028563519915,63.58269521195465,0.0,0.0,0.0,0.1696,0.0,PCM Storage + DSM
2024-01-27 18:00:00,101.06866315756778,76.8,3.1,101.06866315756778,0.0,40.39078594113538,40.39078594113538,663.141172885957,35.31111385763759,35.315860329038934,70.36700912217592,28.870890079573694,0.0,0.0,0.23441382108829695,7.012444303153797,PCM Storage + DSM
2024-01-27 19:00:00,72.00127090846128,77.4,4.35,72.00127090846128,0.0,44.59240236934656,44.59240236934656,524.2838843660749,35.27580928915233,35.280541366145044,50.12942615976993,20.567609316717686,0.0,0.0,0.22811139644598016,3.731914495475868,PCM Storage + DSM
2024-01-27 20:00:00,104.41050851772788,76.1,3.7,104.41050851772788,0.0,39.90773083094669,39.90773083094669,689.174458603303,35.24059771587513,35.24531724192395,72.69370125004818,29.82550892028893,0.0,0.0,0.23513840375357997,7.455001851963424,PCM Storage + DSM
2024-01-27 21:00:00,104.1120963688511,83.3,3.1,104.1120963688511,0.0,39.95086553585428,39.95086553585428,573.748465312776,35.205479534634776,35.21018654303335,72.48593783707571,29.74026564032984,0.0,0.0,0.23507370169621858,7.414935005664071,PCM Storage + DSM
2024-01-27 22:00:00,124.52394533170978,78.6,2.95,124.52394533170978,0.0,37.00038552039473,37.00038552039473,715.0959892941125,35.17045449772824,35.17514902167727,86.69727414347075,35.57103681426742,0.0,0.0,0.2394994217194079,10.403472355812392,PCM Storage + DSM
2024-01-27 23:00:00,110.36338850225619,81.5,2.15,140.07865214268736,29.71526364043116,38.801594280202785,39.047257413730094,783.720254214126,40.103875037992026,39.54163479728473,76.83827333686277,61.24124962572561,0.0,0.0,0.2367976085796958,8.39000443795743,PCM Storage + DSM
2024-01-28 00:00:00,117.77176849569406,81.9,1.35,140.3907238047682,22.618955309074114,38.76550695841097,37.976395231801256,777.5252309996226,43.635900875533494,43.20982906436061,90.08894587609772,20.920743640103954,0.0,22.61895530907411,0.23685173956238356,9.856357540210771,PCM Storage + DSM
2024-01-28 01:00:00,118.43650076029307,81.8,0.8,135.70824394598822,17.271743185695154,39.306979248207384,37.88030990087904,762.9382720501053,46.31250075471883,45.98961978004275,90.59742961352029,21.03882536269853,0.0,17.27174318569513,0.23603953112768894,9.617653213266513,PCM Storage + DSM
2024-01-28 02:00:00,123.8606524567762,82.7,0.85,137.08023121994023,13.219578763164048,39.14832547644468,37.096262791260756,751.9184587501778,48.340851739551645,48.09616969048586,94.74660827365119,22.00236092437524,0.0,13.219578763164026,0.236277511785333,10.148313678672084,PCM Storage + DSM
2024-01-28 03:00:00,124.13024290443524,82.2,2.3,134.2790557451072,10.14881284067198,39.47224761689669,37.057294188777746,750.7563366323772,49.877953997408085,49.6925317835564,94.95283018538852,22.050250437416747,0.0,10.148812840671965,0.23579162857465497,9.985858173386086,PCM Storage + DSM
2024-01-28 04:00:00,117.71339441775795,80.0,3.05,125.53515377108671,7.821759353328757,40.48337436306958,37.9848330539057,758.9030220014491,51.04278363920807,50.90226905090487,90.04429290692755,20.910374184543183,0.0,7.821759353328758,0.23427493845539563,8.923367260114988,PCM Storage + DSM
2024-01-28 05:00:00,112.11026036942087,80.3,2.15,118.16855807518724,6.0582977057663605,41.33523225883476,38.79475159992478,724.4870388673928,51.925501810677034,51.819018616911414,85.75820256061833,19.915044552461758,0.0,6.058297705766364,0.23299715161174786,8.06029395007133,PCM Storage + DSM
2024-01-28 06:00:00,126.77907597269147,81.6,1.65,131.50100689559812,4.721930922906651,39.79349544221075,36.67441221437164,751.4256168294592,52.59443342288895,52.51373951991812,96.97904225615045,22.52078389610761,0.0,4.721930922906651,0.23530975683668387,10.012021995542934,PCM Storage + DSM
2024-01-28 07:00:00,123.43406271095088,84.3,1.5,0.0,-123.43406271095088,84.3,34.75235865943566,0.0,40.51918284052495,41.47222951389165,94.420290506551,0.0,0.0,0.0,0.16855,0.0,PCM Storage + DSM
2024-01-28 08:00:00,97.12325454247627,80.2,1.5,97.12325454247627,0.0,40.961084559983234,40.961084559983234,591.2988139937319,40.80648029738208,40.81318618797201,74.29396478925688,17.252782527843223,0.0,0.0,0.23355837316002515,7.1495677137508435,PCM Storage + DSM
2024-01-28 09:00:00,70.59945045784636,74.4,4.0,70.59945045784636,0.0,44.79503189263609,44.79503189263609,569.6885607362359,40.756600533083514,40.763286202929095,54.00470887394123,12.541146516067,0.0,0.0,0.22780745216104586,3.9547544967235537,PCM Storage + DSM
2024-01-28 10:00:00,58.1073187717689,78.8,1.7,58.1073187717689,0.0,46.60073724335305,46.60073724335305,431.1076051585777,40.70685219761717,40.713520134981664,44.44891303493026,10.32206899128311,0.0,0.0,0.22509889413497042,2.7734155553855353,PCM Storage + DSM
2024-01-28 11:00:00,64.50921850276687,75.2,4.45,64.50921850276687,0.0,45.675359182225165,45.675359182225165,521.9608548807098,40.65723581019951,40.663886062121264,49.34601533488568,11.459289776812504,0.0,0.0,0.22648696122666226,3.352955396735936,PCM Storage + DSM
2024-01-28 12:00:00,57.71744043097327,74.9,4.85,57.71744043097327,0.0,46.65709314991846,46.65709314991846,488.2007538944867,40.60775102086547,40.61438363425177,44.15067747991706,10.252811775204941,0.0,0.0,0.2250143602751223,2.73987806725665,PCM Storage + DSM
2024-01-28 13:00:00,62.1272141242064,74.2,5.4,62.1272141242064,0.0,46.01967175912441,46.01967175912441,526.6676077167389,40.5583974805761,40.56501250220981,47.52391258243692,11.036155237949815,0.0,0.0,0.2259704923613134,3.130968956675011,PCM Storage + DSM
2024-01-28 14:00:00,63.82365262203566,74.4,6.3,63.82365262203566,0.0,45.774455958517166,45.774455958517166,532.6337500505269,40.50917484121807,40.515772317758014,48.821595023357865,11.337507211921292,0.0,0.0,0.22633831606222427,3.2882937906608567,PCM Storage + DSM
2024-01-28 15:00:00,66.59766684859866,71.8,8.55,66.59766684859866,0.0,45.373479371194406,45.373479371194406,602.0323156829517,40.460082755601434,40.46666273358263,50.94356381696986,11.830277603579692,0.0,0.0,0.22693978094320838,3.5537783737372464,PCM Storage + DSM
2024-01-28 16:00:00,56.234001261247855,72.0,8.45,56.234001261247855,0.0,46.87152044812103,46.87152044812103,534.6056579384101,40.41112087745707,40.41768340329115,43.01592784697117,9.989296579908807,0.0,0.0,0.22469271932781845,2.614115673618891,PCM Storage + DSM
2024-01-28 17:00:00,64.12391043129125,70.5,8.3,64.12391043129125,0.0,45.73105446817171,45.73105446817171,618.4623363069559,40.3622888614343,40.36883398140977,49.05127578533005,11.390844414322265,0.0,0.0,0.22640341829774244,3.3165369305494328,PCM Storage + DSM
2024-01-28 18:00:00,68.56450554269432,74.1,7.85,68.56450554269432,0.0,45.08917792103567,45.08917792103567,564.5989795103138,40.31358636309843,40.32011412338106,52.448087582917026,12.179662932731107,0.0,0.0,0.2273662331184465,3.748199037492378,PCM Storage + DSM
2024-01-28 19:00:00,90.09086797222102,73.7,7.55,90.09086797222102,0.0,41.977597864303625,41.977597864303625,678.4463039588063,40.26501303892827,40.27152348556134,68.91457462470579,16.003563309233975,0.0,0.0,0.23203360320354458,6.211574718136725,PCM Storage + DSM
2024-01-28 20:00:00,89.13409167015008,75.5,7.55,89.13409167015008,0.0,42.11589740608753,42.11589740608753,637.8299567712321,40.21656854631376,40.223061725218464,68.18269321039256,15.833603462385922,0.0,0.0,0.23182615389086872,6.089029205236453,PCM Storage + DSM
2024-01-28 21:00:00,79.63055013577244,74.0,7.7,79.63055013577244,0.0,43.48960977405049,43.48960977405049,623.4946478906477,40.168252543553585,40.1747285005293,60.91300498325943,14.145413171509341,0.0,0.0,0.22976558533892427,4.93775080295425,PCM Storage + DSM
2024-01-28 22:00:00,73.96926276176208,70.9,8.45,73.96926276176208,0.0,44.30793423300493,44.30793423300493,664.5076575949125,40.12006468985269,40.12652347057734,56.58243053115802,13.139753297861793,0.0,0.0,0.2285380986504926,4.308887577347324,PCM Storage + DSM
2024-01-28 23:00:00,64.0105492642676,72.9,9.15,86.3255033098829,22.314954045615305,45.017497276067424,45.74744053189583,739.6191407492346,43.80315381716046,43.38353130622624,48.964560707761876,33.2972895282258,0.0,0.3883716785794036,0.22747375408589887,3.520307892341512,PCM Storage + DSM
2024-01-29 00:00:00,71.33208542238604,69.7,10.2,88.3506200460814,17.018534623695356,44.78331696364208,44.689131401924314,847.0716562941293,46.43924683710418,46.12125229852676,62.43086786835532,20.27867032870927,0.0,17.01853462369536,0.22782502455453688,4.576188746594636,PCM Storage + DSM
2024-01-29 01:00:00,67.48562786708725,71.2,9.75,80.51332290129551,13.027695034208257,45.689605801776636,45.245126900806994,753.9652978220013,48.436901038152925,48.195921973438665,59.064392852601266,19.185178609864913,0.0,13.027695034208264,0.22646559129733504,4.008249397449881,PCM Storage + DSM
2024-01-29 02:00:00,67.50435783832602,72.7,8.55,77.50775949758533,10.003401659259309,46.037162939749955,45.24241953186993,694.4477902919157,49.95074100264022,49.7681249429749,59.080785593016216,19.190503267202047,0.0,10.00340165925931,0.22594425559037506,3.8861581550868314,PCM Storage + DSM
2024-01-29 03:00:00,68.22107319264713,71.3,8.45,75.93263867078446,7.71156547813733,46.219306655583495,45.13882017967282,723.2521439978208,51.097942273449156,50.9595542135269,59.70806518704306,19.394254977301927,0.0,7.711565478137331,0.22567104001662475,3.8621660458196514,PCM Storage + DSM
2024-01-29 04:00:00,70.20283133793869,74.4,6.5,76.17762315363704,5.974791815698359,46.190977156494235,44.85236216140135,645.1194731712949,51.967301509972785,51.862429818161324,61.44252843991337,19.957639881327037,0.0,5.974791815698353,0.22571353426525864,3.9848021608186572,PCM Storage + DSM
2024-01-29 05:00:00,74.35462550361032,76.9,4.3,79.01327492685164,4.658649423241317,45.86306824817747,44.252231044597316,608.1658887742262,52.626109603513356,52.54663691093007,65.07623845187818,21.137934340121753,0.0,4.6586494232413145,0.22620539762773378,4.348497757823377,PCM Storage + DSM
2024-01-29 06:00:00,58.197856581966064,76.4,3.75,61.85912169734656,3.661265115380497,47.846739061257885,46.58765023687381,517.5458269867962,53.125360184723185,53.06513507766768,50.93560174184911,16.544800849083547,0.0,3.6612651153804947,0.22322989140811317,2.7973611228899538,PCM Storage + DSM
2024-01-29 07:00:00,52.75247859400657,72.4,5.05,0.0,-52.75247859400657,72.4,45.50012573679124,0.0,47.932383555794004,48.34145076513223,46.16972854963117,0.0,0.0,0.0,0.18639999999999998,0.0,PCM Storage + DSM
2024-01-29 08:00:00,60.1762179626491,75.6,4.55,60.1762179626491,0.0,46.30168321214796,46.30168321214796,490.66264384739173,48.00572101453712,48.0149916182074,52.667092097443266,17.10722010252838,0.0,0.0,0.22554747518177806,3.380695413320561,PCM Storage + DSM
2024-01-29 09:00:00,88.88638062154295,77.3,4.45,1.4210854715202004e-14,-88.88638062154294,77.3,35.157424412519546,0.0,39.31237035485048,40.000588108537045,77.79463969152896,0.0,0.0,0.0,0.17905000000000001,0.0,PCM Storage + DSM
2024-01-29 10:00:00,100.93872410979914,78.5,4.7,100.93872410979914,0.0,40.40956829467752,40.40956829467752,633.0568201943854,39.508887559347066,39.51513024929948,88.34302418588186,28.695405405612583,0.0,0.0,0.23438564755798372,8.79389345638515,PCM Storage + DSM
2024-01-29 11:00:00,94.94890817892414,77.7,4.9,94.94890817892414,0.0,41.27538070748173,41.27538070748173,622.7241806317361,39.46244917194035,39.468673549840176,83.10065106974595,26.992588196882195,0.0,0.0,0.23308692893877742,7.840356606192936,PCM Storage + DSM
2024-01-29 12:00:00,77.74566968790434,75.4,5.25,77.74566968790434,0.0,43.76206437152888,43.76206437152888,587.041557642212,39.41613332819533,39.42234119710548,68.04412913041114,22.101958687316916,0.0,0.0,0.22935690344270668,5.404582807942554,PCM Storage + DSM
2024-01-29 13:00:00,67.04119637242057,74.3,5.55,67.04119637242057,0.0,45.309368324777985,45.309368324777985,552.4396653871293,39.3699403284645,39.376131732176454,58.675420011617106,19.058833225306557,0.0,0.0,0.22703594751283301,4.115716342468598,PCM Storage + DSM
2024-01-29 14:00:00,59.90099145225679,74.7,5.9,59.90099145225679,0.0,46.341466492933286,46.341466492933286,504.6043825232359,39.32386984692893,39.330044829113525,52.426209894120234,17.028977224349255,0.0,0.0,0.22548780026060009,3.352719088829958,PCM Storage + DSM
2024-01-29 15:00:00,47.61964534343428,73.5,5.75,47.61964534343428,0.0,48.11670333320961,48.11670333320961,448.1660012069228,39.27792155863231,39.28408016284453,41.67739901013597,13.53756985193239,0.0,0.0,0.2228249450001856,2.2213961982434047,PCM Storage + DSM
2024-01-29 16:00:00,38.45215130868012,71.9,5.5,38.45215130868012,0.0,49.441840903578864,49.441840903578864,409.022561803303,39.23209513948017,39.23823740915951,33.653876280095936,10.931385157199687,0.0,0.0,0.2208372386446317,1.5261681068174315,PCM Storage + DSM
2024-01-29 17:00:00,62.20678655015654,73.9,4.75,62.20678655015654,0.0,46.00816977059927,46.00816977059927,532.7967048668008,39.18639026623763,39.19251624470834,54.444274951886,17.68448110256881,0.0,0.0,0.2259877453441011,3.590653363403674,PCM Storage + DSM
2024-01-29 18:00:00,100.84514750956208,79.6,4.25,100.84514750956208,0.0,40.42309455040362,40.42309455040362,614.9299604011815,39.140806616527215,39.14691634699863,88.26112459847494,28.66880294452579,0.0,0.0,0.23436535817439458,8.778577904063786,PCM Storage + DSM
2024-01-29 19:00:00,123.06643701823803,81.3,3.65,123.06643701823803,0.0,37.21106458034121,37.21106458034121,666.8233374296581,39.09534386882639,39.10143739439328,107.7095170149575,34.9859910872382,0.0,0.0,0.2391834031294882,12.7887400577498,PCM Storage + DSM
2024-01-29 20:00:00,113.4606878685287,79.2,3.75,113.4606878685287,0.0,38.599550794956315,38.599550794956315,667.5984958941305,39.05000170246547,39.05607906610825,99.30242710035547,32.25521686251458,0.0,0.0,0.23710067380756553,10.963255594785865,PCM Storage + DSM
2024-01-29 21:00:00,88.58731114615054,78.7,3.1,88.58731114615054,0.0,42.19493311773906,42.19493311773906,579.7211532137693,39.004779797625226,39.01084104221036,77.53288978205802,25.184079049451245,0.0,0.0,0.2317076003233914,6.8872777127900076,PCM Storage + DSM
2024-01-29 22:00:00,83.00137106217278,77.4,2.35,83.00137106217278,0.0,43.00236632064586,43.00236632064586,576.4444673392511,38.95967783533472,38.96572300361496,72.6439946202474,23.59607784679247,0.0,0.0,0.2304964505190312,6.101064154195175,PCM Storage + DSM
2024-01-29 23:00:00,90.27350425840754,78.9,2.8,114.32338724587187,24.049882987464326,41.779879863608485,41.951198261138245,735.7435888453264,42.93589471999469,42.482836901546115,79.00867026384961,49.713322117747715,0.0,0.0,0.23233018020458726,7.21512871939401,PCM Storage + DSM
2024-01-30 00:00:00,110.48233157583628,80.7,2.5,128.81382909778662,18.331497521950347,40.1042351269833,39.03006449983906,758.0232696686197,45.78203027333344,45.438698093704716,53.63937693111511,34.49136159895211,4.708865105710772,18.33149752195034,0.23484364730952506,5.437669803379424,PCM Storage + DSM
2024-01-30 01:00:00,122.53499495352075,81.8,1.95,136.55766484307472,14.022669889553962,39.20875397185432,37.28788315734401,765.9431065709771,47.93885653223333,47.6786763797585,59.49096735936111,38.25406976106953,5.2225614153428666,14.022669889553967,0.23618686904221853,6.3505106204566655,PCM Storage + DSM
2024-01-30 02:00:00,130.4927796302472,82.9,0.95,141.2501820063935,10.757402376146262,38.666120988913256,36.13760594832025,762.8422990868988,49.57331848539025,49.3761516721469,63.35448658205771,40.738402096354925,5.561729986901079,10.757402376146274,0.23700081851663013,6.969200950829788,PCM Storage + DSM
2024-01-30 03:00:00,144.80479379929955,83.2,1.4,153.0877476678184,8.282953868518861,37.297249370108844,34.0688412879703,796.7140920655329,50.81192816259316,50.66251341333283,70.30299601073779,45.206454579255954,6.171722038587904,8.28295386851886,0.23905412594483674,8.310974393602795,PCM Storage + DSM
2024-01-30 04:00:00,139.50775321477738,86.1,0.15,145.9155481899565,6.407794975179104,38.12662768913624,34.83451481485897,726.6112180698947,51.750557495321004,51.637329681119986,67.73127298063892,43.5527771124687,5.9459569844274665,6.407794975179115,0.23781005846629563,7.669905192314071,PCM Storage + DSM
2024-01-30 05:00:00,160.2665906623838,83.1,-0.6,160.2665906623838,0.0,31.833878510681743,31.833878510681743,746.8154808829541,51.62763334938629,51.63819360964431,77.80972707028307,50.03345649863635,6.830718954037593,0.0,0.24724918223397738,9.33716724843397,PCM Storage + DSM
2024-01-30 06:00:00,131.41082330081042,89.5,-1.2,136.520468911882,5.1096456110715796,39.213055232434485,36.00490510832067,648.5497508919494,52.40377133213476,52.31572711466061,63.80019848713968,41.02500517354732,5.600857906670461,5.109645611071585,0.23618041715134827,6.808863639902822,PCM Storage + DSM
2024-01-30 07:00:00,132.52161065821713,81.9,-1.8,0.0,-132.52161065821713,81.9,33.24811499864694,0.0,39.44326116065608,40.466133000868766,64.33948780973475,0.0,0.0,0.0,0.17215,0.0,PCM Storage + DSM
2024-01-30 08:00:00,113.99174843024177,84.5,-2.15,113.99174843024177,0.0,38.522787363226826,38.522787363226826,592.2861160416275,39.75836811627671,39.7647005951174,55.343205324098044,35.58696271453565,4.858439886867161,0.0,0.23721581895515975,6.1355290366437405,PCM Storage + DSM
2024-01-30 09:00:00,140.21582349594902,86.8,-2.6,0.0,-140.21582349594902,86.8,19.49053320192011,0.0,26.081236993964673,27.163744684871673,68.07504241565863,0.0,0.0,0.0,0.1648,0.0,PCM Storage + DSM
2024-01-30 10:00:00,146.37359765213398,88.2,-3.2,146.37359765213398,0.0,33.84207474543972,33.84207474543972,643.2808917717712,26.454674829910847,26.456265458812965,71.06465319150983,45.69621778568141,6.238585994253486,0.0,0.24423688788184042,8.52775838298118,PCM Storage + DSM
2024-01-30 11:00:00,137.09077841259705,86.0,-2.5,137.09077841259705,0.0,35.18388227611534,35.18388227611534,644.4771675951666,26.442860638674063,26.444444267831948,66.55782723055381,42.79822431937947,5.842943152758309,0.0,0.24222417658582698,7.9869392676664575,PCM Storage + DSM
2024-01-30 12:00:00,144.27020078388998,84.1,-1.45,144.27020078388998,0.0,34.146115326752394,34.146115326752394,689.9349496871974,26.431076791113036,26.432656219986924,70.04345011005582,45.03956055430402,6.1489371610413,0.0,0.24378082700987141,8.405214013206699,PCM Storage + DSM
2024-01-30 13:00:00,134.7167365896244,87.7,-0.7,134.7167365896244,0.0,35.52704388618268,35.52704388618268,616.846188164213,26.419324197976426,26.42089943771395,65.40522552151717,42.057074727410736,5.741759166683392,0.0,0.241709434170726,7.84862706258206,PCM Storage + DSM
2024-01-30 14:00:00,127.29422784403371,82.3,-0.2,127.29422784403371,0.0,36.599948342721035,36.599948342721035,665.415320822325,26.407602776370332,26.40917383808237,61.801583756354475,39.73984961581158,5.425404579208435,0.0,0.24010007748591844,7.416190050762537,PCM Storage + DSM
2024-01-30 15:00:00,121.51144631483417,81.7,-0.4,121.51144631483417,0.0,37.43583446782013,37.43583446782013,655.7913513651404,26.395912443618172,26.397479338386155,58.99403259653748,37.93452920008109,5.178936770569682,0.0,0.2388462482982698,6.925014114776847,PCM Storage + DSM
2024-01-30 16:00:00,141.56499456262313,86.2,-0.2,141.56499456262313,0.0,34.53714589473613,34.53714589473613,654.6034013303229,26.384253117262634,26.385815856138592,68.73006747131843,44.195025101018416,6.033638624185827,0.0,0.24319428115789582,8.247608096558213,PCM Storage + DSM
2024-01-30 17:00:00,165.997850953276,88.6,-3.05,165.997850953276,0.0,31.00543964742915,31.00543964742915,688.5282663135532,26.372624715065125,26.374183309071775,80.59226457332699,51.82269255377145,7.074990877073569,0.0,0.24849184052885628,9.671071748799239,PCM Storage + DSM
2024-01-30 18:00:00,160.23724845053124,88.4,-2.6,160.23724845053124,0.0,31.838119851573392,31.838119851573392,676.7689381316026,26.361027155005164,26.36258161513599,77.79548137199716,50.024296184722935,6.829468360249915,0.0,0.2472428202226399,9.33545776463966,PCM Storage + DSM
2024-01-30 19:00:00,142.19536561967075,87.0,-2.75,142.19536561967075,0.0,34.44602738756279,34.44602738756279,646.3692209317489,26.349460355279813,26.351010692499138,69.03611378888944,44.39181997093134,6.060505655609255,0.0,0.2433309589186558,8.284333654666732,PCM Storage + DSM
2024-01-30 20:00:00,136.4005200694888,85.3,-3.45,136.4005200694888,0.0,35.28365733571679,35.28365733571679,651.4856745277725,26.33792423430309,26.33947045954616,66.22270552450604,42.58273330132019,5.81352366658864,0.0,0.24207451399642482,7.946724662940723,PCM Storage + DSM
2024-01-30 21:00:00,124.87436292973536,88.0,-3.6,124.87436292973536,0.0,36.9497335622149,36.9497335622149,584.3540367741881,26.326418710705422,26.32796083487847,60.626734851474744,38.9843945616938,5.322267568132127,0.0,0.23957539965667765,7.275208182176969,PCM Storage + DSM
2024-01-30 22:00:00,139.59273516486581,85.6,-3.85,139.59273516486581,0.0,34.82223089359995,34.82223089359995,656.7347190590979,26.314943703333057,26.3164817373134,67.77253187505323,43.57930753709024,5.9495789983158325,0.0,0.24276665365960007,8.132703825006388,PCM Storage + DSM
2024-01-30 23:00:00,145.54860051945545,88.4,-3.7,188.5040020606512,42.95540154119577,33.201786935573956,33.96132594885635,815.8237279620978,33.48537340072627,32.66797107725795,70.66411555317751,88.39406434939389,6.203423808997513,0.0,0.24519731959663907,8.479693866381302,PCM Storage + DSM
2024-01-31 00:00:00,167.4631483439765,89.4,-3.95,167.4631483439765,0.0,30.793634696499243,30.793634696499243,682.6140767550093,33.16290806643408,33.16688489423417,96.58261630211102,42.378602544160884,0.0,0.0,0.24880954795525115,11.589913956253321,PCM Storage + DSM
2024-01-31 01:00:00,163.2413302347219,89.8,-3.7,163.2413302347219,0.0,31.403887593379217,31.403887593379217,667.8008465474301,33.133299810791414,33.13726820402573,94.14772693943226,41.31021971823703,0.0,0.0,0.2478941686099312,11.297727232731871,PCM Storage + DSM
2024-01-31 02:00:00,162.86746412776728,87.2,-3.25,162.86746412776728,0.0,31.457928972924716,31.457928972924716,697.9945153108242,33.10377083868802,33.107728706515275,93.93210357922771,41.21560831681504,0.0,0.0,0.24781310654061292,11.271852429507327,PCM Storage + DSM
2024-01-31 03:00:00,143.2716097353106,89.1,-3.55,176.07683365903424,32.80522392372365,34.63883899624474,34.2904590820786,772.3534670626657,38.55926067314644,37.93747115074411,82.63039986342774,36.25663714600317,0.0,32.805223923723645,0.24304174150563287,9.91564798361133,PCM Storage + DSM
2024-01-31 04:00:00,149.51588031693248,85.3,-2.85,174.4732617777547,24.957381460822212,34.824272733195365,33.38786590711827,825.7471267284794,42.46537853851536,41.994179631567924,86.23171750038378,37.836826362398426,0.0,24.957381460822205,0.24276359090020697,10.347806100046054,PCM Storage + DSM
2024-01-31 05:00:00,143.52946056734672,87.7,-2.25,162.5732836992189,19.043823131872188,36.20036159487619,34.25318741069417,754.129229546866,45.42546860862796,45.06838992294191,82.77911262931084,36.32188945992775,0.0,19.043823131872188,0.2406994576076857,9.9334935155173,PCM Storage + DSM
2024-01-31 06:00:00,137.11785119628902,86.4,-1.7,151.68032776498026,14.562476568691238,37.46000049781863,35.179968975199216,740.3994267963654,47.66865095934006,47.398053583390514,79.08128409875009,34.69935311153451,0.0,14.562476568691238,0.23880999925327207,9.271489511528639,PCM Storage + DSM
2024-01-31 07:00:00,126.83188145944447,81.9,-0.25,0.0,-126.83188145944447,81.9,29.33543027707139,0.0,35.24637889793254,36.220995625981345,73.14895881875354,0.0,0.0,0.0,0.17215,0.0,PCM Storage + DSM
2024-01-31 08:00:00,126.67822001467398,83.8,0.1,126.67822001467398,0.0,36.68899068245223,36.68899068245223,642.3627069872562,35.55599664821687,35.56083109810891,73.0603361903875,32.05747646626478,0.0,0.0,0.23996651397632165,8.7672403428465,PCM Storage + DSM
2024-01-31 09:00:00,135.08569386421357,85.3,-0.35,135.08569386421357,0.0,35.473712065669275,35.473712065669275,647.6667481092468,35.520042820272295,35.52486195274094,77.90925864831358,34.185090787346425,0.0,0.0,0.2417894319014961,9.349111037797629,PCM Storage + DSM
2024-01-31 10:00:00,118.31472428499232,83.9,-0.55,118.31472428499232,0.0,37.897912375666195,37.897912375666195,614.4153131309466,35.48418346374641,35.488989814371195,68.23677765233234,29.94099134752126,0.0,0.0,0.23815313143650071,7.820789435502212,PCM Storage + DSM
2024-01-31 11:00:00,102.50600695844703,78.8,2.05,102.50600695844703,0.0,40.18302160937124,40.18302160937124,634.1205141920539,35.448419217379346,35.45321282006812,59.1192655616003,25.940401636055043,0.0,0.0,0.23472546758594315,5.965244468515652,PCM Storage + DSM
2024-01-31 12:00:00,93.89229418473626,79.6,2.7,93.89229418473626,0.0,41.42811152964188,41.42811152964188,587.6071621003056,35.41274982891164,35.417530717475906,54.151396964916145,23.760596027021293,0.0,0.0,0.23285783270553717,5.05943708431058,PCM Storage + DSM
2024-01-31 13:00:00,86.34282999049186,77.9,4.45,86.34282999049186,0.0,42.5193670681811,42.5193670681811,582.9904723251285,35.37717504675067,35.38194325491222,49.79732258634581,21.850111567168103,0.0,0.0,0.23122094939772836,4.32658049616149,PCM Storage + DSM
2024-01-31 14:00:00,70.94267828319353,74.6,5.15,70.94267828319353,0.0,44.74541919751576,44.74541919751576,567.6718761764012,35.34169461997111,35.34645018136233,40.91544643598741,17.952914394075236,0.0,0.0,0.22788187120372635,3.0084098665171415,PCM Storage + DSM
2024-01-31 15:00:00,68.47946055674383,74.7,4.85,68.47946055674383,0.0,45.10147095396564,45.10147095396564,552.7019260706089,35.30630829831317,35.31105124647723,39.49481141929953,17.32956695291447,0.0,0.0,0.22734779356905155,2.8195809650411103,PCM Storage + DSM
2024-01-31 16:00:00,82.07394129160379,76.6,5.4,82.07394129160379,0.0,43.136423897143956,43.136423897143956,585.9137838294345,35.27101583218079,35.275746200571874,47.3352857542528,20.769816951520237,0.0,0.0,0.23029536415428406,3.937418018427127,PCM Storage + DSM
2024-01-31 17:00:00,109.45992845645877,77.0,5.45,109.45992845645877,0.0,39.17785022845951,39.17785022845951,691.3687188534801,35.23581697263994,35.24053479462352,63.12986692959749,27.700176716135434,0.0,0.0,0.23623322465731073,6.750659660860243,PCM Storage + DSM
2024-01-31 18:00:00,114.08563897009664,80.2,4.8,114.08563897009664,0.0,38.50921572834031,38.50921572834031,653.7198767340661,35.20071147141685,35.205416780269914,65.79769700493834,28.870769466124518,0.0,0.0,0.23723617640748954,7.299906125342062,PCM Storage + DSM
2024-01-31 19:00:00,99.1960190820335,78.8,3.95,99.1960190820335,0.0,40.66147180261643,40.66147180261643,621.3425426137607,35.165699080896204,35.17039190980745,57.210264732500654,25.10276862826999,0.0,0.0,0.23400779229607535,5.608389141070444,PCM Storage + DSM
2024-01-31 20:00:00,101.81592224427759,75.1,4.3,101.81592224427759,0.0,40.28277157135831,40.28277157135831,698.5898616578659,35.13077955411951,35.135459936189626,58.721266432695366,25.765767239695087,0.0,0.0,0.23457584264296252,5.889940947446988,PCM Storage + DSM
2024-01-31 21:00:00,104.58342892040044,82.0,3.3,104.58342892040044,0.0,39.88273563363365,39.88273563363365,593.2032174437933,35.09595264478324,35.10062061302511,60.31739691308304,26.466118729712566,0.0,0.0,0.2351758965495495,6.194812973113751,PCM Storage + DSM
2024-01-31 22:00:00,95.95802003123184,79.1,4.2,95.95802003123184,0.0,41.12951619716644,41.12951619716644,603.7205006522622,35.06121810723715,35.065873694576126,55.342782704348366,24.283353275284778,0.0,0.0,0.23330572570425034,5.2699004190785885,PCM Storage + DSM
2024-01-31 23:00:00,69.5642506236838,72.7,5.05,99.44283684453563,29.878586220851826,43.500635946335535,44.944667353307054,813.5811695840887,40.02223308123762,39.45684531064095,40.12045272510132,47.48267259816094,0.0,0.0,0.2297490460804967,3.2496035840038635,PCM Storage + DSM
2024-02-01 00:00:00,61.09724479254327,76.8,3.25,83.83979968161576,22.742554889072487,45.30493890442368,46.168551164176726,635.9288864384492,43.574031883379945,43.145574839694966,41.94351179189142,26.912205579717202,4.154601028985547,22.742554889072487,0.2270425916433645,2.9431915978151757,PCM Storage + DSM
2024-02-01 01:00:00,91.52788885486365,79.1,2.2,108.89329689155579,17.365408036692145,42.40780428541669,41.76988020953604,708.9705926894816,46.265615887039786,45.94092736213828,62.8342750725715,40.31634109694298,6.223879039201798,17.365408036692145,0.23138829357187496,5.501340236657561,PCM Storage + DSM
2024-02-01 02:00:00,79.38864421124636,80.9,2.6,92.67920302422723,13.290558812980871,44.28276857743694,43.52457665026216,604.6409566346929,48.305321973496525,48.05927014693489,54.50063330880479,34.969228497335514,5.398412711567414,13.290558812980876,0.2285758471338446,4.158582998785914,PCM Storage + DSM
2024-02-01 03:00:00,79.99969070506884,74.2,3.45,90.20229285323839,10.202602148169543,44.56919334857409,43.43625145876087,727.2351777977223,49.85102922746798,49.66456898415424,54.92011925953894,35.238383168979944,5.4399637569641905,10.202602148169547,0.22814620997713886,4.096208302731486,PCM Storage + DSM
2024-02-01 04:00:00,79.01025464195646,78.4,3.25,86.87277600670302,7.8625213647465575,44.954211792898796,43.579271884597844,620.5017922502728,51.02237981118388,50.881078595003274,54.24086730110134,34.80255489507198,5.372682292801934,7.862521364746556,0.2275686823106518,3.9202439980712867,PCM Storage + DSM
2024-02-01 05:00:00,77.42274917736667,80.5,2.8,83.51193669473544,6.089187517368774,45.34285230236658,43.808741696775456,567.46058034898,51.91003960992409,51.802960302618224,53.151038219613184,34.1032881185253,5.264732223054928,6.089187517368771,0.22698572154645014,3.717537016851538,PCM Storage + DSM
2024-02-01 06:00:00,87.50684863060644,74.7,2.5,92.25218812506398,4.745339494457545,44.33214769751869,42.35111118202744,725.7104443505359,52.58271603084661,52.50157038777974,60.073814291819794,38.54514729717397,5.950449068504819,4.745339494457539,0.22850177845372197,4.566037240172784,PCM Storage + DSM
2024-02-01 07:00:00,90.50810536510123,81.3,2.2,0.0,-90.50810536510123,81.3,39.50000330831239,0.0,43.712614610431665,44.412014473741195,62.13418947995167,0.0,0.0,0.0,0.17305,0.0,PCM Storage + DSM
2024-02-01 08:00:00,111.11703733889856,81.9,1.9,0.0,-111.11703733889856,81.9,27.65093403254553,0.0,32.95002606245601,33.823396310229334,76.28230670187187,0.0,0.0,0.0,0.17215,0.0,PCM Storage + DSM
2024-02-01 09:00:00,96.36215588828743,80.0,1.15,96.36215588828743,0.0,41.071099403472594,41.071099403472594,591.3371242772557,33.23003712500165,33.23404224249312,66.15301942855773,42.44574625543269,6.552608278296792,0.0,0.2333933508947911,6.322469223825854,PCM Storage + DSM
2024-02-01 10:00:00,77.81750684477257,78.9,1.55,77.81750684477257,0.0,43.751680496158606,43.751680496158606,528.8999463873711,33.20025237269853,33.204244630754935,53.42204099451736,34.27717156507793,5.291575669380099,0.0,0.2293724792557621,4.246513605856073,PCM Storage + DSM
2024-02-01 11:00:00,58.109621910063,77.0,3.35,58.109621910063,0.0,46.600404330664844,46.600404330664844,456.64743064837006,33.170545821591446,33.174527490932654,39.89249629967842,25.596212993128596,3.9514432410375018,0.0,0.22509939350400274,2.489194990542627,PCM Storage + DSM
2024-02-01 12:00:00,65.25313061677647,74.7,2.7,65.25313061677647,0.0,45.567828608702044,45.567828608702044,535.0930030192762,33.14091806149071,33.144889170207044,44.79654463594781,28.74279637063363,4.437200474841622,0.0,0.22664825708694694,3.0727306560965064,PCM Storage + DSM
2024-02-01 13:00:00,77.95262690740849,80.3,1.55,77.95262690740849,0.0,43.73214924030715,43.73214924030715,509.25123994435216,33.11136888342014,33.11532945952166,53.514801477575716,34.33668945194746,5.3007638079478845,0.0,0.22940177613953927,4.26015839663439,PCM Storage + DSM
2024-02-01 14:00:00,95.09476016365426,80.7,2.0,95.09476016365426,0.0,41.254298180027,41.254298180027,575.9140530228906,33.08189807895573,33.08584815037821,65.28294701037183,41.8874818949366,6.4664256100018145,0.0,0.23311855272995952,6.167554905326475,PCM Storage + DSM
2024-02-01 15:00:00,108.7854384640437,79.6,0.9,108.7854384640437,0.0,39.27534601371979,39.27534601371979,644.4673098866219,33.05250544022635,33.056445034831455,74.68165441004592,47.91797230734258,7.3973891313102245,0.0,0.23608698097942032,7.94223890124613,PCM Storage + DSM
2024-02-01 16:00:00,108.79575834395263,83.8,0.6,108.79575834395263,0.0,39.27385430174952,39.27385430174952,583.7106760782475,33.023190759912154,33.02711990548766,74.68873905037825,47.922518023448276,7.3980908811818304,0.0,0.23608921854737572,7.9436608225536895,PCM Storage + DSM
2024-02-01 17:00:00,120.53011282177205,81.0,1.6,120.53011282177205,0.0,37.57768368809651,37.57768368809651,663.106602880951,32.99395383124318,32.997872555503186,82.74442203709653,53.09128399848769,8.196024754526963,0.0,0.23863347446785524,9.642530027100758,PCM Storage + DSM
2024-02-01 18:00:00,104.78177305332508,81.7,1.3,104.78177305332508,0.0,39.85406550181743,39.85406550181743,598.1818728209629,32.96479444799792,32.968702778582966,71.93312151080528,46.15443179137463,7.125140644630258,0.0,0.23521890174727386,7.40016353804445,PCM Storage + DSM
2024-02-01 19:00:00,110.18516170370418,79.4,2.1,110.18516170370418,0.0,39.07301963685373,39.07301963685373,652.7219019238194,32.935712404501764,32.939610368979125,75.64257021578204,48.534524489169414,7.4925700454665725,0.0,0.2363904705447194,8.136257225257426,PCM Storage + DSM
2024-02-01 20:00:00,119.73597915632956,82.0,1.65,119.73597915632956,0.0,37.69247365708733,37.69247365708733,645.5768399381192,32.90670749562569,32.91059512148949,82.1992459841677,52.74148281621292,8.142023816271854,0.0,0.238461289514369,9.522384643241258,PCM Storage + DSM
2024-02-01 21:00:00,122.25635770572573,83.8,1.05,122.25635770572573,0.0,37.328159451406236,37.328159451406236,628.4668224536022,32.8777795167847,32.88165683145617,83.92949630503865,53.85166292155766,8.313409078411079,0.0,0.23900776082289066,9.906286011819061,PCM Storage + DSM
2024-02-01 22:00:00,123.5733985668825,80.8,1.1,123.5733985668825,0.0,37.1377845986696,37.1377845986696,676.1141095482922,32.84892826393641,32.85279529476403,84.83365031522199,54.4317950458898,8.402967606550234,0.0,0.2392933231019956,10.109905415052479,PCM Storage + DSM
2024-02-01 23:00:00,117.03123211898684,82.7,1.2,150.21747876528826,33.18624664630141,37.6291613316884,38.08343785122153,796.2062917856776,38.368794415761705,37.739661876828805,80.342425932133,84.73633845041127,7.958101532007717,0.0,0.2385562580024674,9.337801025712734,PCM Storage + DSM
2024-02-02 00:00:00,121.4655304658932,81.8,1.85,146.71126304362255,25.245732577729356,38.03461286860654,37.442471485120215,800.8173201773786,42.321041535188705,41.84427801014989,75.62581796017628,42.39670322572941,0.0,25.245732577729356,0.2379480806970902,8.605637488458191,PCM Storage + DSM
2024-02-02 01:00:00,126.81668342072483,80.8,2.15,146.0790215702071,19.26233814948225,38.10772396542687,36.66897615495063,817.4088181558536,45.3160887550599,44.954793152727575,78.95750652801067,44.264486150410136,0.0,19.26233814948226,0.23783841405185968,8.950122049972725,PCM Storage + DSM
2024-02-02 02:00:00,111.85972745655417,82.9,2.2,126.58779663197645,14.728069175422274,40.36164891898569,38.8309654850056,710.9056492361625,47.58576194203454,47.31196894947492,69.64513597608394,39.04386412915856,0.0,14.728069175422277,0.23445752662152147,6.952681340730388,PCM Storage + DSM
2024-02-02 03:00:00,103.10814388192097,78.1,2.65,114.4001040555621,11.291960173641126,41.77100849034866,40.095984273238045,752.2701916269065,49.30574029212397,49.09825754865619,64.19630070784031,35.98918441759152,0.0,11.29196017364113,0.232343487264477,5.8658695105843455,PCM Storage + DSM
2024-02-02 04:00:00,83.56872977797242,78.5,2.75,92.25677625799104,8.688046480018611,44.331617135313024,42.92035608455164,645.0221464047796,50.60915504881836,50.451922796690724,52.03083970498701,29.169087079751712,0.0,8.688046480018613,0.22850257429703047,3.954879588923593,PCM Storage + DSM
2024-02-02 05:00:00,103.10123250583905,79.5,1.55,109.81601023323086,6.714777727391812,42.30110362230425,40.09698329478902,705.239098779735,51.59689424209388,51.47774225530242,64.19199760664428,35.98677204957647,0.0,6.714777727391805,0.23154834456654363,5.661309126584148,PCM Storage + DSM
2024-02-02 06:00:00,111.49839611679589,84.3,-0.05,116.71781338749123,5.219417270695344,41.50299337509109,38.883194996347555,651.5151587128519,52.34541171047585,52.25511728446441,69.42016698266619,38.9177439243636,0.0,5.219417270695345,0.23274550993736337,6.454828725795965,PCM Storage + DSM
2024-02-02 07:00:00,115.74189640045209,82.5,0.0,2.842170943040401e-14,-115.74189640045206,82.5,35.61521970766883,0.0,41.01813550941357,41.91169498316657,72.06221842503693,0.0,0.0,0.0,0.17125,0.0,PCM Storage + DSM
2024-02-02 08:00:00,123.17302959780339,81.5,0.2,1.4210854715202004e-14,-123.17302959780338,81.5,23.213792407855106,0.0,29.11101981203892,30.08098262092574,76.68892630063884,0.0,0.0,0.0,0.17275000000000001,0.0,PCM Storage + DSM
2024-02-02 09:00:00,138.50227261088733,85.6,0.2,138.50227261088733,0.0,34.97985443760005,34.97985443760005,653.6334749450299,29.43603353809812,29.438686560066976,86.2330869948558,48.343260227408265,0.0,0.0,0.24253021834359992,10.347970439382696,PCM Storage + DSM
2024-02-02 10:00:00,137.87357155931417,84.8,1.0,137.87357155931417,0.0,35.07073154979798,35.07073154979798,662.322839410166,29.41631175256935,29.41895524928594,85.84165058408745,48.12381647411453,0.0,0.0,0.24239390267530303,10.300998070090493,PCM Storage + DSM
2024-02-02 11:00:00,107.3889266120981,80.2,1.65,107.3889266120981,0.0,39.47720819279114,39.47720819279114,629.974156158962,29.39664138829878,29.399277873633878,66.86156462458867,37.483362019163096,0.0,0.0,0.2357841877108133,7.029607660925448,PCM Storage + DSM
2024-02-02 12:00:00,105.91639698995762,78.1,1.85,105.91639698995762,0.0,39.690058544084806,39.690058544084806,658.7495469193964,29.377023195946883,29.37965268850327,65.94475096792553,36.96938574011893,0.0,0.0,0.2354649121838728,6.848998671478187,PCM Storage + DSM
2024-02-02 13:00:00,112.5648516269977,83.8,1.75,112.5648516269977,0.0,38.729041608481886,38.729041608481886,596.6323344201327,29.357457037139802,29.360079555464495,70.08415428810008,39.289982843471314,0.0,0.0,0.23690643758727717,7.683028001415674,PCM Storage + DSM
2024-02-02 14:00:00,130.72731171999024,81.4,1.75,130.72731171999024,0.0,36.10370494086963,36.10370494086963,689.452618576309,29.3379427738684,29.34055833645924,81.3923080946428,45.62946390824943,0.0,0.0,0.24084444258869556,9.767076971357135,PCM Storage + DSM
2024-02-02 15:00:00,116.05213024174235,82.6,0.8,116.05213024174235,0.0,38.22496449719884,38.22496449719884,624.7628238610886,29.318480268489573,29.321088893795324,72.25537353592733,40.50719332226041,0.0,0.0,0.23766255325420174,8.139583220431168,PCM Storage + DSM
2024-02-02 16:00:00,102.43227202738773,81.1,1.55,102.43227202738773,0.0,40.193679803096245,40.193679803096245,598.2010463016352,29.299069383725318,29.301671090145813,63.77549521973775,35.75327602180746,0.0,0.0,0.23470948029535563,6.430988360274105,PCM Storage + DSM
2024-02-02 17:00:00,85.79158880847235,77.8,2.8,85.79158880847235,0.0,42.599047556421354,42.599047556421354,582.225298598477,29.279709982661707,29.282304788547986,53.41481696789391,29.944960648716208,0.0,0.0,0.23110142866536798,4.615345433622588,PCM Storage + DSM
2024-02-02 18:00:00,81.40566792645767,76.0,4.6,81.40566792645767,0.0,43.23302108499868,43.23302108499868,593.4976700119234,29.26040192874797,29.262989852402395,50.684092844442986,28.4140853024918,0.0,0.0,0.23015046837250197,4.186601025092495,PCM Storage + DSM
2024-02-02 19:00:00,76.58937852353495,76.8,5.4,76.58937852353495,0.0,43.92920327103437,43.92920327103437,556.6203637257327,29.241145085795498,29.243726145471882,47.68541639498529,26.73299280092587,0.0,0.0,0.22910619509344846,3.739718307809627,PCM Storage + DSM
2024-02-02 20:00:00,81.71246100824924,73.9,6.15,81.71246100824924,0.0,43.18867493789784,43.18867493789784,635.609693579639,29.221939317976897,29.22451353188065,50.87510569941524,28.52116930558744,0.0,0.0,0.23021698759315323,4.215915734300583,PCM Storage + DSM
2024-02-02 21:00:00,74.62271408224561,76.2,5.55,74.62271408224561,0.0,44.21347953340028,44.21347953340028,557.3202420198385,29.20278448982503,29.205351876113266,46.46094879125254,26.04654218121404,0.0,0.0,0.22867978069989958,3.5644432357019524,PCM Storage + DSM
2024-02-02 22:00:00,67.60987564041729,74.9,6.0,67.60987564041729,0.0,45.22716720627649,45.22716720627649,544.3170068136375,29.183680466232072,29.18624104301375,42.09467597828562,23.598759431262042,0.0,0.0,0.22715924919058528,2.973441490789957,PCM Storage + DSM
2024-02-02 23:00:00,76.63782521704408,71.8,6.95,115.30409299468376,38.666267777639675,41.666473078434606,43.92220042669263,914.1038415122509,35.629432552474874,34.89468981401634,47.71557985625732,65.41617056182662,0.0,0.0,0.2325002903823481,4.389888769824149,PCM Storage + DSM
2024-02-03 00:00:00,83.57620331571485,77.5,6.1,112.9691169413505,29.39291362563566,41.93648488165624,42.919275803985485,758.8498098318704,40.245129046524625,39.68833295932714,55.86423456045603,35.84415564686171,5.114334547979156,29.392913625635657,0.23209527267751565,5.049070451256788,PCM Storage + DSM
2024-02-03 01:00:00,101.07535702164445,77.0,5.15,123.4804655180399,22.40510849639546,40.72097426456385,40.389818360382634,813.0989840420987,43.74294397030722,43.32099898681899,67.56106677410254,43.34919134170234,6.18517197308393,22.405108496395457,0.23391853860315423,6.598970068374812,PCM Storage + DSM
2024-02-03 02:00:00,93.1014276202945,77.5,4.5,110.21111587066346,17.109688250368958,42.25541442327631,41.542429247626494,747.0226453694968,46.393618955608666,46.073865327335874,62.23111105976142,39.92933311364459,5.69721797418766,17.10968825036896,0.23161687836508554,5.505431655331491,PCM Storage + DSM
2024-02-03 03:00:00,75.89489673515031,76.4,5.55,88.99166883967933,13.096772104529025,44.709187406525075,44.029588818735505,670.8366042003968,48.402323827308344,48.16001170891705,50.72987459286527,32.54979747166511,4.644287213210909,13.096772104529023,0.2279362188902124,3.7410682890683526,PCM Storage + DSM
2024-02-03 04:00:00,70.08113655648735,74.9,3.7,80.1368854286059,10.055748872118546,45.733136252830306,44.8699528275537,656.3621099746762,49.924538087436176,49.74091182794246,46.84382510253149,30.056392453608513,4.288521895383763,10.055748872118542,0.22640029562075453,3.1666979689588173,PCM Storage + DSM
2024-02-03 05:00:00,57.142856311079434,76.8,3.95,64.89409096860446,7.751234657525027,47.49578148955827,46.74014779950125,529.0244997689329,51.078085473307695,50.93893187504975,38.19558441004628,24.507423817557584,3.496781052591927,7.751234657525025,0.2237563277656626,2.1781150822026083,PCM Storage + DSM
2024-02-03 06:00:00,75.16253077332753,75.7,3.4,81.16738424288174,6.004853469554209,45.61397150051383,44.135450425799746,644.4919003788101,51.952253851771864,51.84680202826078,50.24034453224731,32.23570041431406,4.59947105272842,6.004853469554206,0.22657904274922927,3.4322279680090335,PCM Storage + DSM
2024-02-03 07:00:00,84.90963695028563,79.0,3.1,0.0,-84.90963695028563,79.0,39.67878526998899,0.0,43.62505600866002,44.28074035645564,56.7555319199576,0.0,0.0,0.0,0.1765,0.0,PCM Storage + DSM
2024-02-03 08:00:00,102.54503079960321,79.7,2.85,0.0,-102.54503079960321,79.7,28.802436822644843,0.0,33.691485024688596,34.497896649493605,68.5434301431239,0.0,0.0,0.0,0.17545,0.0,PCM Storage + DSM
2024-02-03 09:00:00,115.02874145160837,80.4,2.1,115.02874145160837,0.0,38.372892701979794,38.372892701979794,653.8492732178029,33.945634982578376,33.949894996925266,76.88782618387285,49.33351778231346,7.039030765661801,0.0,0.2374406609470303,8.593186729431164,PCM Storage + DSM
2024-02-03 10:00:00,100.40168689597566,82.6,1.75,100.40168689597566,0.0,40.487195636023586,40.487195636023586,569.5444482660154,33.913952180661624,33.91819883243205,67.11077034493158,43.06026775004437,6.143947626188987,0.0,0.23426920654596461,6.64912212852963,PCM Storage + DSM
2024-02-03 11:00:00,91.3972901046932,77.1,2.4,91.3972901046932,0.0,41.78875792135544,41.78875792135544,618.3311148437691,33.88235267579616,33.88658806412062,61.09202679751995,39.19846274708675,5.592935546597314,0.0,0.23231686311796684,5.575713652152699,PCM Storage + DSM
2024-02-03 12:00:00,83.40218225336834,78.3,2.45,83.40218225336834,0.0,42.94443009880987,42.94443009880987,563.5342913074533,33.85083698263905,33.855061137397016,55.747914925683176,35.769521507033446,5.103685560636756,0.0,0.2305833548517852,4.701412290501243,PCM Storage + DSM
2024-02-03 13:00:00,99.74990491186325,80.6,2.3,99.74990491186325,0.0,40.58140903737001,40.58140903737001,595.458464407896,33.819404878897465,33.82361782988385,66.6751044472455,42.780731542852806,6.104062694990279,0.0,0.234127886443945,6.568267603859733,PCM Storage + DSM
2024-02-03 14:00:00,97.19042224681496,80.8,1.95,97.19042224681496,0.0,40.951375641908434,40.951375641908434,582.654240457186,33.78805614286627,33.79225791979697,64.96428803921188,41.68302081441888,5.9474385591778205,0.0,0.23357293653713734,6.255524732593034,PCM Storage + DSM
2024-02-03 15:00:00,106.62835857158319,78.4,1.7,106.62835857158319,0.0,39.58714633744525,39.58714633744525,656.2932309412075,33.7567905534284,33.760981185940466,71.27281926815277,45.73076221913704,6.52498051361491,0.0,0.23561928049383213,7.446379032204341,PCM Storage + DSM
2024-02-03 16:00:00,117.42361041910097,83.4,1.25,117.42361041910097,0.0,38.0267205819975,38.0267205819975,618.2384845347475,33.72560789005324,33.72978740770515,78.48861105365417,50.36062900080671,7.18558158530196,0.0,0.23795991912700376,8.935118091911399,PCM Storage + DSM
2024-02-03 17:00:00,133.49080612329857,82.9,2.05,133.49080612329857,0.0,35.70424896681104,35.70424896681104,675.6927050622991,33.694507932795105,33.698676365066916,89.22828998064934,57.25152665805357,8.168792245981361,0.0,0.24144362654978344,10.70739479767792,PCM Storage + DSM
2024-02-03 18:00:00,109.34792599947203,82.0,1.3,109.34792599947203,0.0,39.19403989415923,39.19403989415923,610.2490103585809,33.66349046229162,33.66764783858521,73.09063997150113,46.897130088339516,6.69140082346638,0.0,0.23620894015876115,7.808694116657519,PCM Storage + DSM
2024-02-03 19:00:00,97.1459178864197,78.3,1.55,97.1459178864197,0.0,40.95780863218707,40.95780863218707,621.4776742667384,33.632555259762285,33.63670160940154,64.93454031283225,41.663933787757166,5.94471517406489,0.0,0.23356328705171941,6.250153932476511,PCM Storage + DSM
2024-02-03 20:00:00,95.25144996720502,80.3,2.15,95.25144996720502,0.0,41.23164907387087,41.23164907387087,582.4347672487673,33.601702107006886,33.60583745923793,63.66823488129121,40.851434532343525,5.828785730695978,0.0,0.2331525263891937,6.023658422732491,PCM Storage + DSM
2024-02-03 21:00:00,105.29662406759739,81.2,1.75,105.29662406759739,0.0,39.77964511827875,39.77964511827875,607.2973805568405,33.57093078640389,33.57505517039527,70.38265764616717,45.15960802754448,6.443486792767821,0.0,0.2353305323225819,7.272086053114142,PCM Storage + DSM
2024-02-03 22:00:00,116.69743494087889,80.1,1.8,116.69743494087889,0.0,38.131687370655875,38.131687370655875,664.2637880468473,33.54024108090903,33.5443545257519,78.00321885302735,50.04918691758598,7.141144243225808,0.0,0.2378024689440162,8.830734716484416,PCM Storage + DSM
2024-02-03 23:00:00,113.14095266084405,83.0,1.7,145.29359692758803,32.152644266743984,38.19854884722621,38.64576769290755,774.738556446992,38.88547325193816,38.276260153262704,75.62598523365074,80.67652733773963,6.923510042670567,0.0,0.2377021767291607,8.531269603505256,PCM Storage + DSM
2024-02-04 00:00:00,134.69263817614052,80.6,1.6,159.15615913518505,24.46352095904452,36.595510814522626,35.530527249572145,864.0268567054051,42.712585296902695,42.250916941153704,69.47374200784637,44.57642070087341,16.375301969461308,25.91615598749076,0.24010673377821606,8.336849040941562,PCM Storage + DSM
2024-02-04 01:00:00,132.41916519344534,84.7,1.4,151.08873648471314,18.669571291267786,37.52841089034797,35.859151893686196,765.1601759910643,45.612804069460836,45.262947719492516,68.30109680911602,43.8240166385507,16.0989037407596,20.09768733682374,0.23870738366447805,7.979585356834035,PCM Storage + DSM
2024-02-04 02:00:00,138.27930953349875,83.4,0.7,152.5581747580481,14.278865224549355,37.358488086497516,35.01208317421364,791.5651829635813,47.81061542307243,47.545491196800484,71.32372790107819,45.763426713275464,16.811352724255737,15.770181835892561,0.23896226787025374,8.405435107706621,PCM Storage + DSM
2024-02-04 03:00:00,130.67415364314272,82.6,0.65,141.6257031027171,10.951549459574384,38.62269650572793,36.11138880349689,769.3328168921389,49.47613624231931,49.27522276636651,67.40102918932601,43.24650646392298,15.886753385229145,12.360845880410384,0.2370659552414081,7.431895015431209,PCM Storage + DSM
2024-02-04 04:00:00,137.6614893046953,84.0,0.4,146.09156954459908,8.430080239903786,38.10627294361124,35.10138749160047,760.4533939875902,50.738282602054156,50.58602859876276,71.00505953312336,45.558959603494465,16.736241025899453,9.914733775092317,0.23784059058458315,8.049301286648808,PCM Storage + DSM
2024-02-04 05:00:00,144.2382582595652,84.9,0.5,150.75754689601737,6.519288636452172,37.56670896964703,34.15073253609169,760.8746877515104,51.69474824029955,51.57936881436348,74.39732176662666,47.73553602039813,17.535813883612256,8.074871400492443,0.23864993654552946,8.674708834618016,PCM Storage + DSM
2024-02-04 06:00:00,135.50078033571035,84.3,0.2,140.5720542498976,5.071273914187259,38.74453828063867,35.413712388958594,737.1558471509043,52.41956633297805,52.33213078684097,69.89057740924518,44.84387470117287,16.473552119405678,6.532624605381295,0.236883192579042,7.65530856263121,PCM Storage + DSM
2024-02-04 07:00:00,116.8447840959505,82.2,0.45,0.0,-116.8447840959505,82.2,35.5299547640756,0.0,40.985173956915084,41.88729852773723,60.267914380212474,0.0,0.0,0.0,0.1717,0.0,PCM Storage + DSM
2024-02-04 08:00:00,99.38835163921031,81.3,0.4,99.38835163921031,0.0,40.633670628538326,40.633670628538326,583.8500073667864,41.253076051739214,41.259940996732645,51.26397993138977,32.89249535406738,12.083171674243529,1.0718848703657133,0.23404949405719253,5.034019082694757,PCM Storage + DSM
2024-02-04 09:00:00,80.57091423188463,80.8,0.2,80.57091423188463,0.0,43.35368257422243,43.35368257422243,514.0080884912841,41.20201172982353,41.20885616363024,41.55804641202598,26.664879518936385,9.795435506856029,0.8689423109681514,0.22996947613866636,3.402685757602218,PCM Storage + DSM
2024-02-04 10:00:00,89.7921841515883,78.9,-0.15,89.7921841515883,0.0,42.02077183866143,42.02077183866143,581.6443161165116,41.15108202539859,41.15790830563316,46.31432809201233,29.71665141161755,10.916514442733655,0.968391990427262,0.23196884224200787,4.16251732577607,PCM Storage + DSM
2024-02-04 11:00:00,97.21181022231126,83.7,-0.35,97.21181022231126,0.0,40.948284065325254,40.948284065325254,543.2081229344301,41.100287402380154,41.10709557719747,50.14133151559964,32.17217071579213,11.81855793266582,1.0484112763678224,0.23357757390201211,4.829126460448559,PCM Storage + DSM
2024-02-04 12:00:00,114.59879532136507,82.6,-0.2,114.59879532136507,0.0,38.43504030395918,38.43504030395918,619.8733850570618,41.04962750249246,41.05641761991371,59.10944538895244,37.92637950544915,13.93238638825817,1.2359266739126324,0.23734743954406123,6.584186827807369,PCM Storage + DSM
2024-02-04 13:00:00,121.03348843837455,82.2,0.15,121.03348843837455,0.0,37.50492204363414,37.50492204363414,646.9141157985047,40.999101968407885,41.00587407632689,62.428425665559494,40.05593603763116,14.71468632906154,1.3053236413017943,0.2387426169345488,7.302282150259641,PCM Storage + DSM
2024-02-04 14:00:00,122.60532131417001,84.8,0.0,122.60532131417001,0.0,37.27771766366271,37.27771766366271,616.3292876130464,40.94871044374652,40.95546458993009,63.2391686517475,40.57613286866579,14.905782430045305,1.3222755662559849,0.23908342350450593,7.483324433190085,PCM Storage + DSM
2024-02-04 15:00:00,142.80137185835767,82.6,0.1,142.80137185835767,0.0,34.35843075191538,34.35843075191538,707.150298625424,40.898452573073754,40.90518880516198,73.65618344990938,47.2599996170215,17.36112394484355,1.5400862116929857,0.24346235387212695,8.838742013989126,PCM Storage + DSM
2024-02-04 16:00:00,132.25005606865656,86.5,-0.2,132.25005606865656,0.0,35.88359618063095,35.88359618063095,624.1735406663727,40.84832800189768,40.855046367404306,68.2138712274819,43.768050109176755,16.07834424306392,1.4262922351263236,0.24117460572905358,8.185664547297828,PCM Storage + DSM
2024-02-04 17:00:00,130.2106319289683,83.6,-1.2,0.0,-130.2106319289683,83.6,22.026717671258876,0.0,28.143450221234612,29.14903264092682,67.16194716953903,0.0,0.0,0.0,0.1696,0.0,PCM Storage + DSM
2024-02-04 18:00:00,108.26172663186564,83.8,-1.85,108.26172663186564,0.0,39.351047205586966,39.351047205586966,581.8542242933542,28.48381389783862,28.486127600003293,55.840819269650005,35.82913169934375,13.161955169470493,1.1675825678004739,0.23597342919161957,5.9131918997484165,PCM Storage + DSM
2024-02-04 19:00:00,121.5628070681825,83.6,-2.1,121.5628070681825,0.0,37.42841040365971,37.42841040365971,628.9652757229234,28.46661772778826,28.468922712167167,62.70144538233966,40.23111361412404,14.779038416291664,1.3110322441867024,0.23885738439451043,7.363001736722985,PCM Storage + DSM
2024-02-04 20:00:00,141.03337119280312,86.9,-1.95,141.03337119280312,0.0,34.61399067892296,34.61399067892296,644.3727515252933,28.4494662473024,28.451765118139527,72.74425816749111,46.674881213117935,17.14617868003402,1.5210186536446961,0.24307901398161558,8.729310980098933,PCM Storage + DSM
2024-02-04 21:00:00,149.9457749569584,88.0,-2.25,149.9457749569584,0.0,33.325725747916735,33.325725747916735,655.1669513990136,28.43236025787228,28.434653031389296,77.34122833724136,49.6244340990559,18.229707111045617,1.6171372691145158,0.2450114113781249,9.280947400468964,PCM Storage + DSM
2024-02-04 22:00:00,140.49922240012543,86.3,-3.2,140.49922240012543,0.0,34.69120050645721,34.69120050645721,650.3556833810253,28.415299638843848,28.417586331212746,72.46874707854977,46.4981050980928,17.08123936415781,1.5152579583524177,0.24296319924031418,8.696249649425972,PCM Storage + DSM
2024-02-04 23:00:00,151.01792249170654,86.5,-4.0,151.01792249170654,0.0,33.170749592613284,33.170749592613284,676.493749401176,28.398284269880726,28.400564897230595,77.89423629841913,49.979260466773475,18.360053801666936,1.6287001806865704,0.24524387561108008,9.347308355810295,PCM Storage + DSM
2024-02-05 00:00:00,149.18946033577396,92.0,-4.7,189.02999735522957,39.840537019455624,33.140961927209325,33.4350490717991,767.2172238166455,35.042436936734276,34.28506384595541,67.17491971240219,43.10142789356653,15.833458271769352,44.26916200277316,0.245288557109186,8.060990365488262,PCM Storage + DSM
2024-02-05 01:00:00,170.9120001837854,87.3,-5.05,170.9120001837854,0.0,30.295112076223496,30.295112076223496,716.2443953337217,34.736982024937525,34.74152007471262,76.9558376603286,49.37715596991298,18.13886863699381,5.0734492387006,0.24955733188566476,9.234700519239432,PCM Storage + DSM
2024-02-05 02:00:00,148.7133930564271,91.8,-5.25,179.07675526660725,30.363362210180146,34.29193426391226,33.503863366686495,743.8943020664526,39.779902419518805,39.20517211192844,66.96056287247629,42.963890164915504,15.782933312532096,34.77785534100417,0.2435620986041316,8.035267544697156,PCM Storage + DSM
2024-02-05 03:00:00,159.84182277593604,86.5,-3.35,159.84182277593604,0.0,31.895277610903065,31.895277610903065,699.2959225219247,39.526202807074846,39.53244841063514,71.97131477982045,46.17893772956591,16.96399212994181,4.744835782174788,0.2471570835836454,8.636557773578454,PCM Storage + DSM
2024-02-05 04:00:00,152.05477763130733,88.3,-3.45,152.05477763130733,0.0,33.020874861819166,33.020874861819166,657.1124342952571,39.479717336078416,39.48594786909608,68.46507425042928,43.92922944555061,16.13755402848098,4.5136806952396356,0.24546868770727126,8.215808910051514,PCM Storage + DSM
2024-02-05 05:00:00,158.90990089476216,88.1,-2.45,158.90990089476216,0.0,32.02998451037975,32.02998451037975,677.0504899859104,39.43335569179095,39.43956969950202,71.55170217846648,45.90970179511417,16.865087380337478,4.717172081829078,0.2469550232344304,8.586204261415979,PCM Storage + DSM
2024-02-05 06:00:00,150.7347076150375,87.3,-2.6,150.7347076150375,0.0,33.211687571098885,33.211687571098885,665.7491296151169,39.387117012997926,39.393314539228804,67.870691797687,43.54785597256762,15.997455167131255,4.474494984395026,0.24518246864335166,8.14448301572244,PCM Storage + DSM
2024-02-05 07:00:00,155.52568461474016,86.1,-2.7,0.0,-155.52568461474016,86.1,16.906281240529538,0.0,24.22022293731741,25.420615727635674,70.02790514623491,0.0,0.0,0.0,0.16585,0.0,PCM Storage + DSM
2024-02-05 08:00:00,154.48895254667966,89.6,-3.15,154.48895254667966,0.0,32.66902116865265,32.66902116865265,648.2604909471318,24.64073505516011,24.64167942268012,69.56110009661214,44.632472250767,16.395892699738265,4.585938130984228,0.24599646824702104,8.347332011593457,PCM Storage + DSM
2024-02-05 09:00:00,188.55481928614466,87.3,-2.8,188.55481928614466,0.0,27.744888170853752,27.744888170853752,756.3440044191623,24.63373210480345,24.634670881711155,84.89979666409498,54.47423651211823,20.01129876325653,5.5971687378998665,0.25338266774371937,10.187975599691397,PCM Storage + DSM
2024-02-05 10:00:00,159.018075867888,92.9,-2.6,159.018075867888,0.0,32.014348097580424,32.014348097580424,623.9248880494492,24.626746628517395,24.627682915488947,71.60040967508364,45.9409539746822,16.876567976347296,4.720383209394502,0.24697847785362936,8.592049161010037,PCM Storage + DSM
2024-02-05 11:00:00,138.94024241696977,83.0,-2.2,138.94024241696977,0.0,34.9165470340144,34.9165470340144,690.2925410228311,24.619779679883173,24.62071348353061,62.56004685703405,40.14038811167746,14.74571008989096,4.124381356237426,0.2426251794489784,7.507205622844086,PCM Storage + DSM
2024-02-05 12:00:00,110.64332184952707,82.5,-1.85,110.64332184952707,0.0,39.006793771838254,39.006793771838254,607.7214396911778,24.612831209762554,24.61376253667243,49.8189097623087,31.965295322263056,11.742561542964138,3.2843994359738566,0.23648980934224262,5.378411504492406,PCM Storage + DSM
2024-02-05 13:00:00,120.61850962821264,85.8,-0.8,120.61850962821264,0.0,37.56490615817711,37.56490615817711,597.3812760229821,24.605901169144776,24.606830025886165,54.31039620271283,34.84716670781633,12.801226941253061,3.5805085961688534,0.23865264076273435,6.333165880717832,PCM Storage + DSM
2024-02-05 14:00:00,137.20902980435088,83.7,-0.6,137.20902980435088,0.0,35.16678934304471,35.16678934304471,675.3741702361614,24.59898950914904,24.5999159022736,61.78054093217827,39.64023390893896,14.561976717575186,4.072991054198509,0.24224981598543294,7.413664911861392,PCM Storage + DSM
2024-02-05 15:00:00,118.86035390904715,84.3,0.0,118.86035390904715,0.0,37.8190430236273,37.8190430236273,610.8896034507972,24.592096181024235,24.593020117066235,53.518758716988096,34.33922853453841,12.614634100498584,3.5283184995967845,0.23827143546455903,6.1592460502765185,PCM Storage + DSM
2024-02-05 16:00:00,119.60211964993445,82.0,-0.7,119.60211964993445,0.0,37.71182270279195,37.71182270279195,645.1368442221651,24.585221136148537,24.586142621624933,53.85275050151074,34.55352760447818,12.693357603347472,3.5503374966792136,0.23843226594581207,6.232328397692693,PCM Storage + DSM
2024-02-05 17:00:00,119.15928531941077,83.9,-0.6,119.15928531941077,0.0,37.775833260813755,37.775833260813755,617.1633565158816,24.57836432602909,24.57928336743954,53.65335732365573,34.42559100679289,12.646359652702213,3.537192149982376,0.23833625010877937,6.188646523842585,PCM Storage + DSM
2024-02-05 18:00:00,125.61059121619749,85.0,-0.9,125.61059121619749,0.0,36.84331366610577,36.84331366610577,623.1182057418032,24.571525702301656,24.572442306128586,56.55816008037486,36.28939891456248,13.331035919278253,3.7286963916709737,0.23973502950084136,6.786979209644983,PCM Storage + DSM
2024-02-05 19:00:00,131.9094536575288,83.8,-1.3,131.9094536575288,0.0,35.93282937891095,35.93282937891095,658.3228660318127,24.56470521673027,24.565619389438908,59.394322754491284,38.10916530231873,13.99953338149824,3.9156754149302415,0.24110075593163358,7.1273187305389545,PCM Storage + DSM
2024-02-05 20:00:00,122.45869723603825,86.5,-2.3,122.45869723603825,0.0,37.29891179522326,37.29891179522326,594.5874010762161,24.557902821206905,24.558814569245328,55.138969846810944,35.378804219680916,12.996525815819385,3.635133774084681,0.2390516323071651,6.517786250835283,PCM Storage + DSM
2024-02-05 21:00:00,138.23034143926773,84.8,-3.1,138.23034143926773,0.0,35.01916138568222,35.01916138568222,663.348800625346,24.551118467751113,24.55202779755031,62.24040268730811,39.93529489843618,14.670368390267972,4.103308250949311,0.24247125792147667,7.468848322476973,PCM Storage + DSM
2024-02-05 22:00:00,155.9687323079109,89.0,-3.95,155.9687323079109,0.0,32.45512282849057,32.45512282849057,658.9387584150322,24.54435210850975,24.54525902648363,70.22739439400434,45.05998650367414,16.552941535816437,4.629864756937878,0.24631731575726415,8.42728732728052,PCM Storage + DSM
2024-02-05 23:00:00,164.44641658397393,91.9,-4.75,164.44641658397393,0.0,31.2296954760046,31.2296954760046,647.5137803600835,24.537603695756545,24.538508208302027,74.04460614146899,47.50922317700725,17.452677079628792,4.881521169536673,0.2481554567859931,8.885352736976278,PCM Storage + DSM
2024-02-06 00:00:00,157.23431171759626,88.3,-5.55,157.23431171759626,0.0,32.27218659556782,32.27218659556782,670.4160861188493,24.530873181891835,24.53177529538886,57.75933274050998,37.06010704521886,13.614158210646297,22.009207515833108,0.2465917201066483,6.9311199288611975,PCM Storage + DSM
2024-02-06 01:00:00,161.93648524683445,89.3,-6.35,161.93648524683445,0.0,31.592499564153627,31.592499564153627,670.36791708527,24.524160519442205,24.525060240253797,59.486655501757475,38.1684087411728,14.021296663199449,22.667404265956822,0.24761125065376957,7.138398660210896,PCM Storage + DSM
2024-02-06 02:00:00,157.87957796118766,94.4,-6.95,157.87957796118766,0.0,32.17891502767451,32.17891502767451,606.1626222349497,24.517465661060164,24.518362995532467,57.99636845658672,37.21219621582631,13.670028692300587,22.099530031974957,0.24673162745848823,6.959564214790406,PCM Storage + DSM
2024-02-06 03:00:00,173.20942333475276,86.7,-4.45,173.20942333475276,0.0,29.96302549718221,29.96302549718221,729.2998403005311,24.510788559523768,24.5116835139861,63.6277197190429,40.82543879834462,14.997365823621545,24.2453577735586,0.25005546175422666,7.635326366285148,PCM Storage + DSM
2024-02-06 04:00:00,160.85486420655965,91.7,-5.35,160.85486420655965,0.0,31.748845090197754,31.748845090197754,640.9695827491271,24.504129167736355,24.505021748501235,59.08932677063054,37.913470801119736,13.927644331177207,22.51600205820171,0.24737673236470337,7.090719212475665,PCM Storage + DSM
2024-02-06 05:00:00,174.66947052871112,91.4,-6.15,174.66947052871112,0.0,29.75197944862284,29.75197944862284,676.8596785136388,24.49748743872616,24.49837765208938,64.16406163304036,41.16957173414016,15.123784245125245,24.449730987799875,0.2503720308270657,7.699687395964844,PCM Storage + DSM
2024-02-06 06:00:00,185.7837140941984,90.9,-6.4,185.7837140941984,0.0,28.145444264740732,28.145444264740732,707.2340429902567,24.490863325646018,24.491751177886655,68.24683011560313,43.78919751278946,16.08611281475683,26.005470891782597,0.2527818336028889,8.189619613872376,PCM Storage + DSM
2024-02-06 07:00:00,197.66276720348475,95.2,-7.15,197.66276720348475,0.0,26.428357837866475,26.428357837866475,686.6196881976526,24.484256781773,24.48514227915349,72.6105480197066,46.5890888025271,17.114662541949713,27.66826663984721,0.2553574632432003,8.71326576236479,PCM Storage + DSM
2024-02-06 08:00:00,210.039775460293,94.7,-7.5,210.039775460293,0.0,24.63929328132685,24.63929328132685,716.1892657298375,24.4776677605081,24.478550909274265,77.15718755676271,49.50634805647872,18.186327795811767,29.400764719773537,0.25804106007800975,9.258862506811525,PCM Storage + DSM
2024-02-06 09:00:00,190.59341315245794,94.7,-8.35,190.59341315245794,0.0,27.45021469599411,27.45021469599411,677.0453525379094,24.471096215375926,24.471977021757017,70.01365190693508,44.92284296210164,16.502561382562746,26.678718756740142,0.2538246779560088,8.401638228832208,PCM Storage + DSM
2024-02-06 10:00:00,195.07531302800734,93.6,-10.65,195.07531302800734,0.0,26.80236765194822,26.80236765194822,697.657101592208,24.464542100024335,24.46542057023309,71.6600581104771,45.97922618621713,16.890627405324985,27.30608223325234,0.25479644852207767,8.599206973257251,PCM Storage + DSM
2024-02-06 11:00:00,179.1431513056342,96.9,-9.4,179.1431513056342,0.0,29.105320454042054,29.105320454042054,631.2557882533479,24.45800536822413,24.458881508456795,65.80744858685756,42.224017717766735,15.51113861590882,25.075943978484368,0.2513420193189369,7.896893830422907,PCM Storage + DSM
2024-02-06 12:00:00,179.2371768269914,90.6,-7.05,179.2371768269914,0.0,29.09172930792823,29.09172930792823,696.1380200790924,24.451485973868728,24.452359790305135,65.84198844851272,42.24617952105518,15.519279830823121,25.0891054010055,0.25136240603810767,7.901038613821528,PCM Storage + DSM
2024-02-06 13:00:00,157.9551441843572,90.2,-5.65,157.9551441843572,0.0,32.16799212540774,32.16799212540774,650.2299254980467,24.444983870973825,24.4458553697774,58.02412737625454,37.23000716490654,13.676571605907503,22.11010757493462,0.24674801181188838,6.962895285150545,PCM Storage + DSM
2024-02-06 14:00:00,171.8609281570065,89.3,-4.7,171.8609281570065,0.0,30.15794699009172,30.15794699009172,694.1950821879549,24.438499013677113,24.439368200994938,63.13235594748704,40.50759865842022,14.88060615141269,24.056599290267602,0.24976307951486243,7.575882713698444,PCM Storage + DSM
2024-02-06 15:00:00,165.0442937824378,90.7,-3.25,165.0442937824378,0.0,31.14327387211284,31.14327387211284,662.01902972092,24.432031356237896,24.43289823820075,60.62829529615625,38.90091881322608,14.2903867659252,23.10242638188291,0.24828508919183073,7.2753954355387505,PCM Storage + DSM
2024-02-06 16:00:00,151.62915135375596,87.3,-3.5,151.62915135375596,0.0,33.082398040256095,33.082398040256095,668.1026208770701,24.42558085303681,24.42644543575921,55.70030173778299,35.73897146850941,13.128834497547194,21.224613261184313,0.24537640293961585,6.68403620853396,PCM Storage + DSM
2024-02-06 17:00:00,152.58618287489682,86.4,-4.35,152.58618287489682,0.0,32.944061607215225,32.944061607215225,681.8989582812894,24.41914745857547,24.42000974815572,56.05186305712158,35.9645436749298,13.21169922598375,21.358575785762373,0.24558390758917717,6.726223566854589,PCM Storage + DSM
2024-02-06 18:00:00,166.33898236996671,92.0,-4.8,166.33898236996671,0.0,30.95612998276218,30.95612998276218,650.957683187624,24.412731127476192,24.41359112999642,61.10389345348933,39.20607674675793,14.402487585851798,23.283653173160403,0.24856580502585673,7.332467214418719,PCM Storage + DSM
2024-02-06 19:00:00,189.21469394098725,91.3,-5.25,189.21469394098725,0.0,27.649504994867883,27.649504994867883,710.1561462402262,24.406331814481636,24.407189536007827,69.50718546954515,44.59787902131641,16.383184757524745,26.48572959998519,0.25352574250769816,8.340862256345417,PCM Storage + DSM
2024-02-06 20:00:00,192.78914370122234,91.9,-5.65,192.78914370122234,0.0,27.132827519788194,27.132827519788194,711.0962899091024,24.399949474454488,24.400804921036553,70.82024386507187,45.44037636998668,16.69267906586153,26.98607081475282,0.2543007587203177,8.498429263808625,PCM Storage + DSM
2024-02-06 21:00:00,203.43178706474447,93.5,-5.9,203.43178706474447,0.0,25.594460926302606,25.594460926302606,715.6725978288217,24.393584062377165,24.39443724004896,74.72977208799767,47.948846041699426,17.614174056030777,28.475797476484686,0.25660830861054607,8.967572650559719,PCM Storage + DSM
2024-02-06 22:00:00,190.39652415113056,93.9,-5.9,190.39652415113056,0.0,27.478674492298566,27.478674492298566,684.7818698920969,24.38723553335149,24.388086448130874,69.9413255984062,44.87643624981657,16.485513716663835,26.65115879962606,0.2537819882615522,8.392959071808743,PCM Storage + DSM
2024-02-06 23:00:00,166.1579433850012,89.6,-6.05,166.1579433850012,0.0,30.982298700164105,30.982298700164105,677.1628132206172,24.380903842598354,24.38175250048722,61.03738957874723,39.16340588129041,14.386812296173028,23.258311855829373,0.24852655194975384,7.324486749449668,PCM Storage + DSM
2024-02-07 00:00:00,160.13291523005617,88.8,-6.1,160.13291523005617,0.0,31.85320094895562,31.85320094895562,671.7567954686587,24.37458894545742,24.375435352441745,55.42075540111465,35.55960621843682,13.062944053976674,36.91919875390876,0.24722019857656657,6.650490648133758,PCM Storage + DSM
2024-02-07 01:00:00,168.76208709957066,93.1,-6.4,168.76208709957066,0.0,30.605876456338834,30.605876456338834,645.11402259041,24.36829079738682,24.369134959436696,58.407244611078006,37.47582658593783,13.766874218500773,38.908684243975244,0.24909118531549174,7.008869353329361,PCM Storage + DSM
2024-02-07 02:00:00,179.92570577963818,92.0,-7.05,179.92570577963818,0.0,28.992204227248564,28.992204227248564,682.1811332228659,24.362009353962804,24.362851277032505,62.27088613268824,39.95485398430668,14.677553487957294,41.482495232616394,0.2515116936591272,7.4725063359225885,PCM Storage + DSM
2024-02-07 03:00:00,162.96175221384289,91.2,-6.3,162.96175221384289,0.0,31.444299873759412,31.444299873759412,651.4890528119037,24.35574457087945,24.356584260907436,56.39979386002758,36.18778643394772,13.293708223878516,37.57139692751215,0.24783355018936087,6.76797526320331,PCM Storage + DSM
2024-02-07 04:00:00,169.94877596056548,89.7,-6.4,169.94877596056548,0.0,30.434343648345564,30.434343648345564,685.0396647927778,24.34949640394837,24.35033386685737,58.81794838804939,37.7393463535019,13.863679114473484,39.18227947488187,0.24934848452748165,7.058153806565926,PCM Storage + DSM
2024-02-07 05:00:00,178.77096392089652,93.4,-6.95,178.77096392089652,0.0,29.159119178629563,29.159119178629563,664.7927442994472,24.343264809098343,24.34410005079537,61.87123896450418,39.6984284660314,14.583354688941762,41.21626549383288,0.25126132123205563,7.424548675740501,PCM Storage + DSM
2024-02-07 06:00:00,194.80730687852457,93.8,-7.5,194.80730687852457,0.0,26.841107248224287,26.841107248224287,695.0207248354177,24.33704974237508,24.33788276875147,67.42129242669381,43.2595079601367,15.89152952972902,44.9134999573905,0.2547383391276636,8.090555091203257,PCM Storage + DSM
2024-02-07 07:00:00,186.9327658570294,94.5,-8.75,186.9327658570294,0.0,27.9793518020182,27.9793518020182,671.320231045859,24.330851159940845,24.331681976872325,64.69597507878098,41.51086323289241,15.249158854925815,43.097997225483574,0.2530309722969727,7.763517009453717,PCM Storage + DSM
2024-02-07 08:00:00,203.00461529800648,93.7,-9.7,203.00461529800648,0.0,25.656207501207327,25.656207501207327,712.7187367475988,24.324669018074175,24.325497631420877,70.25831705845631,45.07982740557413,16.56023015959669,46.80341783187094,0.25651568874818903,8.430998047014759,PCM Storage + DSM
2024-02-07 09:00:00,212.3848094444495,98.9,-10.2,212.3848094444495,0.0,24.300324679392897,24.300324679392897,680.1227307053514,24.31850327316957,24.319329688776083,73.50472923210673,47.16282208296943,17.325425442367795,48.96605411152183,0.25854951298091067,8.820567507852806,PCM Storage + DSM
2024-02-07 10:00:00,235.06469721557616,97.5,-10.45,235.06469721557616,0.0,21.022005515688733,21.022005515688733,734.2630864940337,24.312353881737206,24.313178105432627,81.35406183735253,52.19918751140715,19.17555166207137,54.194980863624124,0.2634669917264669,9.762487420482305,PCM Storage + DSM
2024-02-07 11:00:00,202.85194314739132,98.4,-10.0,202.85194314739132,0.0,25.67827586601479,25.67827586601479,666.3705285411182,24.306220800402563,24.307042838000516,70.20547841560983,45.0459245596252,16.54777583214489,46.76821873826391,0.2564825862009778,8.42465740987318,PCM Storage + DSM
2024-02-07 12:00:00,192.80464164399643,91.7,-9.15,192.80464164399643,0.0,27.130587332212883,27.130587332212883,713.3315370704362,24.300103985906222,24.30092384320492,66.7281855788378,42.81478997679853,15.728160843910112,44.451778544744855,0.2543041190016807,8.007382269460535,PCM Storage + DSM
2024-02-07 13:00:00,167.08741850038422,93.9,-8.0,167.08741850038422,0.0,30.8479454743591,30.8479454743591,633.060596704377,24.29400339510344,24.29482107788571,57.82765484541303,37.103944541275766,13.630262066097904,38.52258359270396,0.24872808178846134,6.939318581449563,PCM Storage + DSM
2024-02-07 14:00:00,178.12083493329467,91.3,-7.05,178.12083493329467,0.0,29.25309364360236,29.25309364360236,685.7966599637284,24.28791898496396,24.2887344989973,61.64623438284592,39.55405882936364,14.530320004718906,41.06637600187885,0.25112035953459644,7.39754812594151,PCM Storage + DSM
2024-02-07 15:00:00,181.06391951436018,92.4,-6.9,181.06391951436018,0.0,28.827678373479536,28.827678373479536,680.4004958615499,24.281850712571636,24.282664063608244,62.66481304581283,40.207609216677135,14.770403994780208,41.7449143551076,0.2517584824397807,7.51977756549754,PCM Storage + DSM
2024-02-07 16:00:00,189.32409392375342,93.5,-6.55,189.32409392375342,0.0,27.633691510090948,27.633691510090948,686.6625139128579,24.27579853512414,24.27660972890095,65.52359510730125,42.041888876618664,15.44423295762008,43.649326201505446,0.25354946273486356,7.862831412876149,PCM Storage + DSM
2024-02-07 17:00:00,190.78861302920646,92.7,-6.7,190.78861302920646,0.0,27.42199905828218,27.42199905828218,698.2105080046678,24.269762409932657,24.2705714521714,66.03045376910082,42.36710448025936,15.563702031876478,43.98697615845177,0.25386700141257673,7.923654452292098,PCM Storage + DSM
2024-02-07 18:00:00,187.13495177783855,93.0,-7.4,187.13495177783855,0.0,27.950126349691953,27.950126349691953,687.2412645189069,24.26374229442163,24.26454919082885,64.76595005205,41.55576125848919,15.265652299563586,43.1446118904628,0.2530748104754621,7.771914006246,PCM Storage + DSM
2024-02-07 19:00:00,175.86252944292517,93.7,-7.9,175.86252944292517,0.0,29.57952586589942,29.57952586589942,655.2052464355769,24.257738146128418,24.258542902395522,60.864652432483275,39.05257258686875,14.346097303002,40.54571584199721,0.2506307112011509,7.303758291897993,PCM Storage + DSM
2024-02-07 20:00:00,171.84297696765535,91.6,-8.35,171.84297696765535,0.0,30.160541788119605,30.160541788119605,668.1672520789335,24.251749922702977,24.25255254450629,59.47351661113241,38.159978437879516,14.018199762193241,39.61899408386863,0.2497591873178206,7.1368219933358885,PCM Storage + DSM
2024-02-07 21:00:00,185.091291174304,93.0,-8.6,185.091291174304,0.0,28.245532208322516,28.245532208322516,682.8369639458277,24.24577758190763,24.24657807490841,64.05865502611067,41.10193971779334,15.09893939053464,42.67343885337027,0.25263170168751625,7.6870386031332805,PCM Storage + DSM
2024-02-07 22:00:00,197.738082668999,97.1,-9.0,197.738082668999,0.0,26.417471181970715,26.417471181970715,668.3116254598688,24.23982108161668,24.240619451461175,68.43561111305533,43.91032501966549,16.1306094223964,45.58920047627645,0.2553737932270439,8.21227333356664,PCM Storage + DSM
2024-02-07 23:00:00,218.12362223193696,94.8,-9.4,218.12362223193696,0.0,23.470794122276036,23.470794122276036,730.5266908659341,24.2338803798162,24.234676632135677,75.49088766387702,48.437200449161075,17.793572732832686,50.289157294951266,0.2597938088165859,9.058906519665241,PCM Storage + DSM
2024-02-08 00:00:00,217.10639987994097,97.7,-9.4,217.10639987994097,0.0,23.617830984360605,23.617830984360605,700.0994112836194,24.22795543460368,24.22874957501447,82.52482359406325,52.95038310127097,19.451505954245093,35.78035525520861,0.2595732535234591,9.902978831287587,PCM Storage + DSM
2024-02-08 01:00:00,230.0936382065931,97.2,-9.45,230.0936382065931,0.0,21.740559248295845,21.740559248295845,728.4366776796284,24.222046204187745,24.22283823829129,87.46143325860429,56.11785879615618,20.61508908113483,37.92072514466671,0.2623891611275562,10.495371991032515,PCM Storage + DSM
2024-02-08 02:00:00,221.7601832310454,97.6,-9.7,221.7601832310454,0.0,22.94513862813669,22.94513862813669,709.6206653874536,24.216152646887878,24.216942580270764,84.29378411437617,54.08540082275485,19.868458630968735,36.54732491467224,0.260582292057795,10.11525409372514,PCM Storage + DSM
2024-02-08 03:00:00,208.31598300390462,95.7,-9.0,208.31598300390462,0.0,24.888463025950593,24.888463025950593,702.7799252467371,24.210274721134095,24.211062559368088,79.18347758853632,50.80647605171649,18.663934301363962,34.33164513500998,0.25766730546107414,9.502017310624359,PCM Storage + DSM
2024-02-08 04:00:00,193.68621662601169,94.0,-8.7,193.68621662601169,0.0,27.0031579468937,27.0031579468937,690.6295547080555,24.204412385466675,24.205198134108755,73.6225227284971,47.238401896279775,17.35318994759933,31.920577388544714,0.2544952630796595,8.834702727419652,PCM Storage + DSM
2024-02-08 05:00:00,192.99767166267128,93.5,-8.0,192.99767166267128,0.0,27.102685341877745,27.102685341877745,694.3881972109341,24.198565598535875,24.199349263128287,73.36079828523947,47.07047170347345,17.291500211775844,31.807101307640934,0.2543459719871834,8.803295794228736,PCM Storage + DSM
2024-02-08 06:00:00,175.90680303662458,94.9,-8.0,175.90680303662458,0.0,29.573126232350276,29.573126232350276,643.2673908931624,24.19273431910159,24.19351590517189,66.8643480690608,42.90215588328985,15.760255011143306,28.990430074557906,0.2506403106514746,8.023721768287295,PCM Storage + DSM
2024-02-08 07:00:00,186.80228677044943,90.0,-7.95,186.80228677044943,0.0,27.998212216774853,27.998212216774853,719.7451583696028,24.18691850603314,24.187698019094206,71.00585598224579,45.55947062895707,16.736428752866594,30.786067047439325,0.25300268167483775,8.520702717869495,PCM Storage + DSM
2024-02-08 08:00:00,173.20116655785816,95.5,-7.65,173.20116655785816,0.0,29.964218992943618,29.964218992943618,631.3542515867888,24.181118118308905,24.181895563859005,65.83590223216545,42.24227442349557,15.517845279758827,28.54452597198309,0.25005367151058455,7.900308267859854,PCM Storage + DSM
2024-02-08 09:00:00,185.78894250625876,91.4,-6.85,185.78894250625876,0.0,28.144688511289647,28.144688511289647,701.6550254448126,24.175333115016073,24.176108498538895,70.62067131385908,45.312324681016136,16.64563883603547,30.619062215759467,0.25278296723306554,8.474480557663087,PCM Storage + DSM
2024-02-08 10:00:00,168.75561352504891,91.5,-6.4,168.75561352504891,0.0,30.60681219480573,30.60681219480573,662.0492439035464,24.169563455350357,24.170336782315033,64.14609262722745,41.158042285177956,15.11954886226298,27.81187383962888,0.2490897817077914,7.697531115267293,PCM Storage + DSM
2024-02-08 11:00:00,168.30205413017143,90.8,-5.9,168.30205413017143,0.0,30.672373033162167,30.672373033162167,668.6766045779137,24.163809098615687,24.164580374476845,63.97368910032824,41.04742305087062,15.07891250481363,27.73712470147806,0.24899144045025676,7.676842692039387,PCM Storage + DSM
2024-02-08 12:00:00,151.33833935327377,90.3,-5.45,151.33833935327377,0.0,33.124434163354984,33.124434163354984,632.3234219085848,24.15807000422393,24.15883923442174,57.52557163240633,36.91011896055295,13.559059570163095,24.941409137583666,0.24531334875496752,6.90306859588876,PCM Storage + DSM
2024-02-08 13:00:00,144.96310011105749,86.6,-4.35,144.96310011105749,0.0,34.045958519730505,34.045958519730505,658.9494874774782,24.152346131694614,24.153113321654807,55.10226446999754,35.35525295741216,12.987874178353904,23.890733869376056,0.24393106222040425,6.612271736399705,PCM Storage + DSM
2024-02-08 14:00:00,145.41402861545046,87.5,-3.15,145.41402861545046,0.0,33.98077796979436,33.98077796979436,649.0785999279464,24.146637440654615,24.147402595788538,55.27366796293531,35.465230540164654,13.02827482289036,23.96504942198438,0.24402883304530845,6.632840155552238,PCM Storage + DSM
2024-02-08 15:00:00,135.67390803570706,89.1,-3.8,135.67390803570706,0.0,35.38868722735309,35.38868722735309,603.4361774987592,24.140943890837914,24.14170701654256,51.57132785194489,33.08969892785294,12.15561508758677,22.359822792255777,0.24191696915897037,6.188559342233387,PCM Storage + DSM
2024-02-08 16:00:00,122.98224658052987,83.8,-3.2,122.98224658052987,0.0,37.223234090531236,37.223234090531236,630.7741231705996,24.13526544208527,24.13602654374332,46.74707060626598,29.99431188898677,11.018513977250267,20.268165632926525,0.23916514886420315,5.547035234001182,PCM Storage + DSM
2024-02-08 17:00:00,124.3992105120146,84.9,-3.1,124.3992105120146,0.0,37.0184156162186,37.0184156162186,620.6544699686355,24.129602054343987,24.13036113732383,47.28567609440264,30.339897201323442,11.145465934288234,20.50168925489427,0.2394723765756721,5.669056362146768,PCM Storage + DSM
2024-02-08 18:00:00,149.81412999726913,89.1,-3.4,149.81412999726913,0.0,33.344754686618266,33.344754686618266,641.9006590850992,24.12395368766756,24.12471075732337,56.94620083405925,36.53837741183942,13.42249902943175,24.690210866729757,0.2449828679700726,6.83354410008711,PCM Storage + DSM
2024-02-08 19:00:00,167.1993610290641,89.3,-3.75,167.1993610290641,0.0,30.831764471141266,30.831764471141266,683.1489444410338,24.11832030221547,24.119075363887198,63.55454183568014,40.77848569029972,14.980117437354744,27.555394679162244,0.2487523532932881,7.6265450202816165,PCM Storage + DSM
2024-02-08 20:00:00,157.32066030287584,89.3,-4.3,157.32066030287584,0.0,32.25970513072384,32.25970513072384,658.877647973623,24.11270185825284,24.113454917266292,59.799525699729955,38.369155572515375,14.095041704433386,25.92732926221292,0.24661044230391424,7.175943083967595,PCM Storage + DSM
2024-02-08 21:00:00,160.84771927165406,88.1,-4.65,160.84771927165406,0.0,31.749877872073082,31.749877872073082,681.9002059322054,24.10709831615019,24.10784937781703,61.14020436864641,39.229374910687156,14.41104624676886,26.508608409113894,0.2473751831918904,7.336824524237569,PCM Storage + DSM
2024-02-08 22:00:00,149.70495366954611,90.8,-4.9,149.70495366954611,0.0,33.36053584263672,33.36053584263672,622.6250181359256,24.101509636383177,24.102258706001,56.90470156369702,36.51175024478346,13.412717447728305,24.672217994140333,0.24495919623604492,6.828564187643642,PCM Storage + DSM
2024-02-08 23:00:00,156.2532220033419,87.5,-4.9,156.2532220033419,0.0,32.41400057824756,32.41400057824756,677.6236018650169,24.095935779532258,24.09668286238459,59.393779220513785,38.108816554740926,13.99940526787207,25.7514094293961,0.24637899913262867,7.1272535064616545,PCM Storage + DSM
2024-02-09 00:00:00,140.48737142060145,89.8,-5.25,186.76047778946307,46.273106368861626,33.40340447754067,34.692913534919875,791.1026958618302,31.82691372315729,30.945573057040395,53.83136961318131,34.5398089901415,12.688318023030492,71.22839144014755,0.244894893283689,6.459764353581757,PCM Storage + DSM
2024-02-09 01:00:00,151.48756420999086,88.1,-5.45,151.48756420999086,0.0,33.10286409597134,33.10286409597134,658.0178658548444,31.486330245864046,31.489709304854994,58.04637796499277,37.24428380491141,13.681816178879341,26.909289506862276,0.24534570385604298,6.965565355799133,PCM Storage + DSM
2024-02-09 02:00:00,142.6960554743863,90.2,-5.55,177.91956411789474,35.22350864350844,34.42574945584536,34.37365396304013,762.0627588881931,37.35040451850014,36.68201014939448,54.67768402888825,35.08282950910974,12.887798484537003,60.57113033293484,0.24336137581623196,6.56132208346659,PCM Storage + DSM
2024-02-09 03:00:00,159.57837147048775,87.8,-4.9,159.57837147048775,0.0,31.933358816245427,31.933358816245427,682.3736423104604,37.070163416391324,37.07553334109925,61.14658000952294,39.233465711639234,14.412549016615205,28.346489161185946,0.24709996177563187,7.337589601142753,PCM Storage + DSM
2024-02-09 04:00:00,164.56310239541838,91.2,-5.15,164.56310239541838,0.0,31.21282884352162,31.21282884352162,655.3523484038176,37.030192040278685,37.03554945573044,63.05660857742059,40.45899689122758,14.862752124518753,29.2319451276363,0.24818075673471757,7.566793029290471,PCM Storage + DSM
2024-02-09 05:00:00,171.64038607433295,91.2,-5.5,171.64038607433295,0.0,30.18982577817604,30.18982577817604,672.0753912686126,36.990327298558135,36.99567050448313,65.76845285014444,42.19899689241565,15.50194712937385,30.489108885145207,0.24971526133273594,7.892214342017334,PCM Storage + DSM
2024-02-09 06:00:00,178.2886989609169,90.0,-5.9,178.2886989609169,0.0,29.228829332235218,29.228829332235218,700.8530849234559,36.950568290526974,36.95589732460881,68.31592586983889,43.833531405285264,16.102399023153243,31.670072993521117,0.25115675600164716,8.197911104380665,PCM Storage + DSM
2024-02-09 07:00:00,169.75929621867135,93.4,-6.35,17.90207900401211,-151.85721721465924,93.4,15.0,0.0,22.144593550272262,23.316398800940714,65.04766462361722,0.0,0.0,0.0,0.15489999999999998,0.0,PCM Storage + DSM
2024-02-09 08:00:00,177.8877928332916,90.2,-6.6,177.8877928332916,0.0,29.28677927688678,29.28677927688678,697.6464033408988,22.560712360866592,22.56091524581608,68.16230831889351,43.73496581229899,16.066190612438074,31.598858573317028,0.25106983108466985,8.179476998267221,PCM Storage + DSM
2024-02-09 09:00:00,166.54116775752885,92.4,-7.0,166.54116775752885,0.0,30.926904607515404,30.926904607515404,647.1981982437591,22.5592262517768,22.55942558439171,63.814555477202816,40.94531818179229,15.041403928812658,29.583316104984263,0.2486096430887269,7.657746657264338,PCM Storage + DSM
2024-02-09 10:00:00,182.9830556109614,91.9,-7.4,182.9830556109614,0.0,28.550272210506634,28.550272210506634,690.0282932045649,22.557743009913484,22.55794181382855,70.11469002471854,44.98767202578776,16.526376562820968,32.50394871660955,0.25217459168424006,8.413762802966225,PCM Storage + DSM
2024-02-09 11:00:00,187.55971061493523,93.9,-7.15,187.55971061493523,0.0,27.888728557530936,27.888728557530936,678.7693637651206,22.556263702065902,22.55646197869119,71.86835374993223,46.11287486823948,16.939723709862815,33.31691666627072,0.2531669071637036,8.624202449991866,PCM Storage + DSM
2024-02-09 12:00:00,198.37180130393952,93.0,-6.6,198.37180130393952,0.0,26.32586879106441,26.32586879106441,710.7606036915345,22.55478831780261,22.554986068536653,76.01128591732615,48.7711034577989,17.91623315529341,35.23750783850424,0.2555111968134034,9.121354310079138,PCM Storage + DSM
2024-02-09 13:00:00,185.58037827383552,92.8,-5.6,185.58037827383552,0.0,28.174835932075688,28.174835932075688,686.0111475181038,22.553316846717035,22.553514072954655,71.10992137438394,45.62624208197348,16.760957476548125,32.96532063081586,0.2527377461018865,8.533190564926073,PCM Storage + DSM
2024-02-09 14:00:00,148.82933088106225,89.7,-4.9,148.82933088106225,0.0,33.48710485376372,33.48710485376372,632.4895460546334,22.55184927843022,22.552045981562546,57.02780711837039,36.59073843279721,13.441734031168806,26.437097808500983,0.2447693427193544,6.843336854204447,PCM Storage + DSM
2024-02-09 15:00:00,130.62818850859944,84.3,-4.8,130.62818850859944,0.0,36.11803294490341,36.11803294490341,647.6690648121156,22.550385602590723,22.550581784005193,50.05356870443633,32.11585948396205,11.797871807333378,23.20396238903321,0.24082295058264488,6.006428244532359,PCM Storage + DSM
2024-02-09 16:00:00,144.50870052758182,88.4,-4.55,144.50870052758182,0.0,34.11164080517743,34.11164080517743,635.8988739494305,22.548925808874568,22.549121469954937,55.372245859246235,35.52848105252753,13.0515101168727,25.669608452920777,0.24383253879223385,6.644669503109548,PCM Storage + DSM
2024-02-09 17:00:00,173.05551334444476,92.8,-5.25,173.05551334444476,0.0,29.985272788518216,29.985272788518216,658.1497760827488,22.547469886985137,22.547665029111503,66.31069546139675,42.54691589119929,15.629756374181234,30.740483112456086,0.25002209081722265,7.957283455367611,PCM Storage + DSM
2024-02-09 18:00:00,170.17456307648956,91.4,-6.65,170.17456307648956,0.0,30.401706704260075,30.401706704260075,666.4655975918458,22.54601782665317,22.54621245120195,65.20678485973004,41.838613992181216,15.3695592273579,30.22872939049502,0.24939743994360988,7.824814183167604,PCM Storage + DSM
2024-02-09 19:00:00,169.66758509183566,90.1,-7.7,169.66758509183566,0.0,30.474989061714368,30.474989061714368,679.784382467252,22.544569617636608,22.544763725980577,65.01252313355721,41.71396988662865,15.323770785059375,30.13867303878191,0.24928751640742844,7.801502776026865,PCM Storage + DSM
2024-02-09 20:00:00,181.72437399482237,94.7,-8.1,181.72437399482237,0.0,28.73221138519884,28.73221138519884,658.0850602909403,22.543125249720557,22.543318843228857,69.63239361174885,44.6782162920714,16.412696931165677,32.28036450240501,0.2519016829222017,8.355887233409861,PCM Storage + DSM
2024-02-09 21:00:00,193.6560612053695,94.8,-8.1,193.6560612053695,0.0,27.00751683501424,27.00751683501424,682.4177719883675,22.541684712717228,22.541877792755365,74.20432814112992,47.61170556598331,17.49032433886694,34.39983369532747,0.25448872474747863,8.90451937693559,PCM Storage + DSM
2024-02-09 22:00:00,188.47486980511687,92.8,-8.2,188.47486980511687,0.0,27.7564446617159,27.7564446617159,692.2292650734333,22.540247996465848,22.5404405643957,72.21902066129522,46.33787319588141,17.022377621949754,33.47947973685602,0.25336533300742614,8.666282479355427,PCM Storage + DSM
2024-02-09 23:00:00,177.79508543982445,93.8,-8.35,177.79508543982445,0.0,29.300179891020655,29.300179891020655,658.5094697835009,22.538815090832593,22.53900714801243,68.12678508350844,43.712173047156114,16.05781761150922,31.582390620298945,0.25104973016346904,8.175214210021013,PCM Storage + DSM
2024-02-10 00:00:00,189.58891968683645,92.9,-8.45,189.58891968683645,0.0,27.595411630449618,27.595411630449618,693.5376324367303,22.537385985710525,22.537577533495018,61.62529541539344,39.54062376461503,14.525384587321577,34.57923482664883,0.25360688255432556,7.395035449847213,PCM Storage + DSM
2024-02-10 01:00:00,193.5480807758658,95.4,-8.5,193.5480807758658,0.0,27.02312512703576,27.02312512703576,676.2081448365007,22.53596067101951,22.53615171075973,62.91220855415481,40.36634553835264,14.828716330317437,35.30134855165036,0.25446531230944636,7.549465026498576,PCM Storage + DSM
2024-02-10 02:00:00,189.79879822198683,94.9,-8.75,189.79879822198683,0.0,27.565074230601034,27.565074230601034,673.3701313863171,22.534539136706144,22.534729669749584,61.6935157879308,39.58439598615813,14.541464463955288,34.61751469640085,0.25365238865409845,7.403221894551696,PCM Storage + DSM
2024-02-10 03:00:00,185.37032060205973,92.0,-8.15,185.37032060205973,0.0,28.205199225660515,28.205199225660515,694.1537777670286,22.533121372743697,22.53331140043428,60.25405275380807,38.66079365903483,14.202175961905484,33.809802052661105,0.25269220116150926,7.230486330456968,PCM Storage + DSM
2024-02-10 04:00:00,179.39370040538932,94.5,-8.55,179.39370040538932,0.0,29.06910422918834,29.06910422918834,654.9755651730231,22.531707369132015,22.53189689281008,58.31137073518695,37.414311053559274,13.744276275402767,32.71972277170032,0.2513963436562175,6.997364488222433,PCM Storage + DSM
2024-02-10 05:00:00,205.77670920240968,93.9,-9.0,205.77670920240968,0.0,25.255508491489916,25.255508491489916,716.1290664960095,22.53029711589747,22.530486136899828,66.88708662485448,42.916745617481425,15.76561460034506,37.531735299292414,0.2571167372627651,8.026450394982536,PCM Storage + DSM
2024-02-10 06:00:00,217.13558763268892,98.0,-9.25,217.13558763268892,0.0,23.61361197013334,23.61361197013334,697.32994161423,22.528890603092915,22.52907912275282,70.57925513348752,45.285750826971295,16.635876839050635,39.60348783238759,0.2595795820448,8.469510616018502,PCM Storage + DSM
2024-02-10 07:00:00,225.14112039224216,97.5,-9.6,225.14112039224216,0.0,22.45643289913651,22.45643289913651,716.7077975498381,22.527487820797564,22.527675840444722,73.1814289423788,46.955382994313474,17.249221977316044,41.063621671761126,0.26131535065129524,8.781771473085454,PCM Storage + DSM
2024-02-10 08:00:00,215.1048965703701,96.0,-9.8,215.1048965703701,0.0,23.90714311509949,23.90714311509949,712.7854675267187,22.526088759116945,22.52627628007755,69.91918524744405,44.86223034164997,16.480295127276865,39.233108892414265,0.25913928532735075,8.390302229693287,PCM Storage + DSM
2024-02-10 09:00:00,216.65715717442822,96.4,-9.8,216.65715717442822,0.0,23.68276785642536,23.68276785642536,711.7647510161331,22.524693408182813,22.524880431779533,70.42374278405941,45.18596947488138,16.599221815033385,39.516226619064874,0.25947584821536196,8.450849134087129,PCM Storage + DSM
2024-02-10 10:00:00,214.1612401617495,97.9,-9.75,214.1612401617495,0.0,24.04354621019203,24.04354621019203,692.7127764609475,22.52330175815314,22.52348828570514,69.61245263328108,44.665421566759704,16.40799674467019,39.06099484374906,0.2589346806847119,8.353494315993728,PCM Storage + DSM
2024-02-10 11:00:00,215.2648958161765,95.1,-9.2,215.2648958161765,0.0,23.884015637618177,23.884015637618177,722.0986078787181,22.52191379921197,22.522099832034918,69.97119251034394,44.895599749479835,16.49255349439483,39.26229124917839,0.2591739765435727,8.396543101241274,PCM Storage + DSM
2024-02-10 12:00:00,212.0502365923247,95.6,-8.4,212.0502365923247,0.0,24.348686320501734,24.348686320501734,710.9624461336747,22.520529521569387,22.520715060975462,68.92627741373957,44.225151122462314,16.246261877665553,38.675967658259474,0.2584769705192474,8.271153289648748,PCM Storage + DSM
2024-02-10 13:00:00,203.48131963700374,95.8,-7.6,203.48131963700374,0.0,25.587301120993875,25.587301120993875,692.3244262727206,22.519148915461447,22.519333962759333,66.14097730425067,42.43801967005338,15.589752971562534,37.11307784329804,0.2566190483185092,7.93691727651008,PCM Storage + DSM
2024-02-10 14:00:00,206.71451646331906,92.2,-7.45,206.71451646331906,0.0,25.11995087558257,25.11995087558257,736.1704484787997,22.51777197115008,22.51795652764501,67.19191799153826,43.11233449539999,15.837464849589542,37.70278251845843,0.2573200736866261,8.06303015898459,PCM Storage + DSM
2024-02-10 15:00:00,205.1681147728846,95.4,-7.05,205.1681147728846,0.0,25.343479243434096,25.343479243434096,699.6197788913577,22.516398678923082,22.51658274591681,66.68926487678186,42.78981729591685,15.718987043412117,37.42073340251754,0.25698478113484885,8.002711785213823,PCM Storage + DSM
2024-02-10 16:00:00,211.554548154272,95.4,-7.45,211.554548154272,0.0,24.420336803171388,24.420336803171388,712.0151070277208,22.51502902909399,22.515212607884834,68.76515541104317,44.12177044986876,16.2082846308407,38.5855587518287,0.2583694947952429,8.25181864932518,PCM Storage + DSM
2024-02-10 17:00:00,195.6205524523164,93.5,-7.45,195.6205524523164,0.0,26.72355470227415,26.72355470227415,699.8290408588638,22.51366301200202,22.51384610388484,63.585859100359016,40.79857977945024,14.987499070345182,35.679347882465365,0.2549146679465888,7.630303092043082,PCM Storage + DSM
2024-02-10 18:00:00,187.43221245449496,92.6,-7.7,187.43221245449496,0.0,27.90715808711796,27.90715808711796,692.1317592805824,22.512300618012034,22.512483224278263,60.924264360745845,39.0908213743419,14.360148127069763,34.185871723137005,0.2531392628693231,7.310911723289501,PCM Storage + DSM
2024-02-10 19:00:00,184.98025240119628,94.1,-7.9,184.98025240119628,0.0,28.261582576008053,28.261582576008053,671.1919832512049,22.510941837514444,22.511123959452085,60.127262284459604,38.5794411200871,14.172290825990446,33.73865728355568,0.2526076261359879,7.215271474135152,PCM Storage + DSM
2024-02-10 20:00:00,183.120841727794,93.4,-8.0,183.120841727794,0.0,28.530355583411165,28.530355583411165,674.3681250772822,22.509586660925123,22.50976829981877,59.52286656219785,38.19164283534369,14.029831787869696,33.3995182746887,0.2522044666248833,7.142743987463742,PCM Storage + DSM
2024-02-10 21:00:00,185.67876021487655,92.5,-8.05,185.67876021487655,0.0,28.16061507675524,28.16061507675524,689.4235253790744,22.50823507868541,22.508416235816245,60.354310101595274,38.725121757452385,14.22580711084356,33.86605853547165,0.25275907738486714,7.242517212191432,PCM Storage + DSM
2024-02-10 22:00:00,177.96220375579696,94.6,-7.9,177.96220375579696,0.0,29.276023370345264,29.276023370345264,650.8125758253632,22.506887081261954,22.507067757907762,57.846067150657895,37.11575842434795,13.634601936812002,32.45863125389654,0.2510859649444821,6.941528058078947,PCM Storage + DSM
2024-02-10 23:00:00,180.56753282743088,91.6,-7.7,180.56753282743088,0.0,28.899429786219752,28.899429786219752,687.9691273778889,22.50554265914672,22.5057228565819,58.69292135479048,37.65912528763644,13.834209629099725,32.93381875914492,0.2516508553206704,7.043150562574858,PCM Storage + DSM
2024-02-11 00:00:00,171.68358213341702,92.7,-7.65,171.68358213341702,0.0,30.183581899470784,30.183581899470784,656.0477572269582,22.504201802856876,22.504381522352443,70.51057253579766,45.241682028012605,16.619688013679873,17.345411892671017,0.24972462715079383,8.461268704295719,PCM Storage + DSM
2024-02-11 01:00:00,167.100345615597,92.5,-7.45,167.100345615597,0.0,30.846076893263763,30.846076893263763,647.4666562715531,22.502864502934745,22.503043745758333,68.62823395150991,44.033917566077896,16.17601157081605,16.882361645144492,0.24873088466010435,8.23538807418119,PCM Storage + DSM
2024-02-11 02:00:00,171.83224995172603,90.3,-7.2,171.83224995172603,0.0,30.162092350549425,30.162092350549425,682.58562649936,22.501530749947726,22.501709517363626,70.57163051732597,45.28085864630164,16.634079679599623,17.360431992506484,0.24975686147417586,8.468595662079117,PCM Storage + DSM
2024-02-11 03:00:00,168.33493590100892,92.8,-6.45,168.33493590100892,0.0,30.667620058166833,30.667620058166833,647.2276236020497,22.50020053448825,22.500378827757398,69.13528108315633,44.35925409758197,16.295525068340357,17.007093880766874,0.24899856991274977,8.29623372997876,PCM Storage + DSM
2024-02-11 04:00:00,187.34909876507078,90.8,-6.1,187.34909876507078,0.0,27.91917195612627,27.91917195612627,711.7609090208733,22.49887384717371,22.499051667553676,76.94441165448859,49.36982470448039,18.136175471338305,18.928119074749514,0.2531212420658106,9.233329398538629,PCM Storage + DSM
2024-02-11 05:00:00,177.18060342241472,93.3,-5.95,177.18060342241472,0.0,29.389001678577756,29.389001678577756,662.2795590015971,22.497550678646345,22.497728027391386,72.76820319280183,46.69024505406122,17.151822640022313,17.90078298439457,0.25091649748213335,8.73218438313622,PCM Storage + DSM
2024-02-11 06:00:00,173.6034399571871,90.3,-5.7,173.6034399571871,0.0,29.90607141270085,29.90607141270085,686.6980614299245,22.49623101957325,22.496407897934287,71.29905954579121,45.74759876229008,16.80553827184192,17.539377584176574,0.2501408928809487,8.555887145494946,PCM Storage + DSM
2024-02-11 07:00:00,152.54218774157803,89.6,-5.45,152.54218774157803,0.0,32.950420990035994,32.950420990035994,643.2711288513835,22.494914860646258,22.49509126987089,62.64918788311007,40.197583647216966,14.766721067242626,15.411532334703162,0.24557436851494602,7.517902545973209,PCM Storage + DSM
2024-02-11 08:00:00,153.28298682637137,88.6,-5.3,153.28298682637137,0.0,32.84334039684081,32.84334039684081,656.7468269425701,22.49360219258189,22.493778133914418,62.95343460812413,40.39279740163886,14.838433513576122,15.48637621374961,0.24573498940473879,7.554412152974894,PCM Storage + DSM
2024-02-11 09:00:00,155.4818096144283,90.0,-5.15,155.4818096144283,0.0,32.5255062454367,32.5255062454367,646.2569222976675,22.4922930061213,22.492468480802724,63.856492732634656,40.97222637310518,15.051288745746648,15.708526092403703,0.24621174063184495,7.662779127916158,PCM Storage + DSM
2024-02-11 10:00:00,166.0390115570785,89.7,-4.9,166.0390115570785,0.0,30.99948998852443,30.99948998852443,675.7235278033471,22.4909872920302,22.49116230129822,68.1923432787505,43.75423713650904,16.07326999988842,16.775133707726354,0.24850076501721335,8.18308119345006,PCM Storage + DSM
2024-02-11 11:00:00,160.26098408504328,89.8,-4.1,160.26098408504328,0.0,31.834688926946747,31.834688926946747,660.4811239757811,22.489685041098767,22.4898595861878,65.81930317719805,42.231623975771306,15.51393280103459,16.191372201913083,0.24724796660957987,7.898316381263765,PCM Storage + DSM
2024-02-11 12:00:00,170.10082449085897,87.3,-3.15,170.10082449085897,0.0,30.41236542624392,30.41236542624392,714.3142578063322,22.488386244141623,22.48856032628282,69.86053281635931,44.82459719612476,16.466470461403144,17.18550386363707,0.24938145186063412,8.383263937963116,PCM Storage + DSM
2024-02-11 13:00:00,160.50038028819455,89.6,-2.25,160.50038028819455,0.0,31.800084824473725,31.800084824473725,663.3605502900002,22.48709089199778,22.487264512419028,65.91762337262581,42.294709139577286,15.537107353653965,16.21555870651417,0.2472998727632894,7.910114804715096,PCM Storage + DSM
2024-02-11 14:00:00,147.65035850762746,86.0,-1.65,147.65035850762746,0.0,33.65752226342258,33.65752226342258,673.8775757091178,22.485798975530507,22.48597213545642,60.640110044990635,38.908499507734476,14.293171560212436,14.917304570364326,0.24451371660486615,7.276813205398876,PCM Storage + DSM
2024-02-11 15:00:00,119.88263298747512,83.8,-1.85,119.88263298747512,0.0,37.67127522480553,37.67127522480553,620.8484483702297,22.48451048562732,22.484683186279284,49.235884899447576,31.59120921699711,11.60513972129263,12.111895745102364,0.23849308716279172,5.710001209707455,PCM Storage + DSM
2024-02-11 16:00:00,123.27289314111401,84.0,-2.1,123.27289314111401,0.0,37.181221881342054,37.181221881342054,628.9965878098559,22.483225413199914,22.48339765579605,50.62826721992253,32.484603156925374,11.933331068062772,12.454418064694217,0.23922816717798692,6.020342367382607,PCM Storage + DSM
2024-02-11 17:00:00,127.18976592845254,87.4,-2.6,127.18976592845254,0.0,36.615048042648255,36.615048042648255,598.2984781086052,22.48194374918407,22.4821155349393,52.23692973356057,33.51676890618867,12.312500717868026,12.850144732226031,0.24007742793602763,6.268431568027268,PCM Storage + DSM
2024-02-11 18:00:00,146.09498618045714,85.7,-3.3,146.09498618045714,0.0,33.882347313630675,33.882347313630675,673.5321825445104,22.48066548453963,22.480836814665636,60.00131749457723,38.49863119425575,14.142605020876172,14.760163314770846,0.244176479029554,7.2001580993492675,PCM Storage + DSM
2024-02-11 19:00:00,152.58673198641702,88.9,-3.65,152.58673198641702,0.0,32.943982234564096,32.943982234564096,651.4344897610538,22.479390610250405,22.479561485955657,62.66748223698912,40.209321849182125,14.771033136240895,15.416032696733003,0.24558402664815385,7.520097868438695,PCM Storage + DSM
2024-02-11 20:00:00,170.21236717884923,89.6,-3.75,170.21236717884923,0.0,30.396242218964424,30.396242218964424,686.8194958869082,22.478119117324106,22.478289539813865,69.90634347975904,44.85399068127865,16.477268259605918,17.196773164072003,0.24940563667155335,8.388761217571085,PCM Storage + DSM
2024-02-11 21:00:00,157.12290279289022,89.4,-3.6,157.12290279289022,0.0,32.288290467710276,32.288290467710276,657.2265658624924,22.47685099679232,22.477020967268654,64.53049089926202,41.40468365781291,15.210153421614256,15.874327835243353,0.2465675642984346,7.743658907911442,PCM Storage + DSM
2024-02-11 22:00:00,155.8660402166708,86.2,-3.5,155.8660402166708,0.0,32.469966704883205,32.469966704883205,693.0030860292462,22.475586239710395,22.47575575937219,64.01429652151903,41.07347798095303,15.088483873290155,15.747345401593595,0.2462950499426752,7.6817155825822825,PCM Storage + DSM
2024-02-11 23:00:00,148.94178087642976,89.0,-3.25,197.63752009536486,48.6957392189351,32.14560579367752,33.47085049754767,830.4359379196967,30.615884079441933,29.6878547724345,61.17049815478103,39.24881230554069,14.418186640843166,63.74351784299711,0.24678159130948374,7.340459778573723,PCM Storage + DSM
2024-02-12 00:00:00,148.8553623183803,87.6,-3.0,185.8383988440896,36.98303652570931,33.51003178037642,33.483342076774704,820.7662780044235,36.445817963466666,35.74254720449211,68.7741076671522,44.127514483844834,16.210394721543413,42.033098790324395,0.24473495232943537,8.252892920058262,PCM Storage + DSM
2024-02-12 01:00:00,137.48035253457584,85.6,-2.7,165.63732305585722,28.156970521281373,35.846042418605876,35.12757034359368,795.3006684567536,40.86379253757421,40.33084775652007,63.51862922551544,40.755443090708816,14.971652658879274,32.82112456751497,0.2412309363720912,7.622235507061852,PCM Storage + DSM
2024-02-12 02:00:00,134.6091365002996,86.1,-2.55,156.0776365004307,21.46850000013111,36.95150480712996,35.54259720101428,758.6321270350966,44.211772617841135,43.807902364420144,62.19207089666855,39.904283783005944,14.658976350001044,26.035245262949545,0.23957274278930507,7.463048507600226,PCM Storage + DSM
2024-02-12 03:00:00,130.06535490673102,85.9,-1.55,146.46527298167157,16.39991807494057,38.06305865078369,36.19938908747352,731.4287683683656,46.74890143781256,46.44284499932807,60.09275435432102,38.557299805010096,14.16415713749132,20.812511148634258,0.23790541202382448,6.827837788323842,PCM Storage + DSM
2024-02-12 04:00:00,130.9200357027172,83.6,-1.3,143.47893771110998,12.558902008392781,38.408392287194054,36.075847187239845,758.4573018507516,48.671560024424124,48.439627757206175,60.487633706792586,38.81066615081414,14.257232138942905,17.000490955455614,0.23738741156920892,6.747374144115517,PCM Storage + DSM
2024-02-12 05:00:00,139.33510176081762,85.5,-1.45,148.98324793232533,9.648146171507708,37.77188523342792,34.85947113633064,745.6996403363908,50.1285676511448,49.952807334377006,64.3755598795035,41.30527530414181,15.173635419853307,14.375224380713224,0.23834217214985812,7.426923921152556,PCM Storage + DSM
2024-02-12 06:00:00,154.7364939929584,87.6,-1.55,154.7364939929584,0.0,32.633239692336005,32.633239692336005,672.5017017288753,49.98792372100567,49.9978993574779,71.49130627318583,45.87094998465178,16.85085176903878,5.249585349846608,0.24605014046149598,8.578956752782299,PCM Storage + DSM
2024-02-12 07:00:00,154.81800600894675,87.0,-1.75,0.0,-154.81800600894675,87.0,27.609381062089174,0.0,34.87333720053958,36.06970793772298,71.52896642916838,0.0,0.0,0.0,0.1645,0.0,PCM Storage + DSM
2024-02-12 08:00:00,146.62749872520766,86.0,-2.15,146.62749872520766,0.0,33.805374001505605,33.805374001505605,671.1049036505011,35.262814565527925,35.267545084923306,67.74479083073975,43.4670741648358,15.967779691297872,4.974479835555345,0.2442919389977416,8.129374899688768,PCM Storage + DSM
2024-02-12 09:00:00,135.36305107587012,86.6,-2.35,135.36305107587012,0.0,35.43362079752276,35.43362079752276,631.9987592074636,35.22763855105972,35.23235345790537,62.540394271685585,40.12777842797489,14.74107787906913,4.592322544614221,0.24184956880371586,7.504847312602269,PCM Storage + DSM
2024-02-12 10:00:00,130.53706029283967,85.2,-2.35,130.53706029283967,0.0,36.13120529298089,36.13120529298089,635.5199871829393,35.19255474155589,35.19725714299495,60.31069152840835,38.69713478262479,14.215525999062761,4.428596135547177,0.24080319206052866,7.237282983409002,PCM Storage + DSM
2024-02-12 11:00:00,114.38027159675002,85.1,-2.25,114.38027159675002,0.0,38.46662734360236,38.46662734360236,585.9425995030872,35.15756398521852,35.16225391442714,52.845937098106624,33.90752615788341,12.456046742709198,3.880461438612533,0.23730005898459647,5.8764806736945525,PCM Storage + DSM
2024-02-12 12:00:00,119.91180009861255,83.1,-2.05,119.91180009861255,0.0,37.667059194269726,37.667059194269726,630.5098122672111,35.122666035244535,35.12734352530293,55.40161215627039,35.54732334276184,13.058431897211538,4.068123897779779,0.2384994112085954,6.426456530155214,PCM Storage + DSM
2024-02-12 13:00:00,129.3546143215461,86.0,-1.9,129.3546143215461,0.0,36.30212480223311,36.30212480223311,621.7916423476412,35.087860645482564,35.09252572938324,59.76437821275904,38.34660389873887,14.086757269249926,4.388480511315893,0.24054681279665033,7.171725385531085,PCM Storage + DSM
2024-02-12 14:00:00,141.16817028199736,86.8,-1.95,141.16817028199736,0.0,34.594505818952975,34.594505818952975,645.9833889895009,35.05314757043419,35.05780028108213,65.22247362095973,41.84868036834923,15.373257145380425,4.789266833270429,0.24310824127157055,7.826696834515167,PCM Storage + DSM
2024-02-12 15:00:00,129.45498979190052,85.2,-1.75,129.45498979190052,0.0,36.287615787402466,36.287615787402466,632.2673243039113,35.018526565252074,35.023166935464985,59.81075365599319,38.376359763444725,14.097688188831615,4.391885846315149,0.2405685763188963,7.177290438719183,PCM Storage + DSM
2024-02-12 16:00:00,121.46737196155608,83.1,-1.2,121.46737196155608,0.0,37.442205301681284,37.442205301681284,635.5437912158986,34.983997385738334,34.98862544824689,56.12031697899118,36.008465748675874,13.227834151341334,4.120898179086125,0.23883669204747807,6.585537827278077,PCM Storage + DSM
2024-02-12 17:00:00,132.2647101499575,84.4,-1.0,132.2647101499575,0.0,35.88147797105073,35.88147797105073,651.234196807942,34.949559788342725,34.9541755757908,61.10889977186032,39.2092889496337,14.403667599662931,4.487208329384289,0.2411777830434239,7.333067972623239,PCM Storage + DSM
2024-02-12 18:00:00,147.4586801903091,87.0,-1.25,147.4586801903091,0.0,33.68522886881995,33.68522886881995,660.7293049805852,34.91521353016102,34.91981707510586,68.12881302974904,43.71347423782423,16.05829560839132,5.002678471375924,0.24447215669677008,8.175457563569886,PCM Storage + DSM
2024-02-12 19:00:00,146.910142625847,86.1,-1.15,146.910142625847,0.0,33.764518556129474,33.764518556129474,670.5888571416745,34.8809583689332,34.88554970384574,67.87537787679092,43.55086270039797,15.998559698975399,4.984068803495172,0.2443532221658058,8.14504534521491,PCM Storage + DSM
2024-02-12 20:00:00,153.1443153085449,84.4,-1.1,15.604959902899196,-137.5393554056457,84.4,15.0,0.0,21.471997707385743,22.53323027800763,70.7556883783263,0.0,0.0,0.0,0.1684,0.0,PCM Storage + DSM
2024-02-12 21:00:00,170.09627194068486,88.3,-1.3,170.09627194068486,0.0,30.413023485606036,30.413023485606036,701.9637809735942,21.850682376855787,21.850631891563744,78.58782604827528,50.42428829440811,18.523536309857363,5.770680685604643,0.24938046477159095,9.430539125793032,PCM Storage + DSM
2024-02-12 22:00:00,167.0400389921876,89.9,-1.65,167.0400389921876,0.0,30.85479405982193,30.85479405982193,675.828834233172,21.851079386844226,21.851026305054823,77.17578626292791,49.518281539929475,18.190711602137647,5.666995024270737,0.2487178089102671,9.261094351551348,PCM Storage + DSM
2024-02-12 23:00:00,147.7927565413024,84.0,-1.4,197.42221455341235,49.629458012109936,32.1705032814026,33.636938995666526,909.9547649567619,30.149135212648467,29.203111407867276,68.28316288033164,93.441967708164,16.094676625725118,5.014012334982684,0.2467442450778961,8.193979545639797,PCM Storage + DSM
2024-02-13 00:00:00,131.1794079283362,84.6,-1.5,168.86906597799964,37.68965804966345,35.47233034874942,36.03835560234489,821.1541899555234,36.092111571247344,35.37520438541193,63.22061011439958,40.5642251587238,14.901408091706807,48.02401390075936,0.24179150447687586,7.586473213727949,PCM Storage + DSM
2024-02-13 01:00:00,129.41892466606927,86.7,-1.9,158.11137920560805,28.692454539538787,36.71632700548618,36.29282890813512,755.6761862274229,40.59575071534326,40.05247212979776,62.37216272700547,40.019836061634926,14.701424878304973,38.88811895430723,0.23992550949177074,7.484659527240655,PCM Storage + DSM
2024-02-13 02:00:00,140.43149819767797,84.2,-2.1,162.3057927075681,21.87429450989012,36.231293700110456,34.70098986489542,808.3078383268676,44.00864816194962,43.59694686038428,67.6795629401421,43.42522200877398,15.9524051573445,32.93753300133209,0.2406530594498343,8.121547552817052,PCM Storage + DSM
2024-02-13 03:00:00,136.460613787498,87.2,-2.05,153.1680465193399,16.7074327318419,37.28796377693756,35.274970944084,733.1007463698211,46.594971934432046,46.28298105862673,65.76583471808397,42.197317020959105,15.501330022797363,27.457843675222456,0.23906805433459366,7.778271097216852,PCM Storage + DSM
2024-02-13 04:00:00,148.41479671894706,86.3,-2.3,161.20673604532942,12.791939326382362,36.35838634022134,33.547024695580674,771.1189753859686,48.55491088974963,48.31848145361311,71.52703421029558,45.893874092513975,16.859273019168818,24.48410463711135,0.24046242048966798,8.583244105235469,PCM Storage + DSM
2024-02-13 05:00:00,137.25655167768926,86.9,-2.4,147.08129558318146,9.82474390549219,37.99182307077784,35.159920179068564,718.4172441013303,50.040169908532214,49.86100159751176,66.14942906284995,42.4434425699303,15.591745092545747,20.63785909127261,0.23801226539383324,7.544280308362093,PCM Storage + DSM
2024-02-13 06:00:00,129.8640803132953,85.3,-2.45,137.44025737061577,7.576177057320477,39.10669279673815,36.22848280978317,710.7807856668043,51.165712286722034,51.02993696111755,62.58670106086404,40.15749024219517,14.751992616552936,17.80691097682456,0.23633996080489278,6.719298413524526,PCM Storage + DSM
2024-02-13 07:00:00,109.79407387804962,84.9,-2.4,0.0,-109.79407387804962,84.9,35.29526265805175,0.0,40.413534649381276,41.260174089059035,52.91416120209803,0.0,0.0,0.0,0.16765,0.0,PCM Storage + DSM
2024-02-13 08:00:00,128.16524520008747,82.9,-2.5,0.0,-128.16524520008747,82.9,21.887579684330873,0.0,28.01544703616028,29.02280643428537,61.76796438536817,0.0,0.0,0.0,0.17065,0.0,PCM Storage + DSM
2024-02-13 09:00:00,143.96572121633722,89.1,-2.65,143.96572121633722,0.0,34.190127061349045,34.190127061349045,626.3389710146463,28.356798065546258,28.35906649843452,69.38284655034148,44.51809946990994,16.35387746401108,11.34166571495797,0.24371480940797643,8.325941586040978,PCM Storage + DSM
2024-02-13 10:00:00,167.65274318816918,88.3,-2.7,167.65274318816918,0.0,30.766229251757686,30.766229251757686,696.1271967344322,28.33993878263968,28.3421986131219,80.79857104934592,51.842768088096896,19.044619756980744,13.207736906889014,0.24885065612236348,9.69582852592151,PCM Storage + DSM
2024-02-13 11:00:00,158.12721111361284,87.9,-2.75,158.12721111361284,0.0,32.14312029547141,32.14312029547141,677.4994169553647,28.323123294096973,28.32537713079957,76.20783566695478,48.89721562730185,17.962560895950123,12.45731243338269,0.2467853195567929,9.144940280034572,PCM Storage + DSM
2024-02-13 12:00:00,129.22875476561467,87.3,-2.75,129.22875476561467,0.0,36.32031747577317,36.32031747577317,605.5678483715292,28.30635240545492,28.308600264281935,62.28051223610904,39.961030378774495,14.679822407778643,10.180682768986532,0.24051952378634023,7.473661468333084,PCM Storage + DSM
2024-02-13 13:00:00,115.19836112654207,82.2,-2.4,115.19836112654207,0.0,38.34837461633105,38.34837461633105,627.5688535461826,28.28962599842311,28.29186789522972,55.51870365642756,35.62245273439463,13.086030938485496,9.075363855850869,0.23747743807550342,6.21308437431971,PCM Storage + DSM
2024-02-13 14:00:00,106.13008808076255,84.6,-2.15,106.13008808076255,0.0,39.659170049169475,39.659170049169475,564.1547019376981,28.272943955022473,28.275179905621815,51.14833971217692,32.81829714748465,12.055914707011057,8.36096239536262,0.23551124492624578,5.321727967297032,PCM Storage + DSM
2024-02-13 15:00:00,113.29673914595175,84.4,-1.4,113.29673914595175,0.0,38.623249159097824,38.623249159097824,591.2528163615569,28.25630615758687,28.258536177750138,54.60223586839217,35.03441972368318,12.870014982807325,8.925553466003535,0.23706512626135326,6.020470103457688,PCM Storage + DSM
2024-02-13 16:00:00,102.89681976208615,82.7,-1.2,102.89681976208615,0.0,40.12653062861682,40.12653062861682,577.3825913260159,28.23971248876225,28.241936594218803,49.59009822444319,31.818483029181813,11.688629540478633,8.106244479685408,0.23481020405707478,5.020542021084153,PCM Storage + DSM
2024-02-13 17:00:00,97.651432830048,81.9,-1.35,97.651432830048,0.0,40.88473775353196,40.88473775353196,568.7663618514262,28.223162831505803,28.22538103794328,47.062136196205394,30.19646734915936,11.092776483145828,7.6930112139735805,0.23367289336970207,4.550512000085075,PCM Storage + DSM
2024-02-13 18:00:00,109.66644969851484,83.6,-1.75,109.66644969851484,0.0,39.147998116651166,39.147998116651166,589.3634999568934,28.206657069085203,28.208869392149634,52.85265399892522,33.91183592137163,12.457629949198795,8.639558098401428,0.23627800282502326,5.661154072372784,PCM Storage + DSM
2024-02-13 19:00:00,127.8404827690658,85.8,-2.0,127.8404827690658,0.0,36.5209886050419,36.5209886050419,619.736665827123,28.19019508507768,28.192401540373595,61.61144836387001,39.53173908421153,14.52212076931596,10.071314255612199,0.24021851709243716,7.393373803664401,PCM Storage + DSM
2024-02-13 20:00:00,147.27445122377776,86.4,-2.45,147.27445122377776,0.0,33.71185868981307,33.71185868981307,667.7521745443911,28.173776763369272,28.175977366459822,70.97745604795782,45.541248385817276,16.729734748967594,11.602328526691117,0.2444322119652804,8.517294725754939,PCM Storage + DSM
2024-02-13 21:00:00,167.99156356959372,88.4,-2.85,167.99156356959372,0.0,30.717253641265838,30.717253641265838,695.7325440566201,28.15740198815399,28.159596754561047,80.9618621601318,51.947540525002374,19.083108273228298,13.234429285262593,0.24892411953810123,9.715423459215815,PCM Storage + DSM
2024-02-13 22:00:00,176.70140055523436,90.8,-3.15,176.70140055523436,0.0,29.458269214582913,29.458269214582913,688.152579503563,28.141070643932984,28.143259589137248,85.15948141246126,54.64085797597243,20.07250773298327,13.920593037913617,0.2508125961781256,10.219137769495351,PCM Storage + DSM
2024-02-13 23:00:00,170.14624507916028,89.0,-3.55,170.14624507916028,0.0,30.40579999758935,30.40579999758935,693.6949230755314,28.124782615513787,28.126965754954888,82.00028946963324,52.61382639471102,19.327870686695256,13.404175786007603,0.24939130000361598,9.84003473635599,PCM Storage + DSM
2024-02-14 00:00:00,170.8474905744406,87.8,-3.8,170.8474905744406,0.0,30.30443677353648,30.30443677353648,709.8638293383345,28.10853778800941,28.110715137086043,78.92472007301326,50.640449528052834,18.602943884969246,12.309260460517917,0.24954334483969529,9.47096640876159,PCM Storage + DSM
2024-02-14 01:00:00,154.41607216028692,91.7,-4.15,154.41607216028692,0.0,32.67955584015458,32.67955584015458,625.0155230859816,28.092336046837584,28.094507620907596,71.33406074065051,45.77005657069352,16.813788225256673,11.125405735373793,0.24598066623976814,8.560087288878062,PCM Storage + DSM
2024-02-14 02:00:00,141.45887896857138,86.4,-4.6,181.75684828726256,40.29796931869117,33.98201384812222,34.55248462961252,828.3449473976523,34.81377493607235,34.0475862741061,65.34835476305805,41.929449455867896,15.402927948399611,50.489832130503075,0.24402697922781666,7.841802571566967,PCM Storage + DSM
2024-02-14 03:00:00,121.2995594396021,86.1,-4.95,151.92731533038716,30.627755890785046,37.43143936640419,37.4664621680372,745.7412002120462,39.62701653825879,39.04639038692856,56.03555394089391,35.95407926053073,13.207855087243491,39.367175275101786,0.23885284095039372,6.579210809577067,PCM Storage + DSM
2024-02-14 04:00:00,144.28218436961873,88.4,-5.15,167.62306721712093,23.340882847502204,35.61641506934281,34.14438313040553,758.6398927359855,43.27453286238307,42.83452924621365,66.65260914636255,42.766297888252225,15.710347107845385,33.736159835455815,0.24157537739598578,7.998313097563506,PCM Storage + DSM
2024-02-14 05:00:00,165.08253992604438,91.6,-5.35,165.08253992604438,0.0,31.137745490897355,31.137745490897355,652.2552465996832,43.05901052420565,43.06651571872004,76.26154302177552,48.93167586470996,17.975219983077906,11.89390593096326,0.24829338176365395,9.151385162613062,PCM Storage + DSM
2024-02-14 06:00:00,163.9253510160374,90.6,-5.4,163.9253510160374,0.0,31.30501415721463,31.30501415721463,660.4332478315496,43.00315507129217,43.01064151107034,75.72696794264024,48.588676582750374,17.849218013222877,11.810532510332933,0.24804247876417806,9.087236153116828,PCM Storage + DSM
2024-02-14 07:00:00,150.78601746440057,88.4,-5.45,0.0,-150.78601746440057,88.4,21.20742593627014,0.0,28.291989269907663,29.456358935126804,69.65712039017036,0.0,0.0,0.0,0.1624,0.0,PCM Storage + DSM
2024-02-14 08:00:00,138.7630860866833,89.0,-5.4,138.7630860866833,0.0,34.94215452371676,34.94215452371676,613.2195519047982,28.68838141500258,28.690768443412654,64.10300607305119,41.130396669582716,15.109393149974153,9.997635687847723,0.24258676821442487,7.692360728766142,PCM Storage + DSM
2024-02-14 09:00:00,136.39390929949218,88.2,-5.45,136.39390929949218,0.0,35.28461290543501,35.28461290543501,615.763264148037,28.670642813848925,28.673020521660934,63.00854097962877,40.42815528979194,14.8514223558027,9.826940677622554,0.2420730806418475,7.561024917555453,PCM Storage + DSM
2024-02-14 10:00:00,150.7522251968297,87.6,-5.0,150.7522251968297,0.0,33.20915544992303,33.20915544992303,662.123047030139,28.652950195410018,28.65532159679405,69.6415097116073,44.68406545307378,16.414845640644273,10.861432021688941,0.24518626682511546,8.356981165392876,PCM Storage + DSM
2024-02-14 11:00:00,150.39202128520665,90.6,-3.65,150.39202128520665,0.0,33.261221994441755,33.261221994441755,626.5808813056395,28.63530450329257,28.63766961498292,69.47510988449561,44.577298371245284,16.375624384701094,10.835479964961872,0.24510816700833737,8.337013186139473,PCM Storage + DSM
2024-02-14 12:00:00,164.16020893657324,85.6,-2.15,164.16020893657324,0.0,31.271066051764983,31.271066051764983,721.8342566544934,28.617705613036108,28.620064451715024,75.83546292593147,48.65829019329372,17.87479081327969,11.827453609410075,0.24809340092235252,9.100255551111776,PCM Storage + DSM
2024-02-14 13:00:00,131.53985998806633,87.1,-0.8,131.53985998806633,0.0,35.986253188658594,35.986253188658594,614.7809955318569,28.60015340050757,28.602505982813014,60.76616398107424,38.98937946501717,14.322883091622032,9.477214983310969,0.24102062021701212,7.291939677728909,PCM Storage + DSM
2024-02-14 14:00:00,131.5969295790418,80.8,0.45,131.5969295790418,0.0,35.97800392677301,35.97800392677301,701.3831677942172,28.582647741903106,28.58499408442893,60.79252785377308,39.006295310439675,14.329097185811447,9.481326746716626,0.24103299410984047,7.2951033424527685,PCM Storage + DSM
2024-02-14 15:00:00,116.5017264701558,84.1,-0.2,116.5017264701558,0.0,38.15997652431243,38.15997652431243,605.817653559435,28.565188513747227,28.567528633043267,53.819146648065505,34.531966371916724,12.685437010162191,8.393743978325086,0.23776003521353137,6.083723917746158,PCM Storage + DSM
2024-02-14 16:00:00,133.1241310414973,83.6,-0.15,133.1241310414973,0.0,35.757250902255024,35.757250902255024,664.7241161232162,28.54777559289197,28.550109505464164,61.498033960500926,39.45896902732373,14.495388437802202,9.59135891935107,0.24136412364661747,7.379764075260111,PCM Storage + DSM
2024-02-14 17:00:00,131.2162722512061,84.6,-0.05,131.2162722512061,0.0,36.033026959745726,36.033026959745726,645.4274543778268,28.530408856515965,28.53273657882648,60.61667936491229,38.893465686001335,14.287648833919826,9.453901057414546,0.2409504595603814,7.274001523789474,PCM Storage + DSM
2024-02-14 18:00:00,139.81151691790993,83.8,-0.25,139.81151691790993,0.0,34.79060655661419,34.79060655661419,681.4977026340704,28.513088182123617,28.515409730590942,64.58733926162924,41.44115925915234,15.223552859636861,10.073173280662308,0.2428140901650787,7.750480711395508,PCM Storage + DSM
2024-02-14 19:00:00,140.42895841816724,85.9,-0.9,140.42895841816724,0.0,34.70135698345992,34.70135698345992,655.2378855270736,28.495813447544226,28.498128838543316,64.87257258525267,41.6241734493238,15.290783753944515,10.117658852093564,0.24294796452481013,7.784708710230319,PCM Storage + DSM
2024-02-14 20:00:00,128.80532133840867,85.7,-1.3,128.80532133840867,0.0,36.38152368335986,36.38152368335986,623.9142871004166,28.478584530931133,28.48089378079351,59.50291629316612,38.17884214892963,14.025129411542686,9.280196295094866,0.24042771447496022,7.140349955179935,PCM Storage + DSM
2024-02-14 21:00:00,124.57714087810079,81.4,-0.25,124.57714087810079,0.0,36.9926962416418,36.9926962416418,670.1696099060373,28.461401310760845,28.463704435774716,57.549665717896,36.9255784429437,13.564738664367157,8.975563347985087,0.2395109556375373,6.90595988614752,PCM Storage + DSM
2024-02-14 22:00:00,115.74144877418577,84.4,-0.15,115.74144877418577,0.0,38.26987270041293,38.26987270041293,599.3838502733364,28.444263665832185,28.44656068224255,53.46792870432845,34.30661448550257,12.60265321704021,8.338967310839063,0.2375951909493806,6.008766666463904,PCM Storage + DSM
2024-02-14 23:00:00,118.3227721894523,83.0,-0.15,158.0945640447807,39.771791855328395,36.71827147591874,37.896749071875405,816.0337910188865,35.07680138102785,34.32075313742128,54.660397070605434,74.84352953747182,12.88372386362508,8.524947111563762,0.23992259278612188,6.559247648472652,PCM Storage + DSM
2024-02-15 00:00:00,119.89880749238209,81.9,-0.2,150.12836177926923,30.229554286887133,37.6394666357014,37.66893724192241,810.3019395237766,39.82634028925708,39.25339865766387,61.68062589997424,39.57612545038831,9.349109648050936,30.229554286887137,0.2385408000464479,7.165018894003628,PCM Storage + DSM
2024-02-15 01:00:00,131.9073376703089,85.3,-0.85,154.946459833055,23.03912216274612,37.08231173822646,35.93313523939506,767.6726164895979,43.42558215808921,42.99140193872181,67.8582824839258,43.539893787505434,10.28547480207884,23.03912216274611,0.23937653239266032,8.109480698965214,PCM Storage + DSM
2024-02-15 02:00:00,135.3912044353514,86.3,-1.3,152.9813538314228,17.590149396071403,37.30955253337933,35.42955130216892,745.9811778313916,46.15311937650946,45.82409377862396,69.65051951375276,44.68984641029963,10.557129316971762,17.59014939607141,0.239035671199931,8.228699373050317,PCM Storage + DSM
2024-02-15 03:00:00,128.17749642478492,82.9,-0.55,141.63836622117984,13.460869796394924,38.621232168890025,36.47227415208149,764.1632670886452,48.22007112606916,47.970732627365464,65.93950658162106,42.3087500578043,9.994640426795815,13.460869796394917,0.23706815174666496,7.271321294169369,PCM Storage + DSM
2024-02-15 04:00:00,107.6811606613427,84.4,-1.5,118.01282597417213,10.331665312829431,41.3532407970185,39.43496651621878,654.9219184206661,49.78642538373255,49.597474471294895,55.39539154840468,35.543332015603944,8.39643862276316,10.33166531282943,0.23297013880447226,5.200550115076587,PCM Storage + DSM
2024-02-15 05:00:00,95.58957790896915,82.1,-1.1,103.54990447769082,7.960326568721674,43.02570313663997,41.18277355374239,633.0810396785646,50.9734224488662,50.83023378166623,49.17500947884056,31.55214973522895,7.453597444150067,7.960326568721669,0.23046144529504003,4.123117084295168,PCM Storage + DSM
2024-02-15 06:00:00,94.57901167902953,80.3,-0.3,100.74231684220244,6.163305163172913,43.35036676609295,41.32884829058571,651.332244290276,51.87293928916112,51.76442965483336,48.65513477049524,31.21858264871262,7.374798541242519,6.163305163172907,0.22997444985086057,3.98474846738147,PCM Storage + DSM
2024-02-15 07:00:00,112.0220371275859,83.6,-0.8,0.0,-112.0220371275859,83.6,35.68044333069012,0.0,40.90621437329141,41.77067734071895,57.62850781529799,0.0,0.0,0.0,0.1696,0.0,PCM Storage + DSM
2024-02-15 08:00:00,125.97017108151374,85.2,-0.6,0.0,-125.97017108151374,85.2,22.697551699159334,0.0,28.72328414216109,29.71417039155264,64.8039722791094,0.0,0.0,0.0,0.1672,0.0,PCM Storage + DSM
2024-02-15 09:00:00,146.05321212082345,84.0,-1.5,146.05321212082345,0.0,33.88838564599038,33.88838564599038,696.2632852361646,29.05681267019794,29.05933057565323,75.1354723764577,48.20915542210991,11.3884993781475,0.0,0.24416742153101442,9.016256685174923,PCM Storage + DSM
2024-02-15 10:00:00,147.19147563136494,89.2,-2.8,147.19147563136494,0.0,33.72385259725529,33.72385259725529,633.8363497014772,29.0380967156108,29.040605400005816,75.72103954962381,48.5848727493373,11.477255476652516,0.0,0.24441422110411706,9.086524745954856,PCM Storage + DSM
2024-02-15 11:00:00,148.87476980461236,88.0,-4.0,148.87476980461236,0.0,33.48053677479632,33.48053677479632,652.3344399250886,29.019429495193805,29.02193152577137,76.58699176675722,49.14049346620373,11.608510341690398,0.0,0.24477919483780552,9.190439012010865,PCM Storage + DSM
2024-02-15 12:00:00,125.53991988528162,83.9,-0.95,125.53991988528162,0.0,36.85352902434758,36.85352902434758,637.4638645067005,29.000811786046082,29.003307180460755,64.58263427222809,41.438140397912434,9.788975393183954,0.0,0.23971970646347862,7.74991611266737,PCM Storage + DSM
2024-02-15 13:00:00,127.13965897776289,82.1,0.25,127.13965897776289,0.0,36.622290872874686,36.622290872874686,667.8566252144196,28.982243456850707,28.984732232703653,65.40560249488676,41.966181304540726,9.913715050705827,0.0,0.24006656369068796,7.848672299386411,PCM Storage + DSM
2024-02-15 14:00:00,116.53421906715057,86.0,-1.0,116.53421906715057,0.0,38.155279803390286,38.155279803390286,581.8623103813035,28.96372437663669,28.966206551482387,59.94975030325678,38.46554414944963,9.086755861837915,0.0,0.23776708029491458,6.778417621928954,PCM Storage + DSM
2024-02-15 15:00:00,115.41371132973663,80.6,0.55,115.41371132973663,0.0,38.317246301007586,38.317246301007586,652.0710502164122,28.945254414780408,28.947730006126783,59.373317392747246,38.09568763701649,8.99938426976234,0.0,0.23752413054848862,6.655542390844795,PCM Storage + DSM
2024-02-15 16:00:00,97.8780824634043,81.1,1.2,97.8780824634043,0.0,40.85197613478073,40.85197613478073,580.9538934705041,28.926833441004714,28.929302466313253,50.35230553577982,32.30753792660746,7.632043589336603,0.0,0.2337220357978289,4.87854138876351,PCM Storage + DSM
2024-02-15 17:00:00,105.23132975442937,81.2,0.6,105.23132975442937,0.0,39.789083242501405,39.789083242501405,607.059121858598,28.908461325377992,28.910923802063866,54.135102919619804,34.734693319923835,8.205413055062063,0.0,0.2353163751362479,5.590288500049175,PCM Storage + DSM
2024-02-15 18:00:00,116.0719190667724,83.2,-0.9,116.0719190667724,0.0,38.222104073682736,38.222104073682736,616.4939311087693,28.89013793831324,28.89259388374543,59.71192514074467,38.31294844651202,9.050708018792402,0.0,0.2376668438894759,6.727585895117704,PCM Storage + DSM
2024-02-15 19:00:00,129.40293995764043,86.1,-2.25,129.40293995764043,0.0,36.29513945642783,36.29513945642783,620.6877740205188,28.871863150567176,28.874312582068608,66.56992256066576,42.713243713771135,10.090194387638078,0.0,0.24055729081535826,7.9883907072798905,PCM Storage + DSM
2024-02-15 20:00:00,148.86463910588273,86.6,-2.85,148.86463910588273,0.0,33.482001141116044,33.482001141116044,669.5000589960721,28.85363683323928,28.856079768086914,76.58178013995696,49.13714953132891,11.607720400445647,0.0,0.24477699828832594,9.189813616794835,PCM Storage + DSM
2024-02-15 21:00:00,149.6196663627851,88.6,-2.85,149.6196663627851,0.0,33.3728639024136,33.3728639024136,647.197655391864,28.835458857770952,28.837895313195936,76.97019562757752,49.38636846905295,11.666593651645378,0.0,0.2449407041463796,9.236423475309302,PCM Storage + DSM
2024-02-15 22:00:00,153.37374542278351,86.5,-2.65,153.37374542278351,0.0,32.83022147628479,32.83022147628479,682.6875709997728,28.817329095944544,28.81975908913232,78.9014404075842,50.625512601813504,11.959317970539102,0.0,0.2457546677855728,9.468172848910104,PCM Storage + DSM
2024-02-15 23:00:00,142.62817609555455,86.8,-2.15,181.8421867166461,39.21401062109155,33.97214548858633,34.38346575182365,822.3040858374369,35.35562597029588,34.61032720849378,73.37350017517483,86.2926322352088,11.121432190254094,0.0,0.24404178176712052,8.804820021020978,PCM Storage + DSM
2024-02-16 00:00:00,150.0354345453217,85.6,-1.75,150.0354345453217,0.0,33.312765686133915,33.312765686133915,685.4865622451994,35.05359254879713,35.05824348321944,83.83816357692913,53.79306112475926,3.9011334422126747,0.0,0.24503085147079912,10.060579629231496,PCM Storage + DSM
2024-02-16 01:00:00,136.66702396845935,86.7,-0.95,166.5570123407537,29.889988372294344,35.73969145116704,35.245134885869874,780.7853376180655,40.01653330324163,39.45092578997026,76.3680416280506,49.000008540339245,3.5535358648225577,29.88998837229434,0.24139046282324944,9.164164995366072,PCM Storage + DSM
2024-02-16 02:00:00,126.82354142330686,82.4,0.0,149.57472533346802,22.75118391016117,37.70348800964509,36.66798484840113,799.4390473294119,43.5697125415339,43.141088974454185,70.86761099785937,45.470768532226785,3.2975914003625224,22.75118391016116,0.23844476798553235,8.204986232088004,PCM Storage + DSM
2024-02-16 03:00:00,116.41492424396918,82.0,0.35,133.78687142888944,17.371947184920266,39.529162793628224,38.17252356177714,752.5293656330265,46.262342651710384,45.93752793391231,65.05138930106182,41.73890757651903,3.0269526363361625,17.37194718492026,0.23570625580955767,6.819013395162995,PCM Storage + DSM
2024-02-16 04:00:00,113.12341888184577,83.2,0.8,126.41893311900172,13.295514237155961,40.381175946499134,38.64830215534768,705.3069460697567,48.3028414869077,48.05669403025656,63.2121320229374,40.55878536289827,2.9413688428655393,13.295514237155956,0.2344282360802513,6.303067800815186,PCM Storage + DSM
2024-02-16 05:00:00,117.77855679565545,80.8,1.2,127.98491420795094,10.206357412295482,40.200089131054256,37.97541400058543,753.0684923222742,49.84914949286348,49.66261678022486,65.81337229043734,42.22781854229767,3.0624090108012636,10.206357412295489,0.23469986630341863,6.633952730784546,PCM Storage + DSM
2024-02-16 06:00:00,130.62033933064572,82.2,1.2,138.4857064676526,7.865367137006857,38.98579922463305,36.11916752329131,765.5600136312114,51.02095533172924,50.87959919765536,72.98922023629473,46.832056167556296,3.3963135144719625,7.865367137006871,0.23652130116305042,7.889054806644537,PCM Storage + DSM
2024-02-16 07:00:00,125.41584491199168,85.5,1.15,4.263256414560601e-14,-125.41584491199164,85.5,32.89241907280811,0.0,38.747593566188776,39.714435625117126,70.08100554868686,0.0,0.0,0.0,0.16675,0.0,PCM Storage + DSM
2024-02-16 08:00:00,135.9132239661128,79.9,1.0,0.0,-135.9132239661128,79.9,19.101688294286742,0.0,25.613268268783358,26.68261696171314,75.94682641250812,0.0,0.0,0.0,0.17515,0.0,PCM Storage + DSM
2024-02-16 09:00:00,112.6488892015715,84.8,0.6,112.6488892015715,0.0,38.71689419426288,38.71689419426288,583.9638304546278,25.983329200788873,25.984751788053256,62.94697001585885,40.388649526828196,2.9290304002126395,0.0,0.23692465870860568,6.9051966777030565,PCM Storage + DSM
2024-02-16 10:00:00,132.91906766844744,81.2,0.7,132.91906766844744,0.0,35.78689228286621,35.78689228286621,699.2087262346389,25.972765152774752,25.974181219414703,74.27372454681029,47.65623236539462,3.4560837015636747,0.0,0.24131966157570067,8.912846945617234,PCM Storage + DSM
2024-02-16 11:00:00,124.56372582237056,84.1,0.9,124.56372582237056,0.0,36.99463535327791,36.99463535327791,631.716173232564,25.962228144580642,25.963640455364565,69.60485070007275,44.66054394014796,3.238832999450346,0.0,0.23950804697008315,8.352582084008729,PCM Storage + DSM
2024-02-16 12:00:00,134.26387765120182,82.8,1.0,134.26387765120182,0.0,35.5925034753688,35.5925034753688,679.4366847363349,25.951719083805365,25.95312764870204,75.02518969006611,48.138394768047846,3.4910506626221958,0.0,0.2416112447869468,9.003022762807932,PCM Storage + DSM
2024-02-16 13:00:00,119.84743114404579,83.2,0.6,119.84743114404579,0.0,37.67636356029804,37.67636356029804,628.9158779571036,25.94123789632621,25.942642725270908,66.96943669992899,42.96958387673132,3.1162026691640388,0.0,0.23848545465955293,7.764558284166368,PCM Storage + DSM
2024-02-16 14:00:00,108.92950088468874,80.7,1.5,108.92950088468874,0.0,39.254522163128634,39.254522163128634,627.8691410691649,25.93078450821454,25.932185611116154,60.86861641184577,39.055115994012304,2.832321044909086,0.0,0.23611821675530706,6.480856100984603,PCM Storage + DSM
2024-02-16 15:00:00,92.62206690146411,79.7,2.1,92.62206690146411,0.0,41.61171960067971,41.61171960067971,580.9300989210774,25.920358845737788,25.92175623247895,51.75620025529731,33.208318564418484,2.40830470329336,0.0,0.23258242059898043,4.778633531591323,PCM Storage + DSM
2024-02-16 16:00:00,91.69305664512345,78.3,2.5,91.69305664512345,0.0,41.746005632311515,41.746005632311515,599.2421945999662,25.909960835358937,25.911354515796052,51.23707946178766,32.875235212100364,2.3841491230455865,0.0,0.23238099155153272,4.6894207291614975,PCM Storage + DSM
2024-02-16 17:00:00,92.01561859803942,79.7,2.4,92.01561859803942,0.0,41.6993801356425,41.6993801356425,578.4577516754806,25.899590403736045,25.90098038769939,51.417323561151356,32.9908851910691,2.392536189910953,0.0,0.23245092979653625,4.720301533511097,PCM Storage + DSM
2024-02-16 18:00:00,101.16034114986363,79.7,2.2,101.16034114986363,0.0,40.377534124280444,40.377534124280444,614.5685290513277,25.889247477721664,25.89063377501543,56.52729473222081,36.26959478850521,2.6303119065260936,0.0,0.23443369881357934,5.637738166398494,PCM Storage + DSM
2024-02-16 19:00:00,89.55158328770494,80.6,2.0,89.55158328770494,0.0,42.05555007172998,42.05555007172998,555.0245488245558,25.878931984362364,25.880314604764752,50.04044751828064,32.107440540383266,2.3284677877960176,0.0,0.23191667489240503,4.486961773951012,PCM Storage + DSM
2024-02-16 20:00:00,90.70748856027673,77.6,2.15,90.70748856027673,0.0,41.88846695188654,41.88846695188654,606.7858217214418,25.868643850898238,25.870022804161504,50.68635477089059,32.521873858554535,2.358522959286174,0.0,0.2321672995721702,4.595691151252297,PCM Storage + DSM
2024-02-16 21:00:00,98.82900613805323,79.7,2.45,98.82900613805323,0.0,40.71452257516522,40.71452257516522,605.5950921378949,25.858383004762306,25.85975830061285,55.224570168086316,35.43372793363417,2.5696938998056376,0.0,0.23392821613725218,5.396150944611443,PCM Storage + DSM
2024-02-16 22:00:00,118.66258224391538,81.8,2.45,118.66258224391538,0.0,37.84763040670353,37.84763040670353,644.959251556281,25.84814937358012,25.849521021718527,66.3073560640838,42.5447732344889,3.08539492243224,0.0,0.2382285543899447,7.619657940561847,PCM Storage + DSM
2024-02-16 23:00:00,120.05380189459686,81.4,2.35,163.70712153907533,43.653319644478486,36.069246931296014,37.64653320164781,862.7310215753893,33.13649696576201,32.30564446238128,67.08475442333632,86.69689480488486,3.121568600478258,0.0,0.24089612960305598,8.050170530800358,PCM Storage + DSM
2024-02-17 00:00:00,132.66780611378277,80.4,1.9,165.83483054873733,33.167024434954556,35.823203060477894,35.82321149123584,888.7255548301376,38.35596055540639,37.72633143911,74.84582228066348,48.02330729945209,14.152414813756225,33.167024434954556,0.24126519540928315,8.981498673679619,PCM Storage + DSM
2024-02-17 01:00:00,120.03132532593317,84.8,1.9,145.29648825459904,25.265162928665866,38.1982145001485,37.649782131559995,744.8234425805997,42.31131543319381,41.83417693817209,67.71682977671529,43.44913352033599,12.804410929962977,25.265162928665873,0.23770267824977726,7.639183849150545,PCM Storage + DSM
2024-02-17 02:00:00,118.95693501703349,79.1,2.15,138.23399772986386,19.27706271283036,39.014906302660656,37.80508247407086,823.8207772488395,45.308718229223686,44.947138471335506,67.11070212242208,43.06022397645169,12.689799723455295,19.27706271283037,0.236477640546009,7.241953594595949,PCM Storage + DSM
2024-02-17 03:00:00,85.32202386639237,80.2,1.95,100.06125144572894,14.739227579336564,43.429123760431786,42.66692195526138,650.0738959984449,47.58017649257872,47.30616816443382,48.13524261834533,30.88500436973206,9.101776157139195,14.739227579336571,0.22985631435935233,3.9194245220109236,PCM Storage + DSM
2024-02-17 04:00:00,88.8676349283833,78.4,1.5,100.16805103888102,11.300416110497718,43.416773676288884,42.15441303948252,684.0221103260354,49.3015075892861,49.09386166261344,50.135533293194726,32.16845040371783,9.480006264257288,11.300416110497721,0.22987483948556667,4.0860137734885065,PCM Storage + DSM
2024-02-17 05:00:00,106.9847683511576,80.4,1.35,115.67922281467207,8.694454463514468,41.623093841635736,39.53562822490865,712.6609829589765,50.60594746929312,50.448591555494225,60.356488837097096,38.726519698998615,11.41266193216941,8.694454463514475,0.2325653592375464,5.568576389378413,PCM Storage + DSM
2024-02-17 06:00:00,117.78431988918045,84.4,1.2,124.503953642957,6.719633753776543,40.60262021387015,37.97458096031046,679.1032196539794,51.59446351005225,51.47521781135614,66.44915998922639,42.635758853537276,12.564710327675066,6.719633753776549,0.23409606967919477,6.537552676875894,PCM Storage + DSM
2024-02-17 07:00:00,109.37806336988402,81.1,0.95,0.0,-109.37806336988402,81.1,35.78414712520506,0.0,40.884197831923196,41.72803340170541,61.70668930308781,0.0,0.0,0.0,0.17335,0.0,PCM Storage + DSM
2024-02-17 08:00:00,102.90927738686949,79.2,0.85,102.90927738686949,0.0,40.124729911149714,40.124729911149714,629.1487181713023,41.131661592515265,41.1384831098361,58.05726130515205,37.251266879891254,10.977906580544369,0.0,0.23481290513327543,5.878391790860384,PCM Storage + DSM
2024-02-17 09:00:00,110.0843323773963,83.6,0.65,1.4210854715202004e-14,-110.08433237739628,83.6,25.219255847904776,0.0,30.385541963646457,31.236125340157784,62.105137775004714,0.0,0.0,0.0,0.1696,0.0,PCM Storage + DSM
2024-02-17 10:00:00,129.6698740063359,82.7,0.7,129.6698740063359,0.0,36.25655482954985,36.25655482954985,666.9840318551011,30.664580110587575,30.667670730974443,73.15450996989065,46.938110980344064,13.83260867531991,0.0,0.24061516775567524,8.778541196386879,PCM Storage + DSM
2024-02-17 11:00:00,119.17767954787008,82.9,1.15,119.17767954787008,0.0,37.773174422627775,37.773174422627775,630.9005657414019,30.641599727753476,30.64467997050146,67.23523727837585,43.14012943919785,12.713347773730494,0.0,0.23834023836605833,7.756321078827403,PCM Storage + DSM
2024-02-17 12:00:00,107.11776355668104,81.4,0.8,107.11776355668104,0.0,39.516404111661345,39.516404111661345,610.9677858755703,30.618679518867783,30.621751591848824,60.4315193649122,38.77466151886657,11.426849272504219,0.0,0.23572539383250798,6.339361580966621,PCM Storage + DSM
2024-02-17 13:00:00,98.74894163399152,80.3,0.7,98.74894163399152,0.0,40.726095692309656,40.726095692309656,596.1071436566439,30.595820101499246,30.598884026387722,55.710167767472406,35.74530180681238,10.534100362110845,0.0,0.23391085646153553,5.439731635279325,PCM Storage + DSM
2024-02-17 14:00:00,106.8989526219505,81.3,1.0,106.8989526219505,0.0,39.54803266678446,39.54803266678446,611.6419750648244,30.573021314411875,30.576077112819064,60.30807506584946,38.695455982370156,11.403507489710009,0.0,0.2356779509998233,6.314967335869892,PCM Storage + DSM
2024-02-17 15:00:00,116.16717607588083,83.3,0.5,116.16717607588083,0.0,38.208334919197114,38.208334919197114,615.4431404739021,30.550282996795293,30.553330690275157,65.53683271105695,42.050382517194684,12.392200577723466,0.0,0.23768749762120434,7.3892772645767355,PCM Storage + DSM
2024-02-17 16:00:00,123.89104723311524,82.5,0.25,123.89104723311524,0.0,37.09186930489281,37.09186930489281,651.7890742031708,30.527604988265683,30.530644598315003,69.89432911419563,44.846281906735484,13.216148992845651,0.0,0.2393621960426608,8.348792633113451,PCM Storage + DSM
2024-02-17 17:00:00,115.39563834376239,83.7,-0.05,115.39563834376239,0.0,38.31985870442257,38.31985870442257,607.4692881073095,30.50498712886459,30.508018676923136,65.10156225869538,41.77110003949343,12.309896344697707,0.0,0.23752021194336614,7.296638289331563,PCM Storage + DSM
2024-02-17 18:00:00,120.49680395326732,81.8,0.15,120.49680395326732,0.0,37.58249839895586,37.58249839895586,651.0016714994144,30.482429259057835,30.48545276650851,67.97943403344823,43.61762822765499,12.854066131280778,0.0,0.2386262524015662,7.919944615095331,PCM Storage + DSM
2024-02-17 19:00:00,117.93197924865152,83.8,-0.05,117.93197924865152,0.0,37.95323718150787,37.95323718150787,614.5025469196308,30.45993121973436,30.462946707903367,66.53246344091359,42.68920882759833,12.580461975098673,0.0,0.2380701442277382,7.603368305334477,PCM Storage + DSM
2024-02-17 20:00:00,119.05205627110895,83.4,-0.35,119.05205627110895,0.0,37.79133294262441,37.79133294262441,623.5772997410194,30.437492852205125,30.440500342362082,67.16436569526763,43.094656122041386,12.699946838152632,0.0,0.2383130005860634,7.740827632561289,PCM Storage + DSM
2024-02-17 21:00:00,120.99940808437624,82.8,-0.8,120.99940808437624,0.0,37.509848270727765,37.509848270727765,638.2344554974037,30.415113998201974,30.418113511560097,68.26298300117776,43.799561684951456,12.907681717148389,0.0,0.23873522759390836,7.982735377114113,PCM Storage + DSM
2024-02-17 22:00:00,123.85097472022841,85.4,-1.65,123.85097472022841,0.0,37.09766168306771,37.09766168306771,612.536608237946,30.39279449987657,30.395786057592808,69.87172181958721,44.83177639362724,13.211874234397339,0.0,0.23935350747539844,8.343663878640026,PCM Storage + DSM
2024-02-17 23:00:00,142.39916494010757,85.7,-2.55,179.25765031931851,36.85848537921095,34.27101593401902,34.41656872249001,832.6654220372143,36.53310975383769,35.8332063445024,80.3358622127311,88.40436570558883,15.1905131350139,0.0,0.24359347609897147,9.640303465527731,PCM Storage + DSM
2024-02-18 00:00:00,154.66968361056908,88.5,-3.3,154.66968361056908,0.0,32.64289696044648,32.64289696044648,661.4965223654604,36.24393996710811,36.24901530924355,66.69402267112947,42.7928700383821,15.720108478891175,11.9029396577101,0.2460356545593303,8.003282720535536,PCM Storage + DSM
2024-02-18 01:00:00,166.90825124914826,89.5,-3.7,166.90825124914826,0.0,30.873843637487703,30.873843637487703,680.1225288204236,36.20615996380662,36.211223658314935,71.97132904750184,46.17894688413495,16.963995492904342,12.844785071098254,0.24868923454376846,8.636559485700221,PCM Storage + DSM
2024-02-18 02:00:00,146.5768585962,89.4,-4.1,174.74360815158116,28.166749555381173,34.79301043746984,33.81269390127996,764.4583698346007,40.87794877378286,40.34555127958527,63.20437271270069,40.553806758500926,14.897580856432958,39.44688838000117,0.24281048434379524,7.584524725524082,PCM Storage + DSM
2024-02-18 03:00:00,131.4491974727135,84.2,-3.0,152.89626528135278,21.447067808639282,37.31939199738802,35.999358220945794,779.1201165002664,44.22250075370623,43.819044101634944,56.681280724801724,36.368396784611214,13.360056059447714,31.563024789010388,0.23902091200391798,6.693132402184975,PCM Storage + DSM
2024-02-18 04:00:00,125.28205694978185,86.6,-3.95,141.66573345988672,16.38367651010489,38.61806747798799,36.8908024452564,705.3226894278163,46.75703131374921,46.45128830601133,54.02199158519208,34.662117721089416,12.73324855740905,26.025027867761324,0.23707289878301802,5.958171624142207,PCM Storage + DSM
2024-02-18 05:00:00,144.34286769940553,89.0,-5.3,156.88946170678318,12.54659400737766,36.85762701872391,34.13561151191407,718.7928642715588,48.677720916080354,48.44602616944533,62.24106926473446,39.93572259435305,14.670525505838935,23.654811236118732,0.23971355947191414,7.468928311768135,PCM Storage + DSM
2024-02-18 06:00:00,158.7753211759453,90.9,-6.85,158.7753211759453,0.0,32.04943766092862,32.04943766092862,644.5151923190032,48.52122689221143,48.53067959106236,68.46438566969923,43.92878763165917,16.137391726623342,12.218897866560805,0.24692584350860708,8.215726280363908,PCM Storage + DSM
2024-02-18 07:00:00,178.45222970233056,92.0,-7.4,0.0,-178.45222970233056,92.0,22.726418278402065,0.0,31.108253474795685,32.48648604621619,76.94912652338003,0.0,0.0,0.0,0.157,0.0,PCM Storage + DSM
2024-02-18 08:00:00,193.14519711567553,94.4,-7.25,81.705961716631,-111.43923539904453,94.4,15.0,0.0,20.421051740914287,21.309513661137398,83.28477730442833,0.0,0.0,0.0,0.15339999999999998,0.0,PCM Storage + DSM
2024-02-18 09:00:00,189.36997569718213,94.2,-7.4,189.36997569718213,0.0,27.6270594183181,27.6270594183181,679.5386435123095,20.741245308650065,20.740798926929052,81.65689072060702,52.39349153635522,19.24692991614335,14.573375603333552,0.2535594108725229,9.798826886472844,PCM Storage + DSM
2024-02-18 10:00:00,179.0691560577779,90.2,-5.9,179.0691560577779,0.0,29.116016275887308,29.116016275887308,700.3162601578572,20.744584732560845,20.744137247854674,77.21514698308575,49.543536549522116,18.19998911706188,13.78065377362131,0.25132597558616904,9.265817637970288,PCM Storage + DSM
2024-02-18 11:00:00,165.23660235010055,90.6,-4.9,165.23660235010055,0.0,31.115476165656993,31.115476165656993,663.5949048692843,20.747914484122507,20.747468186278986,71.25050912359247,45.71644736634409,16.794094699043445,12.716139718565298,0.2483267857515145,8.550061094831095,PCM Storage + DSM
2024-02-18 12:00:00,159.96419874012915,88.9,-4.0,159.96419874012915,0.0,31.877588481545832,31.877588481545832,670.1592107817362,20.7512354041458,20.750790290022895,68.97703317351463,44.25771752863732,16.258225259354592,12.31039050801804,0.24718361727768126,8.277243980821755,PCM Storage + DSM
2024-02-18 13:00:00,156.62488455292083,87.0,-3.05,156.62488455292083,0.0,32.36027771722587,32.36027771722587,684.783136101907,20.754547516056814,20.754103582514944,67.53711107043173,43.33382064920538,15.918828552497764,12.053406370334322,0.2464595834241612,8.10445332845181,PCM Storage + DSM
2024-02-18 14:00:00,142.23017169776196,87.9,-2.15,142.23017169776196,0.0,34.4409962589271,34.4409962589271,635.5820878490038,20.75785084321741,20.757408087125295,61.33006853245397,39.35119740933635,14.455798162034588,10.945630143569533,0.24333850561160936,7.359608223894476,PCM Storage + DSM
2024-02-18 15:00:00,139.09041983527806,84.5,-2.0,139.09041983527806,0.0,34.89483927631454,34.89483927631454,669.8400843683971,20.76114540892747,20.760703827162146,59.976198290982076,38.48251396557672,14.136684301303351,10.704003755728554,0.24265774108552818,7.197143794917848,PCM Storage + DSM
2024-02-18 16:00:00,119.24386794263098,85.4,-1.7,119.24386794263098,0.0,37.76360706122153,37.76360706122153,597.9955634184325,20.764431236425093,20.763990825871886,51.41830671861254,32.99151601415906,12.11954725543022,9.176669477431448,0.2383545894081677,5.934616513715183,PCM Storage + DSM
2024-02-18 17:00:00,118.44836110124552,83.7,-1.85,118.44836110124552,0.0,37.878595519246076,37.878595519246076,617.5347983830515,20.76770834888672,20.767269106439215,51.07528182791718,32.771421034435924,12.038694605121798,9.115449529803263,0.23818210672113088,5.859786736800629,PCM Storage + DSM
2024-02-18 18:00:00,111.59148467258561,85.0,-2.75,111.59148467258561,0.0,38.86973928618503,38.86973928618503,577.8909889798837,20.770976769427353,20.770538691987365,48.11857653628673,30.874310915431074,11.341784656328704,8.587763790326283,0.23669539107072246,5.234414026683229,PCM Storage + DSM
2024-02-18 19:00:00,119.62727915290344,85.4,-3.55,119.62727915290344,0.0,37.70818596165968,37.70818596165968,599.2211851574697,20.77423652110066,20.773799605578226,51.583634760626644,33.09759540676814,12.15851588636556,9.20617571545708,0.2384377210575105,5.9708513353420605,PCM Storage + DSM
2024-02-18 20:00:00,135.88570295259277,87.2,-4.4,135.88570295259277,0.0,35.35807281947733,35.35807281947733,626.1716538714551,20.777487626899173,20.777051870212528,58.59431494164703,37.595856478025034,13.810967613559997,10.457377844404576,0.241962890770784,7.031317792997643,PCM Storage + DSM
2024-02-18 21:00:00,150.9513703880539,89.9,-5.05,150.9513703880539,0.0,33.180369527199865,33.180369527199865,635.7764591465889,20.78073010975444,20.78029550882999,65.09067506885998,41.76411449444681,15.342191579781158,11.61678883045749,0.2452294457092002,7.810881008263197,PCM Storage + DSM
2024-02-18 22:00:00,160.04753940106966,89.9,-5.5,160.04753940106966,0.0,31.86554180439142,31.86554180439142,658.81555317214,20.783963992537178,20.783530544309485,69.01296991173274,44.28077560950545,16.266695724930678,12.316804168633693,0.24720168729341288,8.281556389407928,PCM Storage + DSM
2024-02-18 23:00:00,157.20870895527437,89.7,-5.35,157.20870895527437,0.0,32.27588740869399,32.27588740869399,654.008035967112,20.78718929805746,20.786756999469212,67.78885787056461,43.49534888920653,15.978166508866313,12.098335838538379,0.24658616888695903,8.134662944467753,PCM Storage + DSM
2024-02-19 00:00:00,174.2014863483139,89.5,-5.2,174.2014863483139,0.0,29.819625352446927,29.819625352446927,697.3022899756022,20.79040604906486,20.78997489706686,74.7265293623255,47.946765412391095,17.613409729674498,22.307206586807116,0.25027056197132963,8.96718352347906,PCM Storage + DSM
2024-02-19 01:00:00,166.0917961547369,93.1,-5.2,166.0917961547369,0.0,30.991860111348757,30.991860111348757,638.8522595257119,20.793614268248604,20.79318425979973,71.24774732048925,45.714675311270284,16.79344372849705,21.2687278786438,0.24851220983297687,8.54972967845871,PCM Storage + DSM
2024-02-19 02:00:00,156.0900760094031,88.0,-5.15,156.0900760094031,0.0,32.43758291003899,32.43758291003899,671.111897127565,20.796813978237726,20.79638511030494,66.95734860012678,42.961827792105886,15.782175692763616,19.987967064357267,0.24634362563494153,8.034881832015213,PCM Storage + DSM
2024-02-19 03:00:00,131.48476361948528,87.0,-4.6,182.69048523942928,51.205721619944015,33.874050001277176,35.994217226346635,821.5045934246011,29.36119000033975,28.384788664133282,56.40250410759481,36.18952540945513,13.294347042532046,68.04287867618599,0.24418892499808423,6.768300492911377,PCM Storage + DSM
2024-02-19 04:00:00,139.9161842420797,87.7,-4.55,178.7987301299911,38.8825458879114,34.32408451589086,34.77547716540634,800.2392873750257,35.49499976629137,34.755072155507044,60.01929759155304,38.51016775963818,14.146843017979965,56.799380538134486,0.24351387322616372,7.202315710986365,PCM Storage + DSM
2024-02-19 05:00:00,157.25716748262903,89.5,-4.9,157.25716748262903,0.0,32.26888285380048,32.26888285380048,656.415762939059,35.19448821060115,35.199189380104684,67.45799125864093,43.283055023024446,15.900179624537396,20.137417859208096,0.24659667571929927,8.094958951036912,PCM Storage + DSM
2024-02-19 06:00:00,172.35867538220077,91.0,-5.3,172.35867538220077,0.0,30.085998915061456,30.085998915061456,675.9534625764105,35.1594916432409,35.164182259545896,73.93602595931132,47.43955490033531,17.427084197780996,22.07122717134263,0.24987100162740783,8.872323115117359,PCM Storage + DSM
2024-02-19 07:00:00,182.21664677747697,91.3,-5.35,42.75035775543333,-139.46628902204364,91.3,15.0,0.0,21.562517336446742,22.638631054622476,78.1647613413341,0.0,0.0,0.0,0.15805,0.0,PCM Storage + DSM
2024-02-19 08:00:00,177.45699317773614,91.7,-5.25,177.45699317773614,0.0,29.349050253744196,29.349050253744196,679.9090492024675,21.946239986160982,21.946223600069104,76.12303137719148,48.84280267085997,17.942572108632135,22.724087435019154,0.2509764246193837,9.134763765262976,PCM Storage + DSM
2024-02-19 09:00:00,169.15756551656588,90.2,-5.5,169.15756551656588,0.0,30.548711073231544,30.548711073231544,677.4423923425577,21.94638356127878,21.94636445005058,72.56285839696285,46.558489721132425,17.103421863807597,21.661312074883554,0.24917693339015268,8.707543007635543,PCM Storage + DSM
2024-02-19 10:00:00,174.3356146017604,89.7,-5.5,174.3356146017604,0.0,29.800237460050578,29.800237460050578,695.2832907479776,21.946525768744532,21.94650670819811,74.78406583391131,47.98368252508619,17.626971358417176,22.324382253453127,0.25029964380992414,8.974087900069357,PCM Storage + DSM
2024-02-19 11:00:00,146.9399293012615,92.6,-5.0,146.9399293012615,0.0,33.76021296917861,33.76021296917861,596.5811272545009,21.946667599029333,21.946648589037412,63.032246002044666,40.443365137734425,14.857009745930748,18.81625368121205,0.24435968054623208,7.56386952024536,PCM Storage + DSM
2024-02-19 12:00:00,143.50718096212188,83.7,-4.1,143.50718096212188,0.0,34.256407870050296,34.256407870050296,693.368957414535,21.94680905313613,21.946790093564616,61.559713390897564,39.498544385703596,14.509926582270298,18.376676339095717,0.24361538819492456,7.387165606907708,PCM Storage + DSM
2024-02-19 13:00:00,125.23366461449221,87.2,-3.05,125.23366461449221,0.0,36.897797432257974,36.897797432257974,594.750565146487,21.94695013206265,21.94693122277781,53.72099464900492,34.46898912790614,12.662302102252067,16.036678485007847,0.23965330385161304,6.44651935788059,PCM Storage + DSM
2024-02-19 14:00:00,162.4955166922174,86.9,-2.35,162.4955166922174,0.0,31.511693013477252,31.511693013477252,700.8483715078712,21.947090836803994,21.947071977672458,69.70506540379336,44.72484467686312,16.42982602922486,20.808209713179306,0.24773246047978412,8.364607848455202,PCM Storage + DSM
2024-02-19 15:00:00,146.30279639530588,90.4,-3.1,146.30279639530588,0.0,33.85230888413636,33.85230888413636,618.0712266305952,21.94723116835263,21.947212359241373,62.758937594621564,40.26800232873239,14.792589612899185,18.73466622949544,0.24422153667379545,7.531072511354588,PCM Storage + DSM
2024-02-19 16:00:00,139.39183376823655,83.6,-2.6,139.39183376823655,0.0,34.851270671275714,34.851270671275714,683.0850925223714,21.947371127698382,21.947352368474736,59.794369022336085,38.36584689481521,14.093826250262596,17.84968944618896,0.24272309399308642,7.17532428268033,PCM Storage + DSM
2024-02-19 17:00:00,114.7522721807384,85.6,-2.5,114.7522721807384,0.0,38.4128556205804,38.4128556205804,580.9494885101996,21.94751071582842,21.947492006360072,49.22483278565041,31.5841178518278,11.602534683826692,14.694493689468036,0.2373807165691294,5.489694444238029,PCM Storage + DSM
2024-02-19 18:00:00,116.78924400807342,86.3,-4.2,116.78924400807342,0.0,38.118416607263086,38.118416607263086,579.0586520876705,21.947649933727355,21.94763127388233,50.09862461289824,32.144768695883165,11.808491706092953,14.955336190392588,0.23782237508910536,5.6756481509391605,PCM Storage + DSM
2024-02-19 19:00:00,120.98252118565559,84.9,-3.7,120.98252118565559,0.0,37.51228922829555,37.51228922829555,609.8986576977331,21.947788782377145,21.947770172023834,51.897398301363936,33.29891543341823,12.232471492873703,15.492302333660941,0.23873156615755667,6.068168927405557,PCM Storage + DSM
2024-02-19 20:00:00,136.05036553466024,87.1,-3.3,136.05036553466024,0.0,35.334271268791355,35.334271268791355,627.8532646496067,21.947927262757155,21.94790870176428,58.360992480586305,37.44614984235783,13.755972364337698,17.421800891664226,0.24199859309681296,7.0033190976703565,PCM Storage + DSM
2024-02-19 21:00:00,160.81358442093992,88.3,-2.9,160.81358442093992,0.0,31.75481197652614,31.75481197652614,679.4036185753722,21.948065375844152,21.948046864080805,68.98357350444324,44.261913999628675,16.259766847454515,20.592831466834237,0.2473677820352108,8.278028820533189,PCM Storage + DSM
2024-02-19 22:00:00,156.52365716792784,89.5,-3.3,156.52365716792784,0.0,32.37490987411585,32.37490987411585,654.5666349395107,21.948203122612306,21.94818465994791,67.1433402116373,43.08116554593798,15.826014828446382,20.043488889561555,0.24643763518882622,8.057200825396475,PCM Storage + DSM
2024-02-19 23:00:00,152.6360344641936,85.8,-2.8,152.6360344641936,0.0,32.936855688818184,32.936855688818184,689.7708848426538,21.948340504033208,21.948322090337534,65.47568192576382,42.01114635324792,15.432939585573068,19.545663040875276,0.24559471646677272,7.857081831091659,PCM Storage + DSM
2024-02-20 00:00:00,135.7586497288136,86.9,-2.05,185.24268974823715,49.48404001942356,33.57891834858641,35.37643803461988,829.9327518723524,30.22182699500707,29.27860566540875,71.56440607018858,45.91785299016392,11.38416603796622,49.48404001942356,0.2446316224771204,8.58772872842263,PCM Storage + DSM
2024-02-20 01:00:00,140.05278737841218,84.9,-1.65,177.63239571679927,37.57960833838709,34.45895701602457,34.75573153508489,841.276758602585,36.147198042605474,35.432414603058575,73.82803649882811,47.370265648272046,11.744254887483827,37.57960833838709,0.24331156447596314,8.859364379859374,PCM Storage + DSM
2024-02-20 02:00:00,140.90421580901864,85.3,-1.0,169.51327370749192,28.60905789847328,35.39783549881672,34.63265975586148,811.4936087507814,40.63749572897015,40.09582653708464,74.27686219110879,47.65824557136593,11.815652199130865,28.60905789847328,0.24190324675177494,8.913223462933056,PCM Storage + DSM
2024-02-20 03:00:00,138.84260969503057,86.1,-0.85,160.65370549511258,21.811095800082004,36.42233764965235,34.930659591649956,772.5567149715534,44.04028290129208,43.62980121243036,73.19009816249668,46.96094542397329,11.642774328340247,21.811095800082,0.24036649352552147,8.782811779499601,PCM Storage + DSM
2024-02-20 04:00:00,141.4185586534863,83.9,-0.9,158.07809884588798,16.659540192401703,36.720175477476744,34.55831282695476,800.4167325296378,46.61894501879149,46.30787837624487,74.54799511895025,47.83221252791702,11.858782889908621,16.659540192401693,0.2399197367837849,8.94575941427403,PCM Storage + DSM
2024-02-20 05:00:00,119.87443317097679,85.2,-0.3,132.63007910876001,12.755645937783237,39.66293186584855,37.67246048708886,695.789289396282,48.5730779044193,48.33734886039408,63.19113095200963,40.545310450711455,10.05218049569217,12.755645937783227,0.23550560220122718,6.5732936567344655,PCM Storage + DSM
2024-02-20 06:00:00,125.03860429592369,81.5,-0.45,134.83584475157994,9.797240455656244,39.407861687354895,36.92599289719566,765.2531880760318,50.053937032405784,49.87529948470179,65.91339461727063,42.29199584427598,10.485226799940945,9.79724045565625,0.23588820746896766,6.957345328577892,PCM Storage + DSM
2024-02-20 07:00:00,127.41709998046409,84.2,-0.1,0.0,-127.41709998046409,84.2,31.63612452535499,0.0,37.582570380383416,38.56392468144966,67.16720519467881,0.0,0.0,0.0,0.1687,0.0,PCM Storage + DSM
2024-02-20 08:00:00,145.9278933117802,86.5,-1.3,0.0,-145.9278933117802,86.5,16.48907053634867,0.0,23.47708753260516,24.62373692047926,76.92506543629027,0.0,0.0,0.0,0.16525,0.0,PCM Storage + DSM
2024-02-20 09:00:00,127.6251694187605,85.2,-0.45,127.6251694187605,0.0,36.55211159337546,36.55211159337546,626.7193639278685,23.880561625515092,23.88123489614463,67.2768878248669,43.16685366952068,10.702125589706506,0.0,0.24017183260993683,8.073226538984029,PCM Storage + DSM
2024-02-20 10:00:00,109.14943383412059,79.8,0.8,109.14943383412059,0.0,39.22273142368016,39.22273142368016,642.5981246937189,23.87557484237328,23.876243378991944,57.537508076572486,36.91777773840837,9.152825843508008,0.0,0.23616590286447975,6.137158405736407,PCM Storage + DSM
2024-02-20 11:00:00,95.52081175623088,80.5,1.6,95.52081175623088,0.0,41.19271352340234,41.19271352340234,580.5314021233464,23.87060023483503,23.87126699827915,50.353256859375584,32.30814832414187,8.009985244302644,0.0,0.2332109297148965,4.775690137235136,PCM Storage + DSM
2024-02-20 12:00:00,102.76253791677061,79.8,2.7,102.76253791677061,0.0,40.145940722320894,40.145940722320894,619.0816707622665,23.8656388214997,23.86630381647989,54.170691937267186,34.75752829292416,8.617246830785339,0.0,0.23478108891651867,5.477976318141567,PCM Storage + DSM
2024-02-20 13:00:00,98.88717719572584,79.0,3.5,98.88717719572584,0.0,40.70611409911518,40.70611409911518,616.8950946377075,23.860690567374903,23.861353798581675,52.127817403207615,33.446759187395685,8.2922749045507,0.0,0.23394082885132722,5.096188254180136,PCM Storage + DSM
2024-02-20 14:00:00,108.00250724999913,77.4,4.3,108.00250724999913,0.0,39.38851669731251,39.38851669731251,678.7655568507973,23.8557554375583,23.856416909669736,56.93291220026758,36.52985102887346,9.056649263282159,0.0,0.23591722495403122,6.016038195530312,PCM Storage + DSM
2024-02-20 15:00:00,100.7303787102595,81.5,2.95,100.7303787102595,0.0,40.439684083735784,40.439684083735784,586.0557836489579,23.850833397240137,23.8514931149219,53.09945067975218,34.0701880174899,8.446838257418436,0.0,0.23434047387439633,5.276062069420721,PCM Storage + DSM
2024-02-20 16:00:00,107.3123783646718,80.1,0.45,107.3123783646718,0.0,39.4882730441263,39.4882730441263,631.2467259537657,23.84592441170302,23.846582379608407,56.56911465301008,36.296427694419066,8.998777872885622,0.0,0.23576759043381054,5.943737339634158,PCM Storage + DSM
2024-02-20 17:00:00,87.86139242565648,81.9,0.45,87.86139242565648,0.0,42.29986279273141,42.29986279273141,530.0320935219469,23.8410284463216,23.84168466909156,46.315637184091344,29.717491364059494,7.3676976141012025,0.0,0.23155020581090288,4.085077328689282,PCM Storage + DSM
2024-02-20 18:00:00,106.02499970120746,80.0,0.05,106.02499970120746,0.0,39.6743603028451,39.6743603028451,628.0985494784879,23.836145466562385,23.836799948825558,55.89048025570063,35.860995666112125,8.890823554778535,0.0,0.23548845954573236,5.810029940467313,PCM Storage + DSM
2024-02-20 19:00:00,113.9588886619937,84.3,-0.15,113.9588886619937,0.0,38.527537157804716,38.527537157804716,594.7640368874995,23.831275437983457,23.83192818435621,60.072785047621274,38.54448690346159,9.55612708745803,0.0,0.23720869426329294,6.658153737716211,PCM Storage + DSM
2024-02-20 20:00:00,146.14298185847164,83.9,0.05,146.14298185847164,0.0,33.87540966241309,33.87540966241309,697.9032158818384,23.82641832623426,23.82706934132072,77.03844814985747,49.4301613188278,12.254953729163503,0.0,0.24418688550638037,9.244613777982897,PCM Storage + DSM
2024-02-20 21:00:00,149.10288943065126,82.6,4.55,149.10288943065126,0.0,33.447562672401844,33.447562672401844,724.6724942679031,23.82157409705535,23.82222338544742,78.59874672272056,50.43129532417708,12.50315949230299,0.0,0.24482865599139725,9.431849606726468,PCM Storage + DSM
2024-02-20 22:00:00,148.2556919357495,84.7,0.05,148.2556919357495,0.0,33.57002288080352,33.57002288080352,692.6862290195428,23.816742716278146,23.817390282555547,78.15215134431995,50.14474643685209,12.432116969648437,0.0,0.24464496567879473,9.378258161318394,PCM Storage + DSM
2024-02-20 23:00:00,131.64866052215575,84.0,-0.35,178.3391967540989,46.69053623194314,34.37722400538929,35.97052635263868,858.5518459765974,31.618248205248364,30.728862889289534,69.39784845403008,91.218261369779,11.039519124960634,0.0,0.24343416399191609,8.32774181448361,PCM Storage + DSM
2024-02-21 00:00:00,118.05587081969338,82.7,0.5,153.52140592970514,35.46553511001176,37.24710202529696,37.93532897509757,806.8784877751137,37.20541830500524,36.53143238432802,70.41160130937683,41.058435448364314,0.0,35.46553511001173,0.23912934696205457,8.344999061397527,PCM Storage + DSM
2024-02-21 01:00:00,109.13722996562319,81.3,0.8,136.14422454045754,27.006994574834362,39.25656335365709,39.22449546133194,773.5738678352345,41.43942437288187,40.92867190045908,65.09229122612466,37.956637653375694,0.0,27.006994574834327,0.23611515496951435,6.92976567321627,PCM Storage + DSM
2024-02-21 02:00:00,109.4543857358454,80.0,2.4,130.05142382579334,20.597038089947933,39.9611222313758,39.17865141439964,775.9504529012331,44.64799149729626,44.26093877099922,65.281451201743,38.06694067878502,0.0,20.597038089947905,0.2350583166529363,6.673936005509424,PCM Storage + DSM
2024-02-21 03:00:00,99.66292657436124,82.8,0.45,115.40244313112521,15.739516556763974,41.65510007199639,40.59398153127022,670.0385170805716,47.079471950285,46.786159982115095,59.441569509044825,34.661587000600726,0.0,15.739516556763958,0.23251734989200543,5.472749614078581,PCM Storage + DSM
2024-02-21 04:00:00,111.15951872354779,80.7,-0.85,123.21796263949417,12.058443915946391,40.75132955471162,38.93217884775117,736.8387713947416,48.92206927302147,48.6997948777607,66.29843700072064,38.65996576275887,0.0,12.058443915946368,0.23387300566793257,6.463568723174539,PCM Storage + DSM
2024-02-21 05:00:00,114.2729713920099,85.6,-1.7,123.54186600911999,9.268894617110096,40.71387403872147,38.48213731089227,657.5106760394035,50.318405768172966,50.149964271916254,68.1553813988708,39.74278777340525,0.0,9.268894617110075,0.2339291889419178,6.659922758405936,PCM Storage + DSM
2024-02-21 06:00:00,149.32791508243616,84.8,-1.25,156.48286464876074,7.154949566324573,36.904645061870234,33.41503579598976,780.5022652979536,51.376561874031346,51.248915423220346,89.06306436215807,51.93448254187344,0.0,7.154949566324569,0.23964303240719464,10.687567723458967,PCM Storage + DSM
2024-02-21 07:00:00,145.64694304255576,88.6,-1.9,0.0,-145.64694304255576,88.6,30.323672665328704,0.0,37.134971232388395,38.25799025182201,86.86763660491529,0.0,0.0,0.0,0.16210000000000002,0.0,PCM Storage + DSM
2024-02-21 08:00:00,135.14336931647546,84.6,-1.4,135.14336931647546,0.0,35.46537522810053,35.46537522810053,657.0643045399772,37.49209047281098,37.49761541199527,80.60303120757796,47.00126530623457,0.0,0.0,0.2418019371578492,9.672363744909353,PCM Storage + DSM
2024-02-21 09:00:00,116.92743803012932,81.8,-0.15,116.92743803012932,0.0,38.09844101852177,38.09844101852177,639.1757358102942,37.45100165762627,37.45650906797638,69.73857455406564,40.665979871810244,0.0,0.0,0.23785233847221735,7.909006681307331,PCM Storage + DSM
2024-02-21 10:00:00,112.21149111259169,83.4,0.05,112.21149111259169,0.0,38.780118957618875,38.780118957618875,600.7720248204249,37.41002079798789,37.41551360096624,66.92586077839077,39.02582931642311,0.0,0.0,0.23682982156357169,7.316287332247442,PCM Storage + DSM
2024-02-21 11:00:00,111.68280916770874,81.8,1.0,111.68280916770874,0.0,38.85653856643284,38.85653856643284,621.2838403037347,37.36914863232632,37.374626866683634,66.61054107371113,38.841959989502094,0.0,0.0,0.23671519215035075,7.2512746982395155,PCM Storage + DSM
2024-02-21 12:00:00,89.62486248837827,79.8,2.15,89.62486248837827,0.0,42.044957752654476,42.044957752654476,567.0930407704757,37.328384872354,37.33384857673079,53.4546062057145,31.1704670466397,0.0,0.0,0.23193256337101828,4.796495364730071,PCM Storage + DSM
2024-02-21 13:00:00,80.01937496257302,76.1,3.45,80.01937496257302,0.0,43.43340615021039,43.43340615021039,585.1835077069702,37.28772923054535,37.29317844347963,47.725642848338055,27.829792103580843,0.0,0.0,0.22984989077468443,3.884846476461111,PCM Storage + DSM
2024-02-21 14:00:00,71.01018771961301,77.2,4.05,71.01018771961301,0.0,44.73566088295185,44.73566088295185,522.5343805365628,37.24718142013739,37.25261618006496,42.352328536492706,24.696503345563436,0.0,0.0,0.22789650867557223,3.1165399174090935,PCM Storage + DSM
2024-02-21 15:00:00,78.86425920393886,76.2,4.25,78.86425920393886,0.0,43.60037514785454,43.60037514785454,577.9209016394152,37.206741155127666,37.212161500382415,47.036701674143096,27.428056506003447,0.0,0.0,0.2295994372782182,3.781644940294798,PCM Storage + DSM
2024-02-21 16:00:00,88.83076749726789,77.2,4.0,88.83076749726789,0.0,42.159742131370535,42.159742131370535,605.6153814312653,37.166408150272396,37.17181411908651,52.98098723591982,30.894290201676426,0.0,0.0,0.2317603868029442,4.717509076293698,PCM Storage + DSM
2024-02-21 17:00:00,93.7761121197705,80.1,3.1,93.7761121197705,0.0,41.44490534687324,41.44490534687324,579.5437922040636,37.12618212108432,37.13157375158859,55.93051978757874,32.61422256542185,0.0,0.0,0.23283264197969014,5.220027175766199,PCM Storage + DSM
2024-02-21 18:00:00,101.36263570253892,79.2,1.9,101.36263570253892,0.0,40.34829296949869,40.34829296949869,623.2590102354911,37.0860627838307,37.09144011405478,60.45532037669916,35.25272573038795,0.0,0.0,0.23447756054575197,6.040105700087344,PCM Storage + DSM
2024-02-21 19:00:00,105.16458853266408,81.3,0.95,105.16458853266408,0.0,39.79873051362242,39.79873051362242,605.3533099017076,37.046049855531344,37.051412923404015,62.72290423350447,36.57499995334324,0.0,0.0,0.23530190422956637,6.473481472132583,PCM Storage + DSM
2024-02-21 20:00:00,108.91836320396722,82.6,0.95,108.91836320396722,0.0,39.25613208609285,39.25613208609285,600.3081202763009,37.00614305395665,37.01149189730611,64.96175337947125,37.88051838253511,0.0,0.0,0.23611580187086073,6.916036628526896,PCM Storage + DSM
2024-02-21 21:00:00,129.14910775779776,80.1,1.8,129.14910775779776,0.0,36.3318302449144,36.3318302449144,704.9102083292627,36.96634209762553,36.97167675417963,77.02789723005338,44.91653203919128,0.0,0.0,0.2405022546326284,9.243347667606406,PCM Storage + DSM
2024-02-21 22:00:00,120.56228163082409,84.0,2.6,120.56228163082409,0.0,37.5730337698847,37.5730337698847,620.3573451793795,36.926646705803485,36.931967213190035,71.90649010673603,41.93013548141955,0.0,0.0,0.23864044934517295,8.381549730178083,PCM Storage + DSM
2024-02-21 23:00:00,105.78567967286845,78.9,3.35,132.87520804460328,27.089528371734826,39.63458566251411,39.70895339444588,808.4153457594708,41.41643184858911,40.90479441013064,63.093339193131754,63.880536477070606,0.0,0.0,0.23554812150622884,6.573851862145623,PCM Storage + DSM
2024-02-22 00:00:00,69.55537085327923,74.9,4.4,90.1872171198564,20.631846266577167,44.57093667521316,44.94595090117028,710.3735201943623,44.630567959030934,44.242843503838564,55.92623804744216,17.505722486007418,0.0,20.63184626657717,0.22814359498718026,4.17066452525257,PCM Storage + DSM
2024-02-22 01:00:00,55.03186888570508,74.4,5.3,70.79776332674616,15.765894441041086,46.81309302396309,47.045285576230185,613.0802178625285,47.06626823938583,46.7724472291349,44.24856573606303,13.85044192534962,0.0,15.765894441041084,0.22478036046405536,2.704536137857969,PCM Storage + DSM
2024-02-22 02:00:00,58.986118745106666,74.4,5.15,71.06455205430046,12.078433309193802,46.78224212709702,46.4737089783665,614.7030685109653,48.91206338450074,48.68940323266335,47.42799409972521,14.845649050692039,0.0,12.078433309193798,0.22482663680935447,2.9076465606507798,PCM Storage + DSM
2024-02-22 03:00:00,72.49030431309953,75.8,4.25,81.77434706863511,9.284042755535587,45.54378357424528,44.52171385455778,645.6590504815823,50.31082321764196,50.14208939165074,58.286081511918134,18.244387667893797,0.0,9.28404275553558,0.22668432463863208,4.006427786458289,PCM Storage + DSM
2024-02-22 04:00:00,71.39678457121649,77.7,4.6,78.56321353038301,7.16642895916653,45.91511241755876,44.67977930716853,590.4720371729506,51.37081575039266,51.24294776953172,57.406833157062366,17.96917019871007,0.0,7.166428959166524,0.22612733137366187,3.81808975205998,PCM Storage + DSM
2024-02-22 05:00:00,73.1074232182553,74.3,5.0,78.66910577405947,5.5616825558041665,45.90286725743326,44.43251091169173,661.8056919336557,52.1740874364004,52.077187953244575,58.7822781157163,18.39970439127543,0.0,5.561682555804168,0.22614569911385013,3.913888458963479,PCM Storage + DSM
2024-02-22 06:00:00,76.83617050769413,75.2,5.35,81.1817620918962,4.345591584202074,45.61230887578014,43.893530127530205,655.462987889217,52.78281380154495,52.70938251896236,61.7803903530559,19.338156943085686,0.0,4.345591584202069,0.2265815366863298,4.2212160172459985,PCM Storage + DSM
2024-02-22 07:00:00,83.0667442111309,77.9,5.25,0.0,-83.0667442111309,77.9,40.775730602458445,0.0,44.63775457212549,45.28001903101615,66.79010482709079,0.0,0.0,0.0,0.17814999999999998,0.0,PCM Storage + DSM
2024-02-22 08:00:00,94.04518841387376,76.0,4.5,0.0,-94.04518841387376,76.0,31.04376563608344,0.0,35.52826413696768,36.26904758330844,75.61736110278947,0.0,0.0,0.0,0.181,0.0,PCM Storage + DSM
2024-02-22 09:00:00,73.27802182675572,78.3,4.35,73.27802182675572,0.0,44.407851323725865,44.407851323725865,516.506046486702,35.75398199440488,35.75888641145245,58.9194485207118,18.44264071467175,0.0,0.0,0.2283882230144112,4.4515347341812985,PCM Storage + DSM
2024-02-22 10:00:00,75.03685334481402,75.1,3.7,75.03685334481402,0.0,44.153616773292235,44.153616773292235,579.2492636069471,35.71750283327705,35.72239234909806,60.33364312506182,18.885304107549338,0.0,0.0,0.22876957484006166,4.650414606287798,PCM Storage + DSM
2024-02-22 11:00:00,60.06989322269787,76.5,4.3,60.06989322269787,0.0,46.31705217852361,46.31705217852361,475.44029095738904,35.68111975141186,35.68599629871202,48.29940674090518,15.118413828010956,0.0,0.0,0.2255244217322146,3.09588025212813,PCM Storage + DSM
2024-02-22 12:00:00,72.64751136488837,74.7,5.0,72.64751136488837,0.0,44.4989899815056,44.4989899815056,574.6455529742244,35.644833168788416,35.64969678196916,58.41248438912549,18.28395359914681,0.0,0.0,0.2282515150277416,4.381290315321632,PCM Storage + DSM
2024-02-22 13:00:00,62.7866181307607,75.9,5.65,62.7866181307607,0.0,45.924356614132265,45.924356614132265,500.3793215364272,35.60864282946247,35.61349354282911,50.48379885978601,15.802160197672208,0.0,0.0,0.22611346507880162,3.354843317609196,PCM Storage + DSM
2024-02-22 14:00:00,85.15943226944282,72.9,6.1,85.15943226944282,0.0,42.69042415040079,42.69042415040079,673.4244895565337,35.57254847816687,35.57738632593374,68.47273794474133,21.432958664248535,0.0,0.0,0.23096436377439883,5.878895023500036,PCM Storage + DSM
2024-02-22 15:00:00,67.62604933888561,77.9,6.4,67.62604933888561,0.0,45.224829339962,45.224829339962,494.4210225505008,35.53654986031158,35.54137487660221,54.37496036808605,17.02015010528499,0.0,0.0,0.227162755990057,3.8416466278020955,PCM Storage + DSM
2024-02-22 16:00:00,86.70703506200618,72.0,6.0,86.70703506200618,0.0,42.46672216634064,42.46672216634064,701.3639844631571,35.50064672198172,35.5054589408292,69.71709335709845,21.82245993025907,0.0,0.0,0.23129991675048905,6.079307325083275,PCM Storage + DSM
2024-02-22 17:00:00,78.76884812467839,76.9,5.95,78.76884812467839,0.0,43.614166572782466,43.614166572782466,565.3219327927435,35.46483880993585,35.46963826528298,63.334366518382154,19.824573988998818,0.0,0.0,0.2295787501408263,5.086699682600441,PCM Storage + DSM
2024-02-22 18:00:00,96.95599967707211,77.3,5.35,96.95599967707211,0.0,40.985260818526065,40.985260818526065,637.8117786672058,35.42912587160432,35.43391259730386,77.95780903110546,24.401923286132977,0.0,0.0,0.2335221087722109,7.490843872753843,PCM Storage + DSM
2024-02-22 19:00:00,89.77337983387307,76.2,5.4,89.77337983387307,0.0,42.023489954189536,42.023489954189536,627.5099833652263,35.393507655087326,35.398281684902265,72.18259854445053,22.594198761699584,0.0,0.0,0.2319647650687157,6.4862604734020035,PCM Storage + DSM
2024-02-22 20:00:00,98.78120758417346,76.3,5.0,98.78120758417346,0.0,40.72143173259857,40.72143173259857,663.2643265876767,35.35798390915315,35.36274527675692,79.4253738021128,24.861292314132005,0.0,0.0,0.23391785240110216,7.757588217609424,PCM Storage + DSM
2024-02-22 21:00:00,118.01773227728876,79.3,5.1,118.01773227728876,0.0,37.9408418028374,37.9408418028374,681.6734049308194,35.322554383236465,35.32730312221319,94.89256844135963,29.70274824689164,0.0,0.0,0.2380887372957439,10.851434841953715,PCM Storage + DSM
2024-02-22 22:00:00,114.6136639684044,80.3,5.15,114.6136639684044,0.0,38.432891079455985,38.432891079455985,653.9795980107731,35.287218827436426,35.291954971281136,92.15551546849858,28.846011025772608,0.0,0.0,0.23735066338081603,10.266368959994951,PCM Storage + DSM
2024-02-22 23:00:00,98.14058498607898,75.2,5.5,127.68127079998823,29.540685813909253,40.23520182696535,40.81403207353627,872.3624164287776,40.191143285447275,39.63226748415541,78.91027897219409,54.240745986181736,0.0,0.0,0.23464719725955197,7.937489404480164,PCM Storage + DSM
2024-02-23 00:00:00,69.77138919047286,75.3,5.9,92.2582271525178,22.486837962044937,44.33144935686968,44.91472600880397,711.6803919876787,43.70203352021406,43.278511317960145,58.63885347580803,19.23473798894395,0.0,22.48683796204493,0.22850282596469548,4.457215709480233,PCM Storage + DSM
2024-02-23 01:00:00,59.23258209913104,73.7,6.15,76.4042055949067,17.17162349577567,46.16477563144722,46.43808333749902,662.8716127474446,46.36261665587036,46.04166779730996,49.78159017620636,16.32937526835096,0.0,17.17162349577565,0.22575283655282918,3.2363681938952333,PCM Storage + DSM
2024-02-23 02:00:00,61.53499821497244,72.2,6.5,74.67870539447966,13.143707179507219,46.36430890713607,46.105275038288944,690.5219262252702,48.37883001125636,48.1356121368162,51.71663895226827,16.964110669832387,0.0,13.143707179507212,0.2254535366392959,3.300253177544996,PCM Storage + DSM
2024-02-23 03:00:00,69.46802764621756,75.6,6.05,79.55934433192519,10.091316685707621,45.79992191117859,44.958576136022366,637.7853940488676,49.90673426651503,49.72242161710252,58.38389548586149,19.151106576593214,0.0,10.09131668570761,0.22630011713323211,3.9234251314274173,PCM Storage + DSM
2024-02-23 04:00:00,68.45924117923191,75.7,5.7,76.23742943945368,7.778188260221768,46.18406128125248,45.10439361273029,617.0387242275194,51.06459358085861,50.92491983026913,57.53606828172682,18.87300198953547,0.0,7.778188260221768,0.2257239080781213,3.73383953191698,PCM Storage + DSM
2024-02-23 05:00:00,70.77763549685541,73.1,5.25,76.80291464415095,6.025279147295538,46.11866974132748,44.769275705746466,680.0097188953603,51.94202957673205,51.83618357719854,59.48454582055206,19.512142298649934,0.0,6.025279147295535,0.2258219953880088,3.8836259301633893,PCM Storage + DSM
2024-02-23 06:00:00,72.31791300965453,77.0,5.0,77.01482217786672,4.6969091682121915,46.094165192249484,44.546632571944876,595.2982612125501,52.606958309711054,52.52674727814669,60.77906078482401,19.936769566828204,0.0,4.696909168212187,0.22585875221162577,3.9770783801371086,PCM Storage + DSM
2024-02-23 07:00:00,81.7220258575811,76.5,5.15,0.0,-81.7220258575811,76.5,40.79425067335724,0.0,44.59222062921356,45.22396205759359,68.68267861095192,0.0,0.0,0.0,0.18025,0.0,PCM Storage + DSM
2024-02-23 08:00:00,71.68179949050928,75.2,4.95,71.68179949050928,0.0,44.638581137173674,44.638581137173674,560.3200485986582,44.7539904512545,44.76210257391856,60.24444383257573,19.76140432021427,0.0,0.0,0.22804212829423948,4.468240826234897,PCM Storage + DSM
2024-02-23 09:00:00,72.66733842352181,74.9,5.15,72.66733842352181,0.0,44.49612403142093,44.49612403142093,570.9670910719726,44.693640366926324,44.70172936934204,61.07273281690223,20.033099973322862,0.0,0.0,0.2282558139528686,4.581875257228283,PCM Storage + DSM
2024-02-23 10:00:00,90.49660403507748,76.6,5.25,90.49660403507748,0.0,41.918949764996825,41.918949764996825,623.362708146656,44.633449777914315,44.64151732577685,76.05720863009178,24.948313165328358,0.0,0.0,0.23212157535250477,6.882135504507186,PCM Storage + DSM
2024-02-23 11:00:00,98.55608957420748,78.3,5.5,98.55608957420748,0.0,40.75397195914704,40.75397195914704,627.0760866742556,44.57341883305431,44.58146498327198,82.83074427418313,27.170170784468553,0.0,0.0,0.23386904206127945,8.074023564738601,PCM Storage + DSM
2024-02-23 12:00:00,101.18090333035374,76.0,5.65,101.18090333035374,0.0,40.374561914231236,40.374561914231236,678.4832255184899,44.5135471089219,44.52157191824787,85.03674978781513,27.89378551329989,0.0,0.0,0.23443815712865315,8.482639311673982,PCM Storage + DSM
2024-02-23 13:00:00,78.97310164170433,77.0,5.45,78.97310164170433,0.0,43.58464225476655,43.58464225476655,564.5908767287542,44.453834183214155,44.46183770825113,66.37236536964829,21.771487365767424,0.0,0.0,0.22962303661785016,5.3424541549870534,PCM Storage + DSM
2024-02-23 14:00:00,70.94640075488576,73.4,6.0,70.94640075488576,0.0,44.744881123852956,44.744881123852956,591.4648351963948,44.3942796347483,44.40226193194882,59.62638334668232,19.558667895424115,0.0,0.0,0.22788267831422057,4.384370496409838,PCM Storage + DSM
2024-02-23 15:00:00,67.44292290866275,74.0,6.1,67.44292290866275,0.0,45.2512997921811,45.2512997921811,560.4268651367528,44.334883043458674,44.34284416912557,56.681911028386224,18.592821017440908,0.0,0.0,0.22712305031172836,3.995632679272641,PCM Storage + DSM
2024-02-23 16:00:00,63.010257320397834,75.4,6.35,63.010257320397834,0.0,45.89203014724048,45.89203014724048,510.1204076827372,44.27564399039374,44.2835840006805,52.95650967185117,17.370813513045025,0.0,0.0,0.22616195477913928,3.5294358776537433,PCM Storage + DSM
2024-02-23 17:00:00,70.2945455627416,72.6,5.95,70.2945455627416,0.0,44.83910510723116,44.83910510723116,604.9074619409222,44.21656205771315,44.224481008624316,59.07853642055568,19.3789629479793,0.0,0.0,0.22774134233915325,4.31068723097396,PCM Storage + DSM
2024-02-23 18:00:00,73.04451732841041,76.2,5.25,73.04451732841041,0.0,44.44160379549563,44.44160379549563,549.4520994509123,44.15763682868481,44.1655347760764,61.38973006741632,20.137081526430304,0.0,0.0,0.22833759430675654,4.625739318445133,PCM Storage + DSM
2024-02-23 19:00:00,87.17943096680628,77.5,4.7,87.17943096680628,0.0,42.39843855915573,42.39843855915573,593.3191558298238,44.098867887681884,44.106744887261776,73.26931479909419,24.033827219549167,0.0,0.0,0.2314023421612664,6.419078410605205,PCM Storage + DSM
2024-02-23 20:00:00,91.66609266094785,76.5,4.75,1.4210854715202004e-14,-91.66609266094784,76.5,30.84877109422061,0.0,35.14103616646951,35.85013984828565,77.04009678768348,0.0,0.0,0.0,0.18025,0.0,PCM Storage + DSM
2024-02-23 21:00:00,89.0783994816223,78.5,3.75,89.0783994816223,0.0,42.123947568009044,42.123947568009044,585.0023545364973,35.356569495275046,35.36133217582443,74.8652889912015,24.557339252999228,0.0,0.0,0.23181407864798642,6.682199786215612,PCM Storage + DSM
2024-02-23 22:00:00,89.59081321409575,77.4,4.2,89.59081321409575,0.0,42.04987948725551,42.04987948725551,605.4431305564955,35.321144366717185,35.32589260310726,75.29594336294511,24.698602656242592,0.0,0.0,0.23192518076911672,6.754100564380877,PCM Storage + DSM
2024-02-23 23:00:00,80.09664630399,78.6,2.45,109.58660903383502,29.489962729845015,42.327631102713156,43.42223677750763,721.7426086670745,40.21649882308926,39.658600549967495,67.31664025925149,51.571191487444906,0.0,0.0,0.23150855334593026,5.926167472858133,PCM Storage + DSM
2024-02-24 00:00:00,80.2520505524943,77.8,2.35,102.70050220034773,22.448451647853428,43.12392625984441,43.39977349501109,707.5276643470776,43.72124816941875,43.29846674868392,58.06268284661574,20.788305570071653,0.0,22.448451647853418,0.23031411061023338,4.834092412385443,PCM Storage + DSM
2024-02-24 01:00:00,92.275821372761,78.0,3.6,109.41835538134649,17.142534008585486,42.34708760722086,41.66176849702123,733.1552465558922,46.37717768643033,46.05679019863568,66.76192961914373,23.90291535506047,0.0,17.142534008585482,0.2314793685891687,5.869540235293201,PCM Storage + DSM
2024-02-24 02:00:00,103.43227316820041,79.4,4.35,116.55393607786768,13.12166290966727,41.521943808358024,40.049132222581946,735.089190411215,48.38986448858195,48.14707202585701,74.833667572661,26.79285682577296,0.0,13.12166290966726,0.23271708428746296,6.9496782702978175,PCM Storage + DSM
2024-02-24 03:00:00,98.04029779846347,77.1,5.65,108.11490914214832,10.074611343684847,42.497815435433886,40.82852832732516,746.419274307916,49.9150962907102,49.73110602204582,70.93255160547442,25.396131996429553,0.0,10.074611343684845,0.23125327684684918,6.172061730109203,PCM Storage + DSM
2024-02-24 04:00:00,84.56035501931598,75.7,4.95,92.32588382408181,7.76552880476584,44.32362567925085,42.777019218659035,702.9452365083532,51.07093039651168,50.93150094889517,61.17975853678887,21.904318795012365,0.0,7.765528804765831,0.22851456148112373,4.653225120392302,PCM Storage + DSM
2024-02-24 05:00:00,75.50567998529647,77.0,3.95,81.52136568564417,6.0156857003477,45.57303781833287,44.08584909404008,619.6833388810668,51.94683167149808,51.84117080691124,54.62866456274083,19.558816715638446,0.0,6.015685700347697,0.22664044327250069,3.745438103960512,PCM Storage + DSM
2024-02-24 06:00:00,77.04072885612663,76.7,4.1,81.73036802566781,4.689639169541183,45.54886921984692,43.86396174692227,626.7731943654805,52.61059737945908,52.53052664478942,55.739278623409184,19.95645222491353,0.0,4.6896391695411745,0.22667669617022962,3.8296666146482963,PCM Storage + DSM
2024-02-24 07:00:00,83.77011715177969,76.9,3.95,0.0,-83.77011715177969,76.9,40.501843439589834,0.0,44.39649960975541,45.044021335170584,60.60801824653757,0.0,0.0,0.0,0.17964999999999998,0.0,PCM Storage + DSM
2024-02-24 08:00:00,98.7484807666484,78.7,3.5,0.0,-98.7484807666484,78.7,30.12266191924845,0.0,34.830223619830974,35.60731691811468,71.44492484448841,0.0,0.0,0.0,0.17695,0.0,PCM Storage + DSM
2024-02-24 09:00:00,123.53495370710796,80.4,3.25,123.53495370710796,0.0,37.14334170379361,37.14334170379361,682.2407670285344,35.07078775162186,35.07544874277368,89.37803817081695,32.00020869956697,0.0,0.0,0.2392849874443096,10.648494978859222,PCM Storage + DSM
2024-02-24 10:00:00,113.5199987346566,82.4,3.35,113.5199987346566,0.0,38.59097756253978,38.59097756253978,619.0269989467848,35.03612066753133,35.04076730905418,82.13217778114112,29.405957925854416,0.0,0.0,0.23711353365619034,9.071838621662993,PCM Storage + DSM
2024-02-24 11:00:00,107.01925835115217,76.6,3.65,107.01925835115217,0.0,39.530642784544945,39.530642784544945,689.6800404507815,35.0015448229907,35.00617914017061,77.42886584634256,27.7220211716702,0.0,0.0,0.23570403582318258,8.115795097543836,PCM Storage + DSM
2024-02-24 12:00:00,88.48000223618627,78.0,4.5,88.48000223618627,0.0,42.21044434334662,42.21044434334662,590.5947668868567,34.967060684336545,34.971682709866634,64.01563913618729,22.91965514480296,0.0,0.0,0.23168433348498008,5.6805771474052795,PCM Storage + DSM
2024-02-24 13:00:00,89.04076044899534,77.3,4.9,89.04076044899534,0.0,42.12938819290143,42.12938819290143,604.7971184446187,34.93266800833815,34.93727777481967,64.42134996899237,23.064912655340677,0.0,0.0,0.23180591771064785,5.747909324868762,PCM Storage + DSM
2024-02-24 14:00:00,70.12800345060607,75.3,5.25,70.12800345060607,0.0,44.863178339131046,44.863178339131046,550.4184094934443,34.89836655240815,34.90296409235594,50.73789386048727,18.165795823455472,0.0,0.0,0.22770523249130342,3.69478061539699,PCM Storage + DSM
2024-02-24 15:00:00,64.76773324867186,72.5,6.45,64.76773324867186,0.0,45.637991543806805,45.637991543806805,575.9980223788428,34.864156074602526,34.86874142044514,46.85971671031603,16.777283827452713,0.0,0.0,0.22654301268428978,3.1945229851045696,PCM Storage + DSM
2024-02-24 16:00:00,83.89703154874329,75.0,6.25,83.89703154874329,0.0,42.872900912045615,42.872900912045615,623.8437925880436,34.83003633361908,34.834609517699064,60.69984132555967,21.73249301731406,0.0,0.0,0.2306906486319316,5.145076038175739,PCM Storage + DSM
2024-02-24 17:00:00,97.65775802544219,78.3,6.15,97.65775802544219,0.0,40.88382346288448,40.88382346288448,623.5167428412319,34.796007088795484,34.80056814336964,70.65578253397734,25.297039778355064,0.0,0.0,0.23367426480567327,6.8322063881137325,PCM Storage + DSM
2024-02-24 18:00:00,92.34956176027863,76.3,5.3,92.34956176027863,0.0,41.65110951457927,41.65110951457927,636.7167611232827,34.762068100107825,34.76661705734735,66.81528108747315,23.922016894498004,0.0,0.0,0.2325233357281311,6.15324259298537,PCM Storage + DSM
2024-02-24 19:00:00,78.34805070956041,75.5,4.55,78.34805070956041,0.0,43.67499175163431,43.67499175163431,588.112549657058,34.728219128168746,34.732756020159535,56.685131266822,20.295097854283913,0.0,0.0,0.22948751237254855,4.531979050140571,PCM Storage + DSM
2024-02-24 20:00:00,71.50981528596925,77.7,3.7,71.50981528596925,0.0,44.663441009466155,44.663441009466155,517.0965334289915,34.69445993422587,34.698984792968716,51.73764030681529,18.523737165466184,0.0,0.0,0.22800483848580078,3.82958671005629,PCM Storage + DSM
2024-02-24 21:00:00,82.68398897005989,76.9,3.05,82.68398897005989,0.0,43.048243081822555,43.048243081822555,583.5001643781169,34.66079028016001,34.66530313757083,59.822200118379996,21.41826927322813,0.0,0.0,0.23042763537726618,5.007748766173222,PCM Storage + DSM
2024-02-24 22:00:00,92.76328801678899,79.2,2.8,92.76328801678899,0.0,41.591306453429546,41.591306453429546,589.2351725232857,34.627209928483616,34.63171081639368,67.1146137057888,24.029187587128135,0.0,0.0,0.2326130403198557,6.2048910905337396,PCM Storage + DSM
2024-02-24 23:00:00,98.744828973684,80.7,2.55,129.2723137471064,30.527484773422422,40.051216910057455,40.7266901667284,759.7290787485132,39.697860618896414,39.11996736630133,71.44228275752299,56.106116896058026,0.0,0.0,0.23492317463491383,7.265158523445596,PCM Storage + DSM
2024-02-25 00:00:00,72.59901537967384,78.8,2.2,95.83264497717134,23.233629597497494,43.91811106977055,44.50599995083596,656.3179103373307,43.32821958140648,42.890285746939384,52.0020206814009,22.129906155967376,0.0,23.233629597497494,0.22912283339534417,4.081707952209487,PCM Storage + DSM
2024-02-25 01:00:00,71.75009253511146,74.7,1.95,89.48764131365436,17.737548778542894,44.65183417506253,44.628709554072096,711.4524346949726,46.07933715757059,45.747467037068795,51.393944895676036,21.87113428715382,0.0,17.737548778542898,0.2280222487374062,3.8077257238170374,PCM Storage + DSM
2024-02-25 02:00:00,71.65358675778356,81.4,1.5,85.22615710565972,13.572570347876159,45.14462339821476,44.64265921477654,561.5665896663023,48.16415831010752,47.912664207088426,51.32481867678402,21.84171703149813,0.0,13.57257034787616,0.22728306490267786,3.650850326589691,PCM Storage + DSM
2024-02-25 03:00:00,93.28835756608572,78.2,2.9,103.70467054155803,10.416312975472314,43.00780630899471,41.515409007061734,703.967732285332,49.74405415888024,49.55346971048897,66.82161010194277,28.43650960808776,0.0,10.416312975472303,0.23048829053650793,5.609885467747315,PCM Storage + DSM
2024-02-25 04:00:00,85.89829585675308,79.0,1.95,93.92276917046301,8.024473313709928,44.1389651593714,42.58362332836471,643.6227546032992,50.94131316113656,50.79688658599,61.52817547564974,26.183843077294455,0.0,8.024473313709933,0.2287915522609429,4.747896050835847,PCM Storage + DSM
2024-02-25 05:00:00,99.0396475743564,80.4,0.9,105.25156370638676,6.211916132030369,42.82892678163066,40.68407489992663,669.2305097604241,51.84860658785031,51.739158855967496,70.94120732224559,30.18963955748397,0.0,6.2119161320303675,0.230756609827554,6.031878258978367,PCM Storage + DSM
2024-02-25 06:00:00,105.3685040081774,82.6,0.8,110.20684832877721,4.838344320599818,42.25590791299685,39.76925505863351,652.5734676599675,52.536161545137475,52.45322108904662,75.47451016994951,32.11882548683284,0.0,4.838344320599816,0.23161613813050475,6.67681876900315,PCM Storage + DSM
2024-02-25 07:00:00,120.48849077814012,81.4,0.65,0.0,-120.48849077814012,81.4,35.11986159207351,0.0,40.74745625177993,41.677758073445446,86.3048204792853,0.0,0.0,0.0,0.1729,0.0,PCM Storage + DSM
2024-02-25 08:00:00,126.05007220384257,83.6,0.7,0.0,-126.05007220384257,83.6,22.52724407691066,0.0,28.565389508987277,29.558249735730673,90.28853115095438,0.0,0.0,0.0,0.1696,0.0,PCM Storage + DSM
2024-02-25 09:00:00,126.44682289672627,83.9,0.5,126.44682289672627,0.0,36.72243853783181,36.72243853783181,640.2848244654886,28.900058482103475,28.902520518772015,90.57272009799175,38.54399828690005,0.0,0.0,0.23991634219325228,10.86872641175901,PCM Storage + DSM
2024-02-25 10:00:00,110.29526110693755,81.2,0.95,110.29526110693755,0.0,39.057105052655835,39.057105052655835,625.2205780060201,28.881758290214833,28.884211248781853,79.00350189527937,33.62061819956616,0.0,0.0,0.23641434242101625,8.50530920987582,PCM Storage + DSM
2024-02-25 11:00:00,95.92425351494617,79.2,2.1,95.92425351494617,0.0,41.13439705982977,41.13439705982977,601.9999996397669,28.863505727902837,28.865952180454613,68.70967862366874,29.239993369955798,0.0,0.0,0.23329840441025534,6.5407228751389805,PCM Storage + DSM
2024-02-25 12:00:00,88.31349635613047,78.7,3.35,88.31349635613047,0.0,42.23451233799302,42.23451233799302,578.5565691299266,28.845301577057917,28.847741540857,63.25816183512752,26.920053618436746,0.0,0.0,0.23164823149301048,5.604225648586898,PCM Storage + DSM
2024-02-25 13:00:00,69.97446989296516,76.7,4.45,69.97446989296516,0.0,44.88537121809787,44.88537121809787,525.4283875094708,28.827145709280153,28.82957920153673,50.1220823934594,21.32988228485586,0.0,0.0,0.2276719431728532,3.6432625318360383,PCM Storage + DSM
2024-02-25 14:00:00,78.44823251615776,72.8,5.3,78.44823251615776,0.0,43.660510730399245,43.660510730399245,643.1347906202534,28.80903799650785,28.811465034386465,56.19176222143014,23.912886622566184,0.0,0.0,0.22950923390440114,4.497416455156347,PCM Storage + DSM
2024-02-25 15:00:00,82.77232834741082,77.7,6.35,82.77232834741082,0.0,43.03547385312964,43.03547385312964,570.4277962043915,28.790978311018947,28.79339891163861,59.289073110141416,25.230973850810216,0.0,0.0,0.23044678922030554,4.967662870021669,PCM Storage + DSM
2024-02-25 16:00:00,95.05695533217971,76.4,5.8,95.05695533217971,0.0,41.259762770714325,41.259762770714325,646.2193925092581,28.77296652543018,28.775380705864514,68.08844074872933,28.975620261126608,0.0,0.0,0.2331103558439285,6.4303692597429665,PCM Storage + DSM
2024-02-25 17:00:00,68.92869707790351,75.7,4.8,68.92869707790351,0.0,45.036534975833135,45.036534975833135,537.0065909198979,28.75500251269609,28.757410289973418,49.373004747261625,21.011105864311517,0.0,0.0,0.2274451975362503,3.5440332925913345,PCM Storage + DSM
2024-02-25 18:00:00,69.7819127900955,75.1,3.35,69.7819127900955,0.0,44.913204849675566,44.913204849675566,552.238445770943,28.737086146108233,28.739487537211716,49.984155475395696,21.27118630125491,0.0,0.0,0.22763019272548665,3.624889487958451,PCM Storage + DSM
2024-02-25 19:00:00,76.01903994309514,79.7,2.2,76.01903994309514,0.0,44.011644238861194,44.011644238861194,508.85801209581325,28.719217299294225,28.721612321161984,54.45175346562441,23.172410964659402,0.0,0.0,0.2289825336417082,4.2434324749761165,PCM Storage + DSM
2024-02-25 20:00:00,97.71748369262738,79.5,1.8,97.71748369262738,0.0,40.875190272047114,40.875190272047114,604.3752874180666,28.70139584621685,28.703784515742075,69.99415324496503,29.78661256775892,0.0,0.0,0.23368721459192934,6.771854418865424,PCM Storage + DSM
2024-02-25 21:00:00,84.45623411837647,81.4,1.1,84.45623411837647,0.0,42.79206962580111,42.79206962580111,522.5838295182917,28.683621661173184,28.68600399520426,60.49523964379668,25.74426836991736,0.0,0.0,0.23081189556129833,5.157072916977238,PCM Storage + DSM
2024-02-25 22:00:00,89.63845470308159,78.3,0.7,89.63845470308159,0.0,42.04299303314666,42.04299303314666,590.6132515899153,28.6658946187937,28.668270634134338,64.20721756267169,27.32393242760863,0.0,0.0,0.23193551045028002,5.762086802442891,PCM Storage + DSM
2024-02-25 23:00:00,89.79220430169947,81.9,0.2,129.23262911921165,39.44042481751218,40.05580595837885,42.02076892601494,737.7984667708382,35.24244567406774,34.49278348959146,64.3173470150516,66.81122377865626,0.0,0.0,0.23491629106243173,6.538833648391903,PCM Storage + DSM
2024-02-26 00:00:00,108.41672454678606,82.4,-0.1,138.39550624243745,29.97878169565138,38.99622979218707,39.32864265755985,761.7199129327798,39.95186698991167,39.38376478364471,64.00064825221602,41.06472084513875,0.09690174907717151,29.978781695651392,0.23650565531171938,6.9135177857037675,PCM Storage + DSM
2024-02-26 01:00:00,110.58923378359306,82.5,0.1,133.43831826665985,22.849084483066786,39.56946876067138,39.01461206198451,742.5318265986363,43.52070739846436,43.09019453827265,65.28312565660924,41.887596519679775,0.09884351540347353,22.84908448306679,0.23564579685899295,6.82751736695126,PCM Storage + DSM
2024-02-26 02:00:00,109.2221687352032,82.4,0.15,126.66830590227816,17.446137167074966,40.35233899342171,39.21221778170382,719.659223655214,46.22520612227148,45.898959681500045,64.47611871496214,41.36979684602288,0.09762164677716137,17.446137167074966,0.23447149150986743,6.4402594043195265,PCM Storage + DSM
2024-02-26 03:00:00,118.55542691855703,80.4,1.95,131.90716297823445,13.351736059677433,39.74652839254635,37.863119432053225,775.1245953228735,48.27469909751043,48.02746666856829,69.98573521128205,44.904930779253235,0.10596361658243364,13.351736059677421,0.2353802074111805,7.244981372367744,PCM Storage + DSM
2024-02-26 04:00:00,110.56411665637889,82.6,2.2,120.81307946142189,10.248962805043014,41.0294252733044,39.01824267781093,694.2704830468863,49.827822942080374,49.64046802787472,65.26829849381991,41.87808297071587,0.09882106597448533,10.248962805043007,0.2334558620900434,6.25423343027895,PCM Storage + DSM
2024-02-26 05:00:00,100.98232358411994,79.0,2.3,108.87997746335174,7.897653879231799,42.40934451655616,40.403266103342375,710.8510492755947,51.004793883535044,50.862814677865295,59.611966681484745,38.24881212386974,0.09025695825144914,7.897653879231797,0.23138598322516576,5.218666011240461,PCM Storage + DSM
2024-02-26 06:00:00,73.30463631908981,78.1,2.45,79.42044756565703,6.1158112465672225,45.81598364605942,44.40400426764112,587.6862740904107,51.896712838917686,51.78911974519992,43.27325201832769,27.765406487619988,0.06551892712567961,6.115811246567219,0.22627602453091086,2.903812549567014,PCM Storage + DSM
2024-02-26 07:00:00,73.96931856314112,77.2,2.05,0.0,-73.96931856314112,77.2,41.20463900597749,0.0,44.63432044781997,45.20567721420416,43.665627776577644,0.0,0.0,0.0,0.1792,0.0,PCM Storage + DSM
2024-02-26 08:00:00,71.76325879318959,79.3,2.05,71.76325879318959,0.0,44.62680640549361,44.62680640549361,494.43486058658107,44.77450941913579,44.782628699848644,42.36334479440635,27.18158293011389,0.06414125980661649,0.0,0.22805979039175958,3.145019198712085,PCM Storage + DSM
2024-02-26 09:00:00,96.25048930911409,78.3,1.65,0.0,-96.25048930911409,78.3,30.86174993803821,0.0,35.369351500330815,36.11386092376561,56.818666456926294,0.0,0.0,0.0,0.17755,0.0,PCM Storage + DSM
2024-02-26 10:00:00,99.58185918914528,82.5,1.55,99.58185918914528,0.0,40.60569961229366,40.60569961229366,567.8401071311678,35.596835383876645,35.60168379678136,58.78524341063139,37.71836186655383,0.0890052376339831,0.0,0.2340914505815595,5.782457633029953,PCM Storage + DSM
2024-02-26 11:00:00,117.02408536708785,79.9,2.15,117.02408536708785,0.0,38.08447089573856,38.08447089573856,668.5569918250848,35.56077302788038,35.565606678368496,69.08175243187897,44.324908521686254,0.10459491931370295,0.0,0.23787329365639215,7.840307392191538,PCM Storage + DSM
2024-02-26 12:00:00,117.86550138985046,80.9,2.75,117.86550138985046,0.0,37.96284638419304,37.96284638419304,655.7740593064746,35.52480564218161,35.529626472321105,69.57845781688044,44.643609480729374,0.10534696826784812,0.0,0.23805573042371045,7.947454738865384,PCM Storage + DSM
2024-02-26 13:00:00,108.98207437888856,81.5,2.95,108.98207437888856,0.0,39.246922800412314,39.246922800412314,616.1656773735399,35.48893365316913,35.493741696968435,64.3343860209514,41.27885693098884,0.09740705292028455,0.0,0.23612961579938152,6.8527999297081506,PCM Storage + DSM
2024-02-26 14:00:00,97.37356847716326,77.4,3.05,97.37356847716326,0.0,40.92490232763237,40.92490232763237,637.7425566664424,35.45315680782302,35.457952099195495,57.48164345696183,36.88193333570183,0.08703149019458703,0.0,0.23361264650855146,5.54413819763324,PCM Storage + DSM
2024-02-26 15:00:00,97.20802643482789,78.4,2.95,97.20802643482789,0.0,40.948831002027205,40.948831002027205,620.065436449432,35.417474853792676,35.42225742656172,57.38392054505179,36.81923140677847,0.08688353042624719,0.0,0.2335767534969592,5.526474038609217,PCM Storage + DSM
2024-02-26 16:00:00,108.93548243363944,81.8,2.55,108.93548243363944,0.0,39.25365754568645,39.25365754568645,611.6569371395854,35.38188753939687,35.38665742729618,64.30688182626427,41.2612094210379,0.09736540952064836,0.0,0.23611951368147033,6.847271682347748,PCM Storage + DSM
2024-02-26 17:00:00,119.32457249348367,80.6,2.0,119.32457249348367,0.0,37.751941426967576,37.751941426967576,665.2724118354129,35.34639461362186,35.35115185029564,70.43977784724441,45.19625804869131,0.10665107095644209,0.0,0.23837208785954864,8.134973819250913,PCM Storage + DSM
2024-02-26 18:00:00,119.92354191409841,81.4,1.8,119.92354191409841,0.0,37.66536194518664,37.66536194518664,655.0578962762703,35.31099582611967,35.31574044512291,70.79336195857823,45.42312813866258,0.1071864236406699,0.0,0.23850195708222005,8.21258418091502,PCM Storage + DSM
2024-02-26 19:00:00,129.79226698601062,83.0,1.3,129.79226698601062,0.0,36.238863240648726,36.238863240648726,663.0778699926216,35.275690927206355,35.28042296200504,76.61907570030556,49.161079472920164,0.11600698822263482,0.0,0.2406417051390269,9.194289084036667,PCM Storage + DSM
2024-02-26 20:00:00,132.48136428261316,83.8,0.55,132.48136428261316,0.0,35.85016117609352,35.85016117609352,660.0372042992426,35.24047966786016,35.24519915183152,78.20650578468866,50.17962186360775,0.11841047562339124,0.0,0.2412247582358597,9.38478069416264,PCM Storage + DSM
2024-02-26 21:00:00,139.32272506574853,83.1,0.4,139.32272506574853,0.0,34.861260155616705,34.861260155616705,689.9645576696457,35.20536179971985,35.210068766152574,82.24510339846367,52.77090629813333,0.12452521325935166,0.0,0.24270810976657495,9.86941240781564,PCM Storage + DSM
2024-02-26 22:00:00,133.9502804431315,85.5,-0.1,133.9502804431315,0.0,35.637833141338746,35.637833141338746,641.760902672194,35.17033707508292,35.175031557177405,79.07363755697128,50.7359994181664,0.1197233777221862,0.0,0.2415432502879919,9.488836506836552,PCM Storage + DSM
2024-02-26 23:00:00,137.317537102175,83.6,-0.55,167.03297630469996,29.715439202524934,35.68465196243644,35.1511048935691,832.7762839166429,40.103787277727456,39.54154365361208,81.06139922299889,81.72684566970143,0.12273299695959694,0.0,0.24147302205634535,9.727367906759866,PCM Storage + DSM
2024-02-27 00:00:00,123.8657802757282,84.5,-0.5,146.484868447025,22.619088171296816,38.060792671684034,37.09552157828351,753.5442204498713,43.63583437003394,43.20975999487747,70.56553522053981,45.276947722462154,3.2835352967134677,22.61908817129681,0.23790881099247396,8.018731810652316,PCM Storage + DSM
2024-02-27 01:00:00,134.64586488711922,82.9,-0.15,151.91770875697765,17.27184386985842,37.432550250691584,35.53728820761988,798.1942266488226,46.31245035626496,45.989567438579535,76.70687981653857,49.21741720731239,3.5693025864707035,17.27184386985843,0.23885117462396263,9.005748097418152,PCM Storage + DSM
2024-02-27 02:00:00,127.57918803780325,86.2,-1.05,140.79884310031383,13.219655062510592,38.7183128868647,36.558758083159134,708.3921183004228,48.34081354715901,48.0961300256636,72.6810396450841,46.634318327494405,3.3819733433694616,13.219655062510583,0.23692253066970295,7.972392155092857,PCM Storage + DSM
2024-02-27 03:00:00,119.41835570884595,84.1,-1.75,129.56722636983534,10.148870660989386,40.01711382409981,37.738385305559106,702.1435605923688,49.87792505487625,49.69250172520441,68.0318661618505,43.651270241836954,3.1656393329346,10.148870660989388,0.23497432926385028,6.932264636164697,PCM Storage + DSM
2024-02-27 04:00:00,120.07229360673732,82.6,-1.9,127.89409677681233,7.821803170075009,40.21059107102519,37.643860272447654,720.7653732895982,51.04276170630231,50.90224627242076,68.40441035979586,43.89030568770953,3.18297445297183,7.821803170075015,0.2346841133934622,6.890817708456081,PCM Storage + DSM
2024-02-27 05:00:00,120.90578600599555,87.4,-2.4,126.96411691647849,6.058330910482934,40.31813201933175,37.52338110020199,644.2109272014225,51.925485189727695,51.81900135517535,68.87924559778479,44.194974109482516,3.205069350419815,6.058330910482937,0.2345228019710024,6.894206890021623,PCM Storage + DSM
2024-02-27 06:00:00,129.37990886522564,85.3,-3.0,134.1018649509592,4.72195608573355,39.49273759398827,36.29846854131513,699.3607516961713,52.59442082738704,52.51372643882238,73.70689867319483,47.29254001377824,3.429708322176414,4.721956085733552,0.2357608936090176,7.742436097229639,PCM Storage + DSM
2024-02-27 07:00:00,136.9733505233516,85.3,-3.15,0.0,-136.9733505233516,85.3,32.795277001413666,0.0,39.20118390442813,40.25852666419526,78.03283335490288,0.0,0.0,0.0,0.16705,0.0,PCM Storage + DSM
2024-02-27 08:00:00,153.4017486733888,89.5,-3.2,0.0,-153.4017486733888,89.5,17.02735758320917,0.0,24.375229645735818,25.581249183091288,87.39198570265314,0.0,0.0,0.0,0.16075,0.0,PCM Storage + DSM
2024-02-27 09:00:00,156.2207484276697,88.4,-2.75,156.2207484276697,0.0,32.41869454968669,32.41869454968669,666.6478278363625,24.79731103751702,24.798311229912798,88.99795166035827,57.10373473592467,4.141227225141563,0.0,0.24637195817546997,10.679754199242993,PCM Storage + DSM
2024-02-27 10:00:00,111.47960437052622,84.8,-1.8,111.47960437052622,0.0,38.88591129470569,38.88591129470569,580.0296919476591,24.78989280408905,24.790887243475478,63.509210785003994,40.74939993894456,2.955192426830444,0.0,0.23667113305794146,6.902468866576777,PCM Storage + DSM
2024-02-27 11:00:00,97.7890898098333,78.4,-0.55,97.7890898098333,0.0,40.86483979286294,40.86483979286294,622.3760987758466,24.782493141082902,24.78348494289894,55.70981303956232,35.74507420282708,2.5922730822775115,0.0,0.2337027403107056,5.393320551017949,PCM Storage + DSM
2024-02-27 12:00:00,96.27252128402426,82.7,0.85,96.27252128402426,0.0,41.08405585386831,41.08405585386831,552.6413410285049,24.775113104280525,24.776102275529823,54.845833742906564,35.190719370461466,2.5520706448222783,0.0,0.23337391621919754,5.237539359000754,PCM Storage + DSM
2024-02-27 13:00:00,117.94349951316573,81.4,2.0,117.94349951316573,0.0,37.951571957045175,37.951571957045175,648.4861681508099,24.76775264162998,24.76873918928962,67.19165011033222,43.112162614844934,3.126542640003651,0.0,0.23807264206443224,7.679371873284365,PCM Storage + DSM
2024-02-27 14:00:00,112.55453918471478,79.9,2.95,112.55453918471478,0.0,38.73053224536254,38.73053224536254,653.1133150586769,24.760411701214526,24.761395632243087,64.12159420778272,41.14232337008697,2.9836876770617624,0.0,0.2369042016319562,7.028804386530207,PCM Storage + DSM
2024-02-27 15:00:00,103.63292371529158,80.1,2.75,103.63292371529158,0.0,40.02012870455862,40.02012870455862,617.6923297548033,24.753090231255136,24.754071552592734,59.03900748180979,37.88118444770021,2.747186205611408,0.0,0.23496980694316208,6.014848490710385,PCM Storage + DSM
2024-02-27 16:00:00,97.87317514998544,79.1,2.65,97.87317514998544,0.0,40.85268547425302,40.85268547425302,611.3128240043536,24.74578818011008,24.74676689867843,55.75771591490714,35.7758101134379,2.5945020851684726,0.0,0.23372097178862047,5.402024256691521,PCM Storage + DSM
2024-02-27 17:00:00,86.6431394075329,79.5,2.05,86.6431394075329,0.0,42.47595811806364,42.47595811806364,559.0506123068059,24.738505496274655,24.739481618977113,49.360037064881446,31.670868941626306,2.2968071232377936,0.0,0.23128606282290454,4.301443473745616,PCM Storage + DSM
2024-02-27 18:00:00,84.84058253120853,78.6,1.8,84.84058253120853,0.0,42.73651305603137,42.73651305603137,565.1346095228485,24.731242128380735,24.73221566210233,48.33313205156665,31.01197612010265,2.2490234729465723,0.0,0.23089523041595295,4.136393987871797,PCM Storage + DSM
2024-02-27 19:00:00,92.69627857562186,79.6,1.6,92.69627857562186,0.0,41.60099249497191,41.60099249497191,582.7614586656408,24.72399802519642,24.724968976803947,52.80847136376351,33.88348702759218,2.457268681467154,0.0,0.23259851125754213,4.879188281157931,PCM Storage + DSM
2024-02-27 20:00:00,105.16864444722151,81.6,1.45,105.16864444722151,0.0,39.798144241655194,39.798144241655194,601.0235506679355,24.716773135625722,24.71774151196775,59.91389766662664,38.442540030663565,2.787896345393046,0.0,0.23530278363751722,6.183781353489257,PCM Storage + DSM
2024-02-27 21:00:00,116.61272063014084,81.1,1.8,116.61272063014084,0.0,38.14393260533848,38.14393260533848,648.5182299564483,24.70956740870816,24.710533216615087,66.43351397352507,42.625719904172556,3.0912652661817113,0.0,0.23778410109199227,7.5160489004938595,PCM Storage + DSM
2024-02-27 22:00:00,99.52408555907788,81.4,2.15,99.52408555907788,0.0,40.61405064121048,40.61405064121048,582.9326707475904,24.702380793618428,24.703344039902543,56.6982289150226,36.37927124790583,2.638265767017485,0.0,0.23407892403818428,5.574325846407695,PCM Storage + DSM
2024-02-27 23:00:00,82.53065021115815,77.4,2.3,127.89704257987265,45.3663923687145,40.210250424449775,43.07040780313507,821.5576126854052,32.280163390153504,31.41629678922234,47.0171785240893,75.53401353731614,2.1877898998885343,0.0,0.23468462436332535,4.736439919010385,PCM Storage + DSM
2024-02-28 00:00:00,72.93630705189194,77.8,1.7,107.39975399423595,34.46344694234401,42.58051449814822,44.45724531130912,728.4857404820025,37.70702344786588,37.05237588802725,50.99248165709465,19.022133483319195,0.0,34.46344694234401,0.23112922825277768,4.411712099747515,PCM Storage + DSM
2024-02-28 01:00:00,77.92482169924115,79.7,1.95,104.17242502928559,26.247603330044445,42.95371614712088,43.73616841128832,677.2361384315517,41.81954517219557,41.32344748009963,54.48013755760688,20.3231616727209,0.0,26.24760333004444,0.2305694257793187,4.59146085886828,PCM Storage + DSM
2024-02-28 02:00:00,94.24655681018689,79.0,1.65,114.26812152018661,20.02156470999973,41.7862706778643,41.3769037826848,733.538089040267,44.93605039008768,44.56010318551603,65.89126888435081,24.579947305408535,0.0,20.021564709999723,0.23232059398320354,6.014711576991453,PCM Storage + DSM
2024-02-28 03:00:00,86.72258553717693,81.2,1.55,102.02600329335411,15.30341775617719,43.201923918916066,42.46447438534316,641.43114312642,47.29776551871383,47.01286941281156,60.63098107111533,22.617660048692507,0.0,15.303417756177183,0.2301971141216259,5.0195453381400545,PCM Storage + DSM
2024-02-28 04:00:00,105.34141910186712,78.3,1.75,117.06938350216616,11.727964400299038,41.46233853390473,39.77317011184278,759.1927548564468,49.087494063610734,48.871597282969,73.64809925819985,27.473539811281253,0.0,11.727964400299044,0.2328064921991429,6.865915403371748,PCM Storage + DSM
2024-02-28 05:00:00,94.22642576115024,82.6,1.8,103.24488008785922,9.018454326708975,43.06097552643918,41.37981367379662,623.7970982881737,50.44376613283448,50.2801576491599,65.87719452015233,24.57469703270605,0.0,9.018454326708977,0.23040853671034123,5.509582959995582,PCM Storage + DSM
2024-02-28 06:00:00,118.78552436688189,78.2,2.5,125.75068807330732,6.965163706425425,40.45845042198006,37.82985944055878,795.960321532219,51.47156106352459,51.34757711225522,83.04737266307032,30.979825984132823,0.0,6.965163706425429,0.23431232436702992,8.242393393382851,PCM Storage + DSM
2024-02-28 07:00:00,112.48458384992969,83.1,1.95,0.0,-112.48458384992969,83.1,35.21220517173863,0.0,40.458484462506654,41.32613536378411,78.64215108385692,0.0,0.0,0.0,0.17035,0.0,PCM Storage + DSM
2024-02-28 08:00:00,109.4772969705212,81.1,2.05,109.4772969705212,0.0,39.175339654638755,39.175339654638755,623.8142469735301,40.71559649419004,40.722269769602704,76.53964511345241,28.55219630032271,0.0,0.0,0.23623699051804187,8.185759062610666,PCM Storage + DSM
2024-02-28 09:00:00,110.8195118267705,77.2,2.9,110.8195118267705,0.0,38.981325965970846,38.981325965970846,692.6939479312902,40.66595770370967,40.672611064500096,77.47803737930263,28.902252276432154,0.0,0.0,0.23652801105104374,8.376309002003884,PCM Storage + DSM
2024-02-28 10:00:00,104.26791166737078,82.3,3.15,104.26791166737078,0.0,39.92834283714033,39.92834283714033,587.8628308736027,40.61644978120471,40.62308549520827,72.89757033269004,27.19356400033436,0.0,0.0,0.23510748574428952,7.466893972350808,PCM Storage + DSM
2024-02-28 11:00:00,109.45761394769944,78.3,3.8,109.45761394769944,0.0,39.178184784719086,39.178184784719086,668.3866321481801,40.56707316909874,40.57369128312594,76.52588398102381,28.547062874973875,0.0,0.0,0.23623272282292138,8.182980980974992,PCM Storage + DSM
2024-02-28 12:00:00,83.35910027679252,76.3,5.15,83.35910027679252,0.0,42.95065748718339,42.95065748718339,597.1267379713757,40.51782751911776,40.52442807984918,58.279443580712446,21.740447201232485,0.0,0.0,0.23057401376922493,4.912727185930801,PCM Storage + DSM
2024-02-28 13:00:00,77.81249189833183,74.3,6.35,77.81249189833183,0.0,43.752405393706056,43.752405393706056,608.517512179615,40.46871248390947,40.47529553790192,54.40160362102659,20.293865529916033,0.0,0.0,0.22937139190944092,4.324142344221918,PCM Storage + DSM
2024-02-28 14:00:00,84.44510928367633,74.3,7.0,84.44510928367633,0.0,42.79367769190614,42.79367769190614,640.2912494363776,40.41972771704294,40.42629331072973,59.03871281987975,22.023683481324554,0.0,0.0,0.23080948346214078,5.032337897845228,PCM Storage + DSM
2024-02-28 15:00:00,82.21548958787866,79.0,3.65,82.21548958787866,0.0,43.115963456733034,43.115963456733034,547.3348897676858,40.370872873006,40.37742105269729,57.4799028658829,21.442188130314722,0.0,0.0,0.23032605481490045,4.788318431360122,PCM Storage + DSM
2024-02-28 16:00:00,80.91694381888644,75.7,4.3,80.91694381888644,0.0,43.30366489169576,43.30366489169576,596.6839618890137,40.32214760720293,40.32867841908605,56.57204128112891,21.103521258486463,0.0,0.0,0.23004450266245635,4.648977810882976,PCM Storage + DSM
2024-02-28 17:00:00,76.42018537104207,75.9,4.95,76.42018537104207,0.0,43.953659703966586,43.953659703966586,571.4625164809149,40.27355157595195,40.28006506609172,53.42819040717462,19.93074540932973,0.0,0.0,0.22906951044405013,4.182254120719609,PCM Storage + DSM
2024-02-28 18:00:00,89.9939193685681,77.7,4.05,89.9939193685681,0.0,41.991611534408925,41.991611534408925,602.065430671368,40.225084436482895,40.23158065082198,62.91809207431933,23.470839368080696,0.0,0.0,0.23201258269838662,5.665795004191269,PCM Storage + DSM
2024-02-28 19:00:00,100.08654386250292,78.8,3.85,100.08654386250292,0.0,40.53274874706044,40.53274874706044,624.8117682341107,40.17674584693465,40.183224831293835,69.97422077319573,26.10304352100079,0.0,0.0,0.23420087687940935,6.9136984482052615,PCM Storage + DSM
2024-02-28 20:00:00,100.98587509071545,79.1,3.65,100.98587509071545,0.0,40.402752742242455,40.402752742242455,623.4208698388227,40.12853546635289,40.134997266431434,70.60297664269228,26.337593354413727,0.0,0.0,0.23439587088663633,7.030890362834666,PCM Storage + DSM
2024-02-28 21:00:00,92.16400805155902,78.1,3.85,92.16400805155902,0.0,41.67793082363205,41.67793082363205,604.5016829754476,40.08045295468757,40.086897616063524,64.43528168583823,24.036808749682706,0.0,0.0,0.23248310376455192,5.923691060335009,PCM Storage + DSM
2024-02-28 22:00:00,85.491006966743,77.4,3.45,85.491006966743,0.0,42.64249588482346,42.64249588482346,587.5876046708246,40.03249797279056,40.0389255409211,59.76993874253347,22.296458538650032,0.0,0.0,0.2310362561727648,5.148882848758643,PCM Storage + DSM
2024-02-28 23:00:00,72.35590788357788,79.0,2.15,94.8017855355597,22.445877651981824,44.03731752428655,44.54114051111272,647.7576445734499,43.7377075121757,43.315561859841196,50.5867030381828,41.31664028997672,0.0,0.0,0.22894402371357017,3.934436213863035,PCM Storage + DSM
2024-02-29 00:00:00,82.83604372495897,74.9,4.45,99.95365897006684,17.11761524510787,43.441565531868854,43.02626395997026,759.03598661181,46.3896510521604,46.069744449484425,72.31266042860307,17.209334561192648,0.0,17.11761524510787,0.22983765170219672,5.882678805824609,PCM Storage + DSM
2024-02-29 01:00:00,79.25096701158208,79.7,3.2,92.3537462138872,13.102779202305134,44.320403730099514,43.54447753366243,623.5947066400662,48.39931691509569,48.156888871351136,69.18302719979157,16.464528534568586,0.0,13.102779202305129,0.22851939440485072,5.2632771217374055,PCM Storage + DSM
2024-02-29 02:00:00,87.41722982607172,77.1,3.55,97.47753092984227,10.060301103770557,43.72789985902148,42.36406534861324,697.7852067032237,49.92225942285306,49.73854531410468,76.31185860361425,18.1610840745193,0.0,10.060301103770556,0.2294081502114678,6.0769117759881714,PCM Storage + DSM
2024-02-29 03:00:00,80.42251205130312,76.4,4.65,88.17719643010558,7.754684378802466,44.8033713120385,43.37513372589679,666.6782947553746,51.07635868119836,50.93713851000077,70.20574068083913,16.70791908819048,0.0,7.754684378802466,0.22779494303194225,5.137640105085049,PCM Storage + DSM
2024-02-29 04:00:00,82.58198346754614,76.8,4.85,88.58945116629646,6.007467698750318,44.755699026686095,43.0629877135892,660.4378956953941,51.95094527348837,51.845443000416715,72.09087565597804,17.156553093465423,0.0,6.007467698750318,0.22786645145997086,5.2962142737692615,PCM Storage + DSM
2024-02-29 05:00:00,83.72446585439833,76.4,4.9,88.40787734988066,4.683411495482333,44.77669584741077,42.8978448371866,667.8585562318805,52.61371470331205,52.53376415069071,73.0882185657917,17.3939058295629,0.0,4.683411495482332,0.22783495622888383,5.360277153003544,PCM Storage + DSM
2024-02-29 06:00:00,74.43708567860946,76.4,4.85,78.11711571063177,3.680030032022304,45.96669824712319,44.24031163941021,613.1940095444019,53.1159672200796,53.055379986474534,64.98069509263958,15.464436175352686,0.0,3.6800300320223016,0.2260499526293152,4.3017097024126425,PCM Storage + DSM
2024-02-29 07:00:00,76.49416351234163,75.2,4.6,1.4210854715202004e-14,-76.49416351234161,75.2,42.058933574909496,0.0,45.61181767970684,46.203763506210535,66.77644443286381,0.0,0.0,0.0,0.1822,0.0,PCM Storage + DSM
2024-02-29 08:00:00,71.78538036499096,76.7,5.0,71.78538036499096,0.0,44.623608789460434,44.623608789460434,534.6274830250563,45.75660860160202,45.76507799747549,62.66585897447474,14.913539707490552,0.0,0.0,0.22806458681580935,4.6534631172756065,PCM Storage + DSM
2024-02-29 09:00:00,75.54648025741565,74.7,5.75,75.54648025741565,0.0,44.07995152014895,44.07995152014895,589.3986505890849,45.693599225433296,45.70204465676394,65.94915362652263,15.694914860820093,0.0,0.0,0.22888007271977656,5.112397572358901,PCM Storage + DSM
2024-02-29 10:00:00,79.41497570340759,74.6,6.05,79.41497570340759,0.0,43.52077050112102,43.52077050112102,610.4258827519633,45.63075643467173,45.63917946608919,69.32620044064184,16.498601630308652,0.0,0.0,0.22971884424831848,5.606782596148179,PCM Storage + DSM
2024-02-29 11:00:00,82.98081784382555,75.9,6.7,82.98081784382555,0.0,43.00533723524048,43.00533723524048,602.6331923734923,45.568080322525795,45.576481013445466,72.43904263163549,17.239411640388383,0.0,0.0,0.23049199414713928,6.082559835790659,PCM Storage + DSM
2024-02-29 12:00:00,74.91450263433045,73.9,7.35,74.91450263433045,0.0,44.17130225229103,44.17130225229103,601.9920985844117,45.50557044691336,45.513948856589195,65.3974616190147,15.563620392110648,0.0,0.0,0.22874304662156347,5.033785611466428,PCM Storage + DSM
2024-02-29 13:00:00,60.86303307910571,71.4,7.85,60.86303307910571,0.0,46.20240586206037,46.20240586206037,577.0258786970537,45.44322636692346,45.45158255445224,53.13107248720657,12.644402745077917,0.0,0.0,0.22569639120690946,3.4421265409818447,PCM Storage + DSM
2024-02-29 14:00:00,69.05083941172016,71.9,8.0,69.05083941172016,0.0,45.01887961714302,45.01887961714302,613.6523089104405,45.381047642814565,45.389381667136334,60.2787105486211,14.345433989014039,0.0,0.0,0.22747168057428546,4.333238925638521,PCM Storage + DSM
2024-02-29 15:00:00,70.80642503585554,75.0,7.95,70.80642503585554,0.0,44.76511425228731,44.76511425228731,559.4549385508393,45.319033836011506,45.32734575590999,61.811268857573594,14.710160006795384,0.0,0.0,0.22785232862156904,4.537522874361386,PCM Storage + DSM
2024-02-29 16:00:00,72.85381815768628,71.5,8.1,72.85381815768628,0.0,44.46916886778331,44.46916886778331,643.8633338886466,45.257184509102274,45.26547438320526,63.59856381910488,15.135509548220353,0.0,0.0,0.22829624669832504,4.781657180812257,PCM Storage + DSM
2024-02-29 17:00:00,65.6140640653633,72.5,7.8,65.6140640653633,0.0,45.51565661150062,45.51565661150062,580.8792453131156,45.19549922583505,45.20376711261484,57.27853867397593,13.631437833626748,0.0,0.0,0.22672651508274907,3.9468384415402893,PCM Storage + DSM
2024-02-29 18:00:00,72.2344995193528,73.9,7.55,72.2344995193528,0.0,44.558689776395234,44.558689776395234,588.1199896594677,45.133977551115144,45.14222350888897,63.05792261538428,15.006845005977713,0.0,0.0,0.22816196533540714,4.707139063884352,PCM Storage + DSM
2024-02-29 19:00:00,70.26045102369197,73.8,7.1,70.26045102369197,0.0,44.844033384737294,44.844033384737294,579.6604132323014,45.07261905100179,45.08084313793218,61.334654674072574,14.596732940333391,0.0,0.0,0.22773394992289406,4.473492087460158,PCM Storage + DSM
2024-02-29 20:00:00,58.74025025124002,72.8,7.05,58.74025025124002,0.0,46.50924863373553,46.50924863373553,533.7446936108353,45.01142329270522,45.01962556680045,51.27796522987784,12.203390858914068,0.0,0.0,0.22523612704939672,3.2276663027676173,PCM Storage + DSM
2024-02-29 21:00:00,56.68727532815006,71.9,7.25,56.68727532815006,0.0,46.80600085318602,46.80600085318602,539.655341739188,44.95038984458355,44.958570363698044,49.48579757186218,11.776881688407306,0.0,0.0,0.22479099872022096,3.026749069361834,PCM Storage + DSM
2024-02-29 22:00:00,65.91371542574186,73.3,7.15,65.91371542574186,0.0,45.47234278177304,45.47234278177304,565.8481802910237,44.88951827613971,44.897677097974444,57.54012271512075,13.693690933612949,0.0,0.0,0.22679148582734043,3.979816865727762,PCM Storage + DSM
2024-02-29 23:00:00,85.47466637673017,74.8,6.9,100.65866833387824,15.184001957148068,43.36003970665146,42.644857874879406,764.8388991059669,47.36778572858932,47.08558992730117,74.61607588927241,32.941515040070264,0.0,0.0,0.2299599404400228,6.106561874250939,PCM Storage + DSM
2024-03-01 00:00:00,75.19692056836409,76.5,6.45,86.81887940411227,11.621958835748169,44.960444284590636,44.13047946980376,657.5963298375804,49.14055621926335,48.92670514155821,53.149715667790424,23.219295738194702,0.0,11.621958835748165,0.22755933357311406,3.8393937782431733,PCM Storage + DSM
2024-03-01 01:00:00,87.27436739538886,72.2,6.1,96.21248973785438,8.938122342465523,43.87418660697793,42.38471574375661,811.4277190726712,50.4839771021742,50.321918870218184,61.686140563882255,26.948568260519085,0.0,8.938122342465519,0.22918872008953312,4.858084619863486,PCM Storage + DSM
2024-03-01 02:00:00,72.61133154553718,78.3,5.75,79.51561896611166,6.90428742057447,45.80497822207866,44.50421968089016,584.5698167635818,51.50203329058235,51.37922413373204,51.322203046817144,22.42091788276288,0.0,6.904287420574477,0.226292532666882,3.447319084800113,PCM Storage + DSM
2024-03-01 03:00:00,91.60982631551578,73.3,6.8,96.97285570238577,5.36302938687,43.78625945890359,41.75803636135691,784.9223692542164,52.27352524514461,52.180459383421656,64.75047361306132,28.28727072421508,0.0,5.3630293868699965,0.22932061081164462,5.133575749416611,PCM Storage + DSM
2024-03-01 04:00:00,67.47919578755109,75.3,6.85,71.67424624904696,4.195050461495872,46.711738350965234,45.24605664128096,598.9301310851657,52.85816864963581,52.78764251917151,47.694773170117934,20.836217644607427,0.0,4.1950504614958675,0.22493239247355215,2.94417783399322,PCM Storage + DSM
2024-03-01 05:00:00,56.05757461970395,72.4,6.9,59.36752035487485,3.309945735170899,48.134862689091165,46.89702246320144,584.4763363236673,53.301216575662494,53.247771252251916,39.62189049157265,17.309450887386785,0.0,3.309945735170899,0.22279770596636325,2.1075209983535084,PCM Storage + DSM
2024-03-01 06:00:00,36.62214817886273,71.0,6.8,39.261353749512416,2.6392055706496866,50.45989822563921,49.70636312655726,456.62896366927566,53.636962199830364,53.59646086258619,25.8847935279564,11.30818233919471,0.0,2.639205570649686,0.2193101526615412,1.0157351044869025,PCM Storage + DSM
2024-03-01 07:00:00,40.13370237036969,71.4,6.9,0.0,-40.13370237036969,71.4,47.83573924322108,0.0,49.67405314421632,49.98639334773412,28.366784883718818,0.0,0.0,0.0,0.18789999999999998,0.0,PCM Storage + DSM
2024-03-01 08:00:00,57.9256786271205,73.1,6.9,0.0,-57.9256786271205,73.1,41.30104600104983,0.0,44.03049884669095,44.48677847973417,40.94227962561681,0.0,0.0,0.0,0.18535000000000001,0.0,PCM Storage + DSM
2024-03-01 09:00:00,68.5701952910457,74.3,7.1,68.5701952910457,0.0,45.088355482615995,45.088355482615995,560.7640392705218,44.13146143522809,44.139351209320495,48.465899340792994,21.173096334989896,0.0,0.0,0.227367466776076,3.4638513849770516,PCM Storage + DSM
2024-03-01 10:00:00,66.93694923324487,73.1,7.35,66.93694923324487,0.0,45.324436979330855,45.324436979330855,575.7100617606116,44.0727623306756,44.08063002510028,47.311509467756444,20.668782821315606,0.0,0.0,0.22701334453100372,3.314331062362651,PCM Storage + DSM
2024-03-01 11:00:00,69.54739349298832,71.7,8.0,69.54739349298832,0.0,44.94710400798374,44.94710400798374,621.0275016496821,44.014218503227376,44.02206533007763,49.15658994609654,21.474835473697173,0.0,0.0,0.2275793439880244,3.554875595654963,PCM Storage + DSM
2024-03-01 12:00:00,66.79895531282162,73.7,8.3,66.79895531282162,0.0,45.34438364389831,45.34438364389831,562.7705397426064,43.955829952207935,43.96365596683405,47.21397438814222,20.626173075807912,0.0,0.0,0.22698342453415254,3.30184783268998,PCM Storage + DSM
2024-03-01 13:00:00,71.79344708980756,71.4,8.55,71.79344708980756,0.0,44.62244276523573,44.62244276523573,640.4933511818565,43.897596265777054,43.905401523379496,50.744116524888156,22.168371622707006,0.0,0.0,0.22806633585214642,3.768529239686102,PCM Storage + DSM
2024-03-01 14:00:00,93.26690322133413,72.9,7.8,93.26690322133413,0.0,41.518510177149246,41.518510177149246,709.9941580044906,43.839517033185636,43.84730158881852,65.92170729814072,28.79894272416286,0.0,0.0,0.23272223473427614,6.12339744384667,PCM Storage + DSM
2024-03-01 15:00:00,97.95143580454346,79.8,6.3,97.95143580454346,0.0,40.8413730988925,40.8413730988925,600.6312727924762,43.78159184477413,43.789355753345475,69.23276808297324,30.245432109933102,0.0,0.0,0.23373794035166126,6.71223881270201,PCM Storage + DSM
2024-03-01 16:00:00,91.33076160087099,74.4,6.3,91.33076160087099,0.0,41.79837444464752,41.79837444464752,669.2349296207695,43.72382029196948,43.731563608241736,64.55322869765553,28.201101156492673,0.0,0.0,0.23230243833302872,5.88788406630476,PCM Storage + DSM
2024-03-01 17:00:00,67.52142247136126,72.4,6.95,67.52142247136126,0.0,45.2399528832663,45.2399528832663,593.8979688279999,43.66620196728224,43.67392474587259,47.72461928909649,20.84925639475864,0.0,0.0,0.22714007067510056,3.3674626288077167,PCM Storage + DSM
2024-03-01 18:00:00,74.04150232475268,74.6,6.8,74.04150232475268,0.0,44.29749219086965,44.29749219086965,583.7103933949664,43.608736464303895,43.61643875968464,52.333057875673866,22.86252583728728,0.0,0.0,0.22855376171369554,3.988566458048508,PCM Storage + DSM
2024-03-01 19:00:00,84.73476721693469,75.8,6.25,84.73476721693469,0.0,42.751808386241905,42.751808386241905,612.5121623313044,43.551423377703685,43.559105244202684,59.89113318360004,26.164390834706946,0.0,0.0,0.23087228742063715,5.120042049390235,PCM Storage + DSM
2024-03-01 20:00:00,83.58402042332985,75.4,6.0,83.58402042332985,0.0,42.91814586128217,42.91814586128217,614.7283201201029,43.49426230322603,43.501923795027004,59.077777205410555,25.809063383548914,0.0,0.0,0.23062278120807675,4.9915478486775635,PCM Storage + DSM
2024-03-01 21:00:00,91.27315354800302,75.1,6.05,91.27315354800302,0.0,41.806701539808074,41.806701539808074,654.9181221403279,43.43725283768754,43.44489400883052,64.5125109181645,28.1833129491255,0.0,0.0,0.23228994769028788,5.880946996776379,PCM Storage + DSM
2024-03-01 22:00:00,101.29407765906782,77.8,5.7,101.29407765906782,0.0,40.3582028575019,40.3582028575019,646.2910538425277,43.38039457897414,43.38801548335585,71.5953710034706,31.277572644152286,0.0,0.0,0.23446269571374714,7.148853843489889,PCM Storage + DSM
2024-03-01 23:00:00,99.82407059559739,77.8,5.6,117.26440833322133,17.440337737623935,41.43978626565725,40.57068857945907,770.4430914088845,46.23988493410904,45.91420534575844,70.55635960695915,48.26400178437662,0.0,0.0,0.23284032060151413,6.5872322148085924,PCM Storage + DSM
2024-03-02 00:00:00,82.83017032846064,75.1,5.65,96.15968334369734,13.329513015236701,43.88029302922051,43.02711294425497,735.8088009245457,48.28582308720959,48.039019520951236,55.00779072992219,27.88657728098335,0.0,13.3295130152367,0.22917956045616925,4.330116572919237,PCM Storage + DSM
2024-03-02 01:00:00,75.83990307071552,75.0,5.1,86.0720250189503,10.232121948234775,45.04680898156202,44.037538010804624,686.4670570109735,49.83625279954189,49.649222881257295,50.36553106855157,25.533151864558036,0.0,10.232121948234777,0.22742978652765697,3.6121728816448164,PCM Storage + DSM
2024-03-02 02:00:00,72.26733747104174,76.8,5.15,80.15222920051848,7.884891729476736,45.73136193076974,44.55394313534458,616.3028351973684,51.011182103835374,50.869449182939704,47.99297840933954,24.330370000273334,0.0,7.884891729476735,0.2264029571038454,3.2448930213553777,PCM Storage + DSM
2024-03-02 03:00:00,86.04728492565295,74.8,5.2,92.15342490262708,6.106139976974135,44.343568472367366,42.56208734350068,722.8251238103306,51.90155388857858,51.7941474316338,57.144287199925536,28.969688839013752,0.0,6.106139976974134,0.22848464729144896,4.339456548847389,PCM Storage + DSM
2024-03-02 04:00:00,87.62836903372491,78.0,4.85,92.38655525152099,4.758186217796083,44.31660976082055,42.33354572181244,655.229969486075,52.57628547640251,52.49489191645519,58.1942903980156,29.501995171267346,0.0,4.75818621779608,0.22852508535876917,4.428605368860993,PCM Storage + DSM
2024-03-02 05:00:00,125.42955374536888,77.7,4.45,129.16624872116006,3.736694975791194,40.06348205036741,36.869482164643124,819.8612988781914,53.08760302195873,53.025922264680766,83.29818249090404,42.22858567076531,0.0,3.736694975791181,0.2349047769244489,8.464686977573804,PCM Storage + DSM
2024-03-02 06:00:00,134.5614089252966,85.6,1.45,137.52400883262715,2.9625999073305525,39.09700795082812,35.54949609863443,706.4776104675615,53.475083965657866,53.428341744026994,89.36267779160754,45.30302321186865,0.0,2.9625999073305422,0.2363544880737578,9.599155859975149,PCM Storage + DSM
2024-03-02 07:00:00,124.578376843247,81.3,3.15,2.842170943040401e-14,-124.57837684324697,81.3,35.467601551732,0.0,41.29134673561753,42.254031447850586,82.73291308821666,0.0,0.0,0.0,0.17305,0.0,PCM Storage + DSM
2024-03-02 08:00:00,92.64041023148712,76.8,3.2,92.64041023148712,0.0,41.60906811973115,41.60906811973115,628.8839023025936,41.5799242028409,41.58690580669736,61.52280357434939,31.189407784843052,0.0,0.0,0.23258639782040327,5.681359673375835,PCM Storage + DSM
2024-03-02 09:00:00,61.33142391642974,77.8,3.2,61.33142391642974,0.0,46.134701177028475,46.134701177028475,462.7007813940137,41.52799303344986,41.53495366119978,40.730401960840815,20.648556993376086,0.0,0.0,0.22579794823445729,2.6552879309056845,PCM Storage + DSM
2024-03-02 10:00:00,47.33388962901902,74.3,4.0,47.33388962901902,0.0,48.15800858322491,48.15800858322491,432.5479937898803,41.4761987252702,41.483140891265144,31.434593033206212,15.935982817792503,0.0,0.0,0.22276298712516263,1.6676664107365637,PCM Storage + DSM
2024-03-02 11:00:00,44.71035831490502,72.2,5.25,44.71035831490502,0.0,48.53723325445928,48.53723325445928,451.3811343994955,41.424541791694814,41.43146554490745,29.692297189458635,15.052713974447126,0.0,0.0,0.2221941501183111,1.5076739115219764,PCM Storage + DSM
2024-03-02 12:00:00,42.75388251155229,74.1,6.7,42.75388251155229,0.0,48.82003677554285,48.82003677554285,404.0172401349976,41.37302186836586,41.37992725763258,28.3929951219606,14.394023868267022,0.0,0.0,0.22176994483668572,1.3935219355789732,PCM Storage + DSM
2024-03-02 13:00:00,68.77208679276588,70.6,7.65,68.77208679276588,0.0,45.05917258780816,45.05917258780816,643.2473655052116,41.321638591889545,41.328525665917255,45.671770845757436,23.15361788483481,0.0,0.0,0.22741124111828775,3.272152399670186,PCM Storage + DSM
2024-03-02 14:00:00,73.692209385364,74.6,8.3,73.692209385364,0.0,44.34798158255007,44.34798158255007,581.9263158531521,41.27039159983596,41.277260407202355,48.93924057165519,24.81008410199114,0.0,0.0,0.2284780276261749,3.7150810382915656,PCM Storage + DSM
2024-03-02 15:00:00,80.60378577041078,73.3,8.65,80.60378577041078,0.0,43.34893107828126,43.34893107828126,642.9006865817053,41.21928053073641,41.22613111989037,53.529241363575466,27.137016525656588,0.0,0.0,0.2299766033825781,4.384388179088917,PCM Storage + DSM
2024-03-02 16:00:00,65.36657223832707,71.5,8.15,65.36657223832707,0.0,45.551430915483984,45.551430915483984,601.7873766919863,41.168305024080965,41.17513744334285,43.41015733952627,22.007077386037356,0.0,0.0,0.22667285362677403,2.9819051116276594,PCM Storage + DSM
2024-03-02 17:00:00,72.07503956724216,72.3,7.45,72.07503956724216,0.0,44.581739300366564,44.581739300366564,621.183183816609,41.11746472031592,41.12427901787794,47.8652727338826,24.265628731071384,0.0,0.0,0.22812739104945015,3.5664206116104613,PCM Storage + DSM
2024-03-02 18:00:00,94.74370839994202,76.4,6.8,94.74370839994202,0.0,41.30504180521791,41.30504180521791,644.9208625998048,41.06675926084115,41.073555484767674,62.91961086128601,31.897528831642525,0.0,0.0,0.23304243729217314,5.925123972599045,PCM Storage + DSM
2024-03-02 19:00:00,95.52480947413919,78.4,5.6,95.52480947413919,0.0,41.192135663610344,41.192135663610344,613.3130605565443,41.016188288007704,41.02296648623563,63.4383426743195,32.160503486692505,0.0,0.0,0.23321179650458448,6.016948288326248,PCM Storage + DSM
2024-03-02 20:00:00,78.37051077841137,74.9,4.75,78.37051077841137,0.0,43.67174520672742,43.67174520672742,599.5228484028368,40.96575144511518,40.972511665454284,52.046116037198324,26.38513595596663,0.0,0.0,0.22949238218990886,4.162103373264055,PCM Storage + DSM
2024-03-02 21:00:00,63.49452399619417,74.9,4.65,63.49452399619417,0.0,45.822030650786736,45.822030650786736,521.6425068248581,40.91544837640926,40.92219066654248,42.1669238953451,21.376811653503538,0.0,0.0,0.2262669540238199,2.828043497116655,PCM Storage + DSM
2024-03-02 22:00:00,76.80151205680274,76.4,4.5,76.80151205680274,0.0,43.8985399170357,43.8985399170357,564.5048465986721,40.86527872707925,40.87200313456306,51.0041387843264,25.856898431760197,0.0,0.0,0.22915219012444646,4.009372130092943,PCM Storage + DSM
2024-03-02 23:00:00,82.58823436757443,78.2,4.1,103.788996714083,21.20076234650856,42.99805500474911,43.062084162144856,704.3449900179701,44.360117773279065,43.96196780867857,54.847120256184205,49.00588662741298,0.0,0.0,0.23050291749287632,4.607798165850012,PCM Storage + DSM
2024-03-03 00:00:00,89.68312462819773,76.4,4.2,105.85845909125041,16.17533446305268,42.758746654087176,42.036536110915506,751.7166616006252,46.86131901666467,46.5595966081171,65.58353539874153,34.39722784584785,0.0,16.17533446305268,0.23086188001886923,5.603950457604719,PCM Storage + DSM
2024-03-03 01:00:00,102.68470718730197,78.0,4.25,115.07341770871253,12.388710521410555,41.69314789158092,40.157190953120846,757.1591792142266,48.75675105673056,48.52810315560497,75.09134139390169,39.38387833886043,0.0,12.388710521410559,0.23246027816262863,6.8964723440355655,PCM Storage + DSM
2024-03-03 02:00:00,96.1712912044834,80.7,4.15,105.69046476678066,9.519173562297267,42.778173170438954,41.09868840024822,665.8054304003233,50.19312616645427,50.01985477126561,70.3282061948678,36.88571099082676,0.0,9.519173562297269,0.23083274024434158,6.001173418422433,PCM Storage + DSM
2024-03-03 03:00:00,90.5754835318243,75.5,3.7,97.9200966892225,7.3446131573981965,43.67672246961578,41.90754793759723,735.0683156347471,51.28162388740819,51.150317296607085,66.23610021499879,34.73948479391435,0.0,7.3446131573982,0.22948491629557632,5.294891674168624,PCM Storage + DSM
2024-03-03 04:00:00,64.04003682267894,77.7,3.35,69.73674893474055,5.696712112061602,46.935786534596986,45.74317818153474,541.5226881146064,52.106497056332536,52.00699176424994,46.8312409866275,24.562031563668114,0.0,5.696712112061604,0.22459632019810452,2.8279176368348997,PCM Storage + DSM
2024-03-03 05:00:00,70.9082129447263,76.2,3.2,75.35613111705477,4.447918172328466,46.28597279716179,44.75040107311941,601.7893322432184,52.731593215665804,52.6561872281062,51.85380541770063,27.19626425721987,0.0,4.447918172328471,0.22557104080425733,3.333378490895543,PCM Storage + DSM
2024-03-03 06:00:00,74.05918549272734,77.6,2.9,77.56075660840007,3.5015711156727325,46.03103446342738,44.29493613463906,586.9248018129841,53.20529659593546,53.14815327379817,54.15805073139829,28.40479396800924,0.0,3.501571115672732,0.22595344830485892,3.564346752003956,PCM Storage + DSM
2024-03-03 07:00:00,82.74708755733609,78.9,2.6,0.0,-82.74708755733609,78.9,41.24441894003842,0.0,45.092749037254414,45.73294600203721,60.5113455676034,0.0,0.0,0.0,0.17665,0.0,PCM Storage + DSM
2024-03-03 08:00:00,96.97010262613802,79.0,2.0,1.4210854715202004e-14,-96.970102626138,79.0,31.07597131094049,0.0,35.69753620392098,36.46086556335581,70.91236154590173,0.0,0.0,0.0,0.1765,0.0,PCM Storage + DSM
2024-03-03 09:00:00,100.44614151563259,81.3,1.9,100.44614151563259,0.0,40.48076983564013,40.48076983564013,587.8536577610604,35.930797644839494,35.935765144693725,73.45432159135818,38.525294811853215,0.0,0.0,0.2342788452465398,7.280453069607326,PCM Storage + DSM
2024-03-03 10:00:00,103.79501737526822,79.5,2.75,103.79501737526822,0.0,39.99669848492179,39.99669848492179,627.6880901174947,35.893849534257505,35.89880190772804,75.90328977123524,39.80972871677013,0.0,0.0,0.23500495227261733,7.743639131799989,PCM Storage + DSM
2024-03-03 11:00:00,87.08977263739293,77.7,4.25,87.08977263739293,0.0,42.41139843896059,42.41139843896059,589.5674315607475,35.85699872612053,35.86193796435206,63.68706721929914,33.40256893223381,0.0,0.0,0.23138290234155912,5.574631489520936,PCM Storage + DSM
2024-03-03 12:00:00,73.12649165854936,74.5,5.9,73.12649165854936,0.0,44.42975461792746,44.42975461792746,580.9497136463899,35.82024565778075,35.82517179561702,53.47598976013317,28.047066887718035,0.0,0.0,0.22835536807310883,4.033237880004434,PCM Storage + DSM
2024-03-03 13:00:00,58.05826896315081,72.5,7.45,58.05826896315081,0.0,46.6078272664251,46.6078272664251,535.6688143992045,35.783590070003605,35.78850314219095,42.45688978300016,22.267773498528555,0.0,0.0,0.22508825910036234,2.647315994131735,PCM Storage + DSM
2024-03-03 14:00:00,51.001842792925906,70.8,8.55,51.001842792925906,0.0,47.62781543279347,47.62781543279347,525.7988903686079,35.74703170424034,35.75193174543292,37.29666173070898,19.56133904097717,0.0,0.0,0.2235582768508098,2.0973071848852394,PCM Storage + DSM
2024-03-03 15:00:00,52.19471793697529,69.7,9.5,52.19471793697529,0.0,47.455388413572415,47.455388413572415,560.5347015596094,35.71057030262798,35.71545734738803,38.16898826438379,20.018856531493043,0.0,0.0,0.22381691737964138,2.185849005782736,PCM Storage + DSM
2024-03-03 16:00:00,37.70314927986446,70.8,9.55,37.70314927986446,0.0,49.55010721113289,49.55010721113289,423.8592451238115,35.674205607987446,35.67907969078556,27.571584238296833,14.460734075245995,0.0,0.0,0.22067483918330066,1.232432079567178,PCM Storage + DSM
2024-03-03 17:00:00,45.78249599752587,67.5,9.0,45.78249599752587,0.0,48.382258523255366,48.382258523255366,572.0890794293534,35.63793736382176,35.64279851903711,33.47985431310925,17.559501329900996,0.0,0.0,0.22242661221511695,1.731124374896696,PCM Storage + DSM
2024-03-03 18:00:00,41.75914028196647,72.9,7.8,41.75914028196647,0.0,48.96382419403037,48.96382419403037,416.7710643159761,35.601765314314314,35.60661357623483,30.5376520527951,16.01637620099042,0.0,0.0,0.22155426370895445,1.472435643586744,PCM Storage + DSM
2024-03-03 19:00:00,63.255280801036456,73.2,6.15,63.255280801036456,0.0,45.85661263634972,45.85661263634972,552.6437323814421,35.56568920432691,35.570524607149636,46.257364077921046,24.26104481959842,0.0,0.0,0.2262150810454754,3.0927823580500533,PCM Storage + DSM
2024-03-03 20:00:00,53.439571273860146,75.2,5.35,53.439571273860146,0.0,47.27544808090877,47.27544808090877,457.16979411708246,35.52970877939817,35.534531357229426,39.079325445701855,20.49630983211131,0.0,0.0,0.22408682787863685,2.280173575558745,PCM Storage + DSM
2024-03-03 21:00:00,61.1424128322243,73.5,5.0,61.1424128322243,0.0,46.16202224077254,46.16202224077254,534.2898983791345,35.49382378574156,35.49863357259723,44.71226457564645,23.45067161691705,0.0,0.0,0.2257569666388412,2.9075431742133016,PCM Storage + DSM
2024-03-03 22:00:00,68.31764563186525,76.0,4.7,68.31764563186525,0.0,45.124860883164416,45.124860883164416,528.5970610113757,35.45803397024366,35.46283100004937,49.95937361940859,26.202673384021516,0.0,0.0,0.22731270867525338,3.5596470715226562,PCM Storage + DSM
2024-03-03 23:00:00,87.74068045614246,77.3,4.55,117.02597546326304,29.285295007120585,41.46735814977694,42.31731139595819,780.1968940600858,40.318808456727396,39.76485451128527,64.16306352461581,62.93751430157127,0.0,0.0,0.2327989627753346,5.979731314445808,PCM Storage + DSM
2024-03-04 00:00:00,82.00407002470452,78.2,4.15,104.29763283536971,22.29356281066519,42.93923737529367,43.14652360819984,706.6160970323625,43.79877930870577,43.378986942547236,61.87327844849159,28.114512666028556,0.0,22.293562810665183,0.23059114393705948,5.219912886459588,PCM Storage + DSM
2024-03-04 01:00:00,83.60492093255472,75.4,4.1,100.63007881529474,17.02515788274002,43.36334573947134,42.915124746688726,750.380318399966,46.43593146728155,46.117809111395744,63.0811440330424,28.663353023728103,0.0,17.025157882740007,0.22995498139079298,5.161294509223256,PCM Storage + DSM
2024-03-04 02:00:00,86.59608041762836,77.8,4.35,99.62879466436463,13.032714246736276,43.479132168520124,42.48276037343569,693.4695423586572,48.43438862167298,48.19331269587754,65.33801791318095,29.68885079723959,0.0,13.032714246736276,0.2297813017472198,5.300560227449905,PCM Storage + DSM
2024-03-04 03:00:00,88.65018251470748,77.6,5.4,98.65738777746901,10.007205262761534,43.59146365252749,42.18584522389811,693.0147001129633,49.948837071282746,49.76614760943619,66.88786819470866,30.393085104247145,0.0,10.00720526276153,0.22961280452120877,5.38121047136221,PCM Storage + DSM
2024-03-04 04:00:00,81.00928785272215,74.3,5.8,88.72373573512529,7.714447882403133,44.740170636781386,43.29031680025756,717.0322227265459,51.09649945748177,50.958055772739485,61.12270065029062,27.773458667541504,0.0,7.714447882403135,0.22788974404482792,4.496123281149926,PCM Storage + DSM
2024-03-04 05:00:00,51.171902240481785,74.7,6.15,57.1488783675435,5.9769761270617145,48.39142186144216,47.60323377914873,518.9327859422608,51.96620813131312,51.86129428652266,38.609953812176386,17.54392304249516,0.0,5.976976127061718,0.22241286720783676,1.994260825909377,PCM Storage + DSM
2024-03-04 06:00:00,46.13536105516655,70.8,6.35,50.79566576881546,4.660304713648913,49.126094231029896,48.33125279111336,559.8739384922659,52.62528103152605,52.54577639504367,34.809809318343035,15.817180688062491,0.0,4.660304713648912,0.22131085865345515,1.6445349504507027,PCM Storage + DSM
2024-03-04 07:00:00,47.80183406048895,72.6,6.5,0.0,-47.80183406048895,72.6,45.715649456531594,0.0,47.91257574407699,48.28303963499353,36.067187741805974,0.0,0.0,0.0,0.18610000000000002,0.0,PCM Storage + DSM
2024-03-04 08:00:00,75.93366623174262,74.7,6.45,0.0,-75.93366623174262,74.7,36.936560532275465,0.0,40.5262666468595,41.122258532678785,57.29306939223914,0.0,0.0,0.0,0.18295,0.0,PCM Storage + DSM
2024-03-04 09:00:00,80.39593035503606,77.3,5.45,80.39593035503606,0.0,43.37897604139479,43.37897604139479,566.1948146411188,40.686628543610986,40.69329079275611,60.65991338581254,27.563173408135423,0.0,0.0,0.2299315359379078,4.957500801330416,PCM Storage + DSM
2024-03-04 10:00:00,100.13439907865903,74.3,5.65,100.13439907865903,0.0,40.52583139924148,40.52583139924148,708.2709099376766,40.63706633603018,40.64370939867628,75.5528787119926,34.33036714341132,0.0,0.0,0.23421125290113778,7.4680251730441505,PCM Storage + DSM
2024-03-04 11:00:00,89.1526916456501,78.3,6.9,89.1526916456501,0.0,42.11320882769854,42.11320882769854,588.5524358809417,40.587635042413126,40.59426048558805,67.26701873409476,30.56536678883213,0.0,0.0,0.23183018675845218,6.008340364066551,PCM Storage + DSM
2024-03-04 12:00:00,76.6028145652614,72.8,7.95,76.6028145652614,0.0,43.92726112592674,43.92726112592674,633.807712797455,40.53833485595205,40.54494272639203,57.79795166394442,26.26273061446426,0.0,0.0,0.2291091083111099,4.53346517735432,PCM Storage + DSM
2024-03-04 13:00:00,60.6980514229079,68.9,8.8,60.6980514229079,0.0,46.22625353408728,46.22625353408728,639.5172142301434,40.48916542891141,40.49575577322479,45.79757365505193,20.80989559443206,0.0,0.0,0.22566061969886908,2.9604686838809604,PCM Storage + DSM
2024-03-04 14:00:00,46.03310233736037,73.3,8.8,46.03310233736037,0.0,48.34603402449611,48.34603402449611,440.6882203920205,40.440126414476524,40.44669927914805,34.73265360986782,15.782122013339302,0.0,0.0,0.22248094896325582,1.8034512154725502,PCM Storage + DSM
2024-03-04 15:00:00,61.09019183140009,69.3,8.5,61.09019183140009,0.0,46.16957065148239,46.16957065148239,630.9407397285337,40.39121746675264,40.39777289814376,46.09344936802852,20.94433814683335,0.0,0.0,0.22574564402277641,2.99527108085944,PCM Storage + DSM
2024-03-04 16:00:00,44.00055278961513,72.5,8.2,44.00055278961513,0.0,48.63983380872761,48.63983380872761,440.5400982974442,40.34243824076242,40.3489762851116,33.199065044201376,15.085276844712928,0.0,0.0,0.22204024928690858,1.6652982069863127,PCM Storage + DSM
2024-03-04 17:00:00,46.133798989222825,70.8,7.8,46.133798989222825,0.0,48.33147858370854,48.33147858370854,490.5073294248555,40.29378839244353,40.300309095866616,34.80863071658508,15.816645144854126,0.0,0.0,0.2225027821244372,1.8104361650309915,PCM Storage + DSM
2024-03-04 18:00:00,56.77474183313947,71.1,7.05,56.77474183313947,0.0,46.79335779593712,46.79335779593712,557.9958588960676,40.24526757864613,40.25177098713665,42.837378793818225,19.464816781623547,0.0,0.0,0.22480996330609432,2.6233547898504797,PCM Storage + DSM
2024-03-04 19:00:00,68.59945752741224,76.8,5.8,68.59945752741224,0.0,45.08412570197416,45.08412570197416,516.7075048953371,40.19687545713054,40.203361616560045,51.75930091921487,23.51883652794426,0.0,0.0,0.22737381144703878,3.7005439410423464,PCM Storage + DSM
2024-03-04 20:00:00,100.72417094337057,75.7,5.05,100.72417094337057,0.0,40.440581400396304,40.440581400396304,682.4319173101252,40.14861168656486,40.1550806426832,75.99787026906274,34.53256623615763,0.0,0.0,0.23433912789940553,7.550883278782717,PCM Storage + DSM
2024-03-04 21:00:00,87.55061683251478,79.7,4.6,87.55061683251478,0.0,42.344784601555574,42.344784601555574,559.897774476469,40.10047592652243,40.10692772495814,66.05822969498276,30.016106823902962,0.0,0.0,0.23148282309766663,5.80858551011934,PCM Storage + DSM
2024-03-04 22:00:00,78.30919258937033,75.7,4.1,78.30919258937033,0.0,43.68060859248336,43.68060859248336,584.252324768173,40.05246783747958,40.05890252374017,59.08543901173425,26.847750194070375,0.0,0.0,0.22947908711127496,4.721892532093451,PCM Storage + DSM
2024-03-04 23:00:00,59.61354069055598,74.6,4.2,82.02956080315006,22.416020112594083,45.51427118564287,46.38301675765307,673.7382616948299,43.752632747456765,43.33106250543847,44.97929433668428,42.85409890925054,0.0,0.0,0.22672859322153568,3.0997198620738304,PCM Storage + DSM
2024-03-05 00:00:00,93.370137068666,76.1,4.45,110.46515666705682,17.09501959839082,42.22603767081321,41.503587991313665,779.0405944814498,46.40096152659294,46.08149097613641,55.02972186285449,31.224919526901456,2.94054580340663,17.09501959839082,0.2316609434937802,4.878042226724633,PCM Storage + DSM
2024-03-05 01:00:00,114.51809845570033,82.4,4.1,127.60375447778944,13.085656022089111,40.24416565419866,38.44670482733907,723.1136164992737,48.4078880923316,48.16579049280312,67.4937330513465,38.29723850596152,3.6065676285809487,13.085656022089111,0.234633751518702,6.785482862328592,PCM Storage + DSM
2024-03-05 02:00:00,124.15296221207508,79.0,4.0,134.2002872189233,10.047325006848226,39.481356246409895,37.05401017157389,811.2452926470369,49.92875473652428,49.745291041315966,73.17224964503939,41.5193377219476,3.9100025283751596,10.047325006848226,0.23577796563038517,7.691271445081228,PCM Storage + DSM
2024-03-05 03:00:00,104.13869455038702,78.3,4.15,111.88354552854699,7.744850978159969,42.06201811540333,39.947020837453266,737.56957381139,51.08128088715982,50.94225048155048,61.37640552090103,34.82614954909013,3.2796846063017195,7.744850978159974,0.231906972826895,5.5010378028772715,PCM Storage + DSM
2024-03-05 04:00:00,93.95021744114084,78.4,4.15,99.95023330219496,6.000015861054125,43.44196166901895,41.41973887262473,683.0264688947229,51.95467536455916,51.849316897523224,55.371604851972464,31.41891049144659,2.958814523561394,6.000015861054123,0.22983705749647157,4.5043820461858735,PCM Storage + DSM
2024-03-05 05:00:00,115.0274983707374,77.4,3.5,119.70526279791959,4.67776442718218,41.15753090185002,38.37307238610709,789.0349547163994,52.61654139920925,52.53669982406954,67.7939589749824,38.46759245266662,3.6226103787518773,4.677764427182183,0.23326370364722496,6.4441422006144355,PCM Storage + DSM
2024-03-05 06:00:00,116.20281063884914,83.4,3.2,119.87856127273021,3.6757506338810684,41.13749102451922,38.20318403521355,677.6212581314695,53.1181093151501,53.057604665641335,68.4866548330663,38.8606413668369,3.659624992483746,3.6757506338810657,0.23329376346322117,6.518221061941008,PCM Storage + DSM
2024-03-05 07:00:00,123.5368683687486,79.4,3.2,0.0,-123.5368683687486,79.4,35.26117425955178,0.0,41.03457970743791,41.98890779070145,72.80914133328078,0.0,0.0,0.0,0.1759,0.0,PCM Storage + DSM
2024-03-05 08:00:00,107.49810275459107,78.9,3.5,107.49810275459107,0.0,39.461427063547205,39.461427063547205,651.1490084523915,41.320900351350645,41.327789606497745,63.35634584127548,35.94960565751526,3.3854838908153235,0.0,0.2358078594046792,6.667079355146025,PCM Storage + DSM
2024-03-05 09:00:00,89.78379969689279,79.8,3.6,89.78379969689279,0.0,42.02198378991899,42.02198378991899,567.7532231499656,41.26965618615799,41.2765247313972,52.916035899965706,30.025573575983728,2.827599741215326,0.0,0.2319670243151215,4.75546346089749,PCM Storage + DSM
2024-03-05 10:00:00,74.92149486113156,74.9,4.35,74.92149486113156,0.0,44.17029154397754,44.17029154397754,582.4367502474139,41.21854706760636,41.2253973953221,44.15661316557021,25.05530913115771,2.35953479576486,0.0,0.2287445626840337,3.3990988399177717,PCM Storage + DSM
2024-03-05 11:00:00,58.83326075430931,74.4,5.25,58.83326075430931,0.0,46.49580420589202,46.49580420589202,503.67939499510175,41.16757350632315,41.17440566484023,34.67466234105947,19.67506839159409,1.8528611335826104,0.0,0.22525629369116196,2.185376653950427,PCM Storage + DSM
2024-03-05 12:00:00,73.06576579499047,74.5,5.95,73.06576579499047,0.0,44.43853238456575,44.43853238456575,580.6367730286696,41.116735142770594,41.123549180279376,43.0628988628113,24.43471466087891,2.3010915237614373,0.0,0.22834220142315137,3.2455992569515484,PCM Storage + DSM
2024-03-05 13:00:00,64.70868583471852,75.6,6.7,64.70868583471852,0.0,45.64652669489238,45.64652669489238,516.078975636241,41.06603161836226,41.07282758292529,38.13747195183664,21.639932973373558,2.037898417513356,0.0,0.22653020995766143,2.5979566183768075,PCM Storage + DSM
2024-03-05 14:00:00,63.40837093856278,70.7,7.4,63.40837093856278,0.0,45.83448385261449,45.83448385261449,609.1859705635086,41.01546257546286,41.02224051501521,37.37110307506234,21.2050805755214,1.9969470423623705,0.0,0.22624827422107827,2.503605928981301,PCM Storage + DSM
2024-03-05 15:00:00,51.750736551392826,73.1,7.25,51.750736551392826,0.0,47.51956477543854,47.51956477543854,483.2917505119663,40.9650276573856,40.971787619735196,30.500422597930456,17.30652470914495,1.6298081588708373,0.0,0.2237206528368422,1.7349436845685817,PCM Storage + DSM
2024-03-05 16:00:00,50.543043830711,72.7,7.3,50.543043830711,0.0,47.69413363706745,47.69413363706745,482.8589246014681,40.91472650838977,40.92146854121775,29.788642615578713,16.902647096876027,1.591773773647712,0.0,0.22345879954439882,1.6632547638823976,PCM Storage + DSM
2024-03-05 17:00:00,50.46793996314559,71.0,6.85,50.46793996314559,0.0,47.70498970702656,47.70498970702656,517.55135156752,40.86455877367815,40.87128292453918,29.744378517091747,16.87753079851219,1.5894084953100924,0.0,0.22344251543946014,1.6588458268467945,PCM Storage + DSM
2024-03-05 18:00:00,65.00110613702367,74.6,5.55,65.00110613702367,0.0,45.604258095921466,45.604258095921466,535.5343073720571,40.8145240993946,40.821230415717224,38.30981621958758,21.73772441605716,2.047107735607662,0.0,0.22659361285611782,2.61941266818661,PCM Storage + DSM
2024-03-05 19:00:00,76.05641804609057,78.8,3.75,76.05641804609057,0.0,44.006241330672694,44.006241330672694,522.1981118213142,40.76462213262151,40.771310661708455,44.825504838697654,25.43485109427487,2.395277418765036,0.0,0.22899063800399097,3.4947107526288046,PCM Storage + DSM
2024-03-05 20:00:00,102.31440584709642,77.1,2.45,102.31440584709642,0.0,40.2107170548455,40.2107170548455,662.5785148703344,40.7148525213773,40.72152331040586,60.301221280078934,34.21606939131771,3.2222314991405057,0.0,0.23468392441773175,6.074485596057699,PCM Storage + DSM
2024-03-05 21:00:00,108.83373141788256,83.3,1.55,108.83373141788256,0.0,39.26836539205008,39.26836539205008,590.4722431136543,40.66521491461398,40.671868010636274,64.14352765508104,36.39626771498262,3.427547417592232,0.0,0.23609745191192488,6.824217569068967,PCM Storage + DSM
2024-03-05 22:00:00,129.925011316949,82.6,0.9,129.925011316949,0.0,36.21967539067433,36.21967539067433,669.2058910829115,40.61570896221459,40.62234441215799,76.57413237534273,43.449631223310526,4.091784148336923,0.0,0.2406704869139885,9.188895885041127,PCM Storage + DSM
2024-03-05 23:00:00,122.69578425281613,83.0,0.4,144.26968578681922,21.57390153400311,38.31695181459842,37.264641479672676,771.3172954823652,44.17359235021547,43.76825129946811,72.31343010894156,62.60592858101002,3.864110997448474,0.0,0.23752457227810236,8.106211795062146,PCM Storage + DSM
2024-03-06 00:00:00,114.06295830826298,83.4,-0.3,130.52067777121258,16.457719462949605,39.90685867531465,38.51249415939276,716.9012213821508,46.71996841221167,46.41279652007613,52.93184803459602,30.03454568441289,18.224993635717354,22.393941126187066,0.23513971198702802,5.428629354192709,PCM Storage + DSM
2024-03-06 01:00:00,110.37619800214624,82.3,-0.9,122.97890236511752,12.602704362971282,40.77897399058107,39.04540583362569,707.5600628274984,48.64963432255647,48.41685675472629,51.22097678280932,29.063764525622606,17.635922616414103,18.347054565737004,0.2338315390141284,4.9851407797307585,PCM Storage + DSM
2024-03-06 02:00:00,116.60274036279287,83.7,-1.4,126.28408034475322,9.68133998196035,40.396770042503796,38.145375227190755,696.673178184026,50.11195216097672,49.93555126795296,54.11045465452998,30.703309683493774,18.63080032762185,15.749740482881968,0.2344048449362443,5.390449930402992,PCM Storage + DSM
2024-03-06 03:00:00,122.50044293358832,85.6,-1.45,129.96794723343504,7.467504299846725,39.970775291927445,37.29287756252944,680.4464394231813,51.22010951044295,51.08643135859338,56.84733173417676,32.256266225414386,19.57313597639236,13.842841165415926,0.23504383706210882,5.80839591693384,PCM Storage + DSM
2024-03-06 04:00:00,131.0091093253915,84.1,-1.65,136.79894942858513,5.789840103193618,39.18085232124413,36.062971825283014,727.531884091713,52.05988091916942,51.95857843721707,60.79584791425707,34.49673002933739,20.93265174855011,12.6079967106792,0.23622872151813382,6.4999811534359715,PCM Storage + DSM
2024-03-06 05:00:00,121.95814032605362,85.8,-1.85,126.47663171106026,4.518491385006635,40.374503800605886,37.37126600292866,665.1374285610013,52.69626709596476,52.619499182078165,56.59567177693443,32.11346953942315,19.486486798451157,10.865604990942533,0.23443824429909116,5.64558675617748,PCM Storage + DSM
2024-03-06 06:00:00,133.33310815131716,84.3,-2.1,136.88816026971722,3.5550521184000434,39.1705361640199,35.72704380110832,724.6136133343379,53.17852615099774,53.12035074908339,61.874318563370196,35.1086749581998,21.303980569405716,10.494157475421952,0.23624419575397015,6.619115551209126,PCM Storage + DSM
2024-03-06 07:00:00,138.10437261682355,86.9,-2.3,0.0,-138.10437261682355,86.9,33.215896004412045,0.0,39.67711761926767,40.74371884811901,64.08846283392744,0.0,0.0,0.0,0.16465,0.0,PCM Storage + DSM
2024-03-06 08:00:00,131.95249385421945,87.3,-2.5,0.0,-131.95249385421945,87.3,20.603725648979523,0.0,26.939561131065815,27.980606860330454,61.23363321510079,0.0,0.0,0.0,0.16405,0.0,PCM Storage + DSM
2024-03-06 09:00:00,124.69536806032386,83.1,-2.15,124.69536806032386,0.0,36.97560680799627,36.97560680799627,645.8332966404465,27.295875934744156,27.29776629663592,57.86590467826692,32.834224047748265,19.92384138557105,6.489568183779457,0.2395365897880056,6.94390856139203,PCM Storage + DSM
2024-03-06 10:00:00,99.37129447248552,84.3,-0.9,99.37129447248552,0.0,40.63613619790607,40.63613619790607,543.6752459155357,27.28183057837594,27.28371325298222,46.11406135726759,26.16600277442482,15.877557764542455,5.171617847726704,0.2340457957031409,4.5276253164703775,PCM Storage + DSM
2024-03-06 11:00:00,87.70049002339542,80.0,0.25,87.70049002339542,0.0,42.32312081914414,42.32312081914414,556.0679615731891,27.26782152172457,27.269699202885633,40.698129167685124,23.092898985088397,14.01279518111435,4.564229759379375,0.23151531877128378,3.583929148085884,PCM Storage + DSM
2024-03-06 12:00:00,72.79985739287636,77.9,1.4,72.79985739287636,0.0,44.476968756881064,44.476968756881064,520.3379117138193,27.253849621443965,27.255722322410875,33.783368813263905,19.16933135098857,11.631970249978933,3.788750501878626,0.22828454686467842,2.538421098877883,PCM Storage + DSM
2024-03-06 13:00:00,101.45878956280636,78.4,2.6,101.45878956280636,0.0,40.33439417749584,40.33439417749584,636.7335102158829,27.23991477898635,27.24178251296813,47.08278051493846,26.715672602264863,16.211097989168845,5.280258143935529,0.23449840873375624,4.707978366536663,PCM Storage + DSM
2024-03-06 14:00:00,114.85242988588656,82.9,3.65,114.85242988588656,0.0,38.39837808314752,38.39837808314752,616.5454884205149,27.22601689606285,27.22787967623348,53.29820877250945,30.242425793050774,18.35113550237738,5.977308431028776,0.23740243287527873,5.948598770590144,PCM Storage + DSM
2024-03-06 15:00:00,124.53898731453182,77.2,5.25,124.53898731453182,0.0,36.99821124065211,36.99821124065211,740.0494304154277,27.21215587464529,27.21401371414383,57.79333491508903,32.79304657240206,19.898854850598788,6.4814296015030335,0.23950268313902184,6.935200189810683,PCM Storage + DSM
2024-03-06 16:00:00,100.63214926563842,77.6,5.75,100.63214926563842,0.0,40.453882896092836,40.453882896092836,647.1785293282861,27.198331616965504,27.200184528896152,46.69917132894213,26.498005393399666,16.079017299886726,5.237236990420542,0.23431917565586075,4.636139744784603,PCM Storage + DSM
2024-03-06 17:00:00,96.28393340840134,76.2,5.8,96.28393340840134,0.0,41.082406260782946,41.082406260782946,654.9827306477201,27.18454402551461,27.186392022946805,44.681346222610294,25.353052730880346,15.384258830527173,5.010941148624076,0.2333763906088256,4.267317101356866,PCM Storage + DSM
2024-03-06 18:00:00,97.49168524523128,76.6,5.0,97.49168524523128,0.0,40.9078288540676,40.9078288540676,652.5223429534732,27.170793003042384,27.172636099010905,45.24181333339498,25.671072517993604,15.577233568919146,5.0737966340852605,0.2336382567188986,4.368234018679909,PCM Storage + DSM
2024-03-06 19:00:00,95.29419332524017,79.9,3.4,95.29419332524017,0.0,41.22547063193227,41.22547063193227,588.6297073860118,27.157078452556544,27.158916660061585,44.222049247916274,25.09243881919255,15.226118037195498,4.959431731283196,0.2331617940521016,4.185492087464357,PCM Storage + DSM
2024-03-06 20:00:00,111.98069134717636,78.9,2.2,111.98069134717636,0.0,38.813480467233695,38.813480467233695,667.3375608743548,27.143400277322026,27.14523360932933,51.96555503302556,29.486252504072244,17.892288762228908,5.827853456535006,0.23677977929914945,5.670435489834969,PCM Storage + DSM
2024-03-06 21:00:00,124.47416978628434,84.7,-0.7,124.47416978628434,0.0,37.0075804468467,37.0075804468467,623.491674196653,27.129758380860356,27.13158685030125,57.76325581135491,32.77597911209616,19.888498297890408,6.478056278374763,0.23948862932972995,6.928963469620365,PCM Storage + DSM
2024-03-06 22:00:00,141.90776434081297,85.7,-0.5,141.90776434081297,0.0,34.487599409148615,34.487599409148615,661.9600805645805,27.11615266694895,27.11797628672047,65.85345784840152,37.36651489915185,22.67404019962929,7.385359430928496,0.24326860088627708,7.902414941808183,PCM Storage + DSM
2024-03-06 23:00:00,148.577697545227,84.3,-0.05,190.33518770537435,41.75749016014734,32.990032413612404,33.523477802140725,886.17219738324,34.08418728742381,33.28987094427099,68.94869486498693,80.88030190194752,23.739762954886807,7.7324852864002045,0.2455149513795814,8.273843383798432,PCM Storage + DSM
2024-03-07 00:00:00,143.46019497382272,86.1,-0.7,175.1924898851048,31.73229491128208,34.74110268187255,34.26319957322895,814.8929680744596,39.074128607787515,38.4721869925811,65.84276126614746,37.36044545324536,22.670357253525143,35.078341895302394,0.24288834597719117,7.9011313519376944,PCM Storage + DSM
2024-03-07 01:00:00,158.72257000347747,85.7,-1.75,158.72257000347747,0.0,32.05706270657939,32.05706270657939,706.8494308513602,38.81271803102026,38.818709247968116,72.84760965364154,41.335130764989415,25.08220044475105,3.7020246400264374,0.24691440594013092,8.741713158436985,PCM Storage + DSM
2024-03-07 02:00:00,150.39404925123827,89.2,-2.45,150.39404925123827,0.0,33.26092885719294,33.26092885719294,642.2678422372378,38.768124918730784,38.77410180919966,69.02513608395273,39.1661859554063,23.76608247292539,3.5077713020223618,0.2451086067142106,8.283016330074329,PCM Storage + DSM
2024-03-07 03:00:00,169.24785138712448,85.6,-2.2,169.24785138712448,0.0,30.53566048397595,30.53566048397595,734.2661468962447,38.723650638746456,38.72961167664781,77.67831261991697,44.07616426968774,26.745462433239872,3.9475149381271994,0.24919650927403608,9.321397514390036,PCM Storage + DSM
2024-03-07 04:00:00,160.74562746737843,90.0,-2.5,160.74562746737843,0.0,31.76463497853637,31.76463497853637,659.4063761858371,38.679294318379796,38.68523954575553,73.77611591733115,41.861983025594824,25.401894945789568,3.749210169969574,0.24735304753219545,8.85313391007974,PCM Storage + DSM
2024-03-07 05:00:00,162.12648054564198,87.8,-2.85,162.12648054564198,0.0,31.56503623473243,31.56503623473243,688.7289071472156,38.63505564476377,38.64098510354831,74.40987484671447,42.22158999614736,25.620104830451837,3.7814170081015175,0.24765244564790137,8.929184981605736,PCM Storage + DSM
2024-03-07 06:00:00,135.83628544290144,86.6,-3.2,160.37152073455223,24.53523529165079,36.45496891194379,35.36521599278923,764.0118920785136,42.693276021912745,42.23086456185279,62.34367738960071,35.374998157412286,21.465585764359954,27.703463198420877,0.24031754663208432,7.481241286752084,PCM Storage + DSM
2024-03-07 07:00:00,124.19502281205294,85.3,-3.25,0.0,-124.19502281205294,85.3,24.741206442460715,0.0,30.511266548019233,31.460920563687388,57.00078156836372,0.0,0.0,0.0,0.16705,0.0,PCM Storage + DSM
2024-03-07 08:00:00,116.61316938904545,85.6,-2.95,116.61316938904545,0.0,38.14386773839858,38.14386773839858,587.024240488388,30.825170171909555,30.828318289037455,53.52099984231005,30.368841718669547,18.42784481784577,2.7198704407341983,0.2377841983924021,6.0551943107984805,PCM Storage + DSM
2024-03-07 09:00:00,120.3030867712227,84.4,-2.3,120.3030867712227,0.0,37.6104997169802,37.6104997169802,614.2273347951708,30.80176394510863,30.804901277364262,55.21453127331665,31.329783930611818,19.010945553943436,2.805933595257104,0.2385842504245297,6.423493018504672,PCM Storage + DSM
2024-03-07 10:00:00,107.33542995654612,84.5,-1.25,107.33542995654612,0.0,39.484940996095105,39.484940996095105,569.6210795670894,30.778418930928574,30.781547941997488,49.26287107944979,27.95269779762885,16.961726167454586,2.503477649323973,0.23577258850585733,5.177052561949939,PCM Storage + DSM
2024-03-07 11:00:00,115.16572791862964,80.4,0.25,115.16572791862964,0.0,38.35309166219795,38.35309166219795,654.3196529394321,30.75513583498114,30.758256546939982,52.8566793790575,29.991893547700567,18.199112274690634,2.6861105035787074,0.2374703625067031,5.913681932531262,PCM Storage + DSM
2024-03-07 12:00:00,104.75916828623063,82.5,2.0,104.75916828623063,0.0,39.857332962481465,39.857332962481465,586.8788497293474,30.731914493042154,30.73502692790274,48.08046517132551,27.28177800956728,16.554611340548956,2.443389256208522,0.2352140005562778,4.9453644326462385,PCM Storage + DSM
2024-03-07 13:00:00,106.29550870919671,78.6,3.4,106.29550870919671,0.0,39.63525892484028,39.63525892484028,651.6942603563738,30.70875474132081,30.711858921036587,48.78558686526539,27.681877581300842,16.797392177826,2.479222661005108,0.23554711161273958,5.0828945046902785,PCM Storage + DSM
2024-03-07 14:00:00,79.6687050291792,77.4,4.25,79.6687050291792,0.0,43.484094582815565,43.484094582815565,561.1579481130273,30.68565641646069,30.688752362926873,36.56489890158407,20.747624866371194,12.589680400662855,1.8581825448678013,0.22977385812577666,2.965246290856328,PCM Storage + DSM
2024-03-07 15:00:00,69.67900733695808,75.3,4.2,69.67900733695808,0.0,44.928079566979044,44.928079566979044,548.0629922899341,30.662619355538666,30.665707090592385,31.980008434999114,18.146070088108555,11.011054248797576,1.6251841313327409,0.22760788064953144,2.31636070364789,PCM Storage + DSM
2024-03-07 16:00:00,50.489689672342074,75.7,4.4,50.489689672342074,0.0,47.70184584277188,47.70184584277188,430.798395343101,30.639643396063715,30.642722941484188,23.1728430600871,13.1487155534608,7.978654306865212,1.1776149745446005,0.22344723123584218,1.2927880022036617,PCM Storage + DSM
2024-03-07 17:00:00,78.41529907653079,73.7,4.0,78.41529907653079,0.0,43.665271173984564,43.665271173984564,623.703044515029,30.616728375975832,30.619799753484514,35.98963334499636,20.421208157309568,12.391610401277873,1.82894826696669,0.22950209323902315,2.879472007219496,PCM Storage + DSM
2024-03-07 18:00:00,76.67579636342413,82.3,2.6,76.67579636342413,0.0,43.91671179561554,43.91671179561554,477.2180857676928,30.593874133644803,30.596937364905532,35.19126790375466,19.96820029515901,12.11672475821291,1.7883763312604286,0.22912493230657668,2.7625050015751604,PCM Storage + DSM
2024-03-07 19:00:00,89.18394464802154,76.7,2.8,89.18394464802154,0.0,42.10869128697561,42.10869128697561,615.9145450636984,30.571080507869112,30.57413561448827,40.932031197256364,23.225619482363356,14.093330117236947,2.0801147598258782,0.23183696306953658,3.6571890768569384,PCM Storage + DSM
2024-03-07 20:00:00,89.81791758956086,77.9,2.0,89.81791758956086,0.0,42.01705213670767,42.01705213670767,597.9648334708471,30.54834733787483,30.551394341401497,41.223000612476994,23.390721108675347,14.193513956220208,2.0949014625023605,0.2319744217949385,3.7058524136712636,PCM Storage + DSM
2024-03-07 21:00:00,111.83962777055905,83.2,1.65,111.83962777055905,0.0,38.83387084267082,38.83387084267082,602.2058218935649,30.525674463314413,30.528713385240508,51.330126190999515,29.125697993061195,17.67350390902849,2.6085329750452217,0.23674919373599376,5.594818212286215,PCM Storage + DSM
2024-03-07 22:00:00,134.81042611422882,83.2,0.3,134.81042611422882,0.0,35.51350130753112,35.51350130753112,675.349870974512,30.50306172426565,30.506092586026085,61.87284706009525,35.10783999902159,21.303473915305844,3.1443008968189234,0.2417297480387033,7.424741647211431,PCM Storage + DSM
2024-03-07 23:00:00,136.84713271361287,85.7,-1.85,173.5407542819446,36.69362156833172,34.93210597204248,35.219100632228674,816.6070190445091,36.61552214337684,35.9187959663084,62.80761775671184,67.98158342314957,25.975610290871348,3.191804777428083,0.24260184104193627,7.53691413080542,PCM Storage + DSM
2024-03-08 00:00:00,150.088130587774,86.9,-2.5,150.088130587774,0.0,33.30514860938442,33.30514860938442,668.9968198009308,36.327252685717,36.33235773225624,69.24887977460044,39.29314241636276,23.843119785800265,4.125857229271755,0.24504227708592338,8.309865572952052,PCM Storage + DSM
2024-03-08 01:00:00,152.48891615605274,88.3,-2.7,152.48891615605274,0.0,32.958121260049275,32.958121260049275,658.2413415813622,36.289251714072684,36.294345026101944,70.35657370436861,39.92166919510331,24.224510490450385,4.191853777126826,0.24556281810992608,8.442788844524234,PCM Storage + DSM
2024-03-08 02:00:00,133.93691166137052,86.9,-2.75,161.97942826650393,28.04251660513343,36.269033809313434,35.63976556419219,764.2657942943579,40.940050542720606,40.4100472485359,61.79689930640696,35.06474578707779,21.277324302567752,31.72438387258681,0.24059644928602986,7.415627916768835,PCM Storage + DSM
2024-03-08 03:00:00,126.93789810508461,82.6,-1.7,148.29094866005917,21.35305055497456,37.85194128993726,36.6514548855921,791.6645904879291,44.26956201984773,43.867919718683964,58.56763762927123,33.23240078175198,20.165455442908847,24.842517993301655,0.23822208806509412,6.728739383009792,PCM Storage + DSM
2024-03-08 04:00:00,123.3872975393814,85.5,-0.9,139.69972694609183,16.312429406710436,38.845412406505545,37.16468502123777,715.3226527486003,46.79269475611425,46.48832667948906,56.92943272433227,32.30285190173442,19.601404213354204,19.704292384545596,0.23673188139024168,6.201182238251039,PCM Storage + DSM
2024-03-08 05:00:00,145.71457568654165,84.4,-0.5,158.20717801086633,12.492602324324668,36.705249029711084,33.93733466739814,792.4217264517258,48.70474698710658,48.47409417538989,67.23097351940905,38.14814370842428,23.148333376032358,16.498232437460054,0.2399421264554334,8.067716822329086,PCM Storage + DSM
2024-03-08 06:00:00,129.1474321837117,86.8,-1.3,138.74533587014733,9.597903686435654,38.95577621731488,36.33207244481821,692.7709299629055,50.153717024035394,49.97892628992589,59.58709039458666,33.810857831522,20.516463783816285,13.14811025260666,0.23656633567402768,6.451216761834052,PCM Storage + DSM
2024-03-08 07:00:00,119.74792760674264,82.3,-1.1,2.842170943040401e-14,-119.7479276067426,82.3,32.84446356349494,0.0,38.429237775730186,39.3516080265013,55.25027068844289,0.0,0.0,0.0,0.17155,0.0,PCM Storage + DSM
2024-03-08 08:00:00,110.12772925421086,82.7,-0.7,110.12772925421086,0.0,39.0813213490003,39.0813213490003,603.1494765232394,38.71143921091299,38.71739826034766,50.81162549702527,28.83149075566433,17.494978650631705,3.0273632305723517,0.23637801797649954,5.462863134096833,PCM Storage + DSM
2024-03-08 09:00:00,108.81465564071523,84.0,-0.25,108.81465564071523,0.0,39.271122746340424,39.271122746340424,581.1659627773058,38.66711611941546,38.67305700595646,50.205788936598644,28.487727472743842,17.286382732143394,2.991267409806307,0.23609331588048937,5.340553616880584,PCM Storage + DSM
2024-03-08 10:00:00,90.49941556805888,80.9,0.35,90.49941556805888,0.0,41.91854336517045,41.91854336517045,554.6110103027227,38.62290974617107,38.62883487562804,41.75535482920202,23.69278910055931,14.376809128635491,2.4877894507985845,0.23212218495224432,3.7783894387711854,PCM Storage + DSM
2024-03-08 11:00:00,84.5793187452039,77.7,0.9,84.5793187452039,0.0,42.77427806109154,42.77427806109154,578.5215840783208,38.57882062196875,38.584730036140456,39.02389251080019,22.14290499801159,13.436337839279817,2.325048571963529,0.23083858290836268,3.330858262994974,PCM Storage + DSM
2024-03-08 12:00:00,97.4540274165568,81.5,1.35,97.4540274165568,0.0,40.91327219588008,40.91327219588008,573.6097553070007,38.534848435829794,38.54074217639806,44.96413008604352,25.51350971812834,15.481624297683839,2.6789686963494086,0.23363009170617988,4.339954329859327,PCM Storage + DSM
2024-03-08 13:00:00,114.84511605490552,82.5,1.5,114.84511605490552,0.0,38.39943527851406,38.39943527851406,622.1128273782438,38.49099287759811,38.4968709861342,52.988171704458686,30.066504814849797,18.244386469387482,3.1570421356176426,0.23740084708222892,5.913659503571961,PCM Storage + DSM
2024-03-08 14:00:00,114.82554569200319,80.6,1.6,114.82554569200319,0.0,38.4022641238942,38.4022641238942,650.0550620583866,38.44725363794019,38.45311615590513,52.97914217159382,30.061381284736854,18.241277505973088,3.156504154879633,0.2373966038141587,5.911752558299761,PCM Storage + DSM
2024-03-08 15:00:00,108.29226787679158,80.5,2.55,108.29226787679158,0.0,39.34663254756332,39.34663254756332,628.6267344677807,38.403630408343055,38.40947737708787,49.964765430489244,28.35096611310779,17.203395796527033,2.976907198083855,0.23598005117865503,5.292278182915394,PCM Storage + DSM
2024-03-08 16:00:00,107.46660940443525,80.4,2.4,107.46660940443525,0.0,39.46597934592122,39.46597934592122,627.1767042940097,38.36012288111193,38.36595434187799,49.58381642364125,28.1348083409074,17.072231034986878,2.9542102068978084,0.23580103098111818,5.216421967681059,PCM Storage + DSM
2024-03-08 17:00:00,105.54477654314607,79.7,2.4,105.54477654314607,0.0,39.74377531926028,39.74377531926028,631.0344571017604,38.31673074936817,38.32254674328746,48.697105580904356,27.631671603689405,16.766927138265963,2.9013798599999583,0.23538433702110959,5.041969171234737,PCM Storage + DSM
2024-03-08 18:00:00,116.77649130391349,80.6,1.9,116.77649130391349,0.0,38.120259977691475,38.120259977691475,656.7110864383923,38.2734537070471,38.2792542751425,53.87928529148532,30.57213975361217,18.55120627741018,3.210134798590721,0.2378196100334628,6.103361393346206,PCM Storage + DSM
2024-03-08 19:00:00,111.94230762251011,83.7,1.2,111.94230762251011,0.0,38.81902873543579,38.81902873543579,595.8442936557362,38.23029144889579,38.23607663208137,51.648850391331344,29.306548216717427,17.78324401329993,3.0772451982509965,0.2367714568968463,5.634157588875426,PCM Storage + DSM
2024-03-08 20:00:00,120.02811920277959,80.0,1.0,120.02811920277959,0.0,37.65024556837598,37.65024556837598,677.0689231449086,38.18724367047092,38.19301350955225,55.37954776099906,31.42341745035478,19.067762471347013,3.2995206309073724,0.23852463164743604,6.429483898258354,PCM Storage + DSM
2024-03-08 21:00:00,99.22244315909886,83.1,0.9,99.22244315909886,0.0,40.657652270566686,40.657652270566686,558.4847172301846,38.144310068136676,38.15006460381111,45.78005609343148,25.97648178228105,15.762556228912516,2.727581673585861,0.23401352159414998,4.488921574510918,PCM Storage + DSM
2024-03-08 22:00:00,101.34207629507158,79.8,0.8,101.34207629507158,0.0,40.35126477871462,40.35126477871462,613.7019315171524,38.101490339062565,38.10722961191948,46.75802963220771,26.53140272343775,16.099282834574332,2.785849463738278,0.23447310283192807,4.670772328893851,PCM Storage + DSM
2024-03-08 23:00:00,104.73255743659972,80.6,0.75,130.06554210607504,25.33298466947533,39.95948962263371,39.86117949202287,764.5464534640777,42.294495767293604,41.81671019298403,48.322357337725094,52.75201693318583,16.637897365066312,2.87905231111669,0.23506076556604943,4.940625790033839,PCM Storage + DSM
2024-03-09 00:00:00,104.35110847884859,83.7,1.0,123.65363418675653,19.30252570790794,40.70094939774138,39.916316953053986,686.9874354034939,45.29597251149739,44.93390136852156,53.41709139380838,30.309882072267623,18.392068042936977,24.82515935053035,0.23394857590338794,5.223887253918936,PCM Storage + DSM
2024-03-09 01:00:00,109.26067892341312,79.7,0.85,124.01920252988768,14.75852360647455,40.65867583035782,39.20665123352332,758.8661325867191,47.570517675322755,47.296136971224314,55.93028916395762,31.73591868433106,19.25738854594175,20.54098926528941,0.23401198625446326,5.483849916780339,PCM Storage + DSM
2024-03-09 02:00:00,119.98225550725951,81.6,0.7,131.29729431723229,11.315038809972787,39.81705234359523,37.656875047033864,750.6845500831807,49.29418805241928,49.08625993596623,61.41863945188125,34.85011389147675,21.147085444538977,17.664928623710765,0.23527442148460714,6.332119600975634,PCM Storage + DSM
2024-03-09 03:00:00,139.5518495039368,86.0,0.75,148.25738517802435,8.705535674087535,37.85582250160695,34.82814081022286,735.6535594152376,50.60040065972785,50.442830900025655,71.4362694157462,40.53430924778841,24.596261113166346,16.091118349683512,0.23821626624758957,8.205531729108431,PCM Storage + DSM
2024-03-09 04:00:00,135.0082592775677,83.7,0.75,141.73629047040626,6.728031192838569,38.609908411168824,35.48490503504799,750.932188655964,51.5902600888641,51.47085233585723,69.1104160739279,39.21457545718982,23.79544527305917,13.873150833511211,0.23708513738324677,7.625681288050585,PCM Storage + DSM
2024-03-09 05:00:00,109.46378229208963,80.6,0.8,114.69324315574055,5.22946086365091,41.737110490871984,39.177293166478876,705.0233835589512,52.34038429067291,52.24989604276864,56.034257309242655,31.794912203832705,19.293185875082777,11.022675478688026,0.23239433426369202,5.131468068222117,PCM Storage + DSM
2024-03-09 06:00:00,100.32980006137018,80.8,0.85,104.4236311184563,4.093831057086117,42.92466719434022,40.497586692182395,658.6324275101537,52.90883502375358,52.840262231764825,51.35859290356306,29.141850551695004,17.68330529844836,9.403642684902344,0.23061299920848966,4.337335725288279,PCM Storage + DSM
2024-03-09 07:00:00,119.8871950217794,82.3,0.3,1.4210854715202004e-14,-119.88719502177939,82.3,35.57945081829049,0.0,41.179893231868974,42.10591147541605,61.369978208940445,0.0,0.0,0.0,0.17155,0.0,PCM Storage + DSM
2024-03-09 08:00:00,116.78189643424355,85.1,0.1,0.0,-116.78189643424355,85.1,24.29937191194019,0.0,29.898798375376774,30.82022919443818,59.780383034787704,0.0,0.0,0.0,0.16735,0.0,PCM Storage + DSM
2024-03-09 09:00:00,107.09801878536156,80.4,0.6,107.09801878536156,0.0,39.519258167327436,39.519258167327436,625.8401838751904,30.204372059620464,30.207298825006124,54.823228434732464,31.10775119572193,18.87621585891798,5.668009954318121,0.23572111274900884,5.750104216207151,PCM Storage + DSM
2024-03-09 10:00:00,97.73311047409636,79.7,1.05,97.73311047409636,0.0,40.872931461171426,40.872931461171426,601.3231095052188,30.182612356722395,30.185528996369225,50.02935350182856,28.387614623434523,17.22563415080352,5.172385533516205,0.23369060280824286,4.840960877263635,PCM Storage + DSM
2024-03-09 11:00:00,86.35550208094831,81.9,1.7,86.35550208094831,0.0,42.51753535025521,42.51753535025521,523.8270215640756,30.160909525030007,30.163818428835704,44.20518204606544,25.082868045388732,15.220310481672726,4.5702418303918755,0.2312236969746172,3.841199917906055,PCM Storage + DSM
2024-03-09 12:00:00,81.37474559861303,76.3,2.75,81.37474559861303,0.0,43.23749082757335,43.23749082757335,587.9692450256023,30.139264255991858,30.142165444480373,41.65554430761117,23.63615469647529,14.342443313189527,4.306642394640506,0.23014376375863999,3.4397088636955395,PCM Storage + DSM
2024-03-09 13:00:00,68.79307234705938,76.6,3.55,68.79307234705938,0.0,45.05613918016983,45.05613918016983,520.991495335132,30.117676396936055,30.120569890570806,35.21501483205221,19.98167475768583,12.124901076122837,3.6407752755231595,0.22741579122974526,2.5236194155337204,PCM Storage + DSM
2024-03-09 14:00:00,81.1825150125462,77.4,4.0,81.1825150125462,0.0,43.265277261991045,43.265277261991045,568.1550849043648,30.096145795593472,30.09903161478361,41.557141914629426,23.5803192915687,14.308562331277473,4.296468864936518,0.23010208410701344,3.4246549318891546,PCM Storage + DSM
2024-03-09 15:00:00,77.14452246866351,78.2,3.5,77.14452246866351,0.0,43.84895864847295,43.84895864847295,536.4953521033204,30.074672300098854,30.07755046519938,39.490102858615764,22.407441690190957,13.59685897990372,4.082763866526988,0.22922656202729058,3.1160158540182743,PCM Storage + DSM
2024-03-09 16:00:00,82.86613931172373,75.7,3.6,82.86613931172373,0.0,43.021913720682065,43.021913720682065,605.7888376099678,30.053255758989735,30.056126290301687,42.418985304440966,24.06934575909701,14.605304101639133,4.385572280623367,0.2304671294189769,3.5576174187995724,PCM Storage + DSM
2024-03-09 17:00:00,90.02754535380399,79.3,3.2,90.02754535380399,0.0,41.98675098514564,41.98675098514564,576.3855952361777,30.03189602120539,30.034758938975937,46.08489251553218,26.149451814233693,15.86751462464223,4.764579485367037,0.23201987352228154,4.151303802950896,PCM Storage + DSM
2024-03-09 18:00:00,99.67338565528844,80.4,2.65,99.67338565528844,0.0,40.592469698152506,40.592469698152506,598.1563975090305,30.010592936085747,30.013448260508376,51.0225758853156,28.951188051517466,17.567611094553378,5.275071831225909,0.23411129545277123,5.022926759499773,PCM Storage + DSM
2024-03-09 19:00:00,114.58809887741974,78.9,2.15,114.58809887741974,0.0,38.43658644728772,38.43658644728772,676.5155327795458,29.989346353370312,29.992194104584936,58.65738313281614,33.283324101573136,20.19635576646965,6.064411764565507,0.2373451203290684,6.533287566086134,PCM Storage + DSM
2024-03-09 20:00:00,115.64975123964432,83.5,1.75,115.64975123964432,0.0,38.28312734204896,38.28312734204896,611.0052713703027,29.968156123197147,29.970996321290276,59.20084052476994,33.59169224801495,20.383473879239265,6.120598202235974,0.23757530898692658,6.648327560074718,PCM Storage + DSM
2024-03-09 21:00:00,115.64824968764135,81.5,1.5,115.64824968764135,0.0,38.2833443875104,38.2833443875104,639.2764189931497,29.947022096101808,29.949854761106653,59.200071883768,33.591256106369705,20.3832092280342,6.120518734736983,0.2375749834187344,6.648164146098685,PCM Storage + DSM
2024-03-09 22:00:00,118.02970595630842,79.9,1.0,118.02970595630842,0.0,37.93911103847973,37.93911103847973,671.9661880816818,29.92594412301625,29.928769274912923,60.41913384686666,34.282975243001516,20.802945121337928,6.246553912508387,0.2380913334422804,6.909854408438139,PCM Storage + DSM
2024-03-09 23:00:00,113.058352458467,84.8,0.7,150.61483973865998,37.55648728019299,37.583211330275404,38.657707338690244,762.0300429916688,36.184191429943375,35.47083622575816,57.87430947445522,70.39548037048291,19.926735245557595,5.983452116305498,0.2386251830045869,6.742399418830421,PCM Storage + DSM
2024-03-10 00:00:00,125.39798822161839,81.3,0.55,153.9510400043814,28.55305178276301,37.197420029174054,36.87404487952372,833.9104323212181,40.66553019810975,40.12494181787465,57.840477442989105,32.81979614681647,19.915086520242912,41.12091518299711,0.23920386995623893,6.872344080693276,PCM Storage + DSM
2024-03-10 01:00:00,109.19484073750081,83.0,0.2,130.96349452772503,21.76865379022422,39.85565226111952,39.21616797314557,725.1487843807361,44.0615276691537,43.651865028885666,50.366690982362634,28.579026379236875,17.34178300379282,32.71257611195918,0.2352165216083207,5.1810243879501625,PCM Storage + DSM
2024-03-10 02:00:00,121.38461669877567,82.2,-0.05,138.0119939619464,16.62737726317071,39.040578359387666,37.45416736104455,763.909639421297,46.63504449116682,46.32459853086507,55.98928885272989,31.769396239217087,19.277702761150735,28.793005302305282,0.2364391324609185,6.033211475185272,PCM Storage + DSM
2024-03-10 03:00:00,118.12002960294832,84.5,-0.3,130.85130218941808,12.731272586469757,39.868625951162585,37.92605498878921,700.3877917965514,48.58527822651516,48.35001954096692,54.48348099285291,30.914971981634697,18.75923723081568,24.569711288196345,0.23519706107325614,5.600261354227722,PCM Storage + DSM
2024-03-10 04:00:00,121.42268374499785,83.1,-0.7,131.20145386015804,9.778770115160173,39.82813513590021,37.448664867893115,724.3255608774446,50.06318254404571,49.884901438142165,56.0068474767522,31.779359339220857,19.283748380620683,21.948213378476225,0.23525779729614968,5.770452098010222,PCM Storage + DSM
2024-03-10 05:00:00,117.96246808957768,83.7,-1.05,125.50380580328847,7.541337713710794,40.48699937725354,37.948830098346974,693.8143016844768,51.18315146478912,51.04804847104365,54.410804921336585,30.873734184898524,18.734214092761096,19.363985001194933,0.2342695009341197,5.390913933301002,PCM Storage + DSM
2024-03-10 06:00:00,120.71047995787953,84.7,-1.5,126.55627167300042,5.845791715120902,40.365294400063526,37.551612084710705,681.9312914672263,52.03187378635797,51.92949154665577,55.67833975770629,31.59295775942115,19.17063970765346,17.943855205630584,0.2344520583999047,5.557156740976095,PCM Storage + DSM
2024-03-10 07:00:00,136.27021971170763,84.5,-1.75,0.0,-136.27021971170763,84.5,32.33436570204545,0.0,38.70522642125585,39.75662700250444,62.855351040052504,0.0,0.0,0.0,0.16825,0.0,PCM Storage + DSM
2024-03-10 08:00:00,127.35135043922163,87.5,-2.0,0.0,-127.35135043922163,87.5,20.296917840469384,0.0,26.415197927433038,27.42035794086325,58.74147597484425,0.0,0.0,0.0,0.16375,0.0,PCM Storage + DSM
2024-03-10 09:00:00,129.12998371684986,83.1,-1.7,129.12998371684986,0.0,36.334594575609486,36.334594575609486,659.634206282409,26.76021428836715,26.761913625016295,59.56187986993855,33.79655289635751,20.50778353424396,12.941898185476953,0.2404981081365858,7.147425584392626,PCM Storage + DSM
2024-03-10 10:00:00,115.78504481254119,84.2,-0.95,115.78504481254119,0.0,38.2635710057377,38.2635710057377,602.137968599222,26.747589640473176,26.749281888326824,53.40645705479275,30.303847944368304,18.388406527836406,11.60441764362479,0.23760464349139346,6.003877742653459,PCM Storage + DSM
2024-03-10 11:00:00,119.02132879913165,83.5,-0.25,119.02132879913165,0.0,37.795774519287036,37.795774519287036,622.112914422402,26.734997556868247,26.736685316347863,54.89920995761183,31.150864568952354,18.902377098744772,11.928770335758507,0.23830633822106945,6.32578084043388,PCM Storage + DSM
2024-03-10 12:00:00,120.778503057195,81.8,0.7,120.778503057195,0.0,37.54177952150268,37.54177952150268,651.9232511730177,26.722438871381154,26.724122154397957,55.70971576777914,31.610761109255304,19.181442798894835,12.104881024286607,0.23868733071774598,6.504071593223189,PCM Storage + DSM
2024-03-10 13:00:00,100.10415935731037,82.4,1.65,100.10415935731037,0.0,40.53020247281128,40.53020247281128,571.1524422352106,26.709913495432097,26.711592313859054,46.173566684522754,26.19976723828301,15.898046076414882,10.032819652373417,0.23420469629078308,4.562815766413417,PCM Storage + DSM
2024-03-10 14:00:00,102.09021963976208,77.1,2.4,102.09021963976208,0.0,40.243122591731705,40.243122591731705,661.7079859814099,26.697421340673802,26.699095706352402,47.08964736968132,26.71956898733625,16.213462319692585,10.231870168960418,0.23463531611240243,4.7344526890340015,PCM Storage + DSM
2024-03-10 15:00:00,81.073161877461,80.9,2.25,81.073161877461,0.0,43.28108397505677,43.28108397505677,514.8392033242028,26.684962318993357,26.686632243733666,37.395419633986265,21.218878257389814,12.87563744966799,8.125460690009202,0.23007837403741485,3.078147730057026,PCM Storage + DSM
2024-03-10 16:00:00,90.55031660284419,77.6,2.4,90.55031660284419,0.0,41.91118575214021,41.91118575214021,606.1200219159471,26.672536342511542,26.674201838092312,41.7668067821474,23.699287158282306,14.380752156836767,9.075297188191275,0.23213322137178968,3.7812695355724344,PCM Storage + DSM
2024-03-10 17:00:00,76.30295291061663,79.3,2.05,76.30295291061663,0.0,43.97060535314701,43.97060535314701,515.9479905258391,26.66014332358223,26.661804401750967,35.195135817171895,19.970395023409523,12.118056521603574,7.647372201221656,0.2290440919702795,2.7514278852691407,PCM Storage + DSM
2024-03-10 18:00:00,90.02153610307877,78.8,1.35,90.02153610307877,0.0,41.98761960680774,41.98761960680774,584.1888912030286,26.647783174791705,26.649439847264766,41.522904013030235,23.560892049598095,14.29677386059461,9.022300794995443,0.2320185705897884,3.7401457804417158,PCM Storage + DSM
2024-03-10 19:00:00,97.09207319134205,82.2,0.15,97.09207319134205,0.0,40.965591743705005,40.965591743705005,562.5029236947652,26.63545580895818,26.63710808742083,44.784226198205495,25.41142880203142,15.419681491365312,9.730936918682971,0.2335516123844425,4.308531397825733,PCM Storage + DSM
2024-03-10 20:00:00,130.42693951332888,83.1,-0.85,130.42693951332888,0.0,36.14712296706443,36.14712296706443,663.5992260595874,26.623161139131035,26.624809035237558,60.16010750943003,34.13599873161801,20.713759620990757,13.071884029089395,0.24077931554940335,7.219212901131603,PCM Storage + DSM
2024-03-10 21:00:00,140.8924462855513,87.8,-1.45,140.8924462855513,0.0,34.63436101006168,34.63436101006168,633.0783296011007,26.61089907859032,26.612542603964087,64.98737720468517,36.87508413249729,22.375839498051068,14.12077692914982,0.24304845848490747,7.7984852645622205,PCM Storage + DSM
2024-03-10 22:00:00,153.9056527919164,85.9,-1.85,153.9056527919164,0.0,32.753335640731244,32.753335640731244,691.7980526525997,26.598669540846057,26.600308707079613,70.98978671752461,40.28096640231905,24.44253241039693,15.425009988152265,0.24586999653890312,8.518774406102951,PCM Storage + DSM
2024-03-10 23:00:00,133.7538869386873,86.9,-2.35,176.28508153102362,42.53119459233633,34.6147576428824,35.666221314849295,805.4474509152086,33.6974266592806,32.88819959270189,61.69467939722134,77.53793884260205,21.242128909557138,13.405323355945011,0.2430778635356764,7.4033615276665605,PCM Storage + DSM
2024-03-11 00:00:00,141.37011440749518,84.7,-2.7,173.68793486347013,32.31782045597496,34.91508631389215,34.56531531751408,833.4367929851743,38.78103800561245,38.1677968814119,59.5656012115134,33.79866445693375,20.509064831403162,45.78240392946303,0.24262737052916178,7.147872145381608,PCM Storage + DSM
2024-03-11 01:00:00,154.18944908482902,88.3,-3.0,154.18944908482902,0.0,32.71231362003023,32.71231362003023,662.6387576435593,38.51642549620581,38.52231107270342,64.96696472025305,36.86350169736659,22.368811264337754,14.6855416835098,0.24593152956995465,7.796035766430365,PCM Storage + DSM
2024-03-11 02:00:00,173.16828718521572,90.1,-3.2,173.16828718521572,0.0,29.968971621286048,29.968971621286048,687.9715927233117,38.47261823356207,38.47848979257015,72.9636046500116,41.4009485504437,25.122138745587204,16.493152513447164,0.2500465425680709,8.755632558001393,PCM Storage + DSM
2024-03-11 03:00:00,157.0631733771125,89.0,-3.35,157.0631733771125,0.0,32.29692420039701,32.29692420039701,661.7112624848779,38.42892772917078,38.43478371498318,66.17779429270843,37.55054961766932,22.785712658702725,14.959245222446668,0.24655461369940448,7.94133531512501,PCM Storage + DSM
2024-03-11 04:00:00,140.38340583416445,85.5,-3.55,165.22682911079016,24.843423276625714,35.893511089713186,34.70794149175201,795.6880855286478,42.53921851145252,42.070867695721375,59.1498564153991,33.56276288660145,20.365919512571413,38.21402917921558,0.24115973336543023,7.097982769847892,PCM Storage + DSM
2024-03-11 05:00:00,135.44040052440357,87.2,-3.7,154.372435009458,18.93203448505443,37.148690782025284,35.42244013463818,736.8092824989427,45.481425557211494,45.12650417728671,57.06714548104338,32.380992760902295,19.648820168167962,31.831851297021327,0.23927696382696206,6.797145306788044,PCM Storage + DSM
2024-03-11 06:00:00,143.2786742907657,88.4,-3.9,157.75643638344926,14.47776209268356,36.757371859592865,34.28943791884511,729.7591137523483,47.71105562828307,47.44209307765566,60.369763515347245,34.254961570089414,20.785946395407436,28.124123475669336,0.2398639422106107,7.244371621841669,PCM Storage + DSM
2024-03-11 07:00:00,170.21049793291942,87.4,-4.05,0.0,-170.21049793291942,87.4,23.107568041915794,0.0,31.066218258612167,32.37502960151447,71.71735472082119,0.0,0.0,0.0,0.1639,0.0,PCM Storage + DSM
2024-03-11 08:00:00,164.06611076103633,92.8,-4.05,164.06611076103633,0.0,31.28466769985272,31.28466769985272,637.142073812571,31.50624289272119,31.50963469981135,69.12844745775878,39.224806810175416,23.801653668718174,15.6262294387405,0.24807299845022093,8.295413694931055,PCM Storage + DSM
2024-03-11 09:00:00,163.68384578247486,86.9,-3.55,163.68384578247486,0.0,31.339923114583055,31.339923114583055,703.7910801126658,31.48103057847562,31.484410030964096,68.96738199236285,39.13341517624921,23.746197129965623,15.589821187007777,0.24799011532812543,8.276085839083542,PCM Storage + DSM
2024-03-11 10:00:00,128.23944804279284,86.1,-2.35,128.23944804279284,0.0,36.46331920580541,36.46331920580541,617.19114084459,31.45588393802146,31.4592544271427,54.03305963015196,30.659394262405346,18.60415240431859,12.213972946142535,0.24030502119129188,6.483967155618235,PCM Storage + DSM
2024-03-11 11:00:00,124.50319623495865,83.5,-1.15,124.50319623495865,0.0,37.00338474870641,37.00338474870641,639.6758242735923,31.430803994272015,31.434165543808323,52.45880833846985,29.766133889031096,18.062121078429985,11.858119273989837,0.23949492287694038,6.293991641314401,PCM Storage + DSM
2024-03-11 12:00:00,127.10682061602051,83.4,-0.05,127.10682061602051,0.0,36.6270375731975,36.6270375731975,649.1943840574612,31.405790570329984,31.409143203991917,53.55583264404459,30.38860651838575,18.439838118920605,12.106097553977405,0.24005944364020376,6.42669991728535,PCM Storage + DSM
2024-03-11 13:00:00,124.27713221753585,83.7,1.2,124.27713221753585,0.0,37.036061718187916,37.036061718187916,636.2248236639274,31.380843489764153,31.384187231199387,52.36355737848785,29.712086667645703,18.02932516814298,11.836588147374437,0.23944590742271812,6.2722969663215435,PCM Storage + DSM
2024-03-11 14:00:00,112.27695756327756,80.1,2.25,112.27695756327756,0.0,38.77065595136289,38.77065595136289,648.9823702729938,31.35596257661128,31.359297449404757,47.307342909680976,26.84309361162556,16.28841719049975,10.693649599111296,0.23684401607295566,5.174290979564567,PCM Storage + DSM
2024-03-11 15:00:00,85.28860691176479,78.4,3.1,85.28860691176479,0.0,42.671752289690446,42.671752289690446,570.2694151442588,31.33114765537479,31.33447368304891,35.93593432730759,20.39073830485085,12.37312126303765,8.123184818191563,0.23099237156546434,3.0893938124584777,PCM Storage + DSM
2024-03-11 16:00:00,91.64951705312687,76.4,3.5,91.64951705312687,0.0,41.75229916781146,41.75229916781146,631.9119029573253,31.306398551023623,31.309715757038397,38.616072476807155,21.91150008968538,13.295921099641646,8.729020117432048,0.23237155124828282,3.532837922642792,PCM Storage + DSM
2024-03-11 17:00:00,93.16322959622896,80.3,3.5,93.16322959622896,0.0,41.533495931725405,41.533495931725405,574.1014885482136,31.281715088990946,31.28502349674415,39.253867799172006,22.27339738702425,13.515520756985794,8.873191387129934,0.2326997561024119,3.6427206360684417,PCM Storage + DSM
2024-03-11 18:00:00,106.34048005266666,79.0,2.75,106.34048005266666,0.0,39.628758433365064,39.628758433365064,645.238513639492,31.257097095172917,31.260396728000273,44.80603735807835,25.42380487243053,15.427191303786946,10.128238746081193,0.2355568623499524,4.67001899154509,PCM Storage + DSM
2024-03-11 19:00:00,84.5123776481591,80.9,1.3,84.5123776481591,0.0,42.783954223667656,42.783954223667656,529.6796115124141,31.232544395927476,31.23583527710282,35.60887395136868,20.20515797528672,12.260510925569625,8.049254031913378,0.2308240686644985,3.0373042928178333,PCM Storage + DSM
2024-03-11 20:00:00,93.80429662792426,78.9,0.05,93.80429662792426,0.0,41.440831349059295,41.440831349059295,598.2261216938576,31.208056818073118,31.211338970808548,39.52397823460493,22.426663228178036,13.60852262919491,8.934248850346536,0.23283875297641105,3.6897614586499667,PCM Storage + DSM
2024-03-11 21:00:00,98.80966161110722,83.8,-0.75,98.80966161110722,0.0,40.71731877654151,40.71731877654151,547.8951606285934,31.183634188887673,31.18690763633373,41.63296411012702,23.623342259387176,14.334668713006042,9.410977294075998,0.23392402183518773,4.067377697957317,PCM Storage + DSM
2024-03-11 22:00:00,107.91899735146889,84.0,-1.25,107.91899735146889,0.0,39.400587837323144,39.400587837323144,578.0555072811625,31.159276336107077,31.162541101352893,45.47113784498114,25.8011956437777,15.65619241731303,10.278582247061912,0.23589911824401527,4.801591778638302,PCM Storage + DSM
2024-03-11 23:00:00,121.20302146641524,82.0,-1.65,156.9155170268857,35.71249556047047,36.85461403537688,37.48041648256985,830.3349106402794,37.10596900564244,36.42815095154774,51.06829595885383,64.68962605851807,17.583352998155803,11.543799102188405,0.23971807894693467,6.128195515062459,PCM Storage + DSM
2024-03-12 00:00:00,123.15674723377158,87.5,-2.05,150.31429937716334,27.15755214339176,37.61796519630873,37.1980104720824,719.8747021943434,41.364061343924924,40.850403403991386,55.54028615278162,31.514623496440244,19.123106395204307,40.68544684753171,0.2385730522055369,6.458902555321113,PCM Storage + DSM
2024-03-12 01:00:00,157.72226569344772,85.2,-2.35,157.72226569344772,0.0,32.20165410942051,32.20165410942051,710.9375740237009,41.12766764014995,41.13448423165254,71.12837880210772,40.35960620898495,24.490251127072703,17.32467161339792,0.24669751883586924,8.535405456252926,PCM Storage + DSM
2024-03-12 02:00:00,160.96504125524922,89.6,-2.5,160.96504125524922,0.0,31.732919282549837,31.732919282549837,664.5088474535652,41.076934642050155,41.083734492922524,72.59078087651322,41.18940119146893,24.993771587599237,17.680867496567362,0.24740062107617525,8.710893705181586,PCM Storage + DSM
2024-03-12 03:00:00,158.9402795385295,88.0,-1.9,158.9402795385295,0.0,32.02559335593336,32.02559335593336,678.3365994980293,41.02633668094129,41.03311849649873,71.67766935267319,40.671284201489435,24.679377657884032,17.458461790668313,0.24696160996609995,8.601320322320785,PCM Storage + DSM
2024-03-12 04:00:00,154.25103756017208,84.7,-2.2,154.25103756017208,0.0,32.703411165087864,32.703411165087864,708.68626643988,40.97587292135585,40.98263674943017,69.5629509375851,39.47135241739379,23.95125780023,16.94338183646133,0.2459448832523682,8.347554112510212,PCM Storage + DSM
2024-03-12 05:00:00,159.5510087940404,88.7,-2.45,159.5510087940404,0.0,31.937314020410142,31.937314020410142,671.4866651995932,40.925543007348494,40.93228889564809,71.95309135248101,40.82756392613297,24.77420835773704,17.525546065357762,0.2470940289693848,8.634370962297723,PCM Storage + DSM
2024-03-12 06:00:00,162.81566677324793,90.0,-3.15,162.81566677324793,0.0,31.465416146656064,31.465416146656064,664.4838544758205,40.87534658391912,40.88207458002586,73.42536179180962,41.662958408126585,25.281126600404132,17.884145576791102,0.2478018757800159,8.811043415017155,PCM Storage + DSM
2024-03-12 07:00:00,144.39819828520916,85.9,-2.85,0.0,-144.39819828520916,85.9,20.002960202650932,0.0,26.789333360248403,27.9042093527161,65.11959298083366,0.0,0.0,0.0,0.16615,0.0,PCM Storage + DSM
2024-03-12 08:00:00,108.97811541177113,85.6,-3.25,108.97811541177113,0.0,39.24749505887763,39.24749505887763,561.6514189061586,27.172308770445376,27.174155278203692,49.14611542047033,27.886448397622257,16.92152596245808,11.970472616881434,0.23612875741168354,5.234799941033217,PCM Storage + DSM
2024-03-12 09:00:00,111.56382331885987,82.1,-2.15,111.56382331885987,0.0,38.873737663378435,38.873737663378435,616.5616105037916,27.158591220355387,27.160429967084212,50.31219815887379,28.548106106143848,17.323020549842084,12.254494281048663,0.23668939350493234,5.47183261535901,PCM Storage + DSM
2024-03-12 10:00:00,102.65598524865136,84.8,-0.9,102.65598524865136,0.0,40.16134263512418,40.16134263512418,549.3813700164025,27.144909032793024,27.146742902586528,46.29500960417027,26.2686762798834,15.939860154703481,11.27603148333793,0.23475798604731374,4.677274826569552,PCM Storage + DSM
2024-03-12 11:00:00,115.80968694147558,81.2,0.1,115.80968694147558,0.0,38.26000904968504,38.26000904968504,644.2934482107618,27.13126313464281,27.133092140443527,52.226965200570206,29.63458164637534,17.98229504042836,12.720872269303399,0.23760998642547243,5.8723971313266015,PCM Storage + DSM
2024-03-12 12:00:00,100.06502184083341,82.1,1.15,100.06502184083341,0.0,40.53585969967153,40.53585969967153,575.1276778278267,27.117653429656585,27.119477584365338,45.12655678031933,25.605673739426194,15.537549521898807,10.991432539711155,0.23419621045049271,4.457819772611498,PCM Storage + DSM
2024-03-12 13:00:00,95.14439844496026,79.4,1.95,95.14439844496026,0.0,41.24712309474876,41.24712309474876,595.7399289061117,27.104079821838834,27.105899138322226,42.9074917465692,24.346533682776546,14.77350202272768,10.450936978783853,0.23312931535787687,4.055498614780729,PCM Storage + DSM
2024-03-12 14:00:00,81.57555190534175,78.0,2.65,81.57555190534175,0.0,43.208464794896976,43.208464794896976,560.127898075967,27.09054221544863,27.09235670653913,36.78831730829743,20.874396754985117,12.666605714847837,8.960495477465455,0.23018730280765454,3.04420423976331,PCM Storage + DSM
2024-03-12 15:00:00,71.52835334138268,77.7,3.2,71.52835334138268,0.0,44.660761381465655,44.660761381465655,517.1886347740486,27.077040514999,27.07885019349506,32.257308688713785,18.303415570039377,11.106531651283685,7.856882014966068,0.2280088579278015,2.3881837746105634,PCM Storage + DSM
2024-03-12 16:00:00,71.68692086684896,76.1,3.45,71.68692086684896,0.0,44.63784085545939,44.63784085545939,544.3173520699623,27.063574625256226,27.065379503922344,32.32881825629126,18.343991470069817,11.131153149727128,7.874299532367141,0.22804323871681093,2.3979239774352146,PCM Storage + DSM
2024-03-12 17:00:00,72.65797486590202,77.5,3.35,72.65797486590202,0.0,44.497477509475814,44.497477509475814,525.9408807113565,27.050144451239195,27.051944542806005,32.76673674787692,18.59247482045241,11.281933105811321,7.980962923097078,0.22825378373578628,2.458001178788499,PCM Storage + DSM
2024-03-12 18:00:00,85.97647616311833,78.7,2.2,85.97647616311833,0.0,42.57232256712779,42.57232256712779,568.5129665767529,27.03674989821868,27.03854521538306,38.77301240705368,22.000550815849657,13.349957173123597,9.443905776107796,0.2311415161493083,3.3564270966583347,PCM Storage + DSM
2024-03-12 19:00:00,95.59482768444664,79.5,2.55,95.59482768444664,0.0,41.182014712264575,41.182014712264575,595.9811232180963,27.023390871716735,27.02518142714189,43.11062287348315,24.46179417976951,14.843442212475132,10.50041343427899,0.23322697793160313,4.091539190147201,PCM Storage + DSM
2024-03-12 20:00:00,100.61693888981499,80.7,1.8,100.61693888981499,0.0,40.45608151660861,40.45608151660861,597.2712577014355,27.010067277505986,27.011853083821528,45.375456101887565,25.74690398779338,15.623248183856546,11.05205671087305,0.23431587772508708,4.504127081377993,PCM Storage + DSM
2024-03-12 21:00:00,120.00440944915802,82.2,-0.8,120.00440944915802,0.0,37.6536727519868,37.6536727519868,643.5556046905556,26.996779021608997,26.998560091411036,54.118669014133665,30.70797066866519,18.63362861828347,13.181632769004656,0.23851949087201982,6.281984885846052,PCM Storage + DSM
2024-03-12 22:00:00,128.69439112812537,86.4,-1.15,128.69439112812537,0.0,36.3975583585697,36.3975583585697,614.85000919186,26.98352601029755,26.985302356148793,58.03761036288607,32.93165314611635,19.982961464041672,14.136165588151243,0.24040366246214545,6.964513243546328,PCM Storage + DSM
2024-03-12 23:00:00,157.74953499102674,85.7,-2.25,157.74953499102674,0.0,32.19771240292989,32.19771240292989,704.362963750413,26.970308150092055,26.97207978452189,71.14067650097311,40.36658415916241,24.49448535451569,17.32766695222093,0.24670343139560516,8.536881180116774,PCM Storage + DSM
2024-03-13 00:00:00,156.77232973715124,89.9,-3.2,156.77232973715124,0.0,32.33896489690082,32.33896489690082,650.6412492593079,26.95712534776086,26.95889228326544,79.36973136020889,45.035907700402014,18.148931631360547,0.0,0.24649155265464878,9.524367763225065,PCM Storage + DSM
2024-03-13 01:00:00,162.3872366300036,88.0,-3.4,162.3872366300036,0.0,31.527344616632647,31.527344616632647,686.9331236077082,26.943977510319577,26.94573975936191,82.21241190495472,46.64889915748391,18.798947877758675,0.0,0.24770898307505104,9.865489428594564,PCM Storage + DSM
2024-03-13 02:00:00,140.0084810380436,87.8,-3.5,182.02339540214558,42.01491436410198,33.9511908908459,34.76213590208042,807.5173908701425,33.955505658265935,33.15622827191805,70.88263309457628,40.22016538170122,16.208245131206574,42.01491436410196,0.24407321366373114,8.505915971349154,PCM Storage + DSM
2024-03-13 03:00:00,137.20624729538673,84.0,-1.4,169.13335619630976,31.927108900923038,35.44176837432665,35.167191547524396,832.084017936683,38.9766125385852,38.37091139068533,69.46393542174019,39.415169114816365,15.883841273103297,31.927108900923027,0.24183734743851004,8.335672250608823,PCM Storage + DSM
2024-03-13 04:00:00,130.71303405853945,85.8,-1.3,155.03857806822936,24.325544009689896,37.071659375966256,36.10576873993334,760.0793440129829,42.78165097759455,42.322645307968195,66.17659134043964,37.54986703948218,15.132146868223499,24.325544009689906,0.23939251093605063,7.912737921418578,PCM Storage + DSM
2024-03-13 05:00:00,142.08849189765533,84.9,-1.35,160.65350311018702,18.56501121253168,36.422361053026705,34.46147570787704,791.679712924624,45.66514265115781,45.31730410820971,71.93568820596292,40.817689047046784,16.449040014760786,18.565011212531687,0.24036645842045995,8.632282584715549,PCM Storage + DSM
2024-03-13 06:00:00,150.63743604655062,86.2,-1.3,150.63743604655062,0.0,33.22574792493626,33.22574792493626,679.311328752516,45.47573705454082,45.484103911259886,76.26379509605562,43.27353989949669,17.438718506741843,0.0,0.2451613781125956,9.151655411526674,PCM Storage + DSM
2024-03-13 07:00:00,144.06981252250912,87.5,-1.3,0.0,-144.06981252250912,87.5,24.650817986594955,0.0,31.414494686008304,32.52746132561305,72.93877903198272,0.0,0.0,0.0,0.16375,0.0,PCM Storage + DSM
2024-03-13 08:00:00,140.56792310927202,83.5,-1.35,140.56792310927202,0.0,34.681269996499296,34.681269996499296,687.8607468715185,31.783938045509593,31.787428329737484,71.16586398729468,40.3808760219386,16.273009595187265,0.0,0.24297809500525105,8.53990367847536,PCM Storage + DSM
2024-03-13 09:00:00,127.5286713930668,85.1,-0.8,127.5286713930668,0.0,36.56606013360122,36.56606013360122,627.7158046558706,31.757989017704936,31.761467190249647,64.56443178565215,36.63509679062973,14.763505409606298,0.0,0.24015090979959816,7.747731814278257,PCM Storage + DSM
2024-03-13 10:00:00,129.34079886369295,83.6,0.25,129.34079886369295,0.0,36.30412179096129,36.30412179096129,653.3005457218782,31.732107797371555,31.735576744714056,65.48186454164423,37.15566573060347,14.973288460141081,0.0,0.24054381731355806,7.857823744997307,PCM Storage + DSM
2024-03-13 11:00:00,107.85511091663813,81.3,1.8,107.85511091663813,0.0,39.40982245637064,39.40982245637064,615.0767412311305,31.70629522207755,31.709754968693304,54.604222528502014,30.98348304450349,12.485972731289992,0.0,0.23588526631544404,5.762987813449179,PCM Storage + DSM
2024-03-13 12:00:00,85.70208673991851,76.7,4.05,85.70208673991851,0.0,42.611984849122805,42.611984849122805,600.6070951774549,31.680551109757555,31.684001680049757,43.38872563137465,24.61959501796042,9.92140204534525,0.0,0.23108202272631578,3.745665850568832,PCM Storage + DSM
2024-03-13 13:00:00,65.44402805547864,74.5,5.75,65.44402805547864,0.0,45.540234877290544,45.540234877290544,539.8533030820095,31.654875278826502,31.65831669713361,33.13260021460532,18.800072767883414,7.576204250144903,0.0,0.2266896476840642,2.2781508981840592,PCM Storage + DSM
2024-03-13 14:00:00,58.81119232253222,73.1,6.55,58.81119232253222,0.0,46.498994140672025,46.498994140672025,528.1565880618925,31.629267548180913,31.63269983877684,29.774568914292274,16.894661408865286,6.808346284130617,0.0,0.22525150878899197,1.8759775357676862,PCM Storage + DSM
2024-03-13 15:00:00,54.561997980628846,73.4,6.3,54.561997980628846,0.0,47.11320420123059,47.11320420123059,495.8535075783549,31.60372773719766,31.607150924291933,27.623312924286605,15.673997504055803,6.316433344335265,0.0,0.22433019369815413,1.6386363250075777,PCM Storage + DSM
2024-03-13 16:00:00,60.92851421210574,73.4,6.0,60.92851421210574,0.0,46.192940733513815,46.192940733513815,534.9827280062236,31.578255665732666,31.5816697734706,30.846513624562892,17.502903394876142,7.053460522592729,0.0,0.22571058889972928,2.000160605430749,PCM Storage + DSM
2024-03-13 17:00:00,63.110617045827055,75.3,5.55,63.110617045827055,0.0,45.87752340829808,45.87752340829808,512.4175272559672,31.552851154119693,31.556256206582567,31.951255233003558,18.12975496987682,7.306074202622907,0.0,0.22618371488755287,2.132262530427453,PCM Storage + DSM
2024-03-13 18:00:00,77.32650637395096,75.2,4.75,77.32650637395096,0.0,43.82265334528053,43.82265334528053,588.7256384122461,31.527514023169015,31.530910044374227,39.148388291569525,22.213546291559275,8.951793213928562,0.0,0.2292660199820792,3.095231300949435,PCM Storage + DSM
2024-03-13 19:00:00,79.97806796301091,77.5,4.6,79.97806796301091,0.0,43.439376970243806,43.439376970243806,560.9434702440792,31.50224409416616,31.50563110806742,40.49080459272158,22.975259045251526,9.258754334407381,0.0,0.22984093454463428,3.2944832235205084,PCM Storage + DSM
2024-03-13 20:00:00,85.92159851872066,76.3,5.0,85.92159851872066,0.0,42.5802549888004,42.5802549888004,608.7217818792298,31.477041188870672,31.480419219358144,43.49985870532424,24.682654055392984,9.946814082484956,0.0,0.2311296175167994,3.7635412233239207,PCM Storage + DSM
2024-03-13 21:00:00,77.61092258523249,75.6,5.65,77.61092258523249,0.0,43.78154171698141,43.78154171698141,582.6992905722423,31.45190512951483,31.455274200415328,39.29238078260255,22.295250392412076,8.984718988407092,0.0,0.2293276874245279,3.1163081772918795,PCM Storage + DSM
2024-03-13 22:00:00,79.22975041394862,75.0,5.55,79.22975041394862,0.0,43.54754433801845,43.54754433801845,601.7755036449131,31.426835738802435,31.43019587387956,40.111950984174804,22.76029024223211,9.172124480406682,0.0,0.22967868349297232,3.2376254527811335,PCM Storage + DSM
2024-03-13 23:00:00,73.85206450687757,77.2,4.35,109.16452403661168,35.31245952973412,42.376440139127205,44.324874937862816,748.8746618176382,37.30593966638917,36.63583105063621,37.389369221822754,56.527904667229535,8.549570398152492,0.0,0.2314353397913092,3.2805940738535986,PCM Storage + DSM
2024-03-14 00:00:00,83.06026069706274,73.8,6.45,109.91507279522695,26.854812098164203,42.28964823244783,42.993853976116135,833.306513333132,41.51560086762717,41.00778522423379,62.24505435758474,35.319037557686336,3.3261013717309575,26.854812098164203,0.23156552765132826,5.493879872342864,PCM Storage + DSM
2024-03-14 01:00:00,80.43353794884119,76.9,5.5,100.9152507396116,20.4817127907704,43.33036904773908,43.37353996090285,718.1431341874805,44.70571871657263,44.320891545201555,60.276597975757646,34.202097656228176,3.220915738280067,20.481712790770402,0.23000444642839138,4.943753096318426,PCM Storage + DSM
2024-03-14 02:00:00,94.95941539320684,77.3,3.6,110.6115374215684,15.652122028361555,42.209110503005135,41.27386191681188,753.0205490225791,47.123218145964614,46.83159272293767,71.16223719152919,40.37881810846776,3.8025963216039393,15.65212202836156,0.2316863342454923,6.315316719953079,PCM Storage + DSM
2024-03-14 03:00:00,83.34847416537868,80.2,2.55,95.34068973724847,11.992215571869792,43.974999756592965,42.952193464126275,628.7393885934463,48.95522052576549,48.73422420928231,62.46104047238087,35.44159222133238,3.3376427177882886,11.992215571869792,0.22903750036511056,4.881330404137305,PCM Storage + DSM
2024-03-14 04:00:00,95.64774684880783,76.9,2.8,104.8664530429204,9.218706194112569,42.873460182533854,41.174365383819776,736.2402682097821,50.343528079757405,50.17605512286564,71.67807025670801,40.671511682127196,3.830160167171799,9.21870619411257,0.2306898097261992,6.07537868112313,PCM Storage + DSM
2024-03-14 05:00:00,90.10764834909267,80.6,2.65,97.22456468601825,7.1169163369255815,43.75715235244711,41.97517230419382,630.4107250559248,51.39559978322349,51.2686873000817,67.52634078503134,38.3157407593947,3.608310042156735,7.116916336925584,0.22936427147132935,5.3654462592774435,PCM Storage + DSM
2024-03-14 06:00:00,97.96184662055327,79.9,1.55,103.48600807472958,5.524161454176305,43.03309198457197,40.839868242343854,670.5724321201106,52.19286899497085,52.09669359641009,73.41224812795883,41.655517463768106,3.922826989555093,5.524161454176308,0.23045036202314206,6.152052700853879,PCM Storage + DSM
2024-03-14 07:00:00,84.11817826794638,80.0,1.05,0.0,-84.11817826794638,80.0,40.03380372028441,0.0,43.943510207097624,44.59332267631944,63.037853900384924,0.0,0.0,0.0,0.175,0.0,PCM Storage + DSM
2024-03-14 08:00:00,72.35885297102631,78.6,1.8,72.35885297102631,0.0,44.5407148063333,44.5407148063333,507.5243932745073,44.11350619097801,44.121390064351615,54.22545870474601,30.768565187096222,2.897569524872923,0.0,0.22818892779050004,4.053662728558963,PCM Storage + DSM
2024-03-14 09:00:00,65.56553991658542,75.5,4.0,65.56553991658542,0.0,45.52267065180126,45.52267065180126,522.4966117582691,44.05485488679678,44.062716198229346,49.134574847735486,27.879900055331195,2.62553512864844,0.0,0.2267159940222981,3.383602187467092,PCM Storage + DSM
2024-03-14 10:00:00,75.36046652923622,74.9,5.35,75.36046652923622,0.0,44.10683932382579,44.10683932382579,584.6421008135627,43.996358555457036,44.004199016243575,56.47485688292735,32.044916851615206,3.017767449723902,0.0,0.22883974101426133,4.368836423733152,PCM Storage + DSM
2024-03-14 11:00:00,68.27725207925069,75.6,7.35,68.27725207925069,0.0,45.13069966680227,45.13069966680227,535.3210588686933,43.93801737457124,43.94583704001841,51.166721984653776,29.032979312668466,2.734124115346617,0.0,0.2273039504997966,3.6438791418065195,PCM Storage + DSM
2024-03-14 12:00:00,46.31807506220672,69.0,9.55,46.31807506220672,0.0,48.30484195359944,48.30484195359944,534.6659545522054,43.879830932633624,43.88762985789713,34.7105953652238,19.695457478616657,1.8547812360260407,0.0,0.22254273706960084,1.8108846755116779,PCM Storage + DSM
2024-03-14 13:00:00,32.729052937065276,64.8,10.65,32.729052937065276,0.0,50.26909998249347,50.26909998249347,538.0736193545299,43.82179881922843,43.829577059317685,24.527032085416252,13.917108376624572,1.3106164964550555,0.0,0.2195963500262598,0.9905340041586685,PCM Storage + DSM
2024-03-14 14:00:00,36.54149035745067,71.2,9.2,36.54149035745067,0.0,49.718022006191326,49.718022006191326,406.36169659394676,43.763920625028355,43.77167823480688,27.38405868845424,15.538240062305425,1.4632834063246356,0.0,0.220422966990713,1.196460676502934,PCM Storage + DSM
2024-03-14 15:00:00,67.89706550196892,73.2,5.8,67.89706550196892,0.0,45.18565465399901,45.18565465399901,578.9903193831117,43.70619594179189,43.713932975977684,50.88181155973665,28.871315673652006,2.7188997579270975,0.0,0.22722151801900148,3.6068117615812447,PCM Storage + DSM
2024-03-14 16:00:00,66.08696782606107,76.1,6.15,66.08696782606107,0.0,45.44729959505818,45.44729959505818,515.0481857524372,43.648624362360216,43.65634087552614,49.52533100834095,28.101622594651943,2.646415415688366,0.0,0.22682905060741274,3.4329078695696276,PCM Storage + DSM
2024-03-14 17:00:00,70.59739704453705,73.1,6.8,70.59739704453705,0.0,44.79532870822313,44.79532870822313,595.8423242156371,43.591205480654445,43.59890152722862,52.90543010174537,30.019555642678995,2.8270330141014526,0.0,0.2278070069376653,3.874160303651277,PCM Storage + DSM
2024-03-14 18:00:00,71.5071961580703,73.0,7.05,71.5071961580703,0.0,44.663819597635104,44.663819597635104,602.8499325017016,43.53393889167272,43.541614525938925,53.587230216518684,30.40642210313987,2.8634654073317036,0.0,0.22800427060354733,3.966370435284203,PCM Storage + DSM
2024-03-14 19:00:00,80.91444115387007,75.2,7.25,80.91444115387007,0.0,43.30402664545603,43.30402664545603,606.0255789261057,43.47682419148744,43.484479467585444,60.63698507166304,34.40658820583016,3.240173236348249,0.0,0.23004396003181596,4.982895191048265,PCM Storage + DSM
2024-03-14 20:00:00,74.37091330285375,75.1,6.6,74.37091330285375,0.0,44.24987668531066,44.24987668531066,575.899877929515,43.41986097724222,43.427495949168225,55.73328932885298,31.62413719989461,2.9781413479509284,0.0,0.22862518497203402,4.263637870056809,PCM Storage + DSM
2024-03-14 21:00:00,57.82316011779761,72.4,6.2,57.82316011779761,0.0,46.641811642408605,46.641811642408605,536.2746697768731,43.363048847149344,43.37066356875632,43.332463857616055,24.58767100855999,2.3154958890277917,0.0,0.2250372825363871,2.6930749358142516,PCM Storage + DSM
2024-03-14 22:00:00,39.53262307841638,73.3,5.75,39.53262307841638,0.0,49.28566150162092,49.28566150162092,393.26543748605235,43.306387400486614,43.31398192548469,29.625602565691853,16.810135045841736,1.5830616319495066,0.0,0.22107150774756862,1.3712515584611682,PCM Storage + DSM
2024-03-14 23:00:00,74.80526658394443,72.5,5.5,92.35625465801664,17.550988074072205,44.32011365880663,44.18709204106607,782.9388641220279,46.18457286421702,45.85676083808383,56.05879208269686,49.359821778882655,2.99553478052539,0.0,0.22851982951179006,4.264914672199121,PCM Storage + DSM
2024-03-15 00:00:00,77.98252543482137,80.3,5.3,91.39577662683968,13.413251192018313,44.43118135253421,43.72782748543899,608.7091503775803,48.24390711466083,47.99548756377076,53.724254543559084,30.4841723341101,9.931264215443775,13.413251192018308,0.2283532279711987,4.0515024739697045,PCM Storage + DSM
2024-03-15 01:00:00,105.56276352998384,74.4,5.25,115.85834300656232,10.295579476578482,41.60238075297829,39.741175346798215,843.8898613199559,49.80448850602131,49.616233980336574,72.72502072206554,41.26557145424295,13.443674593546243,10.295579476578482,0.23259642887053256,6.718753072860774,PCM Storage + DSM
2024-03-15 02:00:00,78.14028492197517,78.8,4.6,86.07326532586008,7.932980403884917,45.04666555503532,43.70502375928251,609.1894481972842,50.9871108421776,50.84444990299821,53.83293928795859,30.54584214240268,9.951355269698317,7.932980403884912,0.22743000166744703,3.860898764786687,PCM Storage + DSM
2024-03-15 03:00:00,77.3020163470641,74.7,5.45,83.44459834544513,6.14258199838103,45.350639169855825,43.82619331537531,679.2041908203554,51.88331247428675,51.77520275690535,53.25543357057798,30.2181543231461,9.844599728575153,6.142581998381033,0.22697404124521625,3.7223505709766176,PCM Storage + DSM
2024-03-15 04:00:00,68.32591496875042,74.6,4.8,73.11171727163443,4.7858023028840115,46.545512173898615,45.12366557188883,622.5660249498966,52.5624619718394,52.480535474933404,47.07155644466504,26.709303849540195,8.701471394174778,4.785802302884008,0.22518173173915207,2.952654082838369,PCM Storage + DSM
2024-03-15 05:00:00,72.76563238933389,77.3,4.2,76.5232550778628,3.7576226885289143,46.15100899537415,44.48191589269247,586.8812410821181,53.07712744833546,53.015042826731936,50.1301969218096,28.444835113873726,9.26688020210798,3.7576226885289117,0.2257734865069388,3.263172332789009,PCM Storage + DSM
2024-03-15 06:00:00,90.42498336330218,76.6,4.3,93.40344247584005,2.9784591125378803,44.19901902462458,41.929302348006395,688.6610172044201,53.46714548361551,53.42009721003835,62.296197721469305,35.34805728316506,11.515841484367526,2.9784591125378768,0.22870147146306313,4.784714651224524,PCM Storage + DSM
2024-03-15 07:00:00,98.10608014601392,78.7,4.2,1.4210854715202004e-14,-98.10608014601391,78.7,39.28616514260931,0.0,43.860336231173996,44.61909162634028,67.58791142818974,0.0,0.0,0.0,0.17695,0.0,PCM Storage + DSM
2024-03-15 08:00:00,96.66139249700619,79.2,3.85,0.0,-96.66139249700619,79.2,29.88818175619956,0.0,34.512259447859165,35.27553645233775,66.59262733654924,0.0,0.0,0.0,0.1762,0.0,PCM Storage + DSM
2024-03-15 09:00:00,77.41758123121886,76.6,3.95,77.41758123121886,0.0,43.809488710035154,43.809488710035154,564.0169892637541,34.74879617445018,34.75334235842373,53.335049320619525,30.26332982656436,9.859317197548728,0.0,0.22928576693494726,4.221099421286783,PCM Storage + DSM
2024-03-15 10:00:00,59.68574717523976,74.9,4.15,59.68574717523976,0.0,46.37257949690154,46.37257949690154,499.81456439565557,34.71498309955522,34.719515273653634,41.11911298057641,23.3317732740121,7.601125018564755,0.0,0.2254411307546477,2.6219406261539997,PCM Storage + DSM
2024-03-15 11:00:00,44.83110825520066,75.5,4.0,44.83110825520066,0.0,48.51977916265415,48.51977916265415,396.9490353982469,34.681259011676694,34.68577916503546,30.88535358328858,17.52494193231706,5.709350635556013,0.0,0.22222033125601878,1.571487714154788,PCM Storage + DSM
2024-03-15 12:00:00,54.07176030285577,73.5,4.05,54.07176030285577,0.0,47.184066790588695,47.184066790588695,490.8541970230759,34.64762437056123,34.652132535068105,37.2514867649027,21.13720798717455,6.88617014090722,0.0,0.22422389981411697,2.1939486362133245,PCM Storage + DSM
2024-03-15 13:00:00,62.776410283370986,76.4,4.5,62.776410283370986,0.0,45.92583213209142,45.92583213209142,492.1136352804216,34.614078938969975,34.61857514642313,43.248353738089584,24.539945313704447,7.994728479809805,0.0,0.22611125180186287,2.873637175837773,PCM Storage + DSM
2024-03-15 14:00:00,71.9087258269608,76.7,4.65,71.9087258269608,0.0,44.60577952170513,44.60577952170513,535.2485970736383,34.580622480291545,34.5851067624048,49.53985099468961,28.109861513365697,9.157751067966414,0.0,0.2280913307174423,3.6840470141403503,PCM Storage + DSM
2024-03-15 15:00:00,63.83582150644608,75.1,4.35,63.83582150644608,0.0,45.77269697772475,45.77269697772475,519.9877364122086,34.54725475854213,34.5517271469452,43.97821056046655,24.954080071675374,8.129647074847599,0.0,0.22634095453341288,2.9625401780387,PCM Storage + DSM
2024-03-15 16:00:00,65.3319734548933,75.0,4.3,65.3319734548933,0.0,45.55643208021268,45.55643208021268,530.0735292689932,34.5139755383638,34.5184360646025,45.008949789108264,25.538941277184808,8.32018566312273,0.0,0.22666535187968098,3.0903778434597458,PCM Storage + DSM
2024-03-15 17:00:00,71.53349162173592,77.5,4.0,71.53349162173592,0.0,44.6600186563199,44.6600186563199,520.3640656180104,34.48078458502287,34.485233280559335,49.28134208076888,27.963178598008092,9.109964079612528,0.0,0.22800997201552015,3.6487850512092304,PCM Storage + DSM
2024-03-15 18:00:00,82.52148823766593,77.0,3.6,82.52148823766593,0.0,43.07173214272528,43.07173214272528,581.0401450034112,34.44768166440825,34.45211856062119,56.8512678279337,32.258499640497185,10.509312164106285,0.0,0.23039240178591208,4.751038117998751,PCM Storage + DSM
2024-03-15 19:00:00,81.91081959310641,77.9,3.5,81.91081959310641,0.0,43.16000271709212,43.16000271709212,563.2643532250977,34.4146665430298,34.41909167121469,56.43056181053872,32.01978297806556,10.43154202748412,0.0,0.23025999592436183,4.6859929327849255,PCM Storage + DSM
2024-03-15 20:00:00,92.21947780160562,78.3,3.0,92.21947780160562,0.0,41.66991281461813,41.66991281461813,601.4305468960532,34.38173898801666,34.38615237938595,63.5324730978162,36.049543640587096,11.744374714095143,0.0,0.2324951307780728,5.843750110154704,PCM Storage + DSM
2024-03-15 21:00:00,92.76907769897439,80.0,2.5,92.76907769897439,0.0,41.59046956983243,41.59046956983243,576.9856566378302,34.348898767115585,34.353300452798976,63.91110721640515,36.264387900795136,11.814367597284237,0.0,0.23261429564525135,5.9090409088613844,PCM Storage + DSM
2024-03-15 22:00:00,95.11122570322804,79.2,2.05,95.11122570322804,0.0,41.25191812883494,41.25191812883494,598.746138599878,34.31614564868934,34.32053565973396,65.52467583139419,37.17995767742844,12.112645840162621,0.0,0.2331221228067476,6.191327757446078,PCM Storage + DSM
2024-03-15 23:00:00,79.24752086871548,79.9,1.65,110.2400871101753,30.99256624145981,42.25206424903748,43.544975664707636,699.518420101399,39.46537493931074,38.87851870181872,54.59574384591272,61.97123831886075,10.092364459572604,0.0,0.23162190362644378,4.8310471350931685,PCM Storage + DSM
2024-03-16 00:00:00,84.9713834058717,77.7,1.5,108.55697826112103,23.58559485524932,42.446695476498114,42.717606127638916,735.6287422336026,43.15203989074366,42.707313808471774,42.825197720476226,24.29983847416361,14.745167321456309,29.513995057924184,0.23132995678525284,3.7394888622316156,PCM Storage + DSM
2024-03-16 01:00:00,90.99044532139906,80.8,1.55,108.9947164741109,18.00427115271183,42.396076334576,41.84756628333615,678.0014524109797,45.94582663482023,45.60880928905277,45.85877804237122,26.02115012581312,15.789661026339584,24.352617535496307,0.231405885498136,4.018308563522469,PCM Storage + DSM
2024-03-16 02:00:00,107.00596274957726,81.4,1.25,120.78065766397152,13.774694914394262,41.03317446292918,39.532564629391615,714.7819358823389,48.06298285896433,47.80758814326198,53.93052729448554,30.601215448816788,18.56884943957505,21.2404339176288,0.23345023830560624,5.166595922599719,PCM Storage + DSM
2024-03-16 03:00:00,125.3790579097119,81.3,1.0,135.9485426635828,10.569484753870888,39.2791916013247,36.876781207186546,772.8779715496946,49.667382510060705,49.473842142991025,63.19048519362361,35.8554931452166,21.75715062393006,19.31710309936385,0.23608121259801296,6.718718884413196,PCM Storage + DSM
2024-03-16 04:00:00,126.93187823421722,84.9,1.0,135.07242647193038,8.140548237713162,39.38050386634859,36.65232504236831,708.8756060529199,50.8832107097387,50.73654411335883,63.97309970165949,36.299563625799955,22.02661305454181,16.996505884715937,0.23592924420047712,6.7630426971065125,PCM Storage + DSM
2024-03-16 05:00:00,127.90288197947264,82.0,0.9,134.20276071220667,6.299878732734035,39.48107021676057,36.51196896044131,754.0148535479032,51.80457603796105,51.69343079824002,64.46248125237827,36.57724810287631,22.19511228474926,15.223582702903906,0.23577839467485914,6.7758820962828175,PCM Storage + DSM
2024-03-16 06:00:00,117.28404549357386,81.8,0.7,122.18904864844818,4.90500315487432,40.87031104134643,38.046894331292634,713.1725439708398,52.502794806266564,52.418567963771025,59.110635091443605,33.54050795521544,20.352415197003097,13.087837553997257,0.23369453343798036,5.720616949040748,PCM Storage + DSM
2024-03-16 07:00:00,135.8470576081358,83.3,0.4,0.0,-135.8470576081358,83.3,32.86645371041062,0.0,39.21889477481085,40.26747581160938,68.46631028736817,0.0,0.0,0.0,0.17005,0.0,PCM Storage + DSM
2024-03-16 08:00:00,139.7777023999107,86.3,0.25,0.0,-139.7777023999107,86.3,19.01438913261202,0.0,25.718033158939768,26.818922465577256,70.44733770659563,0.0,0.0,0.0,0.16555,0.0,PCM Storage + DSM
2024-03-16 09:00:00,114.81126383784033,82.7,0.55,114.81126383784033,0.0,38.4043285290036,38.4043285290036,619.1900718209636,26.09901412570727,26.100478029385524,57.86436418138287,32.83334994027311,19.92331097624377,8.01030997170484,0.2373935072064946,6.456160237170524,PCM Storage + DSM
2024-03-16 10:00:00,97.53138317102645,77.8,0.95,97.53138317102645,0.0,40.902090621488725,40.902090621488725,631.4564438050779,26.088143274195197,26.089600466625992,49.1553815041466,27.891706151202076,16.92471637281212,6.804703519965493,0.2336468640677669,4.747793261519406,PCM Storage + DSM
2024-03-16 11:00:00,84.75958354979035,82.0,1.3,84.75958354979035,0.0,42.74822124946263,42.74822124946263,515.8580926286933,26.077300247355623,26.078753574851795,42.71845153899384,24.239268643647325,14.708413485148117,5.913623059366252,0.23087766812580607,3.6528835193957563,PCM Storage + DSM
2024-03-16 12:00:00,84.27304783126584,79.2,1.7,84.27304783126584,0.0,42.818548730178655,42.818548730178655,553.3621597606804,26.066485979591384,26.067935452411245,42.47323970992002,24.100130749238986,14.623984465754122,5.879677767001977,0.230772176904732,3.61399307530603,PCM Storage + DSM
2024-03-16 13:00:00,92.65029013759919,76.7,2.15,92.65029013759919,0.0,41.607640004836156,41.607640004836156,630.717648958253,26.055700394627095,26.057146022994434,46.69533241620722,26.495827120692475,16.077695521736906,6.464152716050425,0.23258853999274576,4.312508199864633,PCM Storage + DSM
2024-03-16 14:00:00,110.89055342379852,82.8,2.3,110.89055342379852,0.0,38.97105708671944,38.97105708671944,604.41374300296,26.04494341638702,26.046385210498535,55.88834364416201,31.712117991981646,19.24294626100921,7.736764461656941,0.23654341436992085,6.04564654247042,PCM Storage + DSM
2024-03-16 15:00:00,118.54795689237012,82.1,2.55,118.54795689237012,0.0,37.8641992050331,37.8641992050331,640.207792352541,26.03421496899727,26.03565293902259,59.74764079130459,33.9019572056025,20.571742978989743,8.271016705829608,0.23820370119245035,6.859913712909858,PCM Storage + DSM
2024-03-16 16:00:00,95.74877729533661,77.9,2.6,95.74877729533661,0.0,41.159761693875836,41.159761693875836,622.5755255254535,26.023514976785147,26.024949132866936,48.25695610462762,27.381922349808004,16.615379030618847,6.680332224464155,0.23326035745918625,4.586410107752848,PCM Storage + DSM
2024-03-16 17:00:00,85.21508059468565,78.1,2.45,85.21508059468565,0.0,42.68238032880376,42.68238032880376,574.7749933372111,26.01284336427867,26.014273716532696,42.94802001518962,24.369530199629587,14.78745633313058,5.9454028029109285,0.23097642950679437,3.689480497250452,PCM Storage + DSM
2024-03-16 18:00:00,87.53311214703751,80.3,2.2,87.53311214703751,0.0,42.34731485860243,42.34731485860243,550.9734072159658,26.002200056206032,26.003626614721224,44.11629756432167,25.032433285849944,15.18970661700064,6.10713041253603,0.23147902771209636,3.87853330688526,PCM Storage + DSM
2024-03-16 19:00:00,96.92735864178177,79.1,1.75,96.92735864178177,0.0,40.98940080615776,40.98940080615776,607.5770724641975,25.991584977495076,25.993007752333614,48.8509558392217,27.71896919074835,16.819899405110952,6.7625611068604785,0.23351589879076337,4.6927984450671945,PCM Storage + DSM
2024-03-16 20:00:00,93.91548217197025,80.9,1.35,93.91548217197025,0.0,41.42475976601395,41.42475976601395,568.3464961111395,25.980998053272774,25.982417054470144,47.33298355067809,26.857642603055105,16.29724553366817,6.5524243718990896,0.23286286035097908,4.423335538758728,PCM Storage + DSM
2024-03-16 21:00:00,104.32246875990333,81.1,0.45,104.32246875990333,0.0,39.9204567504114,39.9204567504114,605.1974740356835,25.97043920886466,25.97185444642973,52.578058309244156,29.833798609385177,18.103180101288977,7.278513308246494,0.2351193148743829,5.388055325232762,PCM Storage + DSM
2024-03-16 22:00:00,101.04568988338373,83.1,-0.6,101.04568988338373,0.0,40.39410666854684,40.39410666854684,565.2372286555068,25.959908369794356,25.961319853709448,50.926576390879454,28.89671609732765,17.534557455957817,7.049894498277384,0.23440883999717974,5.07408777169827,PCM Storage + DSM
2024-03-16 23:00:00,118.83483002463007,82.6,-1.5,162.32105546574942,43.486225441119366,36.229528746310265,37.82273243515619,836.2461366482365,33.22002428751642,32.39239200021395,59.8922235686738,77.47022168736211,20.62152435438525,8.291031664598824,0.24065570688053461,7.187066828240856,PCM Storage + DSM
2024-03-17 00:00:00,134.76442132073853,86.0,-1.2,167.80499187955326,33.040570558814714,35.59537767751016,35.52015118153594,795.3078830131411,38.41925829372219,37.79206949232536,61.00716392814204,34.61663478816478,21.005410081220862,40.951439460021874,0.24160693348373477,7.320859671377045,PCM Storage + DSM
2024-03-17 01:00:00,147.44090619168628,86.9,-1.35,172.61024125858444,25.169335066898146,35.03970857421906,33.68779805438598,795.1194599859917,42.359283017310126,41.883993814432664,66.74574376231013,37.872815038669565,22.981263652163875,33.82433219541787,0.24244043713867142,8.009489251477216,PCM Storage + DSM
2024-03-17 02:00:00,140.1253526852644,85.5,-2.0,159.3297961996473,19.2044435143829,36.57543178338453,34.74524240751625,777.9841966029119,45.34506848734,44.98489013934173,63.43403012441174,35.99368520957042,21.841005712660834,27.430006938057502,0.2401368523249232,7.612083614929409,PCM Storage + DSM
2024-03-17 03:00:00,134.6049356974092,84.6,-1.25,149.28913180796542,14.684196110556234,37.7365134544668,35.54320441621559,761.0170244550401,47.60772303863611,47.33477671126033,60.934965602565605,34.575668073636955,20.980551436132938,22.58570297209875,0.2383952298182998,7.042919340225304,PCM Storage + DSM
2024-03-17 04:00:00,133.6539880024879,85.6,-1.15,144.91270078079702,11.258712778309127,38.24259489013461,35.68066144789939,731.0032854249004,49.32238260473343,49.11554147160601,60.50447644717437,34.33140027108845,20.832329478869653,19.104397617446175,0.2376361076647981,6.809441854079751,PCM Storage + DSM
2024-03-17 05:00:00,152.16090163933723,84.8,-1.35,152.16090163933723,0.0,33.00553491072397,33.00553491072397,701.8115265918898,49.17293132903509,49.182616387267515,68.88246154874723,39.08522968796536,23.716958125436154,8.932067773981792,0.24549169763391404,8.265895385849667,PCM Storage + DSM
2024-03-17 06:00:00,140.0483164603053,89.2,-2.4,148.8280602793415,8.779743819036215,37.78983081276698,34.756377794742654,691.5706670399958,50.569156672864835,50.41038283663667,63.39915621957525,35.97389708716591,21.828998259354417,17.000785103482073,0.23831525378084953,7.307451103835143,PCM Storage + DSM
2024-03-17 07:00:00,152.76947424645482,84.5,-2.8,0.0,-152.76947424645482,84.5,28.48672398601723,0.0,35.6315558164611,36.80868658818473,69.15795925385916,0.0,0.0,0.0,0.16825,0.0,PCM Storage + DSM
2024-03-17 08:00:00,136.84515818270668,88.8,-3.2,136.84515818270668,0.0,35.2193860455682,35.2193860455682,610.1302058782856,36.01208719858986,36.01708474107671,61.949102858205066,35.15110900127773,21.329729590987704,8.03301120235475,0.24217092093164772,7.433892342984607,PCM Storage + DSM
2024-03-17 09:00:00,134.67734952259454,86.0,-2.4,134.67734952259454,0.0,35.53273718493041,35.53273718493041,637.5079224077427,35.974923862283525,35.97990513418053,60.96774697067783,34.59426885057414,20.991838406971837,7.905757659134811,0.24170089422260438,7.316129636481339,PCM Storage + DSM
2024-03-17 10:00:00,138.31979201980388,83.0,-1.45,138.31979201980388,0.0,35.006231535440655,35.006231535440655,688.4941448296613,35.9378580198261,35.94282607983373,62.61666205040211,35.5298948891611,21.55957726268252,8.119574368272229,0.242490652696839,7.513999446048253,PCM Storage + DSM
2024-03-17 11:00:00,150.7052323599943,87.2,-0.25,150.7052323599943,0.0,33.2159481430399,33.2159481430399,666.9044707522274,35.90089048750272,35.90584537067079,68.22348751480192,38.71131518351736,23.490066414288886,8.846617855379098,0.24517607778544015,8.18681850177623,PCM Storage + DSM
2024-03-17 12:00:00,146.7606932394589,85.8,0.95,146.7606932394589,0.0,33.786121078696794,33.786121078696794,674.0487197253543,35.86402100456716,35.86896274584473,66.43781483955821,37.69809026254046,22.875240475838368,8.61506763201583,0.2443208183819548,7.972537780746985,PCM Storage + DSM
2024-03-17 13:00:00,119.53989328255828,78.5,3.05,119.53989328255828,0.0,37.72081736337914,37.72081736337914,700.2854824092235,35.82724931096191,35.83217794520539,54.115097990773414,30.705944401526672,18.632399077271202,7.017166808232987,0.2384187739549313,6.259769145376531,PCM Storage + DSM
2024-03-17 14:00:00,86.29486070474961,77.9,4.35,86.29486070474961,0.0,42.52630090446394,42.52630090446394,582.7807940500498,35.79057514731934,35.79549070929264,39.06524186113718,22.16636741237705,13.450574856779001,5.065634706792994,0.2312105486433041,3.3925113347546327,PCM Storage + DSM
2024-03-17 15:00:00,81.3449461262665,76.2,4.4,81.3449461262665,0.0,43.241798264287674,43.241798264287674,589.6140775717952,35.75399825495959,35.75890077933445,36.8244408606928,20.894893951379867,12.679043434990819,4.775067471622238,0.2301373026035685,3.0398285169973174,PCM Storage + DSM
2024-03-17 16:00:00,67.3700573781467,76.0,4.75,67.3700573781467,0.0,45.26183231630446,45.26183231630446,523.5880401461646,35.71751837588903,35.72240789724519,30.49808023539849,17.305195607723252,10.500810737392891,3.954721035137982,0.2271072515255433,2.14794947900345,PCM Storage + DSM
2024-03-17 17:00:00,61.44879378748035,74.9,4.5,61.44879378748035,0.0,46.1177356654973,46.1177356654973,510.02231817083975,35.68113525279826,35.68601180562378,27.81755450763409,15.784213903548403,9.577877453503898,3.607134190359655,0.22582339650175406,1.8163078877490675,PCM Storage + DSM
2024-03-17 18:00:00,83.75404441088831,75.4,3.95,83.75404441088831,0.0,42.89356933328842,42.89356933328842,615.5130696137992,35.644848629060306,35.649712247751765,37.9150273265311,21.513713627005288,13.054543859349925,4.916485069182414,0.2306596460000674,3.2090742252491165,PCM Storage + DSM
2024-03-17 19:00:00,98.42029040139143,81.8,3.2,98.42029040139143,0.0,40.77360137861995,40.77360137861995,573.088934201566,35.60865824872894,35.61350896759168,44.55436183770441,25.280999355619958,15.340536767295365,5.7774151883241105,0.23383959793207007,4.337741012998769,PCM Storage + DSM
2024-03-17 20:00:00,113.83296281721076,79.7,2.35,113.83296281721076,0.0,38.54573941322694,38.54573941322694,660.775622528212,35.57256385653668,35.57740170978506,51.53159977207563,29.2400179667579,17.74287338825917,6.6821616318131625,0.2371813908801596,5.705865423883072,PCM Storage + DSM
2024-03-17 21:00:00,94.02145844041809,79.9,2.35,94.02145844041809,0.0,41.409441170293526,41.409441170293526,583.5439127766748,35.53656519789314,35.54139021965076,42.563033118258836,24.151081251158896,14.654901283440793,5.519197309891052,0.23288583824455972,3.981488830805756,PCM Storage + DSM
2024-03-17 22:00:00,96.50065832954581,78.9,1.95,96.50065832954581,0.0,41.05107923353263,41.05107923353263,609.0845055847537,35.50066201888321,35.50547424318317,43.685354221739665,24.787907768779135,15.041328278296527,5.6647299743032615,0.23342338114970104,4.18040551882552,PCM Storage + DSM
2024-03-17 23:00:00,85.88370674389991,80.4,2.15,115.10526728606047,29.221560542160567,41.689464872305706,42.58573214692372,710.3408631846758,40.350668144583324,39.797942480821106,38.8791145669787,51.28231575834402,13.386489266016055,5.041499367134222,0.23246580269154143,3.5715602958682697,PCM Storage + DSM
2024-03-18 00:00:00,89.30610319890754,78.7,1.25,111.55143291724599,22.245329718338454,42.1004229311281,42.09103358415003,728.1148060814263,43.82292286008957,43.404061299197345,54.71135015621566,31.044269314926645,6.75830760175346,22.245329718338454,0.23184936560330785,4.89105586916743,PCM Storage + DSM
2024-03-18 01:00:00,77.30309701767429,80.6,0.75,94.29170343797428,16.988606420299988,44.096302363451606,43.82603710723148,617.0742145971961,46.45422766336506,46.13681067991588,47.357981790718476,26.871827083862055,5.849970937036969,16.988606420299988,0.2288555464548226,3.666558466227575,PCM Storage + DSM
2024-03-18 02:00:00,99.91441567322846,78.0,2.15,112.91943089949713,13.005015226268666,41.94223047280979,40.55762943197417,748.1188510273961,48.448253640360775,48.20771225201623,61.21029118666723,34.73189309015977,7.561099754461072,13.005015226268668,0.23208665429078532,5.530142744286223,PCM Storage + DSM
2024-03-18 03:00:00,87.96416817343675,82.7,1.85,97.95038287429877,9.986214700862027,43.67322023779055,42.2850068240021,599.5759390936639,49.95934410467566,49.77705972002179,53.889244225763186,30.5777906439106,6.6567556432775765,9.986214700862021,0.22949016964331417,4.309020536091979,PCM Storage + DSM
2024-03-18 04:00:00,87.63810949219162,76.8,2.45,95.33665054173859,7.6985410495469795,43.975466840810654,42.3321377637142,693.8444322950687,51.10446178001489,50.96632506634028,53.68949180076549,30.46444728718056,6.632080903420563,7.698541049546975,0.22903679973878402,4.195683397554568,PCM Storage + DSM
2024-03-18 05:00:00,58.532469189601144,77.8,2.35,64.49739097849292,5.964921788891772,47.54165505623366,46.53928284920871,509.2109728539333,51.97224204952301,51.86756083011384,35.858584157542175,20.346848335129824,4.429489332799829,5.964921788891772,0.22368751741564952,2.034977148942653,PCM Storage + DSM
2024-03-18 06:00:00,67.39636037146849,76.8,1.95,72.0475302013835,4.651169829915005,46.66857256648526,45.258030286596906,571.2157419150154,52.62985358793935,52.55052523702168,41.28884521279858,23.428082597643918,5.100271071222633,4.6511698299150055,0.2249971411502721,2.5594362487779057,PCM Storage + DSM
2024-03-18 07:00:00,76.81033058358287,79.3,1.55,0.0,-76.81033058358287,79.3,41.52711880971947,0.0,45.09332202958932,45.687248993979026,47.05609965774981,0.0,0.0,0.0,0.17605,0.0,PCM Storage + DSM
2024-03-18 08:00:00,104.47850540214591,80.7,1.1,0.0,-104.47850540214591,80.7,29.991224086623653,0.0,34.96130695437898,35.781506337332225,64.00637681081575,0.0,0.0,0.0,0.17395,0.0,PCM Storage + DSM
2024-03-18 09:00:00,108.3407163469849,82.8,1.35,108.3407163469849,0.0,39.339629446406484,39.339629446406484,595.5237057142388,35.21682895266902,35.22154211034427,66.37247238336157,37.66101369977834,8.1987664968031,0.0,0.23599055583039028,7.032974741089905,PCM Storage + DSM
2024-03-18 10:00:00,103.33698957944328,79.5,2.3,103.33698957944328,0.0,40.0629052190871,40.0629052190871,625.9673297813949,35.1817745613954,35.186473120313885,63.30705314034226,35.92163603368653,7.820105650132239,0.0,0.23490564217136936,6.433425356029599,PCM Storage + DSM
2024-03-18 11:00:00,89.71359048371929,77.9,3.25,89.71359048371929,0.0,42.03213235023543,42.03213235023543,597.5213884882608,35.146812397449,35.151498494323185,54.96098796063185,31.185918592624148,6.789144513408058,0.0,0.23195180147464686,4.935892762170249,PCM Storage + DSM
2024-03-18 12:00:00,79.7012174311286,77.4,4.5,79.7012174311286,0.0,43.47939499913842,43.47939499913842,561.3091756380883,35.11194296402812,35.11661663191663,48.82713564423554,27.705453155297334,6.031450531819766,0.0,0.22978090750129238,3.9610344862151856,PCM Storage + DSM
2024-03-18 13:00:00,95.98749812822896,74.5,5.7,95.98749812822896,0.0,41.12525521442832,41.12525521442832,687.0644766533728,35.077166015184496,35.08182728705286,58.80455458924191,33.36683200835493,7.263927268536798,0.0,0.2333121171783575,5.601043778000599,PCM Storage + DSM
2024-03-18 14:00:00,84.63879965242023,78.0,6.75,84.63879965242023,0.0,42.76568024967512,42.76568024967512,573.857920634555,35.04248130562031,35.04713021434664,51.852032937453195,29.421837889955047,6.405105839409609,0.0,0.23085147962548733,4.428470499216517,PCM Storage + DSM
2024-03-18 15:00:00,91.03115920085774,73.7,6.1,91.03115920085774,0.0,41.84168119728083,41.84168119728083,682.602689709587,35.00788859068831,35.01252516906349,55.76816642723322,31.643927134377083,6.888852532881674,0.0,0.23223747820407875,5.072109874482608,PCM Storage + DSM
2024-03-18 16:00:00,79.22939760281076,75.4,6.15,79.22939760281076,0.0,43.54759533595662,43.54759533595662,594.2167714774477,34.97338762639013,34.978011907118095,48.538085972229936,27.541440828101752,5.995745205776411,0.0,0.22967860699606507,3.9177238446993865,PCM Storage + DSM
2024-03-18 17:00:00,80.3286415218032,76.4,5.9,80.3286415218032,0.0,43.38870246833821,43.38870246833821,581.3110836088856,34.93897816937456,34.94359018507248,49.21151272364845,27.923556081613505,6.07893132932008,0.0,0.22991694629749268,4.018995249988434,PCM Storage + DSM
2024-03-18 18:00:00,82.06618731710405,74.5,5.5,82.06618731710405,0.0,43.13754471411862,43.13754471411862,625.107886396248,34.90465997693584,34.9092597601344,50.27598058210415,28.52755555851597,6.210421435104028,0.0,0.23029368292882207,4.181691196639555,PCM Storage + DSM
2024-03-18 19:00:00,76.19419830518684,77.2,4.45,76.19419830518684,0.0,43.98632555029788,43.98632555029788,548.0317947530154,34.870432807011944,34.87502039015552,46.67864024995556,26.486355665444407,5.7660541796179725,0.0,0.22902051167455317,3.6447637678061025,PCM Storage + DSM
2024-03-18 20:00:00,89.57870880387307,77.4,3.5,89.57870880387307,0.0,42.05162914847071,42.05162914847071,605.3912944794596,34.83629641818287,34.84087183362982,54.8783557714377,31.139031503782423,6.778937239217496,0.0,0.23192255627729394,4.922052082761681,PCM Storage + DSM
2024-03-18 21:00:00,94.12458462262533,79.3,3.1,94.12458462262533,0.0,41.39453454717346,41.39453454717346,593.2011916658016,34.80225056966895,34.806813849691764,57.66328305834983,32.719252654796485,7.122949865477472,0.0,0.23290819817923983,5.399174229981819,PCM Storage + DSM
2024-03-18 22:00:00,99.57435434263144,80.0,2.35,99.57435434263144,0.0,40.606784418461814,40.606784418461814,603.8469016762148,34.768295021329095,34.772846198114706,61.001960357457904,34.61368218236623,7.5353653534144,0.0,0.23408982337230727,6.000109722217521,PCM Storage + DSM
2024-03-18 23:00:00,88.9630568485515,79.3,2.55,119.27960109822699,30.31654424967549,41.206753540742746,42.140620047529396,748.0299168990127,39.8033059104975,39.22947787412459,54.501190622635534,61.24156501487831,6.732347307055557,0.0,0.2331898696888859,5.1645044149574595,PCM Storage + DSM
2024-03-19 00:00:00,105.32530585331452,77.7,2.4,128.39929947106808,23.07399361775355,40.15217047597297,39.77549924027818,816.9182397578874,43.40812694984846,42.973273780614925,66.33473355466188,37.63959996463129,0.6387177137396349,23.07399361775356,0.23477174428604053,6.705577694704193,PCM Storage + DSM
2024-03-19 01:00:00,115.95420326853332,83.6,1.9,133.57077849476576,17.616575226232438,39.55415133375603,38.239119588094994,724.448055209186,46.13989166582383,45.8103561005946,73.02889952271813,41.43799811342099,0.7031738764976757,17.61657522623244,0.23566877299936595,7.64430677601406,PCM Storage + DSM
2024-03-19 02:00:00,116.32272726555168,82.8,0.85,129.80362278900753,13.480895523455871,39.989777430938645,38.18585039673469,724.3360558591667,48.21004705029866,47.96032209384611,73.26099893085807,41.569695768725744,0.7054086936949936,13.480895523455857,0.23501533385359202,7.4771153846739695,PCM Storage + DSM
2024-03-19 03:00:00,99.70497241824124,79.1,0.8,110.05181340358033,10.346840985339089,42.27383583121039,40.5879039132001,713.9067598724749,49.778829050743354,49.58958527721668,62.79500188349854,35.631088330602715,0.6046346745970388,10.346840985339085,0.23158924625318442,5.548377040295113,PCM Storage + DSM
2024-03-19 04:00:00,81.74453686874082,81.3,0.7,89.7163636958761,7.971826827135272,44.62538519166818,43.18403845516022,584.3955196023842,50.96766588075918,50.824255280844135,51.48337361857767,29.212653522397837,0.49571832026979457,7.971826827135274,0.22806192221249774,3.822521505379986,PCM Storage + DSM
2024-03-19 05:00:00,103.90682495020248,79.4,0.6,110.07884511058525,6.1720201603827745,42.27070994050066,39.980536988919106,708.2523028136186,51.86857691110084,51.75989909420508,65.44136275456796,37.13268423988644,0.6301157080575357,6.172020160382772,0.23159393508924903,5.78342888340569,PCM Storage + DSM
2024-03-19 06:00:00,110.02499982507385,84.2,0.1,114.83311062664399,4.808110801570137,41.72093650571408,39.09617062248943,645.792462356575,52.55129523215123,52.46893822442502,69.29463901023475,39.319107084217244,0.6672177761377314,4.8081108015701375,0.23241859524142888,6.352543135505993,PCM Storage + DSM
2024-03-19 07:00:00,126.43435352267306,83.3,-0.3,0.0,-126.43435352267306,83.3,34.275536185776744,0.0,40.18383798517136,41.15995623461361,79.62938331992996,0.0,0.0,0.0,0.17005,0.0,PCM Storage + DSM
2024-03-19 08:00:00,112.04185712124277,83.6,-0.45,112.04185712124277,0.0,38.80463911266844,38.80463911266844,597.5139305701672,40.480268208735744,40.48685788294426,70.56487212539385,40.03986171387168,0.6794484786333138,0.0,0.23679304133099735,7.703719885739664,PCM Storage + DSM
2024-03-19 09:00:00,105.26036757765165,81.1,0.3,105.26036757765165,0.0,39.7848859001996,39.7848859001996,608.6346897609068,40.43125368156997,40.437823383619275,66.2938349009272,37.61639328416128,0.638323912585871,0.0,0.2353226711497006,6.847535591596749,PCM Storage + DSM
2024-03-19 10:00:00,104.06828029662074,80.7,1.3,104.06828029662074,0.0,39.95719903585748,39.95719903585748,610.1944759322515,40.38236826709431,40.388920544245025,65.54304864381234,37.19038276354226,0.6310948116917462,0.0,0.2350642014462138,6.702222795717632,PCM Storage + DSM
2024-03-19 11:00:00,110.40558731152277,80.8,2.6,110.40558731152277,0.0,39.041157684908676,39.041157684908676,631.6018278496887,40.33361251193254,40.34014741040734,69.53433610205224,39.45511581094653,0.6695257492051072,0.0,0.236438263472637,7.492537065247909,PCM Storage + DSM
2024-03-19 12:00:00,109.0004583793435,79.0,4.3,109.0004583793435,0.0,39.24426544065793,39.24426544065793,654.9819291396069,40.28498607219014,40.29150363808268,68.64937448175684,38.952971616087844,0.6610047130514514,0.0,0.2361336018390131,7.313520425777674,PCM Storage + DSM
2024-03-19 13:00:00,76.56739266015472,76.3,6.05,76.56739266015472,0.0,43.93238127076599,43.93238127076599,565.1111608614772,40.23648860488242,40.24298888416411,48.222766123842234,27.362522299026164,0.46432288604040084,0.0,0.22910142809385103,3.780940330652354,PCM Storage + DSM
2024-03-19 14:00:00,54.21387518846463,69.5,7.95,54.21387518846463,0.0,47.16352445115383,47.16352445115383,579.8245242601799,40.188119767934374,40.194602806454675,34.14433916385654,19.374152850485572,0.32876583773293017,0.0,0.22425471332326924,2.0151597439007127,PCM Storage + DSM
2024-03-19 15:00:00,41.67265433012989,69.5,9.7,41.67265433012989,0.0,48.97632551485516,48.97632551485516,485.0615181512054,40.13987922017831,40.14634506366507,26.24577635079045,14.892356834310469,0.2527128906349626,0.0,0.22153551172771727,1.2635253962919308,PCM Storage + DSM
2024-03-19 16:00:00,46.3909642647823,70.4,9.6,46.3909642647823,0.0,48.29430600774107,48.29430600774107,501.33730474407,40.09176662135141,40.09821531541122,29.217406291076372,16.578516651370933,0.28132584466116123,0.0,0.2225585409883884,1.526146790505671,PCM Storage + DSM
2024-03-19 17:00:00,37.08846458128985,69.4,9.1,37.08846458128985,0.0,49.63895829572857,49.63895829572857,448.363030289434,40.04378163209337,40.05021322221182,23.358616393459577,13.254126905516268,0.22491327332546643,0.0,0.22054156255640714,1.0316624965580055,PCM Storage + DSM
2024-03-19 18:00:00,29.45052870964471,69.3,8.0,29.45052870964471,0.0,50.74300218659099,50.74300218659099,379.1282578897888,39.99592391394386,40.00233844548595,18.54818231165596,10.524594354577246,0.17859501297860028,0.0,0.2188854967201135,0.6963356170004578,PCM Storage + DSM
2024-03-19 19:00:00,55.629104261492785,71.5,6.85,55.629104261492785,0.0,46.95895674614755,46.95895674614755,541.5141658236405,39.94819312934042,39.95459064755076,35.03566193493758,19.879906484292082,0.3373481235437239,0.0,0.22456156488077866,2.11076758149636,PCM Storage + DSM
2024-03-19 20:00:00,65.55341226344008,77.7,5.85,65.55341226344008,0.0,45.52442367272087,45.52442367272087,486.70941154029276,39.90058894161577,39.90696949161904,41.286071764655205,23.42650888997909,0.3975314884634495,0.0,0.2267133644909187,2.8426888067329474,PCM Storage + DSM
2024-03-19 21:00:00,81.09750209946702,73.7,5.3,81.09750209946702,0.0,43.27756565887036,43.27756565887036,636.8164760309018,39.853111014995655,39.85947464179678,51.0758658627478,28.98142580669017,0.49179454748610874,0.0,0.23008365151169446,4.20531129430741,PCM Storage + DSM
2024-03-19 22:00:00,68.61174297428136,76.2,5.05,68.61174297428136,0.0,45.08234987237958,45.08234987237958,526.7353124752944,39.80575901459641,39.81210576308101,43.21223329992989,24.51944988438675,0.4160779335334382,0.0,0.22737647519143062,3.0899296662100366,PCM Storage + DSM
2024-03-19 23:00:00,78.60949547752764,75.9,5.05,101.39437729806252,22.78488182053487,43.27496384311866,43.63720058609917,742.4439057187072,43.5682455578196,43.139566664641144,49.50889907341386,50.87718062018294,0.4767066833829903,0.0,0.230087554235322,4.077068579219965,PCM Storage + DSM
2024-03-20 00:00:00,76.94929899256483,76.2,4.85,94.32346647155819,17.374167478993353,44.09262935191834,43.877177697409955,701.8039164917959,46.26123129421751,45.93637373030589,47.016385178639275,26.67799861514077,5.39584638345845,17.374167478993357,0.2288610559721225,3.6411474602020206,PCM Storage + DSM
2024-03-20 01:00:00,88.4146664898461,76.5,4.4,101.7118632359661,13.297196746120004,43.23825042566477,42.219888456627224,730.5119028657482,48.3019992904028,48.05581936458713,54.02177887974256,30.65299334828453,6.199822021380828,13.297196746120008,0.23014262436150285,4.460605155018773,PCM Storage + DSM
2024-03-20 02:00:00,93.61440425079657,79.4,3.65,103.82203668321758,10.207632432421011,42.99423433102885,41.46827980141767,681.271389565838,49.84851126892742,49.66195395086967,57.19884321427776,32.455720580395315,6.5644385488825,10.207632432421008,0.23050864850345673,4.806681567572369,PCM Storage + DSM
2024-03-20 03:00:00,93.85215177175175,78.5,3.35,101.71848513025009,7.86633335849834,43.2374846835006,41.43391401169525,689.1081271609237,51.020471680004015,50.87909689972659,57.34410807265646,32.538146646881096,6.581109904150417,7.866333358498338,0.2301437729747491,4.73519499396559,PCM Storage + DSM
2024-03-20 04:00:00,88.81737578890527,77.6,3.2,94.90945206874495,6.0920762798396915,44.02486718899061,42.16167786820499,675.2933964648644,51.90859361129428,51.801458556467324,54.26783616379158,30.792610970059656,6.228060842830306,6.092076279839688,0.22896269921651408,4.224794289547764,PCM Storage + DSM
2024-03-20 05:00:00,78.70225408958154,78.9,3.1,83.44978271370633,4.747528624124779,45.35003966022882,43.623792568450945,594.2018164425441,52.58162024033731,52.50043235130751,48.08744902355046,27.285740781253743,5.5187672748042775,4.747528624124783,0.22697494050965678,3.3613012437907868,PCM Storage + DSM
2024-03-20 06:00:00,87.85068669464974,76.9,2.85,91.57930525200152,3.728618557351786,44.40995848176772,42.30141027848068,673.360837294191,53.091645753098746,53.03012085505524,53.67718456074189,30.457463923166966,6.160274574190335,3.72861855735178,0.22838506227734842,4.054787893209344,PCM Storage + DSM
2024-03-20 07:00:00,80.06797732515113,79.3,3.35,1.4210854715202004e-14,-80.06797732515112,79.3,41.51802655740579,0.0,45.23952188121369,45.85897484486346,48.92191237190613,0.0,0.0,0.0,0.17605,0.0,PCM Storage + DSM
2024-03-20 08:00:00,83.04522547391944,76.8,3.7,1.4210854715202004e-14,-83.04522547391943,76.8,33.235549159978355,0.0,37.19695223931057,37.852599524996386,50.7410250547703,0.0,0.0,0.0,0.17980000000000002,0.0,PCM Storage + DSM
2024-03-20 09:00:00,80.03393014665679,76.6,3.95,80.03393014665679,0.0,43.43130223596731,43.43130223596731,576.4298984622592,37.38777096956528,37.39325751905427,48.90110938501354,27.747427274458857,5.61214719548688,0.0,0.22985304664604905,3.981146241426908,PCM Storage + DSM
2024-03-20 10:00:00,78.41702809759364,77.4,4.75,78.41702809759364,0.0,43.66502124845839,43.66502124845839,555.3038878858955,37.34695841357209,37.352428738372716,47.9131745950913,27.186854128368307,5.498766629476957,0.0,0.22950246812731243,3.833526990866675,PCM Storage + DSM
2024-03-20 11:00:00,76.82158908791992,75.0,5.4,76.82158908791992,0.0,43.895637834074535,43.895637834074535,590.0146054567984,37.30625350895971,37.3117093247541,46.93835382362338,26.633722127845076,5.38689109684594,0.0,0.2291565432488882,3.6905831278626784,PCM Storage + DSM
2024-03-20 12:00:00,79.96296556503367,74.7,5.65,79.96296556503367,0.0,43.44155998284097,43.44155998284097,611.1141898105379,37.265656566406754,37.27109791168161,48.85774969041832,27.72282415220756,5.607171010048964,0.0,0.22983766002573855,3.974609211305441,PCM Storage + DSM
2024-03-20 13:00:00,73.2793369738214,77.1,5.85,73.2793369738214,0.0,44.40766122261637,44.40766122261637,535.4714453572344,37.22516729956579,37.23059421270143,44.77402104896878,25.40563820464351,5.138500942427466,0.0,0.22838850816607545,3.3828578488459224,PCM Storage + DSM
2024-03-20 14:00:00,79.38581754053257,72.9,6.2,79.38581754053257,0.0,43.52498523820863,43.52498523820863,645.6030956023358,37.18478542284737,37.1901979421223,48.50510952110819,27.522729357323733,5.566700178975826,0.0,0.22971252214268706,3.9216424009154403,PCM Storage + DSM
2024-03-20 15:00:00,77.16670638669406,75.5,6.2,77.16670638669406,0.0,43.84575202045347,43.84575202045347,582.3696581680954,37.144510651419495,37.149908815010726,47.149222123444346,26.75337284512643,5.4110914463337165,0.0,0.2292313719693198,3.72127535912705,PCM Storage + DSM
2024-03-20 16:00:00,96.99288258955677,76.5,6.0,96.99288258955677,0.0,40.97992948884614,40.97992948884614,652.3292063223295,37.10434270120565,37.10972654718892,59.2631094385638,33.62702482387435,6.8013445423672945,0.0,0.2335301057667308,5.696395151496119,PCM Storage + DSM
2024-03-20 17:00:00,113.85437533180686,77.4,5.6,113.85437533180686,0.0,38.54264428958031,38.54264428958031,699.966503903823,37.06428128888276,37.0696508552328,69.56556115463546,39.472833504606044,7.983707810442967,0.0,0.23718603356562953,7.703977844556366,PCM Storage + DSM
2024-03-20 18:00:00,103.07133431948675,79.8,5.15,103.07133431948675,0.0,40.101305000357755,40.101305000357755,620.2438170711922,37.02432613187921,37.029681456470044,62.977072159026896,35.734398496621395,7.22757833804019,0.0,0.23484804249946337,6.385382006315139,PCM Storage + DSM
2024-03-20 19:00:00,88.73711563963434,75.5,4.7,88.73711563963434,0.0,42.1732792653588,42.1732792653588,636.0825796979167,36.98447694837287,36.989818068978096,54.21879683345302,30.7647851135654,6.2224328326749285,0.0,0.23174008110196181,4.8233217553071395,PCM Storage + DSM
2024-03-20 20:00:00,79.80669912554194,75.8,4.2,79.80669912554194,0.0,43.46414789281651,43.46414789281651,589.5977459244185,36.94473345728909,36.95006041158208,48.76227015771528,27.668647234276758,5.596213279264843,0.0,0.22980377816077524,3.9602332635921647,PCM Storage + DSM
2024-03-20 21:00:00,96.56724120018684,79.1,3.95,96.56724120018684,0.0,41.04145485165739,41.04145485165739,606.1476387697828,36.90509537829871,36.910408203852924,59.00304053900798,33.47945674275051,6.771497674604355,0.0,0.2334378177225139,5.649616117987489,PCM Storage + DSM
2024-03-20 22:00:00,100.62492781994993,80.0,3.4,100.62492781994993,0.0,40.454926737404094,40.454926737404094,607.874567221879,36.86556243181608,36.870861166105335,61.48230623144042,34.886239643179195,7.056031178601213,0.0,0.23431760989389386,6.103375565715231,PCM Storage + DSM
2024-03-20 23:00:00,101.67230428265975,77.8,2.8,128.853161571488,27.18085728882824,40.099686801044754,40.30353117654575,816.4900502719856,41.3707782011843,40.85738068463023,62.122258197767806,62.430217950490054,7.129475414902552,0.0,0.23485046979843288,6.2993137210118455,PCM Storage + DSM
2024-03-21 00:00:00,120.17736720729715,80.6,2.35,140.87832954934515,20.700962342048015,38.70912123823773,37.628672155037606,803.3882923875843,44.595971223904094,44.20691296231591,64.79720231098719,36.767175250701456,13.681305994015142,20.700962342047987,0.2369363181426434,7.111186629429892,PCM Storage + DSM
2024-03-21 01:00:00,129.0327062749848,84.8,2.15,144.85097748713278,15.81827121214799,38.24973244420043,36.34865577842851,743.3614320294304,47.040050528508566,46.74521874801229,69.57182177915693,39.47638590302373,14.689420968416371,15.81827121214796,0.23762540133369936,7.8269416362215765,PCM Storage + DSM
2024-03-21 02:00:00,132.947257611818,80.0,2.35,145.06538249990007,12.118124888082072,38.22493909180849,35.78281749940573,829.5593673022073,48.892195372067675,48.668769249627616,71.6824685741728,40.674007371806205,15.135063737209231,12.118124888082049,0.23766259136228726,8.07505628117771,PCM Storage + DSM
2024-03-21 03:00:00,123.79794676261646,81.5,2.3,133.11206814654687,9.31412138393041,39.60719565003593,37.10532673729575,759.064662219013,50.295767062667636,50.126452777401056,66.74934547555141,37.87485871983514,14.093482245859265,9.314121383930397,0.2355892065249461,6.965749838066548,PCM Storage + DSM
2024-03-21 04:00:00,147.5862893898671,83.2,1.85,154.77551219879854,7.189222808931438,37.102079769215976,33.666783288815424,802.0873995990678,51.359406063420984,51.23109820540395,79.57553800814537,45.15268633933342,16.801609426017098,7.189222808931447,0.23934688034617604,9.500326245646793,PCM Storage + DSM
2024-03-21 05:00:00,147.8529820317765,85.8,1.15,153.4319379678787,5.578955936102194,37.25744791542668,33.62823355666448,755.0816936755605,52.16544107502766,52.06820824908509,79.71933327903733,45.23427853369596,16.831970414322168,5.578955936102204,0.23911382812686,9.44317853645312,PCM Storage + DSM
2024-03-21 06:00:00,153.88682595055363,83.5,-0.05,153.88682595055363,0.0,32.75605701199438,32.75605701199438,724.4659987148714,52.047049415858346,52.05775921515936,82.97265970982455,47.08027834174956,17.518878996955063,0.0,0.24586591448200842,9.956719165178946,PCM Storage + DSM
2024-03-21 07:00:00,130.2615118882526,87.1,-1.45,0.0,-130.2615118882526,87.1,33.218084518598516,0.0,39.31970184302132,40.327186176328965,70.23436887745079,0.0,0.0,0.0,0.16435,0.0,PCM Storage + DSM
2024-03-21 08:00:00,126.22304185545751,82.5,-0.65,0.0,-126.22304185545751,82.5,21.074487352031667,0.0,27.13292620814761,28.128553248867433,68.05690763143679,0.0,0.0,0.0,0.17125,0.0,PCM Storage + DSM
2024-03-21 09:00:00,102.71522832379583,82.0,0.75,102.71522832379583,0.0,40.15277920171909,40.15277920171909,586.3662852722535,27.472559480207813,27.474512702476243,55.38197070531354,31.424792275425244,11.693370404087647,0.0,0.23477083119742137,5.5981937322980535,PCM Storage + DSM
2024-03-21 10:00:00,83.38107537671715,79.7,1.85,83.38107537671715,0.0,42.94748104328145,42.94748104328145,541.9773756775612,27.458045462443188,27.459990947713266,44.957387032562245,25.509683580267,9.492319833993182,0.0,0.23057877843507782,3.7905872011176824,PCM Storage + DSM
2024-03-21 11:00:00,58.70784949674266,75.5,3.15,58.70784949674266,0.0,46.51393207906203,46.51393207906203,483.8465432702144,27.443569029139336,27.44550935437109,31.654083372633878,17.961133957238804,6.683455228554498,0.0,0.22522910188140696,1.9915612093228323,PCM Storage + DSM
2024-03-21 12:00:00,55.2564119384364,73.4,5.05,55.2564119384364,0.0,47.01282845826407,47.01282845826407,500.25405341246255,27.42913099183454,27.431066170720587,29.79313814703627,16.905197947638868,6.290534544304751,0.0,0.2244807573126039,1.7852950886465269,PCM Storage + DSM
2024-03-21 13:00:00,65.6034676682692,74.9,6.5,65.6034676682692,0.0,45.51718829331537,45.51718829331537,533.3769208193738,27.41473124869301,27.416661294883067,35.3720610260218,20.07078577992446,7.468470447433561,0.0,0.22672421756002695,2.437024298634997,PCM Storage + DSM
2024-03-21 14:00:00,66.53967311720423,73.7,7.45,66.53967311720423,0.0,45.381862215189216,45.381862215189216,561.3280547754885,27.400369698146736,27.4022946252543,35.87684404206717,20.357209343791364,7.575050525844254,0.0,0.22692720667721616,2.500932704189425,PCM Storage + DSM
2024-03-21 15:00:00,75.19026067696589,72.0,6.8,75.19026067696589,0.0,44.131442139893636,44.131442139893636,644.5370262737482,27.386046238897087,27.387966060499565,40.54106564422547,23.003778129764758,8.559856052736626,0.0,0.22880283679015956,3.1302302937185145,PCM Storage + DSM
2024-03-21 16:00:00,62.89647072186626,76.2,7.0,62.89647072186626,0.0,45.90847770598959,45.90847770598959,496.02772713827727,27.371760769914086,27.373675499552856,33.91250310037067,19.242604621987866,7.160298830687122,0.0,0.2261372834410156,2.2568477051007507,PCM Storage + DSM
2024-03-21 17:00:00,74.98839638599823,71.7,6.9,74.98839638599823,0.0,44.160621101457515,44.160621101457515,650.490114671568,27.357513190435757,27.35942284161629,40.4322245071199,22.942019581251504,8.536875293562314,0.0,0.22875906834781373,3.1147479009470853,PCM Storage + DSM
2024-03-21 18:00:00,61.04085908542006,74.8,6.4,61.04085908542006,0.0,46.176701572418885,46.176701572418885,509.45019716950833,27.343303399967333,27.345207986159288,32.91199488978537,18.674897075884164,6.949051145750868,0.0,0.22573494764137167,2.1372980552350294,PCM Storage + DSM
2024-03-21 19:00:00,76.84141246418598,74.7,5.6,76.84141246418598,0.0,43.89277241626655,43.89277241626655,595.8589931005304,27.329131298280625,27.33103083291792,41.431333245263005,23.50893303985288,8.7478274933537,0.0,0.22916084137560017,3.258299483658983,PCM Storage + DSM
2024-03-21 20:00:00,86.81453884687237,77.0,4.55,86.81453884687237,0.0,42.45118277206964,42.45118277206964,600.2885431336053,27.314996785413264,27.316891281894193,46.80864099387821,26.56012058065765,9.883194301008585,0.0,0.23132322584189555,4.086062175046454,PCM Storage + DSM
2024-03-21 21:00:00,97.73789780833637,78.5,4.45,97.73789780833637,0.0,40.87223946437936,40.87223946437936,620.5194491524935,27.300899761668003,27.30278923335532,52.69829490284269,29.902023158450856,11.126738072245255,0.0,0.23369164080343097,5.099432884971387,PCM Storage + DSM
2024-03-21 22:00:00,101.19328567526112,77.2,5.25,101.19328567526112,0.0,40.372772078275645,40.372772078275645,656.4224771901754,27.28684012761206,27.288724587833084,54.561370054837354,30.95916772913551,11.520108469966319,0.0,0.23444084188258654,5.4432260137399595,PCM Storage + DSM
2024-03-21 23:00:00,96.47454398539062,77.0,5.3,137.97683424012527,41.50229025473464,39.04464415692599,41.054853994490685,868.4281343372231,34.21175703061406,33.422358864286394,52.01712010963417,71.0178017721727,10.982914566770923,0.0,0.23643303376461103,5.603915409002415,PCM Storage + DSM
2024-03-22 00:00:00,78.59873173566397,76.8,5.3,110.13789596628088,31.5391642306169,42.26388142163624,43.63875645716789,761.8404447164863,39.170802080034285,38.57258751291826,48.12938636447277,27.309536832753597,0.04174405438086157,31.539164230616905,0.23160417786754564,4.255442067424528,PCM Storage + DSM
2024-03-22 01:00:00,81.48934849923543,73.5,5.4,105.52090461883864,24.031556119603202,42.797780755379705,43.220925274466666,821.0498253420448,42.92880952404213,42.47547725133408,49.899435422178186,28.313896613514668,0.04327927079858406,24.03155611960321,0.23080332886693045,4.252096332291281,PCM Storage + DSM
2024-03-22 02:00:00,67.54985456224077,77.3,5.65,85.89207915992436,18.342224597683597,45.06761754865996,45.235843098009205,636.5924508847265,45.77666069497707,45.43312150222923,41.363683322829445,23.470547176496105,0.03587595804661043,18.342224597683597,0.22739857367701005,2.9614037340247,PCM Storage + DSM
2024-03-22 03:00:00,80.0587969692143,74.1,5.2,94.08959598354055,14.03079901432625,44.11967365162318,43.42770780103212,749.7319584212505,47.93478741841696,47.67445038957754,49.02344714880209,27.816844067785905,0.042519500004003535,14.030799014326249,0.22882048952256523,3.788627987993844,PCM Storage + DSM
2024-03-22 04:00:00,71.29288693178192,76.9,4.35,82.0564496303455,10.763562698563568,45.511161817258895,44.694797442437064,624.5083609279661,49.57023487506767,49.37294917953224,43.655703144399055,24.77108317885746,0.03786389529868893,10.763562698563575,0.22673325727411167,3.009319855078697,PCM Storage + DSM
2024-03-22 05:00:00,87.72348822128355,77.1,3.9,96.01111043643844,8.287622215154895,43.89747369303999,42.31979648907566,690.7981075969615,50.80959137550623,50.660086536196914,53.716867494004035,30.47998078052616,0.046590243658175164,8.287622215154897,0.22915378946044002,4.222960016806037,PCM Storage + DSM
2024-03-22 06:00:00,91.22453350670685,79.0,3.4,97.63586619612192,6.411332689415076,43.70959029618861,41.81372944112442,660.9269472035936,51.74878665746587,51.63549057223152,55.860708208741634,31.696437115940824,0.04844966074490476,6.411332689415076,0.2294356145557171,4.454470190635419,PCM Storage + DSM
2024-03-22 07:00:00,96.18819142149606,80.0,1.6,1.4210854715202004e-14,-96.18819142149604,80.0,37.845032175021615,0.0,42.32300269131665,43.06537803435842,58.90016958790742,0.0,0.0,0.0,0.175,0.0,PCM Storage + DSM
2024-03-22 08:00:00,106.06052437845308,79.3,2.55,0.0,-106.06052437845308,79.3,26.99222799387542,0.0,32.06035253331882,32.89549428935237,64.94542396684677,0.0,0.0,0.0,0.17605,0.0,PCM Storage + DSM
2024-03-22 09:00:00,93.35670655674086,80.6,3.85,93.35670655674086,0.0,41.5055293371028,41.5055293371028,570.4675705521374,32.329247609365076,32.33293154842163,57.16632953690919,32.437271696319776,0.0495820651207077,0.0,0.2327417059943458,5.314572095490918,PCM Storage + DSM
2024-03-22 10:00:00,90.8106661552717,75.5,3.9,90.8106661552717,0.0,41.87355289718088,41.87355289718088,645.1439878288326,32.30185199612382,32.30552402513364,55.60727941643168,31.55263675901008,0.04822985438361544,0.0,0.23218967065422869,5.046843423746018,PCM Storage + DSM
2024-03-22 11:00:00,62.45754124440629,77.4,4.15,62.45754124440629,0.0,45.9719238275927,45.9719238275927,474.75315806675104,32.27452828210058,32.27819057174243,38.245440702995964,21.70119651337058,0.033171413082971876,0.0,0.22604211425861095,2.5306417999195574,PCM Storage + DSM
2024-03-22 12:00:00,73.07412520181043,73.1,5.9,73.07412520181043,0.0,44.43732405391387,44.43732405391387,609.0425950864891,32.2472770390591,32.250929615170314,44.74643200238758,25.389983650519667,0.03880991701643635,0.0,0.2283440139191292,3.3728095499374384,PCM Storage + DSM
2024-03-22 13:00:00,66.34589556558706,75.1,6.7,66.34589556558706,0.0,45.40987225947924,45.40987225947924,533.8297469710761,32.220098074785724,32.22374096312962,40.626447410272895,23.052225381243517,0.035236531318992695,0.0,0.22688519161078113,2.8251942907716687,PCM Storage + DSM
2024-03-22 14:00:00,81.16980276836833,75.8,4.35,81.16980276836833,0.0,43.267114784033595,43.267114784033595,596.0362666590108,32.19299119757473,32.19662442384629,49.70376381778456,28.20286879265602,0.04310955897153639,0.0,0.2300993278239496,4.095456499866837,PCM Storage + DSM
2024-03-22 15:00:00,68.99557757907749,77.9,3.8,68.99557757907749,0.0,45.02686757223355,45.02686757223355,501.39608815116924,32.16595621622879,32.169579806054806,42.24896175056994,23.972871133974763,0.03664378646956081,0.0,0.22745969864164967,3.03511448385128,PCM Storage + DSM
2024-03-22 16:00:00,85.84025246934586,74.7,4.45,85.84025246934586,0.0,42.59201335000783,42.59201335000783,638.6731939314581,32.138992940057726,32.14260691899707,52.56368118782767,29.825640754973755,0.04559005073005952,0.0,0.23111197997498825,4.544020900971994,PCM Storage + DSM
2024-03-22 17:00:00,89.69546153141654,79.0,4.6,89.69546153141654,0.0,42.03475284343856,42.03475284343856,579.6657367406278,32.11210117887713,32.11570557242085,54.9243916263655,31.165153130728953,0.047637565405969313,0.0,0.23194787073484216,4.931742573673999,PCM Storage + DSM
2024-03-22 18:00:00,108.56622446219609,79.9,2.35,108.56622446219609,0.0,39.307032831153,39.307032831153,638.9173966408148,32.08528074300702,32.08887557657856,66.47977197451618,37.72189754555576,0.05765989193205208,0.0,0.23603945075327049,7.057346537625298,PCM Storage + DSM
2024-03-22 19:00:00,112.18751012363407,80.6,1.9,112.18751012363407,0.0,38.783585347596535,38.783585347596535,640.9121309991818,32.058531443270496,32.06211674222588,68.69724104668431,38.98013202299695,0.05958316909240236,0.0,0.2368246219786052,7.508504570295077,PCM Storage + DSM
2024-03-22 20:00:00,103.0411362490091,82.4,1.5,103.0411362490091,0.0,40.105670053401795,40.105670053401795,582.0084178362488,32.031853090992385,32.03542888062038,63.09652265944346,35.80217700134019,0.05472549874609075,0.0,0.2348414949198973,6.395840833749887,PCM Storage + DSM
2024-03-22 21:00:00,101.64830288335385,78.8,1.45,101.64830288335385,0.0,40.3070005167865,40.3070005167865,630.8398999682223,32.00524549799802,32.00881180352032,62.24363084151437,35.318229827368285,0.05398576019719239,0.0,0.23453949922482026,6.234197384824386,PCM Storage + DSM
2024-03-22 22:00:00,98.70345911272942,82.0,-0.05,98.70345911272942,0.0,40.73267007321364,40.73267007321364,571.3822947192587,31.978708476611764,31.982265323183164,60.44037625343706,34.295028591869446,0.05242174363115525,0.0,0.23390099489017954,5.899221248482586,PCM Storage + DSM
2024-03-22 23:00:00,97.04459528257816,82.7,0.45,131.53193344755798,34.48733816497981,39.789919159683066,40.97245455271552,732.2723693641278,37.71840267428986,37.06419568188397,59.42458253203313,68.20598591876657,0.0515407153956213,0.0,0.2353151212604754,6.136211215670254,PCM Storage + DSM
2024-03-23 00:00:00,87.79659626966912,79.4,0.4,114.02697141693129,26.230375147262166,41.814156777224554,42.30922890962103,724.7430637979095,41.82816895900945,41.33240373938825,49.068466718582485,27.84238903504981,9.070612738494948,26.230375147262166,0.23227876483416318,4.47087625662221,PCM Storage + DSM
2024-03-23 01:00:00,80.84244420171066,80.0,0.05,100.85095316796934,20.008508966258677,43.33780428598793,43.31443361882266,657.1466703029348,44.94258557176194,44.5668903177597,45.181874369894075,25.63706200061345,8.352151852616087,20.008508966258674,0.2299932935710181,3.703701662204392,PCM Storage + DSM
2024-03-23 02:00:00,86.47225404916203,81.8,-0.15,101.76577804763521,15.293523998473178,43.232015828312754,42.500659154982216,630.341053308184,47.30271793699948,47.01801276145985,48.32830770408757,27.422408615699105,8.933789718858042,15.293523998473177,0.23015197625753087,3.9923002530858507,PCM Storage + DSM
2024-03-23 03:00:00,98.0622099647412,80.6,0.3,109.78267678823062,11.720466823489415,42.304958232966854,40.82536098031924,684.8446135255681,49.091247049847176,48.87549495791746,54.80579533204362,31.09785931892997,10.131193789552814,11.720466823489417,0.23154256265054973,4.832240708879107,PCM Storage + DSM
2024-03-23 04:00:00,110.20952974218808,82.4,-0.05,119.22230233909356,9.012772596905476,41.2133794507832,39.06949729986733,691.5158227245796,50.44661017889005,50.28311134159697,61.59478695068052,34.950063360394296,11.386181319746466,9.012772596905478,0.2331799308238252,5.834241176401464,PCM Storage + DSM
2024-03-23 05:00:00,127.74910410556032,84.4,-0.35,134.70996214705167,6.960858041491342,39.422418491479036,36.53419715469377,715.4913551972446,51.47371630669806,51.34981544642323,71.39744511141103,40.512279592948886,13.19826394490338,6.960858041491349,0.23586637226278145,7.529966465675874,PCM Storage + DSM
2024-03-23 06:00:00,146.07748867175957,84.5,-0.15,151.483387773876,5.405899102116428,37.48277423121457,33.88487653329257,769.6774892331953,52.25206638512004,52.15817322091773,81.64095985234209,46.32464630371187,15.091841664153016,5.405899102116422,0.23877583865317814,9.560430272511045,PCM Storage + DSM
2024-03-23 07:00:00,139.7530099601848,86.0,0.05,2.842170943040401e-14,-139.75300996018478,86.0,32.051129971268765,0.0,38.58711253345611,39.66554762262691,78.10628440526557,0.0,0.0,0.0,0.166,0.0,PCM Storage + DSM
2024-03-23 08:00:00,131.16121543409582,82.6,0.25,0.0,-131.16121543409582,82.6,19.62809781382699,0.0,25.929845037846107,26.96490434897041,73.3044332895186,0.0,0.0,0.0,0.1711,0.0,PCM Storage + DSM
2024-03-23 09:00:00,109.59290833535701,81.7,1.15,109.59290833535701,0.0,39.158628330636276,39.158628330636276,615.4201891703073,26.286837967227257,26.28836864949969,61.250164627440085,34.754518045134034,11.322475729492703,0.0,0.23626205750404558,6.556721711567242,PCM Storage + DSM
2024-03-23 10:00:00,104.1558527979529,79.9,2.25,104.1558527979529,0.0,39.94454065711117,39.94454065711117,622.7422440268848,26.275468888068982,26.276992851511736,58.21145936983815,33.030298406680075,10.76075207148206,0.0,0.23508318901433325,5.956939071434998,PCM Storage + DSM
2024-03-23 11:00:00,96.81258276277023,78.7,3.55,96.81258276277023,0.0,41.00599136284357,41.00599136284357,613.5645461276165,26.26412901546743,26.26564893687852,54.107393647060185,30.701572809152417,10.002089873248902,0.0,0.23349101295573466,5.192364727950622,PCM Storage + DSM
2024-03-23 12:00:00,95.64448302124309,76.9,5.0,95.64448302124309,0.0,41.17483716165926,41.17483716165926,639.5676418514438,26.252819219730803,26.25433510983782,53.45455668382463,30.331140596319862,9.881408880528129,0.0,0.23323774425751112,5.07556238383704,PCM Storage + DSM
2024-03-23 13:00:00,92.70822071345233,76.2,6.2,92.70822071345233,0.0,41.599266289811624,41.599266289811624,640.0791989763883,26.241539421088326,26.243051290583534,51.81351482743738,29.399981975644423,9.578052037276443,0.0,0.23260110056528258,4.78779686667756,PCM Storage + DSM
2024-03-23 14:00:00,87.38655326509858,75.0,7.1,87.38655326509858,0.0,42.3684995662218,42.3684995662218,639.7471244153775,26.230289539978408,26.231797399525718,48.83929859159545,27.712354644886354,9.028249577978288,0.0,0.2314472506506673,4.287553311170111,PCM Storage + DSM
2024-03-23 15:00:00,89.33506839409505,73.2,7.9,89.33506839409505,0.0,42.086846740042965,42.086846740042965,685.9283009905195,26.21906949705043,26.220573357285474,49.92830037321517,28.3302751402956,9.229558363297695,0.0,0.23186972988993557,4.467530372849566,PCM Storage + DSM
2024-03-23 16:00:00,81.2081895373927,75.3,7.65,81.2081895373927,0.0,43.2615660757774,43.2615660757774,605.5211614945902,26.20787921316428,26.209379084694472,45.38628505998812,25.753048546293837,8.389938446195329,0.0,0.2301076508863339,3.7412188701754685,PCM Storage + DSM
2024-03-23 17:00:00,74.54308784809271,73.2,7.3,74.54308784809271,0.0,44.22498929976206,44.22498929976206,614.5886701506035,26.196718609389702,26.198214502794336,41.66123950796176,23.63938626237489,7.701340495306263,0.0,0.22866251605035692,3.193336682996323,PCM Storage + DSM
2024-03-23 18:00:00,62.55697758141255,73.2,6.45,62.55697758141255,0.0,45.95755056206044,45.95755056206044,548.5678866307024,26.18558760700583,26.187079532836126,34.96234595519383,19.838305591355716,6.463008155678721,0.0,0.22606367415690934,2.3164196246518713,PCM Storage + DSM
2024-03-23 19:00:00,68.62152439273693,74.9,5.4,68.62152439273693,0.0,45.0809359936208,45.0809359936208,549.7523952499638,26.174486127500572,26.175974096279774,38.351748574638655,21.76151763847806,7.089560412796252,0.0,0.2273785960095688,2.742701676106082,PCM Storage + DSM
2024-03-23 20:00:00,72.45286748036052,77.2,4.1,72.45286748036052,0.0,44.52712525197893,44.52712525197893,529.7476104562601,26.16341409257006,26.1648981147935,40.493040364642546,22.976527665116382,7.485391582713132,0.0,0.2282093121220316,3.030387723808488,PCM Storage + DSM
2024-03-23 21:00:00,78.95447701609709,77.0,3.05,78.95447701609709,0.0,43.587334396264836,43.587334396264836,564.5032061711423,26.152371424118147,26.153851510253304,44.126712109064385,25.038342698263676,8.157098514203206,0.0,0.22961899840560274,3.551141002267031,PCM Storage + DSM
2024-03-23 22:00:00,76.84843908525296,79.1,2.1,76.84843908525296,0.0,43.89175673635083,43.89175673635083,521.4245445630332,26.141358044255803,26.142834204742417,42.94967271906017,24.37046797550075,7.9395154267610355,0.0,0.22916236489547376,3.377968548573342,PCM Storage + DSM
2024-03-23 23:00:00,94.37595449430594,79.2,1.35,137.59088912367008,43.214934629364144,39.089274052247575,41.35819968185911,819.4640974896719,33.355637579102556,32.53323357031805,52.74559127456887,73.1437946561667,9.750352193771862,0.0,0.23636608892162864,5.668270981625788,PCM Storage + DSM
2024-03-24 00:00:00,106.61032989456099,82.2,1.0,139.44559246531915,32.83526257075817,38.87479999243657,39.58975233611572,768.8913790623658,38.52202723761583,37.898800482757615,54.178901953961585,30.742147993851074,18.654367454839996,35.58856677602684,0.23668780001134515,5.892020604634337,PCM Storage + DSM
2024-03-24 01:00:00,104.33714752319308,82.8,0.6,129.35089838737738,25.013750864184303,40.04212954473103,39.918334973113474,722.6935159805553,42.437162228983865,41.964875499902014,53.02368064526082,30.08665326883972,18.25661257227561,27.70834816376551,0.23493680568290345,5.395012244663311,PCM Storage + DSM
2024-03-24 02:00:00,97.69945424897952,79.7,0.15,116.78599468294564,19.086540433966128,41.49510903105024,40.877796381531354,730.2516979103058,45.404086040514436,45.046182993627696,49.650434042799695,28.17260845558871,17.095168183986395,21.60971354957519,0.23275733645342464,4.618947398367844,PCM Storage + DSM
2024-03-24 03:00:00,112.68335339591818,81.5,0.25,127.27820151272385,14.594848116805677,40.28181192599491,38.71191248403889,737.6764336538574,47.65244706071904,47.38122497658421,57.26518585505776,32.49336466707125,19.71700755799172,17.504993419569498,0.23457728211100765,5.744220883306269,PCM Storage + DSM
2024-03-24 04:00:00,136.6712065132701,86.5,-0.25,147.86221059424042,11.191004080970304,37.901519673448405,35.24453030982679,726.8340787262047,49.356274862946194,49.150740376547354,69.45570757482355,39.41050047668492,23.914332779162823,14.72065648899019,0.2381477204898274,7.958990788106929,PCM Storage + DSM
2024-03-24 05:00:00,148.4064713898312,85.5,-1.05,157.0180124528145,8.611541062983285,36.842761676232776,33.5482281003885,770.9084321974149,50.64745059209047,50.49169474634514,75.4195177026019,42.794480715176704,25.96773551606231,12.444266861419772,0.23973585748565085,9.050342124312227,PCM Storage + DSM
2024-03-24 06:00:00,128.82153430757174,84.5,-0.55,135.47833555547717,6.656801247905437,39.33356537914823,36.379180140567925,716.5637254309074,51.625914942391596,51.507881789372355,65.46653859632134,37.146969495311325,22.540819819677903,9.983729065209708,0.23599965193127764,6.939361943792279,PCM Storage + DSM
2024-03-24 07:00:00,122.86106593688127,83.1,-0.95,1.4210854715202004e-14,-122.86106593688126,83.1,33.86666538178453,0.0,39.60324588983132,40.550973377605615,62.43745471885177,0.0,0.0,0.0,0.17035,0.0,PCM Storage + DSM
2024-03-24 08:00:00,114.66744430228391,83.4,0.05,114.66744430228391,0.0,38.42511727118291,38.42511727118291,609.0751340889046,39.891198028474875,39.897577659697255,58.273492149485804,33.06549699549641,20.06417805139286,2.9613861707128724,0.23736232409322564,6.494539697252053,PCM Storage + DSM
2024-03-24 09:00:00,107.23987507584516,81.6,1.0,107.23987507584516,0.0,39.49875320714962,39.49875320714962,608.5021514853663,39.84374587270889,39.85010616137144,54.49883405328177,30.923683602557986,18.764523451474783,2.769562755418091,0.23575187018927557,5.722785268134495,PCM Storage + DSM
2024-03-24 10:00:00,96.16464611212179,79.7,1.4,96.16464611212179,0.0,41.099648931175594,41.099648931175594,595.1479734946422,39.7964187115805,39.802762130774056,48.87045128083659,27.73003127819781,16.826611891308765,2.483535364730045,0.2333505266032366,4.662343993543086,PCM Storage + DSM
2024-03-24 11:00:00,88.01103368941119,79.8,1.7,88.01103368941119,0.0,42.27823253478664,42.27823253478664,560.3438505301768,39.749217076793805,39.75554367126768,44.72682121743147,25.378856115046386,15.399916350942076,2.272961254380863,0.23158265119782004,3.950747168527183,PCM Storage + DSM
2024-03-24 12:00:00,76.41672870727973,78.6,2.65,76.41672870727973,0.0,43.95415935578008,43.95415935578008,526.9120307297802,39.70214063541611,39.70845044979469,38.83464628961262,22.03552306280794,13.371178369040413,1.973528275456194,0.2290687609663299,3.039783641813596,PCM Storage + DSM
2024-03-24 13:00:00,63.9228272732866,75.5,3.65,63.9228272732866,0.0,45.76012051898454,45.76012051898454,513.4729232943641,39.65518905539556,39.661482134184894,32.48530039147833,18.432782434537916,11.185031599541007,1.650862438173379,0.22635981922152318,2.190785167828804,PCM Storage + DSM
2024-03-24 14:00:00,62.03490935635018,75.5,3.85,62.03490935635018,0.0,46.033014174766755,46.033014174766755,502.92267145160514,39.608362005561055,39.6146383931491,31.525868788368324,17.888382543269376,10.854689177920712,1.6021053210624572,0.22595047873784987,2.0744625367811915,PCM Storage + DSM
2024-03-24 15:00:00,64.96319560235216,76.7,4.4,64.96319560235216,0.0,45.609737965732734,45.609737965732734,499.16459482078056,39.56165915561979,39.56791889627682,33.01401101222396,18.732782980187487,11.367072243425714,1.6777308523155876,0.2265853930514009,2.256229417388496,PCM Storage + DSM
2024-03-24 16:00:00,72.60766487199118,75.1,4.75,72.60766487199118,0.0,44.504749689075126,44.504749689075126,566.9297337333202,39.51508017615507,39.521323314033914,36.898896758844046,20.937141655881625,12.704679386130502,1.8751558992876831,0.2282428754663873,2.766365707192385,PCM Storage + DSM
2024-03-24 17:00:00,61.52927316245197,76.6,4.35,61.52927316245197,0.0,46.106102579835024,46.106102579835024,482.02506939814265,39.46862473862387,39.47485131776026,31.268906692850198,17.742577322337784,10.766214417840965,1.589046827946707,0.22584084613024746,2.0438415717157206,PCM Storage + DSM
2024-03-24 18:00:00,80.45607588185874,74.9,3.95,80.45607588185874,0.0,43.37028216093191,43.37028216093191,609.592392437633,39.42229251535459,39.42850257966745,40.88742480315789,23.20030895890512,14.0779716652134,2.0778479185274414,0.22994457675860214,3.343704379398938,PCM Storage + DSM
2024-03-24 19:00:00,107.79548297535904,80.6,2.8,107.79548297535904,0.0,39.418441521180846,39.418441521180846,625.3145882145616,39.37608317954469,39.38227677283648,54.781191550368405,31.083898661364213,18.861742116200745,2.783911811158984,0.23587233771822874,5.778832336693175,PCM Storage + DSM
2024-03-24 20:00:00,139.23086891536727,84.4,1.6,0.0,-139.23086891536727,84.4,19.250620904307148,0.0,25.795430404574056,26.870299174390993,70.7565167783559,0.0,0.0,0.0,0.1684,0.0,PCM Storage + DSM
2024-03-24 21:00:00,149.30781979597685,84.1,0.5,149.30781979597685,0.0,33.41794051771345,33.41794051771345,703.7672867503089,26.166947229198875,26.16843528000259,75.87757900839864,43.054393484634936,26.12545085555806,3.8560039025330286,0.24487308922342982,9.105309481007836,PCM Storage + DSM
2024-03-24 22:00:00,141.7647959948358,84.9,0.0,141.7647959948358,0.0,34.50826511407405,34.50826511407405,672.0628088889102,26.15589617409408,26.157377516610882,72.04424740382896,40.87928761782859,24.80559434778575,3.661198772742478,0.2432376023288889,8.645309688459475,PCM Storage + DSM
2024-03-24 23:00:00,137.87617672681264,84.5,-0.3,181.06937496531486,43.19319823850221,34.06151184171443,35.07035497956884,857.5979177469935,33.36650320146909,32.54451809336415,70.06806815115355,82.95116384984664,24.12517498514596,3.560771808545614,0.24390773223742837,8.408168178138425,PCM Storage + DSM
2024-03-25 00:00:00,130.62460141979403,84.1,-0.5,163.4434142824081,32.818812862614074,36.099741493239684,36.1185514493198,813.438316477753,38.530261301713054,37.90735199436299,60.13361395429202,34.12096578034801,20.704637610486568,41.67011407798524,0.24085038776014048,7.2160336745150415,PCM Storage + DSM
2024-03-25 01:00:00,118.96052747215684,84.0,-0.65,143.96181260253942,25.001285130382588,38.35255363309771,37.80456319396707,753.410372701455,42.44340207534666,41.97135591078504,54.76400583853286,31.074147158886795,18.855824894330404,33.062212780692256,0.23747116955035344,6.127253170264591,PCM Storage + DSM
2024-03-25 02:00:00,120.73483139802273,82.6,-0.9,139.8119251890184,19.077093790995676,38.832438033664474,37.548092146971555,763.119650058687,45.40881465109743,45.05109390612491,55.58081451129362,31.537620064299492,19.137060736557824,27.25825069616817,0.23675134294950329,6.058607350639965,PCM Storage + DSM
2024-03-25 03:00:00,123.53503228657196,83.9,0.2,138.12272165405486,14.587689367482884,39.02777403800283,37.143330345335166,735.3401669955938,47.656030443505365,47.38494650936825,56.86989939573536,32.269071549377934,19.58090626032444,22.958591705435275,0.23645833894299575,6.132472094257213,PCM Storage + DSM
2024-03-25 04:00:00,125.38620048033822,84.0,0.05,136.57177959796158,11.185579117623373,39.20712177078159,36.87574876706168,728.3712161595861,49.358990382012074,49.1535605868994,57.72209287474671,32.7526224724554,19.87432546460445,19.681919138104483,0.23618931734382762,6.162253017936022,PCM Storage + DSM
2024-03-25 05:00:00,127.65144849004776,82.4,-0.15,136.25887846798128,8.607429977933522,39.24330501052637,36.54831302153618,754.2536277446933,50.64950843637808,50.49383192661234,58.76490983147627,33.34433681250458,20.23337834307551,17.257266294238907,0.23613504248421044,6.260823479768666,PCM Storage + DSM
2024-03-25 06:00:00,122.88112086940714,85.4,-1.15,129.5348067008194,6.653685831412236,40.02086276759684,37.23785155072603,681.9162232523869,51.6274743949343,51.509501363419815,56.568868377897296,32.0982607767827,19.477258105424077,14.980278239546008,0.23496870584860474,5.7629434756204185,PCM Storage + DSM
2024-03-25 07:00:00,124.31666522492326,84.9,-2.35,1.4210854715202004e-14,-124.31666522492324,84.9,33.65782171907297,0.0,39.46311471215944,40.422056457530715,57.22972758168115,0.0,0.0,0.0,0.16765,0.0,PCM Storage + DSM
2024-03-25 08:00:00,123.86238127073389,83.5,-1.2,0.0,-123.86238127073389,83.5,21.559127607830526,0.0,27.499724588233644,28.476168701153064,57.020595950809714,0.0,0.0,0.0,0.16975,0.0,PCM Storage + DSM
2024-03-25 09:00:00,125.70233105577003,84.6,-0.2,125.70233105577003,0.0,36.830052909386836,36.830052909386836,628.6216687185691,27.83151991213946,27.833601033728172,57.86762498566256,32.83520018315604,19.924433705554218,8.517761459598422,0.23975492063591974,6.944114998279507,PCM Storage + DSM
2024-03-25 10:00:00,122.94431938079423,83.0,0.5,122.94431938079423,0.0,37.22871636923445,37.22871636923445,641.6765242224997,27.81605380201051,27.818126897054615,56.59796209259522,32.114769108451995,19.48727537829281,8.330874825492897,0.23915692544614833,6.714086168736102,PCM Storage + DSM
2024-03-25 11:00:00,108.50011593890355,81.1,1.1,108.50011593890355,0.0,39.316588647344915,39.316588647344915,620.3361405685733,27.800627819296217,27.802695415841335,49.94850904767828,28.341741929741286,17.197798552442983,7.352115892714236,0.23602511702898263,5.299560191651455,PCM Storage + DSM
2024-03-25 12:00:00,102.65287504203378,80.2,1.6,102.65287504203378,0.0,40.16179220745277,40.16179220745277,612.487548488979,27.78524275108124,27.78730486371757,47.256705796465965,26.81436114248545,16.270982298268677,6.955898871613426,0.23475731168882086,4.774309390752991,PCM Storage + DSM
2024-03-25 13:00:00,86.48935672500369,80.7,1.9,86.48935672500369,0.0,42.498187007389234,42.498187007389234,540.8532811207925,27.769898488849908,27.77195513212248,39.815758531901686,22.59222496453085,13.708985663430658,5.860636817075795,0.23125271948891615,3.464404106331509,PCM Storage + DSM
2024-03-25 14:00:00,84.37142064720506,77.1,2.0,84.37142064720506,0.0,42.804329193868085,42.804329193868085,587.7015497858428,27.754594924372082,27.756646112787347,38.8407572756459,22.038990553477703,13.373282445994077,5.717122578749042,0.23079350620919786,3.308223624875653,PCM Storage + DSM
2024-03-25 15:00:00,74.91297105878405,80.2,1.05,74.91297105878405,0.0,44.17152363757807,44.17152363757807,496.72029105135636,27.739331949704656,27.74137769773059,34.48651810496811,19.568311743867536,11.874071968360136,5.0762051296043404,0.2287427145436329,2.6544568939909157,PCM Storage + DSM
2024-03-25 16:00:00,93.83615242937006,79.8,0.75,93.83615242937006,0.0,41.43622667528803,41.43622667528803,584.3185203854088,27.72410945719085,27.726149779257053,43.197888482045,24.51131035961866,14.873488682033821,6.358465717913213,0.23284565998706797,4.033932866644406,PCM Storage + DSM
2024-03-25 17:00:00,109.91372401627478,81.8,0.85,109.91372401627478,0.0,39.11225525307155,39.11225525307155,615.1053261093946,27.7089273394594,27.710962249957216,50.599269788636455,28.71099605423654,17.42186234017595,7.447903904752515,0.23633161712039266,5.430640934160582,PCM Storage + DSM
2024-03-25 18:00:00,124.43627487914094,83.5,1.0,124.43627487914094,0.0,37.01305805773916,37.01305805773916,639.465030368281,27.69378548942384,27.69581500270642,57.284790415892736,32.50448867085884,19.72375761508807,8.43197176567307,0.23948041291339126,6.86968668130217,PCM Storage + DSM
2024-03-25 19:00:00,119.39257202408919,82.5,0.95,119.39257202408919,0.0,37.74211227055567,37.74211227055567,637.2480299911223,27.678683800281696,27.68070793066414,54.96289946205069,31.187003215187346,18.9243060669588,8.090203578626754,0.2383868315941665,6.350816082749449,PCM Storage + DSM
2024-03-25 20:00:00,107.89528447459733,80.7,1.05,107.89528447459733,0.0,39.40401547239167,39.40401547239167,624.1592569165006,27.66362216551382,27.66564092727325,49.67007220357176,28.18375152462497,17.10192980989551,7.311131687465613,0.2358939767914125,5.243962931875424,PCM Storage + DSM
2024-03-25 21:00:00,107.76633910600077,82.4,-0.5,107.76633910600077,0.0,39.42265419217754,39.42265419217754,599.0241271159159,27.64860047888355,27.650613886259222,49.61071163188695,28.150069197853476,17.081491338892928,7.302394173357476,0.23586601871173368,5.232147804755022,PCM Storage + DSM
2024-03-25 22:00:00,141.24228714987183,85.5,-2.85,141.24228714987183,0.0,34.58379241724841,34.58379241724841,662.6885534051704,27.633618634436008,27.63562670162941,65.02151261840798,36.89445322088136,22.38759268107699,9.5707700871271,0.24312431137412738,7.802581514208958,PCM Storage + DSM
2024-03-25 23:00:00,156.1713409321139,90.8,-3.2,156.1713409321139,0.0,32.425836275481174,32.425836275481174,639.1185802866405,27.61867652649734,27.6206792676723,71.89416866548069,40.79413006352907,24.753920655050404,10.582383140493915,0.24636124558677824,8.627300239857682,PCM Storage + DSM
2024-03-26 00:00:00,166.31531236241494,87.7,-3.4,166.31531236241494,0.0,30.959551421181324,30.959551421181324,700.229247913046,27.603774049673973,27.605771478956747,78.79451613254116,44.709519548934786,27.129783077031593,19.88225386805928,0.24856067286822803,9.455341935904938,PCM Storage + DSM
2024-03-26 01:00:00,132.28949498021194,88.0,-3.5,173.31792788996023,41.02843290974829,34.95787315531581,35.877895387891044,780.5906310265499,34.448629609821964,33.668363555862356,62.67424567420437,35.56256894162631,21.579403911784812,56.843052056435596,0.24256319026702627,7.520909480904525,PCM Storage + DSM
2024-03-26 02:00:00,119.74454892060012,84.3,-3.7,150.92510646824266,31.180557547642543,37.54733272714596,37.69123491980961,771.1802064114327,39.350306201775155,38.75901204910791,56.73087858048796,32.19018847271106,19.53303992715844,45.49548434023799,0.23867900090928107,6.621401430737487,PCM Storage + DSM
2024-03-26 03:00:00,116.16741712719183,84.7,-2.8,139.9272179420621,23.75980081487026,38.8191058180714,38.208300075853074,728.5696940173641,43.06483932997095,42.61675140834126,55.036155678547686,31.228570197311385,18.949528955049953,37.647097454680576,0.2367713412728929,6.003639135430945,PCM Storage + DSM
2024-03-26 04:00:00,129.20922692006192,87.0,-3.0,147.34551295207666,18.136286032014727,37.9612695205108,36.32314017538031,717.791766514848,45.87974528112241,45.54018030385494,61.21491984358476,34.734519478861635,21.076942634443856,33.582672869339426,0.2380580957192338,6.992726161353273,PCM Storage + DSM
2024-03-26 05:00:00,142.1680144194098,86.7,-3.4,156.04275137315759,13.874736953747806,36.95553885112248,34.449980932874425,749.3757661840106,48.01290582657168,47.755580493259195,67.35435088076139,38.21815038934608,23.1908135030056,30.870289043655045,0.23956669172331627,8.082522105691366,PCM Storage + DSM
2024-03-26 06:00:00,145.50015942524726,87.7,-3.35,156.14545691849153,10.645297493244273,36.94366219420479,33.9683279838336,734.9196334022328,49.629433693444106,49.434430287329505,68.93300740786636,39.113910377781416,23.734361597919406,28.03919265806263,0.2395845067086928,8.271960888943962,PCM Storage + DSM
2024-03-26 07:00:00,154.54674266018066,88.1,-3.65,0.0,-154.54674266018066,88.1,27.290101450542213,0.0,34.51572204328462,35.70566514173709,73.2189696474468,0.0,0.0,0.0,0.16285,0.0,PCM Storage + DSM
2024-03-26 08:00:00,134.200409011723,88.4,-3.25,134.200409011723,0.0,35.60167770317793,35.60167770317793,607.2038166654913,34.90390850650162,34.90851107988474,63.57957149384804,36.07626817373312,21.891117141416856,16.04306039695384,0.2415974834452331,7.629548579261765,PCM Storage + DSM
2024-03-26 09:00:00,116.56986478428249,82.8,-2.3,116.56986478428249,0.0,38.1501273071012,38.1501273071012,623.6872182157595,34.869684416698185,34.87427173309072,55.2268216368332,31.336757718571658,19.01517725574843,13.93540746239918,0.2377748090393482,6.246111342526407,PCM Storage + DSM
2024-03-26 10:00:00,101.23748213512508,82.7,-1.2,101.23748213512508,0.0,40.36638359422308,40.36638359422308,571.2901564825398,34.83555001283568,34.84012516223123,47.962862264488926,27.215047864878315,16.51411941917796,12.102489495300047,0.2344504246086654,4.78677511578373,PCM Storage + DSM
2024-03-26 11:00:00,101.57586632957226,82.7,0.05,101.57586632957226,0.0,40.317471033431524,40.317471033431524,572.5381673776059,34.80150614402078,34.806069158697845,48.12317714163184,27.30601360063522,16.569317522477334,12.142941816636984,0.23452379344985272,4.816897779771476,PCM Storage + DSM
2024-03-26 12:00:00,97.92356853101946,79.9,1.45,97.92356853101946,0.0,40.84540124126056,40.84540124126056,598.9848353171618,34.767552570129155,34.772103482272804,46.39284315301018,26.324188911714813,15.973545277576989,11.706325903158465,0.23373189813810916,4.49674659848407,PCM Storage + DSM
2024-03-26 13:00:00,90.54965483974472,78.7,2.8,90.54965483974472,0.0,41.911281408285994,41.911281408285994,587.9940267702326,34.73368905167062,34.738227893380525,42.89933462962773,24.34190517818945,14.770693441318489,10.824807407184945,0.232133077887571,3.8837759279893462,PCM Storage + DSM
2024-03-26 14:00:00,84.09770721246791,78.2,3.65,84.09770721246791,0.0,42.84389376347784,42.84389376347784,568.2252147473831,34.69991534979017,34.70444215308087,39.84262214667862,22.60746789473686,13.718235089372147,10.053505842423373,0.23073415935478325,3.3840983510999596,PCM Storage + DSM
2024-03-26 15:00:00,86.0006843565049,76.7,3.7,86.0006843565049,0.0,42.568823335337115,42.568823335337115,601.9375308217275,34.666231226266326,34.67074602306746,40.744187740043465,23.119033502340677,14.02865363343123,10.280998273188926,0.23114676499699432,3.527919428008553,PCM Storage + DSM
2024-03-26 16:00:00,89.27676568987094,78.2,3.8,89.27676568987094,0.0,42.09527424526179,42.09527424526179,590.7111572028472,34.63263644350942,34.63713926566593,42.296283213435146,23.99972223951994,14.563056477369361,10.672639186086094,0.2318570886321073,3.782487010445929,PCM Storage + DSM
2024-03-26 17:00:00,96.51376709880063,78.7,3.85,96.51376709880063,0.0,41.049184394814986,41.049184394814986,612.3724651240328,34.59913076455999,34.60362164383234,45.72492737233581,25.945200688690875,15.743574828707914,11.53779042929994,0.23342622340777752,4.376099310459633,PCM Storage + DSM
2024-03-26 18:00:00,103.76339041882909,78.2,3.6,103.76339041882909,0.0,40.00127007973876,40.00127007973876,648.9272423624535,34.56571395308702,34.57019292115147,49.15955136173776,27.89407220836746,16.926152098766956,12.404450565695068,0.23499809488039186,5.013899619596345,PCM Storage + DSM
2024-03-26 19:00:00,86.26747311159107,80.6,2.7,86.26747311159107,0.0,42.530259710274855,42.530259710274855,541.3372832635517,34.53238577338635,34.53685286183512,40.87058314265564,23.190752677752315,14.072172903846374,10.31289167904808,0.23120461043458773,3.548320341383074,PCM Storage + DSM
2024-03-26 20:00:00,88.76338019693095,77.2,1.45,88.76338019693095,0.0,42.16948279147936,42.16948279147936,605.3242306462423,34.499145990379006,34.50360123072051,42.0530586965156,23.861711984139948,14.47931171051346,10.611266239976542,0.23174577581278097,3.7420116640176184,PCM Storage + DSM
2024-03-26 21:00:00,98.31369732697549,81.4,0.4,98.31369732697549,0.0,40.789009132048996,40.789009132048996,578.3240047596114,34.465994369609355,34.47043779326849,46.57767285551973,26.429064829522012,16.03718409384742,11.752964060837753,0.2338164863019265,4.530421375867438,PCM Storage + DSM
2024-03-26 22:00:00,113.70644233130507,85.1,-0.4,113.70644233130507,0.0,38.564027622486684,38.564027622486684,583.7098935942622,34.43293067724386,34.43736231556212,53.87022985066163,30.567001522826544,18.548088393612275,13.59309807829665,0.23715395856626997,5.958900416982547,PCM Storage + DSM
2024-03-26 23:00:00,110.66417374846147,81.6,-0.1,141.48213121593784,30.81795746747638,38.6392988618788,39.00377968373667,786.7395962255115,39.55265865683333,38.96916745517189,52.42890687489115,60.567124692632476,18.05182568910097,13.22940843697781,0.23704105170718182,5.775788940769585,PCM Storage + DSM
2024-03-27 00:00:00,98.78749628788233,81.0,0.2,122.24095037562235,23.453454087740013,40.86430923292335,40.720522716729896,727.5900507543846,43.21818425877714,42.77600823739414,61.580209441203614,34.94179180195441,4.369629867767721,23.453454087740013,0.23370353615061498,5.961835301490455,PCM Storage + DSM
2024-03-27 01:00:00,102.27086315437572,81.7,0.75,120.17499686892188,17.90413371454616,41.103211825059105,40.2170110385471,707.1690089642152,45.99595142003197,45.66086653288696,63.751602271872244,36.17388173633377,4.523708313645786,17.904133714546163,0.23334518226241135,6.080674302774203,PCM Storage + DSM
2024-03-27 02:00:00,104.30500006804141,81.1,1.35,118.00380994900141,13.69880988096,41.35428339152851,39.92298180467417,709.2616430730977,48.100967863088215,47.84703758156614,65.01960259461129,36.8933694367493,4.613683520499699,13.698809880959999,0.23296857491270723,6.103669657144353,PCM Storage + DSM
2024-03-27 03:00:00,120.7930730954752,80.8,0.95,131.30505150202183,10.511978406546627,39.816155318784226,37.5396734601239,765.3666129283298,49.696167881054244,49.50373727511654,75.29761376469271,42.72531008297339,5.342994203226736,10.511978406546632,0.23527576702182365,7.7634149987919265,PCM Storage + DSM
2024-03-27 04:00:00,124.19667174773556,84.9,0.95,132.29364116848149,8.09696942074591,39.701836853673626,37.04769207115653,699.2282406959408,50.905024517643874,50.75919890803326,77.41928225246572,43.92918547159666,5.493544291928956,8.096969420745921,0.23544724471948955,8.035268250447853,PCM Storage + DSM
2024-03-27 05:00:00,119.71730517725629,82.1,1.05,125.98415949831018,6.266854321053882,40.431452269097186,37.69517293250158,722.2845989409308,51.8211067338979,51.7105988013646,74.62702268582788,42.34480384445018,5.295410168780342,6.266854321053884,0.23435282159635423,7.418768324311837,PCM Storage + DSM
2024-03-27 06:00:00,89.03675884598147,79.4,1.45,93.91673581054772,4.879976964566247,44.13966284463797,42.12996661427539,636.2932338091401,52.51532191337893,52.43157802788862,55.501986220234144,31.49289138020929,3.938329195517387,4.879976964566254,0.22879050573304305,4.2826455335068125,PCM Storage + DSM
2024-03-27 07:00:00,88.00160660949689,78.0,1.85,1.4210854715202004e-14,-88.00160660949687,78.0,39.79491710820396,0.0,43.888993951221934,44.56902271316057,54.856713347435665,0.0,0.0,0.0,0.178,0.0,PCM Storage + DSM
2024-03-27 08:00:00,83.76794637651247,81.2,1.85,83.76794637651247,0.0,42.891559840085506,42.891559840085506,522.3771550170698,44.06988188100286,44.077750282766615,52.21761737226968,29.62927750932805,3.7052758112392112,0.0,0.23066266023987175,4.420254779939869,PCM Storage + DSM
2024-03-27 09:00:00,107.84037433637516,77.2,3.05,0.0,-107.84037433637516,77.2,28.481834471965477,0.0,33.53760510131714,34.37129894389535,67.22341477811472,0.0,0.0,0.0,0.1792,0.0,PCM Storage + DSM
2024-03-27 10:00:00,97.8948227409979,80.4,4.7,97.8948227409979,0.0,40.849556370917924,40.849556370917924,591.3017183591137,33.80188021458124,33.80608905898206,61.02375213592308,34.62604725538294,4.330144577227862,0.0,0.2337256654436231,5.913364013437816,PCM Storage + DSM
2024-03-27 11:00:00,100.88066106697987,75.5,6.1,100.88066106697987,0.0,40.41796115745966,40.41796115745966,686.9480110168391,33.77057872006399,33.77477426728505,62.885005395502816,35.68215804937171,4.462216031812714,0.0,0.23437305826381052,6.25656961248952,PCM Storage + DSM
2024-03-27 12:00:00,77.37450703419965,74.0,7.35,77.37450703419965,0.0,43.815714973893876,43.815714973893876,612.3754588455099,33.73935948618655,33.74354390550662,48.232200709801354,27.36787566403276,3.422477232899716,0.0,0.2292764275391592,3.815442489566275,PCM Storage + DSM
2024-03-27 13:00:00,78.35500449228829,72.7,7.9,78.35500449228829,0.0,43.67398660031226,43.67398660031226,644.8818060523541,33.70822305542048,33.712396376359706,48.84340396015717,27.71468410973968,3.465847205205209,0.0,0.22948902009953162,3.905327133956494,PCM Storage + DSM
2024-03-27 14:00:00,51.80723482370915,73.5,8.45,51.80723482370915,0.0,47.51139809618863,47.51139809618863,476.22070336093077,33.67716920814818,33.68133146014291,32.2945766508404,18.324562126462745,2.2915697751103346,0.0,0.22373290285571706,1.8385822889516787,PCM Storage + DSM
2024-03-27 15:00:00,38.64516982874381,66.9,8.8,38.64516982874381,0.0,49.41394057533825,49.41394057533825,527.9636786613921,33.64619772533255,33.650348937741065,24.089867051695283,13.669052552683972,1.7093771446189454,0.0,0.2208790891369926,1.096482977918169,PCM Storage + DSM
2024-03-27 16:00:00,39.02461468326158,69.8,8.2,39.02461468326158,0.0,49.35909280225014,49.35909280225014,456.0781151157691,33.615308388517434,33.619448590620166,24.326397933543916,13.803264711156393,1.726160985001334,0.0,0.2209613607966248,1.115254494394458,PCM Storage + DSM
2024-03-27 17:00:00,73.80267467554611,74.1,7.9,73.80267467554611,0.0,44.33201411033933,44.33201411033933,592.2750337824522,33.5845009798261,33.5886302008258,46.00566199792053,26.104494899084017,3.264485726448851,0.0,0.228501978834491,3.4967944622049325,PCM Storage + DSM
2024-03-27 18:00:00,77.25050290304793,75.7,7.3,77.25050290304793,0.0,43.83363945057716,43.83363945057716,579.1214163256791,33.55377528195972,33.55789355098168,48.154901449724505,27.32401458144535,3.416992205182968,0.0,0.22924954082413426,3.804148768253985,PCM Storage + DSM
2024-03-27 19:00:00,58.06169528212164,72.1,6.45,58.06169528212164,0.0,46.6073320008728,46.6073320008728,544.0955803258779,33.52313107819576,33.52723842428802,36.193359385938535,20.536806219931208,2.568220953172469,0.0,0.2250890019986908,2.2568734072269208,PCM Storage + DSM
2024-03-27 20:00:00,53.28434714481768,72.5,5.4,53.28434714481768,0.0,47.2978853276026,47.2978853276026,505.0838029028336,33.492568152386504,33.496664604520085,33.21534992195328,18.847026538779335,2.356906324358979,0.0,0.2240531720085961,1.9335548029595804,PCM Storage + DSM
2024-03-27 21:00:00,74.47363085548304,77.5,4.3,74.47363085548304,0.0,44.23502912854003,44.23502912854003,534.830488036577,33.46208628895759,33.46617187602665,46.42390948509218,26.341816544318046,3.294163876761234,0.0,0.22864745630718997,3.555599113898976,PCM Storage + DSM
2024-03-27 22:00:00,97.38411752940235,78.8,3.7,97.38411752940235,0.0,40.92337748939404,40.92337748939404,614.2111038831076,33.43168527290638,33.43576002372844,60.70539875037801,34.44540743914808,4.307554747238554,0.0,0.23361493376590894,5.855626680393827,PCM Storage + DSM
2024-03-27 23:00:00,99.17349840743249,79.3,2.9,131.48844769545133,32.31494928801883,39.79494776214946,40.66472710792787,795.1255955565989,38.80433995430216,38.19199893599464,61.82082786215618,67.39327259652272,4.386703753168084,0.0,0.23530757835677582,6.381783436533377,PCM Storage + DSM
2024-03-28 00:00:00,81.18405091022012,79.2,2.75,105.77040137887401,24.58635046865389,42.7689294658862,43.26505525195164,693.5743046800196,42.65110177109826,42.18706304370424,56.36343452001111,27.09236629064642,0.0,24.58635046865389,0.2308466058011707,4.8126720731950945,PCM Storage + DSM
2024-03-28 01:00:00,76.4257956174446,76.0,2.8,95.18844819358208,18.76265257613747,43.99260465394167,43.95284875734815,710.4519140551043,45.566211311579366,45.2145586730817,53.059933307433816,25.5044633238575,0.0,18.76265257613747,0.2290110930190875,4.14102917739168,PCM Storage + DSM
2024-03-28 02:00:00,71.59344029286153,78.3,3.0,85.94284333567175,14.349403042810229,45.06174728433196,44.65135323083927,617.6924716972244,47.77530702039707,47.50882155084185,49.70498686338692,23.89183203689521,0.0,14.349403042810223,0.22740737907350206,3.5603441664244397,PCM Storage + DSM
2024-03-28 03:00:00,79.1072628302746,77.0,4.15,90.11226647037489,11.005003640100286,44.57960381335799,43.56524960168318,663.9973884950489,49.449379223499875,49.247434185386545,54.921588398223015,26.399310170151093,0.0,11.005003640100284,0.22813059427996302,4.092887322633667,PCM Storage + DSM
2024-03-28 04:00:00,63.47152565244785,76.1,4.35,71.94211394159592,8.470588289148061,46.68076268481796,45.82535500193864,584.1879053248343,50.71800589730806,50.56497016711737,44.066206845889084,21.1814242172264,0.0,8.470588289148068,0.22497885597277306,2.728377876135774,PCM Storage + DSM
2024-03-28 05:00:00,73.00597287858184,74.3,3.95,79.55595887186254,6.549985993280697,45.800313398780766,44.44717529610457,666.8580625014306,51.67938237468742,51.563410549215504,50.68566209466694,24.363215883608273,0.0,6.5499859932807,0.22629952990182886,3.4059811838134015,PCM Storage + DSM
2024-03-28 06:00:00,87.6136766777595,79.8,3.1,92.70821331957333,5.094536641813836,44.27941388686218,42.33566946389651,623.5034545977285,52.407921944554666,52.32003747282685,60.827313654813686,29.23803128830209,0.0,5.094536641813832,0.22858087916970674,4.642554488261409,PCM Storage + DSM
2024-03-28 07:00:00,99.62509797950304,79.9,3.35,0.0,-99.62509797950304,79.9,38.00737150144789,0.0,42.64974697914566,43.41921365399837,69.16645108935457,0.0,0.0,0.0,0.17515,0.0,PCM Storage + DSM
2024-03-28 08:00:00,90.19868543218922,77.5,3.0,90.19868543218922,0.0,41.96201312910729,41.96201312910729,606.3287501157441,42.86586968200857,42.87330915320536,62.622000788929256,30.10068846362569,0.0,0.0,0.23205698030633906,5.650252954157706,PCM Storage + DSM
2024-03-28 09:00:00,73.60204877227167,76.9,4.25,73.60204877227167,0.0,44.361014066162625,44.361014066162625,540.3643202814995,42.81052760783693,42.81794538680051,51.09949811573588,24.562135576180992,0.0,0.0,0.22845847890075607,3.875075027465611,PCM Storage + DSM
2024-03-28 10:00:00,68.66664119682439,74.8,5.4,68.66664119682439,0.0,45.07441447618925,45.07441447618925,551.8437936717385,42.755331619264645,42.76272972396739,47.673005860306056,22.915114168299805,0.0,0.0,0.22738837828571612,3.4111710513852658,PCM Storage + DSM
2024-03-28 11:00:00,68.64437819404652,73.7,6.25,68.64437819404652,0.0,45.077632535704566,45.077632535704566,572.928198966729,42.700282027611,42.70766051024023,47.657549384739475,22.90768466189768,0.0,0.0,0.22738355119644316,3.409144897276025,PCM Storage + DSM
2024-03-28 12:00:00,73.64580395972122,74.6,6.85,73.64580395972122,0.0,44.35468936689714,44.35468936689714,581.6888434197894,42.645378444587664,42.65273735718721,51.1298759130381,24.576737355129055,0.0,0.0,0.2284679659496543,3.8793189813142224,PCM Storage + DSM
2024-03-28 13:00:00,83.90651025229698,74.3,7.1,83.90651025229698,0.0,42.87153078994356,42.87153078994356,637.78339275867,42.59062048293436,42.597959877410034,58.25354910705279,28.0008928408737,0.0,0.0,0.23069270381508467,4.938200849613037,PCM Storage + DSM
2024-03-28 14:00:00,82.69827861650009,74.4,7.75,82.69827861650009,0.0,43.0461775503596,43.0461775503596,630.0960411977336,42.53600775641794,42.543327684537864,57.414713351436774,27.597687363024907,0.0,0.0,0.2304307336744606,4.806928296617681,PCM Storage + DSM
2024-03-28 15:00:00,69.89595030547441,71.6,9.8,69.89595030547441,0.0,44.89672102154464,44.89672102154464,625.2996663117258,42.481539879829675,42.48884039322469,48.526475016789426,23.325353522982976,0.0,0.0,0.22765491846768304,3.5239767898154786,PCM Storage + DSM
2024-03-28 16:00:00,79.4999450982944,68.5,10.5,79.4999450982944,0.0,43.50848839468395,43.50848839468395,759.9326071951905,42.427216468982515,42.43449761914649,55.19421486921766,26.530354281916335,0.0,0.0,0.22973726740797407,4.467920342726146,PCM Storage + DSM
2024-03-28 17:00:00,83.59060011978742,73.6,10.6,83.59060011978742,0.0,42.917194783163715,42.917194783163715,650.8233951165452,42.373037140708426,42.38029897899869,58.03422302183932,27.895468771380788,0.0,0.0,0.23062420782525442,4.903707952361995,PCM Storage + DSM
2024-03-28 18:00:00,82.60376832284251,72.3,9.9,82.60376832284251,0.0,43.05983876905661,43.05983876905661,674.8711655922192,42.31900151285561,42.32624409049324,57.3490979419036,27.566147824589713,0.0,0.0,0.2304102418464151,4.7967340305557995,PCM Storage + DSM
2024-03-28 19:00:00,64.49709476765867,69.9,8.85,64.49709476765867,0.0,45.677111636802636,45.677111636802636,636.084775377631,42.265109204285906,42.27233257235614,44.77822598047077,21.52367240285085,0.0,0.0,0.22648433254479605,3.0421131232733662,PCM Storage + DSM
2024-03-28 20:00:00,41.738219299653984,72.5,7.9,41.738219299653984,0.0,48.96684826795572,48.96684826795572,423.6962279464049,42.211359834872006,42.2185640443246,28.977482203733665,13.9286856581728,0.0,0.0,0.22154972759806643,1.3966830681312326,PCM Storage + DSM
2024-03-28 21:00:00,55.624543078055474,71.2,6.15,55.624543078055474,0.0,46.95961605342555,46.95961605342555,548.1857452088454,42.157753025494834,42.16493812714439,38.61830318066615,18.562765456075635,0.0,0.0,0.22456057591986167,2.326455547794633,PCM Storage + DSM
2024-03-28 22:00:00,75.35325491773851,76.1,5.15,75.35325491773851,0.0,44.10788174363019,44.10788174363019,562.6778199291008,42.10428839804084,42.1114544425672,52.31530333615061,25.146539998126954,0.0,0.0,0.22883817738455473,4.046730463365072,PCM Storage + DSM
2024-03-28 23:00:00,119.94022849292378,79.1,5.0,139.28851058337585,19.348282090452063,38.892964616496165,37.662949943342014,827.5876828866599,45.28613861230707,44.92368938768013,83.27058257356612,59.37418085851967,0.0,0.0,0.23666055307525574,9.046700310387237,PCM Storage + DSM
2024-03-29 00:00:00,118.8872592679269,81.5,4.65,133.66067012057513,14.773410852648245,39.54375645199925,37.8151539235351,761.0405759748711,47.56306574471283,47.288397746666114,75.95410775006847,43.09781736030145,2.7277275987816156,14.773410852648226,0.23568436532200113,7.955240420137719,PCM Storage + DSM
2024-03-29 01:00:00,107.09385108225821,75.9,5.05,118.4201715366518,11.326320454393574,41.306136198364285,39.51986059804007,817.7628752681842,49.28854091370891,49.08039508336747,68.41959310492791,38.8225892562034,2.4571417917755998,11.326320454393565,0.23304079570245356,6.442606653312437,PCM Storage + DSM
2024-03-29 02:00:00,88.18356001929264,76.7,5.1,96.89764502297898,8.714085003686337,43.79495666637138,42.25329429967712,703.4796374859347,50.59612120822903,50.43838646302289,56.33827931381145,31.967420119659113,2.0232675217228437,8.71408500368632,0.22930756500044294,4.463696518085719,PCM Storage + DSM
2024-03-29 03:00:00,107.02376127884224,77.7,4.7,113.75827122902,6.734509950177756,41.84522871141435,39.52999189798466,757.9434477886284,51.58701708279148,51.46748430231525,68.37481447588374,38.797181003333904,2.455533664106174,6.734509950177737,0.23223215693287846,6.217228051688959,PCM Storage + DSM
2024-03-29 04:00:00,97.50554233404424,80.0,4.75,102.73991285712226,5.234370523078024,43.11936889297692,40.90582584769177,665.4901393496617,52.33792671208137,52.247343717258595,62.29386154809624,35.34673169359081,2.237149384185476,5.23437052307801,0.23032094666053463,5.188068674286561,PCM Storage + DSM
2024-03-29 05:00:00,116.86254097569507,75.5,4.3,120.9600926159777,4.097551640282625,41.012424976062704,38.10782172002112,837.8769216261637,52.90697264903137,52.838328056992495,74.66056568106394,42.363836783223675,2.6812728314710816,4.097551640282625,0.23348136253590596,7.161848370933648,PCM Storage + DSM
2024-03-29 06:00:00,98.67270461975757,82.2,4.0,101.90876488868238,3.2360602689248137,43.21548112564075,40.737115555691204,624.4823026375115,53.338200676651034,53.28618119964653,63.03953245141061,35.76983966436288,2.2639285428489155,3.2360602689248106,0.23017677831153888,5.213817749443512,PCM Storage + DSM
2024-03-29 07:00:00,97.52972293821632,77.0,4.05,1.4210854715202004e-14,-97.52972293821631,77.0,39.24053128050178,0.0,43.78707146133977,44.54126652713696,62.309309933617584,0.0,0.0,0.0,0.1795,0.0,PCM Storage + DSM
2024-03-29 08:00:00,71.15997659358491,75.4,4.1,71.15997659358491,0.0,44.71400928833166,44.71400928833166,553.9829815191476,43.994605203162024,44.002446964448616,45.46233602291156,25.796201321136962,1.6326815276777142,0.0,0.2279289860675025,3.351299028649418,PCM Storage + DSM
2024-03-29 09:00:00,65.49198515612908,76.6,4.3,65.49198515612908,0.0,45.53330280233125,45.53330280233125,503.6094215039887,43.93626935712435,43.944088399506896,41.84119751725565,23.741497888023797,1.502636165636324,0.0,0.22670004579650313,2.8786820539093205,PCM Storage + DSM
2024-03-29 10:00:00,76.08191173981368,75.3,4.65,76.08191173981368,0.0,44.0025562831306,44.0025562831306,580.7287480903444,43.878087551474174,43.88588585532066,48.60683775284892,27.580451906924015,1.745609510208836,0.0,0.2289961655753041,3.7905878276859384,PCM Storage + DSM
2024-03-29 11:00:00,59.855510025883326,76.3,5.45,59.855510025883326,0.0,46.34804071557396,46.34804071557396,477.39698848007487,43.8200600620578,43.82783768237823,38.24019399501564,21.6982194306429,1.3733139080008896,0.0,0.22547793892663906,2.443997936780759,PCM Storage + DSM
2024-03-29 12:00:00,61.205941992316866,71.5,6.35,61.205941992316866,0.0,46.15283926486511,46.15283926486511,576.8528511241195,43.76218647958229,43.76994347123581,39.10295133099286,22.187764488752983,1.4042979728014435,0.0,0.22577074110270234,2.5449359898326183,PCM Storage + DSM
2024-03-29 13:00:00,57.67135807661703,72.7,7.75,57.67135807661703,0.0,46.663754235146,46.663754235146,529.1546199118682,43.70446639583862,43.712202813538866,36.84479373498249,20.906442562572565,1.3232011239344341,0.0,0.225004368647281,2.285021059200791,PCM Storage + DSM
2024-03-29 14:00:00,85.63721021730875,73.2,8.05,85.63721021730875,0.0,42.621362582799996,42.621362582799996,669.0293301303171,43.64689940370046,43.654615302015955,54.71147987020254,31.044342917130415,1.9648445361666667,0.0,0.2310679561258,4.720059189672473,PCM Storage + DSM
2024-03-29 15:00:00,92.75283303843477,77.5,5.95,92.75283303843477,0.0,41.59281769353093,41.59281769353093,617.0873346523563,43.589485097121305,43.59718053047582,59.25747399768644,33.6238271666459,2.1281040887143803,0.0,0.2326107734597036,5.477944229419231,PCM Storage + DSM
2024-03-29 16:00:00,102.0526999371236,75.2,6.6,102.0526999371236,0.0,40.24854596778266,40.24854596778266,697.5254007244257,43.53222307113154,43.53989809380452,65.19892724367668,36.99512168165818,2.341478539103386,0.0,0.234627181048326,6.553060996033995,PCM Storage + DSM
2024-03-29 17:00:00,82.25216750982871,76.3,6.75,82.25216750982871,0.0,43.110661757905106,43.110661757905106,592.0379336242481,43.47511292183571,43.482767587962634,52.54886042615346,29.81723117057211,1.88717873351376,0.0,0.23033400736314236,4.379213380172881,PCM Storage + DSM
2024-03-29 18:00:00,79.66934126439185,72.8,6.75,79.66934126439185,0.0,43.48400261665986,43.48400261665986,649.2131799114684,43.41815424640962,43.42578860998237,50.898757091669914,28.880930893446784,1.8279188390901002,0.0,0.2297739960750102,4.127684805997656,PCM Storage + DSM
2024-03-29 19:00:00,50.23895347994071,74.7,6.65,50.23895347994071,0.0,47.738089111384085,47.738089111384085,445.13392159534817,43.36134664309747,43.368960757964736,32.09641562403757,18.21212175958778,1.152673388090374,0.0,0.22339286633292388,1.783644848122893,PCM Storage + DSM
2024-03-29 20:00:00,58.17450020078541,71.3,5.8,58.17450020078541,0.0,46.59102634141154,46.59102634141154,562.4432775787961,43.30468971120908,43.31228363107672,37.16623870181917,21.088836601321617,1.3347451250885924,0.0,0.2251134604878827,2.3211743978162795,PCM Storage + DSM
2024-03-29 21:00:00,62.9749329924681,75.9,5.1,62.9749329924681,0.0,45.897136187550984,45.897136187550984,501.4247647161046,43.248183051116946,43.25575682954839,40.233115604790996,22.829041371625006,1.4448853797517065,0.0,0.22615429571867351,2.6802168198630705,PCM Storage + DSM
2024-03-29 22:00:00,89.6867334189277,77.6,4.5,89.6867334189277,0.0,42.036014469541996,42.036014469541996,602.4465996983448,43.19182626425357,43.19937995467015,57.29861934575394,32.512335470868756,2.0577560581159533,0.0,0.231945978295687,5.144494264830498,PCM Storage + DSM
2024-03-29 23:00:00,79.53262879401736,77.9,4.35,97.25490063443695,17.722271840419587,43.75364436609184,43.50376405093453,680.4056499980001,46.09895125691172,45.76783827402928,50.81141490067701,46.553643099677174,1.8247821330979324,0.0,0.22936953345086225,4.038396432218567,PCM Storage + DSM
2024-03-30 00:00:00,74.48301349686598,74.8,4.05,88.02588915064916,13.54287565378318,44.820868173005564,44.2336728919765,701.4426109992014,48.17902230835366,47.92810125640212,48.11583134233506,26.500455861633814,0.0,13.542875653783184,0.22776869774049166,3.516054317302376,PCM Storage + DSM
2024-03-30 01:00:00,75.35318252717688,77.2,3.8,85.74699256325184,10.393810036074955,45.08439506273121,44.10789220749878,637.8279786907854,49.755318227789864,49.56516804254798,48.67795825337264,26.81005498896887,0.0,10.393810036074953,0.22737340740590317,3.480163918200306,PCM Storage + DSM
2024-03-30 02:00:00,89.39910696651145,80.6,1.45,97.40652735436439,8.007420387852928,43.73611056568916,42.07759012990064,631.2300736127404,50.949849171858155,50.80575168515459,57.75158859727166,31.80748169292589,0.0,8.007420387852932,0.22939583415146625,4.596064114860108,PCM Storage + DSM
2024-03-30 03:00:00,100.4839164874907,79.1,2.35,106.68290976197126,6.198993274480559,42.66340888308484,40.47530956108319,699.4519566478423,51.85507525202699,51.74587690626744,64.91234647122356,35.751367575815,0.0,6.198993274480557,0.23100488667537275,5.583730618784776,PCM Storage + DSM
2024-03-30 04:00:00,96.50270664455768,79.9,3.2,101.33125790978082,4.8285512652231475,43.2822628386796,41.050783154891306,661.0780036409327,52.541063555877045,52.45831208678895,62.34049535581359,34.33488520264964,0.0,4.82855126522314,0.2300766057419806,5.131023178785395,PCM Storage + DSM
2024-03-30 05:00:00,108.66981693645775,78.3,3.15,112.45983516551385,3.790018229056101,41.99537717326894,39.29205880672154,740.0077864286062,53.06091154007487,52.99820174727896,70.20041668879358,38.66384497637973,0.0,3.790018229056102,0.23200693424009658,6.319984648168225,PCM Storage + DSM
2024-03-30 06:00:00,107.47966828287227,83.9,-0.55,110.48267702161446,3.003008738742195,42.224011653235664,39.464091718792346,633.2993712183776,53.45485692537932,53.40733489156116,69.43158378046026,38.240399678151405,0.0,3.0030087387421958,0.2316639825201465,6.155521637024836,PCM Storage + DSM
2024-03-30 07:00:00,121.41621991431938,82.7,-0.4,0.0,-121.41621991431938,82.7,35.904456123291965,0.0,41.578874103848726,42.517181122924946,78.43455957736016,0.0,0.0,0.0,0.17095,0.0,PCM Storage + DSM
2024-03-30 08:00:00,120.81058139720118,82.1,2.0,0.0,-120.81058139720118,82.1,24.116016784206366,0.0,29.90652866222497,30.859301475989113,78.04331868395421,0.0,0.0,0.0,0.17185,0.0,PCM Storage + DSM
2024-03-30 09:00:00,110.3147785628391,80.7,3.15,110.3147785628391,0.0,39.05428385484593,39.05428385484593,632.7966026837652,30.223221441771496,30.226155006740374,71.26305758453162,39.249109064490696,0.0,0.0,0.2364185742177311,7.673199618286641,PCM Storage + DSM
2024-03-30 10:00:00,117.44161390633167,76.6,4.35,117.44161390633167,0.0,38.02411822444628,38.02411822444628,727.288842024222,30.20141177318771,30.204335113766053,75.86697452200234,41.78477963669846,0.0,0.0,0.23796382266333058,8.637856435190772,PCM Storage + DSM
2024-03-30 11:00:00,92.4470323645269,80.5,5.45,92.4470323645269,0.0,41.63702039063696,41.63702039063696,568.2738290128683,30.179659079598775,30.182574666562825,59.7205404093664,32.89190898295571,0.0,0.0,0.23254446941404455,5.504912667415423,PCM Storage + DSM
2024-03-30 12:00:00,95.20208138333739,72.4,6.85,95.20208138333739,0.0,41.2387851750814,41.2387851750814,729.8487003490854,30.15796408091324,30.160871934834294,61.500294848739735,33.87213321787737,0.0,0.0,0.2331418222373779,5.8159161534409325,PCM Storage + DSM
2024-03-30 13:00:00,54.387687077910854,73.6,8.25,54.387687077910854,0.0,47.13840039173161,47.13840039173161,491.00427380067447,30.13632662410853,30.139226765497025,35.1343031878076,19.35070069211383,0.0,0.0,0.2242923994124026,2.078882583321998,PCM Storage + DSM
2024-03-30 14:00:00,60.95907246895105,68.9,9.2,60.95907246895105,0.0,46.1885236164612,46.1885236164612,641.2003627867712,30.1147465565657,30.117639005877667,39.3794009129967,21.688746648221304,0.0,0.0,0.22571721457530822,2.554496777812621,PCM Storage + DSM
2024-03-30 15:00:00,52.988605403020465,70.6,10.15,52.988605403020465,0.0,47.34063403206821,47.34063403206821,544.233653500364,30.09322372607057,30.09610850370778,34.23050009576421,18.852918708926303,0.0,0.0,0.2239890489518977,1.983869566141864,PCM Storage + DSM
2024-03-30 16:00:00,48.7411027300299,69.4,10.95,48.7411027300299,0.0,47.95459956625735,47.95459956625735,542.9526618698533,30.071757980812716,30.074635107122848,31.48662451065068,17.341691493173354,0.0,0.0,0.22306810065061397,1.7088547620343897,PCM Storage + DSM
2024-03-30 17:00:00,39.99066650560609,66.2,11.15,39.99066650560609,0.0,49.21945250798223,49.21945250798223,562.6103658428024,30.050349169384322,30.053218664661063,25.833865662971256,14.22835681391602,0.0,0.0,0.22117082123802664,1.2060097121589295,PCM Storage + DSM
2024-03-30 18:00:00,53.27590113333816,68.4,10.65,53.27590113333816,0.0,47.2991061767342,47.2991061767342,603.1574939815238,30.028997140779175,30.03185902526241,34.416092383943045,18.955136214140968,0.0,0.0,0.2240513407348987,2.00320114817003,PCM Storage + DSM
2024-03-30 19:00:00,60.726578556186325,73.6,9.3,60.726578556186325,0.0,46.222130010697036,46.222130010697036,529.8829336468588,30.007701744391586,30.0105560382675,39.22921045520624,21.606027187983848,0.0,0.0,0.22566680498395444,2.5368439804153047,PCM Storage + DSM
2024-03-30 20:00:00,72.88829145026097,70.5,8.2,72.88829145026097,0.0,44.46418584243397,44.46418584243397,668.7863234564421,29.986462830015316,29.989309553416554,47.085645083348936,25.93306661107122,0.0,0.0,0.22830372123634904,3.5415413775238496,PCM Storage + DSM
2024-03-30 21:00:00,68.06074479008284,74.3,6.9,68.06074479008284,0.0,45.161995235912805,45.161995235912805,558.0044511820269,29.9652802478425,29.96811942084832,43.96706260402756,24.215464419889585,0.0,0.0,0.22725700714613079,3.1228937794163896,PCM Storage + DSM
2024-03-30 22:00:00,84.42063421456164,76.3,5.35,84.42063421456164,0.0,42.79721549989361,42.79721549989361,601.961176949304,29.944153848462626,29.946985491099024,54.53550825856052,30.036181214771315,0.0,0.0,0.23080417675015957,4.647336428400644,PCM Storage + DSM
2024-03-30 23:00:00,77.63576129330794,77.7,3.85,115.16502267071078,37.52926137740285,41.68255488316959,43.77795134592194,763.8506813507194,36.197801158447966,35.48497064804714,50.15249814885334,65.1514394935476,0.0,0.0,0.23247616767524562,4.609248827201999,PCM Storage + DSM
2024-03-31 00:00:00,91.11344682291457,77.3,1.95,119.64589453402213,28.532447711107565,41.16439612514266,41.82978673417559,790.9759163420157,40.67584376994872,40.13565300839156,52.49757190721678,29.788129081333082,9.704504263658215,28.532447711107565,0.233253405812286,4.987984518687144,PCM Storage + DSM
2024-03-31 01:00:00,95.63561947209377,82.3,1.55,117.38865931523533,21.753039843141565,41.42541813898728,41.176118364781956,686.0781616793848,44.06934338481573,43.65998206348717,55.103148713992006,31.266583330392905,10.186161420589757,21.753039843141565,0.23286187279151907,5.149251002673757,PCM Storage + DSM
2024-03-31 02:00:00,118.98510730147544,80.0,2.2,135.60065217789736,16.61554487642193,39.31942093782238,37.801010243162864,796.2976390658293,46.64096730939734,46.33074969124429,68.55661205077104,38.900336433779096,12.673118199152572,16.61554487642192,0.23602086859326643,7.272723597592179,PCM Storage + DSM
2024-03-31 03:00:00,110.79908979193915,81.6,2.4,123.52139569141868,12.722305899479519,40.71624118393786,38.984277918327265,721.758901195034,48.589766590384656,48.354680944529726,63.84000810452962,36.224044901201566,11.801224482102494,12.722305899479522,0.2339256382240932,6.2373317687376755,PCM Storage + DSM
2024-03-31 04:00:00,110.75271534531805,79.7,2.75,120.52469042602846,9.77197508071041,41.062773985110155,38.99098122473683,745.1965957189917,50.06658386575455,49.888433890856085,63.813288164377646,36.20888349473311,11.796285134172502,9.771975080710405,0.23340583902233478,6.10204077737389,PCM Storage + DSM
2024-03-31 05:00:00,103.56394914462149,79.8,2.4,111.10013752132252,7.536188376701033,42.152609797655046,40.030098800491984,704.986007367962,51.185729016365485,51.05072539485168,59.671278574083836,33.85862781910193,11.03060877488942,7.536188376701034,0.23177108530351742,5.315776541173491,PCM Storage + DSM
2024-03-31 06:00:00,93.65547252473375,79.9,2.75,99.49736202687313,5.841889502139388,43.49433076698138,41.46234348855637,652.8949711296134,52.03382707766572,51.931520143116735,53.962231424824715,30.619204980382623,9.975255729241328,5.841889502139381,0.22975850384952792,4.372776292195715,PCM Storage + DSM
2024-03-31 07:00:00,105.6831739884752,77.9,2.5,0.0,-105.6831739884752,77.9,36.75759740387626,0.0,41.68469190128007,42.5004755986297,60.89232950023308,0.0,0.0,0.0,0.17814999999999998,0.0,PCM Storage + DSM
2024-03-31 08:00:00,97.87098432648149,82.0,2.75,97.87098432648149,0.0,40.85300215212858,40.85300215212858,568.2200818283708,41.919959984285526,41.927062412409114,56.39111696976621,31.997401218951044,10.424250402146995,0.0,0.23372049677180712,5.463283466099282,PCM Storage + DSM
2024-03-31 09:00:00,99.60681054005624,77.9,3.3,99.60681054005624,0.0,40.60209295900344,40.60209295900344,637.9774784925768,41.86712679947091,41.874208309273456,57.391262004808986,32.564902692287056,10.609133462529355,0.0,0.23409686056149484,5.646579475922013,PCM Storage + DSM
2024-03-31 10:00:00,93.08922040823118,76.9,4.0,93.08922040823118,0.0,41.54419376858209,41.54419376858209,628.9837481491451,41.814433003117074,41.82149573054883,53.63596936098814,30.434077628415135,9.91494414768537,0.0,0.23268370934712687,4.9739228968662035,PCM Storage + DSM
2024-03-31 11:00:00,95.9509063029148,79.1,4.5,95.9509063029148,0.0,41.13054446821003,41.13054446821003,603.6920930490588,41.76187896709014,41.76892296197316,55.2848100784731,31.36966147244141,10.219742659151885,0.0,0.23330418329768496,5.264039010742696,PCM Storage + DSM
2024-03-31 12:00:00,94.3497092261441,77.5,4.35,94.3497092261441,0.0,41.361993367543974,41.361993367543974,623.7020173928586,41.7094643207042,41.716489632723025,54.36223540254442,30.84617490848559,10.049198964446983,0.0,0.23295700994868404,5.100701986680752,PCM Storage + DSM
2024-03-31 13:00:00,84.34230107789155,75.6,5.15,84.34230107789155,0.0,42.808538352356116,42.808538352356116,614.4484403093007,41.6571886942546,41.66419537296199,48.59618607407549,27.57440794011358,8.983308709722689,0.0,0.23078719247146584,4.137905465352049,PCM Storage + DSM
2024-03-31 14:00:00,86.44379132913656,76.2,5.55,86.44379132913656,0.0,42.50477336760321,42.50477336760321,612.866948169582,41.60505171901721,41.612039813834514,49.80701871650061,28.26145760237601,9.207138691074183,0.0,0.23124283994859518,4.331784145078231,PCM Storage + DSM
2024-03-31 15:00:00,88.04011797328496,77.5,4.85,88.04011797328496,0.0,42.27402847671773,42.27402847671773,597.0605987605837,41.55305302724596,41.56002258746342,50.72678715585583,28.78335185388297,9.37716363541021,0.0,0.2315889572849234,4.482007338748403,PCM Storage + DSM
2024-03-31 16:00:00,94.61804640944669,76.1,4.9,94.61804640944669,0.0,41.32320592118477,41.32320592118477,649.9578734549369,41.50119225217011,41.50814332694724,54.516845408718225,30.933903591048487,10.07777959036183,0.0,0.23301519111822283,5.127896155794474,PCM Storage + DSM
2024-03-31 17:00:00,78.586561830698,78.4,4.6,78.586561830698,0.0,43.640515585478965,43.640515585478965,540.1019419542577,41.44946902799169,41.45640166635764,45.27985521902611,25.692658213455484,8.370264224933786,0.0,0.22953922662178156,3.6294931205420893,PCM Storage + DSM
2024-03-31 18:00:00,83.27238747413665,74.4,4.7,83.27238747413665,0.0,42.96319159870784,42.96319159870784,632.7954447215944,41.397882989882945,41.40479724073681,47.97972529571422,27.224616272189213,8.869352082117924,0.0,0.23055521260193823,4.040893266735428,PCM Storage + DSM
2024-03-31 19:00:00,84.59414896941585,77.6,4.3,84.59414896941585,0.0,42.772134390508754,42.772134390508754,580.2487876494382,41.34643377398382,41.35332968609499,48.74129531158108,27.656745704331506,9.010133059171801,0.0,0.23084179841423688,4.160907595954208,PCM Storage + DSM
2024-03-31 20:00:00,103.30636501236069,79.5,3.6,103.30636501236069,0.0,40.067331921113144,40.067331921113144,625.8520705441725,41.29512101739924,41.301998639407756,59.52286424033789,33.77441467989318,11.003173457744257,0.0,0.23489900211833029,6.047285419717712,PCM Storage + DSM
2024-03-31 21:00:00,82.7596214942422,79.0,3.7,82.7596214942422,0.0,43.037310595915734,43.037310595915734,549.7523690322298,41.24394435819669,41.250803738613605,47.684280771994224,27.056975383492524,8.814737315454384,0.0,0.2304440341061264,3.994804811259016,PCM Storage + DSM
2024-03-31 22:00:00,72.02871223101226,73.9,3.85,72.02871223101226,0.0,44.58843579709082,44.58843579709082,587.0396442610576,41.192903435403615,41.199744622611284,41.50136595184549,23.54867094063201,7.67178686928869,0.0,0.22811734630436378,3.0905812081185573,PCM Storage + DSM
2024-03-31 23:00:00,55.45436642648816,76.3,4.75,76.16528731510391,20.71092088861576,46.192403647357736,46.984214648607235,604.3406061001715,44.60498051680661,44.21627070815884,31.951591017096206,38.8408663888263,5.906451288910909,0.0,0.2257113945289634,2.0719193912249176,PCM Storage + DSM
