date,network_load_mw,T_supply,temperature,modified_load_mw,tes_charge_mw,T_return_primary,T_secondary_return,m_dot_primary,T_water,T_pcm,Q_primary_kw,Waste heat,Electricity,Biomass,Fossil fuel,eta_el_chp,fgc_recovery_mw,scenario
2024-01-01 00:00:00,161.0239619511116,89.5,-4.65,230.22548108686289,69.20151913575128,30.71327644558302,28.514140745581557,935.5670318818869,53.01262733517655,52.69926445103037,27.860758776185765,67.6765796037128,43.51760800446341,9.526687577664267,82.96937132712222,0.24893008533162547,8.121189552445536,PCM Storage + DSM
2024-01-01 01:00:00,162.1072324620258,89.6,-4.9,206.9807695413053,44.873537079279515,33.5692449790716,30.201896841761226,882.4788357416531,54.13347240457875,54.00412208649588,25.04779776884854,68.13186614663425,43.81036779552526,9.590777291980883,58.73401094072256,0.2446461325313926,8.175823937596109,PCM Storage + DSM
2024-01-01 02:00:00,170.25519777269795,89.9,-5.0,207.44864162172357,37.19344384902561,33.51175973401905,29.772896608396383,878.8663364233871,54.59611958337743,54.54272792946737,25.104417353740303,71.5563653098297,46.01240006530292,10.072836725669312,51.750584099113425,0.24473236039897142,8.586763837179564,PCM Storage + DSM
2024-01-01 03:00:00,161.24543441102315,91.2,-4.75,193.07837049132706,31.83293608030391,35.277367454539686,31.385156363058435,824.7964695746455,54.78708546881331,54.76504711014122,23.36539760830515,67.76966201443987,43.57746215025286,9.53979058983133,45.619724584355126,0.24208394881819048,8.132359441732785,PCM Storage + DSM
2024-01-01 04:00:00,157.6596157822401,87.6,-4.7,187.30347354735727,29.64385776511716,35.986901918918505,32.03139371591005,866.9352841313686,54.86591004848372,54.85681332235912,22.66654789821345,66.2625823417326,42.608375018302524,9.327642202891528,43.124052019045905,0.24101964712162224,7.951509881007912,PCM Storage + DSM
2024-01-01 05:00:00,138.1156625314401,88.9,-4.55,163.65804370385237,25.542381172412263,38.89210482761057,34.91046961139713,781.8070024577955,54.89844630146961,54.894691465303396,19.805093927440513,58.0484762427249,37.32651456647676,8.171360029749023,37.35153059343736,0.23666184275858415,6.306814336321206,PCM Storage + DSM
2024-01-01 06:00:00,148.4551929049548,87.2,-4.7,175.56319931252048,27.108006407565682,37.429374273264784,33.43695466574904,842.6770410740455,54.91187622095398,54.910326345268814,21.245797480497323,62.39406581777599,40.12082930257463,8.783079393592217,39.801205160043466,0.23885593859010282,7.326545458133863,PCM Storage + DSM
2024-01-01 07:00:00,148.65829453731442,89.7,-4.7,90.43151590609723,-58.226778631217186,37.41343234331195,29.592323706152634,413.17159187288576,48.519934481239865,49.18473861706243,10.94357861054481,62.4794271740827,3.4545998545440852,0.0,0.0,0.23887985148503207,7.3425451649777065,PCM Storage + DSM
2024-01-01 08:00:00,169.30844011032147,89.1,-4.75,103.94513064315196,-65.36330946716951,29.0,25.0,413.17159187288576,42.01794476374428,42.72133777214925,12.57893,71.1584535982628,4.886238382024075,0.0,0.0,0.2515,8.539014431791536,PCM Storage + DSM
2024-01-01 09:00:00,168.8457241140026,91.6,-5.0,108.26897135210172,-60.57675276190088,29.0,25.0,413.17159187288576,39.826498379420215,40.08309566311311,13.102179999999999,70.96397921333683,9.480804720463922,0.0,0.0,0.2515,8.515677505600419,PCM Storage + DSM
2024-01-01 10:00:00,168.54853108439727,90.0,-5.2,244.1698282701035,75.62129718570623,29.0,25.0,956.231263736669,49.10588235007018,48.15112528753511,29.54823529411765,70.83907228965887,53.675599140163555,12.02910541004889,79.85083862824766,0.2515,8.500688674759063,PCM Storage + DSM
2024-01-01 11:00:00,157.64499637374703,89.4,-5.35,233.52554568415263,75.8805493104056,30.307813008023594,28.23539095604426,944.0719803089689,52.52089755440324,52.12679033908894,28.260116411391362,66.25643796700318,50.72885914164581,11.38401776332883,79.17781798782097,0.24953828048796461,7.9507725560403815,PCM Storage + DSM
2024-01-01 12:00:00,171.49460376929275,89.5,-5.15,222.03220079860336,50.537597029310604,31.71994631298319,28.51558352451969,917.9917932393743,53.930500515070946,53.76782572340567,26.869248172671156,72.07727386016914,54.471791425463685,12.203404400770602,55.01903323819116,0.24742008053052522,8.649272863220297,PCM Storage + DSM
2024-01-01 13:00:00,159.31035075549272,92.5,-4.85,196.2181830454415,36.90783228994877,34.89159343286478,31.220006901131903,813.6809773539547,54.51233931108935,54.44519238562297,23.745362327065433,66.95636788438294,51.178930288170754,11.482545402996536,40.347491905310925,0.24266260985070282,8.034764146125953,PCM Storage + DSM
2024-01-01 14:00:00,153.42543252754655,86.4,-4.55,184.5558577254349,31.130425197888343,36.324488570150805,32.460047094309026,880.4469970847664,54.75250366519586,54.72478757253373,22.334044904787937,64.48300223066828,49.5884988922532,11.13437500215417,34.06691321481928,0.24051326714477378,7.737960267680192,PCM Storage + DSM
2024-01-01 15:00:00,137.48061457515902,87.7,-4.3,163.833585235916,26.352970660756966,38.870536864036936,34.92649106582081,801.533654024984,54.851635791444735,54.84019547921717,19.826337102856797,57.78157265244756,45.279324475310204,10.191029072302761,27.92614669525491,0.2366941947039446,6.285293348043117,PCM Storage + DSM
2024-01-01 16:00:00,144.78668344815065,89.0,-4.4,171.62623326046514,26.839549812314488,37.91309080121764,33.936186897289126,802.5550256802328,54.89255434695304,54.88783215376877,20.76936515437717,60.85223211009613,47.25382961986124,10.623279246317368,29.037408503508363,0.23813036379817354,6.968886172971798,PCM Storage + DSM
2024-01-01 17:00:00,155.05019902964,87.7,-4.3,88.60460119508946,-66.44559783455054,36.469735543396496,28.22858360607502,413.17159187288576,47.79856383150686,48.53626339268913,10.722494350767114,65.16587351382397,0.0,0.0,0.0,0.24029539668490527,7.819904821658875,PCM Storage + DSM
2024-01-01 18:00:00,155.46913237970423,89.9,-4.5,104.78367841205402,-50.68545396765022,29.31516034854941,25.0,413.17159187288576,42.00462234031203,42.63733585770485,12.680406939048611,65.34194653966891,13.821880971258324,0.0,0.0,0.2510272594771759,7.841033584760269,PCM Storage + DSM
2024-01-01 19:00:00,165.77270432982328,89.4,-4.8,104.46399152822595,-61.30871280159734,29.0,25.0,413.17159187288576,39.52509871096581,39.80878184334215,12.641720000000001,69.67242318945178,7.473785680580846,0.0,0.0,0.2515,8.360690782734213,PCM Storage + DSM
2024-01-01 20:00:00,165.3166472256262,90.4,-5.15,106.19352781180585,-59.12311941382036,29.0,25.0,413.17159187288576,38.64022017790944,38.74381716622363,12.851020000000002,69.48074746279562,9.47015161258313,0.0,0.0,0.2515,8.337689695535476,PCM Storage + DSM
2024-01-01 21:00:00,167.6994820579987,90.5,-5.4,244.16982827010347,76.47034621210477,29.0,25.0,948.4570258201106,48.622565890429925,47.58845718381317,29.548235294117646,70.4822264306558,111.8228670626905,19.890815529095192,14.338621740315803,0.2515,8.457867171678696,PCM Storage + DSM
2024-01-01 22:00:00,156.99141318144717,90.5,-5.7,236.68996662654433,79.69855344509716,29.919015469259968,28.006792492516944,933.3494962928311,52.321400138958886,51.894538898757176,28.643059116630067,65.98174422325613,108.92895277684005,22.485499493184342,13.423061672354356,0.2501214767961101,7.917809306790736,PCM Storage + DSM
2024-01-01 23:00:00,160.32109054116677,88.8,-6.0,210.50431583193395,50.18322529076718,33.136323395484595,29.99808555979084,903.4203979181463,53.84815439402624,53.67195979363217,25.47420006270623,67.38117057048612,93.51087844549953,9.485103478945783,13.707755361281798,0.2452955149067731,8.085740468458335,PCM Storage + DSM
2024-01-02 00:00:00,148.6681882717684,91.8,-6.3,191.431184624671,42.762996352902604,36.34827971902736,33.021052171232384,824.7046419373258,55.008760276136584,54.880861345295344,23.16606325194373,49.733773472765044,31.979968125514365,7.000917078075361,68.11285397195553,0.24047758042145895,5.968052816731805,PCM Storage + DSM
2024-01-02 01:00:00,156.55942305128886,88.8,-6.55,184.20430045867118,27.644877407382324,36.3676827603488,32.30882903595061,839.2695941086956,54.93581257607447,54.93819073316432,22.291501168277627,52.373617863870756,33.67744920504896,7.372522335240777,54.34029308041303,0.24044847585947682,6.28483414366449,PCM Storage + DSM
2024-01-02 02:00:00,160.2197124300378,91.0,-6.8,189.10630259432813,28.88659016429034,35.76539678131691,31.760591435168656,817.891210048006,54.92729952924596,54.92828189397881,22.88471742903704,53.59808965520445,34.46481292437114,7.544888614269734,56.20613273140951,0.24135190482802463,6.431770758624534,PCM Storage + DSM
2024-01-02 03:00:00,186.84784643451542,92.7,-6.6,220.51778147845982,33.669935043944406,31.90601590203186,27.90403267024194,866.5303633369202,54.92378590600413,54.92419139460153,26.68598057272815,62.5059642985696,40.1927826171775,8.798831103758102,65.52992041541538,0.2471409761469522,7.500715715828353,PCM Storage + DSM
2024-01-02 04:00:00,213.9105097556783,94.4,-6.9,244.16982827010347,30.25931851442516,29.0,25.0,891.8976618950581,54.922335595265196,54.922502967925375,29.548235294117646,71.55920146269,46.014223777274445,10.073235964850442,66.73383958421083,0.2515,8.587104175522798,PCM Storage + DSM
2024-01-02 05:00:00,208.24408060590676,96.6,-7.1,244.1698282701035,35.925747664196734,29.0,25.0,862.8714066262843,54.92173695360661,54.92180603966122,29.54823529411765,69.66361837251976,44.79531995055989,9.80639878153977,71.43406894487501,0.2515,8.359634204702372,PCM Storage + DSM
2024-01-02 06:00:00,192.60699819288786,92.1,-7.3,227.34176666031527,34.734768467427415,31.067584893147334,27.067445419842535,889.8554216667308,54.92148985357091,54.92151837007374,27.511785797008294,64.43256576103299,41.43163197562983,9.07003467709225,67.57676403743784,0.248398622660279,7.731907891323958,PCM Storage + DSM
2024-01-02 07:00:00,179.11075813886225,91.7,-7.55,101.49071640395613,-77.62004173490612,33.019116940475826,25.0,413.17159187288576,46.670110791608366,47.52839133966558,12.28190882435841,59.91768632795639,0.0,0.0,0.0,0.24547132458928628,7.190122359354767,PCM Storage + DSM
2024-01-02 08:00:00,201.58626973285013,94.4,-7.8,113.11167294612545,-88.47459678672467,29.0,25.0,413.17159187288576,42.01768128388878,42.53657027518443,13.688220000000003,67.43638965846682,0.0,0.0,0.0,0.2515,8.092366759016018,PCM Storage + DSM
2024-01-02 09:00:00,224.60490489156987,97.2,-8.1,117.95437454014916,-106.65053035142071,29.0,25.0,413.17159187288576,40.52511634067687,40.701503182685364,14.274260000000002,75.13678340069275,0.0,0.0,0.0,0.2515,9.01641400808313,PCM Storage + DSM
2024-01-02 10:00:00,213.3091638651122,96.8,-8.25,244.16982827010347,30.86066440499127,29.0,25.0,860.3260632439058,49.36465733258939,48.45238403914439,29.548235294117646,71.35803401289554,55.18531930993149,12.080932754517164,55.896182624006144,0.2515,8.562964081547465,PCM Storage + DSM
2024-01-02 11:00:00,197.61128555014136,92.6,-8.45,244.16982827010347,46.558542719962105,29.0,25.0,917.1400485524656,52.62771115409503,52.25114088425277,29.548235294117646,66.10664342829632,51.80855354728378,11.341705717029294,68.91736873715712,0.2515,7.932797211395558,PCM Storage + DSM
2024-01-02 12:00:00,193.05381362623322,94.4,-8.6,244.16982827010347,51.116014643870244,29.0,25.469175226995848,891.8976618950581,53.974589735920844,53.81915363170471,29.548235294117646,64.58203834023406,50.82819716738978,11.127090314798037,72.69773248670109,0.2515,7.749844600828088,PCM Storage + DSM
2024-01-02 13:00:00,210.7745001883627,96.1,-8.65,244.16982827010347,33.39532808174076,29.0,25.0,869.3011488515173,54.53053792438384,54.466378896437696,29.548235294117646,70.51011630706687,54.64008858819045,11.961573189918889,57.99865321315084,0.2515,8.461213956848024,PCM Storage + DSM
2024-01-02 14:00:00,216.43104768439613,96.3,-8.7,244.16982827010347,27.73878058570733,29.0,25.0,866.7177873393285,54.76001546784191,54.73353268324206,29.548235294117646,72.40239370060986,55.85686677541719,12.22794503737514,53.30662055587858,0.2515,8.688287244073182,PCM Storage + DSM
2024-01-02 15:00:00,204.87560906277088,95.3,-8.4,243.09857620912206,38.22296714635118,29.131619709352023,25.185084066372365,877.672897157173,54.85473642214005,54.84380517984083,29.418597622741757,68.53676801789288,53.37117993755528,11.683789165623322,61.820454701596724,0.251302570435972,8.224412162147146,PCM Storage + DSM
2024-01-02 16:00:00,202.13525868856283,93.7,-8.55,239.10216020650935,36.966901517946525,29.622640573509543,25.644708941688812,891.4144489541178,54.893834187646654,54.88932212216677,28.934970955126836,67.62004221171213,52.781704013763736,11.55474363168816,60.09712373135915,0.2505660391397357,8.114405065405455,PCM Storage + DSM
2024-01-02 17:00:00,206.72792316199894,95.8,-8.75,115.53302374313729,-91.19489941886165,29.0,25.0,413.17159187288576,45.25787065062941,46.25998585098897,13.98124,69.15642021707767,0.0,0.0,0.0,0.2515,8.29877042604932,PCM Storage + DSM
2024-01-02 18:00:00,204.4069888524935,96.6,-8.9,116.91665277000122,-87.49033608249228,29.0,25.0,413.17159187288576,41.77729579776395,42.18015129827478,14.14868,68.38000111534552,0.9593422507279712,0.0,0.0,0.2515,8.205600133841463,PCM Storage + DSM
2024-01-02 19:00:00,212.0429212867162,93.7,-9.1,111.90099754761953,-100.14192373909667,29.0,25.0,413.17159187288576,39.960060820909916,40.16549239607644,13.541710000000002,70.93443954868914,0.0,0.0,0.0,0.2515,8.512132745842697,PCM Storage + DSM
2024-01-02 20:00:00,213.0907565614929,97.6,-9.1,118.64618905358111,-94.44456750791178,29.0,25.0,413.17159187288576,39.73140585168101,39.76355741764774,14.35798,71.28497050489649,0.0,0.0,0.0,0.2515,8.55419646058758,PCM Storage + DSM
2024-01-02 21:00:00,214.22459223462377,96.9,-9.05,244.16982827010347,29.945236035479695,29.0,25.0,859.0590145498793,49.03492551123312,48.06851576990947,29.548235294117646,71.66427106124517,76.02702199792787,10.08802638784769,36.5280762130511,0.2515,8.59971252734942,PCM Storage + DSM
2024-01-02 22:00:00,210.38521650395805,93.8,-8.95,244.16982827010347,33.78461176614542,29.0,25.0,900.1559735792717,52.49160842788432,52.09269244457438,29.548235294117646,70.37988974816489,79.04051079934607,9.907226773387935,35.87341276924491,0.2515,8.445586769779785,PCM Storage + DSM
2024-01-02 23:00:00,209.00996867002087,96.7,-9.0,244.1698282701035,35.159859600082626,29.0,25.0,861.5968550655363,53.918410905020544,53.75375120849983,29.54823529411765,69.91982989920167,80.11992949589178,9.842465130973912,35.638915146138814,0.2515,8.390379587904201,PCM Storage + DSM
2024-01-03 00:00:00,223.61651992855175,96.7,-9.1,244.1698282701035,20.55330834155174,29.0,25.0,861.5968550655363,54.5073491086329,54.43938287823905,29.54823529411765,69.63334111763297,44.775850974477905,9.802136717030825,63.485834426791676,0.2515,8.356000934115956,PCM Storage + DSM
2024-01-03 01:00:00,230.25787119239382,96.9,-9.2,244.16982827010347,13.911957077709644,29.0,25.0,859.0590145498793,54.75044387001199,54.7223895946091,29.548235294117646,71.70143285873017,46.10568185885965,10.093257574715244,58.11956778758842,0.2515,8.604171943047621,PCM Storage + DSM
2024-01-03 02:00:00,223.6541798323274,98.3,-9.3,244.16982827010347,20.515648437776065,29.0,25.0,841.7042869832152,54.85078557419675,54.839205671003334,29.548235294117646,69.64506826966496,44.78339180482314,9.803787523177332,63.45540491369435,0.2515,8.357408192359795,PCM Storage + DSM
2024-01-03 03:00:00,219.84732595729108,95.5,-9.25,244.1698282701035,24.322502312812418,29.0,25.0,877.1444674877715,54.89220340459992,54.88742359275153,29.54823529411765,68.45962832743669,44.021126468412824,9.63691567418877,66.53137426667072,0.2515,8.215155399292401,PCM Storage + DSM
2024-01-03 04:00:00,184.12827612289252,96.2,-9.4,217.60240475672097,33.47412863382846,32.26421454709712,28.27386419576561,813.0560048131972,54.9092993537792,54.90732640107619,26.33317597784741,57.33685089439592,36.86892298699745,8.071186049243888,68.82523784616268,0.24660367817935433,6.880422107327511,PCM Storage + DSM
2024-01-03 05:00:00,195.22266552688868,91.2,-9.5,230.52172286469505,35.299057337806374,30.67687860970817,26.680861674529034,909.895075804511,54.916356012119245,54.91554164065616,27.89660850347332,60.79160192131984,39.090407905754255,8.557503973182133,72.78019774210738,0.24898468208543775,7.29499223055838,PCM Storage + DSM
2024-01-03 06:00:00,202.3647292535899,97.9,-9.65,238.87073313356396,36.50600387997406,29.65107493101207,25.65271901215037,836.1186350600326,54.91926877387385,54.91893262750861,28.906964785596116,63.01561363532094,40.520498943657785,8.87057335246252,75.35836156887916,0.2505233876034819,7.561873636238513,PCM Storage + DSM
2024-01-03 07:00:00,238.0689032428763,97.9,-9.75,119.16504993865512,-118.90385330422119,29.0,25.0,413.17159187288576,45.5408937760564,46.5163856182643,14.420770000000003,74.13375878628594,0.0,0.0,0.0,0.2515,8.896051054354311,PCM Storage + DSM
2024-01-03 08:00:00,221.37496461893684,98.6,-9.85,120.37572533716101,-100.99923928177583,29.0,25.0,413.17159187288576,42.1425689525636,42.5357846665891,14.56728,68.93532924642447,0.0,0.0,0.0,0.2515,8.272239509570936,PCM Storage + DSM
2024-01-03 09:00:00,221.56756344696714,94.8,-9.95,113.80348745955739,-107.76407598740975,29.0,25.0,413.17159187288576,40.24301618484,40.456617516889224,13.77194,68.99530379524303,0.0,0.0,0.0,0.2515,8.279436455429165,PCM Storage + DSM
2024-01-03 10:00:00,218.99965635750362,98.1,-9.95,244.1698282701035,25.17017191259987,29.0,25.0,844.1404788413431,49.26089730827095,48.33158953081865,29.54823529411765,68.19566721036043,53.59155872395185,11.732033541705057,55.34385782287869,0.2515,8.18348006524325,PCM Storage + DSM
2024-01-03 11:00:00,221.46775288063384,98.2,-9.95,244.1698282701035,22.702075389469655,29.0,25.0,842.9206226580463,52.58488252063201,52.201280529999984,29.54823529411765,68.96422316124134,54.08575799932568,11.840221521547875,53.349615460407236,0.2515,8.275706779348958,PCM Storage + DSM
2024-01-03 12:00:00,221.76144990021592,95.3,-9.95,244.16982827010347,22.408378369887544,29.0,25.0,879.7904538150348,53.95691145258536,53.79857288002806,29.548235294117646,69.05567930569939,54.1445664182415,11.853095607685377,53.112305844396175,0.2515,8.286681516683926,PCM Storage + DSM
2024-01-03 13:00:00,216.10039882815747,98.0,-9.8,244.16982827010347,28.069429441946,29.0,25.0,845.3638708396638,54.523240897220944,54.45788382363184,29.548235294117646,67.29284934791747,53.01102593007726,11.604945799307439,57.68648183719536,0.2515,8.075141921750095,PCM Storage + DSM
2024-01-03 14:00:00,205.3386380010561,96.9,-9.7,244.16982827010347,38.83119026904737,29.0,25.0,859.0590145498793,54.757003489562926,54.73002619022807,29.548235294117646,63.94167760560002,50.85614489011104,11.133208510054665,66.38207341356218,0.2515,7.673001312672002,PCM Storage + DSM
2024-01-03 15:00:00,201.0944041907663,92.8,-9.45,238.67248794037258,37.578083749606265,29.67543238679551,25.72989508718285,903.2432399731559,54.85349317431452,54.8423578122269,28.882974124440935,62.62003920075708,50.00630078802458,10.947164294355403,64.31410903464655,0.25048685141980676,7.514404704090849,PCM Storage + DSM
2024-01-03 16:00:00,191.33043545784247,97.2,-9.75,226.3946459814675,35.064210523625036,31.183953162588075,27.206433614821464,819.25181755951,54.89332101490352,54.8887246953356,27.39716989680149,59.579576154203885,48.05121263512539,10.519164804641884,59.92563440419102,0.2482240702561179,7.149549138504465,PCM Storage + DSM
2024-01-03 17:00:00,193.7584975263102,95.1,-9.95,111.08354409039887,-82.67495343591133,30.87264313849989,25.0,413.17159187288576,46.06741946821941,46.98527144173908,13.442785791111975,60.335665526860346,1.815631823344546,0.0,0.0,0.24869103529225017,7.240279863223241,PCM Storage + DSM
2024-01-03 18:00:00,193.08505917125078,93.7,-10.1,111.90099754761953,-81.18406162363125,29.0,25.0,413.17159187288576,41.7021356024278,42.19358319108687,13.541710000000002,60.12595936242074,3.012863220822581,0.0,0.0,0.2515,7.215115123490487,PCM Storage + DSM
2024-01-03 19:00:00,199.6662478013021,97.3,-10.1,118.12732816850715,-81.53891963279494,29.0,25.0,413.17159187288576,40.411545866934105,40.56580621035174,14.29519,62.17531668621002,5.5278069811481885,0.0,0.0,0.2515,7.461038002345202,PCM Storage + DSM
2024-01-03 20:00:00,226.61261151482876,96.5,-10.1,116.74369914164323,-109.86891237318552,29.0,25.0,413.17159187288576,39.75599039513206,39.83046233051606,14.12775,70.56631274027316,0.0,0.0,0.0,0.2515,8.46795752883278,PCM Storage + DSM
2024-01-03 21:00:00,225.71117846148732,99.2,-10.2,244.1698282701035,18.458649808616173,29.0,25.0,830.9132063808662,49.050885618181,48.08709676241355,29.54823529411765,70.2856098864854,63.65392470733326,9.893955198607632,43.33468323415569,0.2515,8.434273186378249,PCM Storage + DSM
2024-01-03 22:00:00,233.86854517070765,97.2,-10.3,244.16982827010347,10.301283099395818,29.0,25.0,855.2801625797185,52.498196324800666,52.10036196021991,29.548235294117646,72.82578312085221,57.12994821558395,10.251529959901124,44.90083031104593,0.2515,8.739093974502264,PCM Storage + DSM
2024-01-03 23:00:00,226.66061301285652,98.3,-10.35,244.16982827010347,17.50921525724695,29.0,25.0,841.7042869832152,53.92113017712697,53.75691693805069,29.548235294117646,70.58126022576033,62.89460017107254,9.935573265463189,43.51696683134212,0.2515,8.469751227091239,PCM Storage + DSM
2024-01-04 00:00:00,234.0831981765849,97.8,-10.35,244.16982827010347,10.086630093518579,29.0,25.0,847.8213239525699,54.508471536758265,54.44068958964787,29.548235294117646,69.64584718379957,44.783892664650544,9.80389716925658,59.47571060384748,0.2515,8.357501662055949,PCM Storage + DSM
2024-01-04 01:00:00,220.05250268767458,98.7,-10.35,244.16982827010344,24.11732558242886,29.000000000000014,25.0,836.8738463118624,54.75090717226618,54.72292896307964,29.548235294117642,65.47134990456333,42.099594237081426,9.21626210250283,70.54607765177778,0.2515,7.856561988547599,PCM Storage + DSM
2024-01-04 02:00:00,215.4668958575744,95.6,-10.45,244.16982827010347,28.702932412529066,29.0,25.0,875.8274337528051,54.850976810476276,54.83942830497213,29.548235294117646,64.10701245949294,41.22229366326332,9.024207234100745,74.16416991148287,0.2515,7.692841495139152,PCM Storage + DSM
2024-01-04 03:00:00,203.87249094850898,96.6,-9.8,241.17753928419765,37.30504833568867,29.367648493727387,25.390963014109357,856.9575994809618,54.89228234078957,54.88751548889817,29.18612315417817,60.65737507084658,39.00409693234553,8.538609146101916,80.3199889539445,0.2509485272594089,7.278885008501589,PCM Storage + DSM
2024-01-04 04:00:00,215.95583024261325,96.1,-9.9,244.16982827010347,28.21399802749022,29.0,25.0,869.3011488515173,54.909331936101204,54.90736433285189,29.548235294117646,64.25248317131069,41.31583469991269,9.044684835529527,73.77839551355568,0.2515,7.710297980557281,PCM Storage + DSM
2024-01-04 05:00:00,218.00810481929327,97.8,-10.1,244.16982827010347,26.1617234508102,29.0,25.0,847.8213239525699,54.91636946105453,54.91555729767398,29.548235294117646,64.86308830085454,41.70846793918985,9.130638415579611,72.15912917961373,0.2515,7.783570596102545,PCM Storage + DSM
2024-01-04 06:00:00,215.30709780624392,97.3,-10.25,244.16982827010347,28.86273046385955,29.0,25.0,854.0279222245507,54.91927432516206,54.91893909022233,29.548235294117646,64.05946837794448,41.19172171775613,9.017514555278451,74.29025226307911,0.2515,7.687136205353338,PCM Storage + DSM
2024-01-04 07:00:00,207.4376100641242,95.8,-10.3,115.53302374313729,-91.9045863209869,29.0,25.0,413.17159187288576,45.26837152172389,46.272210783482855,13.98124,61.71809084648662,0.23664232834521215,0.0,0.0,0.2515,7.406170901578394,PCM Storage + DSM
2024-01-04 08:00:00,219.81429277291704,96.3,-10.3,116.39779188492726,-103.41650088798978,29.0,25.0,413.17159187288576,41.742698141882265,42.15031485714625,14.085890000000001,65.40047625173347,0.0,0.0,0.0,0.2515,7.848057150208016,PCM Storage + DSM
2024-01-04 09:00:00,211.53198681709796,99.8,-10.35,122.4511688774569,-89.08081793964107,29.0,25.0,413.17159187288576,40.738984207835784,40.8599901243477,14.81844,62.936274551561425,4.8790823789975235,0.0,0.0,0.2515,7.55235294618737,PCM Storage + DSM
2024-01-04 10:00:00,222.3281575099762,94.4,-10.6,244.16982827010347,21.841670760127272,29.0,25.0,891.8976618950581,49.4391959842577,48.53915943773143,29.548235294117646,66.14841647419185,50.89881657480779,11.222543758204383,58.47573664890212,0.2515,7.937809976903021,PCM Storage + DSM
2024-01-04 11:00:00,220.91807255668107,98.8,-10.8,244.1698282701035,23.251755713422426,29.0,25.0,835.6748866466592,52.65847812999137,52.28695926539651,29.54823529411765,65.72887948077089,50.62904457199719,11.163486431622603,59.5883085819242,0.2515,7.887465537692506,PCM Storage + DSM
2024-01-04 12:00:00,241.60634219059358,99.9,-10.95,244.16982827010347,2.563486079509886,29.0,25.0,822.7095499003781,53.98728935468653,53.8339383082055,29.548235294117646,71.88417843705813,48.78667757743216,10.118982279496787,50.976384376189365,0.2515,8.626101412446975,PCM Storage + DSM
2024-01-04 13:00:00,252.50295717870105,98.7,-10.9,244.16982827010344,-8.333128908597615,29.000000000000014,25.0,836.8738463118624,54.535779918831686,54.47248153570271,29.548235294117642,75.12620515317442,48.30788975835573,10.575355456506257,44.94232605074277,0.2515,9.01514461838093,PCM Storage + DSM
2024-01-04 14:00:00,247.4327531335332,101.0,-10.8,244.16982827010347,-3.262924863429731,29.000000000000014,25.0,810.1403762213446,54.762179194666956,54.736051656585644,29.548235294117646,73.61768741729632,47.33787791848252,10.363004636485092,48.942770635423074,0.2515,8.83412249007556,PCM Storage + DSM
2024-01-04 15:00:00,244.69594063358002,98.4,-10.25,244.16982827010347,-0.5261123634765568,29.0,25.0,840.491456598513,54.85562953902905,54.844844931074704,29.548235294117646,72.80341442962695,46.81428152969464,10.248381167008928,51.102144626526524,0.2515,8.736409731555234,PCM Storage + DSM
2024-01-04 16:00:00,224.5242006995589,98.0,-10.6,244.16982827010347,19.645627570544576,29.0,25.0,845.3638708396638,54.894202837592736,54.88975129805743,29.548235294117646,66.80179650993163,55.18044573610101,12.270004890782044,51.926058472673674,0.2515,8.016215581191796,PCM Storage + DSM
2024-01-04 17:00:00,224.66228317348643,97.1,-11.05,117.78142091179117,-106.88086226169526,29.0,25.0,413.17159187288576,45.42672848864198,46.41132050247701,14.25333,66.84287964171054,0.0,0.0,0.0,0.2515,8.021145557005264,PCM Storage + DSM
2024-01-04 18:00:00,231.67413264463698,99.3,-11.6,121.58640073566694,-110.08773190897004,29.0,25.0,413.17159187288576,42.190514089837336,42.56723831855667,14.713790000000001,68.92908745392253,0.0,0.0,0.0,0.2515,8.271490494470703,PCM Storage + DSM
2024-01-04 19:00:00,238.23230334809776,100.2,-11.85,123.14298339088887,-115.08931995720889,29.0,25.0,413.17159187288576,40.9598848959614,41.103235419388504,14.902160000000002,70.88031401856449,0.0,0.0,0.0,0.2515,8.505637682227738,PCM Storage + DSM
2024-01-04 20:00:00,228.87706594219807,98.9,-11.75,120.89458622223499,-107.98247971996308,29.0,25.0,413.17159187288576,40.27845908561657,40.35517758144721,14.630070000000002,68.09688727194279,0.0,0.0,0.0,0.2515,8.171626472633134,PCM Storage + DSM
2024-01-04 21:00:00,213.12990174032652,97.6,-11.75,244.1698282701035,31.039926529776977,29.0,25.0,850.2931062381459,49.25386154610282,48.32339670952555,29.54823529411765,63.41169585229031,71.81511551179872,8.926329000254283,44.96815644269683,0.2515,7.609403502274836,PCM Storage + DSM
2024-01-04 22:00:00,215.0607680263247,97.1,-12.0,244.1698282701035,29.1090602437788,29.0,25.0,856.5360805864436,52.58197809436456,52.19789924715198,29.54823529411765,63.98617885378081,70.25365510018844,9.007197745482337,45.37554881941028,0.2515,7.678341462453697,PCM Storage + DSM
2024-01-04 23:00:00,207.7951264262215,99.3,-11.85,244.1698282701035,36.37470184388201,29.0,25.0,829.7312530289731,53.9557125987695,53.797177195152294,29.54823529411765,61.82446127424176,76.12926223351465,8.702897378472015,43.84257524103327,0.2515,7.418935352909012,PCM Storage + DSM
2024-01-05 00:00:00,211.07982515826168,95.9,-11.5,244.16982827010352,33.09000311184184,29.0,25.0,871.8999564714022,54.522746048898156,54.45730772977388,29.548235294117653,64.87194208383252,41.714161126689106,9.131884743700883,73.54894441568135,0.2515,7.784633050059902,PCM Storage + DSM
2024-01-05 01:00:00,185.0891559134552,97.2,-11.15,221.74040323885356,36.65124732539837,31.75579810865553,27.887907239524377,809.4209356574909,54.7567992320802,54.72978839719973,26.833936262863045,56.88413373357938,36.57781536813329,8.007458021358895,72.1284005278184,0.24736630283701672,6.826096048029525,PCM Storage + DSM
2024-01-05 02:00:00,209.41395093678676,93.5,-10.9,244.16982827010344,34.755877333316676,29.000000000000014,25.0,904.3427455494079,54.85340886339071,54.84225965890773,29.548235294117642,64.35996280806117,41.38494659545998,9.05981451445654,74.89551049249717,0.2515,7.72319553696734,PCM Storage + DSM
2024-01-05 03:00:00,228.31338408892543,101.6,-12.7,244.1698282701035,15.856444181178063,29.0,25.0,803.4450012112509,54.89328621406402,54.8886841808002,29.54823529411765,70.1683953853743,45.11990325993657,9.877455163614787,59.618645513346685,0.2515,8.420207446244916,PCM Storage + DSM
2024-01-05 04:00:00,256.29039928635405,101.9,-12.5,244.1698282701035,-12.120571016250551,29.0,25.0,800.1386431815748,54.90974630272339,54.90784673130611,29.54823529411765,78.76667477188275,50.64879603267956,11.087816589981008,37.00415330872758,0.2515,9.45200097262593,PCM Storage + DSM
2024-01-05 05:00:00,265.0972096422418,100.2,-12.65,244.16982827010347,-20.927381372138342,29.0,25.0,819.243077077764,54.916540498278025,54.915756416251135,29.548235294117646,81.47330431794235,52.389221513524326,11.4688230507799,29.88539733224699,0.2515,9.776796518153082,PCM Storage + DSM
2024-01-05 06:00:00,267.865957593713,103.4,-12.75,244.1698282701035,-23.69612932360951,29.0,25.0,784.0068156980753,54.91934492383062,54.91902127997111,29.54823529411765,82.32423384954444,52.936388908988405,11.588606583660107,27.647351975254992,0.2515,9.878908061945333,PCM Storage + DSM
2024-01-05 07:00:00,271.51117494236206,102.6,-12.8,127.2938704714806,-144.21730447088146,29.0,25.0,413.17159187288576,46.1508610963641,47.06291471648246,15.40448,83.44453195736807,0.0,0.0,0.0,0.2515,10.013343834884168,PCM Storage + DSM
2024-01-05 08:00:00,252.5267586789798,101.0,-12.7,124.52661241775279,-128.00014626122703,29.0,25.0,413.17159187288576,42.68096460428607,43.079040972388036,15.069600000000001,77.60998120667402,0.0,0.0,0.0,0.2515,9.313197744800881,PCM Storage + DSM
2024-01-05 09:00:00,232.98130243415898,99.2,-12.15,121.41344710730897,-111.56785532685001,29.0,25.0,413.17159187288576,41.023569933329455,41.21218081826506,14.692860000000001,71.60300396682922,0.0,0.0,0.0,0.2515,8.592360476019504,PCM Storage + DSM
2024-01-05 10:00:00,228.99364555976044,97.8,-11.45,244.16982827010347,15.176182710343028,29.0,25.0,847.8213239525699,49.55983403014072,48.67960444335109,29.548235294117646,70.37746265508983,55.9403506148262,12.246220960439476,46.04342575301897,0.2515,8.445295518610779,PCM Storage + DSM
2024-01-05 11:00:00,224.457528651931,99.4,-11.4,244.16982827010347,19.712299618172466,29.0,25.0,828.5526574991023,52.708273680304856,52.34493038375801,29.548235294117646,68.98336109607266,55.043911026434344,12.049976261282684,49.7100778146291,0.2515,8.27800333152872,PCM Storage + DSM
2024-01-05 12:00:00,227.4596431920734,97.5,-10.95,244.1698282701035,16.710185078030094,29.0,25.0,851.5344100428731,54.00784335737694,53.85786692261361,29.54823529411765,69.90601204308348,55.63719695299972,12.179855864638496,47.283396648452985,0.2515,8.388721445170017,PCM Storage + DSM
2024-01-05 13:00:00,220.82672526052295,97.6,-10.1,244.1698282701035,23.343103009580545,29.0,25.0,850.2931062381459,54.54426395051576,54.4823584986404,29.54823529411765,67.86749288295182,54.32638192304909,11.89289787602006,52.64494325370745,0.2515,8.144099145954218,PCM Storage + DSM
2024-01-05 14:00:00,214.3398090622784,96.7,-9.35,244.1698282701035,29.830019207825103,29.0,25.0,861.5968550655363,54.765681130260745,54.74012854943071,29.54823529411765,65.87384497463242,53.0444201471853,11.612256317690168,57.88847315716556,0.2515,7.90486139695589,PCM Storage + DSM
2024-01-05 15:00:00,214.96380212211574,95.1,-9.3,244.16982827010347,29.20602614798773,29.0,25.0,882.4524521624328,54.85707502548641,54.84652774140567,29.548235294117646,66.06561906582341,53.16773532910983,11.639251946945745,57.384084605068495,0.2515,7.927874287898809,PCM Storage + DSM
2024-01-05 16:00:00,203.24646460682746,96.9,-8.9,240.3910523124857,37.14458770565824,29.464280454025342,25.485573674138266,851.5871092428137,54.894799487942926,54.890445908074824,29.09094635751763,62.46448646066526,50.85212366550313,11.132328200858554,63.076713514211946,0.25080357931896197,7.4957383752798314,PCM Storage + DSM
2024-01-05 17:00:00,198.5935814235735,93.5,-8.05,109.52307774461399,-89.07050367895953,30.17488864823556,25.0,413.17159187288576,45.524823940268135,46.499278462324085,13.253945805924298,61.034498691059255,0.0,0.0,0.0,0.24973766702764666,7.32413984292711,PCM Storage + DSM
2024-01-05 18:00:00,173.60836432974463,92.8,-7.25,110.34441489239761,-63.26394943734702,29.0,25.0,413.17159187288576,41.38349207952663,41.85395051616307,13.353340000000001,53.355699663025234,11.832329738464452,0.0,0.0,0.2515,6.402683959563027,PCM Storage + DSM
2024-01-05 19:00:00,169.32891334989634,90.4,-6.75,106.19352781180585,-63.13538553809049,29.0,25.0,413.17159187288576,39.389338371150316,39.615926026405916,12.851020000000002,52.04048019140036,10.10976828012307,0.0,0.0,0.2515,6.244857622968043,PCM Storage + DSM
2024-01-05 20:00:00,190.90498286644325,91.8,-6.85,108.6148786088177,-82.29010425762554,29.0,25.0,413.17159187288576,38.76058135208118,38.83521185784266,13.14404,58.671533306139,0.28802465189078674,0.0,0.0,0.2515,7.040583996736679,PCM Storage + DSM
2024-01-05 21:00:00,193.6737241933427,97.8,-8.2,244.16982827010347,50.49610407676076,29.0,25.0,847.8213239525699,48.66484912316379,47.63768194024029,29.548235294117646,59.52246080178699,88.77042485066553,8.378849688220408,37.12260910468051,0.2515,7.1426952962144385,PCM Storage + DSM
2024-01-05 22:00:00,198.829703989865,91.4,-7.4,244.16982827010347,45.340124280238456,29.0,25.0,934.7773571784744,52.33885319945535,51.914857449891606,29.548235294117646,61.107067111246565,84.63338360896167,8.601911334246454,38.11088680386313,0.2515,7.332848053349587,PCM Storage + DSM
2024-01-05 23:00:00,164.04763483135062,92.6,-6.55,214.7485309090562,50.70089607770558,32.614856622887224,29.47083383605121,855.2385652349025,53.855358456438765,53.680346638483634,25.987814159198614,50.41736536303243,83.12042961993987,7.097144848558683,31.443998135297544,0.24607771506566917,6.0500838435638915,PCM Storage + DSM
2024-01-06 00:00:00,149.16393422555365,88.1,-4.35,191.70767773301841,42.54374350746477,36.28379073129295,32.94303462730953,883.8420183727042,54.99309681911162,54.86762466443607,23.199523092090782,51.583755725786574,33.169549557874284,7.261335128927811,64.06016974433733,0.24057431390306058,6.190050687094389,PCM Storage + DSM
2024-01-06 01:00:00,147.52382768362253,87.7,-6.3,173.6965917328983,26.17276404927577,37.65871557962275,33.606103161260165,829.2082694343026,54.93010608386434,54.93154740049436,21.019909784399808,51.01657535700313,32.80483944543842,7.181494359710096,47.45261009930027,0.23851192663056586,5.920356564800439,PCM Storage + DSM
2024-01-06 02:00:00,146.3438975778623,91.6,-5.7,172.82045634780522,26.476558769942926,37.76636221941854,33.763448348042154,766.9061059654314,54.92494408282428,54.92553972399793,20.913884176356234,50.6085328454869,32.542458660692816,7.124055086797916,47.58620363013513,0.23835045667087218,5.840317136140528,PCM Storage + DSM
2024-01-06 03:00:00,161.72226822593012,87.8,-4.25,190.96331888667714,29.24105066074702,35.53723391137852,31.53603141042198,872.8876285191932,54.92281365342784,54.923059514969324,23.109444434581064,55.92666902290236,35.96214338527995,7.872677758841633,52.56897689981528,0.24169414913293222,6.711200282748283,PCM Storage + DSM
2024-01-06 04:00:00,162.35201042522678,89.2,-4.2,191.72188576086012,29.36987533563334,35.44403236233081,31.443536008588918,852.012142556603,54.92193428065089,54.92203576439298,23.201242477949005,56.14444598049868,36.10217901250248,7.903333756068189,52.78863989731465,0.2418339514565038,6.737333517659842,PCM Storage + DSM
2024-01-06 05:00:00,175.05342899319993,91.0,-4.7,206.6790311964612,31.62560220326128,33.60631815231932,29.606113273447967,860.2666901345624,54.92157130383248,54.921613193059414,25.011282873974434,60.5368406715007,38.92659052211467,8.521641776124685,56.87650626394637,0.24459052277152102,7.264420880580084,PCM Storage + DSM
2024-01-06 06:00:00,187.30569595465764,91.7,-6.15,221.1033074457986,33.79761149114097,31.834075076481824,27.83399050906876,882.300079695344,54.92142147866829,54.921438769194815,26.756838054081673,64.7739101032527,41.65112429285746,9.118084991156172,60.81586635065952,0.24724888738527726,7.772869212390324,PCM Storage + DSM
2024-01-06 07:00:00,178.64610091212938,94.4,-8.05,106.04436279194236,-72.60173812018702,33.08624567248438,25.0,413.17159187288576,47.052755200639226,47.87122685566708,12.83296878074902,61.77925568040437,1.5894235434075554,0.0,0.0,0.24537063149127342,7.413510681648524,PCM Storage + DSM
2024-01-06 08:00:00,186.25105285747694,91.0,-7.05,107.23124958195379,-79.01980327552315,29.0,25.0,413.17159187288576,41.718812397940965,42.30696849764035,12.976600000000001,64.40919424760494,0.0,0.0,0.0,0.2515,7.729103309712593,PCM Storage + DSM
2024-01-06 09:00:00,180.2957990474033,94.0,-7.25,112.41985843269347,-67.87594061470983,29.0,25.0,413.17159187288576,40.00444354282,40.20672304869387,13.604500000000002,62.34975300653804,7.000335475817813,0.0,0.0,0.2515,7.4819703607845645,PCM Storage + DSM
2024-01-06 10:00:00,172.81367237151454,92.9,-7.6,244.16982827010347,71.35615589858892,29.0,25.0,912.8342267282754,49.16665011004148,48.221868945310206,29.548235294117646,59.76228977849778,46.47458434701983,10.308332770826821,86.34221128633806,0.2515,7.1714747734197335,PCM Storage + DSM
2024-01-06 11:00:00,176.97406249824763,90.0,-7.75,244.1698282701035,67.19576577185586,29.0,25.480714437414086,956.231263736669,52.54598036295307,52.15599131092857,29.54823529411765,61.20103265649709,47.399729337363766,10.510861533118721,82.78194429086474,0.2515,7.34412391877965,PCM Storage + DSM
2024-01-06 12:00:00,191.04229338769062,95.5,-8.2,244.1698282701035,53.127534882412874,29.0,25.705433773782836,877.1444674877715,53.94085389225112,53.7798789460357,29.54823529411765,66.0660973215096,50.52807858681026,11.195706295961394,70.74301125942996,0.2515,7.927931678581151,PCM Storage + DSM
2024-01-06 13:00:00,223.24708011694548,96.3,-8.4,244.16982827010347,20.922748153157983,29.0,25.0,866.7177873393285,54.516612852421275,54.450167568521834,29.548235294117646,77.20313162184482,57.689449564070195,12.763442829667708,43.18366326663553,0.2515,9.264375794621378,PCM Storage + DSM
2024-01-06 14:00:00,239.4048260611764,96.9,-8.4,244.16982827010347,4.765002208927058,29.0,25.0,859.0590145498793,54.75426764570171,54.726841168126924,29.548235294117646,82.790790758042,58.00139801505266,11.654282803269364,34.53338977307666,0.2515,9.934894890965039,PCM Storage + DSM
2024-01-06 15:00:00,239.6751906162986,99.6,-9.55,244.16982827010352,4.494637653804915,29.0,25.0,826.2054828319663,54.85236390590143,54.8410431374734,29.548235294117653,82.88428801822585,57.791154363528136,11.667444212908487,34.57238900595124,0.2515,9.946114562187102,PCM Storage + DSM
2024-01-06 16:00:00,235.20978578964306,97.0,-9.4,244.1698282701035,8.96004248046043,29.0,25.0,857.795692469659,54.89285488919842,54.88818203985233,29.54823529411765,81.340065193916,61.203650671879295,11.510004743519001,33.92826846790466,0.2515,9.76080782326992,PCM Storage + DSM
2024-01-06 17:00:00,229.0017018785519,96.8,-9.55,117.2625600267172,-111.7391418518347,29.0,25.0,413.17159187288576,45.38724002090841,46.375790262787234,14.19054,79.19319044394678,0.0,0.0,0.0,0.2515,9.503182853273612,PCM Storage + DSM
2024-01-06 18:00:00,216.2037268324256,99.0,-10.45,121.06753985059298,-95.13618698183261,29.0,25.0,413.17159187288576,42.13686771032862,42.5152258225271,14.651000000000002,74.76740466676394,0.0,0.0,0.0,0.2515,8.972088560011672,PCM Storage + DSM
2024-01-06 19:00:00,196.81124013519585,94.7,-9.85,113.63053383119941,-83.18070630399643,29.0,25.0,413.17159187288576,40.22557192207046,40.43978953884014,13.75101,68.06110999909423,0.0,0.0,0.0,0.2515,8.167333199891306,PCM Storage + DSM
2024-01-06 20:00:00,181.8724291073421,92.8,-9.4,110.34441489239761,-71.52801421494449,29.0,25.0,413.17159187288576,39.21280265433208,39.326872902640325,13.353340000000001,62.89498198768596,4.003031361529764,0.0,0.0,0.2515,7.547397838522316,PCM Storage + DSM
2024-01-06 21:00:00,203.52305724468115,95.7,-10.05,244.1698282701035,40.64677102542234,29.0,25.0,874.5143491444799,48.846227008849844,47.84883847189489,29.54823529411765,70.38218537196767,85.90414619789243,9.907549923448016,29.35755798775241,0.2515,8.44586224463612,PCM Storage + DSM
2024-01-06 22:00:00,217.28381637793888,99.6,-10.7,244.16982827010352,26.886011892164646,29.0,25.0,826.2054828319663,52.413720090315095,52.00201618924632,29.548235294117653,75.14092039338378,75.20336389076468,10.577426889444,31.342504016370825,0.2515,9.016910447206053,PCM Storage + DSM
2024-01-06 23:00:00,226.64190561324142,96.5,-10.85,244.1698282701035,17.527922656862074,29.0,25.0,864.1497346361009,53.88626110268679,53.71632296472031,29.54823529411765,78.37712753474291,67.9262307945514,11.032980857343452,32.692378822200155,0.2515,9.40525530416915,PCM Storage + DSM
2024-01-07 00:00:00,217.94876149613387,97.8,-10.4,244.16982827010347,26.221066773969568,29.0,25.0,847.8213239525699,54.49407870355683,54.423933702188634,29.548235294117646,69.00199678753116,44.36988194894365,9.713263724009767,72.20468947947603,0.2515,8.280239614503738,PCM Storage + DSM
2024-01-07 01:00:00,222.97308071932315,97.4,-9.95,244.1698282701035,21.196747550780344,29.0,25.0,852.7793433908889,54.744966273320905,54.7160126712877,29.54823529411765,70.59268285758797,45.39272993062704,9.937181204950878,68.24041940694578,0.2515,8.471121942910557,PCM Storage + DSM
2024-01-07 02:00:00,207.04683974686634,97.0,-10.05,244.1698282701035,37.122988523237154,29.0,25.0,857.795692469659,54.84852459833819,54.836573482017066,29.54823529411765,65.55047742877481,42.15047506766067,9.227400715097778,80.8064841115167,0.2515,7.866057291452978,PCM Storage + DSM
2024-01-07 03:00:00,208.0202249532683,94.5,-10.15,244.1698282701035,36.1496033168352,29.0,25.0,890.5359860753712,54.89127014643558,54.88633710973924,29.54823529411765,65.85864858985006,42.348636261156,9.270781311298135,80.03846725761673,0.2515,7.903037830782008,PCM Storage + DSM
2024-01-07 04:00:00,207.0150276391097,98.2,-10.8,244.1698282701035,37.154800630993805,29.0,25.0,842.9206226580463,54.908914134804846,54.906877935809405,29.54823529411765,65.54040580027754,42.14399877728847,9.22598295346364,80.83158438503071,0.2515,7.864848696033305,PCM Storage + DSM
2024-01-07 05:00:00,237.69165049649357,97.6,-11.4,244.1698282701035,6.478177773609929,29.0,25.0,850.2931062381459,54.91619700610796,54.91535652860814,29.54823529411765,75.25254280590606,48.38912779491097,10.593139738068912,56.62722703477649,0.2515,9.030305136708728,PCM Storage + DSM
2024-01-07 06:00:00,246.1429579432541,101.5,-11.55,244.16982827010347,-1.9731296731506234,29.0,25.0,804.5532012129214,54.919203141303,54.918856219204876,29.548235294117646,77.92820421039701,50.10964004353709,10.96978687971614,49.95900718315681,0.2515,9.35138450524764,PCM Storage + DSM
2024-01-07 07:00:00,245.5581585520035,100.1,-11.25,122.97002976253086,-122.58812878947265,29.0,25.0,413.17159187288576,45.82636859008676,46.77215908186772,14.88123,77.74305828233842,0.0,0.0,0.0,0.2515,9.32916699388061,PCM Storage + DSM
2024-01-07 08:00:00,242.56113975491726,97.4,-11.15,118.30028179686515,-124.26085795805211,29.0,25.0,413.17159187288576,42.09305016445903,42.519900931489175,14.316120000000002,76.79421012193085,0.0,0.0,0.0,0.2515,9.2153052146317,PCM Storage + DSM
2024-01-07 09:00:00,232.19367036306457,100.3,-10.55,123.31593701924685,-108.87773334381772,29.0,25.0,413.17159187288576,40.942672102750734,41.079716950611285,14.92309,73.51189695455761,0.0,0.0,0.0,0.2515,8.821427634546913,PCM Storage + DSM
2024-01-07 10:00:00,217.4095858484219,97.4,-10.25,244.1698282701035,26.760242421681596,29.0,25.0,852.7793433908889,49.52062960823788,48.633962821435055,29.54823529411765,68.83129521503336,54.7344665065194,11.982233997885583,59.862758695605635,0.2515,8.259755425804004,PCM Storage + DSM
2024-01-07 11:00:00,199.39573422513135,93.7,-10.1,244.1698282701035,44.774094044972145,29.0,25.0,901.5472501999507,52.692091277271,52.32609111004732,29.54823529411765,63.128157820222306,51.067217082918674,11.179415526695022,74.07598236014056,0.2515,7.575378938426676,PCM Storage + DSM
2024-01-07 12:00:00,208.6491847713244,96.3,-9.95,244.16982827010347,35.520643498779066,29.0,25.0,866.7177873393285,54.00116378152239,53.850090675940855,29.548235294117646,66.05777559129332,52.95102915662141,11.591811563705079,66.7748584787987,0.2515,7.926933070955198,PCM Storage + DSM
2024-01-07 13:00:00,214.4536286249037,98.9,-9.7,244.1698282701035,29.716199645199794,29.0,25.0,834.4793574812132,54.541506836291354,54.47914871395036,29.54823529411765,67.89544703933771,54.13269445627557,11.850496648832406,62.19505730887619,0.2515,8.147453644720526,PCM Storage + DSM
2024-01-07 14:00:00,216.45273124014153,94.6,-9.65,244.1698282701035,27.717097029961963,29.0,25.0,889.1784617063539,54.76454308212536,54.73880365347638,29.54823529411765,68.52835759724897,54.53967060256353,11.939590116397293,60.617732637122174,0.2515,8.223402911669876,PCM Storage + DSM
2024-01-07 15:00:00,194.93976319007842,97.0,-10.5,231.36690795767325,36.427144767594825,30.573034686939394,26.62499833138173,832.0656744748567,54.856605275794145,54.84598086693922,27.998888658934522,61.71740927118084,50.1600730944142,10.980827466304573,64.78889610076817,0.24914044796959092,7.4060891125417,PCM Storage + DSM
2024-01-07 16:00:00,197.05924445025562,95.4,-10.95,233.1123135804383,36.05306913018268,30.358584895767706,26.38003381802915,856.2015486607548,54.8946055903682,54.890220175872194,28.21010908854504,62.38843138712241,50.59155585513974,11.075285816500624,64.86199633134602,0.24946212265634843,7.486611766454688,PCM Storage + DSM
2024-01-07 17:00:00,191.14452263381182,96.0,-11.2,111.98409892512431,-79.1604237086875,31.25195164259128,25.0,413.17159187288576,46.367165129626365,47.253980822873125,13.551766521205646,60.515846230061825,8.599720198109658,0.0,0.0,0.24812207253611307,7.261901547607419,PCM Storage + DSM
2024-01-07 18:00:00,187.93301107330967,96.0,-10.7,115.87893099985328,-72.05408007345639,29.0,25.0,413.17159187288576,42.112156538937214,42.59086950570491,14.023100000000001,59.49909023264444,14.23156321556501,0.0,0.0,0.2515,7.139890827917333,PCM Storage + DSM
2024-01-07 19:00:00,185.5087461239847,94.0,-9.7,112.41985843269347,-73.08888769129123,29.0,25.0,413.17159187288576,40.140382583552984,40.36497860095991,13.604500000000002,58.73157441334296,12.08370334862883,0.0,0.0,0.2515,7.047788929601156,PCM Storage + DSM
2024-01-07 20:00:00,197.20559644694745,94.1,-9.05,112.59281206105146,-84.61278438589599,29.0,25.0,413.17159187288576,39.35004407703133,39.441400596180316,13.62543,62.434766039066545,5.930179047932768,0.0,0.0,0.2515,7.492171924687986,PCM Storage + DSM
2024-01-07 21:00:00,197.6920450613812,96.3,-7.6,244.16982827010347,46.47778320872226,29.0,25.0,866.7177873393285,48.89600640869548,47.906790182975186,29.548235294117646,62.588774373411,86.72381462181808,8.810488101140601,41.70978696818052,0.2515,7.510652924809319,PCM Storage + DSM
2024-01-07 22:00:00,197.5028968307241,92.0,-6.75,244.1698282701035,46.6669314393794,29.0,25.0,925.8747156815366,52.43426733473027,52.025936935779214,29.54823529411765,62.52889054789818,86.87445616582329,8.802058382913756,41.66987978626196,0.2515,7.5034668657477805,PCM Storage + DSM
2024-01-07 23:00:00,178.69262547766104,91.4,-5.25,231.20959241982465,52.516966942163606,30.592363308206377,27.416714772359978,908.3401255153807,53.89474234477085,53.72619668005391,27.97985110396426,56.57360879008158,88.8951075801927,7.9637460882337585,37.70122029515129,0.24911145503769044,6.788833054809789,PCM Storage + DSM
2024-01-08 00:00:00,151.69341381288515,89.4,-3.35,187.54383279370506,35.85041898081991,35.95737010722202,32.29763589606635,838.331416904483,54.49757948769339,54.428009254527105,22.69563499556909,96.54330504106517,56.801936830893496,0.0,35.85041898081991,0.241063944839167,11.58519660492782,PCM Storage + DSM
2024-01-08 01:00:00,118.07693882248131,82.1,-0.8,143.06964585464226,24.99270703216095,41.42170457321488,37.56215535436176,840.2055231257436,54.74641128449371,54.71769492830064,17.313586978005297,75.14853569790057,44.2141728608797,0.0,24.99270703216095,0.23286744314017768,7.024116539953217,PCM Storage + DSM
2024-01-08 02:00:00,100.71606243433938,79.2,1.7,120.61008165402772,19.894019219688346,44.181205740054736,40.239179308281415,822.7790004041693,54.84912105250619,54.837267863642545,14.595640652266095,64.0994311732436,37.71335401092891,0.0,19.894019219688346,0.2287281913899179,4.930064522335989,PCM Storage + DSM
2024-01-08 03:00:00,96.52214600728725,81.7,1.95,114.83774959633284,18.315603589045594,44.89042506890352,40.914354694538126,745.2888894956608,54.89151634354547,54.886623728156096,13.897101332134088,61.43026747815352,36.14293265923258,0.0,18.315603589045594,0.22766436239664473,4.463366562383996,PCM Storage + DSM
2024-01-08 04:00:00,107.72228813490304,78.7,2.35,127.6756309464769,19.95334281157386,43.31309488346276,39.32297226380224,861.9185094152326,54.90901575705877,54.90699624267966,15.450678780664687,68.55845261652404,40.33685083694995,0.0,19.95334281157386,0.23003035767480587,5.630118215393873,PCM Storage + DSM
2024-01-08 05:00:00,114.20877458212588,80.8,2.5,135.1680116284874,20.95923704636151,42.3925412587468,38.396618323881896,840.7350018147223,54.91623895250814,54.91540536188169,16.357369950796677,72.68669275548898,42.7657301413875,0.0,20.95923704636151,0.2314111881118798,6.370607192783717,PCM Storage + DSM
2024-01-08 06:00:00,107.3684937554181,82.5,2.5,127.05798612981812,19.689492374400018,43.38898200117521,39.39066488262199,776.0748745622188,54.9192204554288,54.91887637601065,15.375934433666018,68.3332847740852,40.20437174316795,0.0,19.689492374400018,0.2299165269982372,5.580513413873363,PCM Storage + DSM
2024-01-08 07:00:00,98.99661964254506,77.4,2.25,56.72416406178978,-42.27245558075528,44.6026747282927,37.89175048933714,413.17159187288576,50.38424195186782,50.855940427317556,6.86448017936834,63.00511411770141,0.0,0.0,0.0,0.22809598790756094,4.686569360989092,PCM Storage + DSM
2024-01-08 08:00:00,83.55054673911333,79.4,2.2,64.16328242024288,-19.38726431887045,42.30145339568489,36.842721960650515,413.17159187288576,47.84988850025103,48.132716339591845,7.764725804283155,53.17466142684191,11.89842408890543,0.0,0.0,0.23154781990647266,4.689541434906677,PCM Storage + DSM
2024-01-08 09:00:00,91.7003165896257,79.7,2.2,71.10381593880335,-20.59650065082235,38.58850866335782,32.97337997208989,413.17159187288576,45.091568712571025,45.38999962346965,8.604635136759208,58.361476707187705,13.740887238159367,0.0,0.0,0.23711723700496326,6.4471309367281835,PCM Storage + DSM
2024-01-08 10:00:00,89.15469443846045,79.1,2.2,185.5826789471483,96.42798450868786,36.19832786934003,35.8580035784146,1033.3893848509695,51.1542444971277,50.535782065989316,22.458305773868858,56.741348517822885,38.88797898730247,0.0,90.92417952328186,0.24070250819598996,6.8089618221387465,PCM Storage + DSM
2024-01-08 11:00:00,86.49076107529316,78.7,2.35,133.10305808389623,46.612297008603065,42.646252402243235,39.894882651589086,881.9386908205843,53.36639394183741,53.11110260858107,16.107479398637608,55.045922692634655,37.89046320324221,0.0,41.10849202319706,0.23103062139663516,4.740691683694256,PCM Storage + DSM
2024-01-08 12:00:00,90.40232946342421,79.1,2.25,119.7024313137655,29.300101850341292,44.29272447437495,40.80811540519473,821.5494638469421,54.27949424866874,54.17411819149061,14.485801258886228,57.53538964174122,39.355158702589364,0.0,23.79629686493529,0.22856091328843758,4.386708291910796,PCM Storage + DSM
2024-01-08 13:00:00,96.95196218184435,79.7,2.4,119.97984669393941,23.027884512095056,44.25863974955788,40.47137656056539,808.7209557364711,54.65639270730544,54.61289685779583,14.519372707847229,61.70381840570425,41.807683268989834,0.0,17.52407952668906,0.22861204037566318,4.7171434748096335,PCM Storage + DSM
2024-01-08 14:00:00,109.31097931437354,80.0,2.4,131.45924274894475,22.148263434571206,42.84822027189334,38.93603118990005,845.3027446654364,54.81196427713139,54.79401058845459,15.908552927495174,69.56955450486879,46.43554477469631,0.0,16.644458449165207,0.23072766959215998,5.907198066812482,PCM Storage + DSM
2024-01-08 15:00:00,110.74354287949157,81.5,2.3,131.87922115848252,21.13567827899095,42.79661949723827,38.832865021859334,814.0072069804834,54.87617922092727,54.86876851529128,15.959376655190734,70.48129099877158,46.97197139393271,0.0,15.631873293584949,0.2308050707541426,6.006435566288568,PCM Storage + DSM
2024-01-08 16:00:00,120.49474993907921,80.5,1.8,142.83406815549262,22.339318216413403,41.45064889866475,37.46560988626034,873.8135207490333,54.902685085792676,54.89962618469374,17.285078520044554,76.6873202126279,50.623332606667255,0.0,16.83551323100741,0.23282402665200286,7.1546284020400455,PCM Storage + DSM
2024-01-08 17:00:00,108.67141021199623,82.5,1.8,67.99325143737914,-40.67815877461709,43.18700490246867,36.47021176139281,413.17159187288576,50.35843005011425,50.83098285708174,8.228209873913308,69.16250904789321,0.014092939093103496,0.0,0.0,0.23021949264629699,5.73204839046909,PCM Storage + DSM
2024-01-08 18:00:00,98.38483694169443,79.7,1.7,68.4371312168181,-29.94770572487633,40.130358202626,34.08036912358472,413.17159187288576,46.83480396026063,47.22056725376295,8.28192602819038,62.61575295545659,6.892715705504784,0.0,0.0,0.234804462696061,6.337831939388491,PCM Storage + DSM
2024-01-08 19:00:00,85.84033906940061,78.4,1.85,69.14534964878716,-16.694989420613453,38.42087362650416,33.04976992518325,413.17159187288576,44.46417949254829,44.72647649005739,8.36763114997268,54.63197004603021,15.448116827737088,0.0,0.0,0.23736868956024376,6.090085653109408,PCM Storage + DSM
2024-01-08 20:00:00,93.80170350297911,79.9,1.9,77.83102762008595,-15.970675882893161,34.89890441211991,29.473215356157418,413.17159187288576,42.02686376967267,42.29106870191038,9.418729306543304,59.698877143276704,19.15358101845584,0.0,0.0,0.24265164338182013,7.163865257193204,PCM Storage + DSM
2024-01-08 21:00:00,110.47018991454003,80.9,2.15,235.61533555455043,125.1451456400104,30.051050341824784,30.825011444647707,1106.9355709383656,49.960429569770994,49.14596964932978,28.51301253391093,70.3073190509074,88.63853034861708,0.0,77.87242407306307,0.24992342448726282,8.436878286108886,PCM Storage + DSM
2024-01-08 22:00:00,122.59286211756384,81.4,2.3,185.31287360355861,62.720011485994775,36.23147758470428,33.8758082908582,980.100211165751,52.87362646252394,52.5374312326826,22.425655254218327,78.02263648619842,93.17789196880693,0.0,15.44728991904745,0.24065278362294357,9.36271637834381,PCM Storage + DSM
2024-01-08 23:00:00,118.86269008648654,81.2,3.15,169.49683855311844,50.6341484666319,39.684118941781655,36.91386117261782,975.3222213775747,54.99788477969675,54.76323293803201,20.51167624869826,75.64861689497108,91.78112073957628,0.0,3.3614268996845738,0.23547382158732752,7.859534714232276,PCM Storage + DSM
2024-01-09 00:00:00,115.82535713636265,79.4,3.05,136.34747810223908,20.522120965876425,42.247625752751496,38.1703366079576,876.7208050788919,54.91538705307605,54.91441028862624,16.50010319976053,85.01160587167095,35.48493399228132,0.0,20.52212096587641,0.23162856137087276,7.524738151070869,PCM Storage + DSM
2024-01-09 01:00:00,114.54722367505259,80.0,3.15,135.5145214225281,20.967297747475513,42.349967227815675,38.35193178357348,859.8471440877349,54.91886831669495,54.918466422143446,16.399302866909085,84.07350232724274,35.09335754797546,0.0,20.9672977474755,0.2314750491582765,7.390077386198526,PCM Storage + DSM
2024-01-09 02:00:00,104.2128621300756,80.8,3.35,123.32230333391581,19.109441203840206,43.84796780081748,39.84877915927168,797.2675278174422,54.92030577244795,54.92013988331154,14.923860420183066,76.48845625168765,31.92726208889441,0.0,19.10944120384019,0.22922804829877377,6.0358718369277575,PCM Storage + DSM
2024-01-09 03:00:00,96.26235202571328,76.9,3.5,113.95259149047331,17.690239464760026,44.99918028802261,40.99951519072069,853.3420358180883,54.92089910798821,54.92083063428455,13.789983838667615,70.65307056256727,29.49149730272487,0.0,17.69023946476001,0.2275012295679661,5.087368571513922,PCM Storage + DSM
2024-01-09 04:00:00,109.10589882531951,78.6,3.0,129.0650401739325,19.959141348612974,43.14238469736409,39.14252293443373,869.5606391530188,54.92114401782883,54.921115754084774,15.618818272196215,80.07976749247214,33.42632143518353,0.0,19.959141348612956,0.23028642295395385,6.658287668611245,PCM Storage + DSM
2024-01-09 05:00:00,124.45327064235573,83.7,3.05,147.12740925041697,22.67413860806124,40.92314624299163,36.92320330281092,821.6474743162698,54.921245108739406,54.92123344237428,17.8046376063146,91.34418105728273,38.128232047393986,0.0,22.674138608061224,0.23361528063551257,8.81116224246977,PCM Storage + DSM
2024-01-09 06:00:00,130.80218356294617,80.4,3.0,154.59946620596034,23.79728264301417,40.005089699091656,36.005113251551094,914.2861016600425,54.921286835818115,54.92128202031756,18.70886929872996,96.0040525764645,40.073322150976885,0.0,23.79728264301415,0.2349923654513625,9.789481572364215,PCM Storage + DSM
2024-01-09 07:00:00,114.71184091768136,79.9,2.95,64.97511422367931,-49.736726694002044,42.3320606392889,35.16162403389036,413.17159187288576,49.61753227065251,50.169209943168774,7.862969708196835,84.19432540515962,0.0,0.0,0.0,0.23150190904106666,7.409743557353156,PCM Storage + DSM
2024-01-09 08:00:00,94.07579010658809,80.5,3.0,70.02439318345284,-24.051396923135243,40.01261974191598,34.27857455215326,413.17159187288576,46.60666173625434,46.9423129333416,8.474008688016987,69.04821352022002,4.770212478628128,0.0,0.0,0.23498107038712604,7.037689555256135,PCM Storage + DSM
2024-01-09 09:00:00,81.89162794367036,75.7,3.7,63.882532273619645,-18.009095670050712,38.763780228194065,33.35476637905559,413.17159187288576,44.18261226540873,44.44842516728113,7.730750798238983,60.10548096770102,7.079702533959377,0.0,0.0,0.23685432965770892,6.576580562502568,PCM Storage + DSM
2024-01-09 10:00:00,64.33046125075062,76.6,3.85,163.7617297310075,99.43126848025689,38.8793654124392,38.86480799725388,1037.132401581865,50.79676163274615,50.11960825846412,19.817641502006946,47.216222359263554,25.22324810308008,0.0,93.91667682006927,0.2366809518813412,5.133527471863396,PCM Storage + DSM
2024-01-09 11:00:00,79.60237797761667,76.6,3.45,127.90475516036828,48.30237718275161,43.28494346743629,40.65206448924363,917.163815047044,53.21883674209388,52.93931906896797,15.478406269485102,58.425254628085504,29.90204185245265,0.0,42.78778552256399,0.23007258479884557,4.8078340209217325,PCM Storage + DSM
2024-01-09 12:00:00,82.12206922666758,78.8,3.65,111.15725934587883,29.03519011921125,45.34262961971099,41.90692951931506,793.6824958317728,54.21858737925608,54.10321146763087,13.451706449856422,60.27461650080937,30.673989203741506,0.0,23.520598459023624,0.22698605557043353,4.215861174478886,PCM Storage + DSM
2024-01-09 13:00:00,90.4856241740126,77.2,3.8,112.86447442416386,22.37885025015126,45.13287212136892,41.36579698270381,840.8102083272645,54.631252309220564,54.583628841200664,13.658305247046991,66.41316210471103,33.23629682432542,0.0,16.864258589963633,0.22730069181794663,4.72880092512517,PCM Storage + DSM
2024-01-09 14:00:00,83.82325386074612,77.8,3.95,101.66396750646157,17.840713645715454,46.50902580059977,42.60516969691716,776.1555116401976,54.80158712883988,54.78192969190791,12.302874823221027,61.52322424269585,31.19517408019209,0.0,12.32612198552783,0.22523646129910035,3.87263134916422,PCM Storage + DSM
2024-01-09 15:00:00,73.20323249026167,77.3,3.8,87.77749825223813,14.574265761976463,48.2151910568814,44.25487616711873,720.970939165461,54.8718958676446,54.86378190948907,10.622402408445753,53.72851422912397,27.941562205854538,0.0,9.05967410178883,0.2226772134146779,2.8319683938028986,PCM Storage + DSM
2024-01-09 16:00:00,80.98392657749105,75.2,3.7,96.36338918047734,15.379462602986294,47.16028296413277,43.17666370211898,820.9925486642196,54.900917055228916,54.89756787409316,11.661424826385936,59.43926112863794,30.325301163589113,0.0,9.864870942798689,0.22425957555380086,3.5091930619609175,PCM Storage + DSM
2024-01-09 17:00:00,69.17348004784407,79.7,3.55,53.274405059390496,-15.89907498845357,48.8972897214276,43.60548752042843,413.17159187288576,52.74055674928304,52.96513339941592,6.447007261305205,50.77082227923518,5.293317024845248,0.0,0.0,0.2216540654178586,2.46828758120119,PCM Storage + DSM
2024-01-09 18:00:00,76.21736432880243,75.2,3.5,50.98972615263364,-25.227638176168796,45.718267447334505,40.001861675347804,413.17159187288576,49.82442998734669,50.136902724371666,6.170526623272889,55.94077753863061,0.0,0.0,0.0,0.22642259882899823,3.7866533458739258,PCM Storage + DSM
2024-01-09 19:00:00,57.4546461305832,76.3,4.0,53.242841358666524,-4.211804771916675,45.51553952689489,40.91174342750303,413.17159187288576,48.7520346325116,48.87630912428091,6.4431875770208995,42.1696237603576,13.39033672714515,0.0,0.0,0.22672669070965767,2.9057722634492453,PCM Storage + DSM
2024-01-09 20:00:00,65.80635389646118,76.0,3.45,56.66765214462317,-9.138701751838006,43.23534933460372,38.30566958974472,413.17159187288576,47.17200869156273,47.34141939900411,6.857641384267442,48.29947396329986,11.022117795987313,0.0,0.0,0.23014697599809442,3.9889523185633546,PCM Storage + DSM
2024-01-09 21:00:00,76.25642378686211,77.1,3.2,153.46830025203332,77.2118764651712,40.14407074707057,39.01535745244974,992.054044551592,51.9415364451996,51.45232743979488,18.57198114182649,55.969445762379074,53.763071006491835,0.0,46.81116955118529,0.23478389387939413,5.660502108577995,PCM Storage + DSM
2024-01-09 22:00:00,99.38409094003194,79.3,3.0,141.87116757152836,42.48707663149642,41.56895597093321,38.556630927070124,898.2476640780044,53.691361798019265,53.48942456567151,17.168553013099665,72.94431355788024,60.84859841271846,0.0,12.086369717510507,0.23264656604360018,6.75364148509022,PCM Storage + DSM
2024-01-09 23:00:00,94.11389387097371,81.1,3.0,129.24026351835678,35.12636964738307,44.080938835823765,40.83910354286457,834.0137493935297,54.99995251934621,54.855612172556626,15.640022942104668,69.0761802995183,59.233990007914024,0.0,4.725662733397158,0.22887859174626435,5.3543963896628535,PCM Storage + DSM
2024-01-10 00:00:00,87.80439039083197,76.3,2.95,103.3490474997752,15.544657108943227,46.30198793618563,42.24290501232857,823.0283192439271,54.929900378930576,54.931307654946664,12.506794940971044,70.184612030941,28.29615199586559,0.0,15.544657108943227,0.22554701809572156,4.505014957206828,PCM Storage + DSM
2024-01-10 01:00:00,60.9320305979446,78.1,2.9,72.28954842355118,11.357517825606578,50.11812270962689,46.115276964581916,617.1623727661982,54.92485913383837,54.92544082785432,8.748126667647497,48.704750511207855,19.63617071471859,0.0,11.357517825606578,0.21982281593555966,2.0110806988582173,PCM Storage + DSM
2024-01-10 02:00:00,67.23836432839639,75.3,3.45,79.75334171240827,12.514977384011885,49.20108148364045,45.199907139677926,730.0072172811066,54.922778589216264,54.92301869382072,9.651358331642605,53.74558712813868,21.668472026523496,0.0,12.514977384011885,0.22119837777453932,2.514944727757537,PCM Storage + DSM
2024-01-10 03:00:00,70.72184379894281,76.9,3.75,83.87044538693873,13.148601587995913,48.695232292071694,44.69474756063242,710.3742295678248,54.921919807271344,54.922018914734856,10.149590029503031,56.53003394303938,22.79107038560682,0.0,13.148601587995913,0.22195715156189247,2.816812802509467,PCM Storage + DSM
2024-01-10 04:00:00,92.45318883185959,78.1,3.7,109.45594426139074,17.00275542953115,45.55166221352591,41.55146213196756,803.3620522456367,54.921565329686615,54.92160623806215,13.245821640983658,73.90053231170675,29.7942901493217,0.0,17.00275542953115,0.22667250667971114,5.076229539027972,PCM Storage + DSM
2024-01-10 05:00:00,79.86646377159236,79.6,3.45,94.64383916507737,14.777375393485002,47.3715559982643,43.37147341102783,701.5421779291094,54.92141901273291,54.921435898395494,11.453333315591918,63.839595595867806,25.73804781508098,0.0,14.777375393485002,0.22394266600260354,3.688055827729597,PCM Storage + DSM
2024-01-10 06:00:00,84.36244337527984,74.5,3.55,99.93694619500499,15.574502819725154,46.72121679778712,42.72118270843036,859.4361793806985,54.92135861779719,54.92136558765598,12.09387917281485,67.4333633195462,27.186938031959425,0.0,15.574502819725154,0.22491817480331933,4.158797532946017,PCM Storage + DSM
2024-01-10 07:00:00,69.09457085919193,79.1,3.55,52.18159213805025,-16.912978721141684,48.92914285553951,43.59317739170086,413.17159187288576,52.68644920320721,52.91891689247698,6.3147604003355795,55.2293071862508,5.353680957472083,0.0,0.0,0.22160628571669075,2.674487090926532,PCM Storage + DSM
2024-01-10 08:00:00,76.7673918598852,76.5,3.55,53.46927689807927,-23.298114961805922,45.5846168387949,39.95209274459041,413.17159187288576,49.909072560343446,50.20743441813638,6.470589695640228,61.362416962646925,1.4412150275552627,0.0,0.0,0.22662307474180765,4.202853007957475,PCM Storage + DSM
2024-01-10 09:00:00,72.23337238118383,76.0,3.6,56.27403573528261,-15.959336645901217,43.46293427345555,38.21183842967729,413.17159187288576,47.75663751382017,47.99267916288328,6.810007856565753,57.73824285658068,7.318844262525797,0.0,0.0,0.22980559858981667,4.689638330908309,PCM Storage + DSM
2024-01-10 10:00:00,85.20879565789255,78.1,3.7,159.247246328981,74.03845067108844,39.43403878474045,38.10538204691329,983.883996064648,52.17839566548962,51.72807445445501,19.271320858135642,68.1098774019545,31.4718600933748,0.0,70.02627707617067,0.23584894182288932,7.1784927889128936,PCM Storage + DSM
2024-01-10 11:00:00,93.64763715319062,78.8,3.9,133.19137658337579,39.54373943018517,42.63540112302025,39.54456718636607,879.8187864993104,53.789129611648654,53.60324416319673,16.118167270361702,74.85528971791932,34.19139086577801,0.0,35.5315658352674,0.23104689831546962,6.451597263708105,PCM Storage + DSM
2024-01-10 12:00:00,82.78591765371603,77.3,4.1,107.29702042066103,24.511102766945,45.816919045955856,42.19219098755883,814.1627190392638,54.45398594599942,54.3772584073276,12.984559264383245,66.17320029543951,30.691054897091853,0.0,20.498929172027236,0.22627462143106622,4.440121535352469,PCM Storage + DSM
2024-01-10 13:00:00,75.31112974906314,75.6,4.05,93.08768682826754,17.776557079204395,47.562753127062095,43.717653322899814,793.1542374245156,54.728417271623165,54.69674660976046,11.265015390616016,60.198384152801495,28.282203429124714,0.0,13.764383484286626,0.22365587030940687,3.408642075611644,PCM Storage + DSM
2024-01-10 14:00:00,69.44183067298789,76.9,4.4,83.9457334065774,14.503902733589513,48.685982006706126,44.7499198288983,710.7787982067824,54.84169370233907,54.8286210710494,10.158701016453684,55.5068820910673,26.39074244378474,0.0,10.49172913867174,0.2219710269899408,2.76891129874065,PCM Storage + DSM
2024-01-10 15:00:00,83.03682001263826,75.9,4.3,99.02552765661251,15.988707643974251,46.8331985129134,42.859589990887784,813.861859981076,54.88845057211906,54.88305461009033,11.983583770575182,66.37375387414123,30.77191157467464,0.0,11.976534049056486,0.22475020223062991,4.048852677546835,PCM Storage + DSM
2024-01-10 16:00:00,93.43234859447233,77.9,4.5,110.88085348319152,17.44850488871917,45.376590309855914,41.38748386371482,814.4440714137395,54.907750305150955,54.9055230254572,13.41825716775133,74.68320328919877,34.12201121684078,0.0,13.436331293801416,0.22693511453521614,5.208440812816043,PCM Storage + DSM
2024-01-10 17:00:00,107.96085176278362,79.0,4.3,61.753389438109295,-46.207462324674324,43.29482860556798,36.33584156154571,413.17159187288576,49.958168420193644,50.47291577213152,7.473092372854622,86.29625992246586,0.0,0.0,0.0,0.23005775709164802,7.096230197615097,PCM Storage + DSM
2024-01-10 18:00:00,102.45618843666276,78.6,4.5,68.24523272867535,-34.21095570798741,39.14131192471012,32.876983416819215,413.17159187288576,46.06756344818278,46.493217269353025,8.25870341415817,81.89622185847992,0.0,0.0,0.0,0.2362880321129348,8.775354484291977,PCM Storage + DSM
2024-01-10 19:00:00,102.62905882248093,76.8,4.55,71.90424813736215,-30.724810685118783,35.22570704065812,29.10105765158883,413.17159187288576,42.428392991056455,42.824264503466175,8.701499516390255,82.03440220352056,2.34879115537381,0.0,0.0,0.2421614394390128,9.844128264422467,PCM Storage + DSM
2024-01-10 20:00:00,85.54576287549645,79.0,4.4,203.0104195188899,117.46465664339345,34.05706323866713,34.71173845197816,1079.0899729157154,50.1361491460985,49.350540219977944,24.56732547833868,68.37922513421944,59.22321925964033,0.0,85.80971612417554,0.2439144051419993,8.205507016106333,PCM Storage + DSM
2024-01-10 21:00:00,101.58447792287875,75.4,4.3,159.1551324561246,57.57065453324584,39.445356383664404,37.031443669343716,1057.4660567525552,52.94615798932762,52.6218711816162,19.26017368893666,81.19943820175277,64.39191204116317,0.0,25.915714014027927,0.2358319654245034,8.552563196870615,PCM Storage + DSM
2024-01-10 22:00:00,82.90425912884936,80.2,4.35,114.29725344542092,31.39299431657156,44.956833292402045,41.611514661913944,774.7501094364318,54.106034354297584,53.97217918281192,13.83169313835413,66.26779409060661,58.11001275918797,0.0,0.0,0.22756475006139693,4.788444549467699,PCM Storage + DSM
2024-01-10 23:00:00,73.25038947967734,75.2,4.45,93.49410363324978,20.24371415357244,47.51281860306358,43.78305003021392,806.6892176752929,54.58479403808623,54.529542925538124,11.314197959429613,58.551174307603574,43.849642572952746,0.0,0.0,0.22373077209540462,3.33291366995927,PCM Storage + DSM
2024-01-11 00:00:00,68.59234746896631,73.1,4.7,84.11481235661294,15.522464887646635,48.66520807023329,44.7767509178484,822.3649864062131,54.782410647731645,54.75960476429867,10.179162121883163,47.03549757438773,19.633219601106806,0.0,15.522464887646635,0.22200218789465007,2.352186513573411,PCM Storage + DSM
2024-01-11 01:00:00,70.74058561256136,78.9,4.8,85.0349589914291,14.294373378867732,48.552153974892946,44.59819527728803,669.376421837415,54.86398043259471,54.85456689691783,10.290513755552503,48.50859849192067,20.248110806685652,0.0,14.294373378867732,0.2221717690376606,2.4587590257209166,PCM Storage + DSM
2024-01-11 02:00:00,87.55686185690789,75.4,4.7,104.16437429384602,16.607512436938137,46.201812562367266,42.22081693218175,852.2442764220317,54.897649818050446,54.893764213083614,12.60546179151309,60.039941997244725,25.06144139764562,0.0,16.607512436938137,0.2256972811564491,3.889935284585076,PCM Storage + DSM
2024-01-11 03:00:00,65.70938773815544,75.8,5.45,78.17514234421353,12.465754606058084,49.39498742763558,45.402831820675225,707.2664838308866,54.91154745819833,54.909943605355316,9.460372383039406,45.05857958820913,18.808028693013654,0.0,12.465754606058084,0.22090751885854665,2.05602638556728,PCM Storage + DSM
2024-01-11 04:00:00,91.56126841001915,74.0,5.3,108.49054502166898,16.929276611649826,45.67027628389178,41.67351419721179,914.8509172495092,54.917283957367104,54.91662193846296,13.12899375897153,62.78586427087653,26.207624552623873,0.0,16.929276611649826,0.22649458557416233,4.2680789727966095,PCM Storage + DSM
2024-01-11 05:00:00,107.89716155050573,80.3,5.0,127.67174025814556,19.774578707639833,43.313572914064515,39.31490942061319,824.6186901876276,54.91965179984706,54.91937853972139,15.450207948641397,73.98779700152772,30.883454863760193,0.0,19.774578707639833,0.23002964062890324,6.075771533462432,PCM Storage + DSM
2024-01-11 06:00:00,132.5977460231589,79.7,4.75,156.72587032575908,24.128124302600185,39.74382841203618,35.74438007898281,937.0388488103357,54.92062916911792,54.9205163761209,18.966196298168605,90.92560892836228,37.953514675413366,0.0,24.128124302600185,0.23538425738194574,9.414167456447489,PCM Storage + DSM
2024-01-11 07:00:00,115.77032233649952,79.9,4.25,65.24099852836969,-50.52932380812983,42.17832908290893,34.96391511817433,413.17159187288576,49.54332735538939,50.10265075548685,7.895145722947163,79.38662134151582,0.0,0.0,0.0,0.2317325063756366,7.059854260461998,PCM Storage + DSM
2024-01-11 08:00:00,111.35227902911572,78.0,3.8,70.15007938847894,-41.20219964063678,37.439949277457174,30.801124482939862,413.17159187288576,45.01734556897464,45.51090472923856,8.489218616228214,76.35705794361623,0.0,0.0,0.0,0.23884007608381425,8.961287558407648,PCM Storage + DSM
2024-01-11 09:00:00,99.33168565386899,79.9,3.55,78.25746320651093,-21.074222447358054,34.65234376434772,29.00191017783675,413.17159187288576,42.15793792136263,42.47546718718489,9.470334450122024,68.11423478028998,7.357532256369833,0.0,0.0,0.24302148435347842,8.173708173634797,PCM Storage + DSM
2024-01-11 10:00:00,108.26082876738785,78.2,3.5,231.94803290528475,123.6872041378969,30.50163459401284,31.23882815316734,1161.6839080427756,50.01936138286492,49.214577472175584,28.069213550461708,74.23717275740607,37.136378254043564,0.0,117.53837338468213,0.24924754810898075,8.908460730888727,PCM Storage + DSM
2024-01-11 11:00:00,95.88244601105788,79.8,3.8,153.39418792373917,57.51174191268129,40.15317658076254,37.77797397351682,924.2751654921029,52.897951685424765,52.56575023643432,18.56301243127718,65.74900441802069,33.59330798557762,0.0,51.36291115946651,0.2347702351288562,6.645971204526349,PCM Storage + DSM
2024-01-11 12:00:00,109.66504109882025,77.3,3.7,146.18792654841928,36.52288544959903,41.0385760700903,37.70923578980463,963.0912300525983,54.086136341445126,53.94901426042645,17.690946016612237,75.20007646527081,37.53830660446295,0.0,30.37405469638425,0.23344213589486454,7.201801800142876,PCM Storage + DSM
2024-01-11 13:00:00,96.47362778006666,80.8,3.65,120.99057023974167,24.516942459675008,44.134456894579884,40.41128367113423,788.3048113832657,54.57658077792308,54.51998119012153,14.64168551512673,66.15439262367752,33.76252221899296,0.0,18.368111706460233,0.22879831465813016,5.106673139476858,PCM Storage + DSM
2024-01-11 14:00:00,97.38237058707558,77.3,3.6,118.0684660098852,20.686095422809615,44.49348211697026,40.607747312838114,859.7547034272956,54.77902047791882,54.755657987242586,14.288066790202937,66.77754041890569,34.022632096395895,0.0,14.537264669594844,0.2282597768245446,5.01092702060271,PCM Storage + DSM
2024-01-11 15:00:00,79.90763310262311,77.6,3.55,95.8524685569867,15.944835454363584,47.22305738148528,43.27022238174008,753.8067416608662,54.86258107945949,54.85293779420252,11.599595717906494,54.7946734826939,29.02082983763558,0.0,9.79600470114881,0.2241654139277721,3.214346270643289,PCM Storage + DSM
2024-01-11 16:00:00,85.42967084551529,77.4,3.55,101.67198969970933,16.24231885419404,46.50804015139349,42.52750834756763,786.2427195494507,54.89707221005287,54.89309177184378,12.30384562970985,58.581273627542345,30.60140527574628,0.0,10.093488100979258,0.22523793977290976,3.6877942246824356,PCM Storage + DSM
2024-01-11 17:00:00,84.23470426199351,78.4,3.65,54.79976360300094,-29.434940658992574,46.71534317998057,40.69669334377417,413.17159187288576,51.52090994959751,51.871924324173214,6.631598672430068,57.761854990993385,0.0,0.0,0.0,0.22492698523002913,3.56436513522056,PCM Storage + DSM
2024-01-11 18:00:00,93.20131910916031,77.0,3.9,60.46033318268254,-32.74098592647777,42.042460365423466,35.88180973184618,413.17159187288576,47.83639944808229,48.23394684281866,7.316613045516869,63.910488278186214,0.0,0.0,0.0,0.2319363094518648,5.735661968916656,PCM Storage + DSM
2024-01-11 19:00:00,87.98997018755057,79.4,3.25,69.680254861331,-18.309715326219575,39.111596962220105,33.6525991766225,413.17159187288576,45.31638869424174,45.59470431950756,8.432362755807334,60.3369352710878,6.8756948708671715,0.0,0.0,0.23633260455666985,6.475988497161935,PCM Storage + DSM
2024-01-11 20:00:00,98.65247675540884,77.5,3.4,73.41948679838816,-25.232989957020678,35.04961171070662,29.172581847649205,413.17159187288576,42.12083993328608,42.46456606951255,8.884866268949105,67.64848415832039,3.0043544669813684,0.0,0.0,0.24242558243394008,8.117818098998447,PCM Storage + DSM
2024-01-11 21:00:00,107.68018315603565,79.3,3.7,231.56653419833071,123.88635104229506,30.548507548340186,31.304777033015487,1134.719860568043,50.00895054733713,49.20245778938759,28.023046447681875,73.83900946001067,76.61205445835206,0.0,78.09564562067555,0.24917723867748973,8.860681135201279,PCM Storage + DSM
2024-01-11 22:00:00,111.65844265625793,81.3,3.2,172.0477895987202,60.389346942462254,37.86129615387218,35.489544388814,946.1783692660608,52.89365449269952,52.560747518998205,20.820379835268483,76.56700204194773,77.75075353018939,0.0,14.598641520842733,0.23820805576919174,8.79235905880021,PCM Storage + DSM
2024-01-11 23:00:00,124.59195758941964,78.0,3.75,176.07736718725732,51.48540959783769,38.8756002954656,36.0987040816584,1075.1192170244078,55.00615170683374,54.77285715161128,21.308019555399202,85.43583847508289,81.45271954049173,0.0,5.69470417621811,0.2366865995568016,9.290839713686644,PCM Storage + DSM
2024-01-12 00:00:00,120.72886511457487,82.2,3.45,142.0517841134527,21.322918998877824,41.54676446473394,37.46673518335609,834.7421670122757,54.91879937489079,54.91838285465978,17.19041034132323,89.8720348253651,37.51373933982838,0.0,21.322918998877814,0.2326798533028991,8.332882333140006,PCM Storage + DSM
2024-01-12 01:00:00,138.76738329119038,80.3,3.4,163.99467459045195,25.227291299261566,38.85074457163817,34.851578087084846,945.1783992516368,54.920276813464575,54.920106169719766,19.84583134661709,103.30012704033167,43.118797155224165,0.0,25.227291299261555,0.23672388314254275,11.24892234862324,PCM Storage + DSM
2024-01-12 02:00:00,116.92725664693509,81.7,3.65,138.27610093183114,21.348844284896046,42.01066492389856,38.01100942526513,832.2888524433466,54.920887154643964,54.92081671840791,16.733495677308383,87.0420712680014,36.33247627575683,0.0,21.348844284896035,0.23198400261415217,7.828216631723848,PCM Storage + DSM
2024-01-12 03:00:00,91.15719580043852,77.0,4.35,107.93892250820424,16.781726707765728,45.73805155129966,41.738193750397194,824.8268918968038,54.921139083872525,54.92111001005818,13.062239107355206,67.85852470148504,28.325018039074696,0.0,16.781726707765728,0.2263929226730505,4.585315241957898,PCM Storage + DSM
2024-01-12 04:00:00,66.47035974778883,74.6,4.1,78.87965247707038,12.409292729281546,49.30842757650473,45.30848627172176,745.0577447263482,54.921243072160806,54.921231071424714,9.545628744647345,49.48134383967334,20.65414718374702,0.0,12.409292729281546,0.2210373586352429,2.283536038528315,PCM Storage + DSM
2024-01-12 05:00:00,63.449655556324174,76.7,3.7,75.32333773731378,11.873682180989604,49.74537526553155,45.74539949303065,667.5703546707886,54.921285995183936,54.92128104166579,9.11526097376116,47.23269491851601,19.715532300274123,0.0,11.873682180989604,0.22038193710170267,2.0559328609888112,PCM Storage + DSM
2024-01-12 06:00:00,70.40458390672885,77.0,3.65,83.50916825289191,13.104584346163065,48.73962071671119,44.73963071704409,705.922375584191,54.92130371242829,54.92130166777521,10.105870042316935,52.4100281297766,21.87661754709275,0.0,13.104584346163065,0.22189056892493322,2.5975602635987434,PCM Storage + DSM
2024-01-12 07:00:00,57.05789340909417,76.3,3.75,44.32837772485246,-12.729515684241711,50.669790246262494,45.6170410279704,413.17159187288576,53.160182489819,53.3433680329835,5.36440290145726,42.47458947499887,4.999922413243279,0.0,0.0,0.21899531463060626,1.6132383634838054,PCM Storage + DSM
2024-01-12 08:00:00,70.28644948924,73.9,3.9,46.53213356897452,-23.754315920265476,46.99560139862491,41.3833158316576,413.17159187288576,50.426490996923086,50.71830150870887,5.631090627267807,52.32208743330309,0.0,0.0,0.0,0.22450659790206262,3.1407061100325744,PCM Storage + DSM
2024-01-12 09:00:00,61.616590275945335,79.3,4.0,58.43114724901774,-3.1854430269275937,45.51571469545964,40.92004248296177,413.17159187288576,49.37180667528058,49.49339730972394,7.071050914240296,45.86813884024069,15.960506075030523,0.0,0.0,0.22672642795681053,3.160576756977558,PCM Storage + DSM
2024-01-12 10:00:00,88.00941782472053,74.2,4.1,149.3978183535609,61.388400528840364,40.64419173998493,38.70046233721234,1063.5975478976916,52.78744839264307,52.437118026878544,18.079391382687785,65.51528051056378,30.043694212048266,0.0,58.69162419424703,0.2340337123900226,6.4293321967913,PCM Storage + DSM
2024-01-12 11:00:00,97.67926989080507,79.0,4.15,132.97966451680435,35.300394625999274,42.66141319028566,39.36870297655996,874.2144388339442,54.04052623093216,53.89591575887334,16.092546914226887,72.7136359396033,33.04838003856982,0.0,32.603618291405944,0.23100788021457153,6.2556646870198,PCM Storage + DSM
2024-01-12 12:00:00,107.02161918350504,81.2,4.15,133.77712415557673,26.75550497207169,42.563433069921615,38.85537766845095,827.1496713847811,54.557754390286654,54.49806383527659,16.18905156924897,79.66819432286515,35.95130185312821,0.0,24.058728637478357,0.23115485039511757,6.9008113172432015,PCM Storage + DSM
2024-01-12 13:00:00,102.46512392524998,76.1,4.1,124.20426205059641,21.73913812534643,43.73960567562014,39.860111022471806,916.9031607201414,54.77124955020173,54.74661120760864,15.030590739259788,76.276283861826,34.53547494827719,0.0,19.042361790753095,0.2293905914865698,6.068721609636867,PCM Storage + DSM
2024-01-12 14:00:00,80.74138716610307,78.1,4.1,96.89707210200139,16.15568493589832,47.094711850129244,43.14445258414535,746.5788086836421,54.85937349026338,54.84920357434231,11.72600851655506,60.10487013485791,27.785319569144892,0.0,13.458908601304987,0.22435793222480613,3.572136347377973,PCM Storage + DSM
2024-01-12 15:00:00,95.44335022169962,77.0,3.9,113.48452687311617,18.04117665141655,45.05668918918455,41.07722056546869,848.7064449602783,54.895748220327874,54.89155040590707,13.733340953899638,71.04919015708175,32.353619033635205,0.0,15.344400316823213,0.22741496621622317,5.091375365416541,PCM Storage + DSM
2024-01-12 16:00:00,83.46203868412974,79.3,3.75,99.08607463341542,15.624035949285684,46.825759390246375,42.83423408247716,728.910817874473,54.910762539777714,54.90902981690683,11.990910868806749,62.13015619833353,28.630699932696743,0.0,12.927259614692346,0.22476136091463045,3.7927629497005246,PCM Storage + DSM
2024-01-12 17:00:00,88.07315468196013,76.3,3.4,52.104130796315616,-35.96902388564452,46.17393020257007,39.83218753906785,413.17159187288576,50.993656933633545,51.4010298840908,6.305386408602084,65.56272700190668,0.0,0.0,0.0,0.2257391046961449,4.258719951794914,PCM Storage + DSM
2024-01-12 18:00:00,93.05457646454252,78.8,2.95,64.44869851754162,-28.605877947000906,41.536428758729606,35.5747093911411,413.17159187288576,47.63069445440606,47.997091165620695,7.799265460797893,69.27095793325194,0.30870782795930296,0.0,0.0,0.2326953568619056,6.4270583577113145,PCM Storage + DSM
2024-01-12 19:00:00,102.584825624249,81.2,2.75,76.79965240830974,-25.785173215939267,36.79523489767723,30.87868849881565,413.17159187288576,44.35147293568736,44.70749015448727,9.293917335916156,76.36539126170825,6.090719968657869,0.0,0.0,0.23980714765348415,9.16384695140499,PCM Storage + DSM
2024-01-12 20:00:00,88.31311975268893,78.1,3.55,73.5399905500581,-14.773129202630827,35.57993768720448,30.271321177734965,413.17159187288576,42.09131434152793,42.34090944468658,8.899449042068103,65.74135991767992,12.668157117300531,0.0,0.0,0.24163009346919329,7.88896319012159,PCM Storage + DSM
2024-01-12 21:00:00,88.85922237005911,75.4,3.5,209.65395173692852,120.7947293668694,33.240803637908094,33.98811259743505,1187.9864987583446,49.9832080429098,49.17248761681437,25.3712931698157,66.14788534471792,66.08042103041095,0.0,82.32528358058687,0.24513879454313786,7.93774624136615,PCM Storage + DSM
2024-01-12 22:00:00,79.55294488969236,81.1,2.95,134.46807879745901,54.91513390776666,42.47853871830034,40.11531925358503,831.7470596478794,52.88302863295668,52.54837707686588,16.27266751181054,59.22017925706198,63.188707708238326,0.0,16.445688121484153,0.23128219192254948,5.159781241060432,PCM Storage + DSM
2024-01-12 23:00:00,96.13732856741969,76.7,2.95,142.6718149269821,46.53448635956242,42.97998360485487,40.20660941398409,1010.7673034695081,55.0017656934554,54.76775103070139,17.26544342996309,71.56579607394691,68.34192641701642,0.0,8.065040573279859,0.23053002459271768,6.02012180573009,PCM Storage + DSM
2024-01-13 00:00:00,89.22300574667106,79.4,2.75,105.00404710990784,15.781041363236781,46.098645907173534,42.020070403664604,753.2600263203368,54.91698896953914,54.9162752120641,12.70707487825214,61.74786873045186,32.37150421823417,0.0,15.781041363236781,0.2258520311392397,4.038812289048136,PCM Storage + DSM
2024-01-13 01:00:00,100.71542757410768,79.3,3.45,119.22100360047162,18.50557602636394,44.3518752363718,40.35330882459689,814.947575278894,54.91952953632368,54.91923620259805,14.427541237775921,69.70133934553493,36.541134893094856,0.0,18.50557602636394,0.22847218714544232,5.289547417405879,PCM Storage + DSM
2024-01-13 02:00:00,122.44833339173933,78.8,3.25,144.78067229011805,22.332338898378737,41.21147879131569,37.21207098343824,920.1446910507583,54.92057870265842,54.92045762394167,17.520647006953535,84.74186173466617,44.426173583087625,0.0,22.332338898378723,0.23318278181302646,8.027692087567019,PCM Storage + DSM
2024-01-13 03:00:00,126.3435317193092,83.9,2.55,149.35690992786328,23.013378208554087,40.6492179661146,36.6494624039952,824.958556314119,54.92101176480686,54.92096178740419,18.07444084561042,87.43758121863833,45.839412557011016,0.0,23.013378208554087,0.2340261730508281,8.578036992456644,PCM Storage + DSM
2024-01-13 04:00:00,125.66359121815083,81.0,2.4,148.55307286043566,22.889481642284835,40.74798165118446,36.74808254728509,881.6470399334453,54.921190518942666,54.92116988987716,17.97716442544515,86.96702010652727,45.592719491504006,0.0,22.889481642284835,0.23387802752322331,8.480337639078547,PCM Storage + DSM
2024-01-13 05:00:00,108.57985638416046,79.4,2.4,128.44349909304134,19.863642708880874,43.21875053076308,39.218792177430544,848.0653976168038,54.9212643029046,54.92125578788941,15.543602418406058,75.14401316871805,39.394472866503406,0.0,19.863642708880874,0.23017187420385538,6.213470349586365,PCM Storage + DSM
2024-01-13 06:00:00,103.43103575167265,80.4,2.7,122.38256700365775,18.951531251985102,43.96342879002928,39.963445980435026,802.38505782067,54.92129475855259,54.921291243827994,14.810138137632336,71.5807090873224,37.526400081590204,0.0,18.951531251985102,0.22905485681495608,5.59900206766246,PCM Storage + DSM
2024-01-13 07:00:00,104.68930906052813,79.8,2.65,62.29531620707403,-42.3939928534541,43.78149214994704,37.019983645831964,413.17159187288576,50.3016270004109,50.7821484257761,7.538673693016084,72.45151246871531,0.0,0.0,0.0,0.22932776177507944,5.746205317895539,PCM Storage + DSM
2024-01-13 08:00:00,101.21808844265554,79.3,2.75,68.55221109578665,-32.665877346868896,39.66382020625025,33.4711381610738,413.17159187288576,46.53770368628686,46.948786430082635,8.295852430831822,70.04921192690878,4.057630783827243,0.0,0.0,0.23550426969062463,7.286314394252221,PCM Storage + DSM
2024-01-13 09:00:00,94.5441431660243,79.5,2.85,73.73867641813275,-20.805466747891543,36.865059572208594,31.24605159861189,413.17159187288576,43.74731590132877,44.05430651767314,8.923493031536742,65.43042674469112,13.496629484979202,0.0,0.0,0.23970241064168712,7.851651209362934,PCM Storage + DSM
2024-01-13 10:00:00,93.67867955950436,78.0,3.1,201.8484244568227,108.16974489731834,34.19983211436726,34.35320948450541,1100.906319465105,50.63418752669572,49.930343802923204,24.42670653394321,64.83147210603985,40.52054001014982,0.0,101.63729736557335,0.24370025182844912,7.779776652724783,PCM Storage + DSM
2024-01-13 11:00:00,85.73789763492049,78.3,3.7,136.44965370957718,50.71175607465669,42.23507191576901,39.65607969181076,903.8328947454904,53.15173160516003,52.86119642929209,16.512467990727274,59.33595717922241,37.63949993067082,0.0,44.1793085429117,0.2316473921263465,5.2565468433613685,PCM Storage + DSM
2024-01-13 12:00:00,72.49908928920533,77.4,3.45,100.37686316269873,27.877773873493396,46.667166266137436,43.25370867951649,780.2464281073746,54.19088853556009,54.07096495290888,12.147115767046753,50.17387848620181,32.836252868758194,0.0,21.345326341748404,0.22499925060079384,3.1106300650856835,PCM Storage + DSM
2024-01-13 13:00:00,82.70518361425177,75.2,3.35,103.93208021373316,21.226896599481393,46.23035344496836,42.47245930108979,857.0520522979681,54.619819116811804,54.57031851635914,12.577350701026461,57.23713047328351,36.539183774639085,0.0,14.6944490677364,0.22565446983254747,3.6985419901289656,PCM Storage + DSM
2024-01-13 14:00:00,83.16386300421853,81.2,2.8,100.98089742588594,17.817034421667415,46.59295141320495,42.692884929083775,697.068470408976,54.79686787448796,54.776435617620685,12.220213031605669,57.5545651362834,36.705599842814195,0.0,11.284586889922423,0.22511057288019257,3.5938389345909703,PCM Storage + DSM
2024-01-13 15:00:00,101.1280517108294,77.9,3.05,120.6843407122955,19.556289001466098,44.17208187834005,40.2133312217301,854.7953743718114,54.869947911129756,54.861514132208434,14.604627119357305,69.98690090912592,43.22328892565374,0.0,13.023841469721106,0.22874187718248992,5.386717406705973,PCM Storage + DSM
2024-01-13 16:00:00,82.51551200837177,78.9,3.2,98.181970112445,15.666458104073229,46.93684246640396,42.953868869559614,733.8086774997294,54.900113001388895,54.89663180852039,11.881500573090124,57.10586592639048,36.470367944703284,0.0,9.134010572328236,0.22459473630039406,3.447991949458091,PCM Storage + DSM
2024-01-13 17:00:00,79.51166618433524,76.7,3.7,50.6729688259578,-28.838697358377438,47.40141325912412,41.44711209713548,413.17159187288576,51.63149869382575,51.971346644518114,6.132194204865323,55.02701780782612,0.009380732525350766,0.0,0.0,0.2238978801113138,3.169089621120844,PCM Storage + DSM
2024-01-13 18:00:00,68.46585487653094,76.7,3.7,53.56338303483414,-14.902471841696801,45.73020564335003,40.56363738044925,413.17159187288576,49.61219427732721,49.83607796730073,6.481977958846839,47.38262944691183,9.938012867296788,0.0,0.0,0.22640469153497494,3.2039549396642606,PCM Storage + DSM
2024-01-13 19:00:00,83.70667194328593,76.4,3.55,60.349007993727476,-23.35766394955845,41.50682743884771,35.8174111520475,413.17159187288576,46.741355847411796,47.04908962586059,7.303141017049176,57.93022267925404,7.012427948040777,0.0,0.0,0.23273975884172843,5.385137618853966,PCM Storage + DSM
2024-01-13 20:00:00,102.23900039123053,79.9,3.5,76.00290099347907,-26.23609939775146,35.95590832927563,30.010340913765745,413.17159187288576,43.425285092981085,43.782745768764805,9.197498386682613,70.75574648555101,10.85781158110219,0.0,0.0,0.24106613750608655,8.490689578266121,PCM Storage + DSM
2024-01-13 21:00:00,113.64411090604625,81.1,2.9,227.9694020117003,114.32529110565406,30.9904702853559,31.27228614405288,1086.818466827794,50.51695325459717,49.79386307338066,27.587739149529458,78.64879224243433,87.58588549824297,0.0,67.97126934912106,0.24851429457196617,9.437855069092118,PCM Storage + DSM
2024-01-13 22:00:00,103.90642236567552,79.4,2.65,158.7887751249945,54.88235275931896,39.490368988259206,36.9502352557148,950.479735769537,53.103341275520016,52.80486124455468,19.21583892121105,71.90970618837287,84.05289954890759,0.0,8.528331002785933,0.2357644465176112,7.554674529126613,PCM Storage + DSM
2024-01-13 23:00:00,81.00734243362935,79.0,2.25,121.82828733874717,40.82094490511783,45.38834205259289,42.486239970361,865.8825345093628,54.999518359015624,54.79012694720518,14.743061930577776,56.06211878802497,70.21167776995422,0.0,0.0,0.22691748692111066,3.90584488304071,PCM Storage + DSM
2024-01-14 00:00:00,91.60112074132395,77.2,2.1,107.8214578707578,16.220337129433844,45.75248387960312,41.67990093603154,819.0673745567318,54.9198557391658,54.91961298995414,13.048024112936789,53.18041383889482,34.19623770154605,7.486093281615107,19.463408720943786,0.22637127418059533,3.588885371654081,PCM Storage + DSM
2024-01-14 01:00:00,93.73132467451222,82.9,1.1,110.97715170723761,17.245827032725387,45.36475859935405,41.36524204492568,706.3096451857468,54.920712897435706,54.92061385114046,13.4299107066127,54.41713589874934,34.99147862723062,7.660184004781516,20.564316957591252,0.22695286210096893,3.7989390750822327,PCM Storage + DSM
2024-01-14 02:00:00,102.0579745579916,80.5,0.95,120.77091661586705,18.712942057875452,44.161444703691785,40.161644661672966,793.9542563963399,54.92106715609174,54.92102627297993,14.615104110669693,59.25129822243423,38.09995695553732,8.340678711031932,22.32623101435818,0.22875783294446234,4.564206411640622,PCM Storage + DSM
2024-01-14 03:00:00,96.35768289480579,80.0,0.8,114.05860216787454,17.70091927306875,44.98615525399376,40.986237790226994,778.1960447150481,54.92121338268474,54.92119650745021,13.802812731007561,55.94190782199706,35.97194228601259,7.874822892045529,21.112393515860326,0.22752076711900937,4.032464372213189,PCM Storage + DSM
2024-01-14 04:00:00,99.44620514948768,82.0,0.75,117.69270450547344,18.246499355985762,44.53965016816733,40.53968423647158,750.548031012665,54.92127374032247,54.921266774768036,14.242593975541546,57.73499605416453,37.124939545356945,8.127232093087786,21.767320500898663,0.228190524747749,4.316389490246214,PCM Storage + DSM
2024-01-14 05:00:00,95.72204519190967,81.2,0.9,113.30875425646155,17.586709064551883,45.078285545036536,41.07829960733754,749.3692803702756,54.92129865401535,54.92129577885837,13.71206981375931,55.57287875534318,35.734648049824344,7.822875458447752,20.975679013072035,0.2273825716824452,3.9751439517690406,PCM Storage + DSM
2024-01-14 06:00:00,84.0724503356044,79.1,0.9,99.59659442959433,15.524144093989932,46.76303422066307,42.76304002512896,735.7766435796761,54.921308937587035,54.92130775081464,12.05269147113044,48.80953055064937,31.385658522088075,6.870813375783934,18.50066854156721,0.2248554486690054,2.9979689637149867,PCM Storage + DSM
2024-01-14 07:00:00,90.52277627678336,79.8,0.55,58.75196554668505,-31.77081073009831,45.830220872223244,39.65768420002298,413.17159187288576,51.286919084273215,51.66495546720648,7.109874771443675,52.55436467682076,12.625722123421006,0.0,0.0,0.22625466869166513,3.5221238738443232,PCM Storage + DSM
2024-01-14 08:00:00,97.97086741846515,82.7,0.65,71.91634274272116,-26.05452467574399,41.118714064868115,35.2259773372876,413.17159187288576,48.045206904984205,48.3977966439325,8.702963146223105,56.87846645656847,21.99489462987246,0.0,0.0,0.23332192890269782,5.419819136091429,PCM Storage + DSM
2024-01-14 09:00:00,113.77474104757361,80.6,0.9,77.84383239770897,-35.93090864986465,35.5915008220683,29.127773025982425,413.17159187288576,43.85337092476798,44.30375269693401,9.420278877941104,66.05364393312995,19.869457142879504,0.0,0.0,0.24161274876689756,7.926437271975594,PCM Storage + DSM
2024-01-14 10:00:00,113.7321092954862,82.8,0.75,224.58879088162038,110.85668158613419,31.405830097094025,31.550506706647077,1043.9386986760267,50.69709011718714,50.00357559574077,27.178634167897513,66.0288934257089,46.6260928944534,11.059236050280651,108.95080986218042,0.24789125485435898,7.923467211085068,PCM Storage + DSM
2024-01-14 11:00:00,131.64421628598922,83.2,0.05,189.97093976568252,58.3267234796933,35.65916287303919,33.05932145545427,954.5993237363589,53.177696028583384,52.8914237619556,22.98935157963716,76.42803761491069,53.31298344148616,12.523101368914062,57.05501698051917,0.2415112556904412,9.171364513789282,PCM Storage + DSM
2024-01-14 12:00:00,122.85749740377845,85.2,-0.3,159.43904476482314,36.581547361044684,39.41047341175383,35.988409717290565,831.819900628904,54.201605815029744,54.0834418242899,19.294531364329053,71.32677528689209,50.03275362463426,11.805007565484384,34.998753419283986,0.23588428988236926,7.5276252621758895,PCM Storage + DSM
2024-01-14 13:00:00,124.95506576393315,81.9,-0.3,153.5743559587156,28.619290194782465,40.13104018050545,36.369593711915556,878.3463858213397,54.62424286531265,54.575468567845924,18.584815483389225,72.54455027201926,50.81581114247458,11.97643114940565,27.110759147460335,0.23480343972924184,7.342506621971972,PCM Storage + DSM
2024-01-14 14:00:00,123.33895684188934,84.0,-0.45,148.2323019661899,24.893345124300566,40.78739326438643,36.88586049479969,819.4701974653856,54.79869385568533,54.778561393346536,17.938346304771397,71.60629383380684,50.212490523659625,11.844354794381179,23.32759690658303,0.23381891010342035,6.965548090333807,PCM Storage + DSM
2024-01-14 15:00:00,128.2895005959917,85.4,-1.0,152.63939949629207,24.34989890030036,40.24591388980616,36.286557997683985,807.5517598963824,54.87070161747914,54.86239158410347,18.471671637005038,74.48040676430455,52.060611699439264,12.248937533522366,22.95942111248067,0.23463112916529075,7.487106890708532,PCM Storage + DSM
2024-01-14 16:00:00,143.9478762252105,83.8,-1.45,170.48375286749163,26.535876642281124,38.053462001181344,34.07023858257037,890.2777915304991,54.900424107145014,54.89699399246045,20.63110777954233,83.5711131799855,57.9061464560386,13.528616861135868,25.69977234641591,0.23791980699822798,9.50029962880902,PCM Storage + DSM
2024-01-14 17:00:00,125.43735268905468,89.3,-3.25,83.95149780780649,-41.48585488124819,40.76011182023972,33.873885547613604,413.17159187288576,50.07280204558996,50.57481457214797,10.159398596023827,72.82454922901324,20.03439205296343,0.0,0.0,0.2338598322696404,7.095975217323735,PCM Storage + DSM
2024-01-14 18:00:00,124.496099640863,82.1,-1.5,79.6129583404147,-44.88314130044829,36.06861049042176,29.147820351787363,413.17159187288576,45.086556225982285,45.625656031443,9.634369824354724,72.27809055880428,16.175471848363898,0.0,0.0,0.24089708426436734,8.673370867056514,PCM Storage + DSM
2024-01-14 19:00:00,106.23609790911613,83.9,-1.75,86.78283415920403,-19.453263749912097,33.72306241093965,28.100011378331228,413.17159187288576,42.26387389925305,42.57943809754162,10.502033037390333,61.676970824303545,32.64980472680482,0.0,0.0,0.24441540638359052,7.4012364989164245,PCM Storage + DSM
2024-01-14 20:00:00,120.18613933144105,87.2,-5.3,100.65901170435016,-19.52712762709089,29.0,25.0,413.17159187288576,39.29199463023675,39.613972670321836,12.181260000000002,69.7758780200349,39.417682760198055,0.0,0.0,0.2515,8.373105362404187,PCM Storage + DSM
2024-01-14 21:00:00,129.49089447812662,86.5,-3.55,244.16982827010347,114.67893379197685,29.0,26.35233969828894,1014.4366450075967,48.90850612043907,47.92134534327624,29.548235294117646,75.17789412383013,81.25117008621105,27.676482825697597,69.2595711400986,0.2515,9.021347294859616,PCM Storage + DSM
2024-01-14 22:00:00,145.7866434624304,86.7,-2.95,221.1743175225082,75.38767406007781,31.825350401871606,29.81835064938193,962.8612560592709,52.43942730165522,52.031944080063894,26.76543134535658,84.63863726525187,87.3346470271278,29.008251432926524,30.54525064393902,0.24726197439719258,10.156636471830225,PCM Storage + DSM
2024-01-14 23:00:00,148.89083369656407,89.1,-3.45,210.85872157131928,61.967887874755206,34.90735442214658,32.392422447404314,929.5055604784561,55.00503194613551,54.72156909680245,25.517088507405298,86.44082177947924,88.49349340649722,29.261941098167924,17.235366074245984,0.24263896836678012,10.372898613537508,PCM Storage + DSM
2024-01-15 00:00:00,155.4480370914585,86.6,-2.9,182.92650741512628,27.47847032366778,36.524679190161336,32.434525734775306,872.6772978996369,54.910748379561205,54.90900935660094,22.136868919996385,60.03694592476413,38.605146622920046,8.451272660224308,60.21808857573957,0.240212981214758,7.204433510971696,PCM Storage + DSM
2024-01-15 01:00:00,141.57547075211477,90.5,-6.35,167.3654130764657,25.789942324350932,38.43659776530733,34.44009970470195,767.951768393828,54.91695351985764,54.91623724877689,20.25374158927612,54.67910075195656,35.15992809467671,7.697060237703561,55.60779627096909,0.237345103352039,6.090180846539136,PCM Storage + DSM
2024-01-15 02:00:00,133.45457040997061,87.9,-5.65,157.7563421507922,24.30177174082158,39.61721917874141,35.61866521133297,780.5402959642194,54.91951540585568,54.91921975219584,19.090898945361992,51.542656806930395,33.143122001241494,7.255549721893128,52.409245922988354,0.2355741712318879,5.37572823732134,PCM Storage + DSM
2024-01-15 03:00:00,143.51999257158744,85.3,-3.25,169.5828245622409,26.06283199065345,38.164154830631276,34.16475170641539,859.4712266428534,54.92057287006213,54.92045083373396,20.522081853877054,55.43011153028192,35.64284541776934,7.802778421075991,56.29023052363975,0.2377537677540531,6.264437991031382,PCM Storage + DSM
2024-01-15 04:00:00,165.2970552237734,93.0,-7.05,195.2065382647251,29.9094830409517,35.01588947564987,31.016135846789357,804.2408645191136,54.92100935729858,54.92095898462469,23.622938036454038,63.84082135532949,41.051126618576795,8.986736080857364,64.72344780677204,0.2424761657865252,7.660898562639539,PCM Storage + DSM
2024-01-15 05:00:00,175.89891397097617,92.5,-5.9,207.6817228238549,31.78280885287873,33.483122141432446,29.48322383552021,840.6647228424878,54.92118952520064,54.921168732979886,25.132623697873836,67.93545794397492,43.68407277260538,9.563129328750732,68.82967931915246,0.24477531678785133,8.15225495327699,PCM Storage + DSM
2024-01-15 06:00:00,173.7277782160068,88.3,-4.5,205.12475810566303,31.396979889656222,33.79728438698597,29.797326363036852,899.0849257566803,54.92126389271983,54.92125531035938,24.8231923661357,67.096924615698,43.14487642296257,9.445090782938717,67.98657757770053,0.24430407341952104,8.051630953883759,PCM Storage + DSM
2024-01-15 07:00:00,152.8269238141563,90.3,-3.85,92.49565683967275,-60.33126697448354,36.819967393676414,28.871680532852622,413.17159187288576,48.316261038448395,49.003289821229224,11.193370824503527,59.02462284216715,18.119276224663214,0.0,0.0,0.2397700489094854,7.082954741060057,PCM Storage + DSM
2024-01-15 08:00:00,153.2265748370267,87.1,-4.25,98.48469333698938,-54.74188150003732,30.157168402885564,25.0,413.17159187288576,42.23929084188868,42.899380075676504,11.918134653276052,59.17897555898358,23.91381429298356,0.0,0.0,0.24976424739567166,7.10147706707803,PCM Storage + DSM
2024-01-15 09:00:00,151.70034170234499,88.4,-4.55,102.73445524464606,-48.96588645769893,29.0,25.0,413.17159187288576,39.490495481169916,39.80330238394616,12.432420000000002,58.58951571188652,28.90634909496589,0.0,0.0,0.2515,7.030741885426382,PCM Storage + DSM
2024-01-15 10:00:00,180.41738593496376,92.6,-7.55,244.16982827010347,63.752442335139705,29.0,25.0,917.1400485524656,48.984100524566685,48.00935048242848,29.548235294117646,69.68057651890348,47.85926922476961,11.586413736900912,96.92029615040286,0.2515,8.361669182268416,PCM Storage + DSM
2024-01-15 11:00:00,187.24689163301633,94.5,-6.6,244.1698282701035,56.92293663708716,29.0,25.0,890.5359860753712,52.47063015719414,52.06826990475678,29.54823529411765,72.31825964413723,49.55536056029587,11.95771475728523,91.52918371603008,0.2515,8.678191157296467,PCM Storage + DSM
2024-01-15 12:00:00,168.12562309253295,90.4,-5.3,218.47592557653732,50.350302484004374,32.156889146656965,28.969187873630478,896.1068572221169,53.909751749151276,53.743670369014865,26.438885184022105,64.93326729005254,44.80663944786858,10.918145155322893,80.92933220964963,0.24676466628001456,7.791992074806305,PCM Storage + DSM
2024-01-15 13:00:00,160.13204908236037,87.4,-5.6,197.354223142012,37.22217405965162,34.752013521871774,31.087304328190516,895.4996778611518,54.50377488740413,54.43522183170807,23.88284032881053,61.84599916126958,42.821454543138564,10.48355701414293,66.11764079885174,0.24287197971719235,7.421519899352349,PCM Storage + DSM
2024-01-15 14:00:00,178.69386060988924,92.3,-5.65,214.3673360864921,35.673475476602846,32.661692240366854,28.80008950862813,858.6853930231244,54.74896854636787,54.72067204834138,25.941683831017507,69.01491872947395,47.43123585022355,11.492710511491662,68.4783297825347,0.24600746163944973,8.281790247536874,PCM Storage + DSM
2024-01-15 15:00:00,195.7099711495402,95.0,-6.5,232.40022916528787,36.69025801574767,30.446075363389618,26.503201307499083,860.0321313848142,54.850176608014856,54.8384967231077,28.123936124435552,75.5868596007361,51.65714602976826,12.41782859260643,73.07895277169084,0.24933088695491556,9.070423152088331,PCM Storage + DSM
2024-01-15 16:00:00,184.03168515284952,91.7,-6.75,217.83076985868706,33.799084705837544,32.236156399587564,28.259736153230087,875.1188222249516,54.89195204293282,54.887130961846516,26.36081160266505,71.07648662983306,48.75687175392532,11.78291302204799,67.72816252145732,0.24664576540061867,8.529178395579967,PCM Storage + DSM
2024-01-15 17:00:00,177.64318215655527,90.9,-7.0,99.79110471721259,-77.85207743934268,33.20181484793204,25.0,413.17159187288576,46.64196377154509,47.49990211965244,12.076230152327826,68.60912701497314,13.337379156366346,0.0,0.0,0.24519727772810193,8.233095241796777,PCM Storage + DSM
2024-01-15 18:00:00,198.05520685151143,94.1,-7.15,112.59281206105146,-85.46239479045997,29.0,25.0,413.17159187288576,41.96778067995721,42.48891846386585,13.62543,76.49263359219046,16.20515287159151,0.0,0.0,0.2515,9.179116031062854,PCM Storage + DSM
2024-01-15 19:00:00,213.61872104553547,96.0,-7.15,115.87893099985328,-97.73979004568218,29.0,25.0,413.17159187288576,40.350375940809094,40.53983977695885,14.023100000000001,82.5035545246701,11.916966010654328,0.0,0.0,0.2515,9.90042654296041,PCM Storage + DSM
2024-01-15 20:00:00,191.32892062329927,94.1,-7.15,112.59281206105146,-78.73610856224781,29.0,25.0,413.17159187288576,39.42615426157245,39.53000582549548,13.62543,73.89481576114208,19.478639062044184,0.0,0.0,0.2515,8.86737789133705,PCM Storage + DSM
2024-01-15 21:00:00,181.04406174426282,89.5,-6.9,244.16982827010347,63.125766525840646,29.0,25.0,964.1340014535009,48.92742210526138,47.94336379350521,29.548235294117646,69.92261046400314,96.39677221230512,21.533708722049724,38.13051344498045,0.2515,8.390713255680378,PCM Storage + DSM
2024-01-15 22:00:00,180.9820408627817,94.0,-7.2,244.16982827010347,63.187787407321764,29.0,25.0,897.3862628913355,52.44723472453838,52.041033346695954,29.548235294117646,69.8986568369432,96.3813694753645,21.592357702606037,38.11745094498791,0.2515,8.387838820433185,PCM Storage + DSM
2024-01-15 23:00:00,196.93671112836014,94.9,-8.3,244.1698282701035,47.23311714174335,29.0,25.0,885.1306083146709,53.900094866498556,53.732427993266356,29.54823529411765,76.06064957679627,96.14187630525001,10.706895202377922,41.47773663019983,0.2515,9.127277949215552,PCM Storage + DSM
2024-01-16 00:00:00,213.55117902476172,94.8,-9.95,244.16982827010352,30.6186492453418,29.0,25.0,886.475791609982,54.499788836627104,54.43058134034046,29.548235294117653,70.57021500821911,45.37828258315081,9.934018453778574,72.6208594902694,0.2515,8.468425800986294,PCM Storage + DSM
2024-01-16 01:00:00,222.4080901057387,99.7,-10.75,244.16982827010347,21.761738164364772,29.0,25.0,825.0368753597851,54.74732323272284,54.71875660265494,29.548235294117646,73.4970736757648,47.26032048938879,10.346026097677834,65.50596567673479,0.2515,8.819648841091775,PCM Storage + DSM
2024-01-16 02:00:00,245.85775161270615,98.3,-10.8,244.16982827010347,-1.6879233426026872,29.0,25.0,841.7042869832152,54.84949747542423,54.83770608869271,29.548235294117646,81.24625896227997,52.243226091698844,11.436862360951588,46.668489488930724,0.2515,9.749551075473597,PCM Storage + DSM
2024-01-16 03:00:00,225.7345821341822,100.2,-11.05,244.16982827010347,18.43524613592126,29.0,25.0,819.243077077764,54.891671718827425,54.886804613371794,29.548235294117646,74.59634767060969,47.96717912611777,10.500768550273117,62.83374312221706,0.2515,8.951561720473162,PCM Storage + DSM
2024-01-16 04:00:00,227.16282425430134,95.7,-10.8,244.1698282701035,17.007004015802153,29.0,25.0,874.5143491444799,54.909079890981246,54.907070906282875,29.54823529411765,75.06832517951828,48.270671594854775,10.567207816225762,61.686414111938234,0.2515,9.008199021542193,PCM Storage + DSM
2024-01-16 05:00:00,204.4002351569959,98.9,-11.3,241.325810969596,36.9255758126001,29.349431048134424,25.353486855587636,828.9032897188503,54.91626542493001,54.915436180617334,29.20406626647278,67.54619013874509,43.43376455880463,9.508332931146379,77.12793709378647,0.2509758534277984,8.105542816649411,PCM Storage + DSM
2024-01-16 06:00:00,211.88064439430966,94.9,-10.0,244.1698282701035,32.28918387579384,29.0,25.0,885.1306083146709,54.9192313823937,54.918889096994185,29.54823529411765,70.01816941152396,45.02330447967333,9.85630817410523,73.96282582580443,0.2515,8.402180329382874,PCM Storage + DSM
2024-01-16 07:00:00,215.08395713117056,96.5,-9.7,116.74369914164323,-98.34025798952733,29.0,25.0,413.17159187288576,45.3591953115713,46.3535826486791,14.12775,71.07673752438194,0.0,0.0,0.0,0.2515,8.529208502925833,PCM Storage + DSM
2024-01-16 08:00:00,208.0922615848962,98.4,-9.55,120.02981808044505,-88.06244350445114,29.0,25.0,413.17159187288576,42.049012868511106,42.43382997779462,14.525420000000002,68.76625878937398,6.764458553169632,0.0,0.0,0.2515,8.251951054724877,PCM Storage + DSM
2024-01-16 09:00:00,191.5737167690898,93.1,-9.3,110.86327577747156,-80.71044099161824,29.0,25.0,413.17159187288576,39.98484107665708,40.21522340605813,13.416129999999999,63.30753332319805,6.5890190580552925,0.0,0.0,0.2515,7.596903998783765,PCM Storage + DSM
2024-01-16 10:00:00,182.5139670555608,92.7,-8.95,244.16982827010347,61.655861214542654,29.0,25.0,915.7002682564647,49.16331412524754,48.21798566844506,29.548235294117646,60.313644513386066,47.160000059209715,10.532870515298693,87.1339550300992,0.2515,7.2376373416063275,PCM Storage + DSM
2024-01-16 11:00:00,189.68978019749056,95.7,-8.2,244.1698282701035,54.48004807261293,29.0,25.0,874.5143491444799,52.54460343925519,52.154388320181845,29.54823529411765,62.68496682870829,48.68481522532322,10.866676493323904,81.36951322145863,0.2515,7.522196019444995,PCM Storage + DSM
2024-01-16 12:00:00,207.4662890829942,93.5,-7.8,244.16982827010344,36.70353918710924,29.000000000000014,25.0,904.3427455494079,53.940285542405206,53.77921728297589,29.548235294117642,68.55939964558375,52.46221157233538,11.693607855252257,67.08936837870824,0.2515,8.22712795747005,PCM Storage + DSM
2024-01-16 13:00:00,188.9589578068845,95.4,-7.7,231.03593032362696,42.076972516742444,30.61370035432236,26.93887050001874,851.9166898033654,54.516378255872226,54.44989445527727,27.958835368660377,62.44345894533618,48.52952006324327,10.832679944356718,68.82269621755626,0.24907944946851646,7.493215073440342,PCM Storage + DSM
2024-01-16 14:00:00,186.1105569862606,91.3,-7.2,222.99445339247097,36.88389640621037,31.601718856214465,27.735938641059153,892.3454425168565,54.75417081178644,54.726728435757714,26.985695263032063,61.50217517786183,47.924252801603075,10.700177438657345,63.06938377081647,0.2475974217156783,7.380261021343419,PCM Storage + DSM
2024-01-16 15:00:00,177.57623182635268,92.2,-6.75,211.0138791819794,33.43764735562672,33.07371573994555,29.129117353169207,852.5722844512547,54.852323935973544,54.84099660517472,25.535864920608926,58.681918393351545,46.110762374945736,10.303175914169195,57.94456510847963,0.24538942639008168,7.041830207202185,PCM Storage + DSM
2024-01-16 16:00:00,185.23331052088665,92.7,-6.35,219.22764542607436,33.99433490518771,32.06452885936886,28.087396864643484,863.712766659358,54.89283839089687,54.88816283281504,26.529854634042803,61.212279931395095,47.73784344445224,10.659369503925568,60.00728147351482,0.2469032067109467,7.345473591767411,PCM Storage + DSM
2024-01-16 17:00:00,170.9564946411454,92.6,-6.85,101.05731247114626,-69.89918216999915,34.16970661409215,25.647356838545356,413.17159187288576,47.328428731031664,48.11506153422818,12.229460405670514,56.49435717926048,8.005083226416325,0.0,0.0,0.24374544007886179,6.7793228615112575,PCM Storage + DSM
2024-01-16 18:00:00,193.5891014397951,89.7,-7.25,104.98285241329991,-88.60624902649518,29.0,25.0,413.17159187288576,41.65219038748341,42.27465399698351,12.70451,63.97353821338623,0.0,0.0,0.0,0.2515,7.676824585606347,PCM Storage + DSM
2024-01-16 19:00:00,197.85492600330187,98.2,-7.65,119.68391082372908,-78.17101517957279,29.0,25.0,413.17159187288576,40.52886255093294,40.67106147244751,14.483560000000002,65.38322444414737,11.990769534744985,0.0,0.0,0.2515,7.845986933297685,PCM Storage + DSM
2024-01-16 20:00:00,206.68564654972445,94.4,-8.15,113.11167294612545,-93.573973603599,29.0,25.0,413.17159187288576,39.52713488238683,39.6371231420334,13.688220000000003,68.30142817631351,0.6119389950332135,0.0,0.0,0.2515,8.19617138115762,PCM Storage + DSM
2024-01-16 21:00:00,187.6686487756225,92.5,-8.75,244.16982827010347,56.501179494480965,29.0,25.0,918.584363589556,48.96751823569352,47.99004287533654,29.548235294117646,62.01706286464466,96.37958716719542,8.730009493024403,36.91151731520612,0.2515,7.442047543757359,PCM Storage + DSM
2024-01-16 22:00:00,190.70703191354073,94.9,-8.45,244.1698282701035,53.46279635656276,29.0,25.0,885.1306083146709,52.46378509724496,52.06030100432609,29.54823529411765,63.021128270883295,93.98684133860037,8.871349635933328,37.50912023150136,0.2515,7.562535392505995,PCM Storage + DSM
2024-01-16 23:00:00,208.53285088235867,95.2,-8.5,244.1698282701035,35.63697738774482,29.0,25.0,881.1194424159638,53.90692632840577,53.74038106305446,29.54823529411765,68.91185611922361,79.94889679940249,9.700574814640586,41.01518280411536,0.2515,8.269422734306833,PCM Storage + DSM
2024-01-17 00:00:00,214.49635349666033,95.6,-8.05,244.16982827010347,29.673474773443132,29.0,25.0,875.8274337528051,54.50260864453228,54.43386411192925,29.548235294117646,68.30466038742743,43.92147849409038,9.61510116823018,89.30123542885484,0.2515,8.196559246491292,PCM Storage + DSM
2024-01-17 01:00:00,211.4726606783035,96.3,-8.65,244.16982827010347,32.69716759179997,29.0,25.0,866.7177873393285,54.74848715879462,54.72011162525518,29.548235294117646,67.34178942152552,43.30233016392418,9.479559878710752,91.48437301758034,0.2515,8.081014730583062,PCM Storage + DSM
2024-01-17 02:00:00,188.51226874150692,95.1,-9.25,223.9322142438046,35.41994550229768,31.48650058481983,27.543786088543005,840.9459113790848,54.8499779066969,54.8382653984703,27.099178482810412,60.03023494500834,38.60083130751775,8.450327969936355,87.82440020694251,0.24777024912277026,7.203628193401,PCM Storage + DSM
2024-01-17 03:00:00,184.99359708302464,91.1,-8.2,218.96458912888602,33.97099204586138,32.09684935110023,28.120494965822896,886.5422953943464,54.89187002541525,54.88703547847122,26.498020850892814,58.90974189825246,37.880328328998814,8.292598556719929,85.39729253922621,0.24685472597334965,7.069169027790295,PCM Storage + DSM
2024-01-17 04:00:00,173.33713962354068,95.7,-8.8,204.90359484988198,31.566455226341304,33.824457677479884,29.834217827243332,791.0999104272438,54.90916174556691,54.90716619997568,24.796428273428052,55.197835587906056,35.493486607552136,7.770081432726702,79.75238149350784,0.24426331348378016,6.623740270548726,PCM Storage + DSM
2024-01-17 05:00:00,206.19865749784054,92.9,-9.45,243.44194711718663,37.243289619346086,29.08943133859828,25.093460014719472,911.3885623652134,54.91629921187206,54.915475514790856,29.460150686265326,65.66232499123933,42.22239564059871,9.243145257599217,94.56437688407613,0.25136585299210257,7.87947899894872,PCM Storage + DSM
2024-01-17 06:00:00,201.7204578171957,99.1,-10.4,238.11286671805993,36.39240890086424,29.744190417991774,25.74585332600885,820.1641728104609,54.919245328557416,54.91890533287676,28.815251508302698,64.23627786574218,41.3054143131341,9.04240364927343,92.46860312022702,0.2503837143730123,7.708353343889062,PCM Storage + DSM
2024-01-17 07:00:00,225.020131830914,95.9,-10.5,115.7059773714953,-109.31415445941872,29.0,25.0,413.17159187288576,45.28133691217775,46.28382434964902,14.002170000000001,71.65587402530848,9.402338206975273,0.0,0.0,0.2515,8.59870488303702,PCM Storage + DSM
2024-01-17 08:00:00,210.08327901395631,98.3,-10.5,119.85686445208704,-90.22641456186928,29.0,25.0,413.17159187288576,42.007068601835336,42.388479984497444,14.50449,66.89935186403468,20.609668634158613,0.0,0.0,0.2515,8.027922223684163,PCM Storage + DSM
2024-01-17 09:00:00,213.56762717508033,96.4,-10.75,116.57074551328525,-96.99688166179509,29.0,25.0,413.17159187288576,40.39630915439162,40.579390406001764,14.106820000000003,68.0089148656306,15.677479689842762,0.0,0.0,0.2515,8.161069783875673,PCM Storage + DSM
2024-01-17 10:00:00,202.2185247590801,96.9,-10.9,244.16982827010347,41.951303511023355,29.0,25.0,859.0590145498793,49.31571697373904,48.39540889229389,29.548235294117646,64.3948833280777,47.631404140366215,11.14170112622419,89.86498140572621,0.2515,7.727385999369323,PCM Storage + DSM
2024-01-17 11:00:00,213.71911610839527,96.2,-10.8,244.1698282701035,30.450712161708225,29.0,25.0,868.0075459514405,52.607510203493106,52.227623286984276,29.54823529411765,68.05715531342307,49.98632984135782,11.65723133228832,81.56143512125102,0.2515,8.166858637610767,PCM Storage + DSM
2024-01-17 12:00:00,210.49898324930732,98.6,-10.65,244.16982827010347,33.67084502079615,29.0,25.0,838.07625126346,53.9662514327922,53.809446323430556,29.548235294117646,67.03172957654301,49.32695734474918,11.51288434125309,83.88640445764851,0.2515,8.04380754918516,PCM Storage + DSM
2024-01-17 13:00:00,221.60874981453293,95.8,-10.3,244.16982827010347,22.561078455570538,29.000000000000014,25.0,873.2051959271978,54.527096140853885,54.462372031584884,29.548235294117646,70.56954651305865,51.60185556709364,12.010895275885266,75.86503772248847,0.2515,8.46834558156704,PCM Storage + DSM
2024-01-17 14:00:00,210.45906515627985,98.0,-10.1,244.16982827010347,33.71076311382362,29.0,25.0,845.3638708396638,54.75859481022316,54.73187877821553,29.548235294117646,67.01901797682066,49.31878349174026,11.511094956507637,83.91522573500494,0.2515,8.042282157218478,PCM Storage + DSM
2024-01-17 15:00:00,214.52484136018154,96.4,-10.7,244.16982827010347,29.644986909921926,29.0,25.0,865.4318559041068,54.85415002033641,54.84312250100407,29.548235294117646,68.3137321213346,50.15131467089725,11.693349101581045,80.97969312924673,0.2515,8.19764785456015,PCM Storage + DSM
2024-01-17 16:00:00,208.36776987931495,96.8,-10.5,244.16982827010347,35.80205839078852,29.0,25.0,860.3260632439058,54.893592139829664,54.88904033428494,29.548235294117646,66.35306160351035,48.89055812084398,11.417349700083163,85.42516262427773,0.2515,7.962367392421243,PCM Storage + DSM
2024-01-17 17:00:00,212.22360057769538,96.8,-10.15,117.2625600267172,-94.96104055097818,29.0,25.0,413.17159187288576,45.387544334272995,46.37614453914256,14.19054,67.58092026903492,17.004237029382764,0.0,0.0,0.2515,8.10971043228419,PCM Storage + DSM
2024-01-17 18:00:00,205.71631127350236,96.7,-9.95,117.08960639835922,-88.62670487514313,29.0,25.0,413.17159187288576,41.83851405673819,42.24793955381099,14.169610000000002,65.50872566656321,19.9054462703803,0.0,0.0,0.2515,7.861047079987585,PCM Storage + DSM
2024-01-17 19:00:00,212.53254786999835,95.4,-10.35,114.84120922970534,-97.69133864029301,29.0,25.0,413.17159187288576,40.205416365453246,40.391962239214536,13.897520000000002,67.67930208082035,14.436933862622464,0.0,0.0,0.2515,8.121516249698441,PCM Storage + DSM
2024-01-17 20:00:00,210.42327495592784,98.3,-10.45,119.85686445208704,-90.5664105038408,29.0,25.0,413.17159187288576,39.914539053177926,39.952393511805504,14.50449,67.00762087173989,20.449048312596005,0.0,0.0,0.2515,8.040914504608786,PCM Storage + DSM
2024-01-17 21:00:00,223.80185743579304,96.6,-10.4,244.1698282701035,20.367970834310455,29.0,25.0,862.8714066262843,49.10681793019422,48.15221135465544,29.54823529411765,71.26792421888564,66.19489659814033,10.032233489304899,62.21459419647344,0.2515,8.552150906266277,PCM Storage + DSM
2024-01-17 22:00:00,218.98675261932533,98.2,-10.55,244.1698282701035,25.183075650778164,29.0,25.0,842.9206226580463,52.52128325825995,52.127239368805654,29.54823529411765,69.73459232835626,70.02403349862401,9.816389633727697,60.87604501907903,0.2515,8.36815107940275,PCM Storage + DSM
2024-01-17 23:00:00,227.44586869726916,97.6,-10.85,244.1698282701035,16.72395957283433,29.0,25.0,850.2931062381459,53.930659721219754,53.768011068450306,29.54823529411765,72.42833066685336,63.29705355651527,10.19558142676906,63.22759151686055,0.2515,8.691399680022403,PCM Storage + DSM
2024-01-18 00:00:00,219.89745656085836,98.4,-10.7,244.16982827010347,24.272371709245107,29.0,25.0,840.491456598513,54.512405026270535,54.445268890100216,29.548235294117646,64.21643708613455,41.292656232354545,9.039610705100925,79.41645962894376,0.2515,7.705972450336145,PCM Storage + DSM
2024-01-18 01:00:00,212.1640333245783,96.8,-10.75,244.16982827010347,32.00579494552517,29.0,25.0,860.3260632439058,54.752530790310495,54.724819151123,29.548235294117646,61.95805313536071,39.84046305018085,8.721702819456937,85.21055815664701,0.2515,7.434966376243285,PCM Storage + DSM
2024-01-18 02:00:00,213.2636747593312,95.9,-10.55,244.16982827010352,30.906153510772327,29.0,25.0,871.8999564714022,54.85164698782024,54.84020851384387,29.548235294117653,62.2791803376327,40.046955278214135,8.766907209907053,84.38667581845914,0.2515,7.473501640515924,PCM Storage + DSM
2024-01-18 03:00:00,219.55632664540843,99.1,-11.4,244.1698282701035,24.61350162469506,29.0,25.0,832.0985319249189,54.892558968457,54.887837534043726,29.54823529411765,64.11681725379863,41.22859837307073,9.025587434055597,79.6720437707235,0.2515,7.694018070455835,PCM Storage + DSM
2024-01-18 04:00:00,245.76708188563708,99.3,-12.7,244.1698282701035,-1.5972536155335888,29.0,25.0,829.7312530289731,54.90944611911124,54.90749726273714,29.54823529411765,71.77111822293413,46.150491161883444,10.103067034611037,60.0342076265775,0.2515,8.612534186752097,PCM Storage + DSM
2024-01-18 05:00:00,247.73375381633298,102.3,-12.45,244.1698282701035,-3.563925546229484,29.0,25.0,795.7722658654408,54.91641659213112,54.91561216685812,29.54823529411765,72.34544348472565,46.519795605991796,10.18391357515854,58.56072161786376,0.2515,8.681453218167078,PCM Storage + DSM
2024-01-18 06:00:00,236.50579376718406,100.4,-12.8,244.16982827010347,7.664034502919407,29.0,25.0,816.9482785425323,54.919293779355655,54.918961738458,29.548235294117646,69.06655339941783,44.41139334545085,9.72235122039505,66.97302556169623,0.2515,8.28798640793014,PCM Storage + DSM
2024-01-18 07:00:00,215.77717815460977,96.4,-11.7,116.57074551328525,-99.20643264132453,29.0,25.0,413.17159187288576,45.346243707711416,46.34198513262718,14.106820000000003,63.01319625201879,4.29358308901724,0.0,0.0,0.2515,7.561583550242254,PCM Storage + DSM
2024-01-18 08:00:00,203.4664120472288,97.6,-11.6,118.64618905358111,-84.82022299364769,29.0,25.0,413.17159187288576,41.94037641106425,42.33520147677583,14.35798,59.418095382819075,12.774791583821845,0.0,0.0,0.2515,7.13017144593829,PCM Storage + DSM
2024-01-18 09:00:00,225.31641459773405,97.4,-11.95,118.30028179686515,-107.0161328008689,29.0,25.0,413.17159187288576,40.502253279837035,40.66792387881944,14.316120000000002,65.79893005030907,1.0594878676900947,0.0,0.0,0.2515,7.895871606037087,PCM Storage + DSM
2024-01-18 10:00:00,237.41255487821735,100.9,-11.9,244.1698282701035,6.7572733918861445,29.0,25.0,811.2671361326398,49.35416312393497,48.440166769822454,29.54823529411765,69.33135395122734,51.3389396246562,9.759626628553294,59.536381203306064,0.2515,8.31976247414728,PCM Storage + DSM
2024-01-18 11:00:00,243.7211648304883,100.1,-11.7,244.16982827010347,0.4486634396151601,29.0,25.0,820.3953176925008,52.62337946791842,52.246098010130204,29.548235294117646,71.17365108570489,46.214969395541985,10.018962861680992,61.118402875133974,0.2515,8.540838130284586,PCM Storage + DSM
2024-01-18 12:00:00,233.2165696703397,98.3,-11.45,244.16982827010347,10.953258599763757,29.0,25.0,841.7042869832152,53.97280175509175,53.8170720953503,29.548235294117646,68.10600453459391,51.7689542123807,11.795200667558694,59.25412501582574,0.2515,8.17272054415127,PCM Storage + DSM
2024-01-18 13:00:00,222.40251522561528,98.1,-10.85,244.1698282701035,21.76731304448822,29.0,25.0,844.1404788413431,54.52979990336512,54.46551970513328,29.54823529411765,64.94798689420574,49.73827573320334,11.350653268725909,67.35631922171542,0.2515,7.793758427304689,PCM Storage + DSM
2024-01-18 14:00:00,224.91845693660588,97.3,-10.75,244.16982827010347,19.251371333497588,29.0,25.0,854.0279222245507,54.75971083648612,54.73317803668688,29.548235294117646,65.68271486752131,50.21072283558182,11.4540793564114,65.47130482148842,0.2515,7.881925784102557,PCM Storage + DSM
2024-01-18 15:00:00,224.45437827282464,97.8,-9.9,244.16982827010347,19.715449997278824,29.0,25.0,847.8213239525699,54.854610680107555,54.843658793141564,29.548235294117646,65.54719043362466,50.12357748598119,11.435001871283848,65.81900562880215,0.2515,7.865662852034959,PCM Storage + DSM
2024-01-18 16:00:00,231.0814761989122,97.6,-10.15,244.1698282701035,13.08835207119128,29.0,25.0,850.2931062381459,54.8937822853771,54.88926169844232,29.54823529411765,67.48249529658233,51.368023332513054,11.707430603718205,60.85379718704107,0.2515,8.097899435589879,PCM Storage + DSM
2024-01-18 17:00:00,225.30716463713347,98.6,-10.7,120.37572533716101,-104.93143929997245,29.0,25.0,413.17159187288576,45.62121528800852,46.58553091319353,14.56728,65.7962287934494,3.1397445181473316,0.0,0.0,0.2515,7.895547455213927,PCM Storage + DSM
2024-01-18 18:00:00,217.28340115345551,97.3,-10.85,118.12732816850715,-99.15607298494837,29.0,25.0,413.17159187288576,42.0033184595417,42.41891804814919,14.29519,63.45305706694502,5.06642000367988,0.0,0.0,0.2515,7.614366848033403,PCM Storage + DSM
2024-01-18 19:00:00,216.80630397032246,96.3,-10.7,116.39779188492726,-100.4085120853952,29.0,25.0,413.17159187288576,40.387067895145755,40.572112874482634,14.085890000000001,63.313730847698125,3.585135728866227,0.0,0.0,0.2515,7.5976477017237745,PCM Storage + DSM
2024-01-18 20:00:00,231.50984220144394,98.5,-10.65,120.20277170880301,-111.30707049264093,29.0,25.0,413.17159187288576,40.010717836203234,40.05740173413942,14.54635,67.6075905972813,0.0,0.0,0.0,0.2515,8.112910871673757,PCM Storage + DSM
2024-01-18 21:00:00,244.76998038420572,100.2,-10.75,244.16982827010347,-0.6001521141022579,29.0,25.0,819.243077077764,49.145460531110565,48.197198309127195,29.548235294117646,71.47993565612971,45.963254027942455,10.062077886544577,60.781264158322806,0.2515,8.577592278735567,PCM Storage + DSM
2024-01-18 22:00:00,249.90359695310104,98.7,-10.2,244.16982827010344,-5.7337686829976064,29.000000000000014,25.0,836.8738463118624,52.53723366776934,52.14580855965987,29.548235294117642,72.97910063319058,46.92725182729602,10.273112138681213,56.93501401852864,0.2515,8.757492075982869,PCM Storage + DSM
2024-01-18 23:00:00,233.91060546999157,99.0,-9.85,244.1698282701035,10.259222800111928,29.0,25.0,833.2872441133829,53.93724353760269,53.77567583360258,29.54823529411765,68.30868312379138,54.18328800684672,9.615667440236995,58.658190936452776,0.2515,8.197041974854967,PCM Storage + DSM
2024-01-19 00:00:00,212.54417751333182,96.2,-9.6,244.1698282701035,31.625650756771677,29.0,25.0,868.0075459514405,54.515122614062875,54.44843265880174,29.54823529411765,72.92141920156897,46.89016133092128,10.264992446738901,80.74061161857958,0.2515,8.750570304188276,PCM Storage + DSM
2024-01-19 01:00:00,188.70868585061663,93.7,-9.2,226.06275634780437,37.354070497187735,31.224730883080547,27.359366860060632,864.4137351662421,54.75365252320514,54.726125053156245,27.35700624080584,64.74374103721026,41.631724884707936,9.113838156159794,80.96109764924829,0.2481629036753792,7.76924892446523,PCM Storage + DSM
2024-01-19 02:00:00,196.16970358567488,93.7,-9.1,232.9032265322846,36.733522946609725,30.38427443934911,26.439847843309433,878.7486950367332,54.852110003105494,54.840747548230155,28.18480639926697,67.30352888128985,43.27772775047828,9.47417402417271,82.064650934242,0.24942358834097633,8.076423465754782,PCM Storage + DSM
2024-01-19 03:00:00,187.788006071491,97.1,-8.7,222.23634747668132,34.44834140519032,31.694863769469393,27.717802684438567,811.7158234402232,54.89275008628496,54.888060030113266,26.893953002588503,64.42786658273447,41.42861029515579,9.069373183798943,77.84261678090462,0.24745770434579592,7.731343989928136,PCM Storage + DSM
2024-01-19 04:00:00,208.56463197536905,91.9,-9.0,244.16982827010347,35.60519629473441,29.0,25.0,927.3466945617934,54.90952500640789,54.90758910196338,29.548235294117646,71.55608371319826,46.01221899214742,10.072797085912896,83.80055904930853,0.2515,8.58673004558379,PCM Storage + DSM
2024-01-19 05:00:00,191.1967756556772,97.9,-9.15,225.78128122894057,34.584505573263385,31.25931440892295,27.26322267944443,809.3740067188875,54.91644915427166,54.91565007513889,27.322943502176127,65.59737552303186,42.1806316283791,9.23400245966866,78.76648347121557,0.24811102838661558,7.871685062763823,PCM Storage + DSM
2024-01-19 06:00:00,223.89010003133,93.9,-9.1,244.16982827010347,20.27972823877346,29.0,25.0,898.7689844058059,54.91930721996068,54.91897738577789,29.548235294117646,76.81407239886283,49.39322748658531,10.812952923996534,72.01651834536335,0.2515,9.21768868786354,PCM Storage + DSM
2024-01-19 07:00:00,209.60670118330557,98.5,-9.0,120.20277170880301,-89.40392947450256,29.0,25.0,413.17159187288576,45.618773801287,46.58616909371983,14.54635,71.9136054596795,15.397474283327604,0.0,0.0,0.2515,8.62963265516154,PCM Storage + DSM
2024-01-19 08:00:00,221.63649493848288,94.9,-8.95,113.9764410879154,-107.66005385056748,29.0,25.0,413.17159187288576,41.691382491519256,42.139300047595334,13.792870000000002,76.04088687285619,3.1561350517377136,0.0,0.0,0.2515,9.124906424742743,PCM Storage + DSM
2024-01-19 09:00:00,225.1172307137785,96.1,-8.8,116.05188462821125,-109.06534608556724,29.0,25.0,413.17159187288576,40.24503819177671,40.413726502060186,14.04403,77.2350865708663,3.4911783751992473,0.0,0.0,0.2515,9.268210388503956,PCM Storage + DSM
2024-01-19 10:00:00,222.20136891051777,99.1,-8.85,244.1698282701035,21.968459359585722,29.0,25.0,832.0985319249189,49.254862691409514,48.32456352908631,29.54823529411765,76.23468852008422,57.789050711839536,12.995641156826919,62.28238813267417,0.2515,9.148162622410105,PCM Storage + DSM
2024-01-19 11:00:00,212.62790030744202,94.2,-8.75,244.16982827010344,31.54192796266142,29.0,25.0,894.6335442935092,52.582391532872506,52.1983805651291,29.548235294117642,72.95014351214508,55.67701220508451,12.533282770681526,69.64360824579856,0.2515,8.754017221457408,PCM Storage + DSM
2024-01-19 12:00:00,186.36490363204584,94.1,-8.7,239.0345346441875,52.66963101214165,29.63094940873308,26.40620396812386,885.7479417633886,53.95588325289989,53.79737586773908,28.926787241186666,63.939616795007176,49.88303485152689,11.26489016799656,84.70242684538616,0.25055357588690036,7.672754015400861,PCM Storage + DSM
2024-01-19 13:00:00,181.5765534761085,93.9,-8.95,222.2196474651512,40.64309398904271,31.696915621450664,28.016915786035,853.4366913060239,54.52281648943818,54.45738973543215,26.891932049084122,62.2967899103088,48.82665911850189,11.033632935932626,71.56939218375868,0.24745462656782402,7.475614789237056,PCM Storage + DSM
2024-01-19 14:00:00,182.06065230862913,93.5,-9.05,218.1751813774746,36.11452906884546,32.19384017388177,28.32592595669185,850.1626251525457,54.7568283076711,54.729822246499744,26.40249059579552,62.4628785527465,48.93345796202975,11.0570128794222,67.1526933964787,0.24670923973917736,7.4955454263295795,PCM Storage + DSM
2024-01-19 15:00:00,181.59004819437385,94.3,-8.8,215.71664397735438,34.12659578298053,32.49590911715028,28.550429882923055,833.8102097456444,54.853420864860105,54.84227363081081,26.104970455437392,62.30141979017259,48.829636238477505,11.034284674233271,65.05601235321352,0.24625613632427457,7.47617037482071,PCM Storage + DSM
2024-01-19 16:00:00,176.0960508897453,93.4,-8.45,208.46386182688684,32.36781093714154,33.387024395624955,29.40952881538316,829.8247697258512,54.89329116788482,54.88868994795269,25.227274324685634,60.41649362926668,47.617585064083315,10.768947644095718,62.027668088016725,0.24491946340656257,7.249979235512002,PCM Storage + DSM
2024-01-19 17:00:00,173.14150759237995,91.7,-8.05,100.04646107481841,-73.09504651756154,33.854170441723184,25.171141499437706,413.17159187288576,47.06006994416957,47.87466660737027,12.10713212654734,59.40282441067399,13.47409913470375,0.0,0.0,0.24421874433741522,7.128338929280879,PCM Storage + DSM
2024-01-19 18:00:00,177.86529519942854,92.9,-7.6,110.51736852075561,-67.34792667867293,29.0,25.0,413.17159187288576,41.967630870151986,42.530508765663754,13.374270000000003,61.023500640636406,21.58306890242453,0.0,0.0,0.2515,7.3228200768763685,PCM Storage + DSM
2024-01-19 19:00:00,176.84886401066612,93.5,-7.25,111.55509029090352,-65.2937737197626,29.0,25.0,413.17159187288576,40.032220968651885,40.25646274855962,13.49985,60.67477499840776,23.12901570759941,0.0,0.0,0.2515,7.280972999808931,PCM Storage + DSM
2024-01-19 20:00:00,174.18715024913195,90.6,-6.8,106.53943506852181,-67.64771518061013,29.0,25.0,413.17159187288576,38.853833196266166,38.985538804364495,12.89288,59.76157216561201,19.444242088068325,0.0,0.0,0.2515,7.171388659873441,PCM Storage + DSM
2024-01-19 21:00:00,180.67534800234935,91.7,-6.65,244.1698282701035,63.49448026775414,29.0,25.0,930.3047382446061,48.70968134306497,47.689875393797514,29.54823529411765,61.98759686203244,86.06896497449503,25.311012299832022,42.45049887612359,0.2515,7.438511623443893,PCM Storage + DSM
2024-01-19 22:00:00,176.31364687406565,94.5,-6.7,244.1698282701035,67.85618139603784,29.0,25.270718818668147,890.5359860753712,52.35735858368805,51.93640109813383,29.54823529411765,60.49114826424584,85.10671386992334,25.10036042660459,45.80429292968576,0.2515,7.2589377917095,PCM Storage + DSM
2024-01-19 23:00:00,194.40020343671372,89.8,-6.85,244.16982827010347,49.76962483338974,29.0,25.093722898703902,959.3767613147501,53.8629968842693,53.68923916404152,29.548235294117646,66.69643409445881,89.09685636672371,12.948834797096847,44.92222979254651,0.2515,8.003572091335055,PCM Storage + DSM
2024-01-20 00:00:00,175.79138565665872,95.3,-6.65,216.16631591591565,40.37493025925693,32.44066003804656,28.7914481039419,821.521588307771,54.484475981929705,54.41275437976929,26.159387548408734,65.20199916382394,41.92639547290266,9.178346173966514,74.07352740550107,0.24633900994293018,7.824239899658872,PCM Storage + DSM
2024-01-20 01:00:00,188.02890887902177,90.6,-6.5,225.51206921390965,37.483160334887884,31.29239122479388,27.437185263710738,908.3644973414648,54.74100257847445,54.711398206307784,27.290364784238307,69.74096434651045,44.84505520308831,9.817286609114895,73.52764811506594,0.2480614131628092,8.368915721581255,PCM Storage + DSM
2024-01-20 02:00:00,181.913902291901,91.8,-6.3,216.2266364419896,34.3127341500886,32.43324873831702,28.493015063754413,870.0950240884143,54.846888512502744,54.834668779186934,26.16668724268352,67.47287451440141,43.38662091443795,9.498012447283665,69.18499643835044,0.24635012689252447,8.096744941728168,PCM Storage + DSM
2024-01-20 03:00:00,206.29115324411418,94.0,-6.5,244.05765914615452,37.766505902040336,29.013781693431614,25.03845131162178,897.1642350039612,54.89059482278817,54.88555090963004,29.53466113677536,76.5145319896255,49.200616066401004,10.770787260300176,77.31180240243344,0.2514793274598526,9.18174383875506,PCM Storage + DSM
2024-01-20 04:00:00,213.46281352967046,96.5,-8.0,244.1698282701035,30.70701474043304,29.0,25.0,864.1497346361009,54.90863538290877,54.90655341767359,29.54823529411765,79.1745405343864,50.91106316371674,11.14523098231216,71.62709357119982,0.2515,9.500944864126367,PCM Storage + DSM
2024-01-20 05:00:00,203.95782701723172,94.3,-7.8,240.80869985833525,36.850872841103524,29.412966061644212,25.417169204716927,886.5740725531695,54.91608194628461,54.915222577952,29.14148801551938,75.64908836094132,48.64411577038173,10.648960608970684,75.94887882019628,0.2508805509075337,9.077890603312957,PCM Storage + DSM
2024-01-20 06:00:00,188.90060147870028,93.7,-8.8,223.02524165684645,34.124640178146166,31.59793604677479,27.599670969141908,857.9238880187063,54.91915564830606,54.91880092867933,26.989421107811943,70.06427996259164,45.0529546318823,9.862799057903258,70.33622839753062,0.2476030959298378,8.407713595510996,PCM Storage + DSM
2024-01-20 07:00:00,185.06991019970764,94.6,-9.6,108.00090887001059,-77.06900132969704,32.15499095603607,25.0,413.17159187288576,46.62991035988214,47.49211400938776,13.06974039290165,68.64345533778565,12.210380799585245,0.0,0.0,0.2467675135659459,8.237214640534278,PCM Storage + DSM
2024-01-20 08:00:00,209.93244747607412,94.6,-9.35,113.4575802028414,-96.47486727323272,29.0,25.0,413.17159187288576,42.028640239032164,42.542367607682735,13.73008,77.86510820006164,4.798425502058819,0.0,0.0,0.2515,9.343812984007396,PCM Storage + DSM
2024-01-20 09:00:00,214.58903054341852,99.2,-9.55,121.41344710730897,-93.17558343610955,29.0,25.0,413.17159187288576,40.78813020708105,40.938088940741125,14.692860000000001,79.59226066620279,10.344086714291578,0.0,0.0,0.2515,9.551071279944335,PCM Storage + DSM
2024-01-20 10:00:00,226.84660223920736,95.8,-9.95,244.16982827010347,17.32322603089611,29.000000000000014,25.0,873.2051959271978,49.46265253075249,48.56646742275852,29.548235294117646,84.13866193879018,62.53419199117633,14.117429047387793,50.10443750513174,0.2515,10.09663943265482,PCM Storage + DSM
2024-01-20 11:00:00,204.62807312353547,97.9,-10.65,244.16982827010347,39.54175514656799,29.0,25.0,846.5908140484296,52.66816028087553,52.29823105798673,29.548235294117646,75.8976863562272,57.235053839155185,12.957364514428884,68.06375187569952,0.2515,9.107722362747262,PCM Storage + DSM
2024-01-20 12:00:00,197.08859713187607,95.3,-10.45,244.16982827010347,47.081231138227395,29.0,25.0,879.7904538150348,53.99128583537792,53.83859094189899,29.548235294117646,73.10125292766332,55.43688238209555,12.563716552879082,74.15793654555924,0.2515,8.772150351319599,PCM Storage + DSM
2024-01-20 13:00:00,185.16131367324948,94.1,-9.7,226.1508869356545,40.98957326240503,31.213902691676914,27.522168398002616,859.1014023358746,54.53742953761013,54.474401993351,27.367671372385995,68.6773573926741,52.59221510027277,11.940974226289129,65.77985991935317,0.24817914596248464,8.24128288712089,PCM Storage + DSM
2024-01-20 14:00:00,181.56192973759144,93.7,-7.9,217.46923296070224,35.9073032231108,32.28057674020208,28.407818915800405,845.8490476101388,54.76286010427825,54.73684435977738,26.317060180120965,67.3423259434003,51.733758960448284,11.753044700328125,60.00760049992341,0.24657913488969688,8.081079113208036,PCM Storage + DSM
2024-01-20 15:00:00,183.1494195756889,92.6,-7.55,217.50298272367897,34.35356314799006,32.27643006533863,28.328951545732842,861.3486114682022,54.855910596631475,54.845172133473966,26.321144410939418,67.93113472211016,52.11237664135834,11.835930054620574,58.75817670473852,0.24658535490199207,8.151736166653219,PCM Storage + DSM
2024-01-20 16:00:00,169.98217771985574,93.1,-7.85,201.24736771259902,31.265189992743274,34.2736811335293,30.29536031254233,817.2582471946195,54.89431884913755,54.88988635669124,24.353969594128554,63.04733174583284,48.97197822380876,11.148447539719536,53.14568908751508,0.24358947829970606,7.565679809499941,PCM Storage + DSM
2024-01-20 17:00:00,168.9195316198062,91.0,-7.85,97.77800973291684,-71.14152188688936,34.465765557383996,25.90391721863228,413.17159187288576,47.2637844128303,48.057305182963404,11.83261526883953,62.65319041821288,10.346772975901821,0.0,0.0,0.243301351663924,7.518382850185545,PCM Storage + DSM
2024-01-20 18:00:00,176.01448292331852,91.7,-6.55,108.44192498045972,-67.57255794285881,29.0,25.0,413.17159187288576,41.88771160087832,42.47923361113831,13.123110000000002,65.28474717641777,17.338404969705532,0.0,0.0,0.2515,7.834169661170132,PCM Storage + DSM
2024-01-20 19:00:00,168.41222450617155,92.7,-5.2,110.1714612640396,-58.24076324213195,29.0,25.0,413.17159187288576,39.90175495263531,40.13242116511251,13.332410000000001,62.46502739830465,23.002802125701262,0.0,0.0,0.2515,7.495803287796558,PCM Storage + DSM
2024-01-20 20:00:00,166.08852410895753,86.5,-3.7,99.44833630584424,-66.64018780311329,29.0,25.0,413.17159187288576,38.27213675413357,38.45103944312277,12.03475,61.60315404319018,13.482403682509855,0.0,0.0,0.2515,7.392378485182821,PCM Storage + DSM
2024-01-20 21:00:00,113.71773464593781,88.6,-3.05,244.16982827010344,130.45209362416563,29.0,27.95669742588947,978.6930719452484,48.49124114396247,47.43557300104821,29.548235294117642,42.17853799604277,79.41943460592971,23.066792134369454,82.82432051025745,0.2515,5.061424559525133,PCM Storage + DSM
2024-01-20 22:00:00,109.77903936444517,79.9,-2.15,182.18829813533216,72.40925877088699,36.61537949720061,34.74668549896053,1005.5128864740533,52.26719378016861,51.8314327934891,22.04753445287488,40.71765408815879,78.48005242060668,22.861146626586066,24.02645147212935,0.24007693075419909,4.8861184905790545,PCM Storage + DSM
2024-01-20 23:00:00,92.30485741862896,84.6,-2.2,146.6504999399548,54.34564252132586,42.918387357866756,40.50510636571228,840.5040502695831,55.00848773399865,54.705598485748695,17.746924380158326,34.236383163741,74.31244511670467,6.867367199171912,17.69452008795893,0.23062241896319988,2.8926209158767184,PCM Storage + DSM
2024-01-21 00:00:00,136.53320192319242,86.8,-5.3,160.63499645222828,24.101794529035857,39.2635324449835,35.168035411208635,807.2611233956488,54.909139300077136,54.90713582667604,19.439259573011547,73.67494088425065,46.495749975620896,0.0,24.101794529035853,0.23610470133252476,7.840399191667624,PCM Storage + DSM
2024-01-21 01:00:00,155.42931466654792,89.7,-3.4,183.68494020136308,28.255625534815152,36.43149411586979,32.43552934088444,823.7659026890013,54.91628930296324,54.91546397895386,22.2286507366986,83.8715082370915,52.930733710349806,0.0,28.255625534815152,0.2403527588261953,10.06458098845098,PCM Storage + DSM
2024-01-21 02:00:00,156.07294679397415,89.5,-3.7,184.3843225934692,28.31137579949504,36.34556428616138,32.347230478550614,828.676944491235,54.91924123846974,54.91890057126742,22.313286564265525,84.21881979407094,53.1499196523152,0.0,28.31137579949504,0.24048165357075793,10.106258375288512,PCM Storage + DSM
2024-01-21 03:00:00,147.30557759752702,85.2,-3.0,174.04081433727416,26.735236739747137,37.61642256494343,33.61711031561637,873.7652981307109,54.92045970257722,54.920319086105486,21.06156591603455,79.48784301948378,50.16423265193789,0.0,26.735236739747137,0.23857536615258487,9.244552561882708,PCM Storage + DSM
2024-01-21 04:00:00,151.14075175799357,87.8,-3.2,178.54502363865876,27.404271880665192,37.063011523133376,33.063295404506164,840.6666914059421,54.92096264539812,54.92090460343816,21.606643238626752,81.55734864575724,51.47028346131046,0.0,27.404271880665192,0.23940548271529993,9.756047520925534,PCM Storage + DSM
2024-01-21 05:00:00,175.50790542275786,90.5,-4.05,207.2218730649334,31.713967642175533,33.53962172152136,29.53973889862782,869.0875051322928,54.92117024402952,54.92114628617397,25.07697493499096,94.7061548004601,59.768404859296666,0.0,31.713967642175533,0.24469056741771797,11.36473857605521,PCM Storage + DSM
2024-01-21 06:00:00,171.13162620835124,91.1,-4.25,202.06915856665262,30.937532358301382,34.17271155102079,30.17275991796414,847.9696547347861,54.92125593407211,54.921246045039375,24.453418693512234,92.3446624464189,58.2780832282913,0.0,30.937532358301382,0.2437409326734688,11.081359493570268,PCM Storage + DSM
2024-01-21 07:00:00,137.54733072532596,87.3,-3.75,83.48533752629842,-54.06199319902754,39.02964087605298,31.483877147557987,413.17159187288576,48.98962567139041,49.606612555764244,10.102986164642111,74.22217685684753,0.0,0.0,0.0,0.23645553868592054,8.002795038471955,PCM Storage + DSM
2024-01-21 08:00:00,110.33817127587122,82.7,-2.65,78.98289894696384,-31.355272328907375,37.03290431844528,30.85638781410968,413.17159187288576,45.22552944923913,45.6421887176475,9.558123126149404,59.53979055291798,6.219881202584546,0.0,0.0,0.23945064352233209,7.133020168979045,PCM Storage + DSM
2024-01-21 09:00:00,110.7749978795405,83.6,-1.6,87.15888144623169,-23.616116433308818,33.20563575698745,27.333996645478695,413.17159187288576,42.01140829154761,42.36270130497933,10.547540436062526,59.77550738771475,14.107796376225465,0.0,0.0,0.24519154636451884,7.173060886525769,PCM Storage + DSM
2024-01-21 10:00:00,138.45115997933934,84.8,-0.35,244.16982827010347,105.71866829076413,29.0,26.786987394222614,1045.342420930767,49.9676572823479,49.15438522605892,29.548235294117646,74.70989388040603,54.42122282926199,0.0,98.44634717593965,0.2515,8.965187265648723,PCM Storage + DSM
2024-01-21 11:00:00,135.3524518954924,85.5,0.8,200.27250494900306,64.92005305351066,34.393457942625986,32.0353932195619,936.1503605931872,52.87661001196995,52.54090462935701,24.23599648286297,73.03779411508008,53.36597213357382,0.0,57.647731938686185,0.24340981308606102,8.76453529380961,PCM Storage + DSM
2024-01-21 12:00:00,115.06696907952302,79.8,2.3,152.71987355855998,37.65290447903696,40.23602641974018,36.91376000127115,922.1390820038597,54.077327184587624,53.93875879238555,18.481410213404146,62.091506133671814,46.4578448512688,0.0,30.380583364212473,0.23464596037038973,6.24540221030049,PCM Storage + DSM
2024-01-21 13:00:00,113.4279099353868,78.0,2.9,141.01801673661902,27.590106801232224,41.67377860700013,37.95352524634984,927.37450664929,54.57294464110754,54.5157480625354,17.065308882611166,61.20705031011353,45.89967084606321,0.0,20.31778568640774,0.23248933208949982,5.628436823191688,PCM Storage + DSM
2024-01-21 14:00:00,118.15909802231387,83.8,2.45,142.552953388152,24.39385536583812,41.485188149807975,37.60065857119041,804.7937244478372,54.7775195975105,54.753910688232054,17.251059389389134,63.76005571617376,47.510855050921656,0.0,17.121534251013642,0.23277221777528803,5.9353516079651785,PCM Storage + DSM
2024-01-21 15:00:00,114.66883149478299,81.0,2.0,136.77976026554603,22.11092877076304,42.1945132736582,38.24217575226824,842.033711474274,54.861961564266736,54.85221656533092,16.552415867403948,61.87666635399668,46.32226093955198,0.0,14.838607655938553,0.2317082300895127,5.496684974246267,PCM Storage + DSM
2024-01-21 16:00:00,92.29565236092957,77.9,2.15,109.75851844013695,17.462866079207387,45.514486345292326,41.53415988454208,809.6330394321104,54.896816494093144,54.8927940717466,13.282437684377959,49.80383259004023,38.703178339023566,0.0,10.190544964382909,0.2267282704820615,3.4321355956180923,PCM Storage + DSM
2024-01-21 17:00:00,95.17513678289453,79.1,2.7,58.74729681482689,-36.42783996806764,45.132920284720385,38.71373661079062,413.17159187288576,50.85061812408034,51.27132558462377,7.109309784408023,51.35763665804072,0.0,0.0,0.0,0.22730061957291942,3.656791009256015,PCM Storage + DSM
2024-01-21 18:00:00,103.7937893281234,80.8,2.9,70.84124847841699,-32.95254084970641,39.84032245464926,33.6012921374088,413.17159187288576,47.02108873488409,47.43655923672883,8.57286051024191,56.00836415748693,2.3939536999312097,0.0,0.0,0.23523951631802612,5.766512812710334,PCM Storage + DSM
2024-01-21 19:00:00,113.05911596372907,79.2,2.7,77.0147393443476,-36.04437661938147,34.670873854731866,28.2218358179616,413.17159187288576,42.84128635672705,43.2929777082448,9.319946102204621,61.00804469332857,2.4573820317596855,0.0,0.0,0.2429936892179022,7.320965363199428,PCM Storage + DSM
2024-01-21 20:00:00,94.47868954939854,81.4,2.15,210.16423185609736,115.68554230669882,33.17810791631332,33.69341306172928,1041.1548678904785,50.30476091744152,49.54683496758233,25.433044767602926,50.98182544117875,70.25293483195864,0.0,77.60688790935835,0.24523283812553,6.117819052941449,PCM Storage + DSM
2024-01-21 21:00:00,87.82054039830346,78.4,1.35,141.582194161864,53.761653763560545,41.604460776548834,39.134660360134774,919.2089468548186,53.015755484877054,52.70289538209985,17.133582868086254,47.38900890867401,67.98553295557207,0.0,15.682999366220095,0.23259330883517676,4.377476072483804,PCM Storage + DSM
2024-01-21 22:00:00,84.34397985481861,79.5,0.7,115.425398567535,31.081418712716385,44.81822339983996,41.44983614414775,795.0616806836384,54.13476196352586,54.00562336857196,13.968215729004694,45.513015458627656,59.80437066900751,0.0,0.0,0.22777266490024006,3.3265763202997953,PCM Storage + DSM
2024-01-21 23:00:00,105.72431973782169,83.7,-1.5,131.4831758677843,25.75885612996261,42.845279721988895,39.105989162104315,768.8271656084269,54.596651871841104,54.54334761048975,15.911449196177525,57.050101345264764,61.76278387522806,0.0,0.0,0.23073208041701665,4.845169358246447,PCM Storage + DSM
2024-01-22 00:00:00,126.28399184875137,85.6,-2.3,151.92326815985783,25.639276311106457,40.33390158363892,36.44151406105237,801.7740705383854,54.78730518038284,54.7653028945501,18.385008934326464,83.16111635662658,23.45824954762875,0.0,25.639276311106457,0.23449914762454163,8.315828097683964,PCM Storage + DSM
2024-01-22 01:00:00,135.49914353292164,85.2,-1.25,161.21807918758032,25.71893565465868,39.191891807872466,35.2363107797744,837.1053983436336,54.86600073835786,54.85691890194192,19.509821386410792,89.22952051642766,25.170036803177517,0.0,25.71893565465868,0.2362121622881913,9.534053731729244,PCM Storage + DSM
2024-01-22 02:00:00,150.06007270236736,84.8,-0.55,177.71626997480178,27.65619727243441,37.164836593379995,33.18317131731022,891.2515662143127,54.89848373533479,54.89473504516173,21.506351534143842,98.8182507045829,27.874844475960803,0.0,27.65619727243441,0.23925274510993,11.760456901690464,PCM Storage + DSM
2024-01-22 03:00:00,133.55202925959838,85.8,1.05,158.02137989903292,24.469350639434538,39.584655235425586,35.59222322016734,816.8276467739612,54.911891672450345,54.910344333633624,19.122972514002,87.9472978508865,24.808344938257125,0.0,24.469350639434538,0.23562301714686162,9.189795079115418,PCM Storage + DSM
2024-01-22 04:00:00,118.3671852943869,79.7,1.45,140.03919101697556,21.672005722588665,41.79404232589344,37.79716614675213,882.5572682705379,54.91742603794694,54.91678734621644,16.946856193837657,77.94770441579303,21.987640161167377,0.0,21.672005722588665,0.23230893651115983,7.111616964841904,PCM Storage + DSM
2024-01-22 05:00:00,84.64422304441273,79.6,2.1,100.30110895045726,15.656885906044536,46.67647383039853,42.677763243246204,727.7800859592708,54.9197104461438,54.91944681472565,12.137948363753358,55.7403038854149,15.723333400159811,0.0,15.656885906044536,0.2249852892544022,3.4526189151757163,PCM Storage + DSM
2024-01-22 06:00:00,94.01737245233076,76.9,3.55,111.31502190741543,17.297649455084667,45.32324607474301,41.3237783029235,842.1453779616218,54.92065337642426,54.92054455784824,13.470798101441355,61.91275343447169,17.46446998159995,0.0,17.297649455084667,0.2270151308878855,4.3376399201366125,PCM Storage + DSM
2024-01-22 07:00:00,100.55595469748768,79.4,4.0,60.570778448843434,-39.985176248644244,44.378602054262586,37.75793561899417,413.17159187288576,50.536618301358374,50.99262575573149,7.329978590042843,66.21857075095403,0.0,0.0,0.0,0.2284320969186061,5.014625597074552,PCM Storage + DSM
2024-01-22 08:00:00,99.51720846863977,78.8,4.55,66.85559371914333,-32.66161474949644,40.14478683456033,33.96044949408142,413.17159187288576,46.79154359207609,47.199667262244375,8.090536115526524,65.53453079673965,0.0,0.0,0.0,0.2347828197481595,6.627590917656706,PCM Storage + DSM
2024-01-22 09:00:00,104.77439589525798,75.5,4.95,68.94029168338083,-35.83410421187715,35.63943602230535,29.2642715946564,413.17159187288576,42.73678800349415,43.175173175738834,8.342816040531492,68.99651809135426,0.0,0.0,0.0,0.241540845966542,8.279582170962511,PCM Storage + DSM
2024-01-22 10:00:00,87.69690244946308,79.3,5.4,203.03235644667487,115.33545399721179,34.05436795138201,34.60511840632266,1071.9866374494238,50.26221197244967,49.4973002732983,24.569980177768223,57.75056839706354,20.335238683128907,0.0,111.290608040007,0.24391844807292698,6.930068207647624,PCM Storage + DSM
2024-01-22 11:00:00,99.5403498875746,74.9,5.05,155.7231017729531,56.182751885378494,39.86703387438717,37.411336643866875,1061.8835975000209,52.998192655770126,52.68244904023976,18.844846165133017,65.54976999059569,22.535252647212285,0.0,52.1379059281737,0.23519944918841926,6.738371932743532,PCM Storage + DSM
2024-01-22 12:00:00,94.0340867887973,77.5,5.35,126.97391752870166,32.939830739904366,43.39931111534694,40.03674519444554,889.5126785321702,54.127512592157785,53.99718377581816,15.365760863801814,61.923760236358206,21.512420758902014,0.0,28.89498478269957,0.2299010333269796,5.053234785255349,PCM Storage + DSM
2024-01-22 13:00:00,87.36842407197796,78.1,5.5,109.93668434860905,22.568260276631094,45.49259593691537,41.75570823692873,805.4288569506625,54.59365956434254,54.53986401785807,13.303998448958177,57.53425730196137,20.27422122844412,0.0,18.523414319426294,0.22676110609462694,3.9724196774588796,PCM Storage + DSM
2024-01-22 14:00:00,81.6627481893841,73.2,5.5,99.42694826787903,17.764200078494923,46.78387784777097,42.8924821485199,899.1576043757165,54.78607005202322,54.76386497947794,12.032161724524881,53.77692932222918,19.21434683951857,0.0,13.719354121290133,0.22482418322834355,3.2963500735660833,PCM Storage + DSM
2024-01-22 15:00:00,43.323824545415285,75.7,6.15,52.7347438344137,9.410919288998414,52.52072970587366,48.56555807057028,543.4978831118867,54.86549091706931,54.8563253768162,6.38170010616773,28.529804619657963,12.0925887681958,0.0,5.366073331793619,0.21621890544118952,0.7667562379803736,PCM Storage + DSM
2024-01-22 16:00:00,68.35972889362982,69.4,6.55,81.556422336331,13.196693442701175,48.979545435960375,44.99804914407796,954.0992112544666,54.89827329749305,54.894490057066335,9.869558307075264,45.01656374181845,16.74320586742703,0.0,9.151847485496376,0.22153068184605945,2.166319824722691,PCM Storage + DSM
2024-01-22 17:00:00,59.6426858526434,80.5,2.9,52.27876905514212,-7.3639167975012825,50.27295616664813,45.43957223740032,413.17159187288576,53.50487767101442,53.649659676445765,6.326520274320547,39.27617638151534,3.71518347435134,0.0,0.0,0.2195905657500278,1.585275360749479,PCM Storage + DSM
2024-01-22 18:00:00,101.43688144975799,76.1,3.65,57.53228112628802,-43.90460032346997,42.83542979554947,36.06362843680189,413.17159187288576,48.83911601578115,49.33032939974886,6.962274543791494,66.79868269606071,0.0,0.0,0.0,0.2307468553066758,5.677047783678999,PCM Storage + DSM
2024-01-22 19:00:00,106.06023600175394,82.7,0.95,78.17321581330518,-27.88702018844876,37.50105473618774,31.487791261475152,413.17159187288576,45.3732058438226,45.753725817321644,9.460139243715908,69.84327544473598,0.0,0.0,0.0,0.23874841789571838,8.171221229653618,PCM Storage + DSM
2024-01-22 20:00:00,125.97571283812943,83.1,0.85,89.84069689046287,-36.13501594766656,31.15503779053128,25.0,413.17159187288576,41.01212449632659,41.48124823556685,10.872080590441803,82.95810704169027,0.0,0.0,0.0,0.24826744331420308,9.954972845002832,PCM Storage + DSM
2024-01-22 21:00:00,121.7339759886314,80.4,3.35,244.1698282701035,122.4358522814721,29.0,28.595694912044642,1134.8269861466304,49.59798335081317,48.72402099967163,29.54823529411765,80.16481894134436,55.15406556271398,0.0,89.89483486017697,0.2515,9.619778272961323,PCM Storage + DSM
2024-01-22 22:00:00,108.2845411670474,79.4,3.75,171.42145602009484,63.13691485304743,37.93825081895871,35.70271815550455,987.6847210224637,52.7240210671663,52.36326321920893,20.74458401690326,71.30803513403339,52.65572674953205,0.0,30.59589743175232,0.23809262377156193,8.155535281906948,PCM Storage + DSM
2024-01-22 23:00:00,96.0575071442233,77.9,3.8,144.61717133014724,48.55966418592395,42.83251953478508,40.14527176748183,985.1811073863934,54.99204366830142,54.74143748254795,17.500860922529185,63.25623233478129,50.38445854573406,0.0,16.018646764628826,0.2307512206978224,5.377088615436661,PCM Storage + DSM
2024-01-23 00:00:00,89.05957027399032,78.2,3.05,104.89080567967616,15.831235405685845,46.112559349841774,42.034057688155116,780.9138383342855,54.91069939180025,54.908952793885334,12.693370955661727,64.70788647705068,31.157941909829812,0.0,15.831235405685845,0.22583116097523734,4.227019641696391,PCM Storage + DSM
2024-01-23 01:00:00,80.0254290167474,78.5,3.2,94.91938430352945,14.89395528678206,47.33770106126357,43.34121933629271,727.6561412936748,54.916933370335876,54.916213791058425,11.48667843707075,58.14396319409677,27.997301816548575,0.0,14.89395528678206,0.22399344840810465,3.3708261231855063,PCM Storage + DSM
2024-01-23 02:00:00,87.07382053979943,76.5,3.35,103.16483508798527,16.09101454818584,46.32462125002646,42.326073961333314,816.7323057121678,54.91950708878168,54.91921006960215,12.484502458209231,63.26510309086827,30.463217303871893,0.0,16.09101454818584,0.2255130681249603,4.052273622906842,PCM Storage + DSM
2024-01-23 03:00:00,90.11971024016273,81.5,0.85,106.72900016191514,16.609289921752406,45.88670902731066,41.88730865985292,715.9309027808565,54.92056943704129,54.92044683707048,12.915820238041784,65.47815087839267,31.528837248541503,0.0,16.609289921752406,0.22616993645903402,4.3660664583913915,PCM Storage + DSM
2024-01-23 04:00:00,97.58437861348045,80.8,1.25,115.50651438661367,17.92213577313322,44.80825708012879,40.808504589169424,766.6627742215852,54.921007940257894,54.920957334930435,13.978031967666091,70.90174445967159,34.14038930113324,0.0,17.92213577313322,0.22778761437980682,5.186495046136312,PCM Storage + DSM
2024-01-23 05:00:00,81.27876851704727,79.6,1.5,96.31070498188889,15.031936464841621,47.16675602416992,43.16685818794671,709.3898149917088,54.921188940291785,54.921168052039114,11.65504924301758,59.05460030870559,28.435788991183454,0.0,15.031936464841621,0.22424986596374513,3.4841897563837945,PCM Storage + DSM
2024-01-23 06:00:00,68.70717539268696,77.2,2.05,81.51205242353322,12.804877030846257,48.984996958752376,44.98503912867578,690.14842804019,54.92126365128825,54.921255029288915,9.864188877802956,49.92047560740604,24.037553438533017,0.0,12.804877030846257,0.22152250456187145,2.400676582883323,PCM Storage + DSM
2024-01-23 07:00:00,44.53068988587802,76.9,2.85,42.23287086464174,-2.297819021236279,52.48139065043171,47.996005680754905,413.17159187288576,54.10927524599493,54.193735068685626,5.110814936864644,32.35460060064625,13.281468464659502,0.0,0.0,0.21627791402435242,0.8771868046537671,PCM Storage + DSM
2024-01-23 08:00:00,52.35451904352865,73.5,3.0,39.713703168707326,-12.640815874821321,50.53794737020175,45.54496674516274,413.17159187288576,52.431295028940646,52.60927285581831,4.805957615416774,38.03914912689205,5.675677883870783,0.0,0.0,0.2191930789446974,1.4748659019043235,PCM Storage + DSM
2024-01-23 09:00:00,65.51412036988793,77.2,3.9,52.30658802816858,-13.20753234171935,46.95687152402422,41.85507867595415,413.17159187288576,50.552634474359635,50.75529555780583,6.329886790021731,47.60050211893528,9.712914618428623,0.0,0.0,0.22456469271396368,2.8683477498085455,PCM Storage + DSM
2024-01-23 10:00:00,68.57418246227212,79.2,3.25,116.91115515287127,48.336972690599154,44.63567546639594,42.27686656178527,808.032173439802,53.25773034957695,52.98461063789737,14.148014705333319,49.82384712135947,26.00146570495922,0.0,46.326532173615085,0.2280464868004061,3.696229291926978,PCM Storage + DSM
2024-01-23 11:00:00,74.72639199805802,73.7,3.4,102.13574867701385,27.40935667895583,46.451060264002386,43.002471161719704,895.424440648128,54.23464327835265,54.12190346780363,12.359967467032005,54.29384933448407,28.153847383238,0.0,25.398916161971766,0.2253234096039964,3.4364552679888396,PCM Storage + DSM
2024-01-23 12:00:00,70.55503252250124,78.9,3.3,89.27483237336133,18.7197998508601,48.031220645991795,44.25882365611295,690.8923165871494,54.63787966833969,54.59134429805326,10.803602441383141,51.26307055833577,26.694476135155806,0.0,16.709359333876037,0.2229531690310123,2.7586030130800063,PCM Storage + DSM
2024-01-23 13:00:00,84.90847031870653,78.4,3.25,102.88736300250139,17.978892683794854,46.358712941958636,42.45266014912217,767.1015487915053,54.804322689674194,54.785114384514024,12.450924147049683,61.69182763199874,31.716099074550687,0.0,15.968452166810795,0.22546193058706204,3.9388826818038414,PCM Storage + DSM
2024-01-23 14:00:00,82.6274786457618,77.1,2.85,98.8478818362434,16.220403190481605,46.85502502050785,42.8938034080663,780.7552512050225,54.87302501923332,54.86509644823764,11.962085944506857,60.03453072641158,30.918082580379785,0.0,14.209962673497538,0.2247174624692382,3.654292872749988,PCM Storage + DSM
2024-01-23 15:00:00,95.74576750810122,79.7,1.9,113.72937226913324,17.983604761032012,45.02660618534845,41.04261265735579,783.5686751130047,54.90138313271265,54.89811047343796,13.762970943089746,69.56586737968674,35.50758240697518,0.0,15.973164244047947,0.22746009072197731,4.997637157168868,PCM Storage + DSM
2024-01-23 16:00:00,100.90255486572079,82.0,2.05,119.56827440601684,18.665719540296053,44.30920770353137,40.31581466071174,757.8468865988254,54.91308845049835,54.911737601936345,14.469566247768869,73.31262710350487,37.31171059259006,0.0,16.65527902331199,0.22853618844470294,5.58237193967422,PCM Storage + DSM
2024-01-23 17:00:00,110.68657499139091,79.3,1.5,62.944774346013126,-47.741800645377786,42.905982167817726,35.85671116894319,413.17159187288576,49.81229767979516,50.34280894640551,7.61726793227575,80.42138881921166,0.0,0.0,0.0,0.23064102674827341,6.800762928641,PCM Storage + DSM
2024-01-23 18:00:00,111.17829214744779,83.3,-0.15,78.80791024383804,-32.370381903609754,37.73408097763834,31.486487493406205,413.17159187288576,45.94654450509305,46.370255428877776,9.536946851380295,80.77865506039224,6.525906925396043,0.0,0.0,0.2383988785335425,9.337650162772809,PCM Storage + DSM
2024-01-23 19:00:00,119.30892623606393,84.2,-0.45,89.08408343431826,-30.224842801745666,32.692503869345494,26.457531185627623,413.17159187288576,42.12320405052043,42.538153138871216,10.78051894014599,86.6861184130002,11.515989559682374,0.0,0.0,0.24596124419598175,10.402334209560024,PCM Storage + DSM
2024-01-23 20:00:00,126.93166259114837,83.0,-1.05,93.39495931331459,-33.53670327783378,29.0,25.0,413.17159187288576,38.70747690784938,39.07967060632167,11.302200000000001,92.22455922505232,10.870982020510276,0.0,0.0,0.2515,11.066947107006277,PCM Storage + DSM
2024-01-23 21:00:00,127.1539043529622,84.7,0.0,244.1698282701035,117.0159239171413,29.000000000000007,26.33022661922558,1047.2191577726537,48.68943000261149,47.66630267151648,29.54823529411765,92.38603310876483,94.12852793563894,0.0,67.37283368627763,0.2515,11.08632397305178,PCM Storage + DSM
2024-01-23 22:00:00,129.75128466713858,84.1,-0.35,204.0832310493747,74.33194638223611,33.92525192462165,31.99086704693842,971.6791789650508,52.349000018395515,51.926670201046285,24.697151869066776,94.27320806357748,95.0372345990314,0.0,24.68885615137245,0.24411212211306754,11.312784967629298,PCM Storage + DSM
2024-01-23 23:00:00,141.72342607874788,82.8,-0.2,203.65519853372197,61.931772454974094,35.853452621029604,33.39077489342837,1036.3169899099826,55.00498059492054,54.7115124248517,24.645353472943693,102.97178997865169,99.22574893265751,0.0,12.288682224110431,0.2412198210684556,12.3566147974382,PCM Storage + DSM
2024-01-24 00:00:00,145.36408363611685,87.2,-0.1,171.0577798320425,25.693696195925668,37.98293400409615,33.89069850400445,830.2863281321542,54.90920942460943,54.90721759815454,20.70057370796554,86.02473611175814,42.03509204623456,0.0,25.693696195925668,0.23802559899385578,9.815628503505106,PCM Storage + DSM
2024-01-24 01:00:00,130.3087350695163,84.4,0.25,154.11661943199718,23.807884362480877,40.064414814407996,36.06842682418258,830.4200091376952,54.916318268416696,54.91549770003553,18.650437549856033,77.11515985938487,37.68152033199054,0.0,23.807884362480877,0.23490337777838802,7.835942153394945,PCM Storage + DSM
2024-01-24 02:00:00,100.5329491072511,79.0,0.8,119.0116792640594,18.478730156808297,44.377593934447056,40.37925052601431,821.1700731910395,54.9192531944782,54.918914490245676,14.402209833036382,59.494203803031745,29.071223535390235,0.0,18.478730156808297,0.2284336090983294,4.505759993691785,PCM Storage + DSM
2024-01-24 03:00:00,107.02490428602904,79.3,2.2,126.62903710332871,19.60413281729967,43.44168495340257,39.44236874116454,843.6148227606142,54.920464637633245,54.92032483141236,15.324025125895727,63.336065679323845,30.948509359191608,0.0,19.60413281729967,0.22983747256989615,5.152381993753557,PCM Storage + DSM
2024-01-24 04:00:00,107.87595830337867,83.7,2.6,127.62089579905212,19.744937495673454,43.319819933950676,39.3201021795612,755.0127982876307,54.920964682430636,54.92090697491617,15.444055001525289,63.839709326558065,31.194609586020412,0.0,19.744937495673454,0.230020270099074,5.240032313709376,PCM Storage + DSM
2024-01-24 05:00:00,110.43450234583125,77.4,2.85,130.6283165912582,20.19381424542695,42.950312266253185,38.950428768169516,905.8427577756321,54.92117108485104,54.92114726504384,15.807998318462158,65.35382526618216,31.93446658259503,0.0,20.19381424542695,0.23057453160062022,5.509205023174272,PCM Storage + DSM
2024-01-24 06:00:00,98.52638391231027,79.4,2.75,116.61038885873369,18.08400494642342,44.672629208338805,40.672677296585405,802.1694449409622,54.92125628113621,54.921246449085395,14.111617443269122,58.30674238155764,28.4909828696337,0.0,18.08400494642342,0.2279910561874918,4.312612997947966,PCM Storage + DSM
2024-01-24 07:00:00,112.15045923898434,80.9,3.1,66.06405184055913,-46.08640739842521,42.70244816615485,35.71607716237996,413.17159187288576,49.92542212098525,50.44507079321268,7.994747598823791,66.3693081504011,0.0,0.0,0.0,0.23094632775076773,5.693511740740805,PCM Storage + DSM
2024-01-24 08:00:00,117.96211920823905,80.0,3.05,74.60155513441445,-43.36056407382459,36.866152018505446,30.06936872828193,413.17159187288576,45.14310745077042,45.66171341550656,9.027914382526811,69.80857941136743,0.0,0.0,0.0,0.23970077197224182,8.377029529364092,PCM Storage + DSM
2024-01-24 09:00:00,114.56387596213003,80.4,2.95,82.71458947813784,-31.849286483992188,32.5752794298538,26.32574968785068,413.17159187288576,41.276489477609005,41.699805425462735,10.009714015331602,67.79753946822801,1.279275611831018,0.0,0.0,0.2461370808552193,8.135704736187362,PCM Storage + DSM
2024-01-24 10:00:00,110.63701580353406,80.5,2.75,241.9189871913053,131.28197138777125,29.276550271761046,30.358505752793818,1128.241078952084,49.693560283289756,48.83528881802718,29.27584954409606,65.47367032227987,39.02097005383185,0.0,124.25402895597556,0.25108517459235846,7.856840438673585,PCM Storage + DSM
2024-01-24 11:00:00,97.90682615130335,79.7,2.45,158.42864334604351,60.521817194740166,39.53461668849749,37.267404065106014,942.2856196524167,52.76347197179264,52.40919127997384,19.172257539282235,57.940095466009865,35.33976710182159,0.0,53.49387476294447,0.23569807496725376,6.071675858513464,PCM Storage + DSM
2024-01-24 12:00:00,95.53971091010783,78.2,2.55,130.65647704010925,35.11676613000142,42.94685232416486,39.6620863793124,885.3883835095442,54.0306274379792,53.88439175515289,15.811406157893154,56.5392648146111,34.655265782384404,0.0,28.088823698205733,0.23057972151375272,4.767327827537278,PCM Storage + DSM
2024-01-24 13:00:00,92.46977117493633,80.1,2.65,116.72968571727496,24.259914542338635,44.65797176363487,40.953197393185505,786.7985030900223,54.55366848668487,54.49330709697756,14.126054164099868,54.722510985252434,33.767527930527145,0.0,17.23197211054294,0.2280130423545477,4.052320654468719,PCM Storage + DSM
2024-01-24 14:00:00,101.23110548174546,79.3,2.2,122.78503682194281,21.55393134019735,43.91397921374832,40.035838864775194,828.9235772023571,54.769563020519996,54.74464777892519,14.858843061470479,59.90736444339296,36.30105261435799,0.0,14.525988908401661,0.22912903117937752,4.70369409813477,PCM Storage + DSM
2024-01-24 15:00:00,115.93819882500871,81.9,0.2,138.3386059793869,22.400407154378186,42.00298522227467,38.053284969525606,828.3307223890237,54.85867734501754,54.84839313408838,16.74105973166077,68.61084739584129,40.55391898239551,0.0,15.3724647225825,0.231995522166588,6.173747353846137,PCM Storage + DSM
2024-01-24 16:00:00,120.92344450261362,84.9,0.45,143.48110345210463,22.557658949491014,41.37115071071957,37.39191282969979,787.4414965938901,54.895460873945204,54.89121588221863,17.363379558806564,71.56105650624147,41.995507961525895,0.0,15.529716517695334,0.23294327393392064,6.710501802706372,PCM Storage + DSM
2024-01-24 17:00:00,139.6826897001099,81.8,0.35,74.55159638425341,-65.13109331585649,38.69503765139753,30.634968232929985,413.17159187288576,48.10430425739127,48.81052354053928,9.021868619562497,82.66255474022086,0.0,0.0,0.0,0.2369574435229037,9.078809712954202,PCM Storage + DSM
2024-01-24 18:00:00,125.45275859493724,85.6,0.25,89.31020274378812,-36.14255585114911,33.96176402212944,27.47001490818632,413.17159187288576,43.79506614876354,44.272063788611895,10.807882790168309,74.24145072614215,0.13475641941789718,0.0,0.0,0.24405735396680583,8.908974087137057,PCM Storage + DSM
2024-01-24 19:00:00,127.63562274370479,80.9,1.85,89.18034277013776,-38.45527997356703,29.336847716460255,25.0,413.17159187288576,39.25478836716611,39.74648123658443,10.79216777294487,75.53324377204754,0.0,0.0,0.0,0.2509947284253096,9.063989252645705,PCM Storage + DSM
2024-01-24 20:00:00,93.02552286140117,82.4,0.25,237.6442933824299,144.61877052102875,29.801761822978584,31.637878526849924,1079.336760236957,48.91984263324488,47.93454546707998,28.75854706094391,55.05139822463049,67.56001369594678,0.0,103.9590496506238,0.25029735726553215,6.606167786955658,PCM Storage + DSM
2024-01-24 21:00:00,113.96361202977842,77.3,1.85,183.62529299584114,69.66168096606272,36.43882268786551,34.42806585479977,1073.5503112518213,52.44410700681433,52.037392111896374,22.22143252437529,67.44231041104757,73.61470398428654,0.0,29.001960095657765,0.24034176596820173,8.093077249325708,PCM Storage + DSM
2024-01-24 22:00:00,114.35616343143059,86.6,0.0,155.4033713695591,41.04720793812851,39.906317647365086,36.72740767654091,795.0658277645963,53.89880384516138,53.73092500855652,18.806153959559943,67.67461766255519,73.72821850512672,0.0,0.3874870677235549,0.23514052352895237,6.940850505958408,PCM Storage + DSM
2024-01-24 23:00:00,108.80126268940101,82.2,0.6,143.59749903252984,34.796236343128825,42.16434484961874,38.79804772309402,856.8419330304931,54.99239261675444,54.871803289109735,17.37746518118655,64.38729345903113,66.25841721680375,0.0,0.0,0.2317534827255719,5.731366090947508,PCM Storage + DSM
2024-01-25 00:00:00,92.16185144614259,75.7,2.5,108.53945276450021,16.37760131835762,45.66426721923653,41.61293774689197,863.2770028462411,54.93057429117543,54.9320925462028,13.134912334182562,53.21671066772391,26.761882777483546,0.0,16.377601318357616,0.2265035991711452,3.619502469603138,PCM Storage + DSM
2024-01-25 01:00:00,86.27094817509844,81.1,2.65,102.10880447970777,15.837856304609332,46.454370770975785,42.45130172272275,704.0694720605438,54.92513735390385,54.92576472684662,12.35670681239891,49.81514602869423,25.051287120827208,0.0,15.837856304609332,0.22531844384353633,3.1519923600498436,PCM Storage + DSM
2024-01-25 02:00:00,96.1091855885104,79.2,2.75,113.73298533252367,17.62379974401327,45.02616226521924,41.02489570307706,795.0482060039383,54.92289342951769,54.92315238891325,13.763408178304061,55.49600666348603,27.90810642581529,0.0,17.62379974401327,0.22746075660217113,3.9870010723013602,PCM Storage + DSM
2024-01-25 03:00:00,94.1422350290161,77.0,3.2,111.43608299151988,17.293847962503776,45.30837186793022,41.307849071789775,840.0053707387734,54.92196720965669,54.922074099771955,13.485448320198614,54.360236958561046,27.336944936801004,0.0,17.293847962503776,0.22703744219810468,3.8133580541441496,PCM Storage + DSM
2024-01-25 04:00:00,71.82228191574923,80.2,3.25,85.17230112858923,13.350019212839996,48.5352793915589,44.53506359811532,642.5745140613343,54.92158489586772,54.921629016671744,10.30713422751399,41.47210083382175,20.855695271745823,0.0,13.350019212839996,0.22219708091266166,2.106298479620389,PCM Storage + DSM
2024-01-25 05:00:00,74.68266468822436,74.4,3.05,88.54217756451217,13.859512876287809,48.1212385012739,44.121149428676226,804.9076986061898,54.92142708902359,54.9214453006734,10.714940149098224,43.1237621233164,21.68629087344602,0.0,13.859512876287809,0.22281814224808916,2.2973135929243473,PCM Storage + DSM
2024-01-25 06:00:00,66.66000096135333,78.0,2.8,79.10052236272418,12.440521401370845,49.28129033102047,45.281253564715016,657.9838048463017,54.921361951430384,54.92136946861408,9.572357335140778,38.491262150300635,19.35667636535252,0.0,12.440521401370845,0.22107806450346928,1.782617263984508,PCM Storage + DSM
2024-01-25 07:00:00,100.83954952499653,79.5,2.2,60.813439168291154,-40.026110356705374,44.33829813479496,37.7135676109449,413.17159187288576,50.53050494823646,50.9872267341571,7.359344200387415,58.227444943110065,0.0,0.0,0.0,0.22849255279780756,4.423551289453802,PCM Storage + DSM
2024-01-25 08:00:00,132.65225352176918,82.9,1.15,82.24498674405942,-50.407266777709765,35.346798876156726,28.103561872068045,413.17159187288576,45.01387719804321,45.60630067195587,9.9528849952204,76.59694856732412,0.0,0.0,0.0,0.2419798016857649,9.191633828078894,PCM Storage + DSM
2024-01-25 09:00:00,139.80495232759122,86.4,0.35,99.27538267748625,-40.529569650104975,29.0,25.0,413.17159187288576,40.296773781246905,40.811560979382214,12.013820000000003,80.72710759592444,0.06687765639353671,0.0,0.0,0.2515,9.687252911510932,PCM Storage + DSM
2024-01-25 10:00:00,141.5009274107171,83.0,-0.35,244.16982827010344,102.66890085938633,29.000000000000007,25.293074007153024,1080.1871682951262,49.3274736879975,48.40910051090696,29.548235294117642,81.70640883480114,48.826832285619176,0.0,94.9309917328658,0.2515,9.804769060176136,PCM Storage + DSM
2024-01-25 11:00:00,146.02292577396096,84.8,-0.75,218.0424549557367,72.01952918177574,32.21014764594065,30.06427794891835,990.4667198035204,52.61236370403773,52.23327364842925,26.386428695080582,84.31753127603484,50.139926458730756,0.0,64.28162005525522,0.24668477853108903,10.118103753124181,PCM Storage + DSM
2024-01-25 12:00:00,144.97170459576844,87.3,0.3,190.0694319495962,45.097727353827764,35.64706160099283,32.41238165373487,879.0589911907525,53.96825480183003,53.81177861101198,23.0012706207633,83.71052813525759,49.83467371583814,0.0,37.35981822730725,0.24152940759851077,10.04526337623091,PCM Storage + DSM
2024-01-25 13:00:00,139.82924208159346,81.8,0.85,172.9809942188767,33.15175213728324,37.74663768520289,34.06253720473951,938.0372913362764,54.52792306720238,54.4633347249364,20.933311682291937,80.74113314761036,48.34140967184944,0.0,25.413843010762722,0.23838004347219566,9.3272297411893,PCM Storage + DSM
2024-01-25 14:00:00,102.25881176085342,82.2,1.2,124.20422280197025,21.945411041116827,43.7396104979145,39.87000366624778,771.477846328109,54.758936138841555,54.73227614708909,15.03058598958351,59.04696480498438,37.43173895271437,0.0,14.207501914596302,0.22939058425312825,4.697914513380161,PCM Storage + DSM
2024-01-25 15:00:00,118.48489285220684,78.8,1.5,141.42264090401778,22.937748051810942,41.62406433596197,37.677886444881075,908.7780127408982,54.854290909819454,54.843286522103256,17.114274515214873,68.41633672145667,42.143455061830316,0.0,15.199838925290432,0.23256390349605705,6.3117911507896824,PCM Storage + DSM
2024-01-25 16:00:00,114.32507615079905,84.9,1.1,135.75030762591362,21.425231475114572,42.32099728442962,38.3432133210942,761.633631971251,54.893650294479926,54.88910803692287,16.427836557030023,66.01434762991863,40.935530902407926,0.0,13.687322348594051,0.23151850407335556,5.814148728757094,PCM Storage + DSM
2024-01-25 17:00:00,131.82130515552183,83.2,-1.05,75.00979304999771,-56.811512105524116,39.83011307589462,32.20556473294258,413.17159187288576,48.831126846675716,49.461544165753004,9.077317333215257,76.11713682208976,0.0,0.0,0.0,0.23525483038615808,7.841535793331634,PCM Storage + DSM
2024-01-25 18:00:00,119.35212756814987,83.7,-0.2,83.2411309654918,-36.11099660265806,35.570838585014116,29.112396453295386,413.17159187288576,44.59272478830832,45.0592667304179,10.073433484156547,68.9171011726387,0.0,0.0,0.0,0.24164374212247883,8.270052140716643,PCM Storage + DSM
2024-01-25 19:00:00,123.37912684906208,83.1,0.2,90.54111039788181,-32.838016451180266,30.750065941100512,25.0,413.17159187288576,40.527720605159395,40.9695513052597,10.95684119852766,71.24239794379427,2.9887131350022145,0.0,0.0,0.24887490108834923,8.549087753255312,PCM Storage + DSM
2024-01-25 20:00:00,117.71524206814195,83.1,0.0,93.56791294167256,-24.147329126469387,29.0,25.0,413.17159187288576,38.1057414119719,38.37566389635331,11.323129999999999,67.97191983477224,10.034726245884663,0.0,0.0,0.2515,8.156630380172668,PCM Storage + DSM
2024-01-25 21:00:00,119.61643556085927,82.7,-0.35,244.16982827010347,124.55339270924419,29.0,27.017253420194038,1086.2217334811323,48.440525093916385,47.37653183563854,29.548235294117646,69.06971965582316,96.09620394401225,0.0,63.19131114352228,0.2515,8.28836635869878,PCM Storage + DSM
2024-01-25 22:00:00,135.54899066564806,84.1,-0.5,212.93315769818287,77.3841670325348,32.83790300299097,30.986019561963882,992.3107642732382,52.24626006508282,51.80706212449935,25.768126595171722,78.26960184031459,100.72268621807248,0.0,16.02208546681291,0.24574314549551354,9.39235222083775,PCM Storage + DSM
2024-01-25 23:00:00,159.54527105349797,86.8,-0.55,210.2027153592208,50.657444305722834,33.17337962903114,30.060047548767315,936.3941027403384,53.8171389866154,53.635852192800186,25.437701852441336,92.12569403533782,96.98606916121079,0.0,0.0,0.2452399305564533,11.055083284240538,PCM Storage + DSM
2024-01-26 00:00:00,155.2683372321808,87.7,-0.55,192.38324875644935,37.114911524268535,35.362773797305614,31.72876181609081,878.126995321461,54.465547315697584,54.390717953952354,23.281277384583234,91.8447239720562,35.72044368821019,0.0,37.114911524268535,0.24195583930404158,11.021366876646743,PCM Storage + DSM
2024-01-26 01:00:00,134.18012013337145,83.0,-0.25,162.28433059714968,28.10421046377823,39.060886505072745,35.21195459600062,882.3198989755875,54.73318943344039,54.70230227800365,19.63885390347423,79.37056785607562,30.868968591672303,0.0,28.10421046377823,0.23640867024239087,8.543025749561794,PCM Storage + DSM
2024-01-26 02:00:00,102.95935444354063,81.9,0.2,123.35812284584955,20.398768402308917,43.84356682562073,39.905922878073866,774.355605075366,54.8436634973551,54.83091427233536,14.928195121870974,60.90278068134155,23.68643786708059,0.0,20.398768402308917,0.2292346497615689,4.807580185007682,PCM Storage + DSM
2024-01-26 03:00:00,123.56322221446224,80.0,1.15,146.7104064321428,23.14718421768056,40.97438142072369,37.00011999498949,898.0735393252955,54.88926364019047,54.88400116987536,17.754173970082505,73.09043324406142,28.42648539763401,0.0,23.14718421768056,0.23353842786891446,7.027916429780314,PCM Storage + DSM
2024-01-26 04:00:00,124.1203282656941,85.9,1.3,146.9949993121838,22.87467104648971,40.93941483020872,36.95003888640173,781.0365924185465,54.908085913518015,54.90591373491308,17.788614004881484,73.41997404040573,28.554651098936205,0.0,22.87467104648971,0.23359087775468693,7.075006477438808,PCM Storage + DSM
2024-01-26 05:00:00,137.79370756279417,80.6,1.9,162.9358229717498,25.14211540895562,38.98084069688885,34.985225965817364,935.2421060506217,54.91585514298063,54.91495853746856,19.71769431595842,81.50808633486201,31.700296785083044,0.0,25.14211540895562,0.23652873895466672,8.812243152957695,PCM Storage + DSM
2024-01-26 06:00:00,117.30739679983365,81.8,2.3,138.759526369945,21.452129570111353,41.95126871083585,37.95307880890254,831.8577862149909,54.919062031191885,54.91869194125431,16.791997453280267,69.38997139416887,26.98729397309803,0.0,21.452129570111353,0.23207309693374623,6.265386202041807,PCM Storage + DSM
2024-01-26 07:00:00,133.00888634966498,80.7,2.6,70.9390390382704,-62.06984731139458,39.68378096385672,31.81480402404472,413.17159187288576,48.44680714295696,49.12001322488214,8.58469464426479,78.67775665265293,0.0,0.0,0.0,0.23547432855421493,8.174407604818303,PCM Storage + DSM
2024-01-26 08:00:00,118.88519488992065,83.0,2.8,82.57836146971059,-36.30683342021007,35.25404505606274,28.799846466113408,413.17159187288576,44.206970467195944,44.675404513900546,9.993228369766069,70.32327455597824,0.0,0.0,0.0,0.24211893241590587,8.438792946717388,PCM Storage + DSM
2024-01-26 09:00:00,100.9746751009878,78.2,3.25,77.12976836999195,-23.844906730995845,33.60436526122248,27.812043345589636,413.17159187288576,41.115211681085796,41.45588589260623,9.333866350826135,59.72879808038646,0.0,0.0,0.0,0.24459345210816627,7.167455769646375,PCM Storage + DSM
2024-01-26 10:00:00,95.04513313248191,76.3,3.55,224.879466524773,129.8343333922911,31.370116146044623,32.493735804558355,1195.6808741276047,49.61846319535431,48.747861336021806,27.213810308860523,56.22134024908516,27.664268275687647,0.0,124.03578730064704,0.24794482578093308,6.746560829890219,PCM Storage + DSM
2024-01-26 11:00:00,102.34726357441333,80.8,4.0,164.26639929503452,61.919135720621185,38.81735903340345,36.5750377596828,934.716176173576,52.73247419354148,52.373104202694584,19.8787141379231,60.540715124880116,29.34416865914403,0.0,56.12058962897715,0.23677396144989482,6.60474052186018,PCM Storage + DSM
2024-01-26 12:00:00,113.35288784114418,78.7,4.35,151.87546405510932,38.52257621396514,40.33977504946644,37.065283556630284,945.8172895259776,54.01783255141568,53.86949616952971,18.37922391598435,67.05079014040979,31.876080759712845,0.0,32.72403012232111,0.23449033742580033,6.7024874811014685,PCM Storage + DSM
2024-01-26 13:00:00,114.33928941240981,77.5,4.6,142.57496689410758,28.235677481697763,41.482483453722686,37.78195004683568,945.6497042174806,54.54838716875212,54.48715867799157,17.25372335593337,67.63426892078098,32.10300855715341,0.0,22.43713139005373,0.23277627481941598,6.297095322441532,PCM Storage + DSM
2024-01-26 14:00:00,113.00213964322005,82.3,2.45,136.6829165570058,23.68077691378575,42.20641200527787,38.330022189754416,814.4043599954034,54.76738306222429,54.74210990918423,16.540696316683963,66.84331466925906,31.795388962041613,0.0,17.88223082214171,0.2316903819920832,5.9331147445115064,PCM Storage + DSM
2024-01-26 15:00:00,124.99625574829034,79.1,3.5,149.01798015148566,24.02172440319532,40.69086067587676,36.741882987071776,926.8402228019656,54.857777528299145,54.84734558302902,18.033425226065855,73.93810490528574,34.55470973895156,0.0,18.223178311551287,0.23396370898618485,7.235201125571669,PCM Storage + DSM
2024-01-26 16:00:00,111.76722786899155,80.8,3.6,132.71125833732413,20.94403046833257,42.69439099692726,38.715451367079666,831.9929306702719,54.895089458524886,54.890783486810705,16.06006571455588,66.1128364980125,31.51128985157535,0.0,15.145484376688543,0.2309584135046091,5.674706334147862,PCM Storage + DSM
2024-01-26 17:00:00,116.09864181570542,78.9,3.3,63.63775320585346,-52.46088860985196,42.1053089547609,34.80079319025603,413.17159187288576,49.367894536551226,49.94263849238212,7.701128835768545,68.67496555430407,0.0,0.0,0.0,0.23184203656785865,6.137354366842779,PCM Storage + DSM
2024-01-26 18:00:00,107.57043313542052,80.3,3.1,73.48551685136933,-34.08491628405119,37.81143381666182,31.525261664133453,413.17159187288576,45.42878241749416,45.861925575336144,8.892856902172682,63.63033774299703,0.0,0.0,0.0,0.23828284927500729,7.325849682297959,PCM Storage + DSM
2024-01-26 19:00:00,99.76161980184433,79.3,3.4,76.6156813938043,-23.14593840804004,35.00160503645492,29.241790093517533,413.17159187288576,42.39844206432689,42.73129027099296,9.271654065869985,59.01124850718489,0.0,0.0,0.0,0.24249759244531763,7.081349820862186,PCM Storage + DSM
2024-01-26 20:00:00,88.73984801207243,76.3,4.5,207.01373340587483,118.2738853938024,33.56519486385429,34.21759694258737,1157.2260616965834,50.11496455095746,49.32587670356518,25.05178689409552,52.491621867525154,49.164417080509466,0.0,89.5246205608214,0.24465220770421858,6.298994624103018,PCM Storage + DSM
2024-01-26 21:00:00,81.41024326570881,77.6,3.7,135.58181472790935,54.17157146220053,42.341699215441906,39.93480813493427,918.6304567952953,52.93741355135377,52.61169105816982,16.407446372743575,48.15599532090097,47.47819606296993,0.0,25.422306629219534,0.23148745117683714,4.235310383961231,PCM Storage + DSM
2024-01-26 22:00:00,91.98392800098144,78.0,3.15,125.0554938560545,33.07156585507306,43.63501882168873,40.292598602422075,869.3355530393573,54.10242493135553,53.96797715505522,15.133602638214347,54.410568360003374,49.91073779617857,0.0,4.322301022092063,0.2295474717674669,4.363177332195983,PCM Storage + DSM
2024-01-26 23:00:00,95.0446825417095,80.4,2.25,119.17608186373238,24.131399322022872,44.35739455917972,40.62882235732583,789.902887581051,54.583304184306265,54.52780846353759,14.422105029476167,56.221073714478976,45.997017844865496,0.0,0.0,0.2284639081612304,4.2646851145885805,PCM Storage + DSM
2024-01-27 00:00:00,106.73519464748912,80.0,1.6,129.0223263821872,22.28713173469808,43.147632740340725,39.25966941145032,836.3734802869559,54.7817956839767,54.758888834132236,15.613649258572641,74.31221687089972,30.48956992223581,0.0,22.28713173469808,0.23027855088948893,6.176400719850905,PCM Storage + DSM
2024-01-27 01:00:00,110.72981078882107,81.9,1.35,132.1086000422178,21.378789253396732,42.7684367911242,38.814681927985816,806.5005522733545,54.863726595322234,54.854271383955854,15.987134962906845,77.09338743034871,31.630656782627806,0.0,21.378789253396732,0.2308473448133137,6.5829564972081505,PCM Storage + DSM
2024-01-27 02:00:00,116.31007998370893,82.1,1.15,138.00992556210716,21.699845578398225,42.04336864142293,38.062457147553744,823.0698134535654,54.89754504218296,54.89364223483101,16.70128443929497,80.97853680378702,33.22469526603853,0.0,21.699845578398225,0.2319349470378656,7.26699673758725,PCM Storage + DSM
2024-01-27 03:00:00,113.3106467024083,81.1,1.65,134.20424559926093,20.893598896852623,42.51095466420986,38.518833786016685,830.8124510856426,54.91150421008781,54.90989325665313,16.240739711910003,78.89024214872079,32.36788855800441,0.0,20.893598896852623,0.23123356800368522,6.858265770265665,PCM Storage + DSM
2024-01-27 04:00:00,104.43067345867702,80.9,1.8,123.63861086710175,19.207937408424726,43.809104579825735,39.81235682806461,796.3199113804252,54.91726610593712,54.916601156136956,14.962138406788114,72.70774068165227,29.83126916065835,0.0,19.207937408424726,0.2292863431302614,5.7544812214129495,PCM Storage + DSM
2024-01-27 05:00:00,100.73778723226319,80.2,1.35,119.24506604341917,18.507278811155984,44.34891879702161,40.35026122056408,794.5823917976103,54.91964443135053,54.919369961445184,14.430453156627658,70.13664346256569,28.776373320659477,0.0,18.507278811155984,0.2284766218044676,5.323826230495571,PCM Storage + DSM
2024-01-27 06:00:00,85.28529814173162,80.5,1.45,101.03761997520893,15.75232183347731,46.58598217998008,42.58653628927155,711.7125752898014,54.92062612763938,54.92051283528419,12.227077316377267,59.37816099309274,24.362274033593327,0.0,15.75232183347731,0.22512102673002987,3.710191360212477,PCM Storage + DSM
2024-01-27 07:00:00,86.09041248430681,78.1,1.45,54.704314180873816,-31.386098303432995,46.47053104914139,40.350422032097974,413.17159187288576,51.37396373398405,51.74287044925483,6.620047851414705,59.93870554289112,0.0,0.0,0.0,0.22529420342628792,3.7867364338111726,PCM Storage + DSM
2024-01-27 08:00:00,74.88478383154084,79.3,2.55,60.11109274865092,-14.773691082889925,44.544387574090486,39.338952420323274,413.17159187288576,49.28384441301816,49.516277647540626,7.274349680742861,52.13701361391406,6.617611573032939,0.0,0.0,0.22818341863886427,3.8963906077156887,PCM Storage + DSM
2024-01-27 09:00:00,85.77933965558935,76.5,3.5,61.60826924392854,-24.171070411660814,40.878735601656196,35.13845922512206,413.17159187288576,46.326218155228304,46.64332753966181,7.455530638573359,59.722127388078725,0.3323296425576814,0.0,0.0,0.2336818965975157,5.776777236328722,PCM Storage + DSM
2024-01-27 10:00:00,78.55064627198274,78.8,3.2,163.0525600560145,84.50191378403176,38.96649775962771,38.17829837678093,977.8672602237951,51.63592815790726,51.09654739070902,19.73182126545845,54.68929606950625,26.976837657558637,0.0,79.96355511043186,0.23655025336055843,5.917437259162947,PCM Storage + DSM
2024-01-27 11:00:00,66.96994444233677,77.1,3.4,106.20599304700391,39.23604860466715,45.95096845509705,43.03994043341072,814.5265622044733,53.565217101501155,53.34256909197025,12.852528481638533,46.6264670399241,23.668738399861166,0.0,34.69768993106723,0.22607354731735443,3.091063830908995,PCM Storage + DSM
2024-01-27 12:00:00,81.05446898129385,73.3,4.5,107.08147091223627,26.02700193094242,45.84340260167835,42.29289206698752,931.6834663616931,54.361562058594636,54.269660116273556,12.958474519852809,56.43253190465061,27.692070133786853,0.0,21.488643257342506,0.22623489609748249,3.7775702317687716,PCM Storage + DSM
2024-01-27 13:00:00,81.55274608749825,80.0,5.1,101.18651243955551,19.633766352057265,46.567688462193395,42.75322326638267,723.0311336492455,54.69026766150009,54.65233349353172,12.245095552296108,56.77944724499693,27.834406077619093,0.0,15.095407678457349,0.2251484673067099,3.5540452956255777,PCM Storage + DSM
2024-01-27 14:00:00,107.99703447514898,75.9,4.95,129.63697831427575,21.639943839126772,43.07211334429865,39.148696148190936,943.380185730215,54.8259467694475,54.81028876415284,15.688031421356676,75.19074728665517,35.388380963802646,0.0,17.101585165526853,0.23039182998355204,6.283489234596101,PCM Storage + DSM
2024-01-27 15:00:00,82.06500374292663,77.2,6.15,98.00983207793823,15.944828335011593,46.957992258218084,42.98960317821573,774.211826068084,54.88195074434384,54.8754876230224,11.860669272258612,57.13609625950144,27.980735651992074,0.0,11.40646966141168,0.22456301161267286,3.442566725838661,PCM Storage + DSM
2024-01-27 16:00:00,106.64564620863347,74.0,5.95,126.48624227602019,19.840596067386727,43.459229483165345,39.47227745493328,989.3821637280341,54.90506738515641,54.9023996164062,15.306744796110559,74.24987058455368,35.0023485292332,0.0,15.302237393786811,0.229811155775252,6.032402750940679,PCM Storage + DSM
2024-01-27 17:00:00,91.3243021864083,83.6,1.7,65.55277104057036,-25.77153114583794,45.69806543931807,39.78770467747118,413.17159187288576,51.709797807648044,52.04204983041896,7.932874903550727,63.58269521195465,0.3158218243605404,0.0,0.0,0.2264529018410229,4.311644762863772,PCM Storage + DSM
2024-01-27 18:00:00,101.06866315756778,76.8,3.1,61.755513704220206,-39.31314945334758,41.093600376862355,34.57159319368447,413.17159187288576,47.42452352686972,47.88379602188033,7.473349441122709,70.36700912217592,0.0,0.0,0.0,0.23335959943470647,6.715714604293814,PCM Storage + DSM
2024-01-27 19:00:00,72.00127090846128,77.4,4.35,62.93445112904835,-9.066819779412931,41.011950945150005,36.107803180003536,413.17159187288576,45.82039939115715,46.00596191595999,7.616018667180105,50.12942615976993,11.500789537304755,0.0,0.0,0.233482073582275,4.808830347203293,PCM Storage + DSM
2024-01-27 20:00:00,104.41050851772788,76.1,3.7,71.56662725563847,-32.84388126208941,34.72091594429837,28.436877409297775,413.17159187288576,41.96247268699468,42.371319005315094,8.66064229285835,72.69370125004818,0.0,0.0,0.0,0.24291862608355244,8.723244150005781,PCM Storage + DSM
2024-01-27 21:00:00,104.1120963688511,83.3,3.1,228.65572857569958,124.54363220684849,30.906144563927285,31.73403900799144,1042.5634726694143,49.957415963426115,49.14246333696707,27.67079502480009,72.48593783707571,71.50801918710079,0.0,82.77587866007755,0.24864078315410906,8.698312540449084,PCM Storage + DSM
2024-01-27 22:00:00,124.52394533170978,78.6,2.95,187.61034990961483,63.08640457790504,35.94919746160306,33.594527486664155,1050.8249165355685,52.87238285787255,52.535983449685936,22.7036845707599,86.69727414347075,77.33879036103838,0.0,21.31865103113408,0.2410762038075954,10.403672897216492,PCM Storage + DSM
2024-01-27 23:00:00,110.36338850225619,81.5,2.15,159.50300218791145,49.13961368565526,40.91201467763216,38.14216911080095,938.7979728814917,54.997371459671584,54.762635339737656,19.30227117804645,76.83827333686277,73.29373953206544,0.0,7.371860138884244,0.23363197798355176,7.417038081837218,PCM Storage + DSM
2024-01-28 00:00:00,117.77176849569406,81.9,1.35,138.64264632426887,20.870877828574805,41.96562921309416,37.8885102121708,829.3746736596793,54.91517517106831,54.91416361925777,16.777853203291258,90.08894587609772,20.920743640103954,0.0,20.87087782857479,0.23205155618035875,8.12658369661647,PCM Storage + DSM
2024-01-28 01:00:00,118.43650076029307,81.8,0.8,140.09405322815985,21.65755246786678,41.78730166367818,37.789336449357116,836.4165868802027,54.91878085861225,54.91836460495634,16.953495349610154,90.59742961352029,21.03882536269853,0.0,21.657552467866765,0.23231904750448273,8.269388200539801,PCM Storage + DSM
2024-01-28 02:00:00,123.8606524567762,82.7,0.85,146.4491118557874,22.588459399011214,41.00648545809062,37.00732580519901,839.1102242555611,54.920269672562405,54.92009785644922,17.72255338174886,94.74660827365119,22.00236092437524,0.0,22.588459399011203,0.23349027181286408,9.09198754332739,PCM Storage + DSM
2024-01-28 03:00:00,124.13024290443524,82.2,2.3,146.75431124872938,22.624068344294145,40.96898704211873,36.969333910401524,850.2911128342365,54.92088420711577,54.92081328694658,17.759487115692004,94.95283018538852,22.050250437416747,0.0,22.624068344294145,0.23354651943682192,9.13314030653678,PCM Storage + DSM
2024-01-28 04:00:00,117.71339441775795,80.0,3.05,139.19646742155294,21.483073003794985,41.89758381601856,37.89772699209699,872.7231038377862,54.92113786722762,54.92110859366123,16.844873916740315,90.04429290692755,20.910374184543183,0.0,21.483073003794985,0.23215362427597216,8.159318318836487,PCM Storage + DSM
2024-01-28 05:00:00,112.11026036942087,80.3,2.15,132.59932945901002,20.48906908958915,42.7081431725061,38.70820227098943,842.6521358689756,54.9212425699689,54.92123048678158,16.046520630562235,85.75820256061833,19.915044552461758,0.0,20.48906908958915,0.23093778524124087,7.353863716677469,PCM Storage + DSM
2024-01-28 06:00:00,126.77907597269147,81.6,1.65,149.86415665507297,23.085080682381502,40.58689494314283,36.586919337097285,872.9229257322766,54.921285787895265,54.9212808003439,18.13582535717744,96.97904225615045,22.52078389610761,0.0,23.085080682381502,0.23411965758528575,9.55036325318153,PCM Storage + DSM
2024-01-28 07:00:00,123.43406271095088,84.3,1.5,74.76667346268907,-48.66738924826181,41.07068230801585,33.87895017839428,413.17159187288576,49.58190643045716,50.1372896613778,9.047896192932283,94.420290506551,0.0,0.0,0.0,0.23339397653797622,9.024304824289716,PCM Storage + DSM
2024-01-28 08:00:00,97.12325454247627,80.2,1.5,70.32937877134223,-26.79387577113404,39.53628022780176,33.655837266167815,413.17159187288576,46.32539118203016,46.68674441261804,8.510916548321093,74.29396478925688,0.0,0.0,0.0,0.23569557965829735,7.78469389107087,PCM Storage + DSM
2024-01-28 09:00:00,70.59945045784636,74.4,4.0,153.70047128384172,83.10102082599536,40.115544982836724,39.33693817781934,1070.9734998918284,51.64232466168854,51.10399468335919,18.600077341610703,54.00470887394123,15.153104175725609,0.0,80.48906316633675,0.2348266825257449,5.471040466182355,PCM Storage + DSM
2024-01-28 10:00:00,58.1073187717689,78.8,1.7,95.7223294601521,37.615010688383194,47.239046961085265,44.32589889365934,724.5426010744256,53.56785746279243,53.34564295492298,11.583846922564021,44.44891303493026,12.934026650941718,0.0,35.00305302872459,0.2241414295583721,2.6031825165885554,PCM Storage + DSM
2024-01-28 11:00:00,64.50921850276687,75.2,4.45,87.58567597025102,23.076457467484147,48.23875935973186,44.68737365698459,776.0576591177413,54.36265191487298,54.270928908101475,10.59918901650881,49.34601533488568,14.071247436471111,0.0,20.46449980782554,0.22264186096040223,2.593993889923772,PCM Storage + DSM
2024-01-28 12:00:00,57.71744043097327,74.9,4.85,73.12270186310478,15.40526143213151,50.01575705960497,46.200930622548256,701.9861980833122,54.690717519142694,54.65285721001802,8.848950811410257,44.15067747991706,12.864769434863547,0.0,12.793303772472905,0.21997636441059254,1.8501543450166107,PCM Storage + DSM
2024-01-28 13:00:00,62.1272141242064,74.2,5.4,75.6430267474959,13.515812623289499,49.706096578343164,45.78253027345974,737.7541702491063,54.826132456223476,54.810504937485604,9.153948170130711,47.52391258243692,13.648112897608423,0.0,10.903854963630891,0.22044085513248526,2.0798089715733417,PCM Storage + DSM
2024-01-28 14:00:00,63.82365262203566,74.4,6.3,76.53764936727664,12.713996745240983,49.59617849885083,45.62772787153837,737.1524251783275,54.8820273898768,54.875576852426136,9.262211012661275,48.821595023357865,13.949464871579902,0.0,10.102039085582373,0.22060573225172375,2.1687982497260045,PCM Storage + DSM
2024-01-28 15:00:00,66.59766684859866,71.8,8.55,79.34782698363047,12.750160135031805,49.25090517377254,45.26392774078905,840.6335148656287,54.90509902196895,54.902436447436145,9.602284927667803,50.94356381696986,14.4422352632383,0.0,10.138202475373197,0.2211236422393412,2.3685990408220188,PCM Storage + DSM
2024-01-28 16:00:00,56.234001261247855,72.0,8.45,66.96167117457689,10.727669913329038,50.772733963612026,46.778109260717905,753.5863043955067,54.9146222501509,54.91352322496161,8.103373089016486,43.01592784697117,12.601254239567414,0.0,8.11571225367043,0.21884089905458196,1.6072297590309552,PCM Storage + DSM
2024-01-28 17:00:00,64.12391043129125,70.5,8.3,36.075971776374416,-28.047938654916834,49.6412460560225,43.8450864341622,413.17159187288576,51.910084453650605,52.22256112675561,4.3657372004744905,49.05127578533005,0.0,0.0,0.0,0.22053813091596625,2.165737614854552,PCM Storage + DSM
2024-01-28 18:00:00,68.56450554269432,74.1,7.85,48.60943897339901,-19.95506656929531,45.994524888032856,40.594558611488225,413.17159187288576,49.50579226860785,49.76860613769271,5.8824759409347225,52.448087582917026,0.0,0.0,0.0,0.2260082126679507,3.4632967353843984,PCM Storage + DSM
2024-01-28 19:00:00,90.09086797222102,73.7,7.55,57.46009809975721,-32.63076987246381,40.47716527529403,34.32939521283788,413.17159187288576,45.86041960610555,46.25030341943178,6.953539307880961,68.91457462470579,0.0,0.0,0.0,0.23428425208705897,6.8319847598845795,PCM Storage + DSM
2024-01-28 20:00:00,89.13409167015008,75.5,7.55,66.63875928413908,-22.495332386011,36.970158263343215,31.314452743249433,413.17159187288576,43.01286907538173,43.32494207997389,8.064295875482266,68.18269321039256,0.0,0.0,0.0,0.23954476260498517,8.181923185247106,PCM Storage + DSM
2024-01-28 21:00:00,79.63055013577244,74.0,7.7,191.29097168574214,111.6604215499697,35.496976750853854,35.92017846240277,1186.8625260427789,50.350110462572104,49.59962787938474,23.149095369629595,60.91300498325943,38.70920575027052,0.0,87.09662897120852,0.24175453487371923,7.309560597991131,PCM Storage + DSM
2024-01-28 22:00:00,73.96926276176208,70.9,8.45,124.90968423110394,50.94042146934186,43.652933765478096,41.16810142230402,1095.158905354139,53.034473978801415,52.72468712892144,15.11595747240205,56.58243053115802,37.70354587662296,0.0,26.37662889058069,0.22952059935178284,4.531256688057603,PCM Storage + DSM
2024-01-28 23:00:00,64.0105492642676,72.9,9.15,102.87977697574992,38.869227711482324,47.77749168112358,44.92049762266201,978.2903991076562,55.00836627728156,54.79043065085281,12.450006123291432,48.964560707761876,35.93449973995103,0.0,14.305435132721186,0.22333376247831463,2.7094564107447807,PCM Storage + DSM
2024-01-29 00:00:00,71.33208542238604,69.7,10.2,83.89212218481345,12.560036762427401,48.69256896572688,44.61495424613216,954.0013960611941,54.921990116624194,54.92209766156177,10.15221324928642,62.43086786835532,20.27867032870927,0.0,12.560036762427401,0.2219611465514097,3.111840775357078,PCM Storage + DSM
2024-01-29 01:00:00,67.48562786708725,71.2,9.75,80.06772996061947,12.582102093532228,49.16245407617919,45.16223003785029,867.9507074011441,54.92159387954906,54.92163947527663,9.689404055791512,59.064392852601266,19.185178609864913,0.0,12.582102093532228,0.22125631888573122,2.777519348669137,PCM Storage + DSM
2024-01-29 02:00:00,67.50435783832602,72.7,8.55,80.09300072529395,12.588642886967932,49.15934917601357,45.15925712569689,812.7872372348148,54.92143079719219,54.92144961765915,9.692462199813457,59.080785593016216,19.190503267202047,0.0,12.588642886967932,0.22126097623597965,2.7793908614498886,PCM Storage + DSM
2024-01-29 03:00:00,68.22107319264713,71.3,8.45,80.9379256428193,12.71685245017217,49.05553721978072,45.055499224374266,869.2224287205653,54.92136348204321,54.921371250527066,9.794710870117159,59.70806518704306,19.394254977301927,0.0,12.71685245017217,0.22141669417032891,2.8460910093442213,PCM Storage + DSM
2024-01-29 04:00:00,70.20283133793869,74.4,6.5,83.27106816563179,13.068236827693099,48.76887495614122,44.768859272858656,776.1170821506643,54.92133569651329,54.921338903093734,10.077056337315968,61.44252843991337,19.957639881327037,0.0,13.068236827693099,0.22184668756578818,3.034446807598658,PCM Storage + DSM
2024-01-29 05:00:00,74.35462550361032,76.9,4.3,88.15809286591646,13.803467362306137,48.16842918424856,44.16842271069357,732.9993542237036,54.921324227539586,54.921325551112936,10.668460102290714,65.07623845187818,21.137934340121753,0.0,13.803467362306137,0.22274735622362715,3.4483524498629343,PCM Storage + DSM
2024-01-29 06:00:00,58.197856581966064,76.4,3.75,69.14113675001167,10.943280168045604,50.504953264717834,46.50495059264239,637.8529851050519,54.92131949351587,54.92132003984441,8.367121325621447,50.93560174184911,16.544800849083547,0.0,10.943280168045604,0.21924257010292325,1.984974682818178,PCM Storage + DSM
2024-01-29 07:00:00,52.75247859400657,72.4,5.05,36.50629071173678,-16.246187882269787,51.29244009603902,46.116144871864165,413.17159187288576,52.95352028576557,53.15820385050711,4.417812287899034,46.16972854963117,0.0,0.0,0.0,0.21806133985594148,1.5810989486798233,PCM Storage + DSM
2024-01-29 08:00:00,60.1762179626491,75.6,4.55,47.30100894810334,-12.87520901454576,48.25104560269945,43.21169575084248,413.17159187288576,51.17399324227415,51.3674305907144,5.724136155355004,52.667092097443266,4.23201108798262,0.0,0.0,0.22262343159595083,2.7646919219937565,PCM Storage + DSM
2024-01-29 09:00:00,88.88638062154295,77.3,4.45,60.49994883102318,-28.386431790519772,42.31955500708161,36.35569811882835,413.17159187288576,47.85012105056356,48.20373765852467,7.321407137017819,77.79463969152896,0.0,0.0,0.0,0.23152066748937758,6.852359572412377,PCM Storage + DSM
2024-01-29 10:00:00,100.93872410979914,78.5,4.7,177.0010285211039,76.06230441130477,37.25271495150049,35.91453708059676,1025.135322449552,52.23250302123596,51.79106666942274,21.419796520710353,88.34302418588186,32.49119601610434,0.0,72.26651380081302,0.23912092757274928,10.467209283870574,PCM Storage + DSM
2024-01-29 11:00:00,94.94890817892414,77.7,4.9,134.28263600493452,39.333727826010374,42.50132320324325,39.39255525446029,911.3690929547985,53.81146359662411,53.629245002210894,16.250226134405587,83.10065106974595,30.78837880737395,0.0,35.537937215518625,0.23124801519513513,7.229096888761825,PCM Storage + DSM
2024-01-29 12:00:00,77.74566968790434,75.4,5.25,101.18270628930769,23.43703660140335,46.568156105997886,42.93602527650445,838.3679151237701,54.46320469716311,54.38799071797496,12.244634950657142,68.04412913041114,25.89774929780867,0.0,19.641245990911596,0.22514776584100318,4.258954397950624,PCM Storage + DSM
2024-01-29 13:00:00,67.04119637242057,74.3,5.55,83.27867134805683,16.23747497563626,48.76794078882674,44.91978535868593,779.1995997156135,54.7322224758035,54.701176562648314,10.077976437169708,58.675420011617106,22.854623835798314,0.0,12.441684365144503,0.22184808881675988,2.8981171906565537,PCM Storage + DSM
2024-01-29 14:00:00,59.90099145225679,74.7,5.9,72.68488069349624,12.78388924123945,50.06955009038733,46.1322266483865,704.9730468894959,54.8432643683216,54.83044961321833,8.795967840385563,52.426209894120234,20.824767834841012,0.0,8.988098630747691,0.219895674864419,2.1800233297322427,PCM Storage + DSM
2024-01-29 15:00:00,47.61964534343428,73.5,5.75,57.32556226809946,9.705916924665182,51.95667740675741,47.982548275411226,635.6768775112884,54.889098892553854,54.88380937352646,6.9372584412502345,41.67739901013597,17.333360462424146,0.0,5.910126314173427,0.2170649838898639,1.2611554083324312,PCM Storage + DSM
2024-01-29 16:00:00,38.45215130868012,71.9,5.5,46.16207274706887,7.709921438388747,53.328282932319894,49.3389615953842,593.7915572096774,54.90801791098876,54.90583456754477,5.586307681249158,33.653876280095936,14.727175767691437,0.0,3.9141308278969973,0.21500757560152017,0.7414050715873376,PCM Storage + DSM
2024-01-29 17:00:00,62.20678655015654,73.9,4.75,41.488307512670154,-20.718479037486382,49.911889483581625,44.45947962391034,413.17159187288576,52.478747983043924,52.73134315202956,5.020711531086367,54.444274951886,0.0,0.0,0.0,0.22013216577462758,2.31544222707142,PCM Storage + DSM
2024-01-29 18:00:00,100.84514750956208,79.6,4.25,65.2123824468692,-35.63276506269288,41.89487460541236,35.522322186339956,413.17159187288576,48.45937968766921,48.887748979208695,7.891682745087192,88.26112459847494,0.0,0.0,0.0,0.23215768809188145,7.999172127163725,PCM Storage + DSM
2024-01-29 19:00:00,123.06643701823803,81.3,3.65,80.66221531787374,-42.40422170036429,34.661940952800265,27.84963490278223,413.17159187288576,43.669301565590985,44.184997046613404,9.761345758578905,107.7095170149575,0.0,0.0,0.0,0.2430070885707996,12.9251420417949,PCM Storage + DSM
2024-01-29 20:00:00,113.4606878685287,79.2,3.75,82.91221783367186,-30.548470034856834,31.26101275767682,25.079263262326005,413.17159187288576,39.91665216636122,40.32799495415643,10.033630029818243,99.30242710035547,1.7067468276577458,0.0,0.0,0.24810848086348478,11.916291252042656,PCM Storage + DSM
2024-01-29 21:00:00,88.58731114615054,78.7,3.1,227.0334662608407,138.44615511469016,31.10546431522731,32.68251299200987,1139.5504618692564,49.16434163939029,48.21918445277135,27.47447679446082,77.53288978205802,71.33683886366188,0.0,92.29339530047952,0.24834180352715904,9.303946773846961,PCM Storage + DSM
2024-01-29 22:00:00,83.00137106217278,77.4,2.35,145.1917390150101,62.190367952837335,41.160972953497264,39.06917451345966,957.1194765906613,52.545027954273735,52.15488253325795,17.570392286273048,72.6439946202474,69.74883766100311,0.0,16.037608138626695,0.2332585405697541,6.9036611733365865,PCM Storage + DSM
2024-01-29 23:00:00,90.27350425840754,78.9,2.8,140.25956281950062,49.986058561093074,43.48998873848136,40.90663247233195,946.252831397511,54.99270931409497,54.722218636358065,16.973524508753275,79.00867026384961,71.81619894449403,0.0,3.833298746882434,0.22976501689227796,6.4044481501333275,PCM Storage + DSM
2024-01-30 00:00:00,110.48233157583628,80.7,2.5,130.1006840247447,19.618352448908425,43.01514000155345,38.9322195755271,824.7331470635688,54.90793863134786,54.90573849689782,15.744146812587593,53.63937693111511,34.49136159895211,4.708865105710772,19.618352448908425,0.23047728999766984,4.500835060713291,PCM Storage + DSM
2024-01-30 01:00:00,122.53499495352075,81.8,1.95,144.97701411348626,22.44201915996551,41.1873551936428,37.19178848780701,852.7832353923734,54.915793776553954,54.91488709568558,17.54440733162617,59.49096735936111,38.25406976106953,5.2225614153428666,22.44201915996551,0.2332189672095358,5.6442572162410025,PCM Storage + DSM
2024-01-30 02:00:00,130.4927796302472,82.9,0.95,154.2796559423203,23.786876312073076,40.04438328412292,36.046213722553105,860.0064104280045,54.919036701095656,54.91866245239442,18.670167428861518,63.35448658205771,40.738402096354925,5.561729986901079,23.786876312073076,0.23493342507381562,6.445286350299286,PCM Storage + DSM
2024-01-30 03:00:00,144.80479379929955,83.2,1.4,171.0989741227642,26.294180323464644,37.9778726550736,33.97862820123234,903.8517286702973,54.92037527612324,54.9202207982881,20.705558839026335,70.30299601073779,45.206454579255954,6.171722038587904,26.294180323464644,0.2380331910173896,8.023875257076641,PCM Storage + DSM
2024-01-30 04:00:00,139.50775321477738,86.1,0.15,164.85328813805285,25.345534923275466,38.74525075771972,34.74556262289002,831.6390022444028,54.92092779687147,54.9208640333862,19.9497365478083,67.73127298063892,43.5527771124687,5.9459569844274665,25.345534923275466,0.23688212386342042,7.418504424731984,PCM Storage + DSM
2024-01-30 05:00:00,160.2665906623838,83.1,-0.6,189.28262695138406,29.016036289000255,35.743732635713194,31.74386136363185,954.8476131570843,54.92115585967777,54.92112954016048,22.906055338095197,77.80972707028307,50.03345649863635,6.830718954037593,29.016036289000255,0.24138440104643022,9.33716724843397,PCM Storage + DSM
2024-01-30 06:00:00,131.41082330081042,89.5,-1.2,155.31658163255202,23.905758331741595,39.916981094723255,35.917034229470616,748.3170386971972,54.92124999667402,54.92123913282322,18.795651091173756,63.80019848713968,41.02500517354732,5.600857906670461,23.905758331741595,0.2351245283579151,6.539399981497295,PCM Storage + DSM
2024-01-30 07:00:00,132.52161065821713,81.9,-1.8,72.88882125917307,-59.63278939904406,39.75643703969983,32.000712360357355,413.17159187288576,48.638380748504424,49.29190223528695,8.820647727590826,64.33948780973475,0.0,0.0,0.0,0.23536534444045026,6.656652053283757,PCM Storage + DSM
2024-01-30 08:00:00,113.99174843024177,84.5,-2.15,83.61738599750349,-30.37436243273828,36.153291815059745,29.99973871102762,413.17159187288576,44.905413253751085,45.320322756568046,10.118966023107996,55.343205324098044,10.071040168664531,0.0,0.0,0.24077006227741038,6.641184638891765,PCM Storage + DSM
2024-01-30 09:00:00,140.21582349594902,86.8,-2.6,99.9671971909182,-40.248626305030825,29.0,25.0,413.17159187288576,40.279665717756465,40.77771986312884,12.09754,68.07504241565863,9.501338148329268,0.0,0.0,0.2515,8.169005089879034,PCM Storage + DSM
2024-01-30 10:00:00,146.37359765213398,88.2,-3.2,244.16982827010347,97.79623061796948,29.000000000000007,25.0,985.3058629719055,49.31829801330433,48.398418162901685,29.548235294117646,71.06465319150983,52.92194592249766,7.415927156447613,89.39316131895912,0.2515,8.52775838298118,PCM Storage + DSM
2024-01-30 11:00:00,137.09077841259705,86.0,-2.5,207.6037039192165,70.51292550661947,33.492707957811696,31.34987956963531,944.5310790665528,52.60857625216439,52.22886436246765,25.123182232611825,66.55782723055381,50.02395245619572,7.020284314952436,62.10985620760909,0.24476093806328245,7.9869392676664575,PCM Storage + DSM
2024-01-30 12:00:00,144.27020078388998,84.1,-1.45,189.2745648943028,45.00436411041284,35.744723182801465,32.511298615597354,935.080840804496,53.966691463428894,53.80995859948656,22.90507970748072,70.04345011005582,52.26528869112027,7.326278323235428,36.60129481140246,0.2413829152257978,8.405214013206699,PCM Storage + DSM
2024-01-30 13:00:00,134.7167365896244,87.7,-0.7,166.97613077617882,32.25939418655443,38.48442705319005,34.80084475326402,810.4992622634021,54.52727777135769,54.46258348267573,20.20663255419916,65.40522552151717,49.28280286422698,6.919100328877519,23.85632488754406,0.23727335942021494,7.266091345477241,PCM Storage + DSM
2024-01-30 14:00:00,127.29422784403371,82.3,-0.2,153.67698462501656,26.382756780982845,40.11843067829609,36.249037734900334,870.3358506520373,54.75866978145734,54.73196605842958,18.597235101330014,61.801583756354475,46.96557775262782,6.60274574140256,17.979687481972473,0.23482235398255585,6.259846322243929,PCM Storage + DSM
2024-01-30 15:00:00,121.51144631483417,81.7,-0.4,144.98716194983598,23.475715635001805,41.18610837665215,37.24001877177493,854.9217436355113,54.85418096605225,54.84315852747117,17.54563537301979,58.99403259653748,45.16025733689734,6.356277932763807,15.072646335991429,0.23322083743502178,5.597551427435364,PCM Storage + DSM
2024-01-30 16:00:00,141.56499456262313,86.2,-0.2,167.81348411093347,26.248489548310346,38.38154538177056,34.40379786014234,838.3629817336964,54.89360491322653,54.88905520485263,20.307964948684337,68.73006747131843,51.420753237834674,7.210979786379952,17.845420249299963,0.23742768192734418,7.67788585273554,PCM Storage + DSM
2024-01-30 17:00:00,165.997850953276,88.6,-3.05,92.89758811453554,-73.10026283874045,34.88757488553495,26.261046526579925,413.17159187288576,47.15489203264722,47.9596603690574,11.242010576457535,80.59226457332699,0.0,0.0,0.0,0.24266863767169758,9.671071748799239,PCM Storage + DSM
2024-01-30 18:00:00,160.23724845053124,88.4,-2.6,102.73445524464606,-57.50279320588518,29.0,25.0,413.17159187288576,41.418933439767,42.04834763954577,12.432420000000002,77.79548137199716,0.0,0.0,0.0,0.2515,9.33545776463966,PCM Storage + DSM
2024-01-30 19:00:00,142.19536561967075,87.0,-2.75,100.31310444763417,-41.88226117203658,29.0,25.0,413.17159187288576,38.985986928687645,39.26469088479052,12.1394,69.03611378888944,8.570064454504013,0.0,0.0,0.2515,8.284333654666732,PCM Storage + DSM
2024-01-30 20:00:00,136.4005200694888,85.3,-3.45,97.37289276554834,-39.02762730394046,29.0,25.0,413.17159187288576,37.76852917488524,37.906517069471896,11.78359,66.22270552450604,9.368629663968363,0.0,0.0,0.2515,7.946724662940723,PCM Storage + DSM
2024-01-30 21:00:00,124.87436292973536,88.0,-3.6,244.16982827010347,119.29546534036811,29.000000000000007,26.01535208076938,988.6458828463866,48.28970959950741,47.200954021568364,29.548235294117646,60.626734851474744,112.80537617835623,16.662226466425555,34.134524825412264,0.2515,7.275208182176969,PCM Storage + DSM
2024-01-30 22:00:00,139.59273516486581,85.6,-3.85,218.9202646797179,79.32752951485207,32.10229528798958,30.30040058752842,977.5783869091468,52.184008120864995,51.734589487803596,26.492656923406027,67.77253187505323,117.40028915375268,11.45612689650547,0.0,0.24684655706801564,8.132703825006388,PCM Storage + DSM
2024-01-30 23:00:00,145.54860051945545,88.4,-3.7,210.24557019834157,64.69696967888612,35.13527734216344,32.76070959089513,942.948469788634,54.99278842995379,54.6823231826544,25.44288793492664,70.66411555317751,110.13563248708425,6.203423808997513,0.0,0.24229708398675484,8.479693866381302,PCM Storage + DSM
2024-01-31 00:00:00,167.4631483439765,89.4,-3.95,197.16833922152267,29.70519087754616,34.774852206135876,30.683509294706262,862.2740758948358,54.90190025254864,54.89870818590221,23.86034556826241,96.58261630211102,42.378602544160884,0.0,29.70519087754616,0.24283772169079618,11.589913956253321,PCM Storage + DSM
2024-01-31 01:00:00,163.2413302347219,89.8,-3.7,192.93885853392015,29.697528299198268,35.29450863349639,31.300943282455155,845.6296881370031,54.91330124666359,54.91198533549354,23.34851455533743,94.14772693943226,41.31021971823703,0.0,29.697528299198268,0.2420582370497554,11.297727232731871,PCM Storage + DSM
2024-01-31 02:00:00,162.86746412776728,87.2,-3.25,192.4060131795607,29.53854905179341,35.359976839556246,31.362633446188234,886.654106514219,54.918007864868265,54.91746469905435,23.284032223439425,93.93210357922771,41.21560831681504,0.0,29.53854905179341,0.24196003474066563,11.271852429507327,PCM Storage + DSM
2024-01-31 03:00:00,143.2716097353106,89.1,-3.55,169.30273964603472,26.031129910724133,38.198567548802544,34.199664110642075,794.5747457592998,54.91995060559642,54.91972640420633,20.4881873507559,82.63039986342774,36.25663714600317,0.0,26.031129910724133,0.23770214867679618,9.321419288686032,PCM Storage + DSM
2024-01-31 04:00:00,149.51588031693248,85.3,-2.85,176.63663994283493,27.12075962590245,37.297485664677936,33.29793829016069,879.0581096188646,54.92075250652734,54.92065996339957,21.375700001801924,86.23171750038378,37.836826362398426,0.0,27.12075962590245,0.2390537715029831,10.193889901264521,PCM Storage + DSM
2024-01-31 05:00:00,143.52946056734672,87.7,-2.25,169.58389994997913,26.05443938263241,38.16402270279068,34.164209532042115,817.8330534297066,54.92108350545771,54.92104530662899,20.522211992027813,82.77911262931084,36.32188945992775,0.0,26.05443938263241,0.237753965945814,9.355352917012993,PCM Storage + DSM
2024-01-31 06:00:00,137.11785119628902,86.4,-1.7,162.0345304293528,24.916679233063775,39.09157827844622,35.091655395556344,818.2196239850231,54.92122013117753,54.92120436392878,19.608624312099792,79.08128409875009,34.69935311153451,0.0,24.916679233063775,0.23636263258233067,8.49732591553453,PCM Storage + DSM
2024-01-31 07:00:00,126.83188145944447,81.9,-0.25,71.46576067398193,-55.36612078546254,40.57923595909897,33.060062624600604,413.17159187288576,49.03407354169261,49.646433151630895,8.648435913760586,73.14895881875354,0.0,0.0,0.0,0.23413114606135155,7.206970755602028,PCM Storage + DSM
2024-01-31 08:00:00,126.67822001467398,83.8,0.1,84.89547952187557,-41.78274049279841,34.7143113516221,27.93933274247191,413.17159187288576,44.269745713374164,44.790257071279264,10.273634634105495,73.0603361903875,0.0,0.0,0.0,0.24292853297256684,8.7672403428465,PCM Storage + DSM
2024-01-31 09:00:00,135.08569386421357,85.3,-0.35,97.37289276554834,-37.712801098665224,29.0,25.0,413.17159187288576,39.85450011106893,40.3349599833657,11.78359,77.90925864831358,0.0,0.0,0.0,0.2515,9.349111037797629,PCM Storage + DSM
2024-01-31 10:00:00,118.31472428499232,83.9,-0.55,244.16982827010347,125.85510398511114,29.0,28.358542202653766,1062.479181929632,49.15073008615874,48.203339178882885,29.548235294117646,68.23677765233234,36.96520060695997,0.0,118.83089472567244,0.2515,8.188413318279881,PCM Storage + DSM
2024-01-31 11:00:00,102.50600695844703,78.8,2.05,168.2601225876626,65.75411562921558,38.3266690098748,36.239382446616304,993.1458411569658,52.53940970366465,52.148341863092334,20.362014946979784,59.1192655616003,32.964610895493756,0.0,58.72990636977686,0.2375099964851878,6.6237216823492355,PCM Storage + DSM
2024-01-31 12:00:00,93.89229418473626,79.6,2.7,130.5410547819544,36.64876059721813,42.961033714917264,39.750534932204545,851.147212787303,53.93814173529273,53.776721499817135,15.797438322201492,54.151396964916145,30.784805286460003,0.0,29.62455133777942,0.2305584494276241,4.561377817683536,PCM Storage + DSM
2024-01-31 13:00:00,86.34282999049186,77.9,4.45,110.2708146365855,23.927984646093634,45.45154291775117,41.7774236448039,811.8341348565182,54.51549336120032,54.44886427620632,13.344433257951438,49.79732258634581,28.87432082660681,0.0,16.903775386654928,0.22682268562337324,3.4504934561958893,PCM Storage + DSM
2024-01-31 14:00:00,70.94267828319353,74.6,5.15,87.44526699181688,16.50258870862335,48.256010751449125,44.39052384143893,792.9677841712197,54.7538055557073,54.72630321094824,10.582197410455056,40.91544643598741,24.97712365351394,0.0,9.478379449184647,0.2226159838728263,2.146585342415599,PCM Storage + DSM
2024-01-31 15:00:00,68.47946055674383,74.7,4.85,82.60635696633557,14.126896409591737,48.850544899230286,44.906067579390715,763.4188039995673,54.85217317000376,54.84082108604052,9.996616247487536,39.49481141929953,24.35377621235318,0.0,7.102687150153026,0.22172418265115457,1.9311671542496907,PCM Storage + DSM
2024-01-31 16:00:00,82.07394129160379,76.6,5.4,97.80689534326633,15.732954051662546,46.982926141668344,43.005844119483264,788.9111625195699,54.89277615955032,54.8880903841578,11.836110863759133,47.3352857542528,27.794026210958958,0.0,8.708744792223825,0.2245256107874975,2.844966321033507,PCM Storage + DSM
2024-01-31 17:00:00,109.45992845645877,77.0,5.45,58.69516351646454,-50.76476493999423,43.06306321890298,35.88726060888244,413.17159187288576,49.58097846415216,50.133302088917816,7.1030008682836066,63.12986692959749,0.0,0.0,0.0,0.23040540517164554,5.279021786381205,PCM Storage + DSM
2024-01-31 18:00:00,114.08563897009664,80.2,4.8,74.57360688323013,-39.51203208686651,37.082311408423806,30.49608905075593,413.17159187288576,45.14439016364087,45.6283658120703,9.024532222216898,65.79769700493834,0.0,0.0,0.0,0.2393765328873643,7.8632282339234845,PCM Storage + DSM
2024-01-31 19:00:00,99.1960190820335,78.8,3.95,76.10131220296176,-23.094706879071737,34.79900798528341,29.05690359876109,413.17159187288576,42.13353967825789,42.46643113705583,9.209407628680182,57.210264732500654,2.0080617491982515,0.0,0.0,0.24280148802207488,6.865231767900078,PCM Storage + DSM
2024-01-31 20:00:00,101.81592224427759,75.1,4.3,224.56074269876117,122.74482045448359,31.40927624558721,32.15862351703579,1227.850165079212,50.012231076453205,49.20627675183594,27.17523991434634,58.721266432695366,57.97454670904576,0.0,90.53604098513291,0.24788608563161918,7.046551971923443,PCM Storage + DSM
2024-01-31 21:00:00,104.58342892040044,82.0,3.3,163.69356506915298,59.110136148752545,38.88774048429031,36.51490132634045,907.0507743504974,52.89500856344328,52.56232390473433,19.809392548884883,60.31739691308304,58.674898199063236,0.0,26.90135667940188,0.23666838927356454,6.5549060772109575,PCM Storage + DSM
2024-01-31 22:00:00,95.95802003123184,79.1,4.2,130.07826509442694,34.1202450631951,43.01789451022595,39.689529750358595,861.2190743446007,54.08492151528664,53.94759998082567,15.7414337835751,55.342782704348366,56.49213274463543,0.0,1.9114655938444542,0.23047315823466108,4.642851755219049,PCM Storage + DSM
2024-01-31 23:00:00,69.5642506236838,72.7,5.05,89.327234000097,19.76298337641319,48.02478230423103,44.30201174425932,864.8159074700482,54.57607933673059,54.519397420958704,10.809943829291507,40.12045272510132,37.3670697537223,0.0,0.0,0.22296282654365346,2.1605387835635503,PCM Storage + DSM
2024-02-01 00:00:00,61.09724479254327,76.8,3.25,75.36375841225102,14.266513619707744,49.740408967046974,45.854840369454884,665.3376442200017,54.77881349911138,54.755417026095095,9.120152485633263,41.94351179189142,26.912205579717202,4.154601028985547,14.266513619707744,0.22038938654942955,1.8269564525698465,PCM Storage + DSM
2024-02-01 01:00:00,91.52788885486365,79.1,2.2,109.53157711843437,18.003688263570723,45.542369559608005,41.589603164580474,779.7382338345797,54.86249564526029,54.852838333185574,13.254974358466095,62.8342750725715,40.31634109694298,6.223879039201798,18.003688263570723,0.226686445660588,4.319591416628755,PCM Storage + DSM
2024-02-01 02:00:00,79.38864421124636,80.9,2.6,94.56219761957412,15.173553408327763,47.38158691151206,43.401083425508645,673.9611825240305,54.897036945561375,54.89305071753275,11.443453456096595,54.50063330880479,34.969228497335514,5.398412711567414,15.173553408327763,0.22392761963273192,3.145257628489738,PCM Storage + DSM
2024-02-01 03:00:00,79.99969070506884,74.2,3.45,95.00028803421601,15.000597329147169,47.327760799857025,43.33580833419706,844.5431453497073,54.91129448413318,54.909649097324376,11.49646900983494,54.92011925953894,35.238383168979944,5.4399637569641905,15.000597329147169,0.22400835880021447,3.1872031822718387,PCM Storage + DSM
2024-02-01 04:00:00,79.01025464195646,78.4,3.25,93.71964715656947,14.709392514613,47.485107129670126,43.48842889318977,724.2085953520934,54.91717953780385,54.916500375013584,11.341492130635494,54.24086730110134,34.80255489507198,5.372682292801934,14.709392514613,0.2237723393054948,3.0965762493825473,PCM Storage + DSM
2024-02-01 05:00:00,77.42274917736667,80.5,2.8,91.80320249088587,14.380453313519197,47.720571684721165,43.72194280193724,669.0479317219138,54.9196086988075,54.91932836223666,11.109573394766404,53.151038219613184,34.1032881185253,5.264732223054928,14.380453313519197,0.22341914247291825,2.9592674942492767,PCM Storage + DSM
2024-02-01 06:00:00,87.50684863060644,74.7,2.5,103.65274893804828,16.145900307441835,46.26467356686842,42.26523951998609,870.8099487812434,54.920611378394106,54.920495664467964,12.543547399785602,60.073814291819794,38.54514729717397,5.950449068504819,16.145900307441835,0.22560298964969738,3.8694720390360655,PCM Storage + DSM
2024-02-01 07:00:00,90.50810536510123,81.3,2.2,61.34380694485245,-29.164298420248777,45.831644969090036,39.77611144581684,413.17159187288576,51.4819764288011,51.83964641120541,7.423526707969455,62.13418947995167,16.857380878796526,0.0,0.0,0.22625253254636496,4.1636201260195875,PCM Storage + DSM
2024-02-01 08:00:00,111.11703733889856,81.9,1.9,73.48346844623549,-37.633568892663064,39.412618183334715,32.89169234806968,413.17159187288576,47.193441898448434,47.65408884273036,8.892609014228047,76.28230670187187,18.86736697868536,0.0,0.0,0.23588107272499792,8.049636322930715,PCM Storage + DSM
2024-02-01 09:00:00,96.36215588828743,80.0,1.15,73.92404196775975,-22.438113920527684,37.25788312763971,31.561044974548004,413.17159187288576,44.2629688700409,44.58654951926755,8.94592506138501,66.15301942855773,26.560240613201795,0.0,0.0,0.23911317530854043,7.836003846108646,PCM Storage + DSM
2024-02-01 10:00:00,77.81750684477257,78.9,1.55,178.98240491123866,101.1648980664661,37.00927254043285,36.97743971831132,1020.6884796452584,50.836697707862555,50.166101742533954,21.65957297547014,53.42204099451736,39.203807392782956,6.738938501206467,94.7908994069347,0.2394860911893507,6.4076727711313195,PCM Storage + DSM
2024-02-01 11:00:00,58.109621910063,77.0,3.35,102.28203349533865,44.172411585275654,46.433086935434986,43.78697096316421,799.3712932591818,53.2353211608323,52.958509944139045,12.37767013841627,39.89249629967842,30.522848820833627,5.398806072863871,37.79841292574426,0.2253503695968475,2.5292432419631,PCM Storage + DSM
2024-02-01 12:00:00,65.25313061677647,74.7,2.7,91.167796101927,25.914665485150522,47.79864108340084,44.357477095627104,809.5953654996548,54.22539161748654,54.11113284408537,11.032679629384493,44.79654463594781,33.66943219833866,5.88456330666799,19.540666825619123,0.22330203837489873,2.473134512512864,PCM Storage + DSM
2024-02-01 13:00:00,77.95262690740849,80.3,1.55,98.05734396453285,20.10471705712436,46.95215469586267,43.1828242401018,702.4462903675116,54.63406088006695,54.586898530799985,11.866418927792678,53.514801477575716,39.26332527965249,6.748126639774254,13.730718397592957,0.224571767956206,3.2262506803698043,PCM Storage + DSM
2024-02-01 14:00:00,95.09476016365426,80.7,2.0,114.90804293175033,19.813282768096073,44.88178845692953,40.977001430837994,766.3855486914234,54.802746416614944,54.78327931468335,13.90560788689247,65.28294701037183,46.81411772264163,7.913788441828182,13.439284108564669,0.22767731731460572,4.746675372160475,PCM Storage + DSM
2024-02-01 15:00:00,108.7854384640437,79.6,0.9,129.64949184678642,20.864053382742725,43.07057586533173,39.10987672071944,847.8690239763374,54.87237438437746,54.86433899039252,15.689545747699146,74.68165441004592,52.84460813504761,8.844751963136593,14.49005472321133,0.23039413620200241,6.241634636137491,PCM Storage + DSM
2024-02-01 16:00:00,108.79575834395263,83.8,0.6,129.09493705448182,20.29917871052919,43.13871140806855,39.15493353800317,758.4533054728134,54.90111457155623,54.89779781918497,15.622436246076486,74.68873905037825,52.849153851153304,8.845453713008197,13.925180050997795,0.23029193288789718,6.211692999268517,PCM Storage + DSM
2024-02-01 17:00:00,120.53011282177205,81.0,1.6,68.36775607478253,-52.162356746989516,41.47047019258204,34.14435897784796,413.17159187288576,49.337595798920894,49.916158326842634,8.27353058869258,82.74442203709653,9.124952006025133,0.0,0.0,0.23279429471112695,7.709891810535972,PCM Storage + DSM
2024-02-01 18:00:00,104.78177305332508,81.7,1.3,75.26177214105776,-29.52000091226732,38.18442137028987,32.12597121962682,413.17159187288576,45.77867338748281,46.17242608993448,9.107810607198331,71.93312151080528,23.759571523737563,0.0,0.0,0.2377233679445652,8.1207798232023,PCM Storage + DSM
2024-02-01 19:00:00,110.18516170370418,79.4,2.1,78.79061701288762,-31.39454469081656,33.84407974500425,27.622945421705538,413.17159187288576,41.984457527135596,42.39515691330592,9.534854109370611,75.64257021578204,24.632549843819426,0.0,0.0,0.24423388038249363,9.077108425893845,PCM Storage + DSM
2024-02-01 20:00:00,119.73597915632956,82.0,1.65,91.66542302973468,-28.07055612659488,29.0,25.0,413.17159187288576,38.52324650304021,38.899998174903146,11.0929,82.1992459841677,32.812950505889894,0.0,0.0,0.2515,9.863909518100124,PCM Storage + DSM
2024-02-01 21:00:00,122.25635770572573,83.8,1.05,244.16982827010347,121.91347056437773,29.0,26.922635065701588,1064.4180125535913,48.61866987959733,47.5839254257777,29.548235294117646,83.92949630503865,102.07771292479363,22.00917543963782,59.991654199915025,0.2515,10.07153955660464,PCM Storage + DSM
2024-02-01 22:00:00,123.5733985668825,80.8,1.1,197.38757175531336,73.81417318843086,34.74791613438484,32.836985341469216,1023.9324190084329,52.31979258459593,51.8926674118261,23.88687601446237,84.83365031522199,102.65784504912577,22.098733967776973,11.89235682396815,0.24287812579842274,10.180038037826638,PCM Storage + DSM
2024-02-01 23:00:00,117.03123211898684,82.7,1.2,174.82939165640093,57.798159537414094,39.39514412503889,36.94214742601859,964.4475736622052,54.99292470500559,54.69747716634431,21.156995676288904,80.342425932133,99.7761418073458,17.530211066185842,0.0,0.23590728381244166,8.486500975079636,PCM Storage + DSM
2024-02-02 00:00:00,121.4655304658932,81.8,1.85,143.02651800068392,21.560987534790726,41.427003490070895,37.338764007418476,846.3039299283564,54.904233140741084,54.90142429455015,17.308367856603116,75.62581796017628,42.39670322572941,0.0,21.560987534790726,0.23285949476489365,7.066323594926154,PCM Storage + DSM
2024-02-02 01:00:00,126.81668342072483,80.8,2.15,150.04686150786708,23.23017808714225,40.56444685599523,36.570108293332694,890.8769360159598,54.91426421837866,54.913106410510316,18.157935402542115,78.95750652801067,44.264486150410136,0.0,23.23017808714225,0.23415332971600716,7.786261767955337,PCM Storage + DSM
2024-02-02 02:00:00,111.85972745655417,82.9,2.2,132.36038855297025,20.50066109641608,42.73750071939048,38.7398381416414,787.2960610408941,54.918405348641755,54.91792744278813,16.017605173795634,69.64513597608394,39.04386412915856,0.0,20.50066109641608,0.23089374892091427,5.959882210541095,PCM Storage + DSM
2024-02-02 03:00:00,103.10814388192097,78.1,2.65,122.02578164454361,18.917637762622647,44.00726533137944,40.008230144165,855.0480791699666,54.92011467412257,54.91991740994658,14.766961723022508,64.19630070784031,35.98918441759152,0.0,18.917637762622647,0.22898910200293082,5.004513010823683,PCM Storage + DSM
2024-02-02 04:00:00,83.56872977797242,78.5,2.75,99.01333513888497,15.444605360912547,46.83469655030163,42.83509479400947,746.9831599807522,54.920820228741604,54.92073880443003,11.982108291867622,52.03083970498701,29.169087079751712,0.0,15.444605360912547,0.22474795517454757,3.1734556460628447,PCM Storage + DSM
2024-02-02 05:00:00,103.10123250583905,79.5,1.55,121.99799203182394,18.89675952598489,44.010679710574024,40.010844092776665,821.2129269004408,54.921111459011115,54.92107784967235,14.76359876036168,64.19199760664428,35.98677204957647,0.0,18.89675952598489,0.22898398043413898,5.002862501584608,PCM Storage + DSM
2024-02-02 06:00:00,111.49839611679589,84.3,-0.05,131.87936000620692,20.380963889411035,42.7966024376705,38.796670289360335,759.0911993648077,54.921231669505914,54.92121779665111,15.95939345786148,69.42016698266619,38.9177439243636,0.0,20.380963889411035,0.23080509634349425,5.916013382988646,PCM Storage + DSM
2024-02-02 07:00:00,115.74189640045209,82.5,0.0,69.72964093840278,-46.01225546204931,42.18304244298818,35.17147884659954,413.17159187288576,49.88325416636079,50.40728627609577,8.438339216682575,72.06221842503693,0.0,0.0,0.0,0.23172543633551773,6.406456991207323,PCM Storage + DSM
2024-02-02 08:00:00,123.17302959780339,81.5,0.2,78.57214088343954,-44.60088871436385,36.07040038454346,29.17756481923365,413.17159187288576,44.939381493555295,45.47497069975557,9.508415199515055,76.68892630063884,0.0,0.0,0.0,0.2408943994231848,9.20267115607666,PCM Storage + DSM
2024-02-02 09:00:00,138.50227261088733,85.6,0.2,97.8917536506223,-40.610518960265026,29.0,25.0,413.17159187288576,40.15543365348802,40.67485878792969,11.84638,86.2330869948558,7.73274126714324,0.0,0.0,0.2515,10.347970439382696,PCM Storage + DSM
2024-02-02 10:00:00,137.87357155931417,84.8,1.0,244.16982827010347,106.2962567107893,29.0,25.729004058780223,1045.342420930767,49.27336031878725,48.34610303488969,29.548235294117646,85.84165058408745,56.98111085218518,0.0,97.43896233271865,0.2515,10.300998070090493,PCM Storage + DSM
2024-02-02 11:00:00,107.3889266120981,80.2,1.65,173.00939317364418,65.62046656154608,37.7431484390128,35.61521511262066,973.4702270795902,52.59002750102752,52.20727022724065,20.936748384539392,66.86156462458867,46.340656397233744,0.0,56.76317218347543,0.2383852773414808,7.72525935066634,PCM Storage + DSM
2024-02-02 12:00:00,105.91639698995762,78.1,1.85,144.28184207109578,38.36544508113816,41.27276771745653,38.04549127648461,935.9300109587962,53.95903513513644,53.80104523452054,17.460281019935756,65.94475096792553,45.826680118189586,0.0,29.508150703067507,0.2330908484238152,6.222770497722288,PCM Storage + DSM
2024-02-02 13:00:00,112.5648516269977,83.8,1.75,140.96494697918104,28.400095352183342,41.680299038842264,37.999254487816835,799.5150240398763,54.524117485120726,54.458904332102364,17.05888664080148,70.08415428810008,48.14727722154197,0.0,19.542800974112687,0.2324795514417366,6.4420097148560025,PCM Storage + DSM
2024-02-02 14:00:00,130.72731171999024,81.4,1.75,157.74355903476692,27.016247314776678,39.6187897801686,35.7504443379532,901.9270158909746,54.75736531687354,54.730447423324534,19.08935199534453,81.3923080946428,54.48675828632008,0.0,18.158952936706026,0.2355718153297471,8.488180903621629,PCM Storage + DSM
2024-02-02 15:00:00,116.05213024174235,82.6,0.8,138.5719840516099,22.51985380986754,41.974311154654224,38.02865392459647,814.8458785732771,54.85364252499886,54.84253168371028,16.769302001557048,72.25537353592733,49.364487700331054,0.0,13.662559431796899,0.23203853326801865,6.514120560930454,PCM Storage + DSM
2024-02-02 16:00:00,102.43227202738773,81.1,1.55,121.7573624495276,19.32509042213988,44.0402447371788,40.062675685979144,784.8622855181975,54.893382662065726,54.888796463895524,14.734478948275182,63.77549521973775,44.61057039987812,0.0,10.467796044069217,0.2289396328942318,4.959088858878146,PCM Storage + DSM
2024-02-02 17:00:00,85.79158880847235,77.8,2.8,54.157830228755024,-31.63375857971733,46.48650242095191,40.3567424659089,413.17159187288576,51.33146747173873,51.701778537869295,6.553915043294766,53.41481696789391,0.0,0.0,0.0,0.22527024636857215,3.3694592932634975,PCM Storage + DSM
2024-02-02 18:00:00,81.40566792645767,76.0,4.6,56.10812212838794,-25.297545798069727,43.55886380582203,37.82995445218447,413.17159187288576,48.3653592924169,48.68896700483438,6.78992980544145,50.684092844442986,3.1165395044220716,0.0,0.0,0.22966170429126695,4.087510768803116,PCM Storage + DSM
2024-02-02 19:00:00,76.58937852353495,76.8,5.4,61.41709496128431,-15.172283562250634,41.28927059560759,36.04553558317447,413.17159187288576,46.22020313336851,46.456515977571804,7.432395664339332,47.68541639498529,11.560709238675237,0.0,0.0,0.23306609410658863,4.495036041104347,PCM Storage + DSM
2024-02-02 20:00:00,81.71246100824924,73.9,6.15,61.392947994150546,-20.31951301409869,38.40323212238388,32.87149055116694,413.17159187288576,43.610656559855315,43.89171794662247,7.4294735167850545,50.87510569941524,8.20165629148875,0.0,0.0,0.23739515181642418,5.67667518864726,PCM Storage + DSM
2024-02-02 21:00:00,74.62271408224561,76.2,5.55,180.53119470494244,105.90848062269683,36.81898001272663,37.016920923797926,1095.130997618855,50.57724875696745,49.86405662537139,21.846999921582672,46.46094879125254,76.95833007109064,0.0,54.99669273282023,0.23977152998091006,5.575313854950305,PCM Storage + DSM
2024-02-02 22:00:00,67.60987564041729,74.9,6.0,115.5757987398872,47.96592309946992,44.79974443705191,42.239624996452896,917.270647897124,53.12822910399472,52.833835223959255,13.986416420353105,42.09467597828562,71.56468253073196,0.0,0.0,0.22780038334442212,3.081394828647458,PCM Storage + DSM
2024-02-02 23:00:00,76.63782521704408,71.8,6.95,116.23427729165789,39.59645207461381,46.04513421540375,43.12364215670476,1078.1413544047416,54.99115419224403,54.785387973802536,14.066102265740712,47.71557985625732,66.34635485880075,0.0,0.0,0.22593229867689438,3.1363066389569,PCM Storage + DSM
2024-02-03 00:00:00,83.57620331571485,77.5,6.1,98.44394150775886,14.867738192044015,46.90465527147043,42.835894228038065,768.6602428579658,54.91716215936566,54.91647723779733,11.91320306673524,55.86423456045603,35.84415564686171,5.114334547979156,14.867738192044015,0.22464301709279436,3.383812235299434,PCM Storage + DSM
2024-02-03 01:00:00,101.07535702164445,77.0,5.15,119.64324283057307,18.567885808928622,44.29999668531253,40.30137295266416,874.059817147495,54.919601084418815,54.91931949765819,14.478638558889827,67.56106677410254,43.34919134170234,6.18517197308393,18.567885808928622,0.2285500049720312,5.148154631849543,PCM Storage + DSM
2024-02-03 02:00:00,93.1014276202945,77.5,4.5,110.23781474989973,17.136387129605225,45.45559745883672,41.456165935793926,821.8247057379289,54.92060823541329,54.920492005464055,13.340439773484588,62.23111105976142,39.92933311364459,5.69721797418766,17.136387129605225,0.22681660381174493,4.310525979946344,PCM Storage + DSM
2024-02-03 03:00:00,75.89489673515031,76.4,5.55,89.97696366630288,14.082066931152568,47.94495307174857,43.94518772077041,755.3927343867716,54.921023954978864,54.920975978991564,10.888570927449525,50.72987459286527,32.54979747166511,4.644287213210909,14.082066931152568,0.22308257039237714,2.7561683706162294,PCM Storage + DSM
2024-02-03 04:00:00,70.08113655648735,74.9,3.7,83.13059280628498,13.049456249797629,48.786134503769446,44.786231359343816,760.4847167786644,54.921195550653884,54.92117574770833,10.06005669816967,46.84382510253149,30.056392453608513,4.288521895383763,13.049456249797629,0.22182079824434583,2.3086132723268524,PCM Storage + DSM
2024-02-03 05:00:00,57.142856311079434,76.8,3.95,67.90041396442504,10.757557653345607,50.657395046044,46.657435024912054,620.4750715210927,54.921266379833256,54.921258205813814,8.21697513817878,38.19558441004628,24.507423817557584,3.496781052591927,10.757557653345607,0.219013907430934,1.4535570173904242,PCM Storage + DSM
2024-02-03 06:00:00,75.16253077332753,75.7,3.4,89.10958816068985,13.947057387362321,48.05152342629543,44.051539928287184,769.9348995371992,54.92129561584199,54.92129224186948,10.783605397065253,50.24034453224731,32.23570041431406,4.59947105272842,13.947057387362321,0.22292271486055684,2.697447276609969,PCM Storage + DSM
2024-02-03 07:00:00,84.90963695028563,79.0,3.1,55.96440394238974,-28.945233007895894,46.641960175272416,40.6407298852676,413.17159187288576,51.573480978236866,51.92170872753527,6.772537735315484,56.7555319199576,12.6667377984143,0.0,0.0,0.22503705973709137,3.52725635940311,PCM Storage + DSM
2024-02-03 08:00:00,102.54503079960321,79.7,2.85,67.37620216980754,-35.16882862979567,40.743776410201605,34.399405096683566,413.17159187288576,47.58218383297981,48.01152858841796,8.153537597344805,68.5434301431239,15.085782992953874,0.0,0.0,0.2338843353846976,6.685543956110095,PCM Storage + DSM
2024-02-03 09:00:00,115.02874145160837,80.4,2.1,78.61239030181278,-36.41635114979559,34.9471285869204,28.468190232011693,413.17159187288576,43.34959485045394,43.80734200759969,9.513285986757563,76.88782618387285,19.95619739817967,0.0,0.0,0.2425793071196194,9.226539142064741,PCM Storage + DSM
2024-02-03 10:00:00,100.40168689597566,82.6,1.75,212.99867500274325,112.5969881067676,32.82985319949667,33.16042383573239,1022.3715510284899,50.502823270051856,49.77741469735238,25.776055178095756,67.11077034493158,48.91886368380982,7.466095462958323,105.41624433623282,0.245755220200755,8.05329244139179,PCM Storage + DSM
2024-02-03 11:00:00,91.3972901046932,77.1,2.4,144.18011808278138,52.78282797808818,41.2852660661307,38.74981614219121,961.7106461499545,53.09750910093604,52.79807152780371,17.44797088168868,61.09202679751995,45.0570586808522,6.91508338336665,45.602084207553396,0.23307210090080394,5.760269679623034,PCM Storage + DSM
2024-02-03 12:00:00,83.40218225336834,78.3,2.45,113.65147954087638,30.249297287508043,45.03617649902832,41.640691378488775,816.2133657955608,54.16850722858865,54.044909022463806,13.753544747074699,55.747914925683176,41.628117440798896,6.425833397406092,23.06855351697326,0.22744573525145753,4.001749288308348,PCM Storage + DSM
2024-02-03 13:00:00,99.74990491186325,80.6,2.3,124.17644021356566,24.4265353017024,43.743024014064474,39.99254832652571,804.8598845415294,54.61058083265195,54.55956346573549,15.027223876970849,66.6751044472455,48.639327476618256,7.426210531759615,17.245791531167615,0.2293854639789033,5.303461551101259,PCM Storage + DSM
2024-02-03 14:00:00,97.19042224681496,80.8,1.95,117.56581023699286,20.3753879901779,44.55524107094753,40.658236687166664,774.8838361617514,54.79305460771461,54.77199627840149,14.227237853414975,64.96428803921188,47.541616748184325,7.269586395947158,13.194644219643115,0.22816713839357872,4.8507894218731105,PCM Storage + DSM
2024-02-03 15:00:00,106.62835857158319,78.4,1.7,127.18941930465803,20.56106073307484,43.37283342428866,39.41534670428018,867.4545968693424,54.868373917168,54.85968171566364,15.39183983198299,71.27281926815277,51.58935815290249,7.847128350384244,13.380316962540055,0.22994074986356702,5.827479482926121,PCM Storage + DSM
2024-02-03 16:00:00,117.42361041910097,83.4,1.25,139.28276305469527,21.8591526355943,41.88698107688157,37.904529192442084,801.5190192359079,54.89946330727125,54.89587544586644,16.855316991099706,78.48861105365417,56.21922493457217,8.507729422071296,14.678408865059506,0.23216952838467764,7.117199184618947,PCM Storage + DSM
2024-02-03 17:00:00,133.49080612329857,82.9,2.05,74.89845310048231,-58.592353022816255,39.59448868372226,31.87700284626278,413.17159187288576,48.68127637513777,49.32792413622927,9.063843518496933,89.22828998064934,6.827965881218681,0.0,0.0,0.2356082669744166,9.318384065941823,PCM Storage + DSM
2024-02-03 18:00:00,109.34792599947203,82.0,1.3,78.05784518809274,-31.290080811379283,36.86776083903608,30.708528377782848,413.17159187288576,44.94017886204041,45.355654038711556,9.446177656389748,73.09063997150113,22.298450100426614,0.0,0.0,0.23969835874144588,8.770876796580136,PCM Storage + DSM
2024-02-03 19:00:00,97.1459178864197,78.3,1.55,75.07696462493072,-22.06895326148897,34.89127516565778,29.197252761734973,413.17159187288576,42.023425040634926,42.34373872048168,9.085446107827826,64.93454031283225,25.539695700333084,0.0,0.0,0.24266308725151334,7.792144837539871,PCM Storage + DSM
2024-02-03 20:00:00,95.25144996720502,80.3,2.15,217.73036490388853,122.47891493668351,32.24849268480879,33.035493384368415,1082.462253281221,49.96761449336506,49.15433497112009,26.34866108738598,63.66823488129121,73.89059712947605,13.343771505920474,81.92476656432649,0.2466272609727868,7.640188185754945,PCM Storage + DSM
2024-02-03 21:00:00,105.29662406759739,81.2,1.75,164.89615337487123,59.599529307273826,38.73998410739825,36.38193347452756,927.7503958923966,52.876592283137825,52.54088398975141,19.954923888571987,70.38265764616717,78.19877062467697,13.958472567992313,19.045380934916853,0.23689002383890262,7.711130683095364,PCM Storage + DSM
2024-02-03 22:00:00,116.69743494087889,80.1,1.8,154.63912990370878,37.941694962829885,40.00021640683895,36.67795586472643,921.2513654111267,54.077319866694644,53.938750273021135,18.71366920493463,78.00321885302735,83.08834951471852,12.043676608923162,0.0,0.23499967538974156,7.956227040428669,PCM Storage + DSM
2024-02-03 23:00:00,113.14095266084405,83.0,1.7,140.68031812818808,27.539365467344027,41.715270048939146,37.99501911386078,814.0379830723515,54.572941620516524,54.51574454601558,17.02444225297429,75.62598523365074,76.06324853833968,6.923510042670567,0.0,0.23242709492659128,6.935536569475603,PCM Storage + DSM
2024-02-04 00:00:00,134.69263817614052,80.6,1.6,162.0134995911927,27.32086141505218,39.09416223875481,35.20963366133536,932.4870194305369,54.77751835070759,54.75390923672567,19.606079263193504,69.47374200784637,44.57642070087341,16.375301969461308,28.77349644349841,0.23635875664186778,7.463913318354608,PCM Storage + DSM
2024-02-04 01:00:00,132.41916519344534,84.7,1.4,157.67249813304076,25.253332939595424,39.627520699409885,35.67518359128234,835.6901370836179,54.86196104962658,54.852215966195736,19.080752553475346,68.30109680911602,43.8240166385507,16.0989037407596,26.681448985151363,0.23555871895088518,7.119356343143818,PCM Storage + DSM
2024-02-04 02:00:00,138.27930953349875,83.4,0.7,163.8828024973018,25.603492963803063,38.86448977029061,34.884163480121806,879.0786362846316,54.896816281666226,54.892793824442855,19.832293134485532,71.32372790107819,45.763426713275464,16.811352724255737,27.094809575146275,0.2367032653445641,7.760953181826075,PCM Storage + DSM
2024-02-04 03:00:00,130.67415364314272,82.6,0.65,154.6475968548774,23.97344321173469,39.99917611231584,36.007296787401124,867.2133470545851,54.91120340116964,54.909543060113684,18.714693833846095,67.40102918932601,43.24650646392298,15.886753385229145,25.382739632570694,0.23500123583152624,6.875238162578347,PCM Storage + DSM
2024-02-04 04:00:00,137.6614893046953,84.0,0.4,162.7548245106069,25.093335205911615,39.00307912770873,35.00643108137718,864.0758177063191,54.91714194168398,54.91645660626113,19.695790769743827,71.00505953312336,45.558959603494465,16.736241025899453,26.577988741100146,0.2364953813084369,7.667234627699712,PCM Storage + DSM
2024-02-04 05:00:00,144.2382582595652,84.9,0.5,170.44756455850873,26.209306298943517,38.057908288739384,34.059291867478535,869.2712099572113,54.91959318033759,54.91931029590242,20.626728447843984,74.39732176662666,47.73553602039813,17.535813883612256,27.764889062983798,0.23791313756689092,8.455445351853646,PCM Storage + DSM
2024-02-04 06:00:00,135.50078033571035,84.3,0.2,160.1433144840314,24.64253414832106,39.32394309911882,35.324514195952716,850.6055482113278,54.9206049728685,54.920488207265855,19.379758632256145,69.89057740924518,44.84387470117287,16.473552119405678,26.103884839515096,0.23601408535132176,7.41233893872755,PCM Storage + DSM
2024-02-04 07:00:00,116.8447840959505,82.2,0.45,69.48771767001938,-47.35706642593112,42.02291997587385,34.94225896438648,413.17159187288576,49.76705640356336,50.30310561748016,8.409062849049604,60.267914380212474,6.778213725201638,0.0,0.0,0.23196562003618923,5.415824259357753,PCM Storage + DSM
2024-02-04 08:00:00,99.38835163921031,81.3,0.4,72.47819004667213,-26.910161592538188,39.393859761847644,33.48599393734795,413.17159187288576,46.46852190133004,46.83345830951281,8.770955151845289,51.26397993138977,19.137390306138435,0.0,0.0,0.23590921035722853,5.415364919027257,PCM Storage + DSM
2024-02-04 09:00:00,80.57091423188463,80.8,0.2,72.61174891956354,-7.95916531232109,38.816637402213196,33.87515052922373,413.17159187288576,44.82074782423356,45.00700814517372,8.787117791716778,41.55804641202598,26.664879518936385,2.7052125055030896,0.0,0.2367750438966802,4.533990160593127,PCM Storage + DSM
2024-02-04 10:00:00,89.7921841515883,78.9,-0.15,188.53723500767555,98.74505085608725,35.8353154429326,35.570540362468776,1045.867431569882,51.032178930324754,50.39367453890265,22.815851660208036,46.31432809201233,32.97712134117777,13.300717149224981,94.06877021046297,0.24124702683560112,5.55771937104148,PCM Storage + DSM
2024-02-04 11:00:00,97.21181022231126,83.7,-0.35,146.7155771880738,49.50376696576255,40.973746114228085,38.26283574440001,820.3178950679154,53.316009061682735,53.05244540260377,17.754799709609703,50.14133151559964,35.43264064535235,14.202760639157145,44.90750560607883,0.23353938082865788,4.821466254237938,PCM Storage + DSM
2024-02-04 12:00:00,114.59879532136507,82.6,-0.2,148.59255126634767,33.993755944982595,40.74313112486942,37.27522251174538,848.0687839262598,54.25869698956028,54.14990638216822,17.981941908540374,59.10944538895244,41.18684943500937,16.316589094749492,29.585009982843687,0.23388530331269586,5.76560701781935,PCM Storage + DSM
2024-02-04 13:00:00,121.03348843837455,82.2,0.15,148.49386546953835,27.4603770311638,40.755256185222926,36.97488640772247,855.9331152373809,54.647808267190506,54.60290300109966,17.96999943733102,62.428425665559494,43.31640596719138,17.098889035552858,23.12102803641406,0.23386711572216562,6.084802690181207,PCM Storage + DSM
2024-02-04 14:00:00,122.60532131417001,84.8,0.0,147.1769901023574,24.57166878818738,40.91705447658154,37.007710773290924,801.207345484922,54.80842089616455,54.789885445623135,17.810637637889336,63.2391686517475,43.83660279822601,17.289985136536632,20.249271718391814,0.2336244182851277,6.102432626233964,PCM Storage + DSM
2024-02-04 15:00:00,142.80137185835767,82.6,0.1,169.6411818792931,26.83981002093543,38.15698474117358,34.194404746669754,911.8608064750152,54.874716627152004,54.86706578891671,20.529143970222915,73.65618344990938,50.52046954658172,19.745326651334874,22.735223596576873,0.23776452288823963,8.327427531921362,PCM Storage + DSM
2024-02-04 16:00:00,132.25005606865656,86.5,-0.2,156.6823549046423,24.432298835985733,39.74917494744865,35.7646207230005,800.6294973291788,54.9020813740915,54.898923353973686,18.9609302752894,68.2138712274819,47.02852003873697,18.462546949555243,20.213918435060517,0.23537623757882703,7.060473352215338,PCM Storage + DSM
2024-02-04 17:00:00,130.2106319289683,83.6,-1.2,75.28416491862319,-54.92646701034511,40.07147409778796,32.544548626244,413.17159187288576,49.00259307354422,49.616108433902085,9.110520471332979,67.16194716953903,5.40133531878795,0.0,0.0,0.23489278885331805,6.821716573815228,PCM Storage + DSM
2024-02-04 18:00:00,108.26172663186564,83.8,-1.85,80.3436019642812,-27.918124667584436,37.346159900166356,31.33955775496105,413.17159187288576,45.52343528632459,45.9103148595239,9.722788732895182,55.840819269650005,22.24054476903028,0.0,0.0,0.23898076014975048,6.584919197816463,PCM Storage + DSM
2024-02-04 19:00:00,121.5628070681825,83.6,-2.1,89.34188396320086,-32.22092310498164,31.943446268571133,25.593681986096012,413.17159187288576,41.51540785875666,41.94806721332555,10.81171669598806,62.70144538233966,24.100261169620772,0.0,0.0,0.2470848305971433,7.524173445880758,PCM Storage + DSM
2024-02-04 20:00:00,141.03337119280312,86.9,-1.95,100.1401508192762,-40.893220373526916,29.0,25.0,413.17159187288576,38.98055438611144,39.26184408632448,12.118470000000002,72.74425816749111,24.448858173269734,0.0,0.0,0.2515,8.729310980098933,PCM Storage + DSM
2024-02-04 21:00:00,149.9457749569584,88.0,-2.25,244.16982827010347,94.22405331314508,29.000000000000007,25.0,988.6458828463866,48.781539353724526,47.77353296932179,29.548235294117646,77.34122833724136,87.11127440797156,44.09870437470646,32.48535300968308,0.2515,9.280947400468964,PCM Storage + DSM
2024-02-04 22:00:00,140.49922240012543,86.3,-3.2,215.9842304744318,75.48500807430636,32.46303202103567,30.498116409262035,958.3898958344945,52.387019522406185,51.97093184996514,26.13735246116345,72.46874707854977,83.98494540700844,42.950236627818654,13.644428460082292,0.2463054519684465,8.696249649425972,PCM Storage + DSM
2024-02-04 23:00:00,151.01792249170654,86.5,-4.0,199.0201046686053,48.00218217689877,34.547334482893575,31.387346597854318,915.1449587180291,53.875239966442955,53.703492348538624,24.084437142260597,77.89423629841913,87.46610077568917,28.875395669650004,1.6287001806865704,0.24317899827565964,9.347308355810295,PCM Storage + DSM
2024-02-05 00:00:00,149.18946033577396,92.0,-4.7,191.57590730983657,42.38644697406261,36.29998074429932,32.9526347609079,821.6489824650334,55.00130326742943,54.87717846962014,23.18357688163322,67.17491971240219,43.10142789356653,15.833458271769352,46.815071957380155,0.24055002888355104,8.060990365488262,PCM Storage + DSM
2024-02-05 01:00:00,170.9120001837854,87.3,-5.05,201.1584492792908,30.24644909550537,34.28460612380408,30.229273615027306,906.4358268503793,54.933493441966355,54.935490904205345,24.343209121354377,76.9558376603286,49.37715596991298,18.13886863699381,35.319898334205995,0.24357309081429387,9.234700519239432,PCM Storage + DSM
2024-02-05 02:00:00,148.7133930564271,91.8,-5.25,175.5818609238233,26.86846786739622,37.42708140873253,33.42304477145963,771.4322278015261,54.92634227537566,54.9271674755816,21.248055817187204,66.96056287247629,42.963890164915504,15.782933312532096,31.282960998220233,0.2388593778869012,7.863681875570553,PCM Storage + DSM
2024-02-05 03:00:00,159.84182277593604,86.5,-3.35,188.7385927413968,28.89676996546075,35.810575563913005,31.80890962128122,889.4962645644061,54.92339078237372,54.92373139850548,22.840218985755335,71.97131477982045,46.17893772956591,16.96399212994181,33.64160574763554,0.24128413665413048,8.636557773578454,PCM Storage + DSM
2024-02-05 04:00:00,152.05477763130733,88.3,-3.45,179.59700617128777,27.542228539980442,36.93375937022626,32.93307172265632,835.2607751590184,54.92217250093023,54.92231309632168,21.733949006172438,68.46507425042928,43.92922944555061,16.13755402848098,32.05590923522008,0.2395993609446606,8.215808910051514,PCM Storage + DSM
2024-02-05 05:00:00,158.90990089476216,88.1,-2.45,187.67562774641624,28.76572685165408,35.9411770803876,31.940893241572418,859.5692508218118,54.92166963350716,54.92172766676587,22.711584174470005,71.55170217846648,45.90970179511417,16.865087380337478,33.482898933483156,0.24108823437941862,8.586204261415979,PCM Storage + DSM
2024-02-05 06:00:00,150.7347076150375,87.3,-2.6,178.0572486804347,27.32254106539719,37.12294214130351,33.122824981763486,847.7254892467348,54.921462065997595,54.92148602026153,21.547615105059652,67.870691797687,43.54785597256762,15.997455167131255,31.797036049792215,0.23931558678804474,8.09441800663429,PCM Storage + DSM
2024-02-05 07:00:00,155.52568461474016,86.1,-2.7,85.9062744105647,-69.61941020417545,36.429880196123634,28.04356876733107,413.17159187288576,47.58369080013298,48.34694089737486,10.395956074951323,70.02790514623491,0.0,0.0,0.0,0.24035517970581455,8.40334861754819,PCM Storage + DSM
2024-02-05 08:00:00,154.48895254667966,89.6,-3.15,104.39128613854653,-50.09766640813312,29.242037504717104,25.0,413.17159187288576,41.851066171790734,42.478442454808075,12.63292155026271,69.56110009661214,15.516636673356377,0.0,0.0,0.25113694374292433,8.347332011593457,PCM Storage + DSM
2024-02-05 09:00:00,188.55481928614466,87.3,-2.8,100.83196533270815,-87.72285395343651,29.0,25.0,413.17159187288576,39.19220845159299,39.49432788710275,12.20219,84.89979666409498,0.0,0.0,0.0,0.2515,10.187975599691397,PCM Storage + DSM
2024-02-05 10:00:00,159.018075867888,92.9,-2.6,244.16982827010347,85.15175240221546,29.0,25.0,912.8342267282754,48.86678994103203,47.872780042293414,29.548235294117646,71.60040967508364,55.12110114283942,20.656076005205552,76.91248041459448,0.2515,8.592049161010037,PCM Storage + DSM
2024-02-05 11:00:00,138.94024241696977,83.0,-2.2,213.45540561648835,74.51516319951858,32.773736854125794,30.780564240396814,1015.2595090024568,52.422208196538875,52.01189789572691,25.831326477324577,62.56004685703405,49.32053527983469,18.525218118749216,65.67988935874052,0.2458393947188113,7.507205622844086,PCM Storage + DSM
2024-02-05 12:00:00,110.64332184952707,82.5,-1.85,151.21146876365327,40.5681469141262,40.42135703232161,37.249705590589556,858.4673501991941,53.889764720124816,53.72040181553935,18.298870461812175,49.8189097623087,41.14544249042028,15.522069571822398,30.89289115308458,0.23436796445151759,4.95557950792982,PCM Storage + DSM
2024-02-05 13:00:00,120.61850962821264,85.8,-0.8,151.0081593635319,30.389649735319253,40.446336703425345,36.7882523642436,795.4059189484545,54.49552488422541,54.425617320708305,18.27426695516742,54.31039620271283,44.02731387597354,16.58073497011132,21.01050313447264,0.234330494944862,5.394216073459649,PCM Storage + DSM
2024-02-05 14:00:00,137.20902980435088,83.7,-0.6,165.60546983797457,28.39644003362369,38.65283372504405,34.79396552031319,878.2294099699893,54.74556321021917,54.7167076148994,20.040761888697794,61.78054093217827,48.82038107709617,18.34148474643344,19.509775890806733,0.23702074941243392,6.800987142236381,PCM Storage + DSM
2024-02-05 15:00:00,118.86035390904715,84.3,0.0,141.9734131306218,23.113059221574645,41.556393539307095,37.61464820827495,793.4811909922536,54.84877099470362,54.836860332403774,17.180926269284825,53.518758716988096,43.519375702695626,16.39414212935684,13.681722524155957,0.23266540969103935,4.959135887339652,PCM Storage + DSM
2024-02-05 16:00:00,119.60211964993445,82.0,-0.7,142.0064882851702,22.404368635235755,41.552329750412774,37.57637540539849,838.717012058165,54.891371850935776,54.886455512359184,17.184928862299323,53.85275050151074,43.733674772635396,16.472865632205732,12.99505093489949,0.23267150537438083,4.991397190683786,PCM Storage + DSM
2024-02-05 17:00:00,119.15928531941077,83.9,-0.6,73.05739099256961,-46.10189432684116,41.65897176244782,34.61524857775024,413.17159187288576,49.80057298085945,50.329899694883245,8.841047210119672,53.65335732365573,4.507248482636317,0.0,0.0,0.23251154235632826,4.938586018450079,PCM Storage + DSM
2024-02-05 18:00:00,125.61059121619749,85.0,-0.9,85.37819968646617,-40.232391529731316,35.63520754259912,28.920140979132952,413.17159187288576,45.15303033984437,45.65801200080746,10.332051061334004,56.55816008037486,13.116739695780392,0.0,0.0,0.2415471886861013,6.786979209644983,PCM Storage + DSM
2024-02-05 19:00:00,131.9094536575288,83.8,-1.3,92.91631811575078,-38.993135541778,30.07674539245461,25.0,413.17159187288576,40.5178905616781,41.02059049279237,11.24427718935925,59.394322754491284,17.031238556969207,0.0,0.0,0.24988488191131808,7.1273187305389545,PCM Storage + DSM
2024-02-05 20:00:00,122.45869723603825,86.5,-2.3,99.44833630584424,-23.01036093019401,29.0,25.0,413.17159187288576,38.55240048919048,38.77731992122973,12.03475,55.138969846810944,29.000102879390973,0.0,0.0,0.2515,6.616676381617313,PCM Storage + DSM
2024-02-05 21:00:00,138.23034143926773,84.8,-3.1,244.16982827010347,105.93948683083573,29.0,25.0,1045.342420930767,48.6069253528239,47.570250556037216,29.548235294117646,62.24040268730811,88.2048482336624,41.14703871403662,35.29657142279017,0.2515,7.468848322476973,PCM Storage + DSM
2024-02-05 22:00:00,155.9687323079109,89.0,-3.95,235.61353578232192,79.64480347441102,30.05127147138546,28.144233052348437,954.8311316638695,52.314944503383266,51.88702335950792,28.512794734301284,70.22739439400434,93.32953983890033,43.02961185958508,9.528444572354061,0.24992309279292182,8.42728732728052,PCM Storage + DSM
2024-02-05 23:00:00,164.44641658397393,91.9,-4.75,215.41250291408556,50.96608633011164,32.53327750112592,29.39717943550184,866.8193743587076,53.84548971515499,53.66885762058139,26.06816479536162,74.04460614146899,95.77877651223343,20.149210074514237,4.881521169536673,0.24620008374831112,8.885352736976278,PCM Storage + DSM
2024-02-06 00:00:00,157.23431171759626,88.3,-5.55,194.4665190965353,37.23220737893905,35.10681215517576,31.463403106929082,873.3525614385578,54.47724958521751,54.40434153371246,23.53338454551395,57.75933274050998,37.06010704521886,13.614158210646297,59.24141489477216,0.24233978176723636,6.9311199288611975,PCM Storage + DSM
2024-02-06 01:00:00,161.93648524683445,89.3,-6.35,194.859242333004,32.922757086169554,35.05856009562551,31.205749379313875,858.2040815555741,54.73801975417538,54.70792565385293,23.580909985814493,59.486655501757475,38.1684087411728,14.021296663199449,55.59016135212637,0.24241215985656173,7.138398660210896,PCM Storage + DSM
2024-02-06 02:00:00,157.87957796118766,94.4,-6.95,187.96172185133005,30.08214389014239,35.90602604142336,31.96678104691684,767.6425922915008,54.8456572985031,54.83323542114494,22.74620588014161,57.99636845658672,37.21219621582631,13.670028692300587,52.18167392211735,0.24114096093786497,6.959564214790406,PCM Storage + DSM
2024-02-06 03:00:00,173.20942333475276,86.7,-4.45,205.12939368893115,31.91997035417839,33.796714834641904,29.821792548182017,926.2879851210694,54.89008661722158,54.88495926549988,24.823753341691535,63.6277197190429,40.82543879834462,14.997365823621545,56.165328127736984,0.24430492774803714,7.635326366285148,PCM Storage + DSM
2024-02-06 04:00:00,160.85486420655965,91.7,-5.35,190.22606048386683,29.371196277307178,35.6278173886288,31.638168662754975,810.4445918986008,54.90842561198512,54.9063092059927,23.02022503792938,59.08932677063054,37.913470801119736,13.927644331177207,51.887198335508884,0.2415582739170568,7.090719212475665,PCM Storage + DSM
2024-02-06 05:00:00,174.66947052871112,91.4,-6.15,206.33704640747473,31.667575878763614,33.64833621713217,29.652608890390997,853.5195735496305,54.915995359589616,54.91512177521938,24.96989755178465,64.16406163304036,41.16957173414016,15.123784245125245,56.11730686656349,0.24452749567430174,7.699687395964844,PCM Storage + DSM
2024-02-06 06:00:00,185.7837140941984,90.9,-6.4,219.35726721789726,33.57355312369887,32.04860283860604,28.050366460799218,890.4222943551435,54.91911990810135,54.91875932055121,26.54554082766944,68.24683011560313,43.78919751278946,16.08611281475683,59.579024015481465,0.24692709574209096,8.189619613872376,PCM Storage + DSM
2024-02-06 07:00:00,197.66276720348475,95.2,-7.15,112.18841158761279,-85.47435561587196,30.33382017323258,25.0,413.17159187288576,45.83191198644417,46.77711665941283,13.576491437742423,72.6105480197066,5.8976623684520675,0.0,0.0,0.24949926974015113,8.71326576236479,PCM Storage + DSM
2024-02-06 08:00:00,210.039775460293,94.7,-7.5,113.63053383119941,-96.40924162909357,29.0,25.0,413.17159187288576,41.744722479097945,42.208357807929104,13.75101,77.15718755676271,0.6841989429704469,0.0,0.0,0.2515,9.258862506811525,PCM Storage + DSM
2024-02-06 09:00:00,190.59341315245794,94.7,-8.35,113.63053383119941,-76.96287932125853,29.0,25.0,413.17159187288576,40.08642892346352,40.277803668378226,13.75101,70.01365190693508,11.141243780145999,0.0,0.0,0.2515,8.401638228832208,PCM Storage + DSM
2024-02-06 10:00:00,195.07531302800734,93.6,-10.65,244.16982827010344,49.094515242096094,29.0,25.0,902.9428341785883,49.19679181820115,48.256959074693725,29.548235294117642,71.6600581104771,54.786024381184205,20.590881099633858,63.89354558607249,0.2515,8.599206973257251,PCM Storage + DSM
2024-02-06 11:00:00,179.1431513056342,96.9,-9.4,244.16982827010347,65.02667696446926,29.0,25.187179320909326,859.0590145498793,52.55842184181822,52.17047546541787,29.548235294117646,65.80744858685756,51.0308159127338,19.211392310217697,77.59556905367768,0.2515,7.896893830422907,PCM Storage + DSM
2024-02-06 12:00:00,179.2371768269914,90.6,-7.05,230.8400544810108,51.60287765401941,30.637766699128832,27.420966196982437,919.6744987753412,53.945989334844214,53.78585753947448,27.935131434693346,65.84198844851272,51.05297771602225,19.219533525131997,64.18493116574896,0.24904334995130675,7.901038613821528,PCM Storage + DSM
2024-02-06 13:00:00,157.9551441843572,90.2,-5.65,194.49699683535368,36.541852650996475,35.103067498552825,31.42634707837502,843.3080685245039,54.518732598065355,54.45263533973528,23.53707281201362,58.02412737625454,46.03680535987361,17.376825300216375,46.14490833665515,0.24234539875217076,6.962895285150545,PCM Storage + DSM
2024-02-06 14:00:00,171.8609281570065,89.3,-4.7,206.20300869094382,34.34208053393732,33.66480480182347,29.798244221839997,885.4135370840792,54.7551426085728,54.727859784767155,24.953676964603996,63.13235594748704,49.314396853387294,18.58085984572157,45.89162793492897,0.24450279279726478,7.575882713698444,PCM Storage + DSM
2024-02-06 15:00:00,165.0442937824378,90.7,-3.25,196.25546566988672,31.211171887448927,34.88701269190558,30.942092195609924,840.0154394932532,54.85272506245241,54.841463589683116,23.749874087454888,60.62829529615625,47.70771700819315,17.990640460234076,41.80654638005589,0.24266948096214164,7.2753954355387505,PCM Storage + DSM
2024-02-06 16:00:00,151.62915135375596,87.3,-3.5,179.6711779061606,28.04202655240465,36.924646237526986,32.94738128634495,852.0421547414037,54.89300396301473,54.88835558901072,21.742924905814597,55.70030173778299,44.545769663476484,16.829088191856066,36.759587924313024,0.23961303064370953,6.68403620853396,PCM Storage + DSM
2024-02-06 17:00:00,152.58618287489682,86.4,-4.35,85.73912790345997,-66.84705497143685,36.826522578646404,28.586944614185747,413.17159187288576,47.80163179099477,48.539062008134465,10.37572882428931,56.05186305712158,3.687763715239072,0.0,0.0,0.23976021613203038,6.726223566854589,PCM Storage + DSM
2024-02-06 18:00:00,166.33898236996671,92.0,-4.8,108.96078586553368,-57.378196504433035,29.0,25.0,413.17159187288576,42.1267271728234,42.74704792298591,13.1859,61.10389345348933,19.514021001337095,0.0,0.0,0.2515,7.332467214418719,PCM Storage + DSM
2024-02-06 19:00:00,189.21469394098725,91.3,-5.25,107.75011046702775,-81.4645834739595,29.0,25.0,413.17159187288576,39.817144306093425,40.08264601415761,13.039390000000001,69.50718546954515,6.002209904866852,0.0,0.0,0.2515,8.340862256345417,PCM Storage + DSM
2024-02-06 20:00:00,192.78914370122234,91.9,-5.65,108.78783223717569,-84.00131146404665,29.0,25.0,413.17159187288576,38.945387501555246,39.04687904434795,13.164970000000002,70.82024386507187,5.117814786554376,0.0,0.0,0.2515,8.498429263808625,PCM Storage + DSM
2024-02-06 21:00:00,203.43178706474447,93.5,-5.9,244.16982827010344,40.73804120535897,29.000000000000014,25.0,904.3427455494079,48.74060267528893,47.72587286875137,29.548235294117642,74.72977208799767,88.6868872470584,17.614174056030777,28.475797476484686,0.2515,8.967572650559719,PCM Storage + DSM
2024-02-06 22:00:00,190.39652415113056,93.9,-5.9,244.16982827010347,53.7733041189729,29.0,25.0,898.7689844058059,52.37012182390785,51.95125984162295,29.548235294117646,69.9413255984062,98.64974036878948,16.485513716663835,26.65115879962606,0.2515,8.392959071808743,PCM Storage + DSM
2024-02-06 23:00:00,166.1579433850012,89.6,-6.05,216.97793846580484,50.819995080803636,32.34093978731295,29.186552774401786,905.2575151680186,53.8682651396073,53.69537237578063,26.257606129484234,61.03738957874723,89.98340096209404,14.386812296173028,23.258311855829373,0.2464885903190306,7.324486749449668,PCM Storage + DSM
2024-02-07 00:00:00,160.13291523005617,88.8,-6.1,197.692901903989,37.559986673932826,34.71040165307008,31.059443515213243,873.1283623220648,54.48665054840615,54.415285972447535,23.92382557182322,55.42075540111467,35.55960621843683,13.062944053976675,74.47918542784156,0.2429343975203949,6.6504906481337605,PCM Storage + DSM
2024-02-07 01:00:00,168.76208709957066,93.1,-6.4,202.8166862635753,34.05459916400463,34.08086633383502,30.224939595967758,820.9403996042904,54.74190016962316,54.71244316639741,24.543880829780388,58.40724461107801,37.47582658593784,13.766874218500774,72.96328340797986,0.24387870049924748,7.008869353329362,PCM Storage + DSM
2024-02-07 02:00:00,179.92570577963818,92.0,-7.05,213.87915813746866,33.953452357830486,32.721672372123756,28.781141184071146,861.9325847878603,54.84725900927943,54.83510010512585,25.882606929479994,62.27088613268825,39.95485398430669,14.677553487957296,75.43594759044686,0.24591749144181438,7.472506335922589,PCM Storage + DSM
2024-02-07 03:00:00,162.96175221384289,91.2,-6.3,193.05451075612683,30.092758542283946,35.280298988141034,31.30484580232489,824.7377788030739,54.890747751949434,54.88572894711436,23.36251022015098,56.39979386002759,36.18778643394773,13.29370822387852,67.66415546979607,0.24207955151778845,6.767975263203311,PCM Storage + DSM
2024-02-07 04:00:00,169.94877596056548,89.7,-6.4,200.9245133334568,30.975737372891302,34.31334873473493,30.323480870670462,866.6197715215671,54.90869850715124,54.906626905824815,24.314899340329312,58.8179483880494,37.73934635350191,13.863679114473488,70.15801684777315,0.2435299768978976,7.058153806565928,PCM Storage + DSM
2024-02-07 05:00:00,178.77096392089652,93.4,-6.95,211.16241820125668,32.391454280360165,33.0554654482945,29.05964766835156,835.948380959541,54.91610800194304,54.915252911498854,25.553840384338653,61.871238964504194,39.6984284660314,14.583354688941766,73.60771977419303,0.24541680182755826,7.424548675740502,PCM Storage + DSM
2024-02-07 06:00:00,194.80730687852457,93.8,-7.5,229.9774164991314,35.17010962060684,30.743754976385404,26.745481262404148,871.2802342909218,54.919166403244404,54.918813449392516,27.83073921620017,67.42129242669382,43.2595079601367,15.891529529729024,80.08360957799732,0.2488843675354219,8.090555091203258,PCM Storage + DSM
2024-02-07 07:00:00,186.9327658570294,94.5,-8.75,108.29387317152081,-78.6388926855086,31.885602025435656,25.0,413.17159187288576,46.48738138820392,47.364411589934036,13.105193496076318,64.69597507878098,21.21912662779321,0.0,0.0,0.2471715969618465,7.763517009453717,PCM Storage + DSM
2024-02-07 08:00:00,203.00461529800648,93.7,-9.7,111.90099754761953,-91.10361775038696,29.0,25.0,413.17159187288576,41.8588164206502,42.375986821310065,13.541710000000002,70.25831705845631,17.339857646654796,0.0,0.0,0.2515,8.430998047014759,PCM Storage + DSM
2024-02-07 09:00:00,212.3848094444495,98.9,-10.2,120.89458622223499,-91.49022322221451,29.0,25.0,413.17159187288576,40.68385619902858,40.82713691459431,14.630070000000002,73.50472923210673,21.96407841464454,0.0,0.0,0.2515,8.820567507852806,PCM Storage + DSM
2024-02-07 10:00:00,235.06469721557616,97.5,-10.45,244.1698282701035,9.105131054527334,29.0,25.0,851.5344100428731,49.42119690404518,48.51820563887085,29.54823529411765,81.35406183735255,57.42993394228883,22.685181266134965,54.55973588320617,0.2515,9.762487420482307,PCM Storage + DSM
2024-02-07 11:00:00,202.85194314739132,98.4,-10.0,244.16982827010347,41.31788512271214,29.0,25.0,840.491456598513,52.65104875180096,52.27831011181931,29.548235294117646,70.20547841560983,50.27667099050687,20.05740543620848,79.34572782603078,0.2515,8.42465740987318,PCM Storage + DSM
2024-02-07 12:00:00,192.80464164399643,91.7,-9.15,244.1698282701035,51.36518662610706,29.0,25.52081178113461,930.3047382446061,53.98422274615815,53.83036821560011,29.54823529411765,66.7281855788378,48.04553640768021,19.23779044797371,87.07658913590663,0.2515,8.007382269460535,PCM Storage + DSM
2024-02-07 13:00:00,167.08741850038422,93.9,-8.0,204.9348031406103,37.847384640226096,33.82062326137498,30.13123008294782,814.8751542264615,54.53451412139509,54.471007916221616,24.80020494773749,57.82765484541303,42.33469097215745,17.1398916701615,67.62959219798478,0.24426906510793753,6.939318581449563,PCM Storage + DSM
2024-02-07 14:00:00,178.12083493329467,91.3,-7.05,213.44267953177538,35.32184459848071,32.77530044838349,28.90350896111003,871.2501131513044,54.76165671416913,54.73544339382745,25.82978642895687,61.64623438284592,44.78480526024533,18.0399496087825,67.64784456541427,0.24583704932742476,7.39754812594151,PCM Storage + DSM
2024-02-07 15:00:00,181.06391951436018,92.4,-6.9,215.05807480973147,33.994155295371286,32.576824417655104,28.629744770956815,858.7901741636483,54.855413875872614,54.84459385975831,26.0252736441637,62.66481304581283,45.43835564755882,18.280033598843808,66.99869361553361,0.24613476337351733,7.51977756549754,PCM Storage + DSM
2024-02-07 16:00:00,189.32409392375342,93.5,-6.55,224.01748329852836,34.69338937477494,31.476023976551563,27.49786779748059,862.8257285142953,54.894113818773405,54.889647663887736,27.109497325683567,65.52359510730125,47.272635307500344,18.95386256168367,69.60233954133511,0.24778596403517267,7.862831412876149,PCM Storage + DSM
2024-02-07 17:00:00,190.78861302920646,92.7,-6.7,106.18845979275721,-84.60015323644924,31.302930276223023,25.0,413.17159187288576,45.96322621802927,46.892003772998805,12.850406693186523,66.03045376910082,17.317629434138357,0.0,0.0,0.24804560458566546,7.923654452292098,PCM Storage + DSM
2024-02-07 18:00:00,187.13495177783855,93.0,-7.4,110.69032214911358,-76.44462962872497,29.0,25.0,413.17159187288576,41.572542414802214,42.06707703853364,13.3952,64.76595005205,23.521395819790605,0.0,0.0,0.2515,7.771914006246,PCM Storage + DSM
2024-02-07 19:00:00,175.86252944292517,93.7,-7.9,111.90099754761953,-63.96153189530564,29.0,25.0,413.17159187288576,39.89456804611052,40.08924851635541,13.541710000000002,60.864652432483275,29.982853836562317,0.0,0.0,0.2515,7.303758291897993,PCM Storage + DSM
2024-02-07 20:00:00,171.84297696765535,91.6,-8.35,108.26897135210172,-63.57400561555363,29.0,25.0,413.17159187288576,38.92573123446678,39.03443599233662,13.102179999999999,59.47351661113241,28.223166668387755,0.0,0.0,0.2515,7.1368219933358885,PCM Storage + DSM
2024-02-07 21:00:00,185.091291174304,93.0,-8.6,244.16982827010347,59.078537095799476,29.0,25.0,911.4079232490126,48.73407429911232,47.71827278577181,29.548235294117646,64.05865502611067,74.0038050580565,41.27561114607096,42.67343885337027,0.2515,7.6870386031332805,PCM Storage + DSM
2024-02-07 22:00:00,197.738082668999,97.1,-9.0,244.1698282701035,46.431745601104495,29.0,25.0,856.5360805864436,52.36742714125191,51.948122738686884,29.54823529411765,68.43561111305533,76.81219035992865,29.66048968323774,45.58920047627645,0.2515,8.21227333356664,PCM Storage + DSM
2024-02-07 23:00:00,218.12362223193696,94.8,-9.4,244.16982827010352,26.04620603816656,29.0,25.0,886.475791609982,53.86715286121704,53.69407748051786,29.548235294117653,75.49088766387702,74.48340648732764,17.793572732832686,50.289157294951266,0.2515,9.058906519665241,PCM Storage + DSM
2024-02-08 00:00:00,217.10639987994097,97.7,-9.4,244.16982827010344,27.06342839016247,29.0,25.0,849.0554161271732,54.48619143563641,54.41475148130231,29.548235294117642,82.52482359406325,52.95038310127097,19.451505954245093,62.84378364537109,0.2515,9.902978831287587,PCM Storage + DSM
2024-02-08 01:00:00,230.0936382065931,97.2,-9.45,244.16982827010347,14.076190063510353,29.0,25.0,855.2801625797185,54.74171066262815,54.71222254563174,29.548235294117646,87.46143325860429,56.11785879615618,20.61508908113483,51.996915208177064,0.2515,10.495371991032515,PCM Storage + DSM
2024-02-08 02:00:00,221.7601832310454,97.6,-9.7,244.1698282701035,22.40964503905809,29.0,25.0,850.2931062381459,54.847180786882845,54.83500903996475,29.54823529411765,84.29378411437617,54.08540082275485,19.868458630968735,58.95696995373033,0.2515,10.11525409372514,PCM Storage + DSM
2024-02-08 03:00:00,208.31598300390462,95.7,-9.0,244.1698282701035,35.853845266198874,29.0,25.0,874.5143491444799,54.89071546425825,54.885691358342775,29.54823529411765,79.18347758853632,50.80647605171649,18.663934301363962,70.18549040120885,0.2515,9.502017310624359,PCM Storage + DSM
2024-02-08 04:00:00,193.68621662601169,94.0,-8.7,228.8645260456219,35.1783094196102,30.880490599463087,26.89063343740223,866.1949425627251,54.90868517983008,54.90661139038803,27.696062670740588,73.6225227284971,47.238401896279775,17.35318994759933,67.09888680815492,0.24867926410080538,8.834702727419652,PCM Storage + DSM
2024-02-08 05:00:00,192.99767166267128,93.5,-8.0,227.9078305208215,34.910158858150226,30.998035285255572,27.00222192275574,871.0966702877399,54.91610250085323,54.91524650722525,27.58028806962828,73.36079828523947,47.07047170347345,17.291500211775844,66.71726016579116,0.24850294707211665,8.803295794228736,PCM Storage + DSM
2024-02-08 06:00:00,175.90680303662458,94.9,-8.0,207.73094539062492,31.824142354000344,33.47707439583847,29.478802505235777,807.9257970020453,54.919164132571346,54.91881080591422,25.138580371534157,66.8643480690608,42.90215588328985,15.760255011143306,60.81457242855825,0.24478438840624228,8.023721768287295,PCM Storage + DSM
2024-02-08 07:00:00,186.80228677044943,90.0,-7.95,100.47832845835262,-86.3239583120968,31.904469185013877,25.0,413.17159187288576,45.91247298287146,46.84930288057438,12.159394599576595,71.00585598224579,6.7580081171661845,0.0,0.0,0.2471432962224792,8.520702717869495,PCM Storage + DSM
2024-02-08 08:00:00,173.20116655785816,95.5,-7.65,115.01416285806334,-58.187003699794815,29.0,25.0,413.17159187288576,41.87851473731156,42.33627201470615,13.918450000000002,65.83590223216545,28.117641975442677,0.0,0.0,0.2515,7.900308267859854,PCM Storage + DSM
2024-02-08 09:00:00,185.78894250625876,91.4,-6.85,107.92306409538575,-77.86587841087301,29.0,25.0,413.17159187288576,39.70917378271209,39.95346645201693,13.060320000000003,70.62067131385908,14.711147321938068,0.0,0.0,0.2515,8.474480557663087,PCM Storage + DSM
2024-02-08 10:00:00,168.75561352504891,91.5,-6.4,244.16982827010347,75.41421474505455,29.0,25.0,933.281713406989,49.05851092098315,48.09597638224477,29.548235294117646,64.14609262722745,47.124276022243805,18.612399781453046,93.76700392842753,0.2515,7.697531115267293,PCM Storage + DSM
2024-02-08 11:00:00,168.30205413017143,90.8,-5.9,244.16982827010347,75.86777413993204,29.000000000000007,26.66253466144845,943.8528655005957,52.501344165171496,52.10402662156296,29.548235294117646,63.97368910032824,47.01365678793647,18.571763424003695,94.1458141851542,0.2515,7.676842692039387,PCM Storage + DSM
2024-02-08 12:00:00,151.33833935327377,90.3,-5.45,198.46675826086803,47.128418907594266,34.61532155709405,31.41743988988511,851.4376214144011,53.92242950446207,53.75842959245967,24.017473873412783,57.52557163240633,42.876352697618806,17.051910489353155,62.61074338892202,0.24307701766435894,6.90306859588876,PCM Storage + DSM
2024-02-08 13:00:00,144.96310011105749,86.6,-4.35,179.3966861371285,34.433586026071026,36.95837175197447,33.28946041878545,863.3147766467953,54.50900785732049,54.44131396476964,21.709707257937616,55.10226446999754,41.32148669447801,16.48072509754397,48.865235239191165,0.2395624423720383,6.612271736399705,PCM Storage + DSM
2024-02-08 14:00:00,145.41402861545046,87.5,-3.15,175.15328599085393,29.73925737540347,37.479738397846106,33.61640115797964,836.5137936823573,54.75112854815638,54.723186685061854,21.196191780380282,55.27366796293531,41.4314642772305,16.52112574208042,44.24522214113193,0.23878039240323085,6.473738750082541,PCM Storage + DSM
2024-02-08 15:00:00,135.67390803570706,89.1,-3.8,161.71822416927,26.044316133562944,39.13044134301777,35.18685133792094,773.133026988002,54.851068187328494,54.83953468432294,19.570346479559444,51.57132785194489,39.05593266491879,15.64846600677684,38.9450542695628,0.23630433798547335,5.529341208412743,PCM Storage + DSM
2024-02-08 16:00:00,122.98224658052987,83.8,-3.2,145.96631223583566,22.984065655305784,41.06580477981505,37.08908901263658,815.9769339591534,54.89232005821723,54.887559398875034,17.664127339222162,46.74707060626598,35.960545626052635,14.511364896440329,33.793146631976384,0.2334012928302774,4.469261694072069,PCM Storage + DSM
2024-02-08 17:00:00,124.3992105120146,84.9,-3.1,76.09589480149181,-48.303315710522796,40.90214027081069,33.718100945262215,413.17159187288576,49.56675827217033,50.120510538976,9.208752041319324,47.28567609440264,13.683736679983152,0.0,0.0,0.23364678959378396,4.567189085805443,PCM Storage + DSM
2024-02-08 18:00:00,149.81412999726913,89.1,-3.4,98.92746655902593,-50.886663438243204,31.901161503093867,25.0,413.17159187288576,43.802328884626235,44.42448007766967,11.971716897402453,56.94620083405925,23.76442386975772,0.0,0.0,0.2471482577453592,6.83354410008711,PCM Storage + DSM
2024-02-08 19:00:00,167.1993610290641,89.3,-3.75,104.29103789986793,-62.90832312919618,29.0,25.0,413.17159187288576,40.207742287225706,40.60698011521449,12.62079,63.55454183568014,20.40567467762053,0.0,0.0,0.2515,7.6265450202816165,PCM Storage + DSM
2024-02-08 20:00:00,157.32066030287584,89.3,-4.3,104.29103789986793,-53.029622403007906,29.0,25.0,413.17159187288576,38.77977035491313,38.944564803486244,12.62079,59.799525699729955,25.361904136153775,0.0,0.0,0.2515,7.175943083967595,PCM Storage + DSM
2024-02-08 21:00:00,160.84771927165406,88.1,-4.65,244.16982827010347,83.32210899844941,29.0,25.0,986.9730471732117,48.68598037729336,47.66228374461615,29.548235294117646,61.14020436864641,74.08731246799508,40.44207309338172,48.94175300364253,0.2515,7.336824524237569,PCM Storage + DSM
2024-02-08 22:00:00,149.70495366954611,90.8,-4.9,227.59743351256822,77.8924798430221,31.036172307808975,29.102930219170112,909.766061323437,52.3475756786759,51.92501200934238,27.542725345767444,56.90470156369702,71.36968780209133,39.443744294341165,41.675733433241696,0.24844574153828652,6.828564187643642,PCM Storage + DSM
2024-02-08 23:00:00,156.2532220033419,87.5,-4.9,205.50325793971618,49.250035936374275,33.75077989008706,30.60386597042838,913.3712141226546,53.85895881551403,53.68453811424339,24.868996560022488,59.393779220513785,72.9667541120488,28.391503646938467,25.7514094293961,0.2443738301648694,7.1272535064616545,PCM Storage + DSM
2024-02-09 00:00:00,140.48737142060145,89.8,-5.25,181.46577407639344,40.978402655791996,37.542165330135106,34.2002158594443,829.552909876594,54.994582931618694,54.86935477091141,21.960098134266488,53.83136961318131,34.5398089901415,12.688318023030492,65.93368772707792,0.23868675200479733,6.284651339914026,PCM Storage + DSM
2024-02-09 01:00:00,151.48756420999086,88.1,-5.45,178.34994478688785,26.86238057689698,37.08697994541794,33.0338749436346,835.2042968875159,54.9307195033421,54.932261532840016,21.58303575258365,58.04637796499277,37.24428380491141,13.681816178879341,53.77167008375926,0.2393695300818731,6.935272131076508,PCM Storage + DSM
2024-02-09 02:00:00,142.6960554743863,90.2,-5.55,168.52183336095135,25.82577788656505,38.29451383634543,34.291396642365115,775.6105147381394,54.92519728266877,54.92583449487726,20.39368590142542,54.67768402888825,35.08282950910974,12.887798484537003,51.17339957599145,0.23755822924548187,6.136635972378273,PCM Storage + DSM
2024-02-09 03:00:00,159.57837147048775,87.8,-4.9,188.43782096201954,28.85944949153179,35.84752997980151,31.846243553809057,866.4881927034282,54.92291816618554,54.92318118691407,22.803821059894332,61.14658000952294,39.233465711639234,14.412549016615205,57.205938652717734,0.24122870503029775,7.337589601142753,PCM Storage + DSM
2024-02-09 04:00:00,164.56310239541838,91.2,-5.15,194.32356324685242,29.760460851434033,35.12437646900139,31.123845473702108,827.8509089810038,54.92197742015812,54.92208598666111,23.516084729590634,63.05660857742059,40.45899689122758,14.862752124518753,58.992405979070334,0.2423134352964979,7.566793029290471,PCM Storage + DSM
2024-02-09 05:00:00,171.64038607433295,91.2,-5.5,202.6614160930381,31.021030018705147,34.09994365042698,30.099724472634147,847.8817980344053,54.921589110434525,54.921633923197525,24.52509079513239,65.76845285014444,42.19899689241565,15.50194712937385,61.510138903850354,0.24385008452435952,7.892214342017334,PCM Storage + DSM
2024-02-09 06:00:00,178.2886989609169,90.0,-5.9,210.48985990414386,32.20116094322697,33.13809952743659,29.138009057888347,884.3223151326496,54.9214288286613,54.921447325929535,25.472450677211867,68.31592586983889,43.833531405285264,16.102399023153243,63.871233936748084,0.24529285070884513,8.197911104380665,PCM Storage + DSM
2024-02-09 07:00:00,169.75929621867135,93.4,-6.35,102.09205062426953,-67.66724559440182,34.37143171061253,25.95965815029235,413.17159187288576,47.54106359636098,48.308743945688974,12.354679342968799,65.04766462361722,19.55628994626658,0.0,0.0,0.2434428524340812,7.805719754834066,PCM Storage + DSM
2024-02-09 08:00:00,177.8877928332916,90.2,-6.6,105.84762055508988,-72.04017227820172,29.0,25.0,413.17159187288576,41.79666831052052,42.42544938981666,12.809160000000002,68.16230831889351,19.35984271985237,0.0,0.0,0.2515,8.179476998267221,PCM Storage + DSM
2024-02-09 09:00:00,166.54116775752885,92.4,-7.0,109.65260037896566,-56.888567378563195,29.0,25.0,413.17159187288576,39.833169329385235,40.06301721854533,13.269620000000002,63.814555477202816,28.681470837026012,0.0,0.0,0.2515,7.657746657264338,PCM Storage + DSM
2024-02-09 10:00:00,182.9830556109614,91.9,-7.4,244.16982827010347,61.186772659142065,29.0,25.0,927.3466945617934,49.10440844277789,48.14940901773041,29.548235294117646,70.11469002471854,49.18904332604168,19.84349430196327,86.17223233635539,0.2515,8.413762802966225,PCM Storage + DSM
2024-02-09 11:00:00,187.55971061493523,93.9,-7.15,244.16982827010347,56.61011765516824,29.0,25.0,898.7689844058059,52.52028911630249,52.12608200597128,29.548235294117646,71.86835374993223,50.3142461684934,20.256841449005115,82.40854528204275,0.2515,8.624202449991866,PCM Storage + DSM
2024-02-09 12:00:00,198.37180130393952,93.0,-6.6,244.16982827010347,45.798026966163945,29.0,25.0,911.4079232490126,53.93024937137803,53.767533346262425,29.548235294117646,76.01128591732615,52.972474758052826,21.23335089443571,73.51704576527197,0.2515,9.121354310079138,PCM Storage + DSM
2024-02-09 13:00:00,185.58037827383552,92.8,-5.6,227.1409152117835,41.56053693794797,31.092262567283587,27.420759279059364,879.3393831188642,54.51223564704494,54.445071701735536,27.487479739611977,71.10992137438394,49.82761338222739,20.078075215690426,67.00736852936762,0.24836160614907463,8.533190564926073,PCM Storage + DSM
2024-02-09 14:00:00,148.82933088106225,89.7,-4.9,179.1469383455589,30.31760746449666,36.9890570901269,33.12464997452998,811.912787087757,54.7524608760102,54.72473775810389,21.679484004877366,57.02780711837039,40.79210973305112,16.758851770311104,49.23621623360143,0.23951641436480967,6.843336854204447,PCM Storage + DSM
2024-02-09 15:00:00,130.62818850859944,84.3,-4.8,155.76840219705036,25.140213688450928,39.86146802404216,35.91743640863069,837.3758613114505,54.851618129444184,54.84017491742163,18.85032820031989,50.05356870443633,36.317230784215965,15.114989546475677,40.82568703808792,0.23520779796393676,5.147068126510708,PCM Storage + DSM
2024-02-09 16:00:00,144.50870052758182,88.4,-4.55,171.29918195304066,26.790481425458836,37.953274059289484,33.976376009566906,811.1909181281356,54.892547056646876,54.88782366652042,20.729787008897468,55.372245859246235,39.72985235278146,16.368627856014996,44.94160083898339,0.23807008891106576,6.3279599496162335,PCM Storage + DSM
2024-02-09 17:00:00,173.05551334444476,92.8,-5.25,101.92872911559826,-71.1267842288465,33.86586251858217,25.271774025529183,413.17159187288576,47.20813677137467,48.00724966864779,12.334914974860752,66.31069546139675,17.79037114899011,0.0,0.0,0.24420120622212674,7.957283455367611,PCM Storage + DSM
2024-02-09 18:00:00,170.17456307648956,91.4,-6.65,107.92306409538575,-62.25149898110381,29.0,25.0,413.17159187288576,41.82804609277789,42.420213807054694,13.060320000000003,65.20678485973004,25.185403628930327,0.0,0.0,0.2515,7.824814183167604,PCM Storage + DSM
2024-02-09 19:00:00,169.66758509183566,90.1,-7.7,105.67466692673186,-63.9929181651038,29.0,25.0,413.17159187288576,39.5413009049161,39.803280382778496,12.78823,65.01252313355721,23.183495545366128,0.0,0.0,0.2515,7.801502776026865,PCM Storage + DSM
2024-02-09 20:00:00,181.72437399482237,94.7,-8.1,113.63053383119941,-68.09384016362296,29.0,25.0,413.17159187288576,39.20123538974745,39.2472788091655,13.75101,69.63239361174885,25.277437562019124,0.0,0.0,0.2515,8.355887233409861,PCM Storage + DSM
2024-02-09 21:00:00,193.6560612053695,94.8,-8.1,244.16982827010352,50.513767064734026,29.0,25.0,886.475791609982,48.831412703629134,47.83159102952634,29.548235294117653,74.20432814112992,83.86190799216739,31.753888977416885,34.39983369532747,0.2515,8.90451937693559,PCM Storage + DSM
2024-02-09 22:00:00,188.47486980511687,92.8,-8.2,244.16982827010347,55.6949584649866,29.0,25.0,914.2650013783199,52.40760508698309,51.99489720812702,29.548235294117646,72.21902066129522,82.58807562206556,36.4671336607522,33.47947973685602,0.2515,8.666282479355427,PCM Storage + DSM
2024-02-09 23:00:00,177.79508543982445,93.8,-8.35,230.37016209894313,52.57507665911868,30.695500169156244,27.528689040395474,872.1007802556313,53.883737025851964,53.71338447812835,27.87826736280282,68.12678508350844,79.96237547334027,32.38269184444374,31.582390620298945,0.24895674974626564,8.175214210021013,PCM Storage + DSM
2024-02-10 00:00:00,189.58891968683645,92.9,-8.45,232.23766426904277,42.64874458220632,30.466048948667957,26.80996253511451,888.6128954088433,54.4930368457658,54.422720789369414,28.104263317853157,61.62529541539344,39.54062376461503,14.525384587321577,77.22797940885515,0.24930092657699807,7.395035449847213,PCM Storage + DSM
2024-02-10 01:00:00,193.5480807758658,95.4,-8.5,231.93863959724487,38.390558821379074,30.502788705653877,26.64474518040702,853.7836749088924,54.74453622791114,54.71551201986018,28.068076818384206,62.91220855415481,40.36634553835264,14.828716330317437,73.69190737302944,0.24924581694151918,7.549465026498576,PCM Storage + DSM
2024-02-10 02:00:00,189.79879822198683,94.9,-8.75,225.47865844333234,35.67986022134551,31.296496249253387,27.355091319406192,846.8864371711285,54.84834708941515,54.83636682919924,27.28632157661773,61.6935157879308,39.58439598615813,14.541464463955288,70.29737491774637,0.2480552556261199,7.403221894551696,PCM Storage + DSM
2024-02-10 03:00:00,185.37032060205973,92.0,-8.15,219.4212783381116,34.050957736051856,32.0407380929082,28.06492425456218,874.2250343736611,54.89119687645745,54.88625181009807,26.553287139549713,60.25405275380807,38.66079365903483,14.202175961905484,67.86075978871295,0.2469388928606377,7.230486330456968,PCM Storage + DSM
2024-02-10 04:00:00,179.39370040538932,94.5,-8.55,212.03784523761377,32.64414483222444,32.947905839980976,28.95788911014393,822.9459738977702,54.90888389131283,54.906842726859125,25.659780271491687,58.31137073518695,37.414311053559274,13.744276275402767,65.36386760392476,0.24557814124002852,6.997364488222433,PCM Storage + DSM
2024-02-10 05:00:00,205.77670920240968,93.9,-9.0,242.9475615224797,37.170852320070026,29.150174174624684,25.154294947675485,896.3440002892144,54.91618452256651,54.91534199548512,29.40032256588731,66.88708662485448,42.916745617481425,15.76561460034506,74.70258761936245,0.251274738738063,8.026450394982536,PCM Storage + DSM
2024-02-10 06:00:00,217.13558763268892,98.0,-9.25,244.16982827010347,27.03424063741454,29.0,25.0,845.3638708396638,54.919197988498325,54.91885022039881,29.548235294117646,70.57925513348752,45.285750826971295,16.635876839050635,66.63772846980214,0.2515,8.469510616018502,PCM Storage + DSM
2024-02-10 07:00:00,225.14112039224216,97.5,-9.6,118.47323542522314,-106.66788496701899,29.0,25.0,413.17159187288576,45.488955120847365,46.469841602804294,14.337050000000001,73.1814289423788,0.0,0.0,0.0,0.2515,8.781771473085454,PCM Storage + DSM
2024-02-10 08:00:00,215.1048965703701,96.0,-9.8,115.87893099985328,-99.22596557051682,29.0,25.0,413.17159187288576,41.785832694371294,42.2109721170656,14.023100000000001,69.91918524744405,1.3496687908242748,0.0,0.0,0.2515,8.390302229693287,PCM Storage + DSM
2024-02-10 09:00:00,216.65715717442822,96.4,-9.8,116.57074551328525,-100.08641166114298,29.0,25.0,413.17159187288576,40.31714369640608,40.48722841985019,14.106820000000003,70.42374278405941,1.2150062478366621,0.0,0.0,0.2515,8.450849134087129,PCM Storage + DSM
2024-02-10 10:00:00,214.1612401617495,97.9,-9.75,244.16982827010347,30.008588108353962,29.0,25.0,846.5908140484296,49.28304017969854,48.35736713389909,29.548235294117646,69.61245263328108,54.26820069334427,20.00290666750064,55.871893902688,0.2515,8.353494315993728,PCM Storage + DSM
2024-02-10 11:00:00,215.2648958161765,95.1,-9.2,244.16982827010347,28.90493245392696,29.0,25.0,882.4524521624328,52.59402227318071,52.21192087181629,29.548235294117646,69.97119251034394,54.49837887606439,20.08746341722528,54.96953465369034,0.2515,8.396543101241274,PCM Storage + DSM
2024-02-10 12:00:00,212.0502365923247,95.6,-8.4,244.16982827010347,32.11959167777877,29.0,25.0,875.8274337528051,53.96068404867502,53.80296487114078,29.548235294117646,68.92627741373957,53.82793024904687,19.841171800496003,57.597870286623234,0.2515,8.271153289648748,PCM Storage + DSM
2024-02-10 13:00:00,203.48131963700374,95.8,-7.6,244.16982827010347,40.68850863309973,29.000000000000014,25.0,873.2051959271978,54.524798103631696,54.45969669640013,29.548235294117646,66.14097730425067,52.040798796637944,19.184662894392986,64.60389742698277,0.2515,7.93691727651008,PCM Storage + DSM
2024-02-10 14:00:00,206.71451646331906,92.2,-7.45,244.1698282701035,37.45531180678444,29.0,25.0,922.9447324040634,54.7576462543191,54.73077448583926,29.54823529411765,67.19191799153826,52.71511362198456,19.43237477241999,61.96040527582785,0.2515,8.06303015898459,PCM Storage + DSM
2024-02-10 15:00:00,205.1681147728846,95.4,-7.05,243.46214808465595,38.29403331177136,29.086949340603788,25.141198991668908,877.0679028936245,54.853758486946774,54.842666684604225,29.462595308290012,66.68926487678186,52.39259642250141,19.313896966242567,62.51707766487388,0.2513695759890943,8.002711785213823,PCM Storage + DSM
2024-02-10 16:00:00,211.554548154272,95.4,-7.45,244.16982827010347,32.61528011583147,29.0,25.0,878.4654681918194,54.89343052743068,54.88885218792547,29.548235294117646,68.76515541104317,53.72454957645331,19.803194553671155,58.00314981824516,0.2515,8.25181864932518,PCM Storage + DSM
2024-02-10 17:00:00,195.6205524523164,93.5,-7.45,108.7818328831875,-86.83871956912888,30.603468764457354,25.0,413.17159187288576,45.73037405645164,46.68329643001656,13.164243987599077,63.585859100359016,4.626707163131904,0.0,0.0,0.24909479685331398,7.630303092043082,PCM Storage + DSM
2024-02-10 18:00:00,187.43221245449496,92.6,-7.7,109.99850763568162,-77.43370481881334,29.0,25.0,413.17159187288576,41.43398907295415,41.919698537352026,13.31148,60.924264360745845,10.203136405735329,0.0,0.0,0.2515,7.310911723289501,PCM Storage + DSM
2024-02-10 19:00:00,184.98025240119628,94.1,-7.9,112.59281206105146,-72.38744034014482,29.0,25.0,413.17159187288576,39.89140093542941,40.07163953855689,13.62543,60.127262284459604,14.102948889488403,0.0,0.0,0.2515,7.215271474135152,PCM Storage + DSM
2024-02-10 20:00:00,183.120841727794,93.4,-8.0,111.38213666254556,-71.73870506524842,29.0,25.0,413.17159187288576,39.155902757365574,39.239748203328624,13.478920000000002,59.52286656219785,13.882287832653667,0.0,0.0,0.2515,7.142743987463742,PCM Storage + DSM
2024-02-10 21:00:00,185.67876021487655,92.5,-8.05,244.16982827010347,58.49106805522692,29.0,25.0,918.584363589556,48.819570065149236,47.817804639812586,29.548235294117646,60.354310101595274,97.2161898126793,14.22580711084356,33.86605853547165,0.2515,7.242517212191432,PCM Storage + DSM
2024-02-10 22:00:00,177.96220375579696,94.6,-7.9,244.1698282701035,66.20762451430653,29.0,25.105775260607196,889.1784617063539,52.402716918330555,51.989206486740834,29.54823529411765,57.846067150657895,98.40265374888722,18.55533112657926,32.45863125389654,0.2515,6.941528058078947,PCM Storage + DSM
2024-02-10 23:00:00,180.56753282743088,91.6,-7.7,233.6732088159352,53.105675988504316,30.289670332555193,27.124479424892993,910.4918171297226,53.88171934694413,53.71103553124378,28.277985879511522,58.69292135479048,90.76480127614076,13.834209629099725,32.93381875914492,0.24956549450116722,7.043150562574858,PCM Storage + DSM
2024-02-11 00:00:00,171.68358213341702,92.7,-7.65,211.17891378120038,39.49533164778336,33.05343871386208,29.398021075501457,845.7965643784594,54.4922040127629,54.42175121959299,25.555836598534906,70.51057253579766,45.241682028012605,16.619688013679873,56.840743540454376,0.24541984192920688,8.461268704295719,PCM Storage + DSM
2024-02-11 01:00:00,167.100345615597,92.5,-7.45,200.81556216018095,33.71521654458394,34.32673505368119,30.4689675773388,824.6595681916054,54.74419246121563,54.71511181261943,24.301714603597777,68.62823395150991,44.033917566077896,16.17601157081605,50.59757818972843,0.2435098974194782,8.23538807418119,PCM Storage + DSM
2024-02-11 02:00:00,171.83224995172603,90.3,-7.2,204.3342369626743,32.501987010948284,33.8944120069613,29.953121021229396,865.4057681426282,54.84820519357224,54.83620163651331,24.727527373849405,70.57163051732597,45.28085864630164,16.634079679599623,49.86241900345477,0.24415838198955805,8.468595662079117,PCM Storage + DSM
2024-02-11 03:00:00,168.33493590100892,92.8,-6.45,199.37122403889123,31.03628813788231,34.50419409497911,30.528427289101618,817.0073069368216,54.89113830641417,54.88618362386676,24.126927886686456,69.13528108315633,44.35925409758197,16.295525068340357,48.04338201864918,0.24324370885753133,8.29623372997876,PCM Storage + DSM
2024-02-11 04:00:00,187.34909876507078,90.8,-6.1,221.40208797575943,34.05298921068865,31.797365316056755,27.807367999711047,896.4190625769018,54.90885971548147,54.906814581774434,26.79299500870269,76.94441165448859,49.36982470448039,18.136175471338305,52.98110828543817,0.24730395202591487,9.233329398538629,PCM Storage + DSM
2024-02-11 05:00:00,177.18060342241472,93.3,-5.95,209.28919941105607,32.108595988641355,33.285619043045166,29.289747829361243,833.0906531636113,54.91617454356036,54.91533037809877,25.32715263195599,72.76820319280183,46.69024505406122,17.151822640022313,50.00937897303592,0.24507157143543226,8.73218438313622,PCM Storage + DSM
2024-02-11 06:00:00,173.6034399571871,90.3,-5.7,205.0192247843684,31.415784827181284,33.81025077051203,29.81195500079991,867.0132133797906,54.91919386948532,54.91884542511511,24.810421241090985,71.29905954579121,45.74759876229008,16.80553827184192,48.95516241135786,0.24428462384423197,8.555887145494946,PCM Storage + DSM
2024-02-11 07:00:00,152.54218774157803,89.6,-5.45,91.21734357653688,-61.324844165041156,36.85907490779571,28.868414437703755,413.17159187288576,48.24337289153583,48.93775408277201,11.038675621798358,62.64918788311007,9.050992884121598,0.0,0.0,0.23971138763830643,7.517902545973209,PCM Storage + DSM
2024-02-11 08:00:00,153.28298682637137,88.6,-5.3,101.21917019581811,-52.06381663055326,30.076122150899028,25.0,413.17159187288576,42.36782125282781,43.007259117499935,12.249047633816835,62.95343460812413,18.653790498411325,0.0,0.0,0.24988581677365146,7.554412152974894,PCM Storage + DSM
2024-02-11 09:00:00,155.4818096144283,90.0,-5.15,105.50171329837389,-49.980096316054414,29.0,25.0,413.17159187288576,39.74484725538243,40.04372548728436,12.7673,63.856492732634656,21.751944895201113,0.0,0.0,0.2515,7.662779127916158,PCM Storage + DSM
2024-02-11 10:00:00,166.0390115570785,89.7,-4.9,244.16982827010347,78.13081671302493,29.000000000000007,25.0,960.9572831620561,49.08063391047251,48.121732235702765,29.548235294117646,68.1923432787505,48.904657075382396,19.263015951785945,86.56578452998043,0.2515,8.18308119345006,PCM Storage + DSM
2024-02-11 11:00:00,160.26098408504328,89.8,-4.1,236.81014633472364,76.54916224968036,29.904249552967514,27.84019644688117,944.5067620059489,52.51047592312918,52.11465765623334,28.657602675594823,65.81930317719805,47.38204391464467,18.703678752932117,84.40036856082257,0.2501436256705487,7.898316381263765,PCM Storage + DSM
2024-02-11 12:00:00,170.10082449085897,87.3,-3.15,220.4764982536288,50.37567376276982,31.91108817797073,28.71017971935233,950.9118194099202,53.92619880064435,53.76281774187728,26.680984679297538,69.86053281635931,49.97501713499811,19.65621641330067,59.22101173563601,0.2471333677330439,8.383263937963116,PCM Storage + DSM
2024-02-11 13:00:00,160.50038028819455,89.6,-2.25,197.65389865155964,37.153518363365095,34.715193799508356,31.04503310410848,860.3081279664975,54.510563701635526,54.44312525180966,23.919105589472476,65.91762337262581,47.44512907845065,18.726853305551494,45.02891117910838,0.24292720930073747,7.910114804715096,PCM Storage + DSM
2024-02-11 14:00:00,147.65035850762746,86.0,-1.65,177.77285696349318,30.122498455865724,37.15788401585324,33.29403107942189,869.5043466148154,54.75177075068319,54.72393432613536,21.51319941403255,60.640110044990635,44.058919446607824,17.482917512109964,36.69963713545917,0.23926317397622013,7.219368580824763,PCM Storage + DSM
2024-02-11 15:00:00,119.88263298747512,83.8,-1.85,143.12614615850188,23.243513171026763,41.414762646246274,37.470959778182504,806.687140816022,54.85133326789051,54.83984328652812,17.32042436772073,49.235884899447576,36.74162915587047,14.794885673190151,27.015243025358252,0.2328778560306306,4.604117714879937,PCM Storage + DSM
2024-02-11 16:00:00,123.27289314111401,84.0,-2.1,146.30625532662881,23.033362185514804,41.02403756886992,37.0472339387003,813.2761930942635,54.892429474953275,54.88768677994655,17.70526558510836,50.62826721992253,37.635023095798715,15.123077019960293,27.14761435943816,0.23346394364669512,4.85301177035218,PCM Storage + DSM
2024-02-11 17:00:00,127.18976592845254,87.4,-2.6,81.1175186037118,-46.072247324740744,40.49868929964869,33.39256560115101,413.17159187288576,49.697207490703455,50.237403002143985,9.81644432958353,52.23692973356057,12.607167031541984,0.0,0.0,0.23425196605052698,5.1718668453954155,PCM Storage + DSM
2024-02-11 18:00:00,146.09498618045714,85.7,-3.3,91.89119613568073,-54.20379004477641,32.56946032408252,25.06745012022106,413.17159187288576,43.7310360691338,44.37361956140238,11.12022195416953,60.00131749457723,13.19760948512636,0.0,0.0,0.2461458095138762,7.2001580993492675,PCM Storage + DSM
2024-02-11 19:00:00,152.58673198641702,88.9,-3.65,103.59922338643601,-48.98750859998101,29.0,25.0,413.17159187288576,40.13128465877427,40.53189196505734,12.537070000000002,62.66748223698912,21.408879082175012,0.0,0.0,0.2515,7.520097868438695,PCM Storage + DSM
2024-02-11 20:00:00,170.21236717884923,89.6,-3.75,104.80989878494191,-65.40246839390733,29.0,25.0,413.17159187288576,38.78925693817957,38.94516755444112,12.68358,69.90634347975904,13.125563711049242,0.0,0.0,0.2515,8.388761217571085,PCM Storage + DSM
2024-02-11 21:00:00,157.12290279289022,89.4,-3.6,244.16982827010347,87.04692547721325,29.0,25.0,965.7302498002782,48.68831089349629,47.66499675161257,29.548235294117646,64.53049089926202,85.66882795552158,41.887363020905504,31.979899415456682,0.2515,7.743658907911442,PCM Storage + DSM
2024-02-11 22:00:00,155.8660402166708,86.2,-3.5,234.83026735709308,78.96422714042228,30.147507983993698,28.21349339851055,1000.829096986983,52.34853761965632,51.92613188439116,28.41800743035351,64.01429652151903,85.33762227866173,41.765693472581404,23.770218645015934,0.24977873802400946,7.6817155825822825,PCM Storage + DSM
2024-02-11 23:00:00,148.94178087642976,89.0,-3.25,212.15520346980878,63.21342259337902,34.80909693675349,32.34657247476224,935.2507726991314,55.0047897315767,54.71129022504818,25.673982389268353,61.17049815478103,83.51295660324945,33.367464936513436,15.047778624062001,0.24278635459486977,7.340459778573723,PCM Storage + DSM
2024-02-12 00:00:00,148.8553623183803,87.6,-3.0,175.16868333067777,26.31332101229748,37.47784659901909,33.38567436205072,834.8866568700748,54.90913064235563,54.90712588121736,21.198055090942614,68.7741076671522,44.127514483844834,16.210394721543413,31.363383276912565,0.23878323010147137,8.055712079362335,PCM Storage + DSM
2024-02-12 01:00:00,137.48035253457584,85.6,-2.7,162.5584907349953,25.07813820041946,39.027201736591564,35.03123985935012,833.8311238828211,54.916285749634476,54.91545984223176,19.67203141897123,63.51862922551544,40.755443090708816,14.971652658879274,29.742292246653047,0.23645919739511265,6.849645054230569,PCM Storage + DSM
2024-02-12 02:00:00,134.6091365002996,86.1,-2.55,159.12073946548148,24.51160296518188,39.44958208889017,35.4512494590579,814.8394101148184,54.919239771770094,54.91889886376107,19.256011617860185,62.19207089666855,39.904283783005944,14.658976350001044,29.07834822800031,0.23582562686666475,6.548981009963425,PCM Storage + DSM
2024-02-12 03:00:00,130.06535490673102,85.9,-1.55,153.74851602176142,23.6831611150304,40.10964195154165,36.11033018836345,802.1169047058382,54.92045909717075,54.92031838130175,18.605891480199215,60.09275435432102,38.557299805010096,14.16415713749132,28.0957541887241,0.23483553707268753,6.089928822975222,PCM Storage + DSM
2024-02-12 04:00:00,130.9200357027172,83.6,-1.3,154.7445794019075,23.824543699190286,39.987260322263005,35.98754440430243,847.6232324409432,54.92096239550579,54.92090431251781,18.72643018611931,60.487633706792586,38.81066615081414,14.257232138942905,28.266132646253123,0.23501910951660548,6.174362195855831,PCM Storage + DSM
2024-02-12 05:00:00,139.33510176081762,85.5,-1.45,164.6452931257763,25.310191364958683,38.770806127981906,34.77092338791711,841.708681507293,54.92117014088198,54.9211461660914,19.924566011357122,64.3755598795035,41.30527530414181,15.173635419853307,30.037269574164203,0.23684379080802714,7.041087369979074,PCM Storage + DSM
2024-02-12 06:00:00,154.7364939929584,87.6,-1.55,182.7715484924272,28.0350544994688,36.5437182651933,32.54376666632568,855.1852151395308,54.92125589149612,54.92124599547314,22.118116551035502,71.49130627318583,45.87094998465178,16.85085176903878,33.28463984931541,0.24018442260221007,8.578956752782299,PCM Storage + DSM
2024-02-12 07:00:00,154.81800600894675,87.0,-1.75,87.28620943099625,-67.5317965779505,36.53201603245586,28.244952870356148,413.17159187288576,47.74952167721753,48.49549980638232,10.56294904440699,71.52896642916838,0.4753964602395797,0.0,0.0,0.2402019759513162,8.583475971500203,PCM Storage + DSM
2024-02-12 08:00:00,146.62749872520766,86.0,-2.15,95.91184207715644,-50.71565664805122,30.544764404345273,25.0,413.17159187288576,42.07208979313324,42.69302159591659,11.606780810170536,67.74479083073975,13.693677043637791,0.0,0.0,0.2491828533934821,8.129374899688768,PCM Storage + DSM
2024-02-12 09:00:00,135.36305107587012,86.6,-2.35,99.6212899342022,-35.74176114166792,29.0,25.0,413.17159187288576,39.18611056677838,39.51159188347435,12.055679999999999,62.540394271685585,23.719417709990317,0.0,0.0,0.2515,7.504847312602269,PCM Storage + DSM
2024-02-12 10:00:00,130.53706029283967,85.2,-2.35,244.16982827010347,113.6327679772638,29.0,26.134644681897502,1037.9022613511886,48.86797180377369,47.874156272316505,29.548235294117646,60.31069152840835,45.240097299810266,17.6132821435633,108.12064545112496,0.2515,7.237282983409002,PCM Storage + DSM
2024-02-12 11:00:00,114.38027159675002,85.1,-2.25,184.53789142118686,70.15761982443684,36.326696005570895,34.333131722767845,903.8662148617583,52.422696080965764,52.01246588234208,22.33187071074829,52.845937098106624,40.45048867506889,15.853802887209735,64.09736260136334,0.24050995599164365,6.341512451772794,PCM Storage + DSM
2024-02-12 12:00:00,119.91180009861255,83.1,-2.05,162.11680221394167,42.20500211532912,39.081469930682076,35.909656775905106,879.818862759227,53.88996610313579,53.720636262157385,19.618580440038784,55.40161215627039,42.09028585994732,16.45618804171207,36.33240735142289,0.23637779510397688,5.956292719864922,PCM Storage + DSM
2024-02-12 13:00:00,129.3546143215461,86.0,-1.9,161.28920342788768,31.934589106341576,39.183153106517196,35.52500201738755,823.007726308462,54.495608008659694,54.42571409273689,19.51842849320448,59.76437821275904,44.88956641592434,17.484513413750463,26.382350955971457,0.2362252703402242,6.388876657805563,PCM Storage + DSM
2024-02-12 14:00:00,141.16817028199736,86.8,-1.95,170.26483210305054,29.096661821053175,38.08035976729669,34.221464010332745,834.8753871377455,54.745597521313954,54.71674755928247,20.604615062140255,65.22247362095973,48.39164288553471,18.77101328988096,23.94520999263759,0.23787946034905497,7.403914415973239,PCM Storage + DSM
2024-02-12 15:00:00,129.45498979190052,85.2,-1.75,154.4433694497,24.98837965779947,40.024268574389176,36.08251187068076,816.7043168228689,54.84878515722075,54.83687682016125,18.689979234731034,59.81075365599319,44.919322280630205,17.495444333332156,19.4395468424286,0.23496359713841625,6.091987742565067,PCM Storage + DSM
2024-02-12 16:00:00,121.46737196155608,83.1,-1.2,144.20183645608356,22.734464494527472,41.28259763160838,37.306638592318876,823.7862061700777,54.891377696767655,54.88646231797554,17.450599132726428,56.12031697899118,42.55142826586135,16.625590295841867,16.914644011927592,0.23307610355258743,5.292393618002905,PCM Storage + DSM
2024-02-12 17:00:00,132.2647101499575,84.4,-1.0,77.20007136727241,-55.06463878268508,39.76371679495559,32.21392388604022,413.17159187288576,48.95398542740212,49.57137184399146,9.342374074815796,61.10889977186032,3.0355260959958414,0.0,0.0,0.2353544248075666,6.319741816898749,PCM Storage + DSM
2024-02-12 18:00:00,147.4586801903091,87.0,-1.25,95.76610929737971,-51.692570892929396,31.629025591092443,25.0,413.17159187288576,43.17092981391497,43.797610400737675,11.589144943784353,68.12881302974904,13.081877424662075,0.0,0.0,0.24755646161336134,8.175457563569886,PCM Storage + DSM
2024-02-12 19:00:00,146.910142625847,86.1,-1.15,98.75652179241226,-48.15362083343473,29.0,25.0,413.17159187288576,39.548271925516865,39.950614122525934,11.95103,67.87537787679092,16.37987036943381,0.0,0.0,0.2515,8.14504534521491,PCM Storage + DSM
2024-02-12 20:00:00,153.1443153085449,84.4,-1.1,95.81631011032646,-57.328005198218435,29.0,25.0,413.17159187288576,37.88858133181306,38.07760478717219,11.595220000000001,70.7556883783263,9.943982617512745,0.0,0.0,0.2515,8.490682605399156,PCM Storage + DSM
2024-02-12 21:00:00,170.09627194068486,88.3,-1.3,244.16982827010347,74.07355632941861,29.000000000000007,25.0,983.6443016515483,48.34401914109038,47.26418066946409,29.548235294117646,78.58782604827528,108.834975844008,34.18640508967608,5.770680685604643,0.2515,9.430539125793032,PCM Storage + DSM
2024-02-12 22:00:00,167.0400389921876,89.9,-1.65,244.1698282701035,77.1297892779159,29.0,26.367375587710132,957.8014300153827,52.20642541767759,51.76068731700484,29.54823529411765,77.17578626292791,107.92896908952933,36.909813330453694,5.666995024270737,0.2515,9.261094351551348,PCM Storage + DSM
2024-02-12 23:00:00,147.7927565413024,84.0,-1.4,212.70456154105014,64.91180499974774,34.83315262510113,32.451154488384546,1033.4874752725468,55.002041569564184,54.6930955277366,25.740463009190837,68.28316288033164,102.2231972456539,22.595794075873005,5.014012334982684,0.2427502710623483,8.193979545639797,PCM Storage + DSM
2024-02-13 00:00:00,131.1794079283362,84.6,-1.5,154.38586978318278,23.206461854846594,40.03133328835379,35.936923352630515,827.5203502378808,54.905719651174515,54.903154663718034,18.6830209070473,63.22061011439958,40.5642251587238,14.901408091706807,33.540817705942494,0.2349530000674693,6.436616774029054,PCM Storage + DSM
2024-02-13 01:00:00,129.41892466606927,86.7,-1.9,153.09768650973902,23.678761843669747,40.18960631691391,36.19477499682152,786.3563324339068,54.91487777165702,54.91382069862161,18.527131284093738,62.37216272700547,40.019836061634926,14.701424878304973,33.874426258438206,0.23471559052462915,6.291003661838822,PCM Storage + DSM
2024-02-13 02:00:00,140.43149819767797,84.2,-2.1,165.98531058202204,25.55381238434407,38.60616447683202,34.6082985321292,869.6896531079582,54.91865860371444,54.91822227796318,20.086728352936742,67.6795629401421,43.42522200877398,15.9524051573445,36.61705087578604,0.23709075328475196,7.4693204940052125,PCM Storage + DSM
2024-02-13 03:00:00,136.460613787498,87.2,-2.05,161.28067660156924,24.820062814071235,39.18420075761875,35.185081627062615,802.4148371153462,54.920219209676716,54.92003910843055,19.517396618495983,65.76583471808397,42.197317020959105,15.501330022797363,35.5704737574518,0.2362236988635719,7.030025450070067,PCM Storage + DSM
2024-02-13 04:00:00,148.41479671894706,86.3,-2.3,175.3384420950839,26.923645376136847,37.45698913694744,33.45735273154183,857.581674043908,54.92086337765848,54.9207890376527,21.218598464173652,71.52703421029558,45.893874092513975,16.859273019168818,38.615810686865835,0.23881451629457884,8.38712163944243,PCM Storage + DSM
2024-02-13 05:00:00,137.25655167768926,86.9,-2.4,162.19957708568782,24.94302540799856,39.07129977096178,35.07144985112404,810.1434305598771,54.92112926949714,54.92109858433212,19.628597449118587,66.14942906284995,42.4434425699303,15.591745092545747,35.75614059377897,0.23639305034355734,7.1158397039391925,PCM Storage + DSM
2024-02-13 06:00:00,129.8640803132953,85.3,-2.45,153.49623058116484,23.632150267869548,40.140639078711374,36.14070102697863,811.9900427482443,54.92123902110209,54.921226355252216,18.57536113329746,62.58670106086404,40.15749024219517,14.751992616552936,33.86288418737363,0.23478904138193293,6.331030692347427,PCM Storage + DSM
2024-02-13 07:00:00,109.79407387804962,84.9,-2.4,72.39284889169141,-37.4012249863582,43.04320313543913,36.465099508610905,413.17159187288576,50.60838718095264,51.056994322468405,8.760627583752592,52.91416120209803,17.671815658364068,0.0,0.0,0.2304351952968413,4.431073194937863,PCM Storage + DSM
2024-02-13 08:00:00,128.16524520008747,82.9,-2.5,80.98799830594665,-47.17724689414082,36.073576596894085,29.009073085119287,413.17159187288576,45.39237720232756,45.95320094712001,9.80077041827007,61.76796438536817,17.110829035942338,0.0,0.0,0.24088963510465888,7.412155726244181,PCM Storage + DSM
2024-02-13 09:00:00,143.96572121633722,89.1,-2.65,103.94513064315196,-40.02059057318526,29.0,25.0,413.17159187288576,40.78916278394533,41.29081652290377,12.57893,69.38284655034148,32.19305207569373,0.0,0.0,0.2515,8.325941586040978,PCM Storage + DSM
2024-02-13 10:00:00,167.65274318816918,88.3,-2.7,244.16982827010347,76.51708508193428,29.000000000000007,25.0,983.6443016515483,49.516448433470025,48.62910038393382,29.548235294117646,80.79857104934592,55.494615794934276,22.143549566026618,82.97404447294004,0.2515,9.69582852592151,PCM Storage + DSM
2024-02-13 11:00:00,158.12721111361284,87.9,-2.75,230.7515333216282,72.62432220801534,30.648642878222258,28.440135784405758,962.8521081657603,52.69036621429561,52.32408282163966,27.924419038061558,76.20783566695478,52.549063334139234,21.061490704995997,78.33085712551477,0.24902703568266663,9.144940280034572,PCM Storage + DSM
2024-02-13 12:00:00,129.22875476561467,87.3,-2.75,170.90459921126052,41.67584444564585,38.00175458752374,34.74122010828699,828.1768065106712,54.00045173098202,53.849261719018145,20.682036540382498,62.28051223610904,43.61287808561189,17.778752216824515,45.10574969874912,0.2379973681187144,7.09932273525798,PCM Storage + DSM
2024-02-13 13:00:00,115.19836112654207,82.2,-2.4,143.72758501008488,28.529223883542812,41.340866679347656,37.64609427907663,840.333648774972,54.541212924714316,54.47880654717618,17.393207548294292,55.51870365642756,39.27430044123201,16.184960747531363,30.853810223510436,0.23298869998097851,5.216248694074728,PCM Storage + DSM
2024-02-13 14:00:00,106.13008808076255,84.6,-2.15,128.65267653293546,22.522588452172897,43.19304988117307,39.31903802401612,742.2434241263809,54.764421764872964,54.73866241802958,15.568916046449305,51.14833971217692,36.47014485432204,15.154844516056933,24.132773331652274,0.2302104251782404,4.237215450401049,PCM Storage + DSM
2024-02-13 15:00:00,113.29673914595175,84.4,-1.4,135.27136553897714,21.97462639302539,42.37984264919025,38.43184650516896,769.0400823565778,54.8565551999316,54.84592256948623,16.36987733423285,54.60223586839217,38.68626743052057,15.968944791853199,24.14940234314566,0.23143023602621463,4.789759680611529,PCM Storage + DSM
2024-02-13 16:00:00,102.89681976208615,82.7,-1.2,122.28044419768204,19.38362443559589,43.975976139556366,39.99744165984761,754.3576599285047,54.894584920661636,54.89019611255732,14.79777973642755,49.59009822444319,35.4703307360192,14.787559349524503,20.739091399398042,0.22903603579066545,3.875175735101349,PCM Storage + DSM
2024-02-13 17:00:00,97.651432830048,81.9,-1.35,64.2132279323381,-33.438204897709895,44.77257541690561,38.46774812663506,413.17159187288576,51.03976396666206,51.44055009877241,7.770769965241658,47.062136196205394,15.544050148568873,0.0,0.0,0.22784113687464158,3.4526923263505087,PCM Storage + DSM
2024-02-13 18:00:00,109.66644969851484,83.6,-1.75,76.82568236716263,-32.84076733135221,39.18018464455446,32.89518806495961,413.17159187288576,47.137311597677865,47.55955585135239,9.297067353894752,52.85265399892522,22.16825663761965,0.0,0.0,0.2362297230331683,5.650947211836587,PCM Storage + DSM
2024-02-13 19:00:00,127.8404827690658,85.8,-2.0,91.92577527485297,-35.914707494212834,32.64946702327667,26.090194900244743,413.17159187288576,42.77175005791656,43.24303933299409,11.124406552028193,61.61144836387001,28.210466614926858,0.0,0.0,0.246025799465085,7.393373803664401,PCM Storage + DSM
2024-02-13 20:00:00,147.27445122377776,86.4,-2.45,99.27538267748625,-47.99906854629151,29.0,25.0,413.17159187288576,39.40879368410375,39.7777932132216,12.013820000000003,70.97745604795782,25.874243115184477,0.0,0.0,0.2515,8.517294725754939,PCM Storage + DSM
2024-02-13 21:00:00,167.99156356959372,88.4,-2.85,244.16982827010347,76.17826470050974,29.000000000000007,25.0,981.988334813751,48.96094454602338,47.9823936237457,29.548235294117646,80.9618621601318,79.5966099157096,44.58136514454473,36.26536772374868,0.2515,9.715423459215815,PCM Storage + DSM
2024-02-13 22:00:00,176.70140055523436,90.8,-3.15,244.16982827010347,67.46842771486911,29.000000000000007,25.382623726494256,943.8528655005957,52.46107225485645,52.05714276019143,29.548235294117646,85.15948141246126,82.28992736667965,45.57076460429968,28.2416944907591,0.2515,10.219137769495351,PCM Storage + DSM
2024-02-13 23:00:00,170.14624507916028,89.0,-3.55,220.9320559561489,50.78581087698862,31.855115942693214,28.670582709913052,923.5962355874724,53.90580655426885,53.73907744137307,26.736114038561457,82.00028946963324,80.26289578541818,42.46461217297672,13.404175786007603,0.24721732608596017,9.84003473635599,PCM Storage + DSM
2024-02-14 00:00:00,170.8474905744406,87.8,-3.8,209.99876082062823,39.151270246187636,33.19843856526878,29.535037036775478,918.7819310032528,54.50214643775922,54.433326018798894,25.41302027430233,78.92472007301326,50.640449528052834,18.602943884969246,51.460530706705555,0.24520234215209682,9.47096640876159,PCM Storage + DSM
2024-02-14 01:00:00,154.41607216028692,91.7,-4.15,185.80483295706225,31.38876079677533,36.171032849539124,32.309969879960306,799.3522221685593,54.74829637469447,54.71988951770581,22.485189762783357,71.33406074065051,45.77005657069352,16.813788225256673,42.51416653214912,0.2407434507256913,8.560087288878062,PCM Storage + DSM
2024-02-14 02:00:00,141.45887896857138,86.4,-4.6,168.55037664267246,27.091497674101078,38.29100685738042,34.348355597960996,836.9590997337694,54.84989915715235,54.838173719612676,20.397140069413076,65.34835476305805,41.929449455867896,15.402927948399611,37.28336048591298,0.23756348971392938,7.33561152686115,PCM Storage + DSM
2024-02-14 03:00:00,121.2995594396021,86.1,-4.95,143.99524874847052,22.69568930886841,41.30798009295629,37.33165180982116,767.9771366428057,54.891837520134324,54.88699763638541,17.4255989013847,56.03555394089391,35.95407926053073,13.207855087243491,31.435108693185146,0.23303802986056557,5.275866167656372,PCM Storage + DSM
2024-02-14 04:00:00,144.28218436961873,88.4,-5.15,170.70521957975416,26.423035210135424,38.0262514264148,34.03602235030361,809.5493088994962,54.9091483284317,54.90715057997894,20.657908595065326,66.65260914636255,42.766297888252225,15.710347107845385,36.81831219808904,0.2379606228603778,7.58789908629917,PCM Storage + DSM
2024-02-14 05:00:00,165.08253992604438,91.6,-5.35,195.04703096894872,29.964491042904342,35.035487387919346,31.039520511253247,823.7512192843994,54.9162936737099,54.91546906735826,23.603635245686966,76.26154302177552,48.93167586470996,17.975219983077906,41.8583969738676,0.24244676891812098,9.151385162613062,PCM Storage + DSM
2024-02-14 06:00:00,163.9253510160374,90.6,-5.4,193.6268255627711,29.701474546733692,35.209981355856286,31.211646099539834,835.0928976645343,54.919243042582075,54.9189026715838,23.431768951620146,75.72696794264024,48.588676582750374,17.849218013222877,41.512007057066626,0.24218502796621558,9.087236153116828,PCM Storage + DSM
2024-02-14 07:00:00,150.78601746440057,88.4,-5.45,88.7025625529067,-62.083454911493874,37.1130952989869,29.102355277780042,413.17159187288576,48.209829803321334,48.90770547210467,10.734349153922045,69.65712039017036,9.893018666769457,0.0,0.0,0.23933035705151964,8.311587089677888,PCM Storage + DSM
2024-02-14 08:00:00,138.7630860866833,89.0,-5.4,98.33728834267588,-40.425797744007426,32.1423964467913,25.350996474253208,413.17159187288576,43.400976191182856,43.929602222102666,11.900296423686582,64.10300607305119,25.811627763397166,0.0,0.0,0.24678640532981305,7.692360728766142,PCM Storage + DSM
2024-02-14 09:00:00,136.39390929949218,88.2,-5.45,102.38854798793005,-34.005361311562126,29.0,25.0,413.17159187288576,39.89513097160399,40.281328747776,12.39056,63.00854097962877,31.101157011655065,0.0,0.0,0.2515,7.561024917555453,PCM Storage + DSM
2024-02-14 10:00:00,150.7522251968297,87.6,-5.0,244.16982827010344,93.41760307327374,29.0,25.0,995.3943189067714,49.15217724117804,48.20502258172038,29.548235294117642,69.6415097116073,48.930267613547485,19.72765568778541,96.72002288734784,0.2515,8.356981165392876,PCM Storage + DSM
2024-02-14 11:00:00,150.39202128520665,90.6,-3.65,224.61176113179673,74.21973984659007,31.403007850339897,29.315241332956663,906.4286595986382,52.54000683778174,52.14903703628472,27.181413914935813,69.47510988449561,48.823500531718985,19.68843443184223,77.49620760393711,0.24789548822449015,8.337013186139473,PCM Storage + DSM
2024-02-14 12:00:00,164.16020893657324,85.6,-2.15,213.24384602987737,49.083637093304134,32.79973018689461,29.589033479482193,964.8085444391361,53.938388213061046,53.77700844497165,25.80572457356687,75.83546292593147,52.90449235376743,21.187600860420833,53.35207849509936,0.24580040471965808,9.100255551111776,PCM Storage + DSM
2024-02-14 13:00:00,131.53985998806633,87.1,-0.8,163.4672023159413,31.92734232787498,38.915552612612885,35.241351642713525,810.4468214882861,54.515595099301045,54.448982717943416,19.781999238494695,60.76616398107424,43.23558162549087,17.63569313876317,33.84554510357111,0.23662667108108068,6.59353497269445,PCM Storage + DSM
2024-02-14 14:00:00,131.5969295790418,80.8,0.45,158.8364915622445,27.23956198320269,39.48450629372548,35.61898566183926,918.4131953448995,54.7538475499253,54.726352099890455,19.22161333046239,60.79252785377308,43.25249747091337,17.641907232952583,29.16187652230449,0.2357732405594118,6.388866834067684,PCM Storage + DSM
2024-02-14 15:00:00,116.5017264701558,84.1,-0.2,139.12980471380416,22.62807824364836,41.90577434982296,37.961283110676874,787.7128504320191,54.852190503867234,54.84084126582455,16.836806722739077,53.819146648065505,38.77816853239043,15.99824705730333,23.462810014358595,0.23214133847526555,4.87415006283522,PCM Storage + DSM
2024-02-14 16:00:00,133.1241310414973,83.6,-0.15,157.89450994099872,24.770378899501424,39.60024315129542,35.62315538366796,857.2698089794026,54.89278331441203,54.88809871372404,19.107619333806444,61.498033960500926,43.70517118779743,17.808198484943343,26.80272561123765,0.23559963527305686,6.420305025516556,PCM Storage + DSM
2024-02-14 17:00:00,131.2162722512061,84.6,-0.05,77.28131279124784,-53.934959459958264,39.91674384345018,32.4259928494522,413.17159187288576,49.05411497548961,49.661241876667184,9.352205513565877,60.61667936491229,8.700056117377443,0.0,0.0,0.23512488423482475,6.213181565701466,PCM Storage + DSM
2024-02-14 18:00:00,139.81151691790993,83.8,-0.25,88.14571082740481,-51.665806090505114,32.83506121019014,25.51139592123441,413.17159187288576,43.37294452830576,43.988609486289945,10.666961688707204,64.58733926162924,15.0720793089464,0.0,0.0,0.2457474081847148,7.750480711395508,PCM Storage + DSM
2024-02-14 19:00:00,140.42895841816724,85.9,-0.9,98.4106145356963,-42.018343882470944,29.0,25.0,413.17159187288576,39.59899439535655,40.01662478787869,11.909170000000001,64.87257258525267,25.014272172890934,0.0,0.0,0.2515,7.784708710230319,PCM Storage + DSM
2024-02-14 20:00:00,128.80532133840867,85.7,-1.3,98.06470727898032,-30.740614059428353,29.0,25.0,413.17159187288576,38.07928036435572,38.25436667264116,11.867310000000002,59.50291629316612,30.743553796138833,0.0,0.0,0.2515,7.140349955179935,PCM Storage + DSM
2024-02-14 21:00:00,124.57714087810079,81.4,-0.25,244.16982827010347,119.59268739200267,29.0,26.263162479438034,1113.1699825942137,48.41586408875448,47.34782070964219,29.548235294117646,57.549665717896,73.70260986673352,40.903667060711086,64.45229091985401,0.2515,6.90595988614752,PCM Storage + DSM
2024-02-14 22:00:00,115.74144877418577,84.4,-0.15,189.81974392070552,74.07829514651975,35.67773959638559,33.83402998105819,930.7107508328013,52.23608061102264,51.79521138014104,22.971054599889396,53.46792870432845,71.08364590929239,39.941581613384145,18.30130263722506,0.24148339060542162,6.416151444519413,PCM Storage + DSM
2024-02-14 23:00:00,118.3227721894523,83.0,-0.15,177.52767294267122,59.20490075321892,39.124654132741206,36.72168583980575,966.5988704744632,54.99564521778479,54.69064745051044,21.483528446129046,54.660397070605434,71.84876910593326,35.31159319305418,8.524947111563762,0.2363130188008882,5.862441017272628,PCM Storage + DSM
2024-02-15 00:00:00,119.89880749238209,81.9,-0.2,141.16029119208082,21.26148369969873,41.65629801288212,37.56505772988356,837.9447750057748,54.90383832215558,54.90096451987115,17.082526239547164,61.68062589997424,39.57612545038831,9.349109648050936,21.26148369969873,0.23251555298067683,5.678454853128656,PCM Storage + DSM
2024-02-15 01:00:00,131.9073376703089,85.3,-0.85,156.0419427466823,24.13460507637342,39.82785938145475,35.83365165637355,819.7788801176702,54.914101229656026,54.912916661856855,18.883430736289508,67.8582824839258,43.539893787505434,10.28547480207884,24.13460507637342,0.23525821092781787,6.991631813681639,PCM Storage + DSM
2024-02-15 02:00:00,135.3912044353514,86.3,-1.3,160.05903899343042,24.667834558079022,39.33429763282981,35.33668907894613,814.1419995302597,54.91833807213541,54.91784912064313,19.36956002564104,69.65051951375276,44.68984641029963,10.557129316971762,24.667834558079022,0.23599855355075527,7.382552084692413,PCM Storage + DSM
2024-02-15 03:00:00,128.17749642478492,82.9,-0.55,151.5337833029165,23.356286878131584,40.381755758706426,36.38274287080752,851.4024977300554,54.92008690454309,54.919885081082484,18.337875386836448,65.93950658162106,42.3087500578043,9.994640426795815,23.356286878131584,0.23442736636194036,6.574792953142582,PCM Storage + DSM
2024-02-15 04:00:00,107.6811606613427,84.4,-1.5,127.39468692234163,19.713526260998933,43.34761315619027,39.34802060433884,741.3335910324431,54.920808766351755,54.920725460114014,15.416680312514714,55.39539154840468,35.543332015603944,8.39643862276316,19.713526260998933,0.2299785802657146,4.537675888698772,PCM Storage + DSM
2024-02-15 05:00:00,95.58957790896915,82.1,-1.1,113.15662031951052,17.567042410541376,45.09697752733781,41.09714570883774,730.5392330005095,54.92110672770499,54.9210723415676,13.693659310720921,49.17500947884056,31.55214973522895,7.453597444150067,17.567042410541376,0.22735453370899328,3.511987457520091,PCM Storage + DSM
2024-02-15 06:00:00,94.57901167902953,80.3,-0.3,111.96472545824336,17.38571377921383,45.24342005093438,41.24348947085202,762.9787643847151,54.92122971657482,54.92121552308251,13.549422039244396,48.65513477049524,31.21858264871262,7.374798541242519,17.38571377921383,0.22713486992359844,3.4321078911713374,PCM Storage + DSM
2024-02-15 07:00:00,112.0220371275859,83.6,-0.8,70.70172487593739,-41.32031225164852,42.7209935592709,35.94941542129389,413.17159187288576,50.28471881322549,50.766991768259466,8.5559760480446,57.62850781529799,4.390772097722127,0.0,0.0,0.23091850966109365,4.9372670055854835,PCM Storage + DSM
2024-02-15 08:00:00,125.97017108151374,85.2,-0.6,84.97669709671537,-40.99347398479837,36.067352189440385,29.30499111512915,413.17159187288576,45.56744233163857,46.07776085762451,10.28346318675013,64.8039722791094,10.409207696962767,0.0,0.0,0.24089897171583943,7.7764766734931285,PCM Storage + DSM
2024-02-15 09:00:00,146.05321212082345,84.0,-1.5,95.12449559689449,-50.928716523928955,29.0,25.0,413.17159187288576,40.187547057441215,40.767931214320626,11.511500000000002,75.1354723764577,8.668938276328454,0.0,0.0,0.2515,9.016256685174923,PCM Storage + DSM
2024-02-15 10:00:00,147.19147563136494,89.2,-2.8,244.1698282701035,96.97835263873856,29.0,25.0,968.9386559457942,49.29507020564523,48.37137805447423,29.54823529411765,75.72103954962381,55.963198512299726,13.616251339431209,87.46103101299744,0.2515,9.086524745954856,PCM Storage + DSM
2024-02-15 11:00:00,148.87476980461236,88.0,-4.0,221.6629011187784,72.78813131416604,31.7653204301427,29.630191351163205,941.650115768857,52.598988757625875,52.2177027671789,26.824557336334742,76.58699176675722,56.51881922916616,13.74750620446909,63.27080968842491,0.24735201935478596,9.190439012010865,PCM Storage + DSM
2024-02-15 12:00:00,125.53991988528162,83.9,-0.95,167.30643958952058,41.76651970423896,38.44384356066578,35.21359684227161,879.2668953602863,53.96273405383784,53.805351451692246,20.2466049070713,64.58263427222809,48.81646616087486,11.927971255962646,32.24919807849784,0.23733423465900133,7.190432788918631,PCM Storage + DSM
2024-02-15 13:00:00,127.13965897776289,82.1,0.25,158.08987006090888,30.950211083145987,39.576240170915625,35.893969584836654,888.1230912119721,54.52564427987365,54.46068180014465,19.131260857540514,65.40560249488676,49.34450706750316,12.05271091348452,21.432889457404862,0.23563563974362656,6.837669056084813,PCM Storage + DSM
2024-02-15 14:00:00,116.53421906715057,86.0,-1.0,141.02539467988947,24.4911756127389,41.6728721137627,37.80402060368321,760.0261008897883,54.75799552867481,54.731181105002754,17.06620172512691,59.94975030325678,45.84386991241206,11.225751724616606,14.973853986997772,0.23249069182935594,5.51314493787606,PCM Storage + DSM
2024-02-15 15:00:00,115.41371132973663,80.6,0.55,137.81541466304944,22.40170333331281,42.06726728202515,38.12140116341864,854.4147992823648,54.853902656174775,54.84283452392575,16.677745684104178,59.373317392747246,45.474013399978915,11.13838013254103,12.88438170757169,0.23189909907696227,5.319635275232292,PCM Storage + DSM
2024-02-15 16:00:00,97.8780824634043,81.1,1.2,116.39481404473837,18.51673158133407,44.6991158732379,40.721460599559215,763.8753129010969,54.89349003585427,54.88892146660289,14.085529636382624,50.35230553577982,39.68586368956989,9.771039452115296,8.999409955592945,0.22795132619014316,3.716267255465696,PCM Storage + DSM
2024-02-15 17:00:00,105.23132975442937,81.2,0.6,64.9003262273503,-40.33100352707906,43.67530228564176,37.001087024413366,413.17159187288576,50.42076370351259,50.885814854585995,7.85391923161518,54.135102919619804,2.60910284790684,0.0,0.0,0.22948704657153735,4.328003292837636,PCM Storage + DSM
2024-02-15 18:00:00,116.0719190667724,83.2,-0.9,78.80658408241841,-37.265334984353984,37.63484775046191,31.114567179906132,413.17159187288576,46.11189313294371,46.57902923249332,9.536786365828323,59.71192514074467,10.098321480950435,0.0,0.0,0.23854772837430713,6.937983128781251,PCM Storage + DSM
2024-02-15 19:00:00,129.40293995764043,86.1,-2.25,94.60893561579637,-34.79400434184406,31.39809145144441,25.0,413.17159187288576,41.817979663516,42.2836449026407,11.449109459212684,66.56992256066576,18.009433759565155,0.0,0.0,0.2479028628228334,7.9883907072798905,PCM Storage + DSM
2024-02-15 20:00:00,148.86463910588273,86.6,-2.85,99.6212899342022,-49.243349171680535,29.0,25.0,413.17159187288576,39.06398315510278,39.36941174454042,12.055679999999999,76.58178013995696,11.501520760094017,0.0,0.0,0.2515,9.189813616794835,PCM Storage + DSM
2024-02-15 21:00:00,149.6196663627851,88.6,-2.85,244.16982827010344,94.55016190731834,29.0,25.0,978.6930719452484,48.81756130295814,47.81546923920077,29.548235294117642,76.97019562757752,107.49568063697178,29.642262618775057,18.465180772269825,0.2515,9.236423475309302,PCM Storage + DSM
2024-02-15 22:00:00,153.37374542278351,86.5,-2.65,230.84478590918917,77.47104048640566,30.637185370770794,28.66033003618731,987.1838273926394,52.401888246470726,51.98824176133756,27.93570400893023,78.9014404075842,108.73482476973237,29.934986937668796,1.3860593513571047,0.24904422194384382,9.468172848910104,PCM Storage + DSM
2024-02-15 23:00:00,142.62817609555455,86.8,-2.15,204.04127974002347,61.41310364446892,35.775499058405195,33.28415040652569,955.3005968137657,55.008174093142244,54.720228685120496,24.692075127323584,73.37350017517483,105.18793378203617,14.425223666804097,0.0,0.24133675141239222,8.804820021020978,PCM Storage + DSM
2024-02-16 00:00:00,150.0354345453217,85.6,-1.75,176.5301219312737,26.494687385952005,37.31057303247222,33.2183285555628,873.3082147517358,54.911286477443426,54.909635733992424,21.36280971436972,83.83816357692913,53.79306112475926,3.9011334422126747,26.494687385952005,0.23903414045129168,9.904352393037561,PCM Storage + DSM
2024-02-16 01:00:00,136.66702396845935,86.7,-0.95,161.5836298802601,24.916605911800758,39.14697831115549,35.150301879830536,811.7457384074044,54.917175619218185,54.91649581300986,19.554058538706613,76.3680416280506,49.000008540339245,3.5535358648225577,24.916605911800758,0.23627953253326675,8.180401821121006,PCM Storage + DSM
2024-02-16 02:00:00,126.82354142330686,82.4,0.0,149.94959484467122,23.12605342136436,40.57639755406693,36.577769970117004,856.4946113111541,54.919607081333076,54.91932647920091,18.146164667923728,70.86761099785937,45.470768532226785,3.2975914003625224,23.12605342136436,0.23413540366889962,6.983408815931258,PCM Storage + DSM
2024-02-16 03:00:00,116.41492424396918,82.0,0.35,137.67851975577787,21.26359551180869,42.0840869163233,38.08465340556531,823.9880166694716,54.92061071075265,54.92049488721133,16.661179333710745,65.05138930106182,41.73890757651903,3.0269526363361625,21.26359551180869,0.23187386962551504,5.821805212722326,PCM Storage + DSM
2024-02-16 04:00:00,113.12341888184577,83.2,0.8,133.79614093997404,20.672722058128272,42.5610965669394,38.561330395490984,786.5066202209625,54.92102497671939,54.920977168484214,16.191352887245102,63.2121320229374,40.55878536289827,2.9413688428655393,20.672722058128272,0.2311583551495909,5.476283220462426,PCM Storage + DSM
2024-02-16 05:00:00,117.77855679565545,80.8,1.2,139.2720199647451,21.493463169089665,41.888301029886364,37.888397546796945,855.0361115045669,54.921195972395516,54.921176238692645,16.85401691503428,65.81337229043734,42.22781854229767,3.0624090108012636,21.493463169089665,0.23216754845517046,5.967311221566644,PCM Storage + DSM
2024-02-16 06:00:00,130.62033933064572,82.2,1.2,154.38582947234707,23.76549014170135,40.031338241156845,36.03137808023539,874.6179631656136,54.92126655391465,54.921258408476355,18.683016028827634,72.98922023629473,46.832056167556296,3.3963135144719625,23.76549014170135,0.23495299263826475,7.431176341388372,PCM Storage + DSM
2024-02-16 07:00:00,125.41584491199168,85.5,1.15,77.33783264776942,-48.07801226422227,40.78406464668619,33.603030954144494,413.17159187288576,49.59978501262996,50.15330644712739,9.35904526944858,70.08100554868686,0.14903609979533172,0.0,0.0,0.23382390302997072,6.818574332836396,PCM Storage + DSM
2024-02-16 08:00:00,135.9132239661128,79.9,1.0,79.481724098209,-56.43149986790381,33.94448877262472,26.426290005502466,413.17159187288576,43.60387444381424,44.250094091687124,9.618488499889647,75.94682641250812,0.0,0.0,0.0,0.2440832668410629,9.113619169500975,PCM Storage + DSM
2024-02-16 09:00:00,112.6488892015715,84.8,0.6,92.50773292375408,-20.14115627781743,31.3129851266977,25.631945214602634,413.17159187288576,40.662820389686125,40.99506042572067,11.194832212982172,62.94697001585885,23.176523649223405,0.0,0.0,0.24803052230995346,7.553636401903063,PCM Storage + DSM
2024-02-16 10:00:00,132.91906766844744,81.2,0.7,244.16982827010347,111.25076060165603,29.0,26.727921501374578,1117.435001684613,49.44172674227917,48.542108695010356,29.548235294117646,74.27372454681029,55.56758187697378,4.150651965833237,102.6448428258073,0.2515,8.912846945617234,PCM Storage + DSM
2024-02-16 11:00:00,124.56372582237056,84.1,0.9,191.8543644770154,67.29063865464484,35.42775532469346,33.24401489260816,941.6534107451045,52.65952319990201,52.288175917749854,23.217274402548995,69.60485070007275,52.57189345172712,3.933401263719909,58.684720878796114,0.24185836701295982,8.352582084008729,PCM Storage + DSM
2024-02-16 12:00:00,134.26387765120182,82.8,1.0,177.08213589602013,42.81825824481831,37.242749669283896,33.992438344389,928.5772169573125,53.98772072596211,53.83444050318307,21.42961173750062,75.02518969006611,56.049744279627,4.185618926891759,34.21234046896959,0.23913587549607415,8.893748722896582,PCM Storage + DSM
2024-02-16 13:00:00,119.84743114404579,83.2,0.6,149.30331120625078,29.455880062204997,40.65580338930045,36.965250778562826,838.3587249556618,54.53595797502953,54.4726888256484,18.06795459115019,66.96943669992899,50.88093338831048,3.8107709334336017,20.849962286356277,0.23401629491604933,6.567369841988624,PCM Storage + DSM
2024-02-16 14:00:00,108.92950088468874,80.7,1.5,131.9904476622942,23.060946777605466,42.78295361911569,38.91068355544981,831.5890804932808,54.76225269054252,54.736137219212715,15.972836741266292,60.86861641184577,46.96646550559145,3.526889309178649,14.455029001756756,0.23082556957132647,5.192231656004805,PCM Storage + DSM
2024-02-16 15:00:00,92.62206690146411,79.7,2.1,110.95424906370552,18.33218216224141,45.36757253959732,41.42029535194614,772.0407133566277,54.85565987576425,54.84488024857709,13.427139140998971,51.75620025529731,41.11966807599763,3.102872967562923,9.7262643863927,0.226948641190604,3.6123014705749235,PCM Storage + DSM
2024-02-16 16:00:00,91.69305664512345,78.3,2.5,109.10053283093698,17.407476185813536,45.59532994671454,41.61709222908738,796.9257789103349,54.89421535962198,54.889765875987294,13.202811492483043,51.23707946178766,40.78658472367951,3.0787173873151494,8.801558409964827,0.22660700507992818,3.506051914533942,PCM Storage + DSM
2024-02-16 17:00:00,92.01561859803942,79.7,2.4,58.99926022372261,-33.016358374316816,45.58723764638095,39.34607008039644,413.17159187288576,51.145901496357595,51.53560666458715,7.1398011606124685,51.417323561151356,2.3670630066632334,0.0,0.0,0.22661914353042859,3.520882167975348,PCM Storage + DSM
2024-02-16 18:00:00,101.16034114986363,79.7,2.2,67.7693785110126,-33.39096263885102,40.51644591419649,34.2718946071757,413.17159187288576,47.313319082456466,47.72784435738857,8.201117870158676,56.52729473222081,5.50894405618028,0.0,0.0,0.23422533112870528,5.590624320256305,PCM Storage + DSM
2024-02-16 19:00:00,89.55158328770494,80.6,2.0,73.05097476548782,-16.50060852221712,38.36268155861844,32.976449102196355,413.17159187288576,44.91164991816428,45.178347614646256,8.84027074978116,50.04044751828064,17.935299805962163,0.0,0.0,0.23745597766207233,5.595718532084627,PCM Storage + DSM
2024-02-16 20:00:00,90.70748856027673,77.6,2.15,72.30525432768471,-18.402234232592022,35.79384940683471,30.284200608662047,413.17159187288576,42.33300208954511,42.612087139795385,8.750027319149495,50.68635477089059,16.478162585248686,0.0,0.0,0.24130922588974793,6.08236257250687,PCM Storage + DSM
2024-02-16 21:00:00,98.82900613805323,79.7,2.45,219.42162058521268,120.59261444715945,32.04069604261433,32.70575591585457,1099.8475682430044,50.08142174786358,49.286826177004826,26.55332855661563,55.224570168086316,84.42698510213812,7.426966130941032,66.7420850475201,0.2469389559360785,6.626948420170357,PCM Storage + DSM
2024-02-16 22:00:00,118.66258224391538,81.8,2.45,179.70205002628893,61.03946778237355,36.92085312512481,34.525079943878694,956.5533893446565,52.92356807297878,52.59557239172419,21.746660898406486,66.3073560640838,91.53803040299289,7.942667153567633,7.188938382734168,0.2396187203123128,7.956882727690058,PCM Storage + DSM
2024-02-16 23:00:00,120.05380189459686,81.4,2.35,170.24395952868838,50.19015763409152,39.56180611841324,36.76385410404844,972.0745196146751,54.99986200887449,54.77053323891773,20.602089165542722,67.08475442333632,92.03683232891038,4.3184690660657905,0.0,0.23565729082238016,7.019021724796643,PCM Storage + DSM
2024-02-17 00:00:00,132.66780611378277,80.4,1.9,156.1555029291062,23.48769681532343,39.813906775201744,35.7370117953196,919.1382100620862,54.91696206914086,54.9162439619412,18.89717323270718,74.84582228066348,48.02330729945209,14.152414813756225,23.48769681532343,0.2352791398371974,7.717843675212991,PCM Storage + DSM
2024-02-17 01:00:00,120.03132532593317,84.8,1.9,141.95667074565708,21.92534541972391,41.558450597513264,37.559893116120044,784.2514575946909,54.91951844285408,54.91922328777352,17.178900187955172,67.71682977671529,43.44913352033599,12.804410929962977,21.92534541972391,0.2326623241037301,6.273916634261603,PCM Storage + DSM
2024-02-17 02:00:00,118.95693501703349,79.1,2.15,140.67127163488223,21.714336617848744,41.71638154908271,37.71697741822126,898.9278877437548,54.920574123630864,54.920452293117,17.023347490715242,67.11070212242208,43.06022397645169,12.689799723455295,21.714336617848744,0.23242542767637595,6.1541661912735846,PCM Storage + DSM
2024-02-17 03:00:00,85.32202386639237,80.2,1.95,101.07328060327112,15.751256736878744,46.581600726098394,42.58184668173288,718.2243207613323,54.92100987473147,54.92095958701109,12.231392790718148,48.13524261834533,30.88500436973206,9.101776157139195,15.751256736878744,0.2251275989108524,3.0089530604642802,PCM Storage + DSM
2024-02-17 04:00:00,88.8676349283833,78.4,1.5,105.24303509197506,16.375400163591763,46.06928257627875,42.06938409885939,777.6403702650415,54.921189738780306,54.92116898162564,12.73599603192874,50.135533293194726,32.16845040371783,9.480006264257288,16.375400163591763,0.22589607613558188,3.2881040838928817,PCM Storage + DSM
2024-02-17 05:00:00,106.9847683511576,80.4,1.35,126.566034262329,19.5812659111714,43.449425816568926,39.44946772182718,818.2702411204349,54.92126398087865,54.921255412992366,15.316400831021758,60.356488837097096,38.726519698998615,11.41266193216941,19.5812659111714,0.22982586127514662,4.907190476631082,PCM Storage + DSM
2024-02-17 06:00:00,117.78431988918045,84.4,1.2,139.2768580622608,21.492538173080348,41.88770659556785,37.887723892711556,782.6456983512273,54.921294625630615,54.92129108908254,16.854602397871297,66.44915998922639,42.635758853537276,12.564710327675066,21.492538173080348,0.23216844010664822,6.025195213411457,PCM Storage + DSM
2024-02-17 07:00:00,109.37806336988402,81.1,0.95,65.71646250254788,-43.66160086733613,43.103420728171166,36.24782517676416,413.17159187288576,50.14423066461011,50.64112388771939,7.952684041593774,61.70668930308781,7.599215698321107,0.0,0.0,0.23034486890774325,5.145071397014832,PCM Storage + DSM
2024-02-17 08:00:00,102.90927738686949,79.2,0.85,69.07447947908143,-33.83479790778806,39.26185002600416,33.00688440602433,413.17159187288576,46.27284939328727,46.695776394751064,8.35905478955733,58.05726130515205,14.394375552647567,0.0,0.0,0.23610722496099376,6.178970448661515,PCM Storage + DSM
2024-02-17 09:00:00,110.0843323773963,83.6,0.65,85.17475469043914,-24.90957768695715,34.352837336179356,28.429068968186208,413.17159187288576,42.97027231734478,43.33102150242858,10.307431145537661,62.105137775004714,26.682236931917252,0.0,0.0,0.24347074399573096,7.452616533000565,PCM Storage + DSM
2024-02-17 10:00:00,129.6698740063359,82.7,0.7,244.16982827010347,114.49995426376756,29.0,28.666877397321745,1086.2217334811323,50.340979856486385,49.58899893031073,29.548235294117646,73.15450996989065,51.79645327371839,16.28897898637995,107.1852416593332,0.2515,8.778541196386879,PCM Storage + DSM
2024-02-17 11:00:00,119.17767954787008,82.9,1.15,178.19579456762213,59.018115019752045,37.10591965885729,34.62411388164236,929.5845237179977,53.03070527112341,52.72029966464026,21.564381248946678,67.23523727837585,47.99847173257218,15.16971808479053,51.70340241531768,0.23934112051171408,8.025499273030816,PCM Storage + DSM
2024-02-17 12:00:00,107.11776355668104,81.4,0.8,142.10921626254637,34.99145270586533,41.53970804631805,38.166365568985135,851.6919550149229,54.140932754784,54.01280729701807,17.197360498379446,60.4315193649122,43.63300381224091,13.883219583564255,27.676740101430955,0.23269043793052294,5.605733595516763,PCM Storage + DSM
2024-02-17 13:00:00,98.74894163399152,80.3,0.7,123.22270193354358,24.473760299552055,43.86020535708042,40.11886944097114,807.8218254379972,54.599198976136975,54.546312905253544,14.911807147120324,55.710167767472406,40.60364410018671,12.990470673170883,17.159047695117682,0.22920969196437938,4.39212098392311,PCM Storage + DSM
2024-02-17 14:00:00,106.8989526219505,81.3,1.0,129.08570729499567,22.186754673045172,43.13984542526693,39.24661364537063,808.1068897521033,54.788356543169634,54.76652687292099,15.621319305842976,60.30807506584946,43.55379827574449,13.859877800770047,14.8720420686108,0.23029023186209963,5.015275455103673,PCM Storage + DSM
2024-02-17 15:00:00,116.16717607588083,83.3,0.5,138.45515937626882,22.287983300387992,41.988664853819515,38.032735343439285,800.6462772459626,54.8664347071244,54.85742412087354,16.755164452214473,65.53683271105695,46.90872481056902,14.848570888783506,14.973270695953618,0.23201700271927073,5.9027721614690405,PCM Storage + DSM
2024-02-17 16:00:00,123.89104723311524,82.5,0.25,146.9109325365014,23.01988530338616,40.94974372009795,36.9679346017427,844.658554112351,54.898662863693424,54.89494358329846,17.778440655922356,69.89432911419563,49.70462420010982,15.672519303905686,15.705172698951792,0.23357538441985307,6.730931368767954,PCM Storage + DSM
2024-02-17 17:00:00,115.39563834376239,83.7,-0.05,71.75751215422514,-43.638126189537246,42.21054826921754,35.307462785525665,413.17159187288576,50.04289505842787,50.54782342775241,8.68374224725277,65.10156225869538,10.442870194653892,0.0,0.0,0.23168417759617368,5.776898475741026,PCM Storage + DSM
2024-02-17 18:00:00,120.49680395326732,81.8,0.15,78.14552082556631,-42.35128312770101,36.61706769180006,29.84223381587673,413.17159187288576,45.300234827024944,45.81411648628378,9.456787732106248,67.97943403344823,14.120411231234758,0.0,0.0,0.24007439846229991,8.157532084013786,PCM Storage + DSM
2024-02-17 19:00:00,117.93197924865152,83.8,-0.05,89.16568366356664,-28.766295585084876,32.24532346034043,26.106201944133755,413.17159187288576,41.61925859983966,42.02307231576681,10.790393799750747,66.53246344091359,26.503375217612124,0.0,0.0,0.24663201480948935,7.98389561290963,PCM Storage + DSM
2024-02-17 20:00:00,119.05205627110895,83.4,-0.35,94.08677382674657,-24.965282444362387,29.0,25.0,413.17159187288576,38.56224496448067,38.89667297910995,11.385920000000002,67.16436569526763,30.829320515831633,0.0,0.0,0.2515,8.059723883432117,PCM Storage + DSM
2024-02-17 21:00:00,120.99940808437624,82.8,-0.8,244.16982827010352,123.17042018572728,29.0,27.12025165602725,1084.2027339765207,48.62736937805077,47.59405257967154,29.548235294117653,68.26298300117776,84.89456572197678,35.4540028726984,59.52909499315194,0.2515,8.19155796014133,PCM Storage + DSM
2024-02-17 22:00:00,123.85097472022841,85.4,-1.65,197.64348286711916,73.79250814689075,34.71647353802244,32.802659092587966,931.5720497221239,52.32338335899915,51.89684772926773,23.91784512231484,69.87172181958721,85.92678043065261,35.75819538994736,10.15118295431536,0.24292528969296634,8.384606618350464,PCM Storage + DSM
2024-02-17 23:00:00,142.39916494010757,85.7,-2.55,204.6590592864845,62.25989434637694,35.73011296519972,33.275926076383485,978.4156301337388,54.994406861266775,54.69920266702661,24.766835778662255,80.3358622127311,92.6408843634032,36.35540344436552,0.0,0.2414048305522004,9.640303465527731,PCM Storage + DSM
2024-02-18 00:00:00,154.66968361056908,88.5,-3.3,182.09683722265993,27.427153612090848,36.62661686997351,32.537886115228446,838.6072362793132,54.90484492720769,54.90213652577246,22.036466301715503,66.69402267112947,42.7928700383821,15.720108478891175,39.33009326980095,0.24006007469503973,8.003282720535536,PCM Storage + DSM
2024-02-18 01:00:00,166.90825124914826,89.5,-3.7,197.23097871989023,30.322727470741967,34.76715598517222,30.772614641179796,860.8508059300059,54.914516744168644,54.91340039666704,23.86792589319274,71.97132904750184,46.17894688413495,16.963995492904342,43.167512541840225,0.2428492660222417,8.636559485700221,PCM Storage + DSM
2024-02-18 02:00:00,146.5768585962,89.4,-4.1,173.22154069008775,26.644682093887752,37.71708287006681,33.71933659070238,800.6738681897958,54.91850958317145,54.91804879082465,20.96242143668244,63.20437271270069,40.553806758500926,14.897580856432958,37.92482091850776,0.23842437569489977,7.312588087610506,PCM Storage + DSM
2024-02-18 03:00:00,131.4491974727135,84.2,-3.0,155.383287326827,23.934089854113495,39.90878527936627,35.90971554281528,838.0838849700647,54.92015769878624,54.91996749851581,18.8037234871936,56.681280724801724,36.368396784611214,13.360056059447714,34.050046834484604,0.2351368220809506,5.812511637048625,PCM Storage + DSM
2024-02-18 04:00:00,125.28205694978185,86.6,-3.95,148.1109456916811,22.828888741899263,40.80230373985777,36.802687722709905,772.5814893820655,54.92083798793992,54.920759479381516,17.923660363518916,54.02199158519208,34.662117721089416,12.73324855740905,32.47024009955571,0.23379654439021336,5.250190866389405,PCM Storage + DSM
2024-02-18 05:00:00,144.34286769940553,89.0,-5.3,170.540611217251,26.19774351784548,38.046476082794676,34.046634578574434,799.566088203717,54.92111878943736,54.9210863836278,20.637988498216824,62.24106926473446,39.93572259435305,14.670525505838935,37.305960746586564,0.237930285875808,7.078125569649466,PCM Storage + DSM
2024-02-18 06:00:00,158.7753211759453,90.9,-6.85,187.52579913414678,28.750477958201486,35.959585818272735,31.959651240236397,815.398431547534,54.92123469527026,54.92122131919362,22.69345265052008,68.46438566969923,43.92878763165917,16.137391726623342,40.969375824762295,0.2410606212725909,8.215726280363908,PCM Storage + DSM
2024-02-18 07:00:00,178.45222970233056,92.0,-7.4,101.84530778939933,-76.60692191293123,33.11409586701835,25.0,413.17159187288576,46.75461535220528,47.60407778647138,12.32481973503306,76.94912652338003,4.636391653942702,0.0,0.0,0.24532885619947248,9.233895182805604,PCM Storage + DSM
2024-02-18 08:00:00,193.14519711567553,94.4,-7.25,113.11167294612545,-80.03352416955008,29.0,25.0,413.17159187288576,42.04911683489976,42.57316669641312,13.688220000000003,83.28477730442833,7.899004549084204,0.0,0.0,0.2515,9.9941732765314,PCM Storage + DSM
2024-02-18 09:00:00,189.36997569718213,94.2,-7.4,112.76576568940946,-76.60421000777266,29.0,25.0,413.17159187288576,40.14877110007468,40.367784077350684,13.646360000000001,81.65689072060702,9.60958704805946,0.0,0.0,0.2515,9.798826886472844,PCM Storage + DSM
2024-02-18 10:00:00,179.0691560577779,90.2,-5.9,244.16982827010347,65.10067221232558,29.0,25.0,953.1063249662876,49.225166800717126,48.28999297130062,29.548235294117646,77.21514698308575,59.047775850322175,22.27247822269494,65.30459757951377,0.2515,9.265817637970288,PCM Storage + DSM
2024-02-18 11:00:00,165.23660235010055,90.6,-4.9,241.49026063622324,76.25365828612269,29.329225889971475,27.217265835206806,941.5578940959139,52.5701341579393,52.18411074126037,29.223967158724566,71.25050912359247,55.22068666714415,20.86658380467651,75.39306959825485,0.2510061611650428,8.550061094831095,PCM Storage + DSM
2024-02-18 12:00:00,159.96419874012915,88.9,-4.0,208.05979766421396,48.09559892408481,33.43666986151264,30.215987222104197,896.1547391036365,53.95082380249372,53.7914857430899,25.178376461107785,68.97703317351463,53.76195682943739,20.330714364987646,46.82926102566973,0.24484499520773104,8.277243980821755,PCM Storage + DSM
2024-02-18 13:00:00,156.62488455292083,87.0,-3.05,192.89188970635638,36.26700515343555,35.300279472739305,31.62195663107512,891.3054217771271,54.520728110926385,54.454958481291555,23.342830618144305,67.53711107043173,52.83805995000544,19.991317658130818,34.74368311733676,0.24204958079089103,8.10445332845181,PCM Storage + DSM
2024-02-18 14:00:00,142.23017169776196,87.9,-2.15,171.31039039876225,29.08021870100032,37.95189693020671,34.08467492213711,819.3424979145763,54.755966292144024,54.728818702933474,20.731143400036412,61.33006853245397,48.8554367101364,18.528287267667643,26.449120438136717,0.23807215460468995,7.009328800102017,PCM Storage + DSM
2024-02-18 15:00:00,139.09041983527806,84.5,-2.0,165.70019677677263,26.609776941494573,38.6411950709807,34.69600155843008,863.179399993948,54.85306505255659,54.841859400281564,20.05222527832348,59.976198290982076,47.98675326637678,18.209173406936404,23.737052290790015,0.23703820739352896,6.606547948849923,PCM Storage + DSM
2024-02-18 16:00:00,119.24386794263098,85.4,-1.7,141.5498649073214,22.305996964690408,41.608432920212735,37.63105527669566,772.1821329532225,54.893144300002106,54.88851896690403,17.129670540232823,51.41830671861254,42.495755314959126,16.192036361063273,17.905938035688735,0.2325873506196809,4.748449901931607,PCM Storage + DSM
2024-02-18 17:00:00,118.44836110124552,83.7,-1.85,72.53060220885826,-45.91775889238727,41.763555591484916,34.733796078044236,413.17159187288576,49.825646920163884,50.352561748542435,8.777297814702209,51.07528182791718,8.007806276973717,0.0,0.0,0.23235466661277263,4.669234153321805,PCM Storage + DSM
2024-02-18 18:00:00,111.59148467258561,85.0,-2.75,81.82838143932418,-29.763103233261432,37.687675756676924,31.55297899782288,413.17159187288576,46.14947351368446,46.5533185268614,9.90246946412752,48.11857653628673,21.040756128824633,0.0,0.0,0.2384684863649846,5.575689313175563,PCM Storage + DSM
2024-02-18 19:00:00,119.62727915290344,85.4,-3.55,90.88818016456091,-28.739098988342533,32.84939378985736,26.67418507320815,413.17159187288576,42.430072864472905,42.833401317989434,10.998841879782857,51.583634760626644,25.723188020248248,0.0,0.0,0.24572590931521396,6.190036171275197,PCM Storage + DSM
2024-02-18 20:00:00,135.88570295259277,87.2,-4.4,100.65901170435016,-35.2266912482426,29.0,25.0,413.17159187288576,39.36977806652097,39.70452761031707,12.181260000000002,58.59431494164703,26.637510687747003,0.0,0.0,0.2515,7.031317792997643,PCM Storage + DSM
2024-02-18 21:00:00,150.9513703880539,89.9,-5.05,244.1698282701035,93.21845788204959,29.0,25.0,957.8014300153827,48.94061274570808,47.95872332107465,29.54823529411765,65.09067506885998,81.58398043660246,41.29465374671699,39.0629186034156,0.2515,7.810881008263197,PCM Storage + DSM
2024-02-18 22:00:00,160.04753940106966,89.9,-5.5,237.69854636617723,77.65100696510757,29.795096013677124,27.77745427329863,944.7510735578638,52.45267988462837,52.04737250793035,28.765112490999428,69.01296991173274,84.10064155166106,42.219157891866494,24.195483024649832,0.25030735597948434,8.281556389407928,PCM Storage + DSM
2024-02-18 23:00:00,157.20870895527437,89.7,-5.35,205.77245503930507,48.5637460840307,33.71770490680645,30.535953389686608,878.086531798336,53.90234245357723,53.73504459526669,24.901573472966646,67.78885787056461,83.31521483136225,24.72204665074128,12.098335838538379,0.24442344263979032,8.134662944467753,PCM Storage + DSM
2024-02-19 00:00:00,174.2014863483139,89.5,-5.2,213.97471867201133,39.77323232369744,32.70993129806644,29.047677972391224,900.1001746635725,54.50071656833346,54.43166138954596,25.894171196775034,74.72652936232551,47.946765412391095,17.613409729674498,62.080438910504554,0.24593510305290034,8.967183523479061,PCM Storage + DSM
2024-02-19 01:00:00,166.0917961547369,93.1,-5.2,199.55918256727048,33.467386412533585,34.48110051338745,30.620511485027553,813.2701485119132,54.74770617055299,54.719202412253104,24.149673706108267,71.24774732048925,45.714675311270284,16.79344372849705,54.73611429117739,0.2432783492299188,8.54972967845871,PCM Storage + DSM
2024-02-19 02:00:00,156.0900760094031,88.0,-5.15,185.7765813941784,29.6865053847753,36.174503986380714,32.232048354663505,856.3440321984915,54.84965553985251,54.83789010456606,22.4817708971789,66.95734860012678,42.961827792105886,15.782175692763616,49.674472449132566,0.24073824402042893,8.034881832015213,PCM Storage + DSM
2024-02-19 03:00:00,131.48476361948528,87.0,-4.6,155.9855525180777,24.50078889859242,39.834787783993775,35.85854024968645,790.0659747576266,54.891736962743074,54.88688056920987,18.876606667341665,56.402504107594794,36.18952540945513,13.294347042532046,41.337945954834424,0.23524781832400934,5.808965715126164,PCM Storage + DSM
2024-02-19 04:00:00,139.9161842420797,87.7,-4.55,165.56711198556476,25.650927743485056,38.65754657421319,34.66735082862277,806.4968232425352,54.909106821572614,54.90710225841153,20.036120009492606,60.01929759155303,38.51016775963818,14.146843017979965,43.567762393708165,0.2370136801386802,6.605407024328997,PCM Storage + DSM
2024-02-19 05:00:00,157.25716748262903,89.5,-4.9,185.83664754454534,28.579480061916314,36.167123940599566,32.17117082170114,832.4097030301103,54.91627654101254,54.91544912176834,22.48903980815299,67.45799125864093,43.283055023024446,15.900179624537396,48.71689792112441,0.24074931408910066,8.094958951036912,PCM Storage + DSM
2024-02-19 06:00:00,172.35867538220077,91.0,-5.3,203.55326570212017,31.1945903199194,33.99036627773512,29.992036700183,852.963799274538,54.91923597075528,54.91889443868537,24.63301806150607,73.93602595931132,47.43955490033531,17.427084197780996,53.26581749126203,0.24401445058339732,8.872323115117359,PCM Storage + DSM
2024-02-19 07:00:00,182.21664677747697,91.3,-5.35,101.57964338488664,-80.63700339259033,32.567700279388816,25.0,413.17159187288576,46.40017316424456,47.28628215966267,12.29267033152392,78.1647613413341,11.273232251083343,0.0,0.0,0.24614844958091678,9.379771360960092,PCM Storage + DSM
2024-02-19 08:00:00,177.45699317773614,91.7,-5.25,108.44192498045972,-69.01506819727642,29.0,25.0,413.17159187288576,41.56682466860647,42.10566572986077,13.123110000000002,76.12303137719148,20.49439401723484,0.0,0.0,0.2515,9.134763765262976,PCM Storage + DSM
2024-02-19 09:00:00,169.15756551656588,90.2,-5.5,105.84762055508988,-63.309944961476006,29.0,25.0,413.17159187288576,39.44486963356404,39.687536107892974,12.809160000000002,72.56285839696285,22.01327869834757,0.0,0.0,0.2515,8.707543007635543,PCM Storage + DSM
2024-02-19 10:00:00,174.3356146017604,89.7,-5.5,244.16982827010347,69.83421366834307,29.000000000000007,25.0,960.9572831620561,48.95575600672344,47.976351447080056,29.548235294117646,74.78406583391131,54.538912868771135,21.446243633735953,81.78409330279247,0.2515,8.974087900069357,PCM Storage + DSM
2024-02-19 11:00:00,146.9399293012615,92.6,-5.0,222.1472064069759,75.20727710571441,31.705816114032643,29.683154730084393,871.4968421985303,52.45893032402949,52.054649161348145,26.883165587449266,63.032246002044666,46.99859548141937,18.676282021249524,83.64902816792274,0.24744127582895104,7.56386952024536,PCM Storage + DSM
2024-02-19 12:00:00,143.50718096212188,83.7,-4.1,189.59443277148014,46.087251809358264,35.705422519065465,32.521599245727415,943.7004972564627,53.90492243406372,53.73804816392295,22.94378854945693,61.559713390897564,46.05377472938854,18.329198857589073,54.08942552945026,0.2414418662214018,7.387165606907708,PCM Storage + DSM
2024-02-19 13:00:00,125.23366461449221,87.2,-3.05,156.31698032632661,31.083315711834402,39.79406680582087,36.13095832576969,787.7242815095461,54.501781501355076,54.432901166149506,18.916714435490317,53.72099464900492,41.02421947159108,16.481574377570844,36.74549157783853,0.2353088997912687,5.545919070333799,PCM Storage + DSM
2024-02-19 14:00:00,162.4955166922174,86.9,-2.35,195.31757564190343,32.82205894968604,35.00224683462845,31.141304826027675,899.0700795501868,54.74814574067627,54.71971415218734,23.63637523535184,69.70506540379336,51.280075020548054,20.24909830454364,43.25576604386163,0.24249662974805733,8.364607848455202,PCM Storage + DSM
2024-02-19 15:00:00,146.30279639530588,90.4,-3.1,174.25305309306694,27.950256697761063,37.59034578584711,33.6477444552316,788.2570220734071,54.84983698027116,54.83810133436307,21.087250009516232,62.758937594621564,46.82323267241734,18.611861888217966,36.31042030825277,0.23861448132122934,7.308775665355227,PCM Storage + DSM
2024-02-19 16:00:00,139.39183376823655,83.6,-2.6,165.29095791554246,25.899124147305912,38.691476327775966,34.715168653646366,879.2676487911381,54.89181185551621,54.886967758080935,20.002701198101132,59.794369022336085,44.92107723850015,17.913098525581375,33.37431097449115,0.23696278550833605,6.568479724266837,PCM Storage + DSM
2024-02-19 17:00:00,114.7522721807384,85.6,-2.5,74.89456173539084,-39.857710445347564,42.296738630790955,35.56809484944455,413.17159187288576,50.328088166830796,50.80259331952364,9.063372604575452,49.22483278565041,18.023435779774964,0.0,0.0,0.23155489205381358,4.342593493818171,PCM Storage + DSM
2024-02-19 18:00:00,116.78924400807342,86.3,-4.2,84.5078492225206,-32.28139478555282,37.43843518356198,31.138069695513455,413.17159187288576,46.38522337759121,46.81467392728594,10.226725516080478,50.09862461289824,26.627201806815883,0.0,0.0,0.23884234722465703,5.880044955477636,PCM Storage + DSM
2024-02-19 19:00:00,120.98252118565559,84.9,-3.7,89.9546465427931,-31.027874642862486,32.88915327951405,26.605695420597822,413.17159187288576,42.47962843302611,42.90336713133499,10.885870218597711,51.897398301363936,29.99581461709039,0.0,0.0,0.24566627008072894,6.227687796163672,PCM Storage + DSM
2024-02-19 20:00:00,136.05036553466024,87.1,-3.3,100.48605807599218,-35.56430745866807,29.0,25.0,413.17159187288576,39.37911914167852,39.718883009748104,12.16033,58.360992480586305,33.059615639691685,0.0,0.0,0.2515,7.0033190976703565,PCM Storage + DSM
2024-02-19 21:00:00,160.81358442093992,88.3,-2.9,244.16982827010347,83.35624384916355,29.000000000000007,25.0,983.6443016515483,48.94499688913712,47.9638273115769,29.548235294117646,68.98357350444324,68.48007946159825,41.63789223890866,54.352784462574064,0.2515,8.278028820533189,PCM Storage + DSM
2024-02-19 22:00:00,156.52365716792784,89.5,-3.3,233.51513833110897,76.99148116318113,30.309091710611547,28.28999682194843,942.4554104312391,52.45448952519318,52.04947926017505,28.258856964560024,67.1433402116373,67.29933100790757,41.20414021990053,47.438679199318955,0.24953636243408267,8.057200825396475,PCM Storage + DSM
2024-02-19 23:00:00,152.6360344641936,85.8,-2.8,200.37553781811118,47.73950335391757,34.380798777916155,31.19844744151255,930.936699114426,53.903089415038814,53.73591419488002,24.24846501544541,65.47568192576382,66.22931181521746,38.9542774775211,19.545663040875276,0.24342880183312576,7.857081831091659,PCM Storage + DSM
2024-02-20 00:00:00,135.7586497288136,86.9,-2.05,175.29235172109998,39.53370199228638,38.27014716191235,34.90242955028963,861.1142739859181,54.99416156225729,54.87386266486657,21.21302083312513,71.56440607018858,45.91785299016392,11.38416603796622,39.53370199228638,0.2375947792571315,8.042344764838672,PCM Storage + DSM
2024-02-20 01:00:00,140.05278737841218,84.9,-1.65,164.89426514960584,24.841477771193667,38.74021610476812,34.68830030183095,853.3801969766178,54.93130445502331,54.9329425903248,19.95469538480956,73.82803649882811,47.370265648272046,11.744254887483827,24.841477771193667,0.2368896758428478,8.088503951267354,PCM Storage + DSM
2024-02-20 02:00:00,140.90421580901864,85.3,-1.0,166.4080181069379,25.503802297919265,38.554228388588356,34.550917321911925,850.4184845515875,54.92543874207204,54.9261155977389,20.137882344792736,74.27686219110879,47.65824557136593,11.815652199130865,25.503802297919265,0.23716865741711746,8.220564215936935,PCM Storage + DSM
2024-02-20 03:00:00,138.84260969503057,86.1,-0.85,164.0291807753512,25.18657108032062,38.846504958765806,34.84513849919716,829.2547270317145,54.92301783286659,54.923297217140224,19.850007115907374,73.19009816249668,46.96094542397329,11.642774328340247,25.18657108032062,0.2367302425618513,7.971936504361964,PCM Storage + DSM
2024-02-20 04:00:00,141.4185586534863,83.9,-0.9,167.08086135517482,25.66230270168853,38.471559298839985,34.470995268252665,878.6170997474189,54.92201855936067,54.922133880209124,20.219306535307258,74.54799511895025,47.83221252791702,11.858782889908621,25.66230270168853,0.23729266105174002,8.287548641711016,PCM Storage + DSM
2024-02-20 05:00:00,119.87443317097679,85.2,-0.3,141.7308487639896,21.856415593012812,41.58619628377606,37.58596347007814,776.3207585872672,54.92160609137509,54.9216536921148,17.151572319085506,63.19113095200963,40.545310450711455,10.05218049569217,21.856415593012812,0.2326207055743359,5.844094134602877,PCM Storage + DSM
2024-02-20 06:00:00,125.03860429592369,81.5,-0.45,147.81260543619783,22.774001140274137,40.83895940582563,36.83886330781398,868.4278834699677,54.921435837847774,54.921455485903195,17.88755668875622,65.91339461727063,42.29199584427598,10.485226799940945,22.774001140274137,0.23374156089126155,6.39137427665727,PCM Storage + DSM
2024-02-20 07:00:00,127.41709998046409,84.2,-0.1,75.58969561924951,-51.827404361214576,40.494819405124396,33.12972872252618,413.17159187288576,49.292043755150665,49.87759409171496,9.147494298507466,67.16720519467881,1.9537514043622934,0.0,0.0,0.23425777089231342,6.651641110747443,PCM Storage + DSM
2024-02-20 08:00:00,145.9278933117802,86.5,-1.3,93.93377735872768,-51.994115953052514,32.188460976200034,25.0,413.17159187288576,43.501369326050074,44.12754564143487,11.367405117681333,76.92506543629027,9.600212923892855,0.0,0.0,0.24671730853569995,9.231007852354832,PCM Storage + DSM
2024-02-20 09:00:00,127.6251694187605,85.2,-0.45,97.12269352034801,-30.5024758984125,29.044662617127912,25.0,413.17159187288576,39.58103656491087,40.01432131360535,11.75331211423513,67.2768878248669,23.366503360814683,0.0,0.0,0.25143300607430813,8.073226538984029,PCM Storage + DSM
2024-02-20 10:00:00,109.14943383412059,79.8,0.8,244.16982827010344,135.02039443598284,29.0,29.50069444372442,1148.230454486945,49.03750740132532,48.07152725716338,29.548235294117642,57.537508076572486,44.11065456732908,11.554520172635842,125.42582327793428,0.2515,6.904500969188698,PCM Storage + DSM
2024-02-20 11:00:00,95.52081175623088,80.5,1.6,160.95983642356384,65.43902466733296,39.223620883390865,37.173862843468854,931.5725978325701,52.492675013833406,52.09393414556365,19.478570113441382,50.353256859375584,39.50102515306258,10.41167957343048,55.84445350928441,0.2361645686749137,5.3705915021295585,PCM Storage + DSM
2024-02-20 12:00:00,102.76253791677061,79.8,2.7,141.36199734355452,38.59945942678391,41.63151532540971,38.43650711509777,884.766214554046,53.91885115743073,53.7542637427407,17.106935728902343,54.170691937267186,41.95040512184486,11.018941159913172,29.004888268735375,0.23255272701188545,4.995128693099056,PCM Storage + DSM
2024-02-20 13:00:00,98.88717719572584,79.0,3.5,125.19293059480258,26.305753399076735,43.61813261510189,39.950407352559,845.2785170184925,54.50753083067765,54.43959443590029,15.150234558396114,52.127817403207615,40.6396360163164,10.693969233678533,16.711182241028187,0.22957280107734718,4.185405237323447,PCM Storage + DSM
2024-02-20 14:00:00,108.00250724999913,77.4,4.3,131.1307139706458,23.12820672064666,42.88858505987224,39.02573739184695,907.7002111004126,54.75051887903134,54.72247691881197,15.868795985735247,56.93291220026758,43.72272785779416,11.458343592409992,13.533635562598125,0.23066712241019163,4.820423686847026,PCM Storage + DSM
2024-02-20 15:00:00,100.7303787102595,81.5,2.95,120.59350069414538,19.863121983885875,44.1832429647192,40.23985503914309,772.0061917016355,54.850816535509054,54.83924171562759,14.59363410580834,53.09945067975218,41.263064846410614,10.84853258654627,10.268550825837327,0.2287251355529212,4.083376548415559,PCM Storage + DSM
2024-02-20 16:00:00,107.3123783646718,80.1,0.45,127.52440914310148,20.21203077842968,43.33167479619564,39.35504244094825,828.5529115623723,54.8922161844345,54.887438470813905,15.432378659558836,56.56911465301008,43.48930452333977,11.400472202013454,10.617459620381144,0.23000248780570653,4.639230333411817,PCM Storage + DSM
2024-02-20 17:00:00,87.86139242565648,81.9,0.45,61.76864470858443,-26.092747717072044,46.18600816588137,40.28830517640929,413.17159187288576,51.71854231876694,52.048462088946614,7.474938490881032,46.315637184091344,10.992441261088654,0.0,0.0,0.22572098775117794,3.0051415338045904,PCM Storage + DSM
2024-02-20 18:00:00,106.02499970120746,80.0,0.05,68.51458229475558,-37.51041740645188,40.38557679001684,33.90457469255786,413.17159187288576,47.50232969926093,47.95432364572379,8.291298777849475,55.89048025570063,7.241401814438781,0.0,0.0,0.23442163481497474,5.571528554264508,PCM Storage + DSM
2024-02-20 19:00:00,113.9588886619937,84.3,-0.15,85.22810138155457,-28.73078728043913,35.02199283085045,28.90109615648892,413.17159187288576,43.86418395340792,44.261021770396866,10.313886900503,60.072785047621274,19.36982671048049,0.0,0.0,0.24246701075372432,7.208734205714554,PCM Storage + DSM
2024-02-20 20:00:00,146.14298185847164,83.9,0.05,94.9515419685365,-51.19143988993514,29.0,25.0,413.17159187288576,39.49674704795097,39.96719653172368,11.490570000000002,77.03844814985747,10.493675158056163,0.0,0.0,0.2515,9.244613777982897,PCM Storage + DSM
2024-02-20 21:00:00,149.10288943065126,82.6,4.55,244.1698282701035,95.06693883945223,29.0,25.0,1088.2482665659854,49.01045892507911,48.04003857116338,29.54823529411765,78.59874672272056,102.36660469445772,30.79698025543503,24.83780870603955,0.2515,9.431849606726468,PCM Storage + DSM
2024-02-20 22:00:00,148.2556919357495,84.7,0.05,223.25067564893675,74.99498371318725,31.57023803096905,29.52944555978008,1003.8196381548581,52.48151037577611,52.080936467062024,27.016702024085543,78.15215134431995,102.0800558071327,30.72593773278047,4.765853579774614,0.24764464295354643,9.378258161318394,PCM Storage + DSM
2024-02-20 23:00:00,131.64866052215575,84.0,-0.35,189.97321924181816,58.324558719662406,37.442940421699994,34.9029189740736,974.7822549339384,55.00376542410003,54.72509307863313,22.989627430661347,69.39784845403008,96.46303450811656,17.42876847434232,0.0,0.23883558936745,8.143307140927808,PCM Storage + DSM
2024-02-21 00:00:00,118.05587081969338,82.7,0.5,138.92500368223338,20.86913286254,41.9309372906771,37.84225316649147,814.0488477944454,54.91098447938263,54.90928428678467,16.81202270617075,70.41160130937683,41.058435448364314,0.0,20.869132862539978,0.23210359406398434,6.366221013569052,PCM Storage + DSM
2024-02-21 01:00:00,109.13722996562319,81.3,0.8,129.18261306404364,20.045383098420444,43.12793906856415,39.131362764894774,808.4612945052971,54.91705098442563,54.916350715341984,15.633046366821285,65.09229122612466,37.956637653375694,0.0,20.04538309842042,0.23030809139715377,5.41778538033341,PCM Storage + DSM
2024-02-21 02:00:00,109.4543857358454,80.0,2.4,129.50654060754167,20.05215487169626,43.088139612694484,39.08955333990553,838.1592534406009,54.919555636096874,54.91926658754678,15.672246489708446,65.281451201743,38.06694067878502,0.0,20.052154871696235,0.23036779058095827,5.449118609996079,PCM Storage + DSM
2024-02-21 03:00:00,99.66292657436124,82.8,0.45,117.96128515452253,18.298358580161292,44.506650925269234,40.5072344664305,735.8968106463883,54.92058947581265,54.92047016586149,14.275096288664239,59.441569509044825,34.661587000600726,0.0,18.298358580161274,0.22824002361209614,4.4557456645582185,PCM Storage + DSM
2024-02-21 04:00:00,111.15951872354779,80.7,-0.85,131.4847385650244,20.32521984147661,42.845087720718574,38.845328587754324,829.7626441843637,54.92101621161867,54.92096696430557,15.9116383061346,66.29843700072064,38.65996576275887,0.0,20.325219841476592,0.23073236841892214,5.630691359992,PCM Storage + DSM
2024-02-21 05:00:00,114.2729713920099,85.6,-1.7,135.1459017583373,20.872930366327395,42.39525779464808,38.39535721681874,747.2608650243518,54.92119235444367,54.92117202673568,16.354694322730154,68.1553813988708,39.74278777340525,0.0,20.872930366327378,0.23140711330802788,5.972350651427673,PCM Storage + DSM
2024-02-21 06:00:00,149.32791508243616,84.8,-1.25,176.4052920807403,27.077376998304146,37.32591028991526,33.325951328191735,887.6785783173792,54.92126506054041,54.921256669915905,21.34770341797994,89.06306436215807,51.93448254187344,0.0,27.07737699830414,0.23901113456512713,10.513408308696896,PCM Storage + DSM
2024-02-21 07:00:00,145.64694304255576,88.6,-1.9,87.75958991660383,-57.88735312595193,37.85831232927147,30.0766550003322,413.17159187288576,48.59501314477149,49.25304724457259,10.62023522948348,86.86763660491529,0.0,0.0,0.0,0.23821253150609278,9.9767590115138,PCM Storage + DSM
2024-02-21 08:00:00,135.14336931647546,84.6,-1.4,89.15577837096811,-45.98759094550735,33.051050598124455,26.030227670846024,413.17159187288576,43.41030855904435,43.9764064493556,10.789195109812551,80.60303120757796,1.0136743607272223,0.0,0.0,0.24542342410281331,9.672363744909353,PCM Storage + DSM
2024-02-21 09:00:00,116.92743803012932,81.8,-0.15,88.72405179998279,-28.203386230146535,30.50067043847364,25.0,413.17159187288576,39.795599479641346,40.194647202599846,10.736949677227468,69.73857455406564,12.462593641663709,0.0,0.0,0.24924899434228953,8.368628946487876,PCM Storage + DSM
2024-02-21 10:00:00,112.21149111259169,83.4,0.05,244.16982827010347,131.95833715751178,29.0,29.186729190974646,1072.2446155870737,49.11552575349694,48.162353944166505,29.548235294117646,66.92586077839077,47.94334797230877,0.0,123.04081850162612,0.2515,8.031103293406892,PCM Storage + DSM
2024-02-21 11:00:00,111.68280916770874,81.8,1.0,179.34804906849521,67.66523990078647,36.9643475601623,34.888729542254715,955.5951544685063,52.524878340961,52.13142470196991,21.70382143839073,66.61054107371113,47.75947864538776,0.0,58.747721244900816,0.23955347865975654,7.993264928845336,PCM Storage + DSM
2024-02-21 12:00:00,89.62486248837827,79.8,2.15,125.63641772138645,36.01155523300818,43.56364343479745,40.35796118401703,828.2697423655923,53.93214365581948,53.76973863944359,15.203903195750097,53.4546062057145,40.08798570252536,0.0,27.094036577122523,0.22965453484780382,4.309410894194813,PCM Storage + DSM
2024-02-21 13:00:00,80.01937496257302,76.1,3.45,102.87671801582849,22.857343053255462,46.360020841474515,42.68788967810246,826.3750892090808,54.51301754677815,54.44598197588035,12.449635942961807,47.725642848338055,36.747310759466494,0.0,13.93982439736981,0.22545996873778823,3.0467990714012863,PCM Storage + DSM
2024-02-21 14:00:00,71.01018771961301,77.2,4.05,87.54487846264371,16.534690743030694,48.24377195787673,44.379105675599284,722.2532951536475,54.752783619089,54.72511349001373,10.59425190219483,42.352328536492706,33.614022001449094,0.0,7.617172087145036,0.22263434206318491,2.22507988068273,PCM Storage + DSM
2024-02-21 15:00:00,78.86425920393886,76.2,4.25,94.83792473801685,15.973665534077995,47.34770961548459,43.40357102439731,785.2401974452306,54.8517513474138,54.84033000747759,11.476820599901531,47.036701674143096,36.3455751618891,0.0,7.056146878192344,0.2239784355767731,2.7240714197319074,PCM Storage + DSM
2024-02-21 16:00:00,88.83076749726789,77.2,4.0,105.76333566797796,16.93256817071007,46.005355688216156,42.02841348237294,809.9456503923788,54.89260204474299,54.88788768271078,12.798960256265218,52.98098723591982,39.811808857562085,0.0,8.015049514824412,0.22599196646767578,3.495042659676589,PCM Storage + DSM
2024-02-21 17:00:00,93.7761121197705,80.1,3.1,60.13419878823244,-33.64191333153806,45.331027900864264,39.04776891128164,413.17159187288576,51.07392716586176,51.47094025002421,7.277145860349109,55.93051978757874,0.0,0.0,0.0,0.2270034581487036,3.9159100493484935,PCM Storage + DSM
2024-02-21 18:00:00,101.36263570253892,79.2,1.9,67.07969039824962,-34.2829453042893,40.41521645131145,34.13064791908571,413.17159187288576,47.17294334338787,47.59488115945685,8.117655196740515,60.45532037669916,0.9697804260986516,0.0,0.0,0.23437717532303282,6.015830416885055,PCM Storage + DSM
2024-02-21 19:00:00,105.16458853266408,81.3,0.95,78.40955220819296,-26.75503632447112,35.964407475802645,29.995936659025627,413.17159187288576,43.795781775360496,44.16424868490065,9.488739515314506,62.72290423350447,9.819963628872117,0.0,0.0,0.24105338878629604,7.526748508020536,PCM Storage + DSM
2024-02-21 20:00:00,108.91836320396722,82.6,0.95,87.43776509892686,-21.480598105040357,32.04438811197251,26.274404554994803,413.17159187288576,40.76132922867842,41.091970764894,10.581289568164154,64.96175337947125,16.39992027749475,0.0,0.0,0.24693341783204123,7.79541040553655,PCM Storage + DSM
2024-02-21 21:00:00,129.14910775779776,80.1,1.8,244.1698282701035,115.02072051230573,29.0,27.335245667965467,1141.489375497785,49.47968983266444,48.586304430482244,29.54823529411765,77.02789723005338,104.10167633599869,0.0,55.835576215498314,0.2515,9.243347667606406,PCM Storage + DSM
2024-02-21 22:00:00,120.56228163082409,84.0,2.6,186.8355514219468,66.27326979112271,36.04439331276421,33.84806967246925,930.7239819165372,52.675193107351745,52.306418552956146,22.609922257122133,71.90649010673603,101.11527977822692,0.0,7.088125494315335,0.2409334100308537,8.628778812808322,PCM Storage + DSM
2024-02-21 23:00:00,105.78567967286845,78.9,3.35,156.96172625786645,51.17604658499799,41.37683720609707,38.7280552702118,999.2981993871249,55.009163180753475,54.751370833072684,18.994738426517536,63.093339193131754,87.96705469033377,0.0,0.0,0.2329347441908544,5.9143050565514,PCM Storage + DSM
2024-02-22 00:00:00,69.55537085327923,74.9,4.4,81.79438459313047,12.239013739851245,48.95030813111169,44.86403300988853,752.9949435428316,54.916248017481216,54.915412274217175,9.898355332509757,55.92623804744216,17.505722486007418,0.0,12.239013739851245,0.22157453780333247,2.701133902008043,PCM Storage + DSM
2024-02-22 01:00:00,55.03186888570508,74.4,5.3,65.45598014202957,10.424111256324494,50.95773114895817,46.95941026125297,667.037828536806,54.919223644378086,54.918880088481544,7.92116174363791,44.24856573606303,13.85044192534962,0.0,10.424111256324494,0.21856340327656276,1.604170382701743,PCM Storage + DSM
2024-02-22 02:00:00,58.986118745106666,74.4,5.15,70.08604392727722,11.099925182170551,50.38885695782029,46.38955054017999,697.2997147165206,54.92045244029429,54.92031063148132,8.481469358721005,47.42799409972521,14.845649050692039,0.0,11.099925182170551,0.21941671456326958,1.8813195191816325,PCM Storage + DSM
2024-02-22 03:00:00,72.49030431309953,75.8,4.25,85.97091420389992,13.480609890800395,48.43715755386477,44.43744384237707,750.5698433303611,54.920959647761144,54.92090111364103,10.403778465769896,58.286081511918134,18.244387667893797,0.0,13.480609890800395,0.22234426366920285,2.994567196734902,PCM Storage + DSM
2024-02-22 04:00:00,71.39678457121649,77.7,4.6,84.67967727244849,13.282892701232,48.595805771042095,44.59592394173837,695.0633515391877,54.9211690067013,54.92114484569786,10.24751930409831,57.406833157062366,17.96917019871007,0.0,13.282892701232,0.22210629134343685,2.894749055527997,PCM Storage + DSM
2024-02-22 05:00:00,73.1074232182553,74.3,5.0,86.6914513623354,13.584028144080094,48.348628537375674,44.348677314440955,798.0254389035191,54.92125542334278,54.92124545045713,10.490974339422452,58.7822781157163,18.39970439127543,0.0,13.584028144080094,0.22247705719393648,3.0512839403901264,PCM Storage + DSM
2024-02-22 06:00:00,76.83617050769413,75.2,5.35,91.07960645710325,14.243435949409118,47.80947653085746,43.809496664462266,794.3677224235596,54.92129109335487,54.9212869768682,11.022007351018985,61.7803903530559,19.338156943085686,0.0,14.243435949409118,0.2232857852037138,3.4067647648352857,PCM Storage + DSM
2024-02-22 07:00:00,83.0667442111309,77.9,5.25,53.60097843650086,-29.465765774630036,46.90846837075064,40.898523872352186,413.17159187288576,51.55889879116163,51.90864282753991,6.4865275700018925,66.79010482709079,0.0,0.0,0.0,0.22463729744387403,4.044086732300802,PCM Storage + DSM
2024-02-22 08:00:00,94.04518841387376,76.0,4.5,58.876161990226876,-35.16902642364688,41.95841177245417,35.68185545279517,413.17159187288576,47.68074549769706,48.09838318991315,7.124904416025343,75.61736110278947,0.0,0.0,0.0,0.23206238234131873,6.824431251370801,PCM Storage + DSM
2024-02-22 09:00:00,73.27802182675572,78.3,4.35,64.36722889404416,-8.910792932711558,41.08353365283962,36.16728047272835,413.17159187288576,46.0646738807819,46.24978326309026,7.789406406460667,58.9194485207118,9.531847781960192,0.0,0.0,0.23337469952074058,5.626736517438948,PCM Storage + DSM
2024-02-22 10:00:00,75.03685334481402,75.1,3.7,161.04541733739262,86.0085639925786,39.21310595845908,38.49289756300946,1072.0456396929826,51.51444988065176,50.955123290360326,19.488926695974182,60.33364312506182,22.705760696806916,0.0,82.18810740332103,0.2361803410623114,6.43888870443371,PCM Storage + DSM
2024-02-22 11:00:00,60.06989322269787,76.5,4.3,99.07311637575621,39.00322315305834,46.82735151050353,43.95658814803882,797.6278111108264,53.515074592235706,53.28419404998606,11.989342724007578,48.29940674090518,18.93887041726853,0.0,35.18276656380077,0.2247589727342447,2.9479973221586673,PCM Storage + DSM
2024-02-22 12:00:00,72.64751136488837,74.7,5.0,97.59431434506483,24.946802980176457,47.009044970481995,43.47515455615117,841.9520504232488,54.34086484239862,54.245564775179375,11.810385353779383,58.41248438912549,22.104410188404383,0.0,21.126346390918883,0.224486432544277,3.501579028165051,PCM Storage + DSM
2024-02-22 13:00:00,62.7866181307607,75.9,5.65,79.26661592700182,16.479997796241122,49.26088319487416,45.453278250562676,710.8390396231225,54.68172451588392,54.642387711176774,9.59245716382512,50.48379885978601,19.622616786929783,0.0,12.659541206983546,0.22110867520768876,2.3442000968541756,PCM Storage + DSM
2024-02-22 14:00:00,85.15943226944282,72.9,6.1,102.82590052570697,17.666468256264153,46.36626454780976,42.445679043025486,925.7738363233867,54.82242043352252,54.806183464864276,12.443486259498433,68.47273794474133,25.253415253506112,0.0,13.846011667006575,0.22545060317828536,4.368725885949164,PCM Storage + DSM
2024-02-22 15:00:00,67.62604933888561,77.9,6.4,81.04340774126473,13.417358402379122,49.04257712976557,45.07535688092808,670.9048424645724,54.880495186214034,54.87379308742458,9.807475796423843,54.37496036808605,20.840606694542565,0.0,9.59690181312155,0.22143613430535164,2.5961073192065927,PCM Storage + DSM
2024-02-22 16:00:00,86.70703506200618,72.0,6.0,103.0296866653105,16.322651603304323,46.34122630196497,42.354756729670356,959.2399518621414,54.90446657754354,54.90170016657552,12.468147458817558,69.71709335709845,25.642916519516643,0.0,12.502195014046748,0.22548816054705254,4.458592325868561,PCM Storage + DSM
2024-02-22 17:00:00,78.76884812467839,76.9,5.95,50.8255531309482,-27.943294993730184,47.513190591326385,41.605095591247284,413.17159187288576,51.713007017034926,52.04485871734216,6.150659209235389,63.334366518382154,0.0,0.0,0.0,0.22373021411301042,3.605046385073826,PCM Storage + DSM
2024-02-22 18:00:00,96.95599967707211,77.3,5.35,61.5860740567287,-35.369925620343416,41.691568629451304,35.378996797923236,413.17159187288576,47.778172490546744,48.2009771706388,7.452844685855842,77.95780903110546,0.0,0.0,0.0,0.23246264705582304,7.160470616106115,PCM Storage + DSM
2024-02-22 19:00:00,89.77337983387307,76.2,5.4,64.6925099237638,-25.08086991010927,38.795459524064285,33.023947637137965,413.17159187288576,44.730326417404825,45.064574398386874,7.828770321613346,72.18259854445053,0.0,0.0,0.0,0.23680681071390358,7.884306221164009,PCM Storage + DSM
2024-02-22 20:00:00,98.78120758417346,76.3,5.0,72.38985732121357,-26.39135026295989,34.44493283056391,28.52718032805194,413.17159187288576,41.45549879367657,41.80974948626046,8.760265558562974,79.4253738021128,0.0,0.0,0.0,0.24333260075415414,9.531044856253537,PCM Storage + DSM
2024-02-22 21:00:00,118.01773227728876,79.3,5.1,244.16982827010347,126.15209599281471,29.000000000000007,29.390134708239003,1159.6442761021235,49.7525017576511,48.90390614609642,29.548235294117646,94.89256844135963,69.17780973881378,0.0,86.67703450089257,0.2515,11.387108212963156,PCM Storage + DSM
2024-02-22 22:00:00,114.6136639684044,80.3,5.15,177.6134177027265,62.99975373432211,37.17747356898063,34.890724064063164,983.9484595805498,52.78780091803926,52.43751461835702,21.49390485652873,92.15551546849858,68.32107251769474,0.0,23.52469224239998,0.23923378964652905,10.960530846831164,PCM Storage + DSM
2024-02-22 23:00:00,98.14058498607898,75.2,5.5,146.30153636233624,48.16095137625726,42.59505193616135,39.875523132429066,1071.9293197909312,54.99973287834456,54.75538757275659,17.704694519189818,78.91027897219409,64.17512166419456,0.0,8.685889884335182,0.231107422095758,6.82019082178485,PCM Storage + DSM
2024-02-23 00:00:00,69.77138919047286,75.3,5.9,82.12539847214514,12.354009281672276,48.90963801047969,44.82963723371367,743.4177366702922,54.91463212997739,54.91353128650179,9.938413008972242,58.63885347580803,19.23473798894395,0.0,12.354009281672266,0.22163554298428045,2.846457307618369,PCM Storage + DSM
2024-02-23 01:00:00,59.23258209913104,73.7,6.15,70.41350972650713,11.180927627376093,50.34862277308707,46.35083752583682,720.3511741516843,54.918556688403406,54.9181036298749,8.521097663966476,49.78159017620636,16.32937526835096,0.0,11.18092762737608,0.21947706584036938,1.9866968113051875,PCM Storage + DSM
2024-02-23 02:00:00,61.53499821497244,72.2,6.5,73.09158741165939,11.55658919668695,50.019579946117915,46.02049459616585,787.2241405784604,54.92017714230499,54.91999013432404,8.845185493070684,51.71663895226827,16.964110669832387,0.0,11.556589196686938,0.21997063008082313,2.1660231819707567,PCM Storage + DSM
2024-02-23 03:00:00,69.46802764621756,75.6,6.05,82.41583561759882,12.947807971381252,48.8739533625224,44.87433090067069,736.6763376982776,54.92084601359952,54.9207688227156,9.973560288113232,58.38389548586149,19.151106576593214,0.0,12.947807971381238,0.2216890699562164,2.84658154557437,PCM Storage + DSM
2024-02-23 04:00:00,68.45924117923191,75.7,5.7,81.22301676209092,12.763775582859012,49.020509412951576,45.020665248564725,727.2811959263008,54.921122102171694,54.92109024025581,9.829211199384636,57.53606828172682,18.87300198953547,0.0,12.763775582859012,0.22146923588057263,2.754651091618887,PCM Storage + DSM
2024-02-23 05:00:00,70.77763549685541,73.1,5.25,83.94959619255253,13.171960695697123,48.68550740433582,44.68557172826822,821.4321272571665,54.92123606266053,54.92122291108572,10.159168471870647,59.48454582055206,19.512142298649934,0.0,13.171960695697123,0.22197173889349628,2.967502894688559,PCM Storage + DSM
2024-02-23 06:00:00,72.31791300965453,77.0,5.0,85.761626060693,13.443713051038472,48.46287180505089,44.46289835590274,717.9323392457852,54.921283101887504,54.921277673340136,10.378451440954585,60.77906078482401,19.936769566828204,0.0,13.443713051038472,0.22230569229242367,3.1132718009318814,PCM Storage + DSM
2024-02-23 07:00:00,81.7220258575811,76.5,5.15,50.84330117493432,-30.878724682646784,47.10292885576488,41.040286235174236,413.17159187288576,51.47073350089237,51.8296472955359,6.152806990488411,68.68267861095192,0.0,0.0,0.0,0.22434560671635267,4.078544139535362,PCM Storage + DSM
2024-02-23 08:00:00,71.68179949050928,75.2,4.95,52.051498311878795,-19.630301178630482,45.10436176098057,39.70434325149161,413.17159187288576,49.05709278098636,49.32277053818805,6.299017083426769,60.24444383257573,0.13110314158378955,0.0,0.0,0.22734345735852915,4.299876658459477,PCM Storage + DSM
2024-02-23 09:00:00,72.66733842352181,74.9,5.15,55.95361913539042,-16.713719288131394,42.54819583919095,37.25369833950627,413.17159187288576,46.83857036461278,47.08015489355893,6.771232610857335,61.07273281690223,3.3193806851914687,0.0,0.0,0.23117770624121356,5.295667045411721,PCM Storage + DSM
2024-02-23 10:00:00,90.49660403507748,76.6,5.25,172.9433143190048,82.44671028392732,37.75126723752786,36.75972398027537,1063.4760084248712,51.82317300067641,51.31453246259107,20.928751845578443,76.05720863009178,29.153551566759077,0.0,78.2414718824966,0.23837309914370822,8.784029301481358,PCM Storage + DSM
2024-02-23 11:00:00,98.55608957420748,78.3,5.5,141.85994207486135,43.303852500653875,41.57033519498557,38.59724298163481,922.664028272987,53.64250543017163,53.432546827318106,17.16719455853892,82.83074427418313,31.37540918589928,0.0,39.09861409922315,0.23264449720752164,7.668303718203085,PCM Storage + DSM
2024-02-23 12:00:00,101.18090333035374,76.0,5.65,130.14189813652263,28.960994806168884,43.010076217210816,39.43394787151891,942.4028709685657,54.39346419654007,54.30680003345606,15.749134342295418,85.03674978781513,32.099023914730616,0.0,24.755756404738154,0.23048488567418376,7.137945889605887,PCM Storage + DSM
2024-02-23 13:00:00,78.97310164170433,77.0,5.45,97.89053459739661,18.917432955692277,46.97264977934428,43.147610374538715,778.7973533013356,54.70343583867684,54.66766365762999,11.846232476156434,66.37236536964829,25.976725767198154,0.0,14.712194554261549,0.22454102533098358,3.9932337152087087,PCM Storage + DSM
2024-02-23 14:00:00,70.94640075488576,73.4,6.0,85.91998571533486,14.973584960449102,48.44341489805745,44.515633008342476,822.4505836354692,54.83138216974747,54.81661656316557,10.397615349819182,59.62638334668232,23.76390629685484,0.0,10.768346559018374,0.22233487765291382,3.0611893405616244,PCM Storage + DSM
2024-02-23 15:00:00,67.44292290866275,74.0,6.1,80.75492237818577,13.311999469523016,49.07802197138947,45.107831286151686,774.0825390726759,54.884194302888375,54.87809953507296,9.772564712414985,56.681911028386224,22.798059418871635,0.0,9.10676106809229,0.2213829670429158,2.694197122719196,PCM Storage + DSM
2024-02-23 16:00:00,63.010257320397834,75.4,6.35,75.10769125443208,12.09743393403425,49.771870736050104,45.784175063082294,700.1132266862924,54.905993454013355,54.903477729751174,9.089164493857474,52.95650967185117,21.57605191447575,0.0,7.892195532603523,0.22034219389592485,2.296658983654519,PCM Storage + DSM
2024-02-23 17:00:00,70.2945455627416,72.6,5.95,41.2663179793543,-29.028227583387306,48.74024153691719,42.85082524477356,413.17159187288576,51.7457311086113,52.07434799551067,4.993847446323231,59.07853642055568,0.0,0.0,0.0,0.22188963769462422,2.9278466471173847,PCM Storage + DSM
2024-02-23 18:00:00,73.04451732841041,76.2,5.25,53.64625856317642,-19.39825876523399,45.18228786959236,39.77525511600287,413.17159187288576,49.326398652927345,49.59143438451831,6.492007148894321,61.38973006741632,0.7388227611963138,0.0,0.0,0.22722656819561146,4.352916946200939,PCM Storage + DSM
2024-02-23 19:00:00,87.17943096680628,77.5,4.7,63.614396568296804,-23.565034398509475,40.71881352114577,35.00141081481838,413.17159187288576,46.400535211709574,46.715668711500435,7.698302330024191,73.26931479909419,0.4687928210396919,0.0,0.0,0.23392177971828135,7.157468264531559,PCM Storage + DSM
2024-02-23 20:00:00,91.66609266094785,76.5,4.75,68.06744885957889,-23.598643801368965,37.14410471997226,31.402640286215426,413.17159187288576,43.424428207734934,43.74682845861883,8.237188882109805,77.04009678768348,1.672076693964776,0.0,0.0,0.23928384292004162,9.178200565076667,PCM Storage + DSM
2024-02-23 21:00:00,89.0783994816223,78.5,3.75,199.06172429427315,109.98332481265085,34.54222087496387,34.816988592545854,1081.814492522083,50.51129793676042,49.78727878311511,24.089473745270887,74.8652889912015,63.016528827368155,0.0,71.52413523828193,0.2431866686875542,8.983834678944179,PCM Storage + DSM
2024-02-23 22:00:00,89.59081321409575,77.4,4.2,141.9848599868633,52.39404677276757,41.55498711784349,39.01672778582396,946.2678233761291,53.1010068711741,52.80214357138726,17.182311511695804,75.29594336294511,63.15779223061153,0.0,13.934857198398632,0.23266751932323476,6.977680891288886,PCM Storage + DSM
2024-02-23 23:00:00,80.09664630399,78.6,2.45,120.77536768607673,40.678721382086735,45.51770934503809,42.616381019080194,872.1347101610596,54.99855479193079,54.78900517907191,14.615642757359982,67.31664025925149,60.540418331968795,0.0,2.2195318077178285,0.22672343598244285,4.637695376233415,PCM Storage + DSM
2024-02-24 00:00:00,80.2520505524943,77.8,2.35,94.47107072059302,14.219020168098723,47.3927832455915,43.32051968374138,742.2034071120984,54.9194580096432,54.919149960123484,11.432425725636229,58.06268284661574,20.788305570071653,0.0,14.219020168098709,0.22391082513161276,3.346924676699482,PCM Storage + DSM
2024-02-24 01:00:00,92.275821372761,78.0,3.6,109.26721347374837,16.99139210098737,45.57485067898614,41.57546595506716,805.0236868236317,54.92054872747221,54.920422727308626,13.222982366532714,66.76192961914373,23.90291535506047,0.0,16.991392100987365,0.2266377239815208,4.5765900891464115,PCM Storage + DSM
2024-02-24 02:00:00,103.43227316820041,79.4,4.35,122.3898475480376,18.957574379837183,43.962534263736075,39.96278863711433,825.0561644328326,54.92099939200738,54.920947383205046,14.811019193411951,74.833667572661,26.79285682577296,0.0,18.95757437983718,0.22905619860439588,5.853848261385195,PCM Storage + DSM
2024-02-24 03:00:00,98.04029779846347,77.1,5.65,116.0396468909986,17.999349092535127,44.74275359329398,40.74285859045415,856.7135155541854,54.92118541184872,54.92116394428673,14.042549049052091,70.93255160547442,25.396131996429553,0.0,17.99934909253512,0.22788586961005902,5.2166265797081435,PCM Storage + DSM
2024-02-24 04:00:00,84.56035501931598,75.7,4.95,100.17179599840833,15.61144097909235,46.69236190546887,42.69240524492187,824.9618551201745,54.92126219486035,54.92125333374076,12.122299544401722,61.17975853678887,21.904318795012365,0.0,15.611440979092345,0.2249614571417967,3.7837128582481254,PCM Storage + DSM
2024-02-24 05:00:00,75.50567998529647,77.0,3.95,89.51352015301796,14.007840167721497,48.001894199557235,44.001912088690474,737.4282691877186,54.921293888419676,54.92129023083431,10.832487266036098,54.62866456274083,19.558816715638446,0.0,14.007840167721492,0.22299715870066414,2.9493270208346423,PCM Storage + DSM
2024-02-24 06:00:00,77.04072885612663,76.7,4.1,91.32006530732114,14.27933645119451,47.77993248130127,43.77993986536049,754.3409542830673,54.9213069705023,54.921305460768615,11.051106501946558,55.739278623409184,19.95645222491353,0.0,14.279336451194503,0.2233301012780481,3.08351947410836,PCM Storage + DSM
2024-02-24 07:00:00,83.77011715177969,76.9,3.95,52.047341983064335,-31.72277516871535,46.80676490733484,40.69000201584326,413.17159187288576,51.38021994535944,51.748551283588334,6.29851410489482,60.60801824653757,0.0,0.0,0.0,0.22478985263899776,3.706750670924983,PCM Storage + DSM
2024-02-24 08:00:00,98.7484807666484,78.7,3.5,65.03132664793485,-33.71715411871355,41.09955919668303,34.85483616132112,413.17159187288576,47.5516129259214,47.964854091055244,7.869772260134242,71.44492484448841,0.0,0.0,0.0,0.23335066120497544,6.816034789123306,PCM Storage + DSM
2024-02-24 09:00:00,123.53495370710796,80.4,3.25,80.79283337542807,-42.742120331679885,33.686418942192915,26.852852411877333,413.17159187288576,42.72898566900583,43.24745059441078,9.777152515399024,89.37803817081695,0.0,0.0,0.0,0.24447037158671062,10.725364580498033,PCM Storage + DSM
2024-02-24 10:00:00,113.5199987346566,82.4,3.35,233.49049492178568,119.97049618712909,30.312119530571678,30.88253959910656,1070.861477965638,50.27134386280755,49.50793255031897,28.25587474000635,82.13217778114112,35.06877251011553,0.0,114.30768160286797,0.24953182070414248,9.855861333736936,PCM Storage + DSM
2024-02-24 11:00:00,107.01925835115217,76.6,3.65,164.45169909621984,57.432440745067666,38.79459211713478,36.33586827981392,1039.1666797288613,53.001962171818704,52.68683744563647,19.901138211217365,77.42886584634256,33.384835755931306,0.0,51.76962616080655,0.23680811182429784,8.457744507841909,PCM Storage + DSM
2024-02-24 12:00:00,88.48000223618627,78.0,4.5,120.40589690769532,31.925894671509056,44.206292960836144,40.84247760485056,851.1629249216406,54.12906852722879,53.99899516851469,14.570931215515271,64.01563913618729,28.58246972906407,0.0,26.263080087247946,0.2286905605587458,4.913983998199274,PCM Storage + DSM
2024-02-24 13:00:00,89.04076044899534,77.3,4.9,111.89241562902123,22.851655180025887,45.25230442003122,41.514900993397944,834.074068748498,54.59430180433052,54.54061170254321,13.540671458293954,64.42134996899237,28.727727239601784,0.0,17.18884059576478,0.22712154336995316,4.54081444971812,PCM Storage + DSM
2024-02-24 14:00:00,70.12800345060607,75.3,5.25,85.8449463990074,15.71694294840134,48.45263462641526,44.56102605178044,763.8601195757326,54.78633514804802,54.76417359968463,10.3885344597237,50.73789386048727,23.828610407716575,0.0,10.05412836414022,0.2223210480603771,2.602051902670479,PCM Storage + DSM
2024-02-24 15:00:00,64.76773324867186,72.5,6.45,77.97277344012322,13.20504019145136,49.41985154440923,45.464592040989444,807.0587679973376,54.86560034018789,54.85645276531816,9.435882690612466,46.85971671031603,22.440098411713823,0.0,7.542225607190251,0.22087022268338616,2.131221655506739,PCM Storage + DSM
2024-02-24 16:00:00,83.89703154874329,75.0,6.25,99.84344899399622,15.946417445252948,46.73270435974404,42.75117179872734,843.7933333300305,54.89831846383942,54.89454263894555,12.082564600026222,60.69984132555967,27.395307601575173,0.0,10.28360286099182,0.22490094346038395,3.7393392972368837,PCM Storage + DSM
2024-02-24 17:00:00,97.65775802544219,78.3,6.15,57.98202206778568,-39.675735957656514,44.775394232394504,38.1908697162669,413.17159187288576,50.575475758480536,51.02496883283169,7.01669998715983,70.65578253397734,0.0,0.0,0.0,0.22783690865140824,5.182434520077234,PCM Storage + DSM
2024-02-24 18:00:00,92.34956176027863,76.3,5.3,60.67177939678392,-31.677782363494714,41.220204350265625,35.13550767982282,413.17159187288576,46.998386983940335,47.38877200379129,7.342201229489405,66.81528108747315,0.0,0.0,0.0,0.23316969347460156,6.325988891039329,PCM Storage + DSM
2024-02-24 19:00:00,78.34805070956041,75.5,4.55,61.972804211666215,-16.375246497894196,39.66796525170832,34.37152301795845,413.17159187288576,44.751740356175326,45.00132986856984,7.499644872817449,56.685131266822,3.9198513563897173,0.0,0.0,0.23549805212243752,5.894811988968205,PCM Storage + DSM
2024-02-24 20:00:00,71.50981528596925,77.7,3.7,167.57993575085385,96.0701204648846,38.410240371860155,38.18401464104112,1018.9278286855022,51.01502983016745,50.37371085171226,20.27970207138668,51.73764030681529,44.832238480609945,0.0,69.76161914974084,0.23738463944220978,5.770741782185134,PCM Storage + DSM
2024-02-24 21:00:00,82.68398897005989,76.9,3.05,129.75542924258457,47.07144027252468,43.05755983506927,40.352333876063774,915.934979404026,53.30893061593533,53.044204798514386,15.702365771858833,59.822200118379996,47.726770588371906,0.0,20.762938957380907,0.2304136602473961,5.00440467411015,PCM Storage + DSM
2024-02-24 22:00:00,92.76328801678899,79.2,2.8,122.94905101627154,30.18576299948255,43.8938275600214,40.42826515218645,831.908034976755,54.25577523466622,54.146504925658355,14.878691255000104,67.1146137057888,50.33768890227189,0.0,3.877261684338791,0.2291592586599679,5.277694202823715,PCM Storage + DSM
2024-02-24 23:00:00,98.744828973684,80.7,2.55,122.2831589104651,23.53832993678111,43.97564259554697,40.19624125617858,795.4506112274106,54.646602260678385,54.60149898917866,14.798108257656558,71.44228275752299,49.11696205941672,0.0,0.0,0.22903653610667954,5.582938946543829,PCM Storage + DSM
2024-02-25 00:00:00,72.59901537967384,78.8,2.2,88.32773575608066,15.728720376406812,48.147585959100795,44.23864199594452,688.3878404309304,54.80792309543863,54.78930591462849,10.688989452989198,52.0020206814009,22.129906155967376,0.0,15.728720376406807,0.2227786210613488,2.7620605082109857,PCM Storage + DSM
2024-02-25 01:00:00,71.75009253511146,74.7,1.95,86.01553624139581,14.265443706284344,48.43167505369528,44.46926005907086,782.2495053366383,54.874511151012165,54.86682657714884,10.409178405936839,51.393944895676036,21.87113428715382,0.0,14.265443706284339,0.22235248741945707,2.642160120831787,PCM Storage + DSM
2024-02-25 02:00:00,71.65358675778356,81.4,1.5,85.35998595802353,13.706399200239971,48.512219438071114,44.5277333202699,620.0411954830662,54.901996560145186,54.89882461504442,10.329846925231607,51.32481867678402,21.84171703149813,0.0,13.706399200239966,0.22223167084289333,2.6138027898559923,PCM Storage + DSM
2024-02-25 03:00:00,93.28835756608572,78.2,2.9,110.6011205786002,17.31276301251448,45.410959778013364,41.41736340995308,805.808044399798,54.91334165362631,54.91203237663825,13.384405263349661,66.82161010194277,28.43650960808776,0.0,17.312763012514473,0.22688356033297996,4.646389963015939,PCM Storage + DSM
2024-02-25 04:00:00,85.89829585675308,79.0,1.95,101.81043675874689,15.912140901993808,46.49102981149788,42.49367302494336,748.1520397029808,54.91802454357251,54.91748411611332,12.320599813898795,61.52817547564974,26.183843077294455,0.0,15.912140901993808,0.22526345528275318,3.879586570959182,PCM Storage + DSM
2024-02-25 05:00:00,99.0396475743564,80.4,0.9,117.24012678485241,18.200479210496013,44.59525626706507,40.5963473006198,782.2336343507994,54.91995749002946,54.9197344189442,14.187825239074266,70.94120732224559,30.18963955748397,0.0,18.200479210496013,0.2281071155994024,5.2800449816247825,PCM Storage + DSM
2024-02-25 06:00:00,105.3685040081774,82.6,0.8,124.67366713270732,19.305163124529926,43.6819320778497,39.68238242143418,765.2868277587994,54.920755348200025,54.92066327162576,15.087395840499097,75.47451016994951,32.11882548683284,0.0,19.305163124529926,0.22947710188322545,6.031047917006466,PCM Storage + DSM
2024-02-25 07:00:00,120.48849077814012,81.4,0.65,69.01519066750977,-51.47330011063035,41.49613020395391,34.20191575168997,413.17159187288576,49.40995287565977,49.98316338788832,8.351879948312448,86.3048204792853,0.0,0.0,0.0,0.23275580469406915,8.028352196891827,PCM Storage + DSM
2024-02-25 08:00:00,126.05007220384257,83.6,0.7,83.74236330064272,-42.30770890319985,35.18103123034362,28.378945796079208,413.17159187288576,44.608086293355946,45.13090767107643,10.13409016348908,90.28853115095438,0.0,0.0,0.0,0.24222845315448457,10.834623738114527,PCM Storage + DSM
2024-02-25 09:00:00,126.44682289672627,83.9,0.5,92.6654617547876,-33.781361141938675,30.321787947123624,25.0,413.17159187288576,40.440071941019326,40.894909781712634,11.213919782667027,90.57272009799175,4.762637144961374,0.0,0.0,0.24951731807931457,10.86872641175901,PCM Storage + DSM
2024-02-25 10:00:00,110.29526110693755,81.2,0.95,244.16982827010347,133.87456716316592,29.0,29.88420176993957,1117.435001684613,49.3739489109834,48.46320504510321,29.548235294117646,79.00350189527937,41.401488011199625,0.0,126.09369735153246,0.2515,9.480420227433523,PCM Storage + DSM
2024-02-25 11:00:00,95.92425351494617,79.2,2.1,158.69640514765817,62.772151632711996,39.50171805353776,37.34044355195868,954.9841271063559,52.63154701281212,52.255606524674384,19.204660759503753,68.70967862366874,37.02086318158926,0.0,54.99128182107853,0.23574742291969336,7.213807974046591,PCM Storage + DSM
2024-02-25 12:00:00,88.31349635613047,78.7,3.35,123.22472085849884,34.91122450236837,43.85995730125351,40.61891889875222,844.9284630809713,53.97617305511879,53.82099690452817,14.91205146751831,63.25816183512752,34.70092343007021,0.0,27.130354690734904,0.22921006404811975,4.987289685346746,PCM Storage + DSM
2024-02-25 13:00:00,69.97446989296516,76.7,4.45,90.69517869347719,20.72070880051203,47.85670936462111,44.16998431820253,751.173348296101,54.53119146765929,54.46713974021457,10.975485788163773,50.1220823934594,29.110752096489325,0.0,12.939838988878563,0.22321493595306832,2.7496845994428387,PCM Storage + DSM
2024-02-25 14:00:00,78.44823251615776,72.8,5.3,96.15178486849479,17.703552352337027,47.18628179209793,43.315591623961126,896.7791433485884,54.76028522950047,54.73384673509887,11.635817510183076,56.19176222143014,31.69375643419965,0.0,9.922682540703562,0.2242205773118531,3.3087007202793157,PCM Storage + DSM
2024-02-25 15:00:00,82.77232834741082,77.7,6.35,99.37679534482784,16.60446699741702,46.790039901871566,42.84341484431533,768.046154920347,54.8548477710823,54.843934810353375,12.026092463709558,59.289073110141416,33.01184366244368,0.0,8.823597185783555,0.22481494014719267,3.6320344242573803,PCM Storage + DSM
2024-02-25 16:00:00,95.05695533217971,76.4,5.8,113.06656215714197,18.009606824962262,45.10804255076924,41.130074011485135,863.1817158230768,54.89388014891112,54.88937562947587,13.682760913524696,68.08844074872933,36.75649007276007,0.0,10.228737013328796,0.22733793617384615,4.858229041010152,PCM Storage + DSM
2024-02-25 17:00:00,68.92869707790351,75.7,4.8,46.30720551511957,-22.621491562783937,48.925652474159094,43.33403645773061,413.17159187288576,52.232198143547286,52.508873451589096,5.6038709371585025,49.373004747261625,0.0,0.0,0.0,0.22161152128876135,2.3919287923462993,PCM Storage + DSM
2024-02-25 18:00:00,69.7819127900955,75.1,3.35,50.08636523837278,-19.695547551722726,46.14058138942251,40.73479022329531,413.17159187288576,49.825301646109025,50.08692813798253,6.061206315193869,49.984155475395696,1.5756387495321853,0.0,0.0,0.22578912791586625,3.256793209221065,PCM Storage + DSM
2024-02-25 19:00:00,76.01903994309514,79.7,2.2,63.765074108814375,-12.253965834280763,42.83169332485495,37.7090944674633,413.17159187288576,47.89515274980217,48.10657666393963,7.71653658710786,54.45175346562441,10.91844513037864,0.0,0.0,0.23075246001271757,4.6289348526021525,PCM Storage + DSM
2024-02-25 20:00:00,97.71748369262738,79.5,1.8,72.18463336461656,-25.532850328010824,37.76359120075562,31.86424058600455,413.17159187288576,44.67560458370988,45.019102406500295,8.73543036168185,69.99415324496503,4.253762239748095,0.0,0.0,0.23835461319886658,8.07861687226263,PCM Storage + DSM
2024-02-25 21:00:00,84.45623411837647,81.4,1.1,183.43796597786977,98.9817318594933,36.46183867873938,36.28319152249672,975.1573605307207,50.999758697080544,50.355933885959104,22.198763127246337,60.49523964379668,70.06412112317074,0.0,54.66187910623992,0.24030724198189093,7.259428757255601,PCM Storage + DSM
2024-02-25 22:00:00,89.63845470308159,78.3,0.7,138.06535625727437,48.42690155419278,42.036558132250704,39.33639420660408,909.5288347002312,53.30262739910762,53.0368667025298,16.707992390211434,64.20721756267169,71.643785180862,0.0,4.10704880093941,0.23194516280162394,5.7645658049338175,PCM Storage + DSM
2024-02-25 23:00:00,89.79220430169947,81.9,0.2,129.5528410659514,39.76063676425194,44.31719210376789,41.30447224590148,823.4903102168876,55.00722901579638,54.81909733996657,15.677849544143998,64.3173470150516,67.13143572539602,0.0,0.0,0.22852421184434818,4.8943473395231845,PCM Storage + DSM
2024-02-26 00:00:00,108.41672454678606,82.4,-0.1,127.5512207111156,19.134496164329548,43.32838058476042,39.257440015614584,779.8731768424952,54.926073968097995,54.926852411941766,15.435623264045386,64.00064825221602,41.06472084513875,0.09690174907717151,19.134496164329548,0.23000742912285937,5.249955031397495,PCM Storage + DSM
2024-02-26 01:00:00,110.58923378359306,82.5,0.1,130.7688561458284,20.17962236223535,42.933044831259366,38.931467253175484,789.5369688948028,54.923279623079566,54.92360198874178,15.825005726199599,65.28312565660924,41.887596519679775,0.09884351540347353,20.17962236223535,0.23060043275311096,5.510008811320702,PCM Storage + DSM
2024-02-26 02:00:00,109.2221687352032,82.4,0.15,129.1825186908008,19.960349955597607,43.127950663761254,39.12729986078674,785.8161662349788,54.92212661794088,54.92225968013913,15.63303494623421,64.47611871496214,41.36979684602288,0.09762164677716137,19.960349955597607,0.23030807400435813,5.366495398938847,PCM Storage + DSM
2024-02-26 03:00:00,118.55542691855703,80.4,1.95,140.17745544930574,21.622028530748707,41.77705442448362,37.776785793938146,867.0288648538653,54.921650694483894,54.92170561828258,16.963588277438014,69.98573521128205,44.904930779253235,0.10596361658243364,21.622028530748707,0.23233441836327456,6.392334229103081,PCM Storage + DSM
2024-02-26 04:00:00,110.56411665637889,82.6,2.2,130.77529345799556,20.211176801616674,42.9322539089477,38.93214302689259,787.5696189052924,54.92145424857751,54.921476919356294,15.825784738151748,65.26829849381991,41.87808297071587,0.09882106597448533,20.211176801616674,0.23060161913657845,5.509067106036419,PCM Storage + DSM
2024-02-26 05:00:00,100.98232358411994,79.0,2.3,119.49880611919424,18.516482535074303,44.31774294565953,40.31769717711105,823.1083162883087,54.92137316202133,54.92138251979014,14.461159536345694,59.611966681484745,38.24881212386974,0.09025695825144914,18.516482535074303,0.2285233855815107,4.536085709816212,PCM Storage + DSM
2024-02-26 06:00:00,73.30463631908981,78.1,2.45,86.92191606212981,13.617279743040001,48.32031242214221,44.32029353035645,697.2843692572696,54.921339692097135,54.92134355468334,10.51886404727358,43.27325201832769,27.765406487619988,0.06551892712567961,13.617279743040001,0.22251953136678668,2.2535898479819303,PCM Storage + DSM
2024-02-26 07:00:00,73.96931856314112,77.2,2.05,50.11477540425243,-23.85454315888869,48.22415492520238,42.53813051048245,413.17159187288576,52.1008247722177,52.39420495692635,6.064644374155144,43.665627776577644,4.228736307218394,0.0,0.0,0.22266376761219644,2.2992167067661513,PCM Storage + DSM
2024-02-26 08:00:00,71.76325879318959,79.3,2.05,58.07320591912262,-13.690052874066971,45.722672672169004,40.57413576835745,413.17159187288576,50.12095189737307,50.33884132260769,7.0277346097150275,42.36334479440635,13.555671315853536,0.0,0.0,0.2264159909917465,2.866471835689714,PCM Storage + DSM
2024-02-26 09:00:00,96.25048930911409,78.3,1.65,65.89266553272098,-30.357823776393104,40.201541957632514,34.09684061176327,413.17159187288576,46.556587444499975,46.93621519744504,7.974007268267514,56.818666456926294,6.184751476751401,0.0,0.0,0.23469768706355124,5.726795906999695,PCM Storage + DSM
2024-02-26 10:00:00,99.58185918914528,82.5,1.55,185.9320164095926,86.35015722044731,36.15540641607294,35.29603476565095,958.4200206062428,51.734766576433195,51.21161369825324,22.50058088054557,58.78524341063139,42.55308599817239,0.10445394954032768,81.4999843769224,0.24076689037589058,7.054229209275766,PCM Storage + DSM
2024-02-26 11:00:00,117.02408536708785,79.9,2.15,164.31692111069677,47.29283574360892,38.81115165520031,35.867362948841546,955.3424942717853,53.60601447405041,53.39006468742144,19.884828040313295,69.08175243187897,49.15963265330482,0.12004363122004752,42.44266290008401,0.23678327251719952,7.539105110258661,PCM Storage + DSM
2024-02-26 12:00:00,117.86550138985046,80.9,2.75,150.0772195710122,32.21171818116173,40.56071690336018,36.996683765748976,888.7658836797523,54.37840190271466,54.289264771518084,18.161609186478653,69.57845781688044,49.47833361234794,0.12079568017419268,27.361545337636823,0.23415892464495974,6.862919792875855,PCM Storage + DSM
2024-02-26 13:00:00,108.98207437888856,81.5,2.95,133.33467636817758,24.352601989289028,42.61779455150193,38.79774765983528,819.2057584569499,54.697218607903125,54.660425665103126,16.13550870762657,64.3343860209514,46.113581062607395,0.1128557648266291,19.502429145764125,0.2310733081727471,5.551622142937831,PCM Storage + DSM
2024-02-26 14:00:00,97.37356847716326,77.4,3.05,117.07623502881088,19.702666551647624,44.6153928773747,40.689671736619026,853.0992107996351,54.82881589671219,54.81362895248691,14.167991862425765,57.48164345696183,41.716657467320395,0.10248020210093156,14.852493708122713,0.22807691068393796,4.271325425863783,PCM Storage + DSM
2024-02-26 15:00:00,97.20802643482789,78.4,2.95,115.81031700928753,18.602290574459644,44.77093027875949,40.80159020445758,822.6842307182538,54.88313502786205,54.876866345409674,14.01479667132066,57.38392054505179,41.653955538397035,0.10233224233259176,13.752117730934739,0.22784360458186076,4.210511791341384,PCM Storage + DSM
2024-02-26 16:00:00,108.93548243363944,81.8,2.55,129.1718160968813,20.23633366324185,43.12926564120897,39.14192107309597,797.9691878646988,54.90555621932865,54.90296870869414,15.631739770799832,64.30688182626427,46.09593355265647,0.11281412142699292,15.386160819716935,0.23030610153818654,5.351902051525671,PCM Storage + DSM
2024-02-26 17:00:00,119.32457249348367,80.6,2.0,67.36673042277037,-51.9578420707133,41.649252876423844,34.342036578617765,413.17159187288576,49.37350091290052,49.9488204255153,8.15239137296449,70.43977784724441,0.0,0.0,0.0,0.23252612068536424,6.487819303043584,PCM Storage + DSM
2024-02-26 18:00:00,119.92354191409841,81.4,1.8,78.46806375858982,-41.45547815550859,36.03057670222921,29.315838618977633,413.17159187288576,44.717335237157876,45.2250872240148,9.495820296223428,70.79336195857823,4.07483640679466,0.0,0.0,0.24095413494665618,8.495203435029387,PCM Storage + DSM
2024-02-26 19:00:00,129.79226698601062,83.0,1.3,91.7566898998022,-38.03557708620842,29.947230439202702,25.0,413.17159187288576,40.18322473940047,40.67552880210593,11.103944669074876,76.61907570030556,11.241509374934381,0.0,0.0,0.25007915434119593,9.194289084036667,PCM Storage + DSM
2024-02-26 20:00:00,132.48136428261316,83.8,0.55,94.7785883401785,-37.702775942434656,29.0,25.0,413.17159187288576,38.07063628332427,38.31043292444128,11.46964,78.20650578468866,12.595256396796486,0.0,0.0,0.2515,9.38478069416264,PCM Storage + DSM
2024-02-26 21:00:00,139.32272506574853,83.1,0.4,244.16982827010347,104.84710320435494,29.0,25.0,1078.1905191855233,48.422336082098255,47.355356176846,29.548235294117646,82.24510339846367,118.06809105369538,0.309990527188535,39.364453134863695,0.2515,9.86941240781564,PCM Storage + DSM
2024-02-26 22:00:00,133.9502804431315,85.5,-0.1,211.1994633443758,77.2491829012443,33.05091388555046,31.20505926397045,961.9570037801803,52.23875217614597,51.798321570059215,25.55832340590255,79.07363755697128,116.03318417372846,0.3051886916513695,11.766532831753056,0.24542362917167432,9.488836506836552,PCM Storage + DSM
2024-02-26 23:00:00,137.317537102175,83.6,-0.55,199.86339335797146,62.54585625579645,36.38036907014221,33.97651526640098,1011.1403570109758,54.9967479540027,54.69193123694124,24.186487804255965,81.06139922299889,114.55726272297294,0.12273299695959694,0.0,0.2404294463947867,9.727367906759866,PCM Storage + DSM
2024-02-27 00:00:00,123.8657802757282,84.5,-0.5,145.820573724606,21.954793448877794,41.08371098619553,36.99210519279595,802.355583224657,54.904293496223275,54.90149442564758,17.646490779243653,70.56553522053981,45.276947722462154,3.2835352967134677,21.954793448877794,0.23337443352070672,6.738848717903462,PCM Storage + DSM
2024-02-27 01:00:00,134.64586488711922,82.9,-0.15,159.26157486900632,24.615709981887107,39.43227830432481,35.43791970829795,875.2757659018203,54.91428911088142,54.91313538992967,19.273054827787377,76.70687981653857,49.21741720731239,3.5693025864707035,24.615709981887107,0.2358515825435128,8.085390700563323,PCM Storage + DSM
2024-02-27 02:00:00,127.57918803780325,86.2,-1.05,150.8625090868504,23.283321049047146,40.4642320688413,36.46656124028037,787.9998356421607,54.918415623466565,54.91793940456146,18.256641072901253,72.6810396450841,46.634318327494405,3.3819733433694616,23.283321049047146,0.23430365189673805,7.211020827398735,PCM Storage + DSM
2024-02-27 03:00:00,119.41835570884595,84.1,-1.75,141.2233548357956,21.80499912694964,41.648549679171744,37.64951108628759,794.721144347137,54.920118915240025,54.91992234738214,17.090157892467552,68.0318661618505,43.651270241836954,3.1656393329346,21.80499912694964,0.23252717548124238,6.266326881701309,PCM Storage + DSM
2024-02-27 04:00:00,120.07229360673732,82.6,-1.9,141.97919820992954,21.906904603192217,41.5556827537835,37.55607959174035,826.3660366133862,54.92082197933858,54.920740842444744,17.18162635121465,68.40441035979586,43.89030568770953,3.18297445297183,21.906904603192217,0.23266647586932476,6.338756487822394,PCM Storage + DSM
2024-02-27 05:00:00,120.90578600599555,87.4,-2.4,142.95452399665265,22.048737990657102,41.43584905520988,37.4360128571637,742.9839592083374,54.92111218160129,54.92107869089933,17.299655495268578,68.87924559778479,44.194974109482516,3.205069350419815,22.048737990657102,0.2328462264171852,6.432281852683157,PCM Storage + DSM
2024-02-27 06:00:00,129.37990886522564,85.3,-3.0,152.9264839093615,23.546575044135864,40.21064117633005,36.21070878851179,810.2320524482552,54.921231967767916,54.92121814388258,18.50641318491351,73.70689867319483,47.29254001377824,3.429708322176414,23.546575044135864,0.23468403823550493,7.424949417624903,PCM Storage + DSM
2024-02-27 07:00:00,136.9733505233516,85.3,-3.15,79.88274276695738,-57.09060775639422,39.1126239239045,31.43557438628146,413.17159187288576,48.76997727026246,49.40980855449691,9.667017812726789,78.03283335490288,0.0,0.0,0.0,0.23633106411414326,8.374815819014618,PCM Storage + DSM
2024-02-27 08:00:00,153.4017486733888,89.5,-3.2,101.89467612507595,-51.50707254831285,30.58555160567772,25.0,413.17159187288576,42.925572090035786,43.55954827169723,12.330794048931654,87.39198570265314,8.632725505545977,0.0,0.0,0.24912167259148343,10.487038284318377,PCM Storage + DSM
2024-02-27 09:00:00,156.2207484276697,88.4,-2.75,102.73445524464606,-53.48629318302363,29.0,25.0,413.17159187288576,39.7526990124517,40.10855334337863,12.432420000000002,88.99795166035827,7.758668778042598,0.0,0.0,0.2515,10.679754199242993,PCM Storage + DSM
2024-02-27 10:00:00,111.47960437052622,84.8,-1.8,244.16982827010347,132.69022389957723,29.0,29.25630086391953,1045.342420930767,49.092329432957825,48.135348705509436,29.548235294117646,63.509210785003994,51.23895908844352,3.8008158253280238,121.3550413515807,0.2515,7.621105294200479,PCM Storage + DSM
2024-02-27 11:00:00,97.7890898098333,78.4,-0.55,163.18347824137842,65.39438843154512,38.9504124570793,36.88248293650283,988.176439255232,52.51530357198719,52.12027792153962,19.747664342274362,55.70981303956232,46.23463335232603,3.437896480775091,54.059205883548586,0.23657438131438105,6.03323488474395,PCM Storage + DSM
2024-02-27 12:00:00,96.27252128402426,82.7,0.85,133.53886018515414,37.26633890112987,42.592707444906104,39.390198824944335,795.3990997581352,53.928191498928896,53.765137606752305,16.160218031911306,54.845833742906564,45.68027851996042,3.397694043319858,25.93115635313334,0.23111093883264083,4.741079832972571,PCM Storage + DSM
2024-02-27 13:00:00,117.94349951316573,81.4,2.0,147.54682897131855,29.603329458152814,40.87161411178528,37.200792921212326,869.7037619572033,54.511386223440034,54.44408281746725,17.85539372425102,67.19165011033222,53.601721764343885,3.9721660385012307,18.268146910156283,0.23369257883232208,6.50215716867206,PCM Storage + DSM
2024-02-27 14:00:00,112.55453918471478,79.9,2.95,136.45722654890773,23.902687364192943,42.23414147656804,38.37001590895822,865.4648722835633,54.752110261247424,54.7243295784617,16.513384418608513,64.12159420778272,51.63188251958593,3.829311075559342,12.5675048161964,0.23164878778514794,5.680862330214202,PCM Storage + DSM
2024-02-27 15:00:00,103.63292371529158,80.1,2.75,123.99693956674332,20.36401585145174,43.76507841547362,39.82116301402201,815.2438193969546,54.85147340693923,54.84000643398464,15.005501588900575,59.03900748180979,48.370743597199166,3.5928096041089876,9.0288333034552,0.22935238237678957,4.688259806700113,PCM Storage + DSM
2024-02-27 16:00:00,97.87317514998544,79.1,2.65,116.40880962074775,18.535634470762304,44.697396302547055,40.72054622221186,808.342310992504,54.892487319848364,54.88775412197287,14.087223312361889,55.75771591490714,46.26536926293686,3.440125483666052,7.200451922765765,0.22795390554617942,4.115790491857605,PCM Storage + DSM
2024-02-27 17:00:00,86.6431394075329,79.5,2.05,57.31257985019603,-29.33055955733687,46.36245880221318,40.32921260842442,413.17159187288576,51.492057251375186,51.845565216300784,6.935687372696782,49.360037064881446,4.637116507527232,0.0,0.0,0.22545631179668021,3.1504165668117645,PCM Storage + DSM
2024-02-27 18:00:00,84.84058253120853,78.6,1.8,61.18630974837688,-23.654272782831647,43.22270821995724,37.536561575432806,413.17159187288576,48.60083700764487,48.91597071337995,7.404467169562949,48.33313205156665,9.606726810217573,0.0,0.0,0.23016593767006413,3.995397977506623,PCM Storage + DSM
2024-02-27 19:00:00,92.69627857562186,79.6,1.6,69.8811791366204,-22.815099439001457,39.19542462331228,33.47900465520024,413.17159187288576,45.66662631303163,45.98466866577404,8.45667762634074,52.80847136376351,13.52565627005788,0.0,0.0,0.23620686306503158,5.641394453542695,PCM Storage + DSM
2024-02-27 20:00:00,105.16864444722151,81.6,1.45,81.53465751517514,-23.63398693204637,34.45750389323446,28.608488691516982,413.17159187288576,42.51001980665232,42.85131346401069,9.866924435146027,59.91389766662664,17.596449444010243,0.0,0.0,0.2433137441601483,7.189667719995197,PCM Storage + DSM
2024-02-27 21:00:00,116.61272063014084,81.1,1.8,238.91289241267253,122.30017178253169,29.645895018398708,30.259240600393905,1109.2267485490827,50.159521203331096,49.37774865549591,28.912066694819533,66.43351397352507,96.98233228239404,8.328051737024253,62.70677293346767,0.25053115747240196,7.972021676823008,PCM Storage + DSM
2024-02-27 22:00:00,99.52408555907788,81.4,2.15,156.53975770434704,57.015672145269164,39.7666951957085,37.345035442338045,898.2237771442466,52.95580508530733,52.63310216387711,18.943673861356288,56.6982289150226,90.7358836261273,5.297325534065164,0.0,0.23534995720643725,5.862587164536468,PCM Storage + DSM
2024-02-27 23:00:00,82.53065021115815,77.4,2.3,125.5672141816039,43.036563970445755,45.02051040651274,42.20073247217208,926.4181107458005,54.994531348991345,54.76932582176383,15.195528522715483,47.0171785240893,73.2041851390474,2.1877898998885343,0.0,0.2274692343902309,3.3794508050667624,PCM Storage + DSM
2024-02-28 00:00:00,72.93630705189194,77.8,1.7,85.89294631149995,12.95663925960801,48.44673710260989,44.37265854367683,699.0397820323728,54.91552062348427,54.91456592269606,10.394343173758827,50.99248165709465,19.022133483319195,0.0,12.95663925960801,0.22232989434608516,2.6169126084208414,PCM Storage + DSM
2024-02-28 01:00:00,77.92482169924115,79.7,1.95,92.40766028891886,14.482838589677712,47.6463047940514,43.648225104945574,688.700894911561,54.91892347056678,54.918530631328814,11.182721913435488,54.48013755760688,20.3231616727209,0.0,14.482838589677712,0.2235305428089229,3.0575436089520456,PCM Storage + DSM
2024-02-28 02:00:00,94.24655681018689,79.0,1.65,111.59118463902422,17.344627828837332,45.28931525697179,41.29010833425133,790.7934980715319,54.92032853819382,54.920166386799096,13.504217961015552,65.89126888435081,24.579947305408535,0.0,17.344627828837332,0.22706602711454232,4.629791263336418,PCM Storage + DSM
2024-02-28 03:00:00,86.72258553717693,81.2,1.55,102.72378666330309,16.001201126126162,46.37881079848217,42.37913815529868,704.738823862987,54.9209085049564,54.92084157407237,12.431128940600855,60.63098107111533,22.617660048692507,0.0,16.001201126126162,0.22543178380227674,3.8638387285797715,PCM Storage + DSM
2024-02-28 04:00:00,105.34141910186712,78.3,1.75,124.63404700035944,19.292627898492327,43.68680001742626,39.68693513979853,860.192638735335,54.921147896595265,54.92112026967757,15.082601206365577,73.64809925819985,27.473539811281253,0.0,19.292627898492327,0.2294697999738606,5.882951242565133,PCM Storage + DSM
2024-02-28 05:00:00,94.22642576115024,82.6,1.8,111.54938514018336,17.322959379033122,45.29445096507344,41.29450673924575,714.3228139758066,54.92124670976952,54.92123530626584,13.499159590635903,65.87719452015233,24.57469703270605,0.0,17.322959379033122,0.22705832355238983,4.626772384434231,PCM Storage + DSM
2024-02-28 06:00:00,118.78552436688189,78.2,2.5,140.45544929634016,21.669924929458276,41.742898626160304,37.74292164794597,920.3589362389233,54.92128749667188,54.921282789672084,16.997229729621875,83.04737266307032,30.979825984132823,0.0,21.669924929458276,0.23238565206075953,7.602373101309044,PCM Storage + DSM
2024-02-28 07:00:00,112.48458384992969,83.1,1.95,69.95254875761897,-42.53203509231072,42.65415944623784,35.82456091397671,413.17159187288576,50.18771362587343,50.68008311530615,8.465314427902419,78.64215108385692,0.0,0.0,0.0,0.23101876083064324,6.769126561523312,PCM Storage + DSM
2024-02-28 08:00:00,109.4772969705212,81.1,2.05,73.92818285175154,-35.54911411876965,38.35548891132224,31.97048996157926,413.17159187288576,46.0997045686227,46.54498016770252,8.946426170860255,76.53964511345241,0.0,0.0,0.0,0.23746676663301663,8.562265572247345,PCM Storage + DSM
2024-02-28 09:00:00,110.8195118267705,77.2,2.9,74.58906545049554,-36.230446376274955,34.07337342463464,27.640835252073543,413.17159187288576,41.94156030095004,42.39221287949181,9.02640294222397,77.47803737930263,0.0,0.0,0.0,0.24388993986304805,9.297364485516317,PCM Storage + DSM
2024-02-28 10:00:00,104.26791166737078,82.3,3.15,229.00933410720748,124.7414224398367,30.86269871306032,31.707023794519692,1063.5937709076898,49.95565243610067,49.140410874051355,27.71358663226577,72.89757033269004,33.392918250608545,0.0,118.54206818956251,0.24870595193040954,8.747708439922805,PCM Storage + DSM
2024-02-28 11:00:00,109.45761394769944,78.3,3.8,169.89113470341337,60.43352075571393,38.12627421163464,35.77218889844421,1010.2512165734926,52.871655022341216,52.535136116157894,20.55939203531704,76.52588398102381,34.746417125248065,0.0,54.23416650543974,0.23781058868254804,8.66597129982063,PCM Storage + DSM
2024-02-28 12:00:00,83.35910027679252,76.3,5.15,115.4389956875142,32.079895410721676,44.8165527855701,41.49592873652861,875.9333005044487,54.075281924130316,53.93637773553816,13.969861185789073,58.279443580712446,27.93980145150667,0.0,25.88054116044749,0.22777517082164483,4.2602671473117315,PCM Storage + DSM
2024-02-28 13:00:00,77.81249189833183,74.3,6.35,99.11414237569508,21.301650477363253,46.82231083857906,43.10273539523832,861.7002066614813,54.57210042332752,54.51476523879839,11.994307489343077,54.40160362102659,26.493219780190223,0.0,15.102296227089063,0.2247665337421314,3.322095669225844,PCM Storage + DSM
2024-02-28 14:00:00,84.44510928367633,74.3,7.0,102.87734869297125,18.432239409294922,46.3599433531361,42.47569359699496,879.6162765259529,54.7771711315449,54.753505010182344,12.449712264417006,59.03871281987975,28.223037731598755,0.0,12.232885159020721,0.22546008497029585,3.769051492568702,PCM Storage + DSM
2024-02-28 15:00:00,82.21548958787866,79.0,3.65,98.58394351434004,16.36845392646137,46.88745388247331,42.935231862807846,733.3853353941838,54.8618177287162,54.85204911447091,11.930145423050996,57.4799028658829,27.641542380588916,0.0,10.169099676187177,0.22466881917629003,3.487609011373172,PCM Storage + DSM
2024-02-28 16:00:00,80.91694381888644,75.7,4.3,96.36657418125245,15.449630362366008,47.159891638046616,43.17961285269588,806.6248148356684,54.89675712340089,54.89272495341361,11.661810259561614,56.57204128112891,27.302875508760646,0.0,9.250276112091825,0.22426016254293007,3.3400500987792516,PCM Storage + DSM
2024-02-28 17:00:00,76.42018537104207,75.9,4.95,48.521904267690346,-27.89828110335172,47.845136549979316,41.957451006179326,413.17159187288576,51.73969254116484,52.06791503982181,5.871882920089331,53.42819040717462,0.0,0.0,0.0,0.22323229517503101,2.9347667253563317,PCM Storage + DSM
2024-02-28 18:00:00,89.9939193685681,77.7,4.05,60.49038292224103,-29.503536446327068,42.7250859166514,36.73013657617439,413.17159187288576,48.33692566774394,48.70423871925196,7.3202495176448625,62.91809207431933,0.0,0.0,0.0,0.23091237112502289,5.388902151894748,PCM Storage + DSM
2024-02-28 19:00:00,100.08654386250292,78.8,3.85,70.80244382738117,-29.284100035121753,37.86275890273319,31.808688622837153,413.17159187288576,44.82746064280921,45.20746430471059,8.568164561657943,69.97422077319573,0.0,0.0,0.0,0.2382058616459002,8.034681201180133,PCM Storage + DSM
2024-02-28 20:00:00,100.98587509071545,79.1,3.65,77.61599208874864,-23.369883001966812,34.223235733398816,28.43302188311091,413.17159187288576,41.756864447236154,42.091735435887635,9.392706760999626,70.60297664269228,2.9677103524469146,0.0,0.0,0.24366514639990178,8.472357197123074,PCM Storage + DSM
2024-02-28 21:00:00,92.16400805155902,78.1,3.85,216.26587916732547,124.10187111576644,32.42842716896746,33.316027394801395,1131.2088991425553,49.86644146697163,49.03655186386092,26.171436204871117,64.43528168583823,69.46013910044849,0.0,78.67854076500066,0.2463573592465488,7.732233802300588,PCM Storage + DSM
2024-02-28 22:00:00,85.491006966743,77.4,3.45,142.40773604219356,56.91672907545056,41.50303032305935,39.17851443174429,947.7124152403875,52.834831428079234,52.49226672464313,17.233485898276136,59.76993874253347,67.71978888941584,0.0,11.493398724684752,0.23274545451541098,5.557517569713848,PCM Storage + DSM
2024-02-28 23:00:00,72.35590788357788,79.0,2.15,115.32095824141943,42.96505035784155,46.370972484369354,43.62471434205786,844.3157452038174,55.000508498835856,54.761288981593864,13.955576872876886,50.5867030381828,61.83581299583645,0.0,0.0,0.22544354127344596,3.2261247511072884,PCM Storage + DSM
2024-02-29 00:00:00,82.83604372495897,74.9,4.45,97.496614629918,14.66057090495903,47.02104887561299,42.94184054619992,835.437338572661,54.915711160597326,54.91478754214093,11.798562213337421,72.31266042860307,17.209334561192648,0.0,14.66057090495903,0.2244684266865805,4.3296270245485475,PCM Storage + DSM
2024-02-29 01:00:00,79.25096701158208,79.7,3.2,93.96702624375719,14.716059232175112,47.45471282309994,43.45656993688921,696.1615131487109,54.91900208771238,54.91862215604719,11.371428734706743,69.18302719979157,16.464528534568586,0.0,14.716059232175112,0.2238179307653501,3.9622311743357916,PCM Storage + DSM
2024-02-29 02:00:00,87.41722982607172,77.1,3.55,103.55220185598324,16.134972029911538,46.27702731459934,42.27779433362075,802.5749352504079,54.920360988824285,54.92020416526179,12.531379684961689,76.31185860361425,18.1610840745193,0.0,16.134972029911523,0.225584459028101,4.909739852272279,PCM Storage + DSM
2024-02-29 03:00:00,80.42251205130312,76.4,4.65,95.3081284380707,14.88561638676758,47.2899378952784,43.29025449608383,782.1455620369064,54.92092189953368,54.920857167807554,11.533722345968151,70.20574068083913,16.70791908819048,0.0,14.88561638676758,0.2240650931570824,4.090212612713565,PCM Storage + DSM
2024-02-29 04:00:00,82.58198346754614,76.8,4.85,97.84533221061076,15.263348743064626,46.97820358430529,42.978334266941914,783.8032989273582,54.92115342544627,54.92112670627028,11.84076230496425,72.09087565597804,17.156553093465423,0.0,15.263348743064626,0.22453269462354206,4.334880475520242,PCM Storage + DSM
2024-02-29 05:00:00,83.72446585439833,76.4,4.9,99.18818724199235,15.46372138759402,46.81321329362579,42.81326723521793,800.8716646559712,54.92124899190152,54.92123796308445,12.003268035972338,73.0882185657917,17.3939058295629,0.0,15.46372138759402,0.22478018005956132,4.467204559671476,PCM Storage + DSM
2024-02-29 06:00:00,74.43708567860946,76.4,4.85,88.25585689767748,13.818771219068012,48.15641737683726,44.15643964219273,746.4909156711702,54.921288438662636,54.92128388632142,10.680291026013935,64.98069509263958,15.464436175352686,0.0,13.818771219068012,0.2227653739347441,3.4479728757738215,PCM Storage + DSM
2024-02-29 07:00:00,76.49416351234163,75.2,4.6,47.287304445280235,-29.206859067061394,47.85896940456081,41.9128269754454,413.17159187288576,51.66562933924435,52.00427134605883,5.722477703625423,66.77644443286381,0.0,0.0,0.0,0.22321154589315878,3.662433129692718,PCM Storage + DSM
2024-02-29 08:00:00,71.78538036499096,76.7,5.0,54.33463091013219,-17.450749454858766,45.284278094665325,39.97677014867401,413.17159187288576,49.41079045068274,49.65912448607074,6.575310594786549,62.66585897447474,0.0,0.0,0.0,0.22707358285800203,4.405054660223202,PCM Storage + DSM
2024-02-29 09:00:00,75.54648025741565,74.7,5.75,55.71610844969706,-19.830371807718592,42.485522062380525,37.02442106611484,413.17159187288576,46.917019544735936,47.186528004002994,6.742490232343757,65.94915362652263,0.0,0.0,0.0,0.23127171690642923,5.74330521190104,PCM Storage + DSM
2024-02-29 10:00:00,79.41497570340759,74.6,6.05,159.26137515323504,79.84639944982744,39.43230284246361,38.417915803320135,1081.8506403290962,51.8578383172119,51.35488942570965,19.273030659164075,69.32620044064184,19.82004822324516,0.0,76.52495285689093,0.23585154573630457,7.307410166543168,PCM Storage + DSM
2024-02-29 11:00:00,82.98081784382555,75.9,6.7,123.24519315736427,40.26437531353872,43.85744196604475,40.87285970915247,918.8478135546233,53.6568141892083,53.44920483709165,14.914528924738038,72.43904263163549,20.560858233324893,0.0,36.94292872060221,0.22921383705093287,5.712205930262566,PCM Storage + DSM
2024-02-29 12:00:00,74.91450263433045,73.9,7.35,99.10902000875906,24.194517374428614,46.822940199746114,43.24206910581735,874.4046404407609,54.39937039237278,54.313675924484606,11.993687605614769,65.3974616190147,18.88506698504716,0.0,20.873070781492103,0.22476558970038082,3.993323266089126,PCM Storage + DSM
2024-02-29 13:00:00,60.86303307910571,71.4,7.85,76.52631659375237,15.663283514646658,49.59757090350679,45.77057384466539,838.5070208734918,54.70587372648545,54.67050180444845,9.260839575981311,53.13107248720657,15.965849338014426,0.0,12.341836921710149,0.2206036436447398,2.359793981443126,PCM Storage + DSM
2024-02-29 14:00:00,69.05083941172016,71.9,8.0,83.66900559190528,14.618166180185113,48.7199822535793,44.79139230719933,862.2865644803076,54.832388451478664,54.8177880589513,10.125212773298127,60.2787105486211,17.66688058195055,0.0,11.2967195872486,0.22192002661963103,2.994652758443635,PCM Storage + DSM
2024-02-29 15:00:00,70.80642503585554,75.0,7.95,84.70568510375547,13.899260067899931,48.59261031096114,44.62208608590385,766.2806537816766,54.88460966364411,54.87858309088026,10.250666644309804,61.811268857573594,18.031606599731894,0.0,10.577813474963419,0.2221110845335583,3.1180285467574373,PCM Storage + DSM
2024-02-29 16:00:00,72.85381815768628,71.5,8.1,86.69050613243843,13.836687974752152,48.34874467333363,44.36091132584864,894.5358902558602,54.9061649015832,54.903677326046456,10.490859952335397,63.59856381910488,18.456956141156866,0.0,10.515241381815642,0.22247688298999957,3.3012444840501742,PCM Storage + DSM
2024-02-29 17:00:00,65.6140640653633,72.5,7.8,39.922388120896066,-25.691675944467228,49.41728788813712,43.71469719455443,413.17159187288576,52.05843348669303,52.35454315357568,4.8312116450129015,57.27853867397593,0.0,0.0,0.0,0.2208740681677943,2.6059600137177825,PCM Storage + DSM
2024-02-29 18:00:00,72.2344995193528,73.9,7.55,48.92489375037282,-23.309605768979978,45.6121321970158,40.02899698682035,413.17159187288576,49.35098605642607,49.64466640204146,5.920650731164596,63.05792261538428,0.0,0.0,0.0,0.2265818017044763,4.308571720048825,PCM Storage + DSM
2024-02-29 19:00:00,70.26045102369197,73.8,7.1,52.94082066017452,-17.319630363517447,43.19016477260923,37.89322545087386,413.17159187288576,47.122794091200625,47.36652501978829,6.406638513092888,61.334654674072574,0.0,0.0,0.0,0.23021475284108617,5.082128848667133,PCM Storage + DSM
2024-02-29 20:00:00,58.74025025124002,72.8,7.05,133.251744111457,74.51149386021697,42.62798404837484,41.532885077731606,1055.0410301108468,51.933732525477836,51.44324335356629,16.125472652588922,51.27796522987784,28.82467634153742,0.0,57.89020837759362,0.23105802392743774,4.421806405504108,PCM Storage + DSM
2024-02-29 21:00:00,56.68727532815006,71.9,7.25,91.67912459467868,34.991849266528625,47.73581655306787,44.72607840983538,906.356616823226,53.68814075811228,53.48567468674111,11.094558096201858,49.48579757186218,28.39816717103065,0.0,18.37056378390528,0.2233962751703982,2.7506730403408786,PCM Storage + DSM
2024-02-29 22:00:00,65.91371542574186,73.3,7.15,88.25983008126276,22.346114655520907,48.155929210431104,44.56467468429095,838.5486658311653,54.41230099314697,54.32872950624439,10.68077184120833,57.54012271512075,30.314976416236313,0.0,5.724829172897543,0.22276610618435336,3.053333511198055,PCM Storage + DSM
2024-02-29 23:00:00,85.47466637673017,74.8,6.9,105.3897779677081,19.91511159097793,46.051252968348976,42.21996996242627,875.7503995788713,54.71121106288239,54.676715439161484,12.753754135174399,74.61607588927241,34.37879856554556,0.0,3.2938261083545655,0.22592312054747654,4.901715236436713,PCM Storage + DSM
2024-03-01 00:00:00,75.19692056836409,76.5,6.45,90.8597051049895,15.66278453662541,47.836494777174586,43.90613572959412,757.256134658655,54.83459153239591,54.82035284764831,10.995395967705221,53.149715667790424,23.219295738194702,0.0,15.6627845366254,0.22324525783423813,2.9222261826809,PCM Storage + DSM
2024-03-01 01:00:00,87.27436739538886,72.2,6.1,104.07106509361171,16.796697698222843,46.21327702555202,42.24202257237988,956.7076761168989,54.885519024637496,54.879641753219474,12.594169969656297,61.686140563882255,26.948568260519085,0.0,16.796697698222843,0.22568008446167198,3.9923478577527374,PCM Storage + DSM
2024-03-01 02:00:00,72.61133154553718,78.3,5.75,86.39769011495223,13.786358569415043,48.384721602124635,44.396586839944106,689.937671626135,54.90654025657347,54.90411430783358,10.455424793766182,51.322203046817144,22.42091788276288,0.0,13.786358569415043,0.22242291759681304,2.6529304034437016,PCM Storage + DSM
2024-03-01 03:00:00,91.60982631551578,73.3,6.8,108.58845286201026,16.978626546494482,45.658246807395656,41.66314439620672,938.4666342047261,54.9152171454729,54.91421579180553,13.14084208570395,64.75047361306132,28.28727072421508,0.0,16.978626546494482,0.22651262978890652,4.40630334494149,PCM Storage + DSM
2024-03-01 04:00:00,67.47919578755109,75.3,6.85,80.11528436446802,12.636088576916933,49.15661128992848,45.1586328571762,732.0728055240825,54.91879868632657,54.91838535971721,9.695158856555159,47.694773170117934,20.836217644607427,0.0,12.636088576916933,0.22126508306510728,2.2445318724715513,PCM Storage + DSM
2024-03-01 05:00:00,56.05757461970395,72.4,6.9,66.64250971361213,10.584935093908179,50.81194783330584,46.812782271290494,737.4603261053442,54.9202770312766,54.92010642333698,8.064749734066304,39.62189049157265,17.309450887386785,0.0,10.584935093908179,0.21878207825004126,1.4710939518293704,PCM Storage + DSM
2024-03-01 06:00:00,36.62214817886273,71.0,6.8,43.754340063528105,7.1321918846653745,53.62410973867829,49.62445416785865,601.5543183110155,54.92088724455647,54.92081682308251,5.2949356785629815,25.8847935279564,11.30818233919471,0.0,7.1321918846653745,0.21456383539198257,0.5243053343241071,PCM Storage + DSM
2024-03-01 07:00:00,40.13370237036969,71.4,6.9,31.621299982556234,-8.512402387813456,53.1168912368207,48.38766460004694,413.17159187288576,53.70099365939207,53.82787982491558,3.826654664133429,28.366784883718818,3.880077215910463,0.0,0.0,0.21532466314476895,0.660907865791144,PCM Storage + DSM
2024-03-01 08:00:00,57.9256786271205,73.1,6.9,41.12148213866924,-16.804196488451254,49.3239841227537,44.109290000887626,413.17159187288576,51.64365241127488,51.862818154974995,4.97632012310765,40.94227962561681,1.0820873209496327,0.0,0.0,0.22101402381586946,1.8856415307413543,PCM Storage + DSM
2024-03-01 09:00:00,68.5701952910457,74.3,7.1,49.41757323154121,-19.152622059504495,45.727270014102444,40.343890458956494,413.17159187288576,49.285717198593154,49.539908418599786,5.980272386048358,48.465899340792994,2.0204742754854017,0.0,0.0,0.22640909497884634,3.278057980754699,PCM Storage + DSM
2024-03-01 10:00:00,66.93694923324487,73.1,7.35,125.29551014303107,58.35856090978619,43.60552914779941,41.72114498159334,1014.8355577906395,52.774191184916766,52.42168617757245,15.16264823230863,47.311509467756444,23.845155745299124,0.0,55.18218798580267,0.2295917062783009,3.8022758072368554,PCM Storage + DSM
2024-03-01 11:00:00,69.54739349298832,71.7,8.0,99.97541925757479,30.428025764586465,46.716489793286726,43.42817419512325,955.961832217931,54.03505437965363,53.88954552428813,12.098534994188652,49.15658994609654,24.65120839768069,0.0,27.251652840602947,0.2249252653100699,3.0330137666274166,PCM Storage + DSM
2024-03-01 12:00:00,66.79895531282162,73.7,8.3,86.4782586212699,19.679303308448283,48.374822528161836,44.668580813889285,815.7464910822986,54.55549578595372,54.49543440717942,10.465174799321073,47.21397438814222,23.80254599979143,0.0,16.502930384464765,0.22243776620775724,2.4433734494912898,PCM Storage + DSM
2024-03-01 13:00:00,71.79344708980756,71.4,8.55,88.12107040792883,16.32762331812127,48.17297795977704,44.294231938406774,906.3313611706187,54.77031727092693,54.74552586420262,10.663979825970188,50.744116524888156,25.34474454669052,0.0,13.151250394137755,0.22274053306033442,2.6875166098609786,PCM Storage + DSM
2024-03-01 14:00:00,93.26690322133413,72.9,7.8,111.64760508897837,18.380701867644234,45.28238314127749,41.332432886429785,965.748377751933,54.858988675343134,54.84875557946833,13.511045687202921,65.92170729814072,31.975315648146374,0.0,15.204328943660721,0.22707642528808375,4.634671852754785,PCM Storage + DSM
2024-03-01 15:00:00,97.95143580454346,79.8,6.3,116.43975826369733,18.488322459153864,44.693593788145236,40.71425271429447,792.3475099721448,54.89558938109714,54.89136548802212,14.090968565370364,69.23276808297324,33.42180503391661,0.0,15.311949535170353,0.22795960931778214,5.112039403201213,PCM Storage + DSM
2024-03-01 16:00:00,91.33076160087099,74.4,6.3,108.3491136092023,17.01835200833132,45.687653297276526,41.69618063799207,901.4828090058178,54.910696976048534,54.908953488747386,13.111878422964816,64.55322869765553,31.377474080476194,0.0,13.841979084347798,0.22646852005408522,4.381491022848468,PCM Storage + DSM
2024-03-01 17:00:00,67.52142247136126,72.4,6.95,40.21866364160987,-27.30275882975139,49.145984444823085,43.356138685026124,413.17159187288576,51.916850032088306,52.228188430003904,4.86706545569853,47.72461928909649,0.0,0.0,0.0,0.22128102333276536,2.24897941356876,PCM Storage + DSM
2024-03-01 18:00:00,74.04150232475268,74.6,6.8,50.83240951414001,-23.209092810612674,45.20922630144307,39.61957208857184,413.17159187288576,49.19545997027149,49.491210879136325,6.151488935107965,52.333057875673866,0.0,0.0,0.0,0.22718616054783541,3.702283454193319,PCM Storage + DSM
2024-03-01 19:00:00,84.73476721693469,75.8,6.25,60.28919000699096,-24.44557720994373,40.94141358040739,35.21049117425959,413.17159187288576,46.24085405233316,46.56022834027365,7.2959021376207325,59.89113318360004,1.718813624763218,0.0,0.0,0.2335878796293889,5.770601627977031,PCM Storage + DSM
2024-03-01 20:00:00,83.58402042332985,75.4,6.0,64.41964941636977,-19.16437100696008,38.15322464873067,32.67585623030127,413.17159187288576,43.70570186004558,43.98240828123647,7.795750081020672,59.077777205410555,6.644692376588832,0.0,0.0,0.23777016302690399,6.680553571456277,PCM Storage + DSM
2024-03-01 21:00:00,91.27315354800302,75.1,6.05,199.35573751175326,108.08258396375024,34.50609685183254,34.66834327936872,1173.1909497339207,50.61345004936039,49.90620127683202,24.125053783112712,64.5125109181645,64.70209325473698,0.0,71.56380365813877,0.2432408547222512,7.741501310179739,PCM Storage + DSM
2024-03-01 22:00:00,101.29407765906782,77.8,5.7,154.92857245615255,53.63449479708473,39.96465395985346,37.39253526639578,978.215601005757,53.14317179341647,52.851231244515716,18.748696123306694,71.5953710034706,67.79635294976376,0.0,17.115714491473256,0.2350530190602198,7.317911519500773,PCM Storage + DSM
2024-03-01 23:00:00,99.82407059559739,77.8,5.6,143.4036337336891,43.579563138091714,42.7069629964795,39.78051806844038,976.202640009115,54.997322054163575,54.79256849196333,17.354004553368224,70.55635960695915,67.34244435236415,0.0,7.060782832480243,0.23093955550528075,6.0507879521757975,PCM Storage + DSM
2024-03-02 00:00:00,82.83017032846064,75.1,5.65,97.51563590363105,14.685465575170412,47.018711821049635,42.94790639234441,829.5794908884993,54.9197080545247,54.91944112490496,11.800864074608524,55.00779072992219,27.88657728098335,0.0,14.685465575170412,0.22447193226842554,3.294291668176487,PCM Storage + DSM
2024-03-02 01:00:00,75.83990307071552,75.0,5.1,89.91956087806422,14.079657807348696,47.952005882734106,43.95253829355373,794.1817264687634,54.92065194811281,54.92054289499389,10.881624323500008,50.36553106855157,25.533151864558036,0.0,14.079657807348696,0.22307199117589885,2.7342421729273627,PCM Storage + DSM
2024-03-02 02:00:00,72.26733747104174,76.8,5.15,85.70685109000561,13.439513618963872,48.46960174843605,44.46982190853928,722.7092870799296,54.92104199817035,54.920996984563004,10.371822842599226,47.99297840933954,24.330370000273334,0.0,13.439513618963872,0.22229559737734592,2.4563953146622595,PCM Storage + DSM
2024-03-02 03:00:00,86.04728492565295,74.8,5.2,101.92312874256343,15.87584381691049,46.47718387673007,42.4772747517498,859.6805279221933,54.92120299830339,54.921184418133066,12.334237245178342,57.144287199925536,28.969688839013752,0.0,15.87584381691049,0.2252842241849049,3.607912960200865,PCM Storage + DSM
2024-03-02 04:00:00,87.62836903372491,78.0,4.85,103.78280646271314,16.15443742898823,46.24869400965781,42.24873151994513,780.8445676260241,54.921269453983605,54.92126178468648,12.559286323664097,58.1942903980156,29.501995171267346,0.0,16.15443742898823,0.22562695898551327,3.7539877377593887,PCM Storage + DSM
2024-03-02 05:00:00,125.42955374536888,77.7,4.45,148.27550571160845,22.845951966239568,40.782085023103136,36.78210050614415,959.4735890748682,54.92129688475245,54.92129371911309,17.943574610185948,83.29818249090404,42.22858567076531,0.0,22.845951966239568,0.2338268724653453,8.105537048205123,PCM Storage + DSM
2024-03-02 06:00:00,134.5614089252966,85.6,1.45,159.02377693681652,24.462368011519914,39.46149541938049,35.46150181028218,823.3781270003884,54.921308207292164,54.92130690061799,19.244277688111357,89.36267779160754,45.30302321186865,0.0,24.462368011519914,0.23580775687092925,9.403726402707205,PCM Storage + DSM
2024-03-02 07:00:00,124.578376843247,81.3,3.15,69.86424111868378,-54.71413572456322,40.90521801018564,33.43318506186126,413.17159187288576,49.11301887673759,49.71717662136889,8.454627870468146,82.73291308821666,0.0,0.0,0.0,0.23364217298472154,7.989409197222637,PCM Storage + DSM
2024-03-02 08:00:00,92.64041023148712,76.8,3.2,64.13866665374803,-28.50174357773909,39.71568597740551,33.80488617876533,413.17159187288576,45.79599301385794,46.16562703901723,7.761746924929026,61.52280357434939,2.6876642071039605,0.0,0.0,0.23542647103389172,6.38027673917672,PCM Storage + DSM
2024-03-02 09:00:00,61.33142391642974,77.8,3.2,147.10046728011187,85.76904336368213,40.92645647634388,40.34331183789937,953.0154761837205,51.43825949300183,50.86642681701248,17.80137722118224,40.730401960840815,25.344807796228004,0.0,81.07279256083021,0.23361031528548418,3.9280913319215003,PCM Storage + DSM
2024-03-02 10:00:00,47.33388962901902,74.3,4.0,84.70253356410295,37.36864393508393,48.59299752583632,45.74748869548221,787.1286813680257,53.48362611333803,53.24758227486087,10.250285260435101,31.434593033206212,20.632233620644417,0.0,32.67239313223202,0.22211050371124552,1.5856242084269585,PCM Storage + DSM
2024-03-02 11:00:00,44.71035831490502,72.2,5.25,64.96732353521041,20.25696522030539,51.01777009115031,47.494303517042255,732.6964274414601,54.327883921101915,54.230452611137686,7.8620269172811295,29.692297189458635,19.748964777299044,0.0,15.560714417453472,0.21847334486327452,1.065756889855398,PCM Storage + DSM
2024-03-02 12:00:00,42.75388251155229,74.1,6.7,55.79307757506337,13.03919506351108,52.14496660332524,48.34166428521933,607.0814907527962,54.67636640879263,54.63614989558067,6.751804658466014,28.3929951219606,19.09027467111894,0.0,8.34294426065916,0.21678255009501216,0.8270936372924539,PCM Storage + DSM
2024-03-02 13:00:00,68.77208679276588,70.6,7.65,83.58106446298677,14.808977670220898,48.730787167053855,44.81197764807644,913.0099756069851,54.82020877913024,54.80360869507592,10.114570569108839,45.671770845757436,27.849868687686737,0.0,10.112726867368972,0.2219038192494192,2.266017561486678,PCM Storage + DSM
2024-03-02 14:00:00,73.692209385364,74.6,8.3,88.20147866673062,14.509269281366628,48.16309857467388,44.196611395695484,797.0142572950821,54.87958228636571,54.87273030521165,10.673710439156505,48.93924057165519,29.50633490484305,0.0,9.813018478514717,0.22275535213798917,2.594827468572225,PCM Storage + DSM
2024-03-02 15:00:00,80.60378577041078,73.3,8.65,95.85339120515623,15.249605434745447,47.22294402003812,43.23677703541976,878.1115693168151,54.90408976182769,54.90126148423693,11.599707372263628,53.529241363575466,31.8332673285085,0.0,10.553354631893534,0.22416558396994282,3.1401503362594094,PCM Storage + DSM
2024-03-02 16:00:00,65.36657223832707,71.5,8.15,77.71922253800408,12.35265029967701,49.45100415289269,45.45671397703505,842.0549008313942,54.91420566000325,54.9130382379175,9.405199203762631,43.41015733952627,26.703328188889277,0.0,7.656399496825088,0.22082349377066096,1.9662185848701517,PCM Storage + DSM
2024-03-02 17:00:00,72.07503956724216,72.3,7.45,41.178590061317834,-30.896449505924323,48.49096491223423,42.50389109744154,413.17159187288576,51.59030523786069,51.93599810045003,4.983231043869375,47.8652727338826,0.0,0.0,0.0,0.22226355263164865,2.443723711068511,PCM Storage + DSM
2024-03-02 18:00:00,94.74370839994202,76.4,6.8,59.68837138621331,-35.05533701372871,41.888800695949165,35.61091908228817,413.17159187288576,47.71074283149803,48.128362081425045,7.2231940143378415,62.91961086128601,0.0,0.0,0.0,0.23216679895607625,5.704744679149287,PCM Storage + DSM
2024-03-02 19:00:00,95.52480947413919,78.4,5.6,70.05265651195779,-25.472152962181397,37.89627817754796,32.06051701214256,413.17159187288576,44.55644966852412,44.90155868684108,8.477428977439214,63.4383426743195,6.688350524511108,0.0,0.0,0.23815558273367807,7.271450707965527,PCM Storage + DSM
2024-03-02 20:00:00,78.37051077841137,74.9,4.75,177.2446702263215,98.87415944791012,37.222779839499495,37.08807351838957,1123.8157332453413,50.95379013664298,50.30241836623181,21.449280845142386,52.046116037198324,55.01240249218131,0.0,70.24689291169544,0.23916583024075075,6.175964972199764,PCM Storage + DSM
2024-03-02 21:00:00,63.49452399619417,74.9,4.65,107.6672261008357,44.17270210464154,45.7714336127886,43.08650637952937,883.0091209302766,53.28365309783344,53.014777149190024,13.029359740439277,42.1669238953451,50.00407818971823,0.0,15.545435568426843,0.2263428495808171,2.840844625820239,PCM Storage + DSM
2024-03-02 22:00:00,76.80151205680274,76.4,4.5,104.3672482713907,27.565736214587957,46.17688638959047,42.71970240955529,824.9465400749318,54.24534148764233,54.13435813784641,12.630012605452773,51.0041387843264,53.42263464634816,0.0,0.0,0.2257346704156143,3.3121415319831575,PCM Storage + DSM
2024-03-02 23:00:00,82.58823436757443,78.2,4.1,103.35123483107903,20.763000463504596,46.301719189061636,42.52577619539469,774.0146289020213,54.64229554525817,54.59648518558001,12.507059641079529,54.847120256184205,48.568124744409005,0.0,0.0,0.22554742121640756,3.5206193650317856,PCM Storage + DSM
2024-03-03 00:00:00,89.68312462819773,76.4,4.2,108.47134767498368,18.788223046785944,45.67263497171427,41.76511850250879,843.3162954089034,54.80614542173537,54.78723637765172,13.126670590212724,65.58353539874153,34.39722784584785,0.0,18.788223046785944,0.2264910475424286,4.457331871842265,PCM Storage + DSM
2024-03-03 01:00:00,102.68470718730197,78.0,4.25,122.44106560323736,19.756358415935395,43.95624134185101,39.99441557084836,859.192294586094,54.8737773844437,54.86597233880185,14.817217351296863,75.09134139390169,39.38387833886043,0.0,19.756358415935395,0.22906563798722349,5.87684000675236,PCM Storage + DSM
2024-03-03 02:00:00,96.1712912044834,80.7,4.15,114.22410418662895,18.052812982145554,44.96582079826756,40.981577893039216,763.6154833788759,54.90169368488973,54.89847201291087,13.822840973753413,70.3282061948678,36.88571099082676,0.0,18.052812982145554,0.22755126880259866,5.078053417712573,PCM Storage + DSM
2024-03-03 03:00:00,90.5754835318243,75.5,3.7,107.41044353836753,16.834960006543227,45.80298328020092,41.80948730247363,864.0412220194005,54.913216636455594,54.91188683381053,12.99828517390093,66.23610021499879,34.73948479391435,0.0,16.834960006543227,0.22629552507969863,4.449880329369773,PCM Storage + DSM
2024-03-03 04:00:00,64.04003682267894,77.7,3.35,76.0835630578938,12.043526235214856,49.6519699509643,45.654654602312576,648.0212607542827,54.91797294050262,54.91742404071195,9.207259714179633,46.8312409866275,24.562031563668114,0.0,12.043526235214856,0.22052204507355355,2.064704196020227,PCM Storage + DSM
2024-03-03 05:00:00,70.9082129447263,76.2,3.2,84.12892116063146,13.220708215905162,48.663474587748766,44.66458272553792,729.8556192636001,54.91993618994078,54.91970962174939,10.180869500160862,51.85380541770063,27.19626425721987,0.0,13.220708215905162,0.22200478811837684,2.593683399519552,PCM Storage + DSM
2024-03-03 06:00:00,74.05918549272734,77.6,2.9,87.82174081296066,13.762555320233318,48.20975518124075,44.21021258490343,713.8379187431954,54.92074655620802,54.92065303614075,10.627756426194404,54.15805073139829,28.40479396800924,0.0,13.762555320233318,0.22268536722813886,2.856375149014646,PCM Storage + DSM
2024-03-03 07:00:00,82.74708755733609,78.9,2.6,55.25150415349837,-27.49558340383772,46.954151463572984,41.03509563183934,413.17159187288576,51.71041778890644,52.044341070387546,6.686266098674176,60.5113455676034,4.241384237397881,0.0,0.0,0.22456877280464052,3.6473268738452274,PCM Storage + DSM
2024-03-03 08:00:00,96.97010262613802,79.0,2.0,64.53429132541855,-32.435811300719465,41.686939882035006,35.50629735082872,413.17159187288576,47.99587182025815,48.39584724055069,7.809623482690074,70.91236154590173,4.756277267722162,0.0,0.0,0.2324695901769475,6.5153115327555735,PCM Storage + DSM
2024-03-03 09:00:00,100.44614151563259,81.3,1.9,75.80609192644545,-24.640049589187143,37.46970129731111,31.62823133966984,413.17159187288576,44.835547326028276,45.180565030057096,9.173681518472785,73.45432159135818,13.885245222666072,0.0,0.0,0.23879544805403333,8.60750905009557,PCM Storage + DSM
2024-03-03 10:00:00,103.79501737526822,79.5,2.75,204.8985781103505,101.1035607350823,33.82507406070385,33.58821795909361,1071.6719628049032,51.06202182433837,50.428419210839735,24.79582117221028,75.90328977123524,45.85054616632329,0.0,95.06274328552914,0.24426238890894422,9.108394772548229,PCM Storage + DSM
2024-03-03 11:00:00,87.08977263739293,77.7,4.25,134.5587142386373,47.46894160124437,42.46740276733288,39.74660117978421,912.3635901292305,53.32832756660077,53.066786392983246,16.283635768457547,63.68706721929914,39.44338638178698,0.0,41.4281241516912,0.23129889584900068,5.553230980967229,PCM Storage + DSM
2024-03-03 12:00:00,73.12649165854936,74.5,5.9,99.67802290798407,26.551531249434717,46.753029485970835,43.281037809650755,858.1923099495782,54.263781672465434,54.15582588205626,12.062545546288492,53.47598976013317,34.08788433727119,0.0,20.51071379988156,0.22487045577104375,3.2878013416836613,PCM Storage + DSM
2024-03-03 13:00:00,58.05826896315081,72.5,7.45,74.32857261435977,16.270303651208962,49.86759738404657,46.085542249288736,784.5595414650105,54.64990706086687,54.605346380394714,8.99487937656025,42.45688978300016,28.30859094808172,0.0,10.2294862016558,0.22019860392393015,1.8169177905211011,PCM Storage + DSM
2024-03-03 14:00:00,51.001842792925906,70.8,8.55,62.880254143895975,11.878411350970069,51.27419850486149,47.36415914026411,769.3185324791452,54.809287210736805,54.790893994063445,7.609460013799956,37.29666173070898,25.602156490530334,0.0,5.8375939014169065,0.21808870224270777,1.2813196890082128,PCM Storage + DSM
2024-03-03 15:00:00,52.19471793697529,69.7,9.5,62.9871133718059,10.79239543483061,51.261069213417045,47.29820207228506,816.0499592814136,54.87507421396321,54.86748208529711,7.622391593561471,38.16898826438379,26.059673981046203,0.0,4.751577985277448,0.21810839617987443,1.314295091059174,PCM Storage + DSM
2024-03-03 16:00:00,37.70314927986446,70.8,9.55,45.394619454803085,7.6914701749386225,53.42257631382035,49.43790356447327,624.0505435190837,54.90222897443396,54.89909518773932,5.493434247140709,27.571584238296833,20.50155152479917,0.0,1.6506527253854486,0.21486613552926948,0.5918114311174835,PCM Storage + DSM
2024-03-03 17:00:00,45.78249599752587,67.5,9.0,26.321252085588952,-19.46124391193692,52.28132414134289,47.015527256041665,413.17159187288576,52.78532944736353,53.00539423384894,3.1852688572169328,33.47985431310925,0.0,0.0,0.0,0.21657801378798566,0.947883481791754,PCM Storage + DSM
2024-03-03 18:00:00,41.75914028196647,72.9,7.8,38.31568282624473,-3.4434574557217346,50.74626828010998,46.27957816550379,413.17159187288576,51.96072507560331,52.055461242325116,4.636776048972982,30.5376520527951,12.572918745268684,0.0,0.0,0.21888059757983502,1.145845699761176,PCM Storage + DSM
2024-03-03 19:00:00,63.255280801036456,73.2,6.15,45.63733087208855,-17.61794992894791,46.81296706789775,41.514221851890476,413.17159187288576,49.76918836439806,50.00100310709003,5.522805992689001,46.257364077921046,6.643094890650513,0.0,0.0,0.22478054939815337,2.827351747284151,PCM Storage + DSM
2024-03-03 20:00:00,53.439571273860146,75.2,5.35,50.43164531084049,-3.007925963019659,46.040944020871315,41.506139470758946,413.17159187288576,48.828293467192005,48.93560436641392,6.102990416431635,39.079325445701855,17.488383869091653,0.0,0.0,0.22593858396869304,2.569635091116208,PCM Storage + DSM
2024-03-03 21:00:00,61.1424128322243,73.5,5.0,122.19811897340568,61.05570614118138,43.986091053203914,42.23825187762042,989.0962689872337,52.57448362126902,52.189189126263855,14.787817141479628,44.71226457564645,51.422190558404495,0.0,33.08418719969393,0.22902086342019412,3.4912880399551143,PCM Storage + DSM
2024-03-03 22:00:00,68.31764563186525,76.0,4.7,100.15338421643101,31.83573858456576,46.69462407464527,43.472502882901495,816.4302883215473,53.95262137042361,53.79357844077936,12.120071440831742,49.95937361940859,54.174192325509004,0.0,3.864219643078272,0.2249580638880321,3.0891007568595334,PCM Storage + DSM
2024-03-03 23:00:00,87.74068045614246,77.3,4.55,118.12209677567155,30.381416319529094,45.26387029572978,41.86859422227283,880.829558685704,54.99596969901989,54.880966111287385,14.294556922491951,64.16306352461581,61.62373823593818,0.0,2.409897378041606,0.22710419455640532,4.5181562144893235,PCM Storage + DSM
2024-03-04 00:00:00,82.00407002470452,78.2,4.15,96.55429543301764,14.550225408313125,47.1368272095181,43.08536161847424,742.5514707709204,54.932809675173935,54.93469500844374,11.684527364931112,61.87327844849159,28.114512666028556,0.0,14.550225408313116,0.22429475918572284,3.6616010187064334,PCM Storage + DSM
2024-03-04 01:00:00,83.60492093255472,75.4,4.1,98.95260877960933,15.347687847054615,46.842157712850565,42.83834774341572,827.7565644222209,54.926060058721134,54.92683892383571,11.974759485648834,63.0811440330424,28.663353023728103,0.0,15.347687847054605,0.22473676343072416,3.8446098742836137,PCM Storage + DSM
2024-03-04 02:00:00,86.59608041762836,77.8,4.35,102.52823715589685,15.932156738268489,46.402837048014106,42.401264648263506,780.1064330952564,54.923274292409744,54.92359578290435,12.407464498120694,65.33801791318095,29.68885079723959,0.0,15.932156738268489,0.22539574442797883,4.154385736714511,PCM Storage + DSM
2024-03-04 03:00:00,88.65018251470748,77.6,5.4,104.9686563524842,16.318473837776722,46.10299420331737,42.10234516724194,796.143114989333,54.922124417617205,54.92225711856035,12.702792062332584,66.88786819470866,30.393085104247145,0.0,16.318473837776722,0.22584550869502396,4.373264924672903,PCM Storage + DSM
2024-03-04 04:00:00,81.00928785272215,74.3,5.8,95.9844303564946,14.975142503772446,47.206843854968575,43.206575953737335,846.3343499764181,54.921649786261,54.92170456094519,11.615565087788598,61.12270065029062,27.773458667541504,0.0,14.975142503772446,0.22418973421754715,3.591504908845859,PCM Storage + DSM
2024-03-04 05:00:00,51.171902240481785,74.7,6.15,60.86870723148499,9.696804991003205,51.521347826298424,47.52123724528079,627.3453390017648,54.92145387369229,54.921476482921406,7.366032470379952,38.609953812176386,17.54392304249516,0.0,9.696804991003205,0.21771797826055236,1.2691830442775853,PCM Storage + DSM
2024-03-04 06:00:00,46.13536105516655,70.8,6.35,54.942126810075045,8.806765754908497,52.2495189271341,48.2494732828442,707.5401123537663,54.921373007280756,54.92138233964385,6.648826769650981,34.809809318343035,15.817180688062491,0.0,8.806765754908497,0.21662572160929885,0.9921800419011582,PCM Storage + DSM
2024-03-04 07:00:00,47.80183406048895,72.6,6.5,35.61385266485475,-12.187981395634203,52.00843854912426,47.05347862242495,413.17159187288576,53.32383912816967,53.49000935547175,4.309813811668292,36.067187741805974,4.200537719918735,0.0,0.0,0.2169873421763136,1.080189503840981,PCM Storage + DSM
2024-03-04 08:00:00,75.93366623174262,74.7,6.45,49.045191545985226,-26.888474685757394,46.34257725517704,40.541157928988696,413.17159187288576,50.27714325623459,50.600818309676626,5.935208580491446,57.29306939223914,0.0,0.0,0.0,0.22548613411723445,3.6635787651694174,PCM Storage + DSM
2024-03-04 09:00:00,80.39593035503606,77.3,5.45,59.927456223021956,-20.4684741320141,42.65056431485759,37.1373991316983,413.17159187288576,47.681249702336935,47.964449405686395,7.252126888900306,60.65991338581254,7.094699276121322,0.0,0.0,0.2310241535277136,5.222613154776157,PCM Storage + DSM
2024-03-04 10:00:00,100.13439907865903,74.3,5.65,177.42875438972456,77.29435531106553,37.20016228293561,35.90899417936784,1142.4909530454474,52.15631685349798,51.70237147973472,21.471557807913303,75.5528787119926,38.52249381420456,0.0,73.1022286402723,0.23919975657559658,8.975608425327014,PCM Storage + DSM
2024-03-04 11:00:00,89.1526916456501,78.3,6.9,128.0803769159536,38.9276852703035,43.26336564717534,40.179850069774226,873.2950371891383,53.78001630859094,53.59263461342104,15.499659153158593,67.26701873409476,34.757493459625366,0.0,34.73555859951026,0.230104951529237,5.544134642129196,PCM Storage + DSM
2024-03-04 12:00:00,76.6028145652614,72.8,7.95,100.0934774448271,23.490662879565704,46.70198453830636,43.080277154304326,916.2185274235412,54.450224267409624,54.372879126179384,12.112821817094018,57.79795166394442,30.454857285257486,0.0,19.29853620877248,0.22494702319254045,3.5712251993371265,PCM Storage + DSM
2024-03-04 13:00:00,60.6980514229079,68.9,8.8,75.91822834967047,15.22017692676257,49.67228385003136,45.82843088317034,943.2333298971232,54.72686457160546,54.69493898325702,9.18725171853382,45.79757365505193,25.00202226522529,0.0,11.02805025596934,0.22049157422495297,2.013549720609013,PCM Storage + DSM
2024-03-04 14:00:00,46.03310233736037,73.3,8.8,56.4055261451059,10.372423807745534,52.069717924029156,48.134170400584686,634.6973224290876,54.841052797677136,54.827874940927735,6.825920181179754,34.73265360986782,19.974248684132533,0.0,6.180297136952302,0.21689542311395626,1.027450677261812,PCM Storage + DSM
2024-03-04 15:00:00,61.09019183140009,69.3,8.5,73.19883936270898,12.10864753130889,50.00640240262582,46.03300631337988,906.3412673781551,54.888186027273946,54.882746631557495,8.858164598260784,46.09344936802852,25.136464817626575,0.0,7.916520860515665,0.21999039639606127,1.9341542205295972,PCM Storage + DSM
2024-03-04 16:00:00,44.00055278961513,72.5,8.2,52.700153941174925,8.699601151559797,52.52497960359655,48.5359608428791,630.2682477473917,54.907641109541636,54.90539590181758,6.377514206904669,33.199065044201376,19.277403515506144,0.0,4.507474480766582,0.21621253059460518,0.891398959285956,PCM Storage + DSM
2024-03-04 17:00:00,46.133798989222825,70.8,7.8,32.10722906700157,-14.026569922221256,52.23593206351007,47.211289364455,413.17159187288576,53.193986044957875,53.37214295657015,3.885459419107342,34.80863071658508,1.7900752226328702,0.0,0.0,0.2166461019047349,0.9949840890600087,PCM Storage + DSM
2024-03-04 18:00:00,56.77474183313947,71.1,7.05,38.25142589798156,-18.52331593515791,48.983420971772595,43.71196582093673,413.17159187288576,51.031465340511666,51.26365985143387,4.628999990607995,42.837378793818225,0.9415008464656367,0.0,0.0,0.2215248685423411,2.0604553947765387,PCM Storage + DSM
2024-03-04 19:00:00,68.59945752741224,76.8,5.8,54.80753274772724,-13.791924779685004,45.11085114081373,39.97095280510798,413.17159187288576,49.07824626421199,49.290871027671734,6.632538856227686,51.75930091921487,9.726911748259255,0.0,0.0,0.2273337232887794,3.6922442008557748,PCM Storage + DSM
2024-03-04 20:00:00,100.72417094337057,75.7,5.05,64.31822344740874,-36.405947495961826,38.511868095488026,32.10017099503773,413.17159187288576,45.00136513977181,45.4340886303826,7.783476007614357,75.99787026906274,0.0,0.0,0.0,0.23723219785676797,8.430351899978525,PCM Storage + DSM
2024-03-04 21:00:00,87.55061683251478,79.7,4.6,184.42879310575466,96.87817627323989,36.34010040318282,36.060982097074735,1016.1111859687558,51.13964855751145,50.51879171983845,22.318668167594527,66.05822969498276,66.75586134682777,0.0,60.13842175031508,0.24048984939522577,7.9269875633979305,PCM Storage + DSM
2024-03-04 22:00:00,78.30919258937033,75.7,4.1,123.59187862403351,45.282686034663186,43.81484635104284,41.06831495558143,925.9812557721149,53.360369509870424,53.104089069116824,14.956483099890514,59.08543901173425,63.587504716995156,0.0,8.542931511738402,0.22927773047343575,4.674303550714822,PCM Storage + DSM
2024-03-04 23:00:00,59.61354069055598,74.6,4.2,93.06483197133971,33.451291280783735,48.739267250677244,45.68512689749622,859.6972694645775,54.99378897834425,54.81344757059259,11.262249607902808,44.97929433668428,53.88937007744019,0.0,0.0,0.22189109912398414,2.2293715786108526,PCM Storage + DSM
2024-03-05 00:00:00,93.370137068666,76.1,4.45,109.95027978188189,16.580142713215892,45.49092552988321,41.426538829984736,858.117812165066,54.92204411143493,54.922161056230294,13.305643701625625,55.02972186285449,31.224919526901456,2.94054580340663,16.580142713215892,0.2267636117051752,3.800047001936439,PCM Storage + DSM
2024-03-05 01:00:00,114.51809845570033,82.4,4.1,135.4260583196627,20.907959863962375,42.360836273777515,38.36059445075545,808.0123822771292,54.92161624807315,54.92166551633262,16.388597495992318,67.4937330513465,38.29723850596152,3.6065676285809487,20.907959863962375,0.23145874558933371,5.9283108517956915,PCM Storage + DSM
2024-03-05 02:00:00,124.15296221207508,79.0,4.0,146.77009285215513,22.61713064008005,40.96704803062772,36.966948566093166,921.8883144035783,54.92144003020107,54.921460366568375,17.761396927951143,73.17224964503939,41.5193377219476,3.9100025283751596,22.61713064008005,0.23354942795405842,7.039002984299005,PCM Storage + DSM
2024-03-05 03:00:00,104.13869455038702,78.3,4.15,123.21407448694896,19.075379936561944,43.861265370922716,39.86122431516444,854.7004040661087,54.92136729313251,54.92137568733131,14.910763095839414,61.37640552090103,34.82614954909013,3.2796846063017195,19.075379936561944,0.22920810194361593,4.838449827754516,PCM Storage + DSM
2024-03-05 04:00:00,93.95021744114084,78.4,4.15,111.22249317801669,17.272275736875855,45.334614645141855,41.334597698644444,803.5627818359239,54.921337269608465,54.921340734463925,13.45960072833793,55.371604851972464,31.41891049144659,2.958814523561394,17.272275736875855,0.22699807803228722,3.87558664989115,PCM Storage + DSM
2024-03-05 05:00:00,115.0274983707374,77.4,3.5,136.0313917883485,21.00389341761108,42.286461793567426,38.28645479859796,925.4763482469175,54.92132487686273,54.9213263070437,16.461851984029824,67.7939589749824,38.46759245266662,3.6226103787518773,21.00389341761108,0.23157030730964887,5.984934033262358,PCM Storage + DSM
2024-03-05 06:00:00,116.20281063884914,83.4,3.2,137.41487392443443,21.212063285585288,42.11647984134742,38.116476954048835,795.1659928634081,54.92131976153561,54.92132035186834,16.62927420802817,68.4866548330663,38.8606413668369,3.659624992483746,21.212063285585288,0.23182528023797888,6.1159350468397395,PCM Storage + DSM
2024-03-05 07:00:00,123.5368683687486,79.4,3.2,66.3176006145243,-57.219267754224305,41.055848886121034,33.47972351901204,413.17159187288576,48.93889607364306,49.561166738047326,8.02543082813487,72.80914133328078,0.0,0.0,0.0,0.23341622667081846,6.965279711337598,PCM Storage + DSM
2024-03-05 08:00:00,107.49810275459107,78.9,3.5,71.78804322266183,-35.71005953192925,37.392895521063856,31.044758610154332,413.17159187288576,44.88664598027865,45.33349321943964,8.687436967441336,63.35634584127548,3.6250300164013325,0.0,0.0,0.23891065671840422,7.453406953880998,PCM Storage + DSM
2024-03-05 09:00:00,89.78379969689279,79.8,3.6,75.92244677005169,-13.861352926841093,35.90242612956185,30.64163249955216,413.17159187288576,42.68837463456937,42.93523215132105,9.187762211082704,52.916035899965706,18.99182039035796,0.0,0.0,0.2411463608056572,6.3499243079958845,PCM Storage + DSM
2024-03-05 10:00:00,74.92149486113156,74.9,4.35,188.3893168383704,113.46782197723884,35.85348945366354,36.381740465673154,1152.5899241603643,50.214356953735305,49.44158583284641,22.79795132869751,44.15661316557021,31.103282840373677,3.081226456661694,106.69815660712604,0.2412197658195047,5.298793579868425,PCM Storage + DSM
2024-03-05 11:00:00,58.83326075430931,74.4,5.25,108.19900809765619,49.36574734334688,45.70609605647527,43.26626022441276,900.8125235343273,52.97843926936481,52.65945248942958,13.093713390022243,34.67466234105947,25.723042100810055,2.574552794479444,42.596081973234085,0.2264408559152871,2.3496738345244803,PCM Storage + DSM
2024-03-05 12:00:00,73.06576579499047,74.5,5.95,102.4542854137017,29.38851961871123,46.41192315124632,43.05590464219372,871.3826327718848,54.1193590291386,53.98769153878398,12.398515220913623,43.0628988628113,30.482688370094877,3.0227831846582713,22.618854248598428,0.2253821152731305,2.735719694937321,PCM Storage + DSM
2024-03-05 13:00:00,64.70868583471852,75.6,6.7,83.33178750182428,18.623101667105757,48.76141465648553,45.02722951767411,741.7402617316628,54.59029403559202,54.53594592750051,10.084404293635671,38.13747195183664,27.687906682589524,2.7595900784101897,11.853436296992957,0.2218578780152717,1.8851929047665736,PCM Storage + DSM
2024-03-05 14:00:00,63.40837093856278,70.7,7.4,77.96833669585942,14.559965757296638,49.42039666633873,45.530116497477735,875.2971559209938,54.784680869926525,54.76224771770974,9.435345777577899,37.37110307506234,27.253054284737367,2.718638703259204,7.790300387183838,0.2208694050004919,1.699548824702048,PCM Storage + DSM
2024-03-05 15:00:00,51.750736551392826,73.1,7.25,62.66480351671388,10.914066965321055,51.30066991151011,47.34595873129746,686.7225533138698,54.86491750734951,54.85565782313872,7.583387235392628,30.500422597930456,23.354498418360915,2.351499819767671,4.1444015952082545,0.21804899513273482,1.0429918573442516,PCM Storage + DSM
2024-03-05 16:00:00,50.543043830711,72.7,7.3,60.590263852667704,10.047220021956704,51.55555885648057,47.57425262566013,684.5535211263156,54.89803661239069,54.89421451236414,7.332336618064075,29.788642615578713,22.950620806091994,2.313465434544546,3.2775546518439036,0.21766666171527915,0.9730950687951173,PCM Storage + DSM
2024-03-05 17:00:00,50.46793996314559,71.0,6.85,33.553800835783335,-16.914139127362255,51.59953922080685,46.410642311550646,413.17159187288576,52.90991868229479,53.11656002414413,4.060516441085127,29.744378517091747,1.5528001664600275,0.0,0.0,0.21760069116878972,0.9638000974981763,PCM Storage + DSM
2024-03-05 18:00:00,65.00110613702367,74.6,5.55,46.85368185131701,-18.147424285706656,47.50968550579557,42.195997812655136,413.17159187288576,50.67106728911666,50.91236168313369,5.670002823636987,38.30981621958758,5.6374078659581635,0.0,0.0,0.22373547174130665,2.1814332248343606,PCM Storage + DSM
2024-03-05 19:00:00,76.05641804609057,78.8,3.75,60.75505807914484,-15.301359966945732,43.67205347702199,38.40746571154238,413.17159187288576,48.50744310611268,48.74232412599232,7.352279207259297,44.825504838697654,12.528768546094174,0.0,0.0,0.229491919784467,3.584591588133926,PCM Storage + DSM
2024-03-05 20:00:00,102.31440584709642,77.1,2.45,68.1245477806987,-34.18985806639772,37.71109071404367,31.39133604374765,413.17159187288576,44.57993184356889,44.998024953708985,8.24409871355066,60.301221280078934,3.248442824060497,0.0,0.0,0.2384333639289345,6.978868722622932,PCM Storage + DSM
2024-03-05 21:00:00,108.83373141788256,83.3,1.55,212.9097635361921,104.07603211830953,32.84077733379873,32.71280275157623,1007.9890116095445,50.97397816125928,50.32592183991078,25.76529554840436,64.14352765508104,75.60779180234957,8.196169675959275,60.09588577257553,0.2457388339993019,7.697223318609725,PCM Storage + DSM
2024-03-05 22:00:00,129.925011316949,82.6,0.9,185.69378865557945,55.76877733863046,36.18467634131731,33.49305782616736,955.7334139928664,53.29198620590926,53.02447840948589,22.471751725940184,76.57413237534273,82.66115531067749,8.860406406703966,11.788630992896447,0.24072298548802404,9.188895885041127,PCM Storage + DSM
2024-03-05 23:00:00,122.69578425281613,83.0,0.4,168.3680476056701,45.67226335285399,39.5481499807443,36.53895722821281,925.6614553095868,55.0028366732653,54.81398385076654,20.375075503432647,72.31343010894156,80.24355113437383,8.632733255815513,1.6921170071200393,0.23567777502888354,7.5720188198350655,PCM Storage + DSM
2024-03-06 00:00:00,114.06295830826298,83.4,-0.3,134.23277316888002,20.169814860617038,42.507449615717036,38.43796492228647,784.1788793867676,54.9242609502755,54.92474172795272,16.244191978496115,52.93184803459602,30.03454568441289,18.224993635717354,26.106036523854506,0.23123882557642444,4.602704847447552,PCM Storage + DSM
2024-03-06 01:00:00,110.37619800214624,82.3,-0.9,130.53286215221988,20.156664150073638,42.96204030485418,38.961063665472224,792.6999042312706,54.92253126759467,54.92273076623062,15.796446890324802,51.22097678280932,29.063764525622606,17.635922616414103,25.90101435283936,0.23055693954271875,4.314228045738464,PCM Storage + DSM
2024-03-06 02:00:00,116.60274036279287,83.7,-1.4,137.87578558180803,21.27304521901516,42.059849790783126,38.05944703598998,791.0000090654803,54.921817720849624,54.92190006748848,16.68505147665455,54.11045465452998,30.703309683493774,18.63080032762185,27.34144571993678,0.23191022531382532,4.850509922566177,PCM Storage + DSM
2024-03-06 03:00:00,122.50044293358832,85.6,-1.45,144.8233834173689,22.32294048378057,41.20623107571298,37.2060648314843,779.322918509735,54.92152319169289,54.92155718173871,17.525815698133055,56.84733173417676,32.256266225414386,19.57313597639236,28.698277349349773,0.23319065338643052,5.387001728231258,PCM Storage + DSM
2024-03-06 04:00:00,131.0091093253915,84.1,-1.65,154.84076133196274,23.831652006571233,39.97544290025759,35.97537427998324,838.3120616335293,54.921401619523444,54.92141564952188,18.73806965165217,60.79584791425707,34.49673002933739,20.93265174855011,30.649808614056806,0.2350368356496136,6.210134305461149,PCM Storage + DSM
2024-03-06 05:00:00,121.95814032605362,85.8,-1.85,144.18846202320722,22.2303216971536,41.28424088535981,37.28421256111609,773.7800027475412,54.921351438439345,54.921357229571754,17.44898062444326,56.59567177693443,32.11346953942315,19.486486798451157,28.57743530308949,0.2330736386719603,5.336663667465253,PCM Storage + DSM
2024-03-06 06:00:00,133.33310815131716,84.3,-2.1,157.57758243544677,24.24447428412961,39.63918254537994,35.63917085404249,842.8854193316749,54.921330725300706,54.92133311569404,19.069266321185786,61.874318563370196,35.1086749581998,21.303980569405716,31.183579641151503,0.2355412261819301,6.445132498246076,PCM Storage + DSM
2024-03-06 07:00:00,138.10437261682355,86.9,-2.3,82.932720699701,-55.17165191712256,38.94915821248816,31.34920221482158,413.17159187288576,48.89904092671259,49.525458396853004,10.03611118612623,64.08846283392744,10.447122837706122,0.0,0.0,0.23657626268126777,6.9411042181203415,PCM Storage + DSM
2024-03-06 08:00:00,131.95249385421945,87.3,-2.5,92.501599072217,-39.45089478200245,33.81653165624744,27.107332845232,413.17159187288576,44.24195109479324,44.751880541705226,11.194089924347411,61.23363321510079,23.244882393579726,0.0,0.0,0.24427520251562884,7.3480359858120945,PCM Storage + DSM
2024-03-06 09:00:00,124.69536806032386,83.1,-2.15,91.47700382555676,-33.218364234767094,30.208942036062936,25.0,413.17159187288576,40.138022988528256,40.58566968683896,11.070098431852028,57.86590467826692,26.029269382331677,0.0,0.0,0.2496865869459056,6.94390856139203,PCM Storage + DSM
2024-03-06 10:00:00,99.37129447248552,84.3,-0.9,237.9248341641661,138.55353969168058,29.767293094750727,31.27095802765549,1042.277818836414,49.25571012190092,48.32555405914997,28.792496730676106,46.1140613572676,29.324796354304432,20.382812123766048,136.06110960030406,0.2503490603578739,5.533687362872112,PCM Storage + DSM
2024-03-06 11:00:00,87.70049002339542,80.0,0.25,149.97910933416847,62.27861931077305,40.57277124736396,38.45068802092838,908.7308952727285,52.58274192709431,52.198788488074364,18.149736366713988,40.698129167685124,26.251692564968007,18.51804954033794,59.17880113104923,0.23414084312895406,4.011344865851355,PCM Storage + DSM
2024-03-06 12:00:00,72.79985739287636,77.9,1.4,105.36188086512638,32.56202347225002,46.054680554318054,42.82981897286011,790.3849845627955,53.95602788438069,53.79754424520733,12.750378164617558,33.783368813263905,22.328124930868174,16.137224609202523,28.68672603502545,0.2259179791685229,2.2186185816747748,PCM Storage + DSM
2024-03-06 13:00:00,101.45878956280636,78.4,2.6,127.91722192966778,26.458432366861416,43.2834117340455,39.60336395941309,870.1967948092929,54.52287618866484,54.45745923623921,15.479914936773067,47.08278051493846,29.874466182144474,20.716352348392434,24.07464257169375,0.23007488239893176,3.8748906884382963,PCM Storage + DSM
2024-03-06 14:00:00,114.85242988588656,82.9,3.65,139.06840286923185,24.21597298334528,41.91331850607774,38.04538450111993,810.5624599588897,54.756852949593075,54.72985093419907,16.82937617260203,53.29820877250945,33.401219372930385,22.856389861600974,22.52923347527085,0.2321300222408834,4.82455859968454,PCM Storage + DSM
2024-03-06 15:00:00,124.53898731453182,77.2,5.25,148.5654646622477,24.026477347715883,40.74645912869674,36.80097172671498,973.5963167621226,54.85343103625349,54.84228547217104,17.978664020535398,57.79333491508903,35.95184015228167,24.404109209822376,22.84385901011572,0.23388031130695489,5.636077986787903,PCM Storage + DSM
2024-03-06 16:00:00,100.63214926563842,77.6,5.75,119.64027994217916,19.008130676540745,44.300360721493604,40.32286176986524,858.2991205981409,54.893295366309104,54.88869483568563,14.47828000466536,46.69917132894213,29.656798973279265,20.584271659110318,16.581319727858094,0.2285494589177596,3.558375782896399,PCM Storage + DSM
2024-03-06 17:00:00,96.28393340840134,76.2,5.8,54.01506317146038,-42.268870236940955,44.96904885761824,38.278954327825446,413.17159187288576,50.39401131971834,50.861823608827514,6.5366380741005035,44.681346222610294,3.4793824730906415,0.0,0.0,0.22754642671357264,3.2253545602804095,PCM Storage + DSM
2024-03-06 18:00:00,97.49168524523128,76.6,5.0,62.79063498261915,-34.70105026261213,40.295103954308914,34.03797837924248,413.17159187288576,46.5248164419002,46.9463314917884,7.598614742363144,45.24181333339498,11.621052458385885,0.0,0.0,0.23455734406853662,4.534558731917545,PCM Storage + DSM
2024-03-06 19:00:00,95.29419332524017,79.9,3.4,74.64038206127603,-20.653811263964144,36.74370269076934,31.127742914304996,413.17159187288576,43.73744736085869,44.04454891310587,9.032613026821979,44.222049247916274,24.6241773237071,0.0,0.0,0.239884445963846,5.306645909749953,PCM Storage + DSM
2024-03-06 20:00:00,111.98069134717636,78.9,2.2,81.90532032894187,-30.07537101823449,31.543190486059512,25.350554496728353,413.17159187288576,40.008186966041414,40.40860042088797,9.911780231267745,51.96555503302556,23.131023704601667,0.0,0.0,0.24768521427091073,6.235866603963067,PCM Storage + DSM
2024-03-06 21:00:00,124.47416978628434,84.7,-0.7,244.1698282701035,119.69565848381916,29.000000000000007,27.54842519357778,1047.2191577726537,49.19818327443962,48.25858195174287,29.54823529411765,57.76325581135491,54.39555766926638,51.7607248690357,72.68190963387842,0.2515,6.931590697362589,PCM Storage + DSM
2024-03-06 22:00:00,141.90776434081297,85.7,-0.5,214.25106827096758,72.3433039301546,32.6759775207819,30.572961937616387,965.275095075919,52.55899664080585,52.17114463649662,25.92761367011929,65.85345784840152,58.98609345632205,54.54626677077455,26.236858232767638,0.24598603371882716,7.902414941808183,PCM Storage + DSM
2024-03-06 23:00:00,148.577697545227,84.3,-0.05,208.77182865400326,60.19413110877625,35.07220841895143,32.484222124210866,1013.1233340002229,54.99847513892695,54.72893110989556,25.264542959942048,68.9486948649867,60.74239029897066,55.6119895260321,14.434811266860905,0.24239168737157285,8.273843383798404,PCM Storage + DSM
2024-03-07 00:00:00,143.46019497382272,86.1,-0.7,168.86978800358602,25.4095930297633,38.251762283653626,34.16693073063931,843.114943999284,54.910318578519025,54.90850919022838,20.43579366602964,65.84276126614746,37.36044545324536,22.670357253525143,28.755640013783612,0.23762235657451958,7.406614440710255,PCM Storage + DSM
2024-03-07 01:00:00,158.72257000347747,85.7,-1.75,187.55161212059483,28.829042117117353,35.95641429786447,31.960058740233595,900.7089743149942,54.91677614225228,54.91603074883952,22.696576411562198,72.84760965364154,41.335130764989415,25.08220044475105,32.53106675714379,0.24106537855320329,8.741713158436985,PCM Storage + DSM
2024-03-07 02:00:00,150.39404925123827,89.2,-2.45,177.69611065726943,27.302061406031157,37.167313474042345,33.16881829980606,815.8352169913745,54.91944219008168,54.919134515658165,21.503911952390293,69.02513608395273,39.1661859554063,23.76608247292539,30.80983270805352,0.23924902978893647,8.213723318187618,PCM Storage + DSM
2024-03-07 03:00:00,169.24785138712448,85.6,-2.2,199.86595814407448,30.61810675695,34.44340843910733,30.44402958282286,933.3359734340361,54.920542648943844,54.92041565083079,24.18679818209334,77.67831261991697,44.07616426968774,26.745462433239872,34.5656216950772,0.243334887341339,9.321397514390036,PCM Storage + DSM
2024-03-07 04:00:00,160.74562746737843,90.0,-2.5,189.84960377414234,29.10397630676391,35.67407085643745,31.674327244599038,834.8401130726339,54.92099688299227,54.92094446225306,22.97466809293008,73.77611591733115,41.861983025594824,25.401894945789568,32.853186476733484,0.24148889371534382,8.85313391007974,PCM Storage + DSM
2024-03-07 05:00:00,162.12648054564198,87.8,-2.85,191.4712163445006,29.344735798858608,35.47483093619255,31.474936764985085,874.1654384848454,54.92118437620793,54.921162738611635,23.170907694376005,74.40987484671447,42.22158999614736,25.620104830451837,33.12615280696013,0.2417877535957112,8.929184981605736,PCM Storage + DSM
2024-03-07 06:00:00,135.83628544290144,86.6,-3.2,160.52526431757627,24.68897887467483,39.27701471698608,35.27705839971017,810.3488799870393,54.921261767381125,54.921252836076825,19.425980328163835,62.34367738960071,35.374998157412286,21.465585764359954,27.857206781444916,0.2360844779245209,6.629496461189166,PCM Storage + DSM
2024-03-07 07:00:00,124.19502281205294,85.3,-3.25,76.68658225280981,-47.50844055924313,40.96061089271903,33.81481798643475,413.17159187288576,49.658733939732286,50.20612318457761,9.280234140153906,57.00078156836372,7.357575024661937,0.0,0.0,0.23355908366092146,5.485546289964689,PCM Storage + DSM
2024-03-07 08:00:00,116.61316938904545,85.6,-2.95,84.41080655017014,-32.20236283887532,36.79454425353164,30.515009334327093,413.17159187288576,45.73618057424136,46.16648713111055,10.214981887735828,53.52099984231005,19.314194138374198,0.0,0.0,0.23980818361970255,6.422519981077206,PCM Storage + DSM
2024-03-07 09:00:00,120.3030867712227,84.4,-2.3,90.04248168102372,-30.26060509019898,32.33836791058914,26.095465516147602,413.17159187288576,41.89825928079453,42.31499367133978,10.896499596313694,55.21453127331665,22.88605798961338,0.0,0.0,0.2464924481341163,6.625743752797997,PCM Storage + DSM
2024-03-07 10:00:00,107.33542995654612,84.5,-1.25,232.9723309778062,125.63690102126007,30.375783900692745,31.2288323219451,1028.2850023591118,49.93370895490158,49.11486429422133,28.193169080400047,49.26287107944979,31.13013601911274,21.037780506367056,120.88688611018769,0.2494363241489609,5.911544529533974,PCM Storage + DSM
2024-03-07 11:00:00,115.16572791862964,80.4,0.25,176.78837082409672,61.622642905467075,37.27884320393615,34.93203115107491,979.4089461161547,52.862597404147884,52.52459139372269,21.394061729017245,52.8566793790575,33.16933176918446,22.275166613603098,57.05526084864943,0.23908173519409578,6.254369170522008,PCM Storage + DSM
2024-03-07 12:00:00,104.75916828623063,82.5,2.0,140.70130086949862,35.94213258326799,41.71269199806458,38.39507016623821,824.0884860287026,54.07154323046041,53.93202521303611,17.026981481435694,48.08046517132551,30.459216231051165,20.630665679461426,31.132029279080154,0.23243096200290314,4.4101252797022905,PCM Storage + DSM
2024-03-07 13:00:00,106.29550870919671,78.6,3.4,132.67002101697355,26.37451230777684,42.699457632798214,38.98112140823022,882.8208147434375,54.57055721074598,54.51296865740402,16.055075376260394,48.78558686526539,30.859315802784725,20.87344651673847,21.600242408385597,0.23095081355080269,4.1859621112531835,PCM Storage + DSM
2024-03-07 14:00:00,79.6687050291792,77.4,4.25,97.26792367895385,17.599218649774656,47.0491470586585,43.16540881219703,765.5957623419406,54.77653414299169,54.75276343912673,11.77088715587189,36.56489890158407,23.92506308785508,16.665734739575324,12.203908634246105,0.22442627941201226,2.1831115907080947,PCM Storage + DSM
2024-03-07 15:00:00,69.67900733695808,75.3,4.2,83.83327521551821,14.154267878560134,48.69979921645591,44.74778833154573,752.8913279269468,54.861554800314885,54.851743017774,10.145091877627193,31.980008434999114,21.323508309592444,15.087108587710045,8.525959449496517,0.22195030117531614,1.5926429464195575,PCM Storage + DSM
2024-03-07 16:00:00,50.489689672342074,75.7,4.4,60.55483330330422,10.065143630962147,51.55991204167317,47.57972040596336,599.2537228282641,54.896648595007626,54.8925986065354,7.328048986719084,23.1728430600871,16.326153774944682,12.054708645777676,3.9892660451104023,0.21766013193749023,0.7563738269482633,PCM Storage + DSM
2024-03-07 17:00:00,78.41529907653079,73.7,4.0,45.21612899579062,-33.19917008074017,47.556501638578226,41.41520912826738,413.17159187288576,51.315333901244664,51.68768467639696,5.471834207045578,35.98963334499636,1.4425967448139652,0.0,0.0,0.22366524754213266,2.0392082611298616,PCM Storage + DSM
2024-03-07 18:00:00,76.67579636342413,82.3,2.6,65.84907118651873,-10.826725176905398,44.226747757947976,39.18489898961667,413.17159187288576,49.498187878752105,49.70236767641061,7.968731694261488,35.19126790375466,19.96820029515901,3.0783759125679406,0.0,0.22865987836307805,2.6970416499137255,PCM Storage + DSM
2024-03-07 19:00:00,89.18394464802154,76.7,2.8,62.43501980767867,-26.748924840342866,40.60071697227025,34.71166228002467,413.17159187288576,46.29730826640977,46.63856918314249,7.555579937703838,40.932031197256364,12.650139519083316,0.0,0.0,0.23409892454159462,4.027535787022026,PCM Storage + DSM
2024-03-07 20:00:00,89.81791758956086,77.9,2.0,70.2050697738614,-19.612847815699467,37.30815440509484,31.765716652398215,413.17159187288576,43.64893803300478,43.93831248674439,8.495873283013651,41.223000612476994,20.066288711698448,0.0,0.0,0.23903776839235774,4.870541778117467,PCM Storage + DSM
2024-03-07 21:00:00,111.83962777055905,83.2,1.65,224.02515589649013,112.18552812593109,31.475081280476118,31.66075930711247,1034.6602090715753,50.59335800245454,49.882810757448524,27.110425825865175,51.330126190999515,47.49922843410776,43.75656513995092,70.3374694290073,0.24778737807928583,6.159615142919941,PCM Storage + DSM
2024-03-07 22:00:00,134.81042611422882,83.2,0.3,194.5419481629426,59.73152204871377,35.09754454005619,32.53208557183268,966.1549660419983,53.13487848688229,52.84157632050249,23.542512601252895,61.87284706009525,53.48137044006816,47.38653514622827,18.4192312735637,0.2423536831899157,7.424741647211431,PCM Storage + DSM
2024-03-07 23:00:00,136.84713271361287,85.7,-1.85,187.04849710391676,50.201364390303894,37.344523622281244,34.42082757448104,924.0794938037053,54.99389884378216,54.7885832496488,22.63569189934326,62.80761775671184,54.01177726005358,47.708386557604626,8.936577495762954,0.23898321456657814,7.407081882947033,PCM Storage + DSM
2024-03-08 00:00:00,150.088130587774,86.9,-2.5,176.70833308264642,26.620202494872416,37.288677065312555,33.219006286017596,850.8970109292219,54.918295063304704,54.917796144967255,21.384375954023916,69.24887977460045,39.29314241636276,23.84311978580027,30.746059724144157,0.23906698440203117,8.189922192614974,PCM Storage + DSM
2024-03-08 01:00:00,152.48891615605274,88.3,-2.7,180.1494755501395,27.66055939408676,36.86588005244578,32.86688081007317,836.724459790865,54.92006871075217,54.91986390014692,21.800806141285165,70.35657370436863,39.92166919510331,24.22451049045039,31.852413171213573,0.23970117992133133,8.442788844524236,PCM Storage + DSM
2024-03-08 02:00:00,133.93691166137052,86.9,-2.75,158.29871917823002,24.3618075168595,39.55057986077811,35.55099333939043,798.6629024412878,54.92080125653371,54.92071671731375,19.15653475359596,61.79689930640695,35.06474578707779,21.277324302567752,28.043674784312906,0.23567413020883285,6.469920355792108,PCM Storage + DSM
2024-03-08 03:00:00,126.93789810508461,82.6,-1.7,150.05468738635403,23.11678928126942,40.563485327061564,36.56365599774843,852.7537575113023,54.92110362789346,54.92106873282064,18.158882451981246,58.56763762927122,33.23240078175198,20.165455442908847,26.606256719596526,0.23415477200940765,5.7758870115171455,PCM Storage + DSM
2024-03-08 04:00:00,123.3872975393814,85.5,-0.9,145.87305251287367,22.485754973492277,41.077263163959735,37.07733361133375,784.4595158658891,54.92122843707224,54.92121403350774,17.65284150486225,56.92943272433226,32.30285190173442,19.601404213354204,25.877617951327448,0.2333841052540604,5.438834252967608,PCM Storage + DSM
2024-03-08 05:00:00,145.71457568654165,84.4,-0.5,172.1519788590459,26.437403172504247,37.848494908804696,33.84852398721645,883.4440867332388,54.92127995428976,54.92127400896128,20.83298830864554,67.23097351940903,38.14814370842428,23.148333376032355,30.443033285639636,0.23822725763679295,7.725445989857872,PCM Storage + DSM
2024-03-08 06:00:00,129.1474321837117,86.8,-1.3,152.65148569307547,23.504053509363786,40.24442891557298,36.24444091820675,783.3036550850019,54.92130121894134,54.92129876490083,18.473134249273297,59.587090394586646,33.810857831522,20.51646378381628,27.054260075534817,0.23463335662664053,5.99049437292405,PCM Storage + DSM
2024-03-08 07:00:00,119.74792760674264,82.3,-1.1,70.38559992720609,-49.36232767953655,41.60377373667022,34.41014165397856,413.17159187288576,49.578742965416815,50.13445695710695,8.517720156914923,55.25027068844289,4.30280477836375,0.0,0.0,0.23259433939499466,5.103874011776903,PCM Storage + DSM
2024-03-08 08:00:00,110.12772925421086,82.7,-0.7,77.91136355782051,-32.216365696390355,37.65245500339847,31.425607227641606,413.17159187288576,45.742668554112846,46.164318960080884,9.428451167788701,50.81162549702527,17.13746694047803,0.0,0.0,0.2385213174949023,5.898481263924971,PCM Storage + DSM
2024-03-08 09:00:00,108.81465564071523,84.0,-0.25,86.4659652879003,-22.348690352814927,34.00627271668001,28.20764439513077,413.17159187288576,42.64969017985803,42.988585647701505,10.463687120398875,50.205788936598644,26.416687261878614,0.0,0.0,0.24399059092498,6.024694672391837,PCM Storage + DSM
2024-03-08 10:00:00,90.49941556805888,80.9,0.35,207.03989543116393,116.54047986310505,33.56198045868296,34.1237127079114,1044.8278278414077,50.21332701835328,49.440388115871166,25.054952894106616,41.75535482920202,26.607954986833665,18.21999572823175,112.26991682803302,0.24465702931197555,5.010642579504243,PCM Storage + DSM
2024-03-08 11:00:00,84.5793187452039,77.7,0.9,138.5113494440467,53.93203069884278,41.98176104410118,39.54226686836181,926.3947773492129,52.9780143449387,52.65895779978026,16.76196429868058,39.02389251080019,25.05807088428595,17.279524438876077,49.49872678493569,0.23202735843384822,3.516420856299046,PCM Storage + DSM
2024-03-08 12:00:00,97.4540274165568,81.5,1.35,131.16353150695028,33.70950409039348,42.88455292332159,39.52867525874201,811.433269080158,54.11918363399568,53.98748734679242,15.872767403053135,44.96413008604352,28.428675604402695,19.3248108972801,29.63012030087227,0.2306731706150176,3.8081327914705825,PCM Storage + DSM
2024-03-08 13:00:00,114.84511605490552,82.5,1.5,142.34544564072513,27.500329585819614,41.51068365212663,37.776556649384375,829.6094253831794,54.59022163811438,54.53586164360931,17.22594781934069,52.988171704458686,32.98167070112415,22.087573068983744,23.899019235566648,0.23273397452181005,4.924503325354758,PCM Storage + DSM
2024-03-08 14:00:00,114.82554569200319,80.6,1.6,138.4886350595091,23.66308936750592,41.984551853846,38.09429568168581,856.749444555521,54.78465098657468,54.762212928028426,16.759215515247213,52.97914217159382,32.97654717101121,22.084464105569346,20.061241036514936,0.232023172219231,4.773033372631726,PCM Storage + DSM
2024-03-08 15:00:00,108.29226787679158,80.5,2.55,129.21629241482856,20.924024538036974,43.123801044916,39.169099769770206,825.8913525086845,54.86490517246236,54.85564346307646,15.637122076701559,49.964765430489244,31.26613199938216,21.04658239612329,17.1425792502502,0.230314298432626,4.159926155145432,PCM Storage + DSM
2024-03-08 16:00:00,107.46660940443525,80.4,2.4,127.59127682402163,20.124667419586387,43.32345907830037,39.34215693597316,822.096028017892,54.89803152094573,54.89420858499197,15.440470658408158,49.58381642364125,31.049974227181753,20.915417634583136,16.320525140613587,0.23001481138254945,4.068810566231832,PCM Storage + DSM
2024-03-08 17:00:00,105.54477654314607,79.7,2.4,62.376566293702844,-43.16821024944323,43.63451418978501,36.83070516471185,413.17159187288576,50.208361850502015,50.69600905476365,7.5485061800779985,48.697105580904356,4.131768352512097,0.0,0.0,0.2295482287153225,3.9051628418407103,PCM Storage + DSM
2024-03-08 18:00:00,116.77649130391349,80.6,1.9,74.85337371428045,-41.92311758963304,37.320553118813805,30.590691894505678,413.17159187288576,45.544381862530315,46.049375580006725,9.05838823223227,53.87928529148532,10.410363239980036,0.0,0.0,0.2390191703217793,6.361887197340371,PCM Storage + DSM
2024-03-08 19:00:00,111.94230762251011,83.7,1.2,87.0723351893002,-24.86997243320991,33.35567590806909,27.43679805304967,413.17159187288576,42.23361910181806,42.59856249146629,10.537067032441142,51.648850391331344,25.297064995058445,0.0,0.0,0.24496648613789637,6.197862046959762,PCM Storage + DSM
2024-03-08 20:00:00,120.02811920277959,80.0,1.0,88.20635046257489,-31.821768740204703,29.0,25.0,413.17159187288576,38.35338760634832,38.77186056902112,10.6743,55.37954776099906,21.968931812404463,0.0,0.0,0.2515,6.645545731319888,PCM Storage + DSM
2024-03-08 21:00:00,99.22244315909886,83.1,0.9,244.16982827010347,144.94738511100462,29.0,30.154777530927078,1078.1905191855233,48.55912586871458,47.51460624928565,29.548235294117646,45.78005609343148,51.820418391727486,48.786371594744814,88.80721480931174,0.2515,5.493606731211778,PCM Storage + DSM
2024-03-08 22:00:00,101.34207629507158,79.8,0.8,171.70520117915535,70.36312488408377,37.9033883839391,36.012194106901106,979.0510236916238,52.29521487206199,51.86405446402901,20.7789214646661,46.75802963220771,52.37533933288417,49.12309820040662,14.281222372543343,0.23814491742409136,5.357519590911225,PCM Storage + DSM
2024-03-08 23:00:00,104.73255743659972,80.6,0.75,160.801866511715,56.06930907511527,41.14915783420533,38.715448321336886,973.7233462676545,55.00141687766906,54.70236516199215,19.459453369338434,48.32235733772487,53.26296887315709,46.86326983073522,2.87905231111669,0.233276263248692,4.59570035543644,PCM Storage + DSM
2024-03-09 00:00:00,104.35110847884859,83.7,1.0,122.81316157705179,18.4620530982032,43.91052365718244,39.8184198458534,737.3564167185611,54.90697955725915,54.90462155830005,14.862246581419841,53.41709139380838,30.309882072267623,18.392068042936977,23.9846867408256,0.22913421451422633,4.19521052460827,PCM Storage + DSM
2024-03-09 01:00:00,109.26067892341312,79.7,0.85,129.36051259382003,20.09983367040691,43.10608138888644,39.11083249130736,844.4882007905068,54.91539784069451,54.91442615400118,15.654574895557973,55.93028916395762,31.73591868433106,19.25738854594175,25.882299329221766,0.23034087791667035,4.662545313240444,PCM Storage + DSM
2024-03-09 02:00:00,119.98225550725951,81.6,0.7,141.91164519836903,21.92938969110952,41.563982675035746,37.56594434945076,846.7748340176962,54.91887327149783,54.918472190483484,17.17345141701185,61.41863945188125,34.85011389147675,21.147085444538977,28.27927950484751,0.2326540259874464,5.688355095929832,PCM Storage + DSM
2024-03-09 03:00:00,139.5518495039368,86.0,0.75,164.91741573062058,25.365566226683768,38.737371701610854,34.73818141776682,833.5841100965469,54.920307817638054,54.92014226428648,19.95749695460164,71.4362694157462,40.53430924778841,24.596261113166346,32.75114890227974,0.23689394244758372,7.827684212180144,PCM Storage + DSM
2024-03-09 04:00:00,135.0082592775677,83.7,0.75,159.55778453882928,24.54952526126158,39.39588441341024,35.39621863821429,860.3490867533129,54.92089995217697,54.9208316170745,19.30890066952111,69.1104160739279,39.21457545718982,23.79544527305917,31.694644901934232,0.23590617337988465,7.299766516816423,PCM Storage + DSM
2024-03-09 05:00:00,109.46378229208963,80.6,0.8,129.4862739374062,20.022491645316563,43.09062968326697,39.090767640523765,824.6786215822805,54.921144366282824,54.921116159748884,15.669793916669288,56.034257309242655,31.794912203832705,19.293185875082777,25.815706260353675,0.23036405547509956,4.676407412024164,PCM Storage + DSM
2024-03-09 06:00:00,100.32980006137018,80.8,0.85,118.73328655944087,18.40348649807069,44.411798738528404,40.41185568284994,779.4938215343926,54.92124525257002,54.921233609819396,14.368520113063552,51.35859290356306,29.141850551695004,17.68330529844836,23.713298125886915,0.2283823018922074,3.8790738238562317,PCM Storage + DSM
2024-03-09 07:00:00,119.8871950217794,82.3,0.3,70.42053021969066,-49.466664802088744,41.58357740264925,34.38415774948758,413.17159187288576,49.56900692884861,50.12572743306846,8.521947249625512,61.369978208940445,12.831027505291985,0.0,0.0,0.23262463389602614,5.676633113155396,PCM Storage + DSM
2024-03-09 08:00:00,116.78189643424355,85.1,0.1,83.74342645398603,-33.03846998025752,36.680416526070914,30.36407744723224,413.17159187288576,45.5830236992824,46.02030808998487,10.134218821093357,59.780383034787704,27.645597653581483,0.0,0.0,0.23997937521089363,7.173645964174524,PCM Storage + DSM
2024-03-09 09:00:00,107.09801878536156,80.4,0.6,80.08638187906271,-27.011636906298847,34.094881894414485,28.10415897487563,413.17159187288576,42.16557643132245,42.53885881732799,9.69166121949905,54.823228434732464,28.640340102659188,0.0,0.0,0.24385767715837828,6.5787874121678955,PCM Storage + DSM
2024-03-09 10:00:00,97.73311047409636,79.7,1.05,219.4943917477265,121.76128127363013,32.031754991662694,32.777859965812354,1100.0059676589726,50.03078852290762,49.227881479895416,26.562134965858814,50.02935350182856,30.58288778669787,21.553460093875668,120.41056770081084,0.24695236751250596,6.0035224202194275,PCM Storage + DSM
2024-03-09 11:00:00,86.35550208094831,81.9,1.7,142.08765553328098,55.73215345233267,41.54235711185798,39.16336704421062,841.0684290876359,52.90266855222414,52.571241531183915,17.194751324649996,44.20518204606544,27.27814120865208,19.548136424744875,53.77929617638904,0.23268646433221302,4.0998475072403195,PCM Storage + DSM
2024-03-09 12:00:00,81.37474559861303,76.3,2.75,112.8509258953514,31.476180296738363,45.13453676547034,41.80363304340669,865.0322839823195,54.088083312456526,53.95128089040102,13.656665670527337,41.65554430761117,25.831427859738643,18.67026925626168,29.259723585043364,0.2272981948517945,2.9655739769776903,PCM Storage + DSM
2024-03-09 13:00:00,68.79307234705938,76.6,3.55,88.39379790551537,19.60072555845599,48.13946921307577,44.41565065111341,741.958431925633,54.57738442497895,54.52091678212324,10.696983970368196,35.21501483205221,22.176947920949175,16.452727019194985,16.71840172764366,0.22279079618038636,1.8721423384883522,PCM Storage + DSM
2024-03-09 14:00:00,81.1825150125462,77.4,4.0,98.99416125892934,17.811646246383134,46.83705235487726,42.951051175747274,773.7757571497367,54.77935219759346,54.75604416955002,11.979787962937367,41.557141914629426,25.775592454832058,18.636388274349617,15.585016004984151,0.2247444214676841,2.5340583453558883,PCM Storage + DSM
2024-03-09 15:00:00,77.14452246866351,78.2,3.5,92.5974964188751,15.452973950211586,47.622980520372565,43.67003556958981,723.4439195208497,54.862718002679365,54.85309719784673,11.205694950993045,39.490102858615764,24.602714853454305,17.924684922975867,13.012638710403081,0.22356552921944114,2.2217967825463867,PCM Storage + DSM
2024-03-09 16:00:00,82.86613931172373,75.7,3.6,98.65351418678978,15.78737487506605,46.87890606070401,42.898328872623814,817.7167146988908,54.89712872755717,54.893157568544694,11.938564524680707,42.418985304440966,26.26461892236035,18.933130044711284,13.649848049353931,0.224681640908944,2.5759592104551783,PCM Storage + DSM
2024-03-09 17:00:00,90.02754535380399,79.3,3.2,57.80515104322584,-32.222394310578146,45.877659230382136,39.68798752830739,413.17159187288576,51.23486579827843,51.61563973466615,6.995295923081019,46.08489251553218,14.559151613664813,0.0,0.0,0.2261835111544268,3.0754312733337645,PCM Storage + DSM
2024-03-09 18:00:00,99.67338565528844,80.4,2.65,68.45427035231302,-31.219115302975425,40.820448531659494,34.683165457015974,413.17159187288576,47.58351130805694,47.978822103915476,8.28400012232367,51.0225758853156,20.574755674321327,0.0,0.0,0.23376932720251076,4.953134355502637,PCM Storage + DSM
2024-03-09 19:00:00,114.58809887741974,78.9,2.15,75.90557665853288,-38.68252221888686,35.012180253646434,28.42794873481694,413.17159187288576,43.18156718507754,43.6555437891327,9.185720672911803,58.65738313281614,20.861569413721433,0.0,0.0,0.24248172961953035,7.038885975937937,PCM Storage + DSM
2024-03-09 20:00:00,115.64975123964432,83.5,1.75,91.74030560304293,-23.90944563660139,30.456703670215436,25.0,413.17159187288576,39.892368387815516,40.25380537445425,11.10196192182391,59.20084052476994,33.59169224801495,2.5946264448738496,0.0,0.24931494449467684,7.104100862972392,PCM Storage + DSM
2024-03-09 21:00:00,115.64824968764135,81.5,1.5,244.1698282701035,128.52157858246215,29.0,28.743178083425203,1111.049658817844,49.14734653766104,48.19939843512763,29.54823529411765,59.200071883768,49.50972257585644,54.288246068546115,84.81859400720049,0.2515,7.10400862605216,PCM Storage + DSM
2024-03-09 22:00:00,118.02970595630842,79.9,1.0,186.559566568428,68.52986061211959,36.078302275489946,33.99213686367736,1017.0190813641715,52.53801282927362,52.14671564606572,22.576523923482135,60.41913384686666,50.201441712488275,54.70798196184984,24.952911214629307,0.24088254658676508,7.250296061623999,PCM Storage + DSM
2024-03-09 23:00:00,113.058352458467,84.8,0.7,167.38355847408414,54.32520601561714,40.18790836458847,37.61801802986722,896.3156653482542,55.00845075840987,54.735546108671336,20.25593745631724,57.87430947445522,48.75745955977663,53.831772086069506,10.485154821924025,0.2347181374531173,5.837929165324239,PCM Storage + DSM
2024-03-10 00:00:00,125.39798822161839,81.3,0.55,147.52878391225175,22.130795690633363,40.87383122344006,36.78464364189098,871.7961639110412,54.91367731420468,54.91241930536184,17.853209999689394,57.840477442989105,32.81979614681647,19.915086520242912,34.69865909086745,0.2336892531648399,5.596471808174703,PCM Storage + DSM
2024-03-10 01:00:00,109.19484073750081,83.0,0.2,129.22850587388572,20.03366513638491,43.12230043456496,39.12483158411985,774.156923171395,54.91816251023993,54.91764473446975,15.638600089626141,50.366690982362634,28.579026379236875,17.34178300379282,30.977587458119867,0.23031654934815254,4.193842833350009,PCM Storage + DSM
2024-03-10 02:00:00,121.38461669877567,82.2,-0.05,143.53976890553415,22.155152206758473,41.36394276199243,37.364988065423326,839.709786628229,54.92001443822759,54.91980071705142,17.37047896430581,55.98928885272989,31.769396239217087,19.277702761150735,34.32078024589304,0.23295408585701136,5.252710351299741,PCM Storage + DSM
2024-03-10 03:00:00,118.12002960294832,84.5,-0.3,139.6821694790537,21.562139876105377,41.83790788542444,37.838339353090646,782.1671975264838,54.92077885458584,54.92069063735354,16.903651198026655,54.48348099285291,30.914971981634697,18.75923723081568,33.400578577831965,0.23224313817186334,4.956501345218174,PCM Storage + DSM
2024-03-10 04:00:00,121.42268374499785,83.1,-0.7,143.5632806617701,22.140596916772253,41.36105398293206,37.361232078916856,821.6799163010153,54.921094381089404,54.9210579678513,17.37332424175209,56.0068474767522,31.779359339220857,19.283748380620683,34.31004018008829,0.2329584190256019,5.255328385650511,PCM Storage + DSM
2024-03-10 05:00:00,117.96246808957768,83.7,-1.05,139.48792473665796,21.525456647080276,41.86177382460767,37.861847336906024,796.460286435285,54.92122462028874,54.92120959007441,16.880144651809957,54.410804921336585,30.873734184898524,18.734214092761096,33.34810393456442,0.2322073392630885,4.9420984277060604,PCM Storage + DSM
2024-03-10 06:00:00,120.71047995787953,84.7,-1.5,142.72136524938458,22.010885291505048,41.46449617540323,37.46452651891718,788.5863279395508,54.92127837884419,54.9212721748548,17.271439767002846,55.67833975770629,31.59295775942115,19.17063970765346,34.108948782014735,0.23280325573689517,5.189946361518268,PCM Storage + DSM
2024-03-10 07:00:00,136.27021971170763,84.5,-1.75,78.32316674139346,-57.94705297031416,39.214354659692134,31.50447567045106,413.17159187288576,48.715102474860004,49.360646779920756,9.478285569726436,62.855351040052504,13.017558827451452,0.0,0.0,0.2361784680104618,6.70753788803355,PCM Storage + DSM
2024-03-10 08:00:00,127.35135043922163,87.5,-2.0,92.01479885177362,-35.336551587448014,34.29799451138673,27.81404848512719,413.17159187288576,44.431018657218004,44.902928410549066,11.135179748766758,58.74147597484425,30.98343501681605,0.0,0.0,0.2435530082329199,7.048977116981311,PCM Storage + DSM
2024-03-10 09:00:00,129.12998371684986,83.1,-1.7,92.25918847971636,-36.87079523713351,29.756690954899966,25.0,413.17159187288576,39.988079744310326,40.469440526613454,11.164754583139437,59.56187986993855,30.375439378944915,0.0,0.0,0.25036496356765003,7.147425584392626,PCM Storage + DSM
2024-03-10 10:00:00,115.78504481254119,84.2,-0.95,244.1698282701035,128.38478345756232,29.0,28.809263433489836,1056.7048385495798,49.202674541226564,48.26381173369683,29.54823529411765,53.40645705479277,32.3335973204667,22.843753224475165,133.50410502844994,0.2515,6.408774846575132,PCM Storage + DSM
2024-03-10 11:00:00,119.02132879913165,83.5,-0.25,187.27642502873374,68.25509622960209,35.99022524336221,33.885721231881924,941.6747272878958,52.56085066246293,52.17330305645573,22.66327461912607,54.899209957611845,33.180613945050744,23.35772379538353,73.69877049262342,0.24101466213495668,6.587905194913421,PCM Storage + DSM
2024-03-10 12:00:00,120.778503057195,81.8,0.7,162.01250081014294,41.23399775294794,39.09428495429138,35.87667940087272,906.2818946171427,53.94699187394991,53.78702467816034,19.605958395608535,55.70971576777914,33.640510485353694,23.63678949553359,46.853782704497405,0.23635857256856294,5.985133774891641,PCM Storage + DSM
2024-03-10 13:00:00,100.10415935731037,82.4,1.65,126.39632157357418,26.29216221626382,43.470277617541704,39.79322489806638,775.6287605610198,54.519146413985574,54.45311709707179,15.295863033640105,46.173566684522754,28.2295166143814,20.353392773053645,29.83988579590008,0.22979458357368746,3.748293231897109,PCM Storage + DSM
2024-03-10 14:00:00,102.09021963976208,77.1,2.4,124.0772174498386,21.986997810076517,43.755215049021174,39.88851730656812,888.9245500012934,54.75531341848421,54.728058638711516,15.015216424658204,47.08964736968132,28.74931836343464,20.668809016331345,25.733771906299786,0.22936717742646823,3.742153516973129,PCM Storage + DSM
2024-03-10 15:00:00,81.073161877461,80.9,2.25,97.41728595562219,16.344124078161187,47.03079561723842,43.08581850468383,687.1187618441477,54.852795567293825,54.84154567019997,11.788962246174115,37.395419633986265,23.248627633488205,17.330984146306744,17.984488695433242,0.22445380657414238,2.2368154878620667,PCM Storage + DSM
2024-03-10 16:00:00,90.55031660284419,77.6,2.4,107.77880273279415,17.228486129949957,45.757724716065084,41.780436395511074,808.5931135178292,54.89303306514716,54.888389469209926,13.04286219730625,41.7668067821474,25.7290365343807,18.836098853475523,19.81868724540408,0.22636341292590237,2.8173236374549253,PCM Storage + DSM
2024-03-10 17:00:00,76.30295291061663,79.3,2.05,54.37944640101238,-21.923506509604245,47.85836624112072,42.2394734623169,413.17159187288576,52.18574808456409,52.46716118856977,6.580733945733433,35.195135817171895,17.81231723663051,0.0,0.0,0.22321245063831893,1.9304462504075994,PCM Storage + DSM
2024-03-10 18:00:00,90.02153610307877,78.8,1.35,61.62831107128463,-28.393225031794145,43.16714762426227,37.21156203170919,413.17159187288576,48.85816738188121,49.21575318278052,7.4579560022419065,41.522904013030235,18.486741673394008,0.0,0.0,0.2302492785636066,3.4462812085450505,PCM Storage + DSM
2024-03-10 19:00:00,97.09207319134205,82.2,0.15,75.03238521881329,-22.059687972528764,38.81705051743311,33.108297611956885,413.17159187288576,45.92831634773087,46.247634391476836,9.080051326701252,44.784226198205495,25.41142880203142,3.0909304375195195,0.0,0.23677442422385034,4.885855935466915,PCM Storage + DSM
2024-03-10 20:00:00,130.42693951332888,83.1,-0.85,89.99395173571116,-40.43298777761771,31.066427423288168,25.0,413.17159187288576,41.175512315314826,41.68288877881778,10.890626740305786,60.16010750943003,27.488654604080452,0.0,0.0,0.24840035886506776,7.219212901131603,PCM Storage + DSM
2024-03-10 21:00:00,140.8924462855513,87.8,-1.45,244.16982827010347,103.27738198455216,29.0,25.93669485769697,992.0086239445036,49.66715951470708,48.80455484597452,29.548235294117646,64.98737720468517,46.237690106900466,52.59076214255308,77.82063029479681,0.2515,7.7984852645622205,PCM Storage + DSM
2024-03-10 22:00:00,153.9056527919164,85.9,-1.85,224.55598342944788,70.65033063753148,31.409860994654743,29.151399391707407,984.4813466126915,52.75257478743456,52.39650496645155,27.174663970911826,70.98978671752461,49.643572376722204,54.65745505489895,46.497812006778574,0.24788520850801787,8.518774406102951,PCM Storage + DSM
2024-03-10 23:00:00,133.7538869386873,86.9,-2.35,188.7546540542983,55.00076711561101,37.40955433426993,34.712842216765424,911.1231469848881,55.003829726282895,54.755158607385695,22.842162647083637,61.694679397221115,44.36935022466914,51.457051554059134,28.828561852650818,0.2388856684985951,7.25175758757538,PCM Storage + DSM
2024-03-11 00:00:00,141.37011440749518,84.7,-2.7,166.3661133432577,24.995998935762515,38.559377030086424,34.47696878883022,861.3550273307266,54.91556429771913,54.91461643320747,20.13281123577841,59.5656012115134,33.79866445693375,20.509064831403162,38.46058240925059,0.23716093445487035,6.590560763506475,PCM Storage + DSM
2024-03-11 01:00:00,154.18944908482902,88.3,-3.0,182.17328453328543,27.983835448456404,36.61722414796927,32.61912991251353,842.0533990616005,54.918941447136156,54.91855155933548,22.04571758037662,64.96696472025305,36.86350169736659,22.368811264337754,42.6693771319662,0.2400741637780461,7.796035766430365,PCM Storage + DSM
2024-03-11 02:00:00,173.16828718521572,90.1,-3.2,204.48451581907585,31.316228633860135,33.875947949694336,29.876735068500746,868.8385089866304,54.920335958343195,54.92017502520866,24.74571338413636,72.9636046500116,41.4009485504437,25.122138745587204,47.8093811473073,0.2441860780754585,8.755632558001393,PCM Storage + DSM
2024-03-11 03:00:00,157.0631733771125,89.0,-3.35,185.5169162094435,28.453742832331017,36.20640782805206,32.20673272540297,839.4659387059378,54.920911567755574,54.9208451397302,22.450347489829202,66.17779429270843,37.55054961766932,22.785712658702725,43.412988054777685,0.2406903882579219,7.94133531512501,PCM Storage + DSM
2024-03-11 04:00:00,140.38340583416445,85.5,-3.55,165.8795952533917,25.49618941922725,38.61915322274457,34.61928732992848,845.2755277711865,54.92114916082034,54.92112174146652,20.073935202256763,59.1498564153991,33.56276288660145,20.365919512571413,38.866795321817115,0.23707127016588314,6.523346686008659,PCM Storage + DSM
2024-03-11 05:00:00,135.44040052440357,87.2,-3.7,160.05958134008415,24.61918081568058,39.33423099724373,35.334286352378896,798.835602001469,54.92124723160099,54.92123591377302,19.369625657773597,57.06714548104338,32.380992760902295,19.648820168167962,37.51899762764748,0.2359986535041344,6.048810058288793,PCM Storage + DSM
2024-03-11 06:00:00,143.2786742907657,88.4,-3.9,169.28468967332108,26.006015382555375,38.20078526417403,34.20080811299466,805.6038520856754,54.92128771206713,54.92128304043151,20.486003031568828,60.369763515347245,34.254961570089414,20.785946395407436,39.65237676554116,0.23769882210373897,6.80942488725627,PCM Storage + DSM
2024-03-11 07:00:00,170.21049793291942,87.4,-4.05,91.82793133752091,-78.38256659539852,34.30603937637559,25.41006321612607,413.17159187288576,46.730914936664156,47.58284847384737,11.112565958524591,71.71735472082119,3.215719927910598,0.0,0.0,0.24354094093543663,8.606082566498545,PCM Storage + DSM
2024-03-11 08:00:00,164.06611076103633,92.8,-4.05,110.34441489239761,-53.72169586863872,29.0,25.0,413.17159187288576,41.83266226030456,42.37686238398793,13.353340000000001,69.12844745775878,24.930994048995373,0.0,0.0,0.2515,8.295413694931055,PCM Storage + DSM
2024-03-11 09:00:00,163.68384578247486,86.9,-3.55,100.1401508192762,-63.54369496319866,29.0,25.0,413.17159187288576,39.12053315786743,39.424805746380166,12.118470000000002,68.96738199236285,14.92573853002395,0.0,0.0,0.2515,8.276085839083542,PCM Storage + DSM
2024-03-11 10:00:00,128.23944804279284,86.1,-2.35,244.16982827010344,115.9303802273106,29.0,26.420883539649672,1021.5430313123785,48.83931821237526,47.84079811716855,29.548235294117642,54.03305963015196,36.08650654240137,23.764216157707633,117.55717714006806,0.2515,6.483967155618235,PCM Storage + DSM
2024-03-11 11:00:00,124.50319623495865,83.5,-1.15,196.68611873440156,72.18292249944291,34.83410037252943,32.850033513656584,965.4943358264837,52.41086877818765,51.99869674102363,23.801989609551015,52.45880833846985,35.19324616902711,23.22218483181903,73.4538657400477,0.24274884944120587,6.2950570006163815,PCM Storage + DSM
2024-03-11 12:00:00,127.10682061602051,83.4,-0.05,170.6818408220888,43.575020206068274,38.029123864565456,34.86123096026271,898.6921089028833,53.885084172690235,53.71495280317576,20.655079412453883,53.55583264404459,35.81571879838176,23.599901872309648,45.093941726660624,0.23795631420315183,6.096006404521391,PCM Storage + DSM
2024-03-11 13:00:00,124.27713221753585,83.7,1.2,155.35257366865446,31.075441451118607,39.9125589222922,36.25602598655773,847.5584586925453,54.49359290468198,54.42336814354144,18.800006670890557,52.36355737848785,35.13919894764172,23.18938892153202,32.324853565107986,0.2351311616165617,5.368555207944496,PCM Storage + DSM
2024-03-11 14:00:00,112.27695756327756,80.1,2.25,136.27532355238145,23.99836598910389,42.25649104340212,38.39826320815059,860.2537990388159,54.744765751159434,54.715779226855766,16.491371409957345,47.307342909680976,32.27020589162157,21.44848094388879,24.10483955483013,0.23161526343489683,4.184857403410372,PCM Storage + DSM
2024-03-11 15:00:00,85.28860691176479,78.4,3.1,102.46485108358951,17.17624417182472,46.4106249970113,42.469143989918095,765.1911423984972,54.848441829234915,54.836477123658696,12.39979382647311,35.93593432730759,25.81785058484687,17.533185016426692,14.71225295663122,0.22538406250448306,2.283234508047808,PCM Storage + DSM
2024-03-11 16:00:00,91.64951705312687,76.4,3.5,109.10803293570778,17.45851588258091,45.59440844406731,41.618563203479354,846.1121845525296,54.89123598201002,54.88629733610595,13.203719118384525,38.616072476807155,27.338612369681403,18.455984853030692,15.60035996662789,0.22660838733389904,2.642634900988538,PCM Storage + DSM
2024-03-11 17:00:00,93.16322959622896,80.3,3.5,60.329174827905995,-32.834054768322964,45.418294770299354,39.17609139739845,413.17159187288576,51.141286895271136,51.531142229028006,7.300740904576345,39.253867799172006,11.828054762817015,0.0,0.0,0.22687255784455096,2.727760355853889,PCM Storage + DSM
2024-03-11 18:00:00,106.34048005266666,79.0,2.75,67.86233799967657,-38.478142052990094,39.76269769882423,33.24887355499908,413.17159187288576,46.858213769022385,47.3196036176805,8.212367371636088,44.80603735807835,12.501092869308577,0.0,0.0,0.23535595345176366,4.634011265153829,PCM Storage + DSM
2024-03-11 19:00:00,84.5123776481591,80.9,1.3,73.09655319358288,-11.415824454576224,38.63632858266311,33.528415330618316,413.17159187288576,44.912792439447216,45.133941740705076,8.845786427648612,35.60887395136868,20.20515797528672,8.893940502906778,0.0,0.23704550712600533,3.9234579647058068,PCM Storage + DSM
2024-03-11 20:00:00,93.80429662792426,78.9,0.05,75.32624755868281,-18.47804906924145,35.34714235033685,29.79993802645159,413.17159187288576,42.28040268880516,42.5632224978271,9.115613106074498,39.52397823460493,22.426663228178036,4.064722410299996,0.0,0.24197928647449474,4.742877388152591,PCM Storage + DSM
2024-03-11 21:00:00,98.80966161110722,83.8,-0.75,219.8269576610308,121.01729604992359,31.990894179867013,32.67598602166022,1013.6210677631873,50.06158855942385,49.26373688754026,26.6023804619004,41.63296411012702,44.07595578848762,40.32584503835732,83.98448348954787,0.24701365873019948,4.995955693215242,PCM Storage + DSM
2024-03-11 22:00:00,107.91899735146889,84.0,-1.25,167.21791876372873,59.298921412259844,38.45471969877249,36.06552041512229,877.0820248891084,52.91538159537048,52.5860418360969,20.23589255080903,45.47113784498114,46.25380917287811,41.64736874266432,23.133713804870062,0.23731792045184125,5.059649981705577,PCM Storage + DSM
2024-03-11 23:00:00,121.20302146641524,82.0,-1.65,171.66325853126594,50.4602370648507,39.387423516029514,36.5921849726341,962.3661400398827,54.99648289403983,54.76659933187601,20.77384577109055,51.06829595885383,49.429744027148004,43.574529323507065,15.560246312587442,0.23591886472595572,5.396665610888124,PCM Storage + DSM
2024-03-12 00:00:00,123.15674723377158,87.5,-2.05,144.98817578979137,21.831428556019787,41.18598381089856,37.11020886461861,747.8610562397057,54.91556727914528,54.914620171554134,17.545758062959674,55.54028615278162,31.514623496440244,19.123106395204307,35.35932326015974,0.23322102428365216,5.269889906204489,PCM Storage + DSM
2024-03-12 01:00:00,157.72226569344772,85.2,-2.35,186.33150183863634,28.609236145188618,36.10632351768119,32.10822835015994,906.6955913226966,54.918942718373884,54.918553039292014,22.548924648232127,71.12837880210772,40.35960620898495,24.490251127072703,45.93390775858654,0.24084051472347823,8.535405456252926,PCM Storage + DSM
2024-03-12 02:00:00,160.96504125524922,89.6,-2.5,190.12088285892628,29.15584160367706,35.64074006941443,31.641526766860053,841.7141222216051,54.92033648306981,54.92017563608631,23.007496957513226,72.59078087651322,41.18940119146893,24.993771587599237,46.83670910024442,0.24153888989587835,8.710893705181586,PCM Storage + DSM
2024-03-12 03:00:00,158.9402795385295,88.0,-1.9,187.7263277501046,28.786048211575093,35.93494780905859,31.935272532484824,861.3499892099359,54.92091178434586,54.92084539188087,22.71771964030135,71.67766935267319,40.671284201489435,24.679377657884032,46.2445100022434,0.24109757828641212,8.601320322320785,PCM Storage + DSM
2024-03-12 04:00:00,154.25103756017208,84.7,-2.2,182.20225303534815,27.95121547517607,36.61366492417803,32.613798959571454,905.1756042682849,54.92114925022185,54.921121845546224,22.049223206444886,69.5629509375851,39.47135241739379,23.95125780023,44.8945973116374,0.24007950261373295,8.347554112510212,PCM Storage + DSM
2024-03-12 05:00:00,159.5510087940404,88.7,-2.45,188.4385611030261,28.887552308985704,35.84743904215227,31.847494367654633,851.7350503339027,54.92124726850305,54.92123595673377,22.803910628129554,71.95309135248101,40.82756392613297,24.77420835773704,46.41309837434346,0.2412288414367716,8.634370962297723,PCM Storage + DSM
2024-03-12 06:00:00,162.81566677324793,90.0,-3.15,192.28037336006082,29.464706586812895,35.37541361408199,31.375436450671174,840.906232261535,54.92128772729914,54.92128305816435,23.268827908577126,73.42536179180962,41.662958408126585,25.281126600404132,47.34885216360399,0.24193687957887702,8.811043415017155,PCM Storage + DSM
2024-03-12 07:00:00,144.39819828520916,85.9,-2.85,82.77746733003983,-61.620730955169336,38.03892410588695,30.09972968380433,413.17159187288576,48.331494638718524,49.01694151463927,10.017323184637863,65.11959298083366,13.611855091368124,0.0,0.0,0.23794161384116957,7.408425268220031,PCM Storage + DSM
2024-03-12 08:00:00,108.97811541177113,85.6,-3.25,84.79663917309995,-24.18147623867118,36.57145981951723,30.74245851840528,413.17159187288576,45.13509588908631,45.495493792530624,10.261673459775043,49.14611542047033,27.886448397622257,4.710522340668334,0.0,0.24014281027072415,5.897533850456439,PCM Storage + DSM
2024-03-12 09:00:00,111.56382331885987,82.1,-2.15,84.9182857711317,-26.645537547728168,33.00112501406292,26.975609002751913,413.17159187288576,41.674777806599295,42.04938770741304,10.27639453455663,50.31219815887379,28.548106106143848,2.9319772831625794,0.0,0.24549831247890563,6.037463779064855,PCM Storage + DSM
2024-03-12 10:00:00,102.65598524865136,84.8,-0.9,229.28338478623596,126.6273995375846,30.829027393269904,31.755009754530715,1014.8763119362393,49.84063817632335,49.006512830988754,27.74675090159346,46.29500960417027,27.93569419474815,19.441532274199254,132.73474098656197,0.24875645891009515,5.5554011525004325,PCM Storage + DSM
2024-03-12 11:00:00,115.80968694147558,81.2,0.1,178.303834349526,62.494147408050424,37.092645318288355,34.77668227557632,965.7182676365883,52.824180767108125,52.47986740937534,21.57745569356352,52.226965200570206,31.3015995612401,21.483967159924134,70.0463296429933,0.23936103202256748,6.238204321182974,PCM Storage + DSM
2024-03-12 12:00:00,100.06502184083341,82.1,1.15,135.48880859816086,35.42378675732745,42.3531264417795,39.0482380997784,814.3314852240491,54.05568607743997,53.913564589772044,16.396191226990826,45.12655678031933,27.27269165429095,19.039221641394576,41.24652926267808,0.23147031033733076,3.965777827675171,PCM Storage + DSM
2024-03-12 13:00:00,95.14439844496026,79.4,1.95,119.67385803243366,24.529459587473397,44.29623513925123,40.58315489001597,814.4161386730374,54.56401188764417,54.50534870546383,14.48234346049279,42.9074917465692,26.013551597641293,18.27517414222345,29.811706531896732,0.22855564729112315,3.270520115477602,PCM Storage + DSM
2024-03-12 14:00:00,81.57555190534175,78.0,2.65,99.56561763897099,17.990065733629237,46.76684019343737,42.8852714446608,761.5426744737184,54.773832443988574,54.74961816787879,12.04894281182851,36.78831730829743,22.54141466984986,16.16827783434361,21.781871176734178,0.22484973970984395,2.25876438018205,PCM Storage + DSM
2024-03-12 15:00:00,71.52835334138268,77.7,3.2,86.03200552004026,14.503652178657575,48.42965155077998,44.47853616478432,702.1548992597667,54.86043962580175,54.85044475089507,10.411171437278828,32.257308688713785,19.970433484904127,14.608203770779458,17.19184415926312,0.22235552267383002,1.658738252977978,PCM Storage + DSM
2024-03-12 16:00:00,71.68692086684896,76.1,3.45,85.51374936604566,13.826828499196694,48.49332725031252,44.51350524777235,739.9845587864459,54.896188286811444,54.892062723695396,10.348454618868663,32.32881825629126,20.01100938493456,14.6328252692229,16.532437997203317,0.22226000912453123,1.6500640637423518,PCM Storage + DSM
2024-03-12 17:00:00,72.65797486590202,77.5,3.35,50.34914392370839,-22.30883094219363,48.388645470048964,42.781518572620634,413.17159187288576,52.20848288378098,52.48788048971413,6.093006503118752,32.76673674787692,15.546539907167178,0.0,0.0,0.22241703179492656,1.692995921553258,PCM Storage + DSM
2024-03-12 18:00:00,85.97647616311833,78.7,2.2,60.404288401526685,-25.57218776159165,43.77486487852212,37.97748813705173,413.17159187288576,49.145968340668915,49.475900797597035,7.309830780925321,38.77301240705368,19.222226003489403,0.0,0.0,0.22933770268221682,3.0766699689001378,PCM Storage + DSM
2024-03-12 19:00:00,95.59482768444664,79.5,2.55,69.49038475061899,-26.104442933827656,39.32137789744222,33.43703659491593,413.17159187288576,45.9278942617213,46.276065869658694,8.409385606065344,43.11062287348315,23.701206892695975,0.0,0.0,0.23601793315383668,4.572818462317153,PCM Storage + DSM
2024-03-12 20:00:00,100.61693888981499,80.7,1.8,78.38773213173764,-22.229206758077353,35.37702361844302,29.633258157143032,413.17159187288576,42.941348985587645,43.26618070383608,9.486098956659877,45.375456101887565,25.74690398779338,4.4460981366522425,0.0,0.24193446457233547,5.445054732226509,PCM Storage + DSM
2024-03-12 21:00:00,120.00440944915802,82.2,-0.8,239.39443620636857,119.39002675721055,29.586729994148058,30.03878212572171,1086.9749457104115,50.32430909750892,49.56959070417438,28.97034076341089,54.118669014133665,36.792628140922616,43.688357743311755,101.43227292892948,0.2506199050087779,6.494240281696039,PCM Storage + DSM
2024-03-12 22:00:00,128.69439112812537,86.4,-1.15,189.53296092959198,60.838569801466605,35.712975275561675,33.2366950620965,893.282290238018,53.02382405433908,52.71228867107927,22.936349528587957,58.03761036288607,39.0163106183738,45.037690589069946,43.83534879233213,0.2414305370866575,6.964513243546328,PCM Storage + DSM
2024-03-12 23:00:00,157.74953499102674,85.7,-2.25,201.76048597827298,44.01095098724625,34.21063670220345,30.839575057098887,936.0938021569477,54.138092409663884,54.00950061635889,24.416064650488554,71.14067650097311,46.4512416314198,49.54921447954399,30.199231342181484,0.24368404494669482,8.536881180116774,PCM Storage + DSM
2024-03-13 00:00:00,156.77232973715124,89.9,-3.2,191.54125942543277,34.76892968828153,35.46622507181179,31.725830609938892,840.6102115555967,54.59802657296297,54.544948013757526,23.179383964563733,79.36973136020889,45.03590770040202,18.14893163136055,34.768929688281524,0.24180066239228232,9.524367763225065,PCM Storage + DSM
2024-03-13 01:00:00,162.3872366300036,88.0,-3.4,194.40678835346563,32.01955172346203,35.114150991037604,31.221307813190776,878.1581189724016,54.78787261282166,54.76596348958046,23.526156223886257,82.21241190495472,46.64889915748392,18.79894787775868,32.01955172346202,0.2423287735134436,9.865489428594564,PCM Storage + DSM
2024-03-13 02:00:00,140.0084810380436,87.8,-3.5,166.52109970548162,26.512618667438005,38.54033458368893,34.58456547574467,807.5670460682244,54.866234956230755,54.857191574338266,20.15156692533603,70.88263309457628,40.22016538170122,16.208245131206574,26.512618667437998,0.2371894981244666,7.850818144518096,PCM Storage + DSM
2024-03-13 03:00:00,137.20624729538673,84.0,-1.4,162.58498757924238,25.37874028385565,39.023946193787424,35.042203284402234,863.574620345947,54.898580412944725,54.894847595562986,19.675237937130788,69.46393542174019,39.415169114816365,15.883841273103297,25.378740283855645,0.23646408070931887,7.492124644394863,PCM Storage + DSM
2024-03-13 04:00:00,130.71303405853945,85.8,-1.3,154.67900213071354,23.965968072174093,39.995317493575925,36.002853433780274,806.7189532543847,54.911931577860415,54.91039079082177,18.718494346327336,66.17659134043964,37.54986703948218,15.132146868223499,23.965968072174093,0.2350070237596361,6.751871550609293,PCM Storage + DSM
2024-03-13 05:00:00,142.08849189765533,84.9,-1.35,167.95962582702694,25.87113392937161,38.363589635502215,34.3667002294058,862.2094807367401,54.917442509617615,54.916806522250525,20.32565030253829,71.93568820596292,40.817689047046784,16.449040014760786,25.87113392937161,0.23745461554674668,8.04373803155333,PCM Storage + DSM
2024-03-13 06:00:00,150.63743604655062,86.2,-1.3,177.97716137591246,27.33972532936184,37.13278209226178,33.13406604544754,866.510076491391,54.919717245120026,54.919454729976174,21.537923332186402,76.26379509605562,43.27353989949669,17.438718506741843,27.33972532936184,0.23930082686160734,9.090896613866608,PCM Storage + DSM
2024-03-13 07:00:00,144.06981252250912,87.5,-1.3,85.46530590596369,-58.604506616545436,38.08484362695047,30.2834909112745,413.17159187288576,48.560568019660636,49.22201363069031,10.342592228879267,72.93877903198272,0.0,0.0,0.0,0.2378727345595743,8.277890466295554,PCM Storage + DSM
2024-03-13 08:00:00,140.56792310927202,83.5,-1.35,88.66964925063728,-51.89827385863474,32.2321254301162,25.0,413.17159187288576,42.86087418221369,43.48067839894407,10.73036614747668,71.16586398729468,4.755611758491121,0.0,0.0,0.2466518118548257,8.53990367847536,PCM Storage + DSM
2024-03-13 09:00:00,127.5286713930668,85.1,-0.8,97.02698550883237,-30.501685884234433,29.0,25.0,413.17159187288576,39.2972020134121,39.69312863390162,11.74173,64.56443178565215,20.896916316001594,0.0,0.0,0.2515,7.747731814278257,PCM Storage + DSM
2024-03-13 10:00:00,129.34079886369295,83.6,0.25,244.1698282701035,114.82902940641054,29.0,26.392874960734517,1068.3169796325424,48.92175286074597,47.936767946857564,29.54823529411765,65.48186454164423,43.78068764180005,18.381497382495144,104.7957985728599,0.2515,7.857823744997307,PCM Storage + DSM
2024-03-13 11:00:00,107.85511091663813,81.3,1.8,176.41983855132008,68.56472763468196,37.32412303339595,35.31273275222334,958.371052419738,52.44489527871944,52.03830980439513,21.34946376051872,54.604222528502014,37.60850495570008,15.894181653644058,58.53149680113131,0.23901381544990608,6.446315785967248,PCM Storage + DSM
2024-03-13 12:00:00,85.70208673991851,76.7,4.05,121.67016307739087,35.968076337472354,44.050958514481415,40.87178726486752,890.2550182563793,53.89912921846517,53.73130380252878,14.723926507854308,43.38872563137465,31.244616929157008,13.329610967699313,25.934845503921704,0.22892356222827787,3.3710544492267225,PCM Storage + DSM
2024-03-13 13:00:00,65.44402805547864,74.5,5.75,85.98975869702454,20.5457306415459,48.43484221950203,44.77365394531904,788.1105624184224,54.49939024815581,54.43011731053661,10.406058933921058,33.13260021460532,25.425094679080004,10.984413172498964,10.512499807995248,0.22234773667074695,1.7027156910975327,PCM Storage + DSM
2024-03-13 14:00:00,58.81119232253222,73.1,6.55,73.2971713718522,14.48597904931998,49.9943208105012,46.13417140116547,757.8255648966328,54.74715870821292,54.71856506606628,8.87006425582164,29.774568914292274,23.519683320061873,10.216555206484683,4.4527482157693274,0.2200085187842482,1.2515464669149314,PCM Storage + DSM
2024-03-13 15:00:00,54.561997980628846,73.4,6.3,66.27914352252438,11.717145541895533,50.856592930572205,46.914318759458375,702.3573159068802,54.84942956499453,54.8376270285451,8.020776939441118,27.623312924286605,22.299019415252396,9.724642266689326,1.6839147083448802,0.2187151106041417,1.018207535400471,PCM Storage + DSM
2024-03-13 16:00:00,60.92851421210574,73.4,6.0,72.94036101552149,12.01184680341575,50.03816042314196,46.061987789939394,745.8674369417163,54.89164368758475,54.88677197988394,8.826884816171237,30.846513624562892,24.127925306072726,10.461669444946793,1.9786159698651034,0.21994275936528707,1.288490876157436,PCM Storage + DSM
2024-03-13 17:00:00,63.110617045827055,75.3,5.55,44.1640437574288,-18.946573288398255,49.76480644741643,44.384144975023744,413.17159187288576,52.58293625283512,52.82288143292163,5.344516010555741,31.951255233003558,6.489255884101471,0.0,0.0,0.22035279032887536,1.387041095152676,PCM Storage + DSM
2024-03-13 18:00:00,77.32650637395096,75.2,4.75,51.5397545772188,-25.786751796732162,45.40024669818509,39.6533203332069,413.17159187288576,49.61268723202575,49.93141556992979,6.237088366069861,39.148388291569525,5.378587708755674,0.0,0.0,0.22689962995272236,2.724669878075194,PCM Storage + DSM
2024-03-13 19:00:00,79.97806796301091,77.5,4.6,61.318048748689776,-18.66001921432114,42.046538091834684,36.617346773415925,413.17159187288576,47.15825830358955,47.42654186423238,7.420409577379001,40.49080459272158,13.57399416533777,0.0,0.0,0.23193019286224797,3.632866224649364,PCM Storage + DSM
2024-03-13 20:00:00,85.92159851872066,76.3,5.0,64.97422200346774,-20.947376515252913,38.732576511791855,33.14514527715473,413.17159187288576,44.44917362641758,44.74189085396905,7.862861736081965,43.49985870532424,13.682091622625027,0.0,0.0,0.2369011352323122,4.767782043884254,PCM Storage + DSM
2024-03-13 21:00:00,77.61092258523249,75.6,5.65,177.22372898359077,99.61280639835829,37.225352791638464,37.11890134548571,1103.2609599157645,50.90422979084415,50.24472060372471,21.44674663863562,39.29238078260255,54.04606317895768,28.758351751714507,48.08836084850526,0.2391619708125423,4.66195780771542,PCM Storage + DSM
2024-03-13 22:00:00,79.22975041394862,75.0,5.55,126.59147751453496,47.361727100586336,43.44629972367044,40.77779955054177,958.4179718879233,53.26319610938294,52.99096147707572,15.319479848638947,40.111950984174804,54.51110302877773,24.783038794447393,0.0,0.22983055041449435,3.261992166829966,PCM Storage + DSM
2024-03-13 23:00:00,73.85206450687757,77.2,4.35,111.11170226669879,37.25963775982122,46.58296821499808,43.583318161393116,866.9568693934496,54.99095304675935,54.80014913834027,13.446193355529978,37.389369221822754,52.96625792404099,14.058395371428142,0.0,0.22512554767750287,2.3369174856294004,PCM Storage + DSM
2024-03-14 00:00:00,83.06026069706274,73.8,6.45,97.83829716483335,14.778036467770605,46.97906794733826,42.91352217331513,871.4365985390696,54.91935577120569,54.91903120332486,11.839910958221662,62.24505435758474,35.319037557686336,3.3261013717309575,14.778036467770605,0.2245313980789926,3.74252076198956,PCM Storage + DSM
2024-03-14 01:00:00,80.43353794884119,76.9,5.5,95.3292877432715,14.895749794430301,47.2873381508279,43.28798737077648,769.0413236369262,54.92050656733209,54.92037364520631,11.536282941325746,60.276597975757646,34.202097656228176,3.220915738280067,14.895749794430301,0.22406899277375816,3.512677281342153,PCM Storage + DSM
2024-03-14 02:00:00,94.95941539320684,77.3,3.6,112.4173578677497,17.45794247454286,45.18780723267017,41.18807558035188,836.3040264021265,54.92098198965715,54.92092712368991,13.604197393892397,71.16223719152919,40.37881810846776,3.8025963216039393,17.45794247454286,0.22721828915099476,5.043492380764746,PCM Storage + DSM
2024-03-14 03:00:00,83.34847416537868,80.2,2.55,98.74702794823928,15.398553782860603,46.86741646404352,42.86752722934653,707.7108160970848,54.921178228717864,54.92115558181004,11.949881101532664,62.46104047238087,35.44159222133238,3.3376427177882886,15.398553782860603,0.22469887530393473,3.7973502619749464,PCM Storage + DSM
2024-03-14 04:00:00,95.64774684880783,76.9,2.8,113.22208002655621,17.574333177748386,45.08893480057962,41.08898052093659,850.2638077900081,54.92125922989484,54.92124988197917,13.701580923476165,71.67807025670801,40.671511682127196,3.830160167171799,17.574333177748386,0.22736659779913057,5.122573009177703,PCM Storage + DSM
2024-03-14 05:00:00,90.10764834909267,80.6,2.65,106.70054225213991,16.59289390304724,45.89020551702565,41.890224388919506,734.3707326067396,54.921292664577216,54.92128880605809,12.912376401348386,67.52634078503134,38.3157407593947,3.608310042156735,16.59289390304724,0.22616469172446152,4.501222609853923,PCM Storage + DSM
2024-03-14 06:00:00,97.96184662055327,79.9,1.55,115.94492032549834,17.98307370494507,44.75439220149198,40.75439999120321,788.1002117283015,54.92130646533947,54.92130487266679,14.031085704601077,73.41224812795883,41.655517463768106,3.922826989555093,17.98307370494507,0.22786841169776204,5.393865589090431,PCM Storage + DSM
2024-03-14 07:00:00,84.11817826794638,80.0,1.05,57.495962209202766,-26.62221605874361,46.75642901795959,40.86567810336698,413.17159187288576,51.75831005450423,52.08731373538828,6.957879406541058,63.037853900384924,12.515136248762865,0.0,0.0,0.2248653564730606,3.8743963859045154,PCM Storage + DSM
2024-03-14 08:00:00,72.35885297102631,78.6,1.8,57.60389187223389,-14.754961098792421,45.29402520252316,40.10077336996454,413.17159187288576,49.69652998507038,49.92439013180899,6.970940525111902,54.22545870474601,18.91117361317672,0.0,0.0,0.22705896219621527,3.8085711178762676,PCM Storage + DSM
2024-03-14 09:00:00,65.56553991658542,75.5,4.0,54.109112747980035,-11.456427168605387,44.21467036471667,39.20387167174894,413.17159187288576,47.96014335833442,48.15003742591169,6.548019492664802,49.134574847735486,19.04900801537425,0.0,0.0,0.228677994452925,3.769210415506797,PCM Storage + DSM
2024-03-14 10:00:00,75.36046652923622,74.9,5.35,145.999105492517,70.63863896328078,41.06177562638766,39.648960009124174,1030.72641275685,52.250317333506544,51.81180335219446,17.668095818339122,56.47485688292735,35.18363360786048,3.652879573917305,66.86481008284211,0.2334073365604185,5.400653642806448,PCM Storage + DSM
2024-03-14 11:00:00,68.27725207925069,75.6,7.35,102.74422723431134,34.46697515506065,46.376299361526215,43.261626211390166,839.8911317421343,53.81881640301083,53.637805012191784,12.433602558270888,51.166721984653776,32.17169606891374,3.3692362395400197,30.693146274621977,0.22543555095771067,3.261479622101862,PCM Storage + DSM
2024-03-14 12:00:00,46.31807506220672,69.0,9.55,64.13154727965755,17.813472217450837,51.120457994255396,47.4858900205247,856.872301037889,54.46623969930793,54.39152401497532,7.760885373187509,34.7105953652238,22.834174234861926,2.4898933602194435,14.039643337012166,0.2183193130086169,1.2244944209654236,PCM Storage + DSM
2024-03-14 13:00:00,32.729052937065276,64.8,10.65,42.8674459140844,10.138392977019123,53.733078257318844,49.88391685237365,925.3404467162013,54.73347522714083,54.70263499408631,5.187608097614898,24.527032085416252,17.055825132869835,1.9457286206484574,6.36456409658046,0.21440038261402172,0.48076736641970813,PCM Storage + DSM
2024-03-14 14:00:00,36.54149035745067,71.2,9.2,45.17978196421982,8.638291606769151,53.44897238725481,49.511233711187764,608.0249590114606,54.84378146380895,54.83105160684046,5.467435667517965,27.38405868845424,18.67695681855069,2.098395530518038,4.864462726330484,0.21482654141911778,0.5834492913104146,PCM Storage + DSM
2024-03-14 15:00:00,67.89706550196892,73.2,5.8,81.18854539323921,13.291479891270285,49.0247447481397,45.05044422151704,802.2772334889011,54.889312332951064,54.88405785714501,9.825039643361695,50.88181155973665,32.01003242989727,3.3540118821205005,9.517651010831614,0.22146288287779045,2.4347726091957345,PCM Storage + DSM
2024-03-14 16:00:00,66.08696782606107,76.1,6.15,78.68742529420422,12.600457468143148,49.33204562762448,45.34265354422745,702.2486739391744,54.90810601232454,54.90593713359599,9.522366353591512,49.52533100834095,31.240339350897216,3.2815275398817687,8.826628587704473,0.2210019315585633,2.278547870692517,PCM Storage + DSM
2024-03-14 17:00:00,70.59739704453705,73.1,6.8,42.20318143696341,-28.394215607573635,48.6985567705994,42.83524406626957,413.17159187288576,51.79144262725829,52.11553863165452,5.107222067913544,52.90543010174537,4.4523730492068125,0.0,0.0,0.2219521648441009,2.6351485470999636,PCM Storage + DSM
2024-03-14 18:00:00,71.5071961580703,73.0,7.05,47.6481687187692,-23.8590274393011,45.45032141208156,39.85442737829084,413.17159187288576,49.057069798105566,49.354690774168354,5.7661477284513305,53.587230216518684,9.410860071170472,0.0,0.0,0.22682451788187766,3.7134917125054927,PCM Storage + DSM
2024-03-14 19:00:00,80.91444115387007,75.2,7.25,58.53528100520722,-22.379160148662855,41.35550563411869,35.74811699133994,413.17159187288576,46.308747912769284,46.6067414341889,7.083652670778958,60.63698507166304,15.267601293515554,0.0,0.0,0.23296674154882197,5.691809827905968,PCM Storage + DSM
2024-03-14 20:00:00,74.37091330285375,75.1,6.6,61.478985863395465,-12.891927439458286,39.553485915807144,34.42606370965211,413.17159187288576,44.36327730597471,44.57777623984653,7.439885397821564,55.73328932885298,21.71035110838725,0.0,0.0,0.23566977112628928,5.834109703405374,PCM Storage + DSM
2024-03-14 21:00:00,57.82316011779761,72.4,6.2,154.6319901205589,96.80883000276128,40.00109363846095,39.90965071631925,1140.1704224784344,50.859040320682205,50.19211094664507,18.712805183388816,43.332463857616055,57.11651598288678,7.767028514056507,58.82845240340576,0.23499835954230858,4.419626973182343,PCM Storage + DSM
2024-03-14 22:00:00,39.53262307841638,73.3,5.75,80.23444727372124,40.701824195304866,49.141970302944436,46.48844834720828,793.4144949127717,53.24454321833774,52.96924610394983,9.709579367499904,29.625602565691853,49.338980020168506,7.034594256978226,2.7214465959493737,0.22128704454558334,1.3967931885262326,PCM Storage + DSM
2024-03-14 23:00:00,74.80526658394443,72.5,5.5,112.63385069097781,37.82858410703338,46.42646656535078,43.44413987023995,1031.976524394013,55.001890795299985,54.80788423112299,13.63039629375465,56.05879208269686,64.33767867913727,8.295273913231938,0.0,0.22536030015197384,3.5564370743546654,PCM Storage + DSM
2024-03-15 00:00:00,77.98252543482137,80.3,5.3,91.77261315330777,13.790087718486404,47.72433005295955,43.65410934532536,673.008451367096,54.92311164284254,54.923403657263435,11.105871623132074,53.724254543559084,30.4841723341101,9.931264215443775,13.790087718486404,0.22341350492056067,2.9899707197810534,PCM Storage + DSM
2024-03-15 01:00:00,105.56276352998384,74.4,5.25,124.8766453599423,19.31388182995846,43.6569930964031,39.65639738977186,970.3661915094494,54.92205686027606,54.922178469435245,15.111959270225094,72.72502072206554,41.26557145424295,13.443674593546243,19.31388182995846,0.22951451035539536,5.82222272135249,PCM Storage + DSM
2024-03-15 02:00:00,78.14028492197517,78.8,4.6,92.60806920876412,14.467784286788955,47.62168149133643,43.62143598249773,709.5727296375061,54.92162190075629,54.92167209712294,11.206974418180165,53.83293928795859,30.54584214240268,9.951355269698317,14.467784286788955,0.22356747776299535,3.0291747054001448,PCM Storage + DSM
2024-03-15 03:00:00,77.3020163470641,74.7,5.45,91.62493960426828,14.322923257204181,47.74247400834737,43.74237267019474,811.9596445183948,54.921442363452215,54.92146308289901,11.088000894366564,53.25543357057798,30.2181543231461,9.844599728575153,14.322923257204181,0.22338628898747895,2.9580813628581333,PCM Storage + DSM
2024-03-15 04:00:00,68.32591496875042,74.6,4.8,81.06123373059515,12.735318761844724,49.04038693418038,45.04034510504809,757.6344435622673,54.921368256223595,54.92137680854529,9.809633010240216,47.07155644466504,26.709303849540195,8.701471394174778,12.735318761844724,0.22143941959872943,2.2480282542325285,PCM Storage + DSM
2024-03-15 05:00:00,72.76563238933389,77.3,4.2,86.28753060236838,13.52189821303449,48.39825638404642,44.39823911832502,713.2220679078908,54.921337667141515,54.92134119726502,10.442093829736868,50.1301969218096,28.444835113873726,9.26688020210798,13.52189821303449,0.22240261542393036,2.5872426080320294,PCM Storage + DSM
2024-03-15 06:00:00,90.42498336330218,76.6,4.3,107.07341762123448,16.64843425793231,45.84439207171961,41.84438494498478,831.6835757270094,54.92132504095157,54.92132649807309,12.957499950066286,62.296197721469305,35.34805728316506,11.515841484367526,16.64843425793231,0.22623341189242058,4.169711743220074,PCM Storage + DSM
2024-03-15 07:00:00,98.10608014601392,78.7,4.2,58.74617997726335,-39.35990016875057,44.733566028654266,38.160420878977874,413.17159187288576,50.61676531447496,51.06451051479327,7.109174630202663,67.58791142818974,11.484824789287138,0.0,0.0,0.2278996509570186,4.9743759167703185,PCM Storage + DSM
2024-03-15 08:00:00,96.66139249700619,79.2,3.85,66.69449579426194,-29.96689670274425,40.637931989369086,34.595332799494116,413.17159187288576,47.11044910002726,47.49340141268983,8.071040834625052,66.59262733654924,20.12910048985071,0.0,0.0,0.23404310201594636,6.537558584923308,PCM Storage + DSM
2024-03-15 09:00:00,77.41758123121886,76.6,3.95,63.44875006446032,-13.968831166758541,39.91458861728518,34.731811444917895,413.17159187288576,45.05543265700718,45.284786721988006,7.67825660240221,53.335049320619525,26.153815857354545,0.0,0.0,0.23512811707407222,5.467507552561013,PCM Storage + DSM
2024-03-15 10:00:00,59.68574717523976,74.9,4.15,151.19086802818848,91.50512085294872,40.4238881479321,40.08228298247095,1047.6303111537609,51.12974198736839,50.507255823382984,18.296377461825,41.11911298057641,26.805501820830145,10.077084188764804,85.55543313593063,0.23436416777810185,4.0895700961431105,PCM Storage + DSM
2024-03-15 11:00:00,44.83110825520066,75.5,4.0,84.26769962107092,39.43659136587026,48.646423530119414,45.90317514744903,749.6521303331172,53.35627996511965,53.099328091817135,10.197663788922387,30.88535358328858,20.9986704791351,8.185309805756063,33.48690364885216,0.22203036470482088,1.5480189777438091,PCM Storage + DSM
2024-03-15 12:00:00,54.07176030285577,73.5,4.05,77.02247174835038,22.950711445494612,49.536610649967706,46.05535393615908,767.8386755440065,54.27531952415141,54.16925804941805,9.320881839820043,37.2514867649027,24.61093653399259,9.362129311107271,17.001023728476518,0.22069508402504845,1.6681340975642627,PCM Storage + DSM
2024-03-15 13:00:00,62.776410283370986,76.4,4.5,79.78807392423886,17.011663640867873,49.19681409990062,45.41093465545899,700.6788168803663,54.65466951520458,54.61089074735818,9.655561453603767,43.248353738089584,28.0136738605225,10.470687650009857,11.061975923849769,0.22120477885014908,2.0248496645494254,PCM Storage + DSM
2024-03-15 14:00:00,71.9087258269608,76.7,4.65,87.44958286586173,15.540857038900924,48.25548048027572,44.34386256355806,734.4460781620304,54.81125299881729,54.79318253054435,10.58271969636843,49.53985099468961,31.583590060183738,11.633710238166465,9.591169321882832,0.22261677927958642,2.599213164163773,PCM Storage + DSM
2024-03-15 15:00:00,63.83582150644608,75.1,4.35,76.67307636390336,12.837254857457282,49.579539219839226,45.61602050312824,717.7201734430245,54.87588562810041,54.86842671960055,9.278599723706588,43.97821056046655,28.427808618493426,10.605606245047646,6.887567140439182,0.22063069117024117,1.958031519873566,PCM Storage + DSM
2024-03-15 16:00:00,65.3319734548933,75.0,4.3,77.90805191266749,12.576078457774187,49.427803574508225,45.442861875704395,727.8050912215344,54.902563900110124,54.899485102418275,9.428050408731428,45.008949789108264,29.01266982400286,10.79614483332278,6.6263907407560865,0.22085829463823767,2.044899652249346,PCM Storage + DSM
2024-03-15 17:00:00,71.53349162173592,77.5,4.0,50.056861879163954,-21.476629742571966,48.55763992672463,42.996982969419065,413.17159187288576,52.292388304153846,52.56376416970131,6.057635963336534,49.28134208076888,15.596512935048654,0.0,0.0,0.22216354010991304,2.4963050084406504,PCM Storage + DSM
2024-03-15 18:00:00,82.52148823766593,77.0,3.6,56.45479938818762,-26.066688849478318,44.35841859799898,38.564538650307355,413.17159187288576,49.237323282788864,49.56615412351389,6.8318829874388145,56.8512678279337,16.70112295512515,0.0,0.0,0.22846237210300155,4.3121395803227145,PCM Storage + DSM
2024-03-15 19:00:00,81.91081959310641,77.9,3.5,63.14248770876172,-18.76833188434469,41.39166634534805,35.94471866006109,413.17159187288576,46.75117532261902,47.0231696824565,7.641194233918655,56.43056181053872,23.682993121204987,0.0,0.0,0.23291250048197792,5.284722222350092,PCM Storage + DSM
2024-03-15 20:00:00,92.21947780160562,78.3,3.0,70.71258179200223,-21.506896009603395,37.41471620263611,31.75331500856479,413.17159187288576,43.917607823140735,44.2234244644486,8.557289898788262,63.5324730978162,26.287022345078846,0.0,0.0,0.23887792569604585,7.465809095814702,PCM Storage + DSM
2024-03-15 21:00:00,92.76907769897439,80.0,2.5,199.39178811452638,106.62271041555199,34.50166748358971,34.592483184236826,1046.9177514309192,50.700055501821375,50.007025770580576,24.12941645028081,63.91110721640515,59.710872343604024,31.523336656183716,63.46725691384363,0.24324749877461543,7.6693328659686175,PCM Storage + DSM
2024-03-15 22:00:00,95.11122570322804,79.2,2.05,146.94627066844134,51.8350449652133,40.94540188980012,38.344577137050145,917.6471092998916,53.17891972906875,52.892848372866496,17.782717103363932,65.52467583139419,60.62644212023731,31.821614899062105,8.679591463504948,0.2335818971652998,6.311834020644967,PCM Storage + DSM
2024-03-15 23:00:00,79.24752086871548,79.9,1.65,118.64502197436835,39.397501105652864,45.71841976072892,42.7689851901728,829.1978369262822,54.99344059058276,54.79304820407774,14.357838765796616,54.59574384591272,54.42515652020986,26.043381122416545,0.0,0.2264223703589066,3.6955575895221267,PCM Storage + DSM
2024-03-16 00:00:00,84.9713834058717,77.7,1.5,100.06750546858675,15.09612206271504,46.70517559304368,42.63670623802668,771.2668571898582,54.918864790523074,54.91845947839575,12.109678815886864,42.825197720476226,24.29983847416361,14.745167321456309,21.024522265389898,0.2249422366104345,2.645267344352933,PCM Storage + DSM
2024-03-16 01:00:00,90.99044532139906,80.8,1.55,107.75911170917053,16.76866638777146,45.76014405965432,41.76095599085093,734.6702719935149,54.92030388598651,54.9201376870878,13.040479286185187,45.85877804237122,26.02115012581312,15.789661026339584,23.11701277055593,0.22635978391051853,3.09267635277924,PCM Storage + DSM
2024-03-16 02:00:00,107.00596274957726,81.4,1.25,126.59819071854113,19.59222796896387,43.445474903824305,39.445810431796545,796.8282326133389,54.920898329311804,54.92082972776294,15.32029224766858,53.93052729448554,30.601215448816788,18.56884943957505,27.057966972198408,0.22983178764426354,4.386016113978556,PCM Storage + DSM
2024-03-16 03:00:00,125.3790579097119,81.3,1.0,148.2190910305458,22.840033120833894,40.78901643000083,36.78915492516877,874.0416616308872,54.921143696416244,54.9211153799018,17.936747582121537,63.19048519362361,35.8554931452166,21.75715062393006,31.58765146632685,0.23381647535499875,6.146279503524649,PCM Storage + DSM
2024-03-16 04:00:00,126.93187823421722,84.9,1.0,150.04481468371648,23.11293644949926,40.56469833966523,36.56475550601918,808.4852474777895,54.92124497607062,54.921233287923584,18.157687705920317,63.97309970165949,36.299563625799955,22.02661305454181,31.968894096502034,0.23415295249050216,6.308503150460677,PCM Storage + DSM
2024-03-16 05:00:00,127.90288197947264,82.0,0.9,151.18689377646606,23.284011796993425,40.42437644557524,36.42440004200874,868.7126562166195,54.9212867810567,54.92128195656528,18.29589651736989,64.46248125237827,36.57724810287631,22.19511228474926,32.2077157671633,0.23436343533163714,6.4110349357415135,PCM Storage + DSM
2024-03-16 06:00:00,117.28404549357386,81.8,0.7,138.68783304173388,21.403787548160025,41.960077333349005,37.96008707319834,831.6118166463519,54.92130403681131,54.921302045416304,16.783321478259072,59.110635091443605,33.54050795521544,20.352415197003097,29.58662194728296,0.23205988399997649,5.334116283311631,PCM Storage + DSM
2024-03-16 07:00:00,135.8470576081358,83.3,0.4,76.14183772973452,-59.70521987840128,39.27557654463803,31.49019933125918,413.17159187288576,48.588827929771455,49.24750970868006,9.214311829207261,68.46631028736817,12.195514587718414,0.0,0.0,0.23608663518304296,7.281155255757115,PCM Storage + DSM
2024-03-16 08:00:00,139.7777023999107,86.3,0.25,93.26582469377213,-46.51187770613858,32.374664302084,25.293668097684563,413.17159187288576,43.303331587479,43.87993986269283,11.286572761573819,70.44733770659563,27.46925697202898,0.0,0.0,0.246438003546874,8.453680524791475,PCM Storage + DSM
2024-03-16 09:00:00,114.81126383784033,82.7,0.55,89.9363585720769,-24.87490526576343,30.699727195129352,25.0,413.17159187288576,39.96823286691321,40.33862461637986,10.883657098059427,57.86436418138287,32.83334994027311,3.0587156821851806,0.0,0.248950409207306,6.9437237017659434,PCM Storage + DSM
2024-03-16 10:00:00,97.53138317102645,77.8,0.95,237.14111875656317,139.60973558553673,29.86358452598391,31.413159637476756,1181.7948268571224,49.178129442959936,48.23523531419741,28.697655335113264,49.1553815041466,30.688670176366962,21.545718490257535,138.99647296289191,0.25020462321102416,5.898645780497591,PCM Storage + DSM
2024-03-16 11:00:00,84.75958354979035,82.0,1.3,147.14899419992665,62.3894106501363,40.92049420162403,38.82412554925381,855.7223274076293,52.550719016078055,52.16150796896299,17.807249711059246,42.71845153899384,27.036232668812207,19.32941560259353,60.88506756689225,0.23361925869756395,4.121349535313366,PCM Storage + DSM
2024-03-16 12:00:00,84.27304783126584,79.2,1.7,119.12683839580461,34.85379056453877,44.36344487280077,41.149197531499084,816.9118376283235,53.9428098559607,53.78215604515397,14.41614582646023,42.47323970992002,26.89709477440387,19.244986583199534,33.315502188930445,0.22845483269079886,3.2202926101509104,PCM Storage + DSM
2024-03-16 13:00:00,92.65029013759919,76.7,2.15,117.65690928262437,25.006619145025184,44.54404815907833,40.868381601631185,874.0913896857916,54.517420211373924,54.45110748184956,14.238262213199558,46.69533241620722,29.292791145857368,20.69869763918232,24.0528057184653,0.22818392776138252,3.4898088706326345,PCM Storage + DSM
2024-03-16 14:00:00,110.89055342379852,82.8,2.3,134.44954987894886,23.558996455150336,42.48081527949237,38.614689700171894,796.6148294185117,54.75460089752802,54.727229134138845,16.27042523295175,55.88834364416201,34.50908201714654,23.863948378454623,23.87779477419697,0.23127877708076144,4.868719110556781,PCM Storage + DSM
2024-03-16 15:00:00,118.54795689237012,82.1,2.55,141.53215386177925,22.984196969409126,41.61060899319451,37.66586805119118,835.05416637038,54.85250146154428,54.841203277373495,17.127527236350065,59.74764079130459,36.69892123076739,25.192745096435157,23.83724753262843,0.23258408651020823,5.516878835229286,PCM Storage + DSM
2024-03-16 16:00:00,95.74877729533661,77.9,2.6,113.89995600644333,18.151178711106724,45.00564736273076,41.028456525789515,827.1856438496053,54.89291166774661,54.888248140456035,13.783614150496245,48.25695610462762,30.178886374972887,21.23638114806426,17.413544792960582,0.22749152895590385,3.472865692320757,PCM Storage + DSM
2024-03-16 17:00:00,85.21508059468565,78.1,2.45,54.533309767761565,-30.68177082692408,46.56940403303641,40.48690557831517,413.17159187288576,51.41007465162983,51.77215713482725,6.599353735885478,42.94802001518962,14.420618508747014,0.0,0.0,0.22514589395044537,2.6878406661570495,PCM Storage + DSM
2024-03-16 18:00:00,87.53311214703751,80.3,2.2,64.94176748031322,-22.591344666724297,42.75134138157958,37.09336231313148,413.17159187288576,48.56426528974433,48.87502477455229,7.858934248835394,44.11629756432167,23.73792564866232,0.0,0.0,0.23087298792763064,3.7715883810160307,PCM Storage + DSM
2024-03-16 19:00:00,96.92735864178177,79.1,1.75,70.1379387506352,-26.789419891146565,38.54696886875398,32.61780507579944,413.17159187288576,45.275032374650486,45.629824716614074,8.487749415769791,48.8509558392217,24.512009811573215,0.0,0.0,0.23717954669686903,5.408689253353696,PCM Storage + DSM
2024-03-16 20:00:00,93.91548217197025,80.9,1.35,78.18662268754984,-15.728859484420411,35.693303020093694,30.296270657086467,413.17159187288576,42.86720907435625,43.13211384819658,9.461761677894392,47.33298355067809,26.857642603055105,7.1208104211468495,0.0,0.24146004546985947,5.67995802608137,PCM Storage + DSM
2024-03-16 21:00:00,104.32246875990333,81.1,0.45,221.53969953499518,117.21723077509185,31.78045763009768,32.24705691444837,1073.0829640260106,50.286456295799645,49.52552248843905,26.809648084802618,52.578058309244156,41.17684090385168,47.54335086458277,83.71253102557804,0.2473293135548535,6.309366997109299,PCM Storage + DSM
2024-03-16 22:00:00,101.04568988338373,83.1,-0.6,157.2976121470452,56.251922263661456,39.673581179771226,37.20984743445963,865.3043546886107,53.00819953744732,52.69409887876373,19.035385689759448,50.926576390879454,40.239758391794155,46.97472821925164,22.518603704178517,0.23548962823034317,5.294251149772513,PCM Storage + DSM
2024-03-16 23:00:00,118.83483002463007,82.6,-1.5,167.6236096747334,48.78877965010332,39.82272104164517,36.974435848857425,936.1012147952383,54.997521032377186,54.77780480432611,20.28498727549299,59.8922235686738,45.32703854070926,50.061695117679044,16.296598256941856,0.23526591843753225,6.172712590051583,PCM Storage + DSM
2024-03-17 00:00:00,134.76442132073853,86.0,-1.2,158.64234131527326,23.87791999453472,39.50836062269971,35.43434064294392,815.1640649268303,54.91751354810484,54.916886117923056,19.19811821961859,61.00716392814204,34.61663478816478,21.005410081220862,31.788788895741874,0.23573745906595042,6.402691865177418,PCM Storage + DSM
2024-03-17 01:00:00,147.44090619168628,86.9,-1.35,174.21416221429925,26.77325602261297,37.595124125461375,33.59638388019941,844.100899299084,54.91974609594575,54.9194883175669,21.082543626074987,66.74574376231013,37.872815038669565,22.981263652163875,35.42825315113268,0.23860731381180794,7.771157237168333,PCM Storage + DSM
2024-03-17 02:00:00,140.1253526852644,85.5,-2.0,165.58534396146786,25.459991276203453,38.655306496964634,34.65582690873537,844.4273064613751,54.920668091510386,54.92056168889696,20.038326353813186,63.43403012441174,35.99368520957042,21.841005712660834,33.68555469987807,0.23701704025455306,6.982067041767875,PCM Storage + DSM
2024-03-17 03:00:00,134.6049356974092,84.6,-1.25,159.08012712660133,24.475191429192137,39.45457193622322,35.454786745481286,841.7883869503308,54.92104866165189,54.92100474207295,19.251096911757564,60.934965602565605,34.575668073636955,20.980551436132938,32.37669829073466,0.23581814209566518,6.414780333291166,PCM Storage + DSM
2024-03-17 04:00:00,133.6539880024879,85.6,-1.15,157.9577328933052,24.303744890817313,39.59247524408661,35.59256391044411,820.1868450361197,54.9212057487744,54.92118762018383,19.11527026547141,60.50447644717437,34.33140027108845,20.832329478869653,32.149429729954356,0.23561128713387008,6.3193990295866,PCM Storage + DSM
2024-03-17 05:00:00,152.16090163933723,84.8,-1.35,179.73970160197806,27.57879996264083,36.91622705285914,32.9162636514817,896.7191191153646,54.92127058928963,54.92126310639012,21.75121730746627,68.88246154874723,39.08522968796536,23.716958125436154,36.51086773662262,0.2396256594207113,8.265895385849667,PCM Storage + DSM
2024-03-17 06:00:00,140.0483164603053,89.2,-2.4,165.48226194338824,25.433945483082937,38.66797170037777,34.66798680711284,782.3219107690776,54.921297353370285,54.921294264669875,20.025851873463225,63.39915621957525,35.97389708716591,21.828998259354417,33.6549867675288,0.23699804244943334,6.973410755936544,PCM Storage + DSM
2024-03-17 07:00:00,152.76947424645482,84.5,-2.8,82.44991926618684,-70.31955498026798,36.82830901036262,28.432474013072266,413.17159187288576,47.56759970693806,48.33250530867011,9.977684924131106,69.15795925385916,1.701604157712886,0.0,0.0,0.23975753648445608,8.2989551104631,PCM Storage + DSM
2024-03-17 08:00:00,136.84515818270668,88.8,-3.2,98.62243016618235,-38.22272801652433,31.777530392107398,25.114808879016618,413.17159187288576,42.96064146619372,43.470997328815244,11.934802888931923,61.949102858205066,26.291121778095857,0.0,0.0,0.2473337044118389,7.433892342984607,PCM Storage + DSM
2024-03-17 09:00:00,134.67734952259454,86.0,-2.4,98.58356816405428,-36.093781358540255,29.0,25.0,413.17159187288576,39.43607531489488,39.82347619216681,11.930100000000001,60.96774697067783,27.39808355814053,0.0,0.0,0.2515,7.316129636481339,PCM Storage + DSM
2024-03-17 10:00:00,138.31979201980388,83.0,-1.45,244.16982827010344,105.85003625029955,29.000000000000007,25.180629327297382,1080.1871682951262,48.97431923435352,47.99796439076938,29.548235294117642,62.61666205040211,39.35818922681488,26.28339032620991,105.41750321739062,0.2515,7.513999446048253,PCM Storage + DSM
2024-03-17 11:00:00,150.7052323599943,87.2,-0.25,226.42800618801724,75.72277382802292,31.179854350693162,29.151040452700347,965.5764940257382,52.46659292459445,52.06356982841149,27.401206985411395,68.22348751480192,42.53960952117113,28.213879477816278,76.01728428222086,0.24823021847396026,8.18681850177623,PCM Storage + DSM
2024-03-17 12:00:00,146.7606932394589,85.8,0.95,193.36155807820492,46.60086483874602,35.2425735257954,32.05621042456928,913.6628233250681,53.90808530929714,53.74173032856122,23.39966758141658,66.43781483955821,41.526384600194234,27.59905353936576,46.66382506958068,0.2421361397113069,7.972537780746985,PCM Storage + DSM
2024-03-17 13:00:00,119.53989328255828,78.5,3.05,149.58948120884705,30.049587926288766,40.62064302514444,36.95648618577011,943.4073034048481,54.503087034593406,54.43442104536366,18.102585481587152,54.115097990773414,34.534238739180445,23.356212140798593,28.51464733334059,0.23406903546228333,5.318223046321,PCM Storage + DSM
2024-03-17 14:00:00,86.29486070474961,77.9,4.35,105.61626664937981,19.3214059446302,46.023425367787965,42.16205063015395,791.5164418436201,54.7486846228359,54.7203415094765,12.781162684809315,39.06524186113718,25.994661750030815,18.174387920306387,15.834933250242038,0.22596486194831805,2.5728152568851166,PCM Storage + DSM
2024-03-17 15:00:00,81.3449461262665,76.2,4.4,97.79113670286347,16.446190576596962,46.98486233180058,43.042082384548515,799.6359910194116,54.85005941350645,54.838360287288154,11.834203830372418,36.8244408606928,24.723188289033644,17.40285649851821,12.669150647038032,0.22452270650229914,2.212811068645839,PCM Storage + DSM
2024-03-17 16:00:00,67.3700573781467,76.0,4.75,80.51714326746901,13.147085889322312,49.107236773939164,45.130855372602895,715.243147411168,54.8919036688065,54.88707464552538,9.743789850421336,30.49808023539849,21.133489945377026,15.224623800920279,8.549699523279134,0.22133914483909126,1.4442847568844361,PCM Storage + DSM
2024-03-17 17:00:00,61.44879378748035,74.9,4.5,43.0561251898085,-18.39266859767185,50.00539351005213,44.662780764239066,413.17159187288576,52.64683862147977,52.88016568322227,5.2104411383460905,27.81755450763409,10.576556949740107,0.0,0.0,0.2199919097349218,1.167437083761456,PCM Storage + DSM
2024-03-17 18:00:00,83.75404441088831,75.4,3.95,53.38279298722153,-30.371251423666784,44.5346209420212,38.529582605263656,413.17159187288576,49.246119488547556,49.60935424072013,6.460123836834964,37.9150273265311,9.113491131870843,0.0,0.0,0.2281980685869682,2.8357511257130086,PCM Storage + DSM
2024-03-17 19:00:00,98.42029040139143,81.8,3.2,74.00180648888897,-24.418483912502452,39.012920485417325,33.188669282953825,413.17159187288576,46.12192723119219,46.46169005870824,8.955335742402154,44.55436183770441,21.98046739873698,0.0,0.0,0.23648061927187403,4.808417094577663,PCM Storage + DSM
2024-03-17 20:00:00,113.83296281721076,79.7,2.35,79.62819412185982,-34.204768695350936,33.659801319090846,27.272018694402995,413.17159187288576,42.05969642868445,42.49607465835647,9.636213583914287,51.53159977207563,19.460284291479297,0.0,0.0,0.24451029802136373,6.183791972649075,PCM Storage + DSM
2024-03-17 21:00:00,94.02145844041809,79.9,2.35,215.98741172318577,121.96595328276769,32.46264115594274,33.26073930286039,1087.6989647852793,49.99930330962865,49.19122801563204,26.13773744028793,42.563033118258836,43.31314973271911,44.24907558780748,78.72890780673184,0.24630603826608588,5.10756397419106,PCM Storage + DSM
2024-03-17 22:00:00,96.50065832954581,78.9,1.95,154.28509673883542,57.784438409289606,40.04371479900905,37.675160973489966,948.5570910375089,52.88967263157688,52.55611190517213,18.670825847376022,43.685354221739665,43.94997625033939,44.63550258266323,14.69292559766591,0.23493442780148643,4.44444795174079,PCM Storage + DSM
2024-03-17 23:00:00,85.88370674389991,80.4,2.15,130.548888669205,44.665181925305106,44.46947061604693,41.69389422073887,867.9812409415662,55.00450812254615,54.77094371921286,15.79838634082193,38.8791145669787,41.22282369774371,38.88960270976091,5.041499367134222,0.22829579407592962,2.923055325021627,PCM Storage + DSM
2024-03-18 00:00:00,89.30610319890754,78.7,1.25,105.07953493496858,15.773431736061042,46.08937107265419,42.00988656992995,769.7678054421066,54.91812095612332,54.91759305126536,12.716210044675194,54.71135015621566,31.044269314926645,6.75830760175346,15.773431736061042,0.22586594339101873,3.5816114380113135,PCM Storage + DSM
2024-03-18 01:00:00,77.30309701767429,80.6,0.75,91.6547057575169,14.351608739842604,47.73881678090128,43.73987516346642,666.3038867948605,54.91999678400242,54.91978016426363,11.091603048269944,47.357981790718476,26.871827083862055,5.849970937036969,14.351608739842604,0.22339177482864808,2.6315456775035075,PCM Storage + DSM
2024-03-18 02:00:00,99.91441567322846,78.0,2.15,118.25370561135233,18.33928993812387,44.470722597158236,40.47115991644385,842.5415760637812,54.92077156748242,54.920682153833766,14.310483578422506,61.21029118666723,34.73189309015977,7.561099754461072,18.33928993812387,0.22829391610426264,4.601524309118844,PCM Storage + DSM
2024-03-18 03:00:00,87.96416817343675,82.7,1.85,104.18156452928713,16.217396355850383,46.199700478876494,42.199880990227754,681.8600135894794,54.92109137320733,54.92105446612701,12.607542069511293,53.889244225763186,30.5777906439106,6.6567556432775765,16.217396355850383,0.22570044928168526,3.492119871631307,PCM Storage + DSM
2024-03-18 04:00:00,87.63810949219162,76.8,2.45,103.79517981933991,16.15707032714829,46.247173753443384,42.24724826272738,811.5710961647782,54.92122337873169,54.92120814467517,12.560783686608469,53.68949180076549,30.46444728718056,6.632080903420563,16.15707032714829,0.22562923936983492,3.4638826595973438,PCM Storage + DSM
2024-03-18 05:00:00,58.532469189601144,77.8,2.35,69.5358076241175,11.003338434516351,50.456461908078644,46.45649266311628,607.5115933379961,54.92127786636936,54.921271578240464,8.414882459478305,35.858584157542175,20.346848335129824,4.429489332799829,11.003338434516351,0.21931530713788203,1.407852068143469,PCM Storage + DSM
2024-03-18 06:00:00,67.39636037146849,76.8,1.95,79.96845617724203,12.572095805773543,49.174651379680704,45.17466407437172,691.5311067821168,54.9213003571149,54.92129776157741,9.67739042933096,41.28884521279858,23.428082597643918,5.100271071222633,12.572095805773543,0.22123802293047895,1.9385976475233022,PCM Storage + DSM
2024-03-18 07:00:00,76.81033058358287,79.3,1.55,54.45746214524428,-22.35286843833859,47.8132583442974,42.17202835986751,413.17159187288576,52.17572236869519,52.46130761468718,6.590175028538553,47.05609965774981,10.16034539447633,0.0,0.0,0.2232801124835539,2.593753385284457,PCM Storage + DSM
2024-03-18 08:00:00,104.47850540214591,80.7,1.1,68.54773982351216,-35.93076557863375,41.06640544965737,34.65882759344251,413.17159187288576,48.091181415953336,48.52767349640359,8.295311339386714,64.00637681081575,8.294170849369667,0.0,0.0,0.23340039182551395,6.119109940439945,PCM Storage + DSM
2024-03-18 09:00:00,108.3407163469849,82.8,1.35,80.21014208005974,-28.130574266925166,36.423325025575124,30.370191958144847,413.17159187288576,44.56948756149291,44.95358103769736,9.706638072147127,66.37247238336157,17.729205929656274,0.0,0.0,0.24036501246163733,7.964696686003388,PCM Storage + DSM
2024-03-18 10:00:00,103.33698957944328,79.5,2.3,206.52492320104767,103.18793362160439,33.62525267791227,33.49396102072434,1075.4731197644276,50.96476550916255,50.31519619787335,24.992633480061002,63.30705314034226,40.52851250470139,9.385672627967196,97.01549017275457,0.2445621209831316,7.5968463768410714,PCM Storage + DSM
2024-03-18 11:00:00,89.71359048371929,77.9,3.25,138.4386029033121,48.725012419592815,41.99069906989044,39.30213406846668,920.9817689250558,53.28818345366773,53.02005131109701,16.753160869044383,54.96098796063185,35.792795063639005,8.354711491243016,42.552568970742996,0.23201395139516434,4.949556046303512,PCM Storage + DSM
2024-03-18 12:00:00,79.7012174311286,77.4,4.5,107.7434245156134,28.0422070844848,45.76207147144818,42.30338587012823,813.5486156497599,54.24721147292149,54.136535142363144,13.038580898945394,48.82713564423554,32.31232962631219,7.597017509654726,21.869763635634985,0.22635689279282772,3.292295163742944,PCM Storage + DSM
2024-03-18 13:00:00,95.98749812822896,74.5,5.7,119.10739004624592,23.11989191801696,44.365834400167415,40.58927158549685,944.235476674996,54.64306741507818,54.597383783073376,14.413792282564517,58.80455458924191,37.97370847936979,8.829494246371755,16.947448469167146,0.22845124839974887,4.4576788842292645,PCM Storage + DSM
2024-03-18 14:00:00,84.63879965242023,78.0,6.75,102.52772870036557,17.88892904794534,46.40289951955716,42.49512720816304,775.1662956927886,54.806464024788404,54.78760728981515,12.407402967325586,51.852032937453195,34.0287143609699,7.970672817244568,11.716485599095524,0.22539565072066425,3.2968872189205394,PCM Storage + DSM
2024-03-18 15:00:00,91.03115920085774,73.7,6.1,108.72186247590136,17.690703275043617,45.64185539472568,41.6799240202906,925.6753743383391,54.87390889354377,54.866125439421424,13.156986662983135,55.76816642723322,36.25080360539194,8.454419510716635,11.5182598261938,0.22653721690791148,3.8005373919091157,PCM Storage + DSM
2024-03-18 16:00:00,79.22939760281076,75.4,6.15,94.28186675107939,15.052469148268628,47.41602984868585,43.43174335375474,804.8586575052585,54.901747967619386,54.8985352079258,11.409529189035542,48.538085972229936,32.14831729911661,7.56131218361137,8.880025699418812,0.22387595522697123,2.7911254029586297,PCM Storage + DSM
2024-03-18 17:00:00,80.3286415218032,76.4,5.9,50.35562167272873,-29.973019849074475,47.284900102529456,41.273288854735505,413.17159187288576,51.53720730960118,51.887044115265915,6.0937904085405865,49.21151272364845,4.029467561859111,0.0,0.0,0.2240726498462058,2.8685685732953248,PCM Storage + DSM
2024-03-18 18:00:00,82.06618731710405,74.5,5.5,53.32319197008035,-28.7429953470237,43.669081634003796,37.77590990622083,413.17159187288576,48.300391391139925,48.651323207263395,6.452911214003006,50.27598058210415,5.9949816465962975,0.0,0.0,0.2294963775489943,4.021349957462644,PCM Storage + DSM
2024-03-18 19:00:00,76.19419830518684,77.2,4.45,62.12243153748632,-14.071766767700524,41.281452278698936,36.09601072489236,413.17159187288576,46.24730374721678,46.47515291981509,7.517752038068314,46.67864024995556,18.180643077361857,0.0,0.0,0.2330778215819516,4.402322606006226,PCM Storage + DSM
2024-03-18 20:00:00,89.57870880387307,77.4,3.5,69.3669554798008,-20.211753324072276,37.29274342587319,31.701572705413405,413.17159187288576,43.54002736871671,43.83090952154471,8.394448800964742,54.8783557714377,17.70621541892764,0.0,0.0,0.2390608848611902,6.489011025323612,PCM Storage + DSM
2024-03-18 21:00:00,94.12458462262533,79.3,3.1,204.06038959111336,109.93580496848803,33.92805834731808,34.15390678428914,1074.415147507061,50.55134687072719,49.83390238389321,24.694387707794483,57.66328305834983,66.19036145536828,19.054054208178908,64.5335918252148,0.2441079124790229,6.91959396700198,PCM Storage + DSM
2024-03-18 22:00:00,99.57435434263144,80.0,2.35,153.4098588551835,53.83550451255206,40.151251167018096,37.59971716598346,919.6855360165194,53.11753768135829,52.821388454660074,18.564908850555824,61.001960357457904,68.08479098293805,19.46646969611583,8.43329136927882,0.23477312324947286,6.166840250293962,PCM Storage + DSM
2024-03-18 23:00:00,88.9630568485515,79.3,2.55,131.07688091722682,42.113824068675314,44.25201079774406,41.345203207603284,893.436658651556,55.00537817905643,54.79694884833897,15.862281373588877,54.501190622635534,64.39612956577457,15.375062575159115,0.0,0.22862198380338392,4.168683537404702,PCM Storage + DSM
2024-03-19 00:00:00,105.32530585331452,77.7,2.4,123.92758298183834,18.602277128523824,43.7735999333118,39.699074707317315,872.6316818248363,54.92227448453806,54.9224288514793,14.99710839509572,66.33473355466188,37.63959996463129,0.6387177137396349,18.602277128523824,0.2293396001000323,5.264218345866743,PCM Storage + DSM
2024-03-19 01:00:00,115.95420326853332,83.6,1.9,137.11452600536444,21.16032273683112,42.15338217951072,38.15306391332513,790.3057581157649,54.92171127778443,54.92177614827339,16.59292757566309,73.02889952271813,41.43799811342099,0.7031738764976757,21.16032273683112,0.23176992673073393,6.505392966388247,PCM Storage + DSM
2024-03-19 02:00:00,116.32272726555168,82.8,0.85,137.55287483098667,21.23014756543499,42.099524318112216,38.09939335524784,807.3669409227425,54.92147925541073,54.921506031878984,16.645974401031122,73.26099893085807,41.569695768725744,0.7054086936949936,21.23014756543499,0.23185071352283168,6.549742398000345,PCM Storage + DSM
2024-03-19 03:00:00,99.70497241824124,79.1,0.8,117.99511817179227,18.29014575355103,44.50249402134181,40.50243996408613,814.7418456162499,54.92138348403833,54.92139453650381,14.279190594508982,62.79500188349854,35.631088330602715,0.6046346745970388,18.29014575355103,0.22824625896798728,4.708685468813252,PCM Storage + DSM
2024-03-19 04:00:00,81.74453686874082,81.3,0.7,96.85587313239684,15.111336263656014,47.09977377402415,43.099751460926456,676.546665262143,54.921343952693995,54.921348514796506,11.721022819278803,51.48337361857767,29.212653522397837,0.49571832026979457,15.111336263656014,0.22435033933896378,3.058182274202135,PCM Storage + DSM
2024-03-19 05:00:00,103.90682495020248,79.4,0.6,122.94193830062495,19.035113350422478,43.894701465986394,39.894692255856825,827.1945479162707,54.921327635425634,54.921329518514916,14.877830509030815,65.44136275456796,37.13268423988644,0.6301157080575357,19.035113350422478,0.22915794780102042,5.145771572227752,PCM Storage + DSM
2024-03-19 06:00:00,110.02499982507385,84.2,0.1,130.14336455695636,20.118364731882508,43.0098960450195,39.009892243374054,754.7965704421555,54.92132090018171,54.92132167746043,15.749311801305499,69.29463901023475,39.319107084217244,0.6672177761377314,20.118364731882508,0.23048515593247074,5.8166352196561855,PCM Storage + DSM
2024-03-19 07:00:00,126.43435352267306,83.3,-0.3,73.78750769742335,-52.64684582524971,40.63682583131852,33.24278028792914,413.17159187288576,49.243494614203286,49.834082137346634,8.929402353505035,79.62938331992996,0.0,0.0,0.0,0.23404476125302223,7.817936809252283,PCM Storage + DSM
2024-03-19 08:00:00,112.04185712124277,83.6,-0.45,80.52653111100449,-31.515326010238283,37.040392158569944,30.837404057317634,413.17159187288576,45.440379562768086,45.860022128117,9.74492592121131,70.56487212539385,9.203984182266712,0.0,0.0,0.2394394117621451,8.45068305002112,PCM Storage + DSM
2024-03-19 09:00:00,105.26036757765165,81.1,0.3,81.08413308079272,-24.176234496858925,34.21799246387601,28.36545805392656,413.17159187288576,42.25762327954871,42.60577534548172,9.812404177310752,66.2938349009272,14.07848269988823,0.0,0.0,0.24367301130418598,7.955260188111263,PCM Storage + DSM
2024-03-19 10:00:00,104.06828029662074,80.7,1.3,226.20192663148225,122.13364633486151,31.207631683970178,31.91477716275319,1091.83959417055,50.06267271351673,49.26499996484141,27.37384794609432,65.54304864381234,44.3015990005241,0.7799876968560409,114.87353721271536,0.24818855247404473,7.865165837257481,PCM Storage + DSM
2024-03-19 11:00:00,110.40558731152277,80.8,2.6,170.13589316751597,59.73030585599321,38.09620188871456,35.70664344783597,951.7660694554302,52.91582923959731,52.5865629757752,20.58901150443314,69.53433610205224,46.56633204792837,0.818418634369402,52.47019673384708,0.23785569716692817,7.886778308852772,PCM Storage + DSM
2024-03-19 12:00:00,109.0004583793435,79.0,4.3,145.26018547541548,36.259727096071984,41.152563258381754,37.81729732526232,916.8766201093937,54.09351562120522,53.95760509028321,17.578675341273886,68.64937448175684,46.06418785306968,0.809897598215746,28.999617973925854,0.23327115511242738,6.52749971670782,PCM Storage + DSM
2024-03-19 13:00:00,76.56739266015472,76.3,6.05,97.50021558440505,20.93282292425033,47.02060644324787,43.294987300768575,795.5074930764188,54.579626707430485,54.52352720856839,11.798997983191628,48.222766123842234,34.473738536008,0.6132157712046954,13.672713802104198,0.22446909033512819,2.887403769270216,PCM Storage + DSM
2024-03-19 14:00:00,54.21387518846463,69.5,7.95,67.232933519234,13.019058330769369,50.739405233369766,46.852660832474825,856.1231370707053,54.78027773972022,54.75712166968482,8.136199927791568,34.14433916385654,26.4853690874674,0.4776587228972248,5.758949208623244,0.21889089214994537,1.2825832264757282,PCM Storage + DSM
2024-03-19 15:00:00,41.67265433012989,69.5,9.7,50.838405673924846,9.165751343794959,52.75372386906623,48.800472140226795,725.2278113842268,54.86310003672142,54.85354195527041,6.152214560962063,26.24577635079045,22.0035730712923,0.40160577579925727,1.9056422216488338,0.21586941419640066,0.6686808819371254,PCM Storage + DSM
2024-03-19 16:00:00,46.3909642647823,70.4,9.6,55.71792175618236,9.326957491400066,52.15420064580462,48.17349682960279,729.5125884065063,54.89728641893076,54.89334115011423,6.74270966980279,29.217406291076372,23.689732888352765,0.4302187298254558,2.0668483692539388,0.21676869903129306,0.8494901312193711,PCM Storage + DSM
2024-03-19 17:00:00,37.08846458128985,69.4,9.1,27.441372537718834,-9.647092043571014,53.53368207522134,48.77694872755059,413.17159187288576,53.632150223483585,53.763584534888274,3.3208203416561743,23.358616393459577,3.8319481352707196,0.0,0.0,0.21469947688716798,0.48581034421606517,PCM Storage + DSM
2024-03-19 18:00:00,29.45052870964471,69.3,8.0,27.546121139902883,-1.904407569741828,53.37311751628231,49.0538459482983,413.17159187288576,53.07183514049908,53.135470751438156,3.3334965038421114,18.54818231165596,8.79878179781402,0.0,0.0,0.21494032372557653,0.40363246518568335,PCM Storage + DSM
2024-03-19 19:00:00,55.629104261492785,71.5,6.85,38.86795853285986,-16.761145728632926,49.026948175722225,43.81968901055358,413.17159187288576,51.03954600325423,51.25352957993745,4.703609746821338,35.03566193493758,3.45610887920288,0.0,0.0,0.22145957773641667,1.6760468898308003,PCM Storage + DSM
2024-03-19 20:00:00,65.55341226344008,77.7,5.85,55.588264276402164,-9.965147987037916,45.559440241784245,40.611540819645015,413.17159187288576,49.41114968439394,49.58924575719166,6.727019157394559,41.286071764655205,13.858892391404623,0.0,0.0,0.22666083963732364,2.834014627233133,PCM Storage + DSM
2024-03-19 21:00:00,81.09750209946702,73.7,5.3,140.94205323905183,59.84455113958481,41.68311188516624,39.736850190071905,1051.628268332638,52.81128606079336,52.464870097195266,17.056116152633912,51.0758658627478,57.95406550320527,1.218673912306543,30.145032078249272,0.23247533217225064,4.69393993672779,PCM Storage + DSM
2024-03-19 22:00:00,68.61174297428136,76.2,5.05,98.57221278058324,29.960469806301887,46.888895182633924,43.58828393100476,803.3838430314435,54.050365755804776,53.90737076354404,11.92872582717515,43.21223329992989,53.49208958090185,1.1429572983538727,0.2609507449663502,0.22466665722604912,2.6215405217284076,PCM Storage + DSM
2024-03-19 23:00:00,78.60949547752764,75.9,5.05,100.25503440477429,21.645538927246648,46.68213479342693,42.97081800575917,819.706700580048,54.561815829903104,54.50279209302704,12.132372648168204,49.50889907341386,49.73783772689471,0.4767066833829903,0.0,0.2249767978098596,3.0649568829918863,PCM Storage + DSM
2024-03-20 00:00:00,76.94929899256483,76.2,4.85,94.138239205363,17.188940212798173,47.43367669064834,43.55283584210088,781.7762805403484,54.772925981936616,54.74856288043703,11.392148087752012,47.016385178639275,26.67799861514077,5.39584638345845,17.188940212798173,0.22384948496402748,2.6986436487352368,PCM Storage + DSM
2024-03-20 01:00:00,88.4146664898461,76.5,4.4,105.91513026816615,17.500463778320054,45.986705398629155,42.0358904664526,829.2198286914686,54.86006546740132,54.850009162157114,12.817329694432557,54.02177887974256,30.65299334828453,6.199822021380828,17.500463778320054,0.22601994190205627,3.56974659415631,PCM Storage + DSM
2024-03-20 02:00:00,93.61440425079657,79.4,3.65,111.32616519508177,17.711760944285203,45.32187695132445,41.34217896646393,780.4091606919549,54.896033846249566,54.89188292666463,13.472146607471966,57.19884321427776,32.455720580395315,6.5644385488825,17.711760944285203,0.22701718457301334,4.007850775789418,PCM Storage + DSM
2024-03-20 03:00:00,93.85215177175175,78.5,3.35,111.3132554325869,17.46110366083515,45.32346311320854,41.33184313253072,801.5241453328348,54.9108804369779,54.909167070788,13.47058433131978,57.34410807265646,32.538146646881096,6.581109904150417,17.46110366083515,0.2270148053301872,4.017483558903174,PCM Storage + DSM
2024-03-20 04:00:00,88.81737578890527,77.6,3.2,105.26632186442798,16.448946075522713,46.066421439919125,42.06988044255301,797.4747944770172,54.91700863244605,54.91630140995219,12.738814082940834,54.26783616379158,30.792610970059656,6.228060842830306,16.448946075522713,0.22590036784012132,3.560049899894479,PCM Storage + DSM
2024-03-20 05:00:00,78.70225408958154,78.9,3.1,93.31061293595785,14.608358846376305,47.53536324323373,43.53679100834512,710.7085759593114,54.919538154568876,54.91924623585426,11.291992815017316,48.08744902355046,27.285740781253743,5.5187672748042775,14.608358846376305,0.2236969551351494,2.730781425404519,PCM Storage + DSM
2024-03-20 06:00:00,87.85068669464974,76.9,2.85,104.05803182965263,16.207345135002896,46.214878361480956,42.21546769702912,810.1184705434617,54.920582259999776,54.920461765336945,12.592592747962524,53.67718456074189,30.457463923166966,6.160274574190335,16.207345135002896,0.22567768245777856,3.473489788205026,PCM Storage + DSM
2024-03-20 07:00:00,80.06797732515113,79.3,3.35,55.27350510378086,-24.79447222137027,47.341430741555534,41.56479593460633,413.17159187288576,51.94851195581914,52.25765133244002,6.688928545792426,48.92191237190613,8.57929372192174,0.0,0.0,0.2239878538876667,2.8350940733976393,PCM Storage + DSM
2024-03-20 08:00:00,83.04522547391944,76.8,3.7,56.83463565014668,-26.210589823772764,43.93880119791017,38.142537438346004,413.17159187288576,48.88192776667061,49.21349498180615,6.8778489092774,50.7410250547703,8.404146432389645,0.0,0.0,0.22909179820313474,3.976431693973054,PCM Storage + DSM
2024-03-20 09:00:00,80.03393014665679,76.6,3.95,61.03931332497166,-18.994616821685128,41.30770003238742,35.866390809114115,413.17159187288576,46.404666541943094,46.67584799343027,7.386678383221311,48.90110938501354,14.36495764826061,0.0,0.0,0.23303844995141887,4.604225263312004,PCM Storage + DSM
2024-03-20 10:00:00,78.41702809759364,77.4,4.75,162.25679609100806,83.83976799341441,39.06426954052025,38.23771985357597,1011.1135474574342,51.65938074769872,51.12384970351374,19.635521812560526,47.9131745950913,30.96897494771389,6.716622872047667,78.83979093149813,0.23640359568921962,5.156146709973302,PCM Storage + DSM
2024-03-20 11:00:00,76.82158908791992,75.0,5.4,117.61082295852331,40.7892338706034,44.54971056926564,41.63090884115169,922.6917551021879,53.57489745735761,53.35383879480601,14.232685072248007,46.93835382362338,30.41584294719066,6.604747339416649,35.7892568086871,0.22817543414610153,3.506376543037966,PCM Storage + DSM
2024-03-20 12:00:00,79.96296556503367,74.7,5.65,105.71794706025747,25.754981495223802,46.01093237326877,42.4572132101714,880.3047854295281,54.36555779835411,54.274311887386936,12.793467549528687,48.85774969041832,31.50494497155314,6.825027252619675,20.755004433307512,0.22598360144009685,3.2214066926274816,PCM Storage + DSM
2024-03-20 13:00:00,73.2793369738214,77.1,5.85,91.41591596223427,18.136578988412865,47.76815576151667,43.95236614702976,744.5317472471295,54.69191697444566,54.65425359513466,11.06270587818618,44.77402104896878,29.18775902398909,6.356357184998177,13.13660192649657,0.223347766357725,2.4800807295279235,PCM Storage + DSM
2024-03-20 14:00:00,79.38581754053257,72.9,6.2,95.94720936030362,16.561391819771046,47.21141702395363,43.28745315038451,892.2631869171894,54.82662755282083,54.81108132038051,11.611060785348265,48.50510952110819,31.30485017666932,6.784556421546537,11.561414757854752,0.22418287446406956,2.848777735857506,PCM Storage + DSM
2024-03-20 15:00:00,77.16670638669406,75.5,6.2,92.23883377588498,15.072127389190925,47.66704771477547,43.698432983887805,791.690264170015,54.882231749839306,54.87581476475964,11.162291356694087,47.149222123444346,30.535493664472007,6.628947688904429,10.072150327274638,0.2234994284278368,2.640248642181353,PCM Storage + DSM
2024-03-20 16:00:00,96.99288258955677,76.5,6.0,115.12233429057667,18.129451701019903,44.855459484139004,40.86841431447413,869.0836286976547,54.90518337519313,54.90253465000067,13.931540376328032,59.2631094385638,37.409145643219944,8.019200784938002,13.129474639103602,0.2277168107737915,4.318339402035253,PCM Storage + DSM
2024-03-20 17:00:00,113.85437533180686,77.4,5.6,60.46465616810628,-53.38971916370058,42.43996085994054,35.11194389271813,413.17159187288576,49.33834328247551,49.91727849263499,7.317136192014447,69.56556115463546,0.0,0.0,0.0,0.2313400587100892,6.077263759270153,PCM Storage + DSM
2024-03-20 18:00:00,103.07133431948675,79.8,5.15,71.54654631653294,-31.524788002953812,38.432526535701506,32.29781481033956,413.17159187288576,45.651770189678956,46.05881584655663,8.658212196077676,62.977072159026896,11.437188831707772,0.0,0.0,0.23735121019644775,7.01595069703166,PCM Storage + DSM
2024-03-20 19:00:00,88.73711563963434,75.5,4.7,66.90033457299351,-21.836781066640825,36.81891813537492,31.199688397837114,413.17159187288576,42.86181655423228,43.16859757241352,8.09595043426603,54.21879683345302,15.150436879599503,0.0,0.0,0.23977162279693762,6.506255620014363,PCM Storage + DSM
2024-03-20 20:00:00,79.80669912554194,75.8,4.2,192.72772045659417,112.92102133105223,35.32045017739908,35.79781558699091,1137.3896885378774,50.29072263604135,49.53048985990062,23.322963660566455,48.76227015771528,54.13345651900292,13.085891449053106,78.96653387653781,0.24201932473390136,5.851472418925833,PCM Storage + DSM
2024-03-20 21:00:00,96.56724120018684,79.1,3.95,151.991606742304,55.424365542117144,40.32550514298158,37.86035740647546,936.4276601924087,53.009960632409395,52.69614911506445,18.39327893446568,59.00304053900798,59.94426602747667,14.261175844392621,21.46987808760271,0.23451174228552762,5.903075376096829,PCM Storage + DSM
2024-03-20 22:00:00,100.62492781994993,80.0,3.4,134.63577512687783,34.0108473069279,42.45793465792889,39.09146815065219,856.7282540858248,54.13237003467563,54.002838726377895,16.292961299272868,61.48230623144042,61.35104892790538,14.545709348389476,0.05635985241345054,0.23131309801310668,5.364478287592994,PCM Storage + DSM
2024-03-20 23:00:00,101.67230428265975,77.8,2.8,126.73328803943315,25.060983756773396,43.42887613052183,39.690378393852,880.8414550105701,54.595664560490754,54.54219819969326,15.336641062973088,62.122258197767806,60.310344418435214,7.129475414902552,0.0,0.22985668580421725,5.058413166321677,PCM Storage + DSM
2024-03-21 00:00:00,120.17736720729715,80.6,2.35,144.74360543647524,24.566238229178083,41.21603302152982,37.32397275088415,877.9720766994478,54.78689764999061,54.76482845471654,17.51616135808852,64.79720231098719,36.767175250701456,13.681305994015142,24.56623822917807,0.23317595046770528,6.136541409443241,PCM Storage + DSM
2024-03-21 01:00:00,129.0327062749848,84.8,2.15,153.6101863231912,24.577480048206382,40.126637871907846,36.17119192289278,821.4330133204455,54.865832522910395,54.85672306842761,18.58915149839853,69.57182177915693,39.47638590302373,14.689420968416371,24.57748004820637,0.23481004319213822,7.043463256744821,PCM Storage + DSM
2024-03-21 02:00:00,132.947257611818,80.0,2.35,157.57529177055926,24.628034158741258,39.63946398861603,35.65785446885015,932.6785109307075,54.8984143014047,54.89465421138133,19.068989116153716,71.6824685741728,40.674007371806205,15.135063737209231,24.628034158741244,0.23554080401707594,7.46667646240096,PCM Storage + DSM
2024-03-21 03:00:00,123.79794676261646,81.5,2.3,146.5410684798431,22.74312171722663,40.99518717958826,37.0027781787402,864.2780835035584,54.91186301235569,54.910310968047156,17.733681521469073,66.74934547555141,37.87485871983514,14.093482245859265,22.74312171722661,0.23350721923061762,6.4098646813271865,PCM Storage + DSM
2024-03-21 04:00:00,147.5862893898671,83.2,1.85,174.43127270773064,26.84498331786355,37.56844877884264,33.57158209931013,913.1873629366432,54.91741420798103,54.916773573974744,21.108817273356404,79.57553800814537,45.15268633933342,16.801609426017098,26.84498331786355,0.23864732683173606,9.27765685653859,PCM Storage + DSM
2024-03-21 05:00:00,147.8529820317765,85.8,1.15,174.69999758660907,26.84701555483258,37.53543181510281,33.53672514908369,864.6995839162721,54.91970556311409,54.919441129986936,21.141337040465793,79.71933327903733,45.23427853369596,16.831970414322168,26.84701555483258,0.23869685227734577,9.310214389586191,PCM Storage + DSM
2024-03-21 06:00:00,153.88682595055363,83.5,-0.05,181.78338139605322,27.896555445499587,36.66512971517157,32.665663561869806,927.2260658110861,54.92065136086654,54.9205422113708,21.9985334146569,82.97265970982455,47.08027834174956,17.518878996955063,27.896555445499587,0.24000230542724266,9.956719165178946,PCM Storage + DSM
2024-03-21 07:00:00,130.2615118882526,87.1,-1.45,81.31815051536195,-48.943361372890664,40.08268600237476,32.824341184148764,413.17159187288576,49.469857836149835,50.03682573357517,9.840723819702962,70.23436887745079,5.7382778751017725,0.0,0.0,0.23487597099643787,7.129061230349238,PCM Storage + DSM
2024-03-21 08:00:00,126.22304185545751,82.5,-0.65,81.77952866924404,-44.443513186213465,35.215921923319364,28.31530259604242,413.17159187288576,44.50440100520775,45.04398418890551,9.896557541449258,68.05690763143679,8.542842794710992,0.0,0.0,0.24217611711502096,8.166828915772413,PCM Storage + DSM
2024-03-21 09:00:00,102.71522832379583,82.0,0.75,83.6229356470636,-19.092292676732228,33.650083065053856,28.071789496550544,413.17159187288576,41.756496079820145,42.064301885269096,10.119637614484228,55.38197070531354,24.025870002780664,0.0,0.0,0.2445248754024192,6.645836484637625,PCM Storage + DSM
2024-03-21 10:00:00,83.38107537671715,79.7,1.85,205.9310761106502,122.55000073393305,33.69821588077047,34.5802679771677,1069.4192304696464,49.862189478844925,49.031601411635926,24.920769017198783,44.957387032562245,30.62303529445412,12.413194350937228,114.51577450280188,0.2444526761788443,5.3948864439074695,PCM Storage + DSM
2024-03-21 11:00:00,58.70784949674266,75.5,3.15,110.91768397682321,52.20983448008055,45.37206512008624,43.04895850709888,879.4926304565822,52.83307628920602,52.490223422320874,13.422714213486826,31.654083372633878,23.07448567142593,9.604329745498545,44.17560824894938,0.22694190231987063,2.2084297208420858,PCM Storage + DSM
2024-03-21 12:00:00,55.2564119384364,73.4,5.05,82.67519748650695,27.418785548070545,48.842086787842106,45.534249956619405,804.2379392966268,54.0593578630487,53.91783921906659,10.00494698966893,29.79313814703627,22.01854966182599,9.2114090612488,19.384559316939374,0.22173686981823684,1.4582990119281152,PCM Storage + DSM
2024-03-21 13:00:00,65.6034676682692,74.9,6.5,84.87332435449561,19.269856686226404,48.57201326357885,44.85771597276233,770.1127943388321,54.565527482728534,54.50711313504567,10.270953524390334,35.3720610260218,25.184137494111578,10.389344964377612,11.235630455095237,0.2221419801046317,1.7886915670031465,PCM Storage + DSM
2024-03-21 14:00:00,66.53967311720423,73.7,7.45,81.85555738314457,15.31588426594034,48.94279211771469,45.06072101329031,789.8548381932111,54.774458032926646,54.75034646769963,9.905758163587373,35.87684404206717,25.47056105797848,10.495925042788304,7.281658034809175,0.22158581182342796,1.7344031436435865,PCM Storage + DSM
2024-03-21 15:00:00,75.19026067696589,72.0,6.8,90.33709946619561,15.146838789229719,47.90070487747606,43.94938213521519,895.4937890726035,54.860697848808336,54.85074536965282,10.932152795972994,40.54106564422547,28.11712984395188,11.480730569680675,7.112612558098547,0.2231489426837859,2.213370725270542,PCM Storage + DSM
2024-03-21 16:00:00,62.89647072186626,76.2,7.0,75.16499818341627,12.268527461550015,49.76482970284094,45.78492211029914,679.2573004740746,54.89629487296901,54.892186809456405,9.096099497390076,33.91250310037067,24.355956336174984,10.081173347631172,4.234301230418847,0.2203527554457386,1.472176410804698,PCM Storage + DSM
2024-03-21 17:00:00,74.98839638599823,71.7,6.9,40.90053300639766,-34.08786337960057,48.05173462696068,41.89778082999379,413.17159187288576,51.29381096596358,51.6683613225893,4.94958194257713,40.4322245071199,0.0,0.0,0.0,0.222922398059559,2.170789647072076,PCM Storage + DSM
2024-03-21 18:00:00,61.04085908542006,74.8,6.4,49.00417101781944,-12.036688067600622,46.466294900510775,41.49480499394264,413.17159187288576,49.59392810507326,49.78600019550127,5.930244477323095,32.91199488978537,13.58726015403441,0.0,0.0,0.22530055764923385,2.0801114904293727,PCM Storage + DSM
2024-03-21 19:00:00,76.84141246418598,74.7,5.6,55.7232530313442,-21.11815943284178,42.48139113912961,36.94027331894365,413.17159187288576,46.97751932977351,47.25749247505816,6.743354834580173,41.431333245263005,11.138601100364802,0.0,0.0,0.2312779132913056,3.6091519318340954,PCM Storage + DSM
2024-03-21 20:00:00,86.81453884687237,77.0,4.55,66.72083380601367,-20.093705040858694,38.422703623244715,32.86908399232329,413.17159187288576,44.322666056333524,44.610218466867636,8.074228131654882,46.80864099387821,16.34960984080754,0.0,0.0,0.23736594456513294,5.217467980418475,PCM Storage + DSM
2024-03-21 21:00:00,97.73789780833637,78.5,4.45,201.94348648781946,104.20558867948309,34.1881522890993,34.126909473750864,1088.7063759777786,50.85438081316162,50.186687494876104,24.438210474783606,52.69829490284269,58.70334355236726,29.31442802300652,57.21657833480542,0.24371777156635105,6.323795388341122,PCM Storage + DSM
2024-03-21 22:00:00,101.19328567526112,77.2,5.25,152.8490028622342,51.655717186973064,40.22016090868309,37.568183606443924,987.4119269743304,53.24262008528209,52.96700722572527,18.49703680853002,54.561370054837354,59.760488123051964,29.707798420727585,4.666706842295341,0.23466975863697537,5.493186060731805,PCM Storage + DSM
2024-03-21 23:00:00,96.47454398539062,77.0,5.3,138.1549566653679,41.68041267997728,43.29080813999959,40.30911888213467,979.0816386530108,55.001096987788216,54.80696009414834,16.718835392229963,52.01712010963417,58.316831911354456,23.862006852831804,0.0,0.2300637877900006,4.278676077525962,PCM Storage + DSM
2024-03-22 00:00:00,78.59873173566397,76.8,5.3,92.50436907107111,13.905637335407135,47.63442264020331,43.56446504617439,757.6915488816646,54.922783984615464,54.923022203223006,11.194425136025632,48.12938636447277,27.309536832753597,0.04174405438086157,13.905637335407135,0.22354836603969502,2.704556947656082,PCM Storage + DSM
2024-03-22 01:00:00,81.48934849923543,73.5,5.4,96.54410934565927,15.054760846423832,47.13807872623053,43.1375916244388,874.8820327903635,54.92192161349115,54.92202101746765,11.683294694587998,49.899435422178186,28.313896613514668,0.04327927079858406,15.054760846423832,0.2242928819106542,2.952625822434389,PCM Storage + DSM
2024-03-22 02:00:00,67.54985456224077,77.3,5.65,80.14388444399263,12.59402988175188,49.15309733248411,45.1528966522325,680.2061478017963,54.92156607523047,54.9216071060114,9.698619897934476,41.363683322829445,23.470547176496105,0.03587595804661043,12.594029881751865,0.22127035400127384,1.9474607820251577,PCM Storage + DSM
2024-03-22 03:00:00,80.0587969692143,74.1,5.2,94.87021560897885,14.811418639764554,47.34374218783096,43.34365935347823,847.0426758996534,54.92141932046943,54.921436256657024,11.480728282762255,49.02344714880209,27.816844067785905,0.042519500004003535,14.811418639764554,0.22398438671825355,2.840298267060457,PCM Storage + DSM
2024-03-22 04:00:00,71.29288693178192,76.9,4.35,84.55364505337982,13.260758121597902,48.61129075785986,44.61125656650144,714.0357865188914,54.92135874482093,54.92136573553481,10.232267502964381,43.655703144399055,24.77108317885746,0.03786389529868893,13.260758121597902,0.2220830638632102,2.19729000263728,PCM Storage + DSM
2024-03-22 05:00:00,87.72348822128355,77.1,3.9,103.89349726107672,16.17000903979317,46.235093951147576,42.23507983805376,804.1261442348244,54.9213337411402,54.92133662668221,12.572681581293235,53.716867494004035,30.47998078052616,0.046590243658175164,16.17000903979317,0.22564735907327862,3.4695421908696495,PCM Storage + DSM
2024-03-22 06:00:00,91.22453350670685,79.0,3.4,108.0145464426377,16.790012935930847,45.72875999366096,41.72875416822944,775.5575592333186,54.921323420424436,54.92132461148343,13.071390745067113,55.860708208741634,31.696437115940824,0.04844966074490476,16.790012935930847,0.22640686000950858,3.777716694868803,PCM Storage + DSM
2024-03-22 07:00:00,96.18819142149606,80.0,1.6,60.51487857434503,-35.673312847151024,45.01092278382987,38.61836130240356,413.17159187288576,50.91885829975158,51.33518067239282,7.323213861344409,58.90016958790742,0.0,0.0,0.0,0.2274836158242552,4.236952087409625,PCM Storage + DSM
2024-03-22 08:00:00,106.06052437845308,79.3,2.55,68.69587483714794,-37.36464954130514,39.5807553161261,33.124849121246044,413.17159187288576,46.7273964346557,47.18033526351471,8.313237912334808,64.94542396684677,0.0,0.0,0.0,0.23562886702581085,6.787801387058593,PCM Storage + DSM
2024-03-22 09:00:00,93.35670655674086,80.6,3.85,75.01608478463343,-18.340621772107426,37.226475259969355,31.736075062840406,413.17159187288576,44.14380630613802,44.43099144937694,9.078078728088414,57.16632953690919,14.146231989333057,0.0,0.0,0.23916028711004597,6.78227898836891,PCM Storage + DSM
2024-03-22 10:00:00,90.8106661552717,75.5,3.9,195.24564503049567,104.43497887522396,35.01108461101353,35.01521508540705,1151.9827835345918,50.784955885587394,50.10586458290329,23.627670545481735,55.60727941643168,37.87859422758436,0.059443929210852384,98.09780733182245,0.2424833730834797,6.672873529971801,PCM Storage + DSM
2024-03-22 11:00:00,62.45754124440629,77.4,4.15,107.82080423143208,45.363262987025784,45.7525641891971,43.12359839461886,813.8883184767966,53.21396376545344,52.93364603385636,13.047945012710807,38.245440702995964,28.027153981944846,0.04438548791020882,39.02609144362428,0.22637115371620434,2.580978836176893,PCM Storage + DSM
2024-03-22 12:00:00,73.07412520181043,73.1,5.9,100.54719218556491,27.473066983754478,46.64623873908715,43.21215382427985,907.9946580256619,54.21657597112207,54.10086982107273,12.16772815016028,44.74643200238758,31.71594111909394,0.05002399184367329,21.135895440352968,0.22503064189136926,2.7797632453823486,PCM Storage + DSM
2024-03-22 13:00:00,66.34589556558706,75.1,6.7,84.46758917446674,18.12169360887968,48.62186403952076,44.85545559755222,762.0850939701945,54.630422064591514,54.58266228476433,10.221853442486143,40.626447410272895,29.378182849817797,0.046450606146229624,11.784522065478164,0.22206720394071885,2.0422433999671563,PCM Storage + DSM
2024-03-22 14:00:00,81.16980276836833,75.8,4.35,98.54752548340237,17.37772271503404,46.89192839488899,42.98834748217442,814.3805220473014,54.801244430541914,54.78153072847709,11.92573829152816,49.70376381778456,34.528826261230286,0.05432363379877332,11.040551171632535,0.2246621074076665,3.014455222282152,PCM Storage + DSM
2024-03-22 15:00:00,68.99557757907749,77.9,3.8,82.82773897936698,13.832161400289493,48.82334473106047,44.8631434312845,680.5062757319782,54.871754412801884,54.86361723020793,10.023406813124915,42.24896175056994,30.29882860254904,0.04785786129679774,7.49498985688798,0.2217649829034093,2.0727311742301335,PCM Storage + DSM
2024-03-22 16:00:00,85.84025246934586,74.7,4.45,102.08059609397861,16.240343624632757,46.45783660284318,42.47426422712502,863.4675323116458,54.900858667216355,54.89749989977888,12.353293171881988,52.56368118782767,36.15159822354803,0.056804125557296456,9.903172081231247,0.22531324509573522,3.3248094950288243,PCM Storage + DSM
2024-03-22 17:00:00,89.69546153141654,79.0,4.6,57.196778451609674,-32.49868307980687,45.929413973773194,39.730112103671175,413.17159187288576,51.22236350411039,51.60485080434708,6.921673655289271,54.9243916263655,0.0,0.0,0.0,0.2261058790393402,3.648271214627103,PCM Storage + DSM
2024-03-22 18:00:00,108.56622446219609,79.9,2.35,69.83539780338428,-38.73082665881181,39.52189491692264,32.97744580912152,413.17159187288576,46.88952796994739,47.35579381273383,8.451137393888093,66.47977197451618,0.0,0.0,0.0,0.23571715762461604,6.971642642817691,PCM Storage + DSM
2024-03-22 19:00:00,112.18751012363407,80.6,1.9,79.44562363839154,-32.74188648524253,34.6653616853009,28.38215183070004,413.17159187288576,42.97700567376135,43.40296449892595,9.61411979926652,68.69724104668431,6.297828706846822,0.0,0.0,0.24300195747204864,8.243668925602119,PCM Storage + DSM
2024-03-22 20:00:00,103.0411362490091,82.4,1.5,87.03795173383779,-16.003184515171313,32.07555606657681,26.61070539056341,413.17159187288576,40.4415375306971,40.722618239411204,10.532906115265476,63.09652265944346,19.85371798491497,0.0,0.0,0.24688666590013478,7.571582719133215,PCM Storage + DSM
2024-03-22 21:00:00,101.64830288335385,78.8,1.45,238.1346449805315,136.48634209717767,29.741514625168485,31.099139875897208,1159.6027150757482,49.348136980034575,48.4331529142989,28.817887006834052,62.24363084151437,89.25140159032824,0.1533539765195834,82.45380211789531,0.2503877280622473,7.469235700981724,PCM Storage + DSM
2024-03-22 22:00:00,98.70345911272942,82.0,-0.05,162.17770488229795,63.474245769568526,39.073987105864475,36.921267678668855,902.5502157374635,52.62089232400561,52.243202520229644,19.625950582317955,60.44037625343706,88.22820035482945,0.15178995995354627,9.441705790286134,0.2363890193412033,6.5007297842730924,PCM Storage + DSM
2024-03-22 23:00:00,97.04459528257816,82.7,0.45,147.36351802939996,50.3189227468218,42.58664154906947,39.96699873976701,877.6103422576758,55.00538662511356,54.74197578744279,17.833210332952547,59.42458253203313,84.03757050060855,0.0515407153956213,0.0,0.2311200376763958,5.13904685298659,PCM Storage + DSM
2024-03-23 00:00:00,87.79659626966912,79.4,0.4,103.29564540657998,15.499049136910855,46.308549200561366,42.22247631502173,745.7048737646513,54.91393029728503,54.912713957599074,12.500332481517678,49.068466718582485,27.84238903504981,9.070612738494948,15.499049136910855,0.22553717619915795,3.1476785863537002,PCM Storage + DSM
2024-03-23 01:00:00,80.84244420171066,80.0,0.05,95.85474177945383,15.012297577743169,47.22277808131746,43.2252254057601,698.6219651962921,54.91826695382478,54.91776632588645,11.599870812142383,45.181874369894075,25.63706200061345,8.352151852616087,15.012297577743169,0.2241658328780238,2.6505192744989357,PCM Storage + DSM
2024-03-23 02:00:00,86.47225404916203,81.8,-0.15,102.44591747569561,15.973663426533577,46.41295128048719,42.413961965288934,691.5937951854986,54.92005754918276,54.91985090607974,12.397502574089556,48.32830770408757,27.422408615699105,8.933789718858042,15.973663426533577,0.2253805730792692,3.0699248891686874,PCM Storage + DSM
2024-03-23 03:00:00,98.0622099647412,80.6,0.3,116.07310388617402,18.010893921432825,44.738642889435226,40.73906006764373,773.2245835108903,54.920796649402504,54.9207113537713,14.04659785054686,54.80579533204362,31.09785931892997,10.131193789552814,18.010893921432825,0.22789203566584715,4.031960569768264,PCM Storage + DSM
2024-03-23 04:00:00,110.20952974218808,82.4,-0.05,130.3648840427256,20.155354300537525,42.98267898622006,38.98285118397601,790.0858691614483,54.92110172621778,54.9210665189227,15.77611900321949,61.59478695068052,34.950063360394296,11.386181319746466,20.155354300537525,0.23052598152066991,5.180363408778436,PCM Storage + DSM
2024-03-23 05:00:00,127.74910410556032,84.4,-0.35,151.007058060904,23.25795395534368,40.44647201530671,36.44654309300577,820.7375105991307,54.92122765212165,54.92121311968184,18.274133680923793,71.39744511141103,40.512279592948886,13.19826394490338,23.25795395534368,0.23433029197703995,7.091277634124073,PCM Storage + DSM
2024-03-23 06:00:00,146.07748867175957,84.5,-0.15,172.5791457910345,26.501657119274938,37.796010914158636,33.796040252748284,882.7446921755727,54.92127963028739,54.92127363176332,20.88468195607811,81.64095985234209,46.32464630371187,15.091841664153016,26.501657119274938,0.23830598362876204,9.406992611771942,PCM Storage + DSM
2024-03-23 07:00:00,139.7530099601848,86.0,0.05,81.78858276788978,-57.964427192295034,38.710686937079586,30.972373702377247,413.17159187288576,48.66753664480486,49.31802871850846,9.897653224069243,78.10628440526557,0.7930112928308901,0.0,0.0,0.23693396959438062,8.571061726016403,PCM Storage + DSM
2024-03-23 08:00:00,131.16121543409582,82.6,0.25,84.57525942968346,-46.58595600441237,33.699459298636725,26.68177115073336,413.17159187288576,43.48958030318864,44.054669061548125,10.234883168795333,73.3044332895186,8.559167880209849,0.0,0.0,0.24445081105204491,8.79653199474223,PCM Storage + DSM
2024-03-23 09:00:00,109.59290833535701,81.7,1.15,86.57948589283706,-23.013422442519953,31.640636276430378,25.838096844645243,413.17159187288576,40.3614525869044,40.70984672616613,10.477424827343123,61.250164627440085,23.063571332106783,0.0,0.0,0.24753904558535444,7.35001975529281,PCM Storage + DSM
2024-03-23 10:00:00,104.1558527979529,79.9,2.25,241.73792476459883,137.5820719666459,29.298796561729294,30.699861336787567,1141.2603254969372,49.327296478694485,48.40889183931816,29.25393825708263,58.21145936983815,39.33402072560742,13.568730155356665,128.47037156384394,0.25105180515740605,6.985375124380578,PCM Storage + DSM
2024-03-23 11:00:00,96.81258276277023,78.7,3.55,160.12170182629274,63.3091190635225,39.32659854486638,37.18078708810469,971.5117069320369,52.61229019827929,52.23318807426504,19.3771431743975,54.107393647060185,37.00529512807976,12.81006795712351,54.19741866072055,0.23601010218270044,5.7375701376926465,PCM Storage + DSM
2024-03-23 12:00:00,95.64448302124309,76.9,5.0,132.01026485685694,36.365781835613845,42.78051877349576,39.5458631902802,924.2853279549558,53.968224461010685,53.81174328875492,15.975234920975709,53.45455668382463,36.6348629152472,12.689386964402736,27.2540814328119,0.23082922183975638,4.560576391420507,PCM Storage + DSM
2024-03-23 13:00:00,92.70822071345233,76.2,6.2,117.51824615446645,24.81002544101412,44.561085046371936,40.87699462260652,887.3286338602861,54.527910543487366,54.463320145043994,14.221481881385195,51.81351482743738,35.703704294571764,12.386030121151048,15.698325038212172,0.2281583724304421,3.867023426322241,PCM Storage + DSM
2024-03-23 14:00:00,87.38655326509858,75.0,7.1,106.69918637249216,19.31263310739358,45.89037210758977,42.02076942700471,875.6392692177161,54.758930969454525,54.732270128978115,12.912212319442173,48.83929859159545,34.0160769638137,11.836227661852892,10.200932704591626,0.22616444183861534,3.255518603273643,PCM Storage + DSM
2024-03-23 15:00:00,89.33506839409505,73.2,7.9,107.11237896749084,17.777310573395795,45.839605074095985,41.89342889644817,935.2292458087971,54.854288776062624,54.84328403802046,12.962214861137465,49.92830037321517,34.63399745922295,12.037536447172299,8.665610170593846,0.22624059238885602,3.3433173008654524,PCM Storage + DSM
2024-03-23 16:00:00,81.2081895373927,75.3,7.65,96.77065809239103,15.562468554998333,47.1102437457577,43.13246048967236,820.0742015462323,54.89364941373369,54.88910701157334,11.710710513001946,45.38628505998812,32.05677086522118,11.197916530069934,6.450768152196385,0.22433463438136345,2.693155779173048,PCM Storage + DSM
2024-03-23 17:00:00,74.54308784809271,73.2,7.3,43.388032499377886,-31.155055348714825,48.11348813476715,42.094526867771705,413.17159187288576,51.517078242273634,51.868112260299746,5.250606933393236,41.66123950796176,0.1856714089663285,0.0,0.0,0.22282976779784927,2.221338595246858,PCM Storage + DSM
2024-03-23 18:00:00,62.55697758141255,73.2,6.45,46.229974913284046,-16.327002668128507,46.47030640976527,41.28921142813142,413.17159187288576,49.47124150332196,49.698340625233776,5.59452486843613,34.96234595519383,9.97431107890593,0.0,0.0,0.2252945403853521,2.2088567406238413,PCM Storage + DSM
2024-03-23 19:00:00,68.62152439273693,74.9,5.4,54.22539689923615,-14.396127493500778,43.54743607055348,38.380553588879145,413.17159187288576,47.4738974223119,47.690904366901776,6.562091630433158,38.351748574638655,14.454950557773536,0.0,0.0,0.2296788458941698,3.095576097038315,PCM Storage + DSM
2024-03-23 20:00:00,72.45286748036052,77.2,4.1,62.61610303876381,-9.836764441596713,40.996016520013576,36.00283645280715,413.17159187288576,45.76914911836623,45.955310204168434,7.57749374236116,40.493040364642546,20.6251548062328,0.0,0.0,0.23350597521997962,3.888299694300976,PCM Storage + DSM
2024-03-23 21:00:00,78.95447701609709,77.0,3.05,168.06186385212084,89.10738683602375,38.35102812954324,37.73918236341213,1038.8001561823548,51.399992895267616,50.82187511078172,20.338022646995768,44.126712109064385,54.07224454424296,24.28881425874207,43.9417692455056,0.23747345780568516,4.937506877146113,PCM Storage + DSM
2024-03-23 22:00:00,76.84843908525296,79.1,2.1,119.75358253633236,42.9051434510794,44.2864397639016,41.4536141887983,821.7521548078754,53.46783052809691,53.22919332770851,14.49199132901363,42.94967271906017,53.404369821480046,21.81075703186113,0.0,0.2285703403541476,3.276259507406902,PCM Storage + DSM
2024-03-23 23:00:00,94.37595449430594,79.2,1.35,132.6099492028058,38.233994708499864,43.81950927290146,40.70746871010249,895.3916342852998,55.00087130786582,54.83168958587256,16.047805779880907,52.74559127456887,58.96276187278181,18.95044505629248,0.0,0.2292707360906478,4.171276660138708,PCM Storage + DSM
2024-03-24 00:00:00,106.61032989456099,82.2,1.0,125.47678002475439,18.8664501301934,43.5832573688076,39.51862224177683,776.2265685404567,54.92648522824888,54.92733146131775,15.184584624510915,54.178901953961585,30.742147993851074,18.654367454839996,21.619754335462076,0.2296251139467886,4.361426301341457,PCM Storage + DSM
2024-03-24 01:00:00,104.33714752319308,82.8,0.6,123.40659733786387,19.06944981467079,43.83761099245849,39.83589715518548,756.6474550175936,54.92344941865233,54.92379966181421,14.934061267192654,53.02368064526082,30.08665326883972,18.25661257227561,21.764047114251998,0.22924358351131227,4.187509867587436,PCM Storage + DSM
2024-03-24 02:00:00,97.69945424897952,79.7,0.15,115.61852204802973,17.91906779905021,44.79449522484025,40.793788141817906,791.2874297914364,54.92219670409645,54.922341273229144,13.991586585604407,49.650434042799695,28.17260845558871,17.095168183986395,20.44224091465928,0.22780825716273964,3.636051658788876,PCM Storage + DSM
2024-03-24 03:00:00,112.68335339591818,81.5,0.25,133.26526097007655,20.58190757415838,42.62632329544128,38.62603143430051,818.9589087570272,54.921679623796265,54.92173929728764,16.12710839653713,57.26518585505776,32.49336466707125,19.71700755799172,23.492052876922198,0.23106051505683808,4.938667607442414,PCM Storage + DSM
2024-03-24 04:00:00,136.6712065132701,86.5,-0.25,161.50396311466483,24.83275660139472,39.156766592470966,35.15664612157274,814.9407678944198,54.92146618966783,54.9214908209671,19.544417657392128,69.45570757482355,39.41050047668492,23.914332779162823,28.362409009414595,0.23626485011129356,7.435886410455954,PCM Storage + DSM
2024-03-24 05:00:00,148.4064713898312,85.5,-1.05,175.31849374534647,26.912022355515262,37.459440096987684,33.45939037047294,871.8071898783464,54.92137809091961,54.92138825792827,21.21618441270813,75.4195177026019,42.794480715176704,25.96773551606231,30.744748153951743,0.23881083985451848,8.84243762114394,PCM Storage + DSM
2024-03-24 06:00:00,128.82153430757174,84.5,-0.55,152.2670944195321,23.44556011196036,40.29165726597156,36.29163674046454,822.8157610273331,54.92134172658793,54.92134592320233,18.426617102268956,65.46653859632134,37.146969495311325,22.540819819677903,26.772487929264635,0.23456251410104267,6.563024186867029,PCM Storage + DSM
2024-03-24 07:00:00,122.86106593688127,83.1,-0.95,72.54781550611925,-50.313250430762025,41.15360304095189,33.89260071994937,413.17159187288576,49.46607991726349,50.033517206752485,8.779380883528768,62.43745471885177,9.785826623388385,0.0,0.0,0.23326959543857217,5.9364521555250995,PCM Storage + DSM
2024-03-24 08:00:00,114.66744430228391,83.4,0.05,80.45236505691305,-34.21507924537086,36.88327420435041,30.53329035844562,413.17159187288576,45.42167578240722,45.86547342822057,9.735950709029462,58.273492149485804,21.875981972231283,0.0,0.0,0.2396750886934744,6.992819057938297,PCM Storage + DSM
2024-03-24 09:00:00,107.23987507584516,81.6,1.0,82.47636352072868,-24.76351155511648,33.913019215755284,28.023513604878723,413.17159187288576,42.17225381671622,42.528324101864285,9.980885078142418,54.49883405328177,27.69425825433438,0.0,0.0,0.24413047117636708,6.539860086393812,PCM Storage + DSM
2024-03-24 10:00:00,96.16464611212179,79.7,1.4,217.59391030395545,121.42926419183367,32.265258220612274,33.00530567282249,1095.8496469477732,50.030765093057255,49.2278539583892,26.332148020827542,48.87045128083659,30.59155434680927,21.13565301923085,116.74223536003016,0.24660211266908158,5.8644541537003905,PCM Storage + DSM
2024-03-24 11:00:00,88.01103368941119,79.8,1.7,144.0364614893631,56.0254277999519,41.3029164770479,38.92393412398682,893.8103726069824,52.90265884395659,52.571230228983474,17.430586265194705,44.72682121743147,28.24037918365785,19.70895747886416,51.127824857799204,0.23304562528442815,4.212483890197006,PCM Storage + DSM
2024-03-24 12:00:00,76.41672870727973,78.6,2.65,107.01525563995945,30.598526932679718,45.851538161187804,42.52063765700339,780.6485597954666,54.08807930519521,53.95127622521671,12.95046147229832,38.83464628961262,24.8970461314194,17.6802194969625,25.401491011602364,0.2262226927582183,2.5976794331010957,PCM Storage + DSM
2024-03-24 13:00:00,63.9228272732866,75.5,3.65,82.66139157142663,18.738564298140034,48.84378305578538,45.11996582206059,740.8068234190206,54.57738277091028,54.5209148564851,10.00327626552527,32.48530039147833,21.294305503149374,15.494072727463092,13.218862539779872,0.22173432541632193,1.5897429449452645,PCM Storage + DSM
2024-03-24 14:00:00,62.03490935635018,75.5,3.85,76.45681186095379,14.421902504603615,49.60611062358085,45.720109992704636,705.3743650136505,54.77935151484707,54.75604337470848,9.252428454044841,31.525868788368324,20.749905611880838,15.163730305842797,8.853443629132524,0.22059083406462873,1.3985927179002042,PCM Storage + DSM
2024-03-24 15:00:00,64.96319560235216,76.7,4.4,78.25967882244875,13.29648322009659,49.384600827599755,45.43165610311854,684.4335434864291,54.8627177208636,54.853096869761686,9.470602573098217,33.01401101222396,21.59430604879894,15.676113371347796,7.803649875878641,0.22092309875860036,1.5084892328406176,PCM Storage + DSM
2024-03-24 16:00:00,72.60766487199118,75.1,4.75,86.57895400024813,13.971289128256956,48.3624505598857,44.38187346521551,773.5555563719317,54.89712861123268,54.893157433121736,10.477360460310226,36.898896758844046,23.798664724493086,17.013720514052586,8.675880831011092,0.22245632416017144,1.912296270241132,PCM Storage + DSM
2024-03-24 17:00:00,61.52927316245197,76.6,4.35,46.00742960564766,-15.521843556804313,49.998979806067624,44.7846689132307,413.17159187288576,52.86652590334401,53.07758028985751,5.567593526590046,31.268906692850198,14.575995011321142,0.0,0.0,0.22000153029089856,1.3134854831929887,PCM Storage + DSM
2024-03-24 18:00:00,80.45607588185874,74.9,3.95,51.313181471450925,-29.142894410407813,45.231248925729524,39.30262529282705,413.17159187288576,49.59808122834129,49.946650042086645,6.209669599844812,40.88742480315789,10.21323413223815,0.0,0.0,0.22715312661140571,2.8871635474579063,PCM Storage + DSM
2024-03-24 19:00:00,107.79548297535904,80.6,2.8,73.6625508550811,-34.13293212027794,38.00907458581334,31.671270519115456,413.17159187288576,45.61770226974623,46.045925246172175,8.914280689189267,54.781191550368405,18.596620468445998,0.0,0.0,0.23798638812128,6.242073136999914,PCM Storage + DSM
2024-03-24 20:00:00,139.23086891536727,84.4,1.6,94.98160166775361,-44.24926724761366,29.48261979265628,25.0,413.17159187288576,40.478589611554405,41.03058447589524,11.494207677397043,70.7565167783559,23.85731033620588,0.0,0.0,0.25077607031101556,8.490782013402708,PCM Storage + DSM
2024-03-24 21:00:00,149.30781979597685,84.1,0.5,244.16982827010347,94.86200847412661,29.0,25.0,1058.622633174897,49.403638328697845,48.49777016658216,29.548235294117646,75.87757900839864,64.70869049794715,58.86926125701717,44.31990496188833,0.2515,9.105309481007836,PCM Storage + DSM
2024-03-24 22:00:00,141.7647959948358,84.9,0.0,212.41059230576212,70.64579631092633,32.9021081584096,30.730993126073308,975.8682977167405,52.64380203464888,52.269873609137015,25.704888293858218,72.04424740382896,62.53358463114085,57.549404749244864,19.90888766889743,0.2456468377623856,8.645309688459475,PCM Storage + DSM
2024-03-24 23:00:00,137.87617672681264,84.5,-0.3,194.98879058323988,57.11261385642723,36.70463041525959,34.06625329187376,974.5959389271112,54.996205954889966,54.73628625484445,23.59658727979889,70.06806815115355,61.41226262465662,56.86898538660505,6.275278250201556,0.2399430543771106,8.408168178138425,PCM Storage + DSM
2024-03-25 00:00:00,130.62460141979403,84.1,-0.5,153.78034027358996,23.155738853795924,40.105731855189376,36.02375150613819,835.0365708303427,54.91089969110319,54.909185845158255,18.609742695100543,60.13361395429202,34.12096578034801,20.704637610486568,32.0070400691671,0.23484140221721594,6.095480391962011,PCM Storage + DSM
2024-03-25 01:00:00,118.96052747215684,84.0,-0.65,140.7456480441144,21.785120571957563,41.7072432690062,37.71069512521525,795.0048108555524,54.917016027149884,54.91631001868979,17.03234815904472,54.76400583853286,31.074147158886795,18.855824894330404,29.846048222267235,0.2324391350964907,5.024955713420443,PCM Storage + DSM
2024-03-25 02:00:00,120.73483139802273,82.6,-0.9,142.78428141239263,22.049450014369896,41.4567659619546,37.45819127602432,829.0538683806234,54.91954120685756,54.919249789275945,17.279053572531303,55.58081451129362,31.537620064299492,19.137060736557824,30.23060691954239,0.2328148510570681,5.183433647845359,PCM Storage + DSM
2024-03-25 03:00:00,123.53503228657196,83.9,0.2,146.05965771473464,22.52462542816268,41.054335859241164,37.05492418308476,814.3745169139308,54.92058351988642,54.920463232075186,17.675423551345055,56.86989939573536,32.269071549377934,19.58090626032444,30.89552776611506,0.23341849621113825,5.440969892898839,PCM Storage + DSM
2024-03-25 04:00:00,125.38620048033822,84.0,0.05,148.23006030366514,22.843859823326923,40.787668686932356,36.787911528105674,819.4630278996055,54.921013753203745,54.920964102261436,17.938075029764978,57.72209287474671,32.7526224724554,19.87432546460445,31.340199843808044,0.23381849696960147,5.614858162614328,PCM Storage + DSM
2024-03-25 05:00:00,127.65144849004776,82.4,-0.15,150.8928301950944,23.24138170504665,40.46050665668139,36.46060689371257,859.5006328278607,54.921191339689,54.92117084537585,18.260310384736872,58.76490983147627,33.34433681250458,20.23337834307551,31.891218021352035,0.2343092400149779,5.831651009870521,PCM Storage + DSM
2024-03-25 06:00:00,122.88112086940714,85.4,-1.15,145.27655200562532,22.39543113621818,41.15055237968402,37.15059375430877,784.3112529428339,54.92126464168231,54.92125618228854,17.58065593850416,56.568868377897296,32.0982607767827,19.477258105424077,30.72202354435194,0.23327417143047396,5.379511897776192,PCM Storage + DSM
2024-03-25 07:00:00,124.31666522492326,84.9,-2.35,76.02518790800445,-48.2914773169188,40.94302226568911,33.76114195082398,413.17159187288576,49.59836686665042,50.15203560000579,9.20019543979127,57.22972758168115,12.31043339857294,0.0,0.0,0.23358546660146634,5.513618769118392,PCM Storage + DSM
2024-03-25 08:00:00,123.86238127073389,83.5,-1.2,82.69635666991418,-41.16602460081971,35.68582145108617,28.948047751974155,413.17159187288576,44.90798331058763,45.41841263680803,10.007507570287665,57.020595950809714,19.21443168954363,0.0,0.0,0.24147126782337075,6.8424715140971655,PCM Storage + DSM
2024-03-25 09:00:00,125.70233105577003,84.6,-0.2,93.17124245150463,-32.531088604265406,30.729350776814517,25.0,413.17159187288576,40.8413518815792,41.28513947207778,11.275126882412723,57.86762498566256,28.746306744043274,0.0,0.0,0.24890597383477822,6.944114998279507,PCM Storage + DSM
2024-03-25 10:00:00,122.94431938079423,83.0,0.5,244.16982827010344,121.22550888930921,29.000000000000007,28.307057849237275,1080.1871682951262,49.52790409394831,48.64243597713222,29.548235294117642,56.59796209259522,34.78561574977218,23.720277183997275,122.65253526777747,0.2515,6.791755451111426,PCM Storage + DSM
2024-03-25 11:00:00,108.50011593890355,81.1,1.1,172.24556930123205,63.745453362328504,37.836995890742244,35.62469154357287,951.1130979854887,52.69509460783737,52.329587535601725,20.844314165024233,49.94850904767828,31.012588571061464,21.430800358147444,64.1937208080181,0.23824450616388665,5.742980904791742,PCM Storage + DSM
2024-03-25 12:00:00,102.65287504203378,80.2,1.6,139.58542860920335,36.93255356716956,41.8497939817373,38.58769224009054,869.5071530594086,54.00240345985889,53.851533888017386,16.891944092340633,47.256705796465965,29.485207783805627,20.50398410397315,36.98460399175834,0.23222530902739405,4.295692971365331,PCM Storage + DSM
2024-03-25 13:00:00,86.48935672500369,80.7,1.9,109.92025562345795,23.43089889845426,45.494614457213416,41.79919514139456,745.880753592093,54.54201853566414,54.47974442550925,13.302010325201094,39.815758531901686,25.263071605851028,17.941987469135128,22.387687268505402,0.22675807831417988,2.7485739155281395,PCM Storage + DSM
2024-03-25 14:00:00,84.37142064720506,77.1,2.0,103.03545105095324,18.664030403748185,46.34051805897481,42.46623917587221,800.2182207463519,54.76475429517989,54.7390495440611,12.468845036501518,38.8407572756459,24.70983719479788,17.606284251698547,17.47730453547258,0.22548922291153778,2.4841341045329415,PCM Storage + DSM
2024-03-25 15:00:00,74.91297105878405,80.2,1.05,90.08969911358021,15.176728054796158,47.93110179682947,43.982995433080305,666.9476942072673,54.856692457754455,54.846082362669435,10.902213618463966,34.48651810496811,22.239158385187714,16.107073774064606,13.349084737375847,0.22310334730475578,1.876528332454519,PCM Storage + DSM
2024-03-25 16:00:00,93.83615242937006,79.8,0.75,111.61462301510919,17.77847058573913,45.28643549378593,41.30785551891613,772.5597144670215,54.894641576279305,54.89026207004745,13.507054358355788,43.197888482045,27.18215700093884,19.10649048773829,17.23308785662769,0.2270703467593211,3.036007519600055,PCM Storage + DSM
2024-03-25 17:00:00,109.91372401627478,81.8,0.85,67.10721449155619,-42.80650952471859,42.999302305093245,36.17691125636323,413.17159187288576,50.173997435469445,50.66484382470261,8.120986027543983,50.599269788636455,10.77425277444641,0.0,0.0,0.23050104654236014,4.250550479362364,PCM Storage + DSM
2024-03-25 18:00:00,124.43627487914094,83.5,1.0,81.84432469923787,-42.591950179903066,36.17845752860906,29.358476526791645,413.17159187288576,45.35861997369516,45.87949183299972,9.904398839262125,57.284790415892736,18.068267871716913,0.0,0.0,0.24073231370708642,6.874174849907128,PCM Storage + DSM
2024-03-25 19:00:00,119.39257202408919,82.5,0.95,87.18163000420967,-32.210942019879525,32.09248277592892,25.7886772793548,413.17159187288576,41.4007533554994,41.83365296089476,10.550293354998077,54.96289946205069,25.990570840893376,0.0,0.0,0.24686127583610662,6.595547935446083,PCM Storage + DSM
2024-03-25 20:00:00,107.89528447459733,80.7,1.05,88.03804276929496,-19.85724170530237,29.79731376836544,25.0,413.17159187288576,38.514975508990126,38.832776912471786,10.653932228281114,49.67007220357176,28.18375152462497,4.555819792058751,0.0,0.25030402934745183,5.960408664428612,PCM Storage + DSM
2024-03-25 21:00:00,107.76633910600077,82.4,-0.5,244.16982827010347,136.4034891641027,29.000000000000014,29.000508724625067,1092.3241027703523,48.6065120352499,47.56977070337159,29.548235294117646,49.61071163188695,46.90517684534257,49.83050756555656,92.20175946330745,0.2515,5.953285395826434,PCM Storage + DSM
2024-03-25 22:00:00,141.24228714987183,85.5,-2.85,218.2833885154902,77.04110136561837,32.180545271053404,30.27364412741404,977.9930385836207,52.31477410026363,51.88682497916122,26.415585293028347,65.02151261840798,55.64956086837043,55.13660890774059,35.10774757859281,0.2467291820934199,7.802581514208958,PCM Storage + DSM
2024-03-25 23:00:00,156.1713409321139,90.8,-3.2,205.6738530794473,49.50251214733339,33.72981966650746,30.593778082311765,860.9354986968837,53.84541937822682,53.66877573554625,24.88964114729406,71.89416866548069,59.54923771101819,55.50132515489467,10.582383140493915,0.2444052705002388,8.627300239857682,PCM Storage + DSM
2024-03-26 00:00:00,166.31531236241494,87.7,-3.4,205.15572858875177,38.84041622633683,33.79347918918884,30.15009345465796,909.1658647191895,54.47722055239426,54.404307734201815,24.826940262130723,78.79451613254116,44.709519548934786,27.129783077031593,58.72267009439611,0.24430978121621674,9.455341935904938,PCM Storage + DSM
2024-03-26 01:00:00,132.28949498021194,88.0,-3.5,159.96399408029407,27.67449910008213,39.34597535490667,35.493174261747605,785.4241388523776,54.73800777035909,54.70791170250129,19.35805815632017,62.67424567420437,35.56256894162631,21.579403911784812,43.489118246769436,0.23598103696764,6.638716066470227,PCM Storage + DSM
2024-03-26 02:00:00,119.74454892060012,84.3,-3.7,143.0756334793487,23.331084558748586,41.42096890188945,37.481727879511006,797.1159330449075,54.8456523519689,54.83322966247539,17.31431157098606,56.73087858048796,32.19018847271106,19.53303992715844,37.646011351344036,0.23286854664716583,5.302872729771333,PCM Storage + DSM
2024-03-26 03:00:00,116.16741712719183,84.7,-2.8,137.98911284176847,21.82169571457665,42.04592580261923,38.071005155726176,772.831968277154,54.89008457545124,54.88495688850619,16.69876578593786,55.036155678547686,31.228570197311385,18.949528955049953,35.70899235438695,0.23193111129607116,4.938088533333606,PCM Storage + DSM
2024-03-26 04:00:00,129.20922692006192,87.0,-3.0,152.9781191439791,23.768892223917163,40.2042969975693,36.214648948455974,780.9515963947163,54.90842476920796,54.906308224846114,18.512661827805864,61.21491984358476,34.734519478861635,21.076942634443856,39.21527906124185,0.23469355450364604,6.168885678062707,PCM Storage + DSM
2024-03-26 05:00:00,142.1680144194098,86.7,-3.4,168.0817683513188,25.913753931909014,38.34858255721283,34.35285550981664,830.4474854198636,54.91599501171828,54.91512137023359,20.340431391884028,67.35435088076139,38.21815038934608,23.1908135030056,42.90930602181626,0.23747712616418076,7.537524689190241,PCM Storage + DSM
2024-03-26 06:00:00,145.50015942524726,87.7,-3.35,171.94219867248248,26.442039247235215,37.87426961504703,33.87603335254481,824.3840455822823,54.91911976451125,54.9187591533861,20.807601739156034,68.93300740786636,39.113910377781416,23.734361597919406,43.835934412053575,0.23818859557742947,7.910364685840908,PCM Storage + DSM
2024-03-26 07:00:00,154.54674266018066,88.1,-3.65,89.1245455981211,-65.42219706205955,36.56910906451428,28.37875011174334,413.17159187288576,47.909229896433786,48.63835926136457,10.78541547279716,73.2189696474468,19.80908793823143,0.0,0.0,0.24014633640322858,8.786276357693614,PCM Storage + DSM
2024-03-26 08:00:00,134.200409011723,88.4,-3.25,96.67825049659409,-37.52215851512891,32.50163497901094,25.883526641765357,413.17159187288576,43.384039091749386,43.88443254859408,11.699527798893012,63.57957149384804,36.07626817373312,0.41201902324178974,0.0,0.2462475475314836,7.629548579261765,PCM Storage + DSM
2024-03-26 09:00:00,116.56986478428249,82.8,-2.3,90.40958603790949,-26.160278746372995,30.526111966397007,25.0,413.17159187288576,39.9174447258014,40.29840979137828,10.940924765433106,55.2268216368332,31.336757718571658,6.790305971774615,0.0,0.24921083205040448,6.627218596419984,PCM Storage + DSM
2024-03-26 10:00:00,101.23748213512508,82.7,-1.2,241.9166837603686,140.67920162524354,29.27683328350164,30.84721347126035,1081.7750700842942,49.160036986497715,48.214172642281454,29.27557079417932,47.962862264488926,28.76767355123995,20.72226463418501,147.02092021917488,0.25108475007474756,5.755543471738671,PCM Storage + DSM
2024-03-26 11:00:00,101.57586632957226,82.7,0.05,167.08956760641334,65.51370127684108,38.47048960264121,36.38011788723469,902.4808166784195,52.543251069964136,52.15281391527415,20.22036012313974,48.12317714163184,28.858639286996855,20.777462737484385,71.89587219210938,0.2372942655960382,5.350193467198837,PCM Storage + DSM
2024-03-26 12:00:00,97.92356853101946,79.9,1.45,135.25473267853639,37.33116414751693,42.38188625063257,39.17011421751019,861.2163190253317,53.93972732783277,53.778567419226135,16.367864507024017,46.39284315301018,27.87681459807644,20.18169049258404,43.276719149306714,0.23142717062405116,4.069055150203589,PCM Storage + DSM
2024-03-26 13:00:00,90.54965483974472,78.7,2.8,115.20948099008757,24.65982615034285,44.84475217847454,41.17010734868442,812.9484343053522,54.51614784283831,54.44962621240864,13.942086442566016,42.89933462962773,25.894530864551083,18.97883865632554,29.723862656159113,0.22773287173228818,3.1287122628100437,PCM Storage + DSM
2024-03-26 14:00:00,84.09770721246791,78.2,3.65,102.9238427389479,18.826135526479987,46.354230848076895,42.488527005093886,772.0848414976537,54.75407570469176,54.72661771372316,12.455338745870618,39.84262214667862,24.160093581098497,17.926380304379197,23.118870467534673,0.22546865372788466,2.544932146685038,PCM Storage + DSM
2024-03-26 15:00:00,86.0006843565049,76.7,3.7,103.2272160438218,17.226531687316893,46.31695679496928,42.37238993217099,811.6405186472314,54.8522846788217,54.84095090267758,12.492051495590259,40.744187740043465,24.671659188702307,18.23679884843828,21.74675905913714,0.22552456480754607,2.611631507884604,PCM Storage + DSM
2024-03-26 16:00:00,89.27676568987094,78.2,3.8,106.28394945712057,17.00718376724963,45.94139031712616,41.96427133448568,787.0871360232999,54.89282218680635,54.88814396829314,12.86196238411998,42.296283213435146,25.552347925881577,18.771201692376412,21.919052051967036,0.22608791452431076,2.8064285225620096,PCM Storage + DSM
2024-03-26 17:00:00,96.51376709880063,78.7,3.85,58.397208149913794,-38.11655894888683,44.93533793171446,38.42964644671558,413.17159187288576,50.70203753984459,51.13775764362047,7.066943770892165,45.72492737233581,15.110006997811894,0.0,0.0,0.2275969931024283,3.3099347810647872,PCM Storage + DSM
2024-03-26 18:00:00,103.76339041882909,78.2,3.6,66.59382629250004,-37.16956412632905,39.69613805461191,33.271484525866406,413.17159187288576,46.55898901767233,47.00768217352531,8.058858305169728,49.15955136173776,20.055110746500436,0.0,0.0,0.23545579291808214,5.103900540364353,PCM Storage + DSM
2024-03-26 19:00:00,86.26747311159107,80.6,2.7,73.5341959777136,-12.733277133877479,38.083288049032404,32.89994183403643,413.17159187288576,44.489909655442005,44.723404265380914,8.898747811337516,40.87058314265564,23.190752677752315,11.651787449016975,0.0,0.23787506792645138,4.638822291466132,PCM Storage + DSM
2024-03-26 20:00:00,88.76338019693095,77.2,1.45,71.85659548351576,-16.906784713415192,35.65325931250047,30.219519423502597,413.17159187288576,42.044870050744265,42.30870520915015,8.695732825893653,42.0530586965156,23.861711984139948,8.183793237074811,0.0,0.2415201110312493,5.0463670435818715,PCM Storage + DSM
2024-03-26 21:00:00,98.31369732697549,81.4,0.4,221.16019014717796,122.84649282020247,31.827086166125984,32.59438056253222,1065.7694906622535,49.967357005987274,49.15403440626106,26.7637217196698,46.57767285551973,36.27657648194786,39.65139988077816,101.13772944168363,0.24725937075081103,5.589320742662367,PCM Storage + DSM
2024-03-26 22:00:00,113.70644233130507,85.1,-0.4,174.7968823023621,61.09043997105702,37.523528045119505,35.165562589916604,877.6921711690335,52.876485878784955,52.54076011563356,21.153061553677585,53.87022985066163,40.41451317525234,42.162304180543046,41.22181060999711,0.23871470793232075,6.2952121253362625,PCM Storage + DSM
2024-03-26 23:00:00,110.66417374846147,81.6,-0.1,159.8236418712556,49.15946812279414,40.87261918569741,38.10141364102074,937.4655499415851,54.99906505482465,54.76460699392063,19.3410734202203,52.42890687489115,39.59667887758195,41.66604147603171,28.927149120415354,0.23369107122145388,5.0732456810938595,PCM Storage + DSM
2024-03-27 00:00:00,98.78749628788233,81.0,0.2,116.28374815393057,17.49625186604824,44.71276201759505,40.63508166153205,765.5364694226739,54.91587423271362,54.91497745473352,14.072088986905209,61.580209441203614,34.94179180195441,4.369629867767721,17.49625186604824,0.22793085697360743,4.539904130462455,PCM Storage + DSM
2024-03-27 01:00:00,102.27086315437572,81.7,0.75,121.0608753739602,18.790012219584483,44.125818832942635,40.127621909262444,769.688611853234,54.91906940879089,54.918700530083235,14.650193497718156,63.751602271872244,36.17388173633377,4.523708313645786,18.790012219584483,0.22881127175058605,4.924498064029615,PCM Storage + DSM
2024-03-27 02:00:00,104.30500006804141,81.1,1.35,123.42911603585944,19.124115967818028,43.8348442258,39.835588930732314,791.2531531906807,54.92038877680186,54.92023651554463,14.936786369600286,65.01960259461129,36.8933694367493,4.613683520499699,19.124115967818028,0.2292477336613,5.135959179207816,PCM Storage + DSM
2024-03-27 03:00:00,120.7930730954752,80.8,0.95,142.8253830195196,22.032309924044398,41.451716000530034,37.45202339079654,867.1223416946633,54.92093336951767,54.92087052096451,17.284027487477953,75.29761376469271,42.72531008297339,5.342994203226736,22.032309924044398,0.23282242599920494,7.024492099775046,PCM Storage + DSM
2024-03-27 04:00:00,124.19667174773556,84.9,0.95,146.82709836071498,22.63042661297942,40.96004403153041,36.96017091235261,798.2655272098932,54.92115815988698,54.921132218024255,17.768295455062056,77.41928225246572,43.92918547159666,5.493544291928956,22.63042661297942,0.23355993395270438,7.450811270640417,PCM Storage + DSM
2024-03-27 05:00:00,119.71730517725629,82.1,1.05,141.55290672367008,21.835601546413784,41.60805918652456,37.608111558849885,835.1240187030597,54.921250946126456,54.921240238159314,17.130038645931343,74.62702268582788,42.34480384445018,5.295410168780342,21.835601546413784,0.23258791122021316,6.891928297596912,PCM Storage + DSM
2024-03-27 06:00:00,89.03675884598147,79.4,1.45,105.44013743770776,16.403378591726295,46.04506553679491,42.04508715440749,755.173336636345,54.92128924530385,54.921284825399184,12.759848391288592,55.501986220234144,31.49289138020929,3.938329195517387,16.403378591726295,0.22593240169480763,3.648123729722263,PCM Storage + DSM
2024-03-27 07:00:00,88.00160660949689,78.0,1.85,55.00824059093176,-32.993366018565126,46.19480394070002,39.98745052041019,413.17159187288576,51.228655844253645,51.6127503841809,6.6568275352114865,54.856713347435665,2.0259268579088605,0.0,0.0,0.22570779408894998,3.5564252573271626,PCM Storage + DSM
2024-03-27 08:00:00,83.76794637651247,81.2,1.85,65.87037915467646,-17.897567221836013,43.114427711031354,37.70165639504694,413.17159187288576,48.78865932270171,49.05810418488864,7.971310280081139,52.21761737226968,15.436986098731246,0.0,0.0,0.23032835843345298,4.350429004682133,PCM Storage + DSM
2024-03-27 09:00:00,107.84037433637516,77.2,3.05,69.19328025033792,-38.64709408603724,37.193160648172444,30.636618502185193,413.17159187288576,44.45813814495215,44.919558788546546,8.373431476337508,67.22341477811472,4.266823037682208,0.0,0.0,0.23921025902774135,7.988900263148332,PCM Storage + DSM
2024-03-27 10:00:00,97.8948227409979,80.4,4.7,201.0255857511919,103.130763010194,34.30093044147759,34.226621564956034,1041.7414683334373,50.93331967593076,50.27858878153809,24.32713062869995,61.02375213592308,40.1382006429553,5.213564570115393,96.73518962973412,0.2435486043377836,7.32285025631077,PCM Storage + DSM
2024-03-27 11:00:00,100.88066106697987,75.5,6.1,151.83855044363935,50.95788937665948,40.34431045153452,37.66616868190904,1031.7802354211856,53.27520381856091,53.00494064443242,18.374756811735647,62.885005395502816,41.194311436944055,5.345636024700245,44.5623159961996,0.23448353432269822,6.28435876272643,PCM Storage + DSM
2024-03-27 12:00:00,77.37450703419965,74.0,7.35,105.11045087828177,27.735943844082115,46.08557257590311,42.63118917447476,899.5347616989866,54.24185389673063,54.13029794483212,12.719951340534022,48.232200709801354,32.8800290516051,4.305897225787248,21.340370463622243,0.22587164113614533,3.1585611249096086,PCM Storage + DSM
2024-03-27 13:00:00,78.35500449228829,72.7,7.9,98.39696924562604,20.04196475333775,46.9104265327027,43.13563952786799,911.4615200197715,54.64085597982453,54.59480926840243,11.907518713907411,48.84340396015717,33.22683749731202,4.349267198092741,13.646391372877876,0.22463436020094596,2.956854675893314,PCM Storage + DSM
2024-03-27 14:00:00,51.80723482370915,73.5,8.45,63.90189380235137,12.094658978642215,51.14867443839183,47.24163512422165,682.9850866913707,54.80555121539347,54.786544612906496,7.733093835503955,32.2945766508404,23.83671551403509,3.1749897679978654,5.699085598182339,0.21827698834241227,1.133796491150261,PCM Storage + DSM
2024-03-27 15:00:00,38.64516982874381,66.9,8.8,47.06925597220002,8.424086143456208,53.21682159024192,49.2551927735016,821.7715841743938,54.87353211516416,54.86568680054905,5.696090546646428,24.089867051695283,19.181205940256323,2.592797137506477,2.0285127629963267,0.2151747676146371,0.5468175895434967,PCM Storage + DSM
2024-03-27 16:00:00,39.02461468326158,69.8,8.2,46.96257891636006,7.9379642330984765,53.22992849905974,49.24576689022054,677.061831096704,54.90159244561434,54.898354151897585,5.683181012455513,24.326397933543916,19.31541809872875,2.609580977888866,1.54239085263859,0.2151551072514104,0.5502735574187159,PCM Storage + DSM
2024-03-27 17:00:00,73.80267467554611,74.1,7.9,44.745685618126245,-29.05698905741987,48.22850713631234,42.309796721508874,413.17159187288576,51.692468694676904,52.02613854102884,5.414903456369827,46.00566199792053,0.31199156811299744,0.0,0.0,0.2226572392955315,2.421230015423919,PCM Storage + DSM
2024-03-27 18:00:00,77.25050290304793,75.7,7.3,53.92560871983565,-23.32489418321228,44.520770496807884,38.90532600629743,413.17159187288576,48.92348097240227,49.22509243143751,6.5258127350181105,48.154901449724505,7.416112603416039,0.0,0.0,0.22821884425478817,3.605616401368265,PCM Storage + DSM
2024-03-27 19:00:00,58.06169528212164,72.1,6.45,47.68884781063217,-10.372847471489472,44.526801181688484,39.640348636897855,413.17159187288576,47.38040181260025,47.55319277206746,5.771070512672599,36.193359385938535,12.732179701614205,0.0,0.0,0.2282097982274673,2.708681805140475,PCM Storage + DSM
2024-03-27 20:00:00,53.28434714481768,72.5,5.4,124.73329858785367,71.44895144303598,43.67460544102866,42.470344309798826,1033.7319106605412,52.02287306943165,51.547017718423845,15.094612146789183,33.21534992195328,41.8695529238603,6.215316033113231,44.56801534920076,0.229488091838457,2.655645858745952,PCM Storage + DSM
2024-03-27 21:00:00,74.47363085548304,77.5,4.3,111.88873681691442,37.41510596143138,45.25275641839641,42.213471638241316,828.8855120797003,53.724934879646156,53.52850976658003,13.54022626649239,46.42390948509218,49.36434292939899,7.152573585515491,10.534169867596185,0.2271208653724054,3.272117836390171,PCM Storage + DSM
2024-03-27 22:00:00,97.38411752940235,78.8,3.7,125.00206330954752,27.617945780145178,43.64158358198924,40.03813336126325,849.3538348566134,54.42748842391266,54.34641045044373,15.127136735480718,60.70539875037801,57.467933824229014,8.165964455992807,0.7370096863099889,0.22953762462701616,4.865567971973637,PCM Storage + DSM
2024-03-27 23:00:00,99.17349840743249,79.3,2.9,121.39014429631429,22.2166458888818,44.08536310693993,40.24904611027697,823.4950425035121,54.71747994616302,54.68401356464346,14.690040008082232,61.82082786215618,57.29496919738568,4.386703753168084,0.0,0.2288719553395901,4.790361265608708,PCM Storage + DSM
2024-03-28 00:00:00,81.18405091022012,79.2,2.75,97.85573241614236,16.671681505922237,46.97692575989857,43.04448884273811,725.47103226478,54.83717912592588,54.8233652792781,11.842020886838725,56.36343452001111,27.09236629064642,0.0,16.671681505922237,0.22453461136015215,3.389609331727003,PCM Storage + DSM
2024-03-28 01:00:00,76.4257956174446,76.0,2.8,91.2808781909048,14.855082573460194,47.78474721824408,43.812635087294154,772.8525428405915,54.88658710007878,54.880885188173636,11.046364269277715,53.059933307433816,25.5044633238575,0.0,14.855082573460194,0.22332287917263388,2.9337641880666787,PCM Storage + DSM
2024-03-28 02:00:00,71.59344029286153,78.3,3.0,85.19090550637677,13.597465213515235,48.532993559039866,44.54450477503926,683.6894037948546,54.90698112378661,54.90462755781741,10.309385638084498,49.70498686338692,23.89183203689521,0.0,13.597465213515235,0.2222005096614402,2.5251146635208155,PCM Storage + DSM
2024-03-28 03:00:00,79.1072628302746,77.0,4.15,93.86893540626274,14.761672575988129,47.46676478359679,43.47151624357919,759.2969302930913,54.91539912128857,54.914427644902496,11.3595582625562,54.921588398223015,26.399310170151093,0.0,14.761672575988129,0.22379985282460482,3.14148252395245,PCM Storage + DSM
2024-03-28 04:00:00,63.47152565244785,76.1,4.35,75.3966434438696,11.925117791421755,49.736368537664084,45.73832978762806,683.199525570162,54.91887380009439,54.91847280586646,9.124132070903093,44.066206845889084,21.1814242172264,0.0,11.925117791421755,0.22039544719350387,1.9204841188296136,PCM Storage + DSM
2024-03-28 05:00:00,73.00597287858184,74.3,3.95,86.59072164271207,13.584748764130225,48.361004724925586,44.36181426587417,797.4785030827993,54.92030803582573,54.9201425182968,10.478784522696824,50.68566209466694,24.363215883608273,0.0,13.584748764130225,0.22245849291261163,2.6272391720990758,PCM Storage + DSM
2024-03-28 06:00:00,87.6136766777595,79.8,3.1,103.77279717004274,16.159120492283236,46.24992380443729,42.25025795692137,738.9087141774157,54.92090004223785,54.92083172192179,12.558075048147181,60.827313654813686,29.23803128830209,0.0,16.159120492283236,0.22562511429334406,3.9233895393638356,PCM Storage + DSM
2024-03-28 07:00:00,99.62509797950304,79.9,3.35,61.20229455361515,-38.42280342588789,44.51346597081219,37.970276492404,413.17159187288576,50.66646643296038,51.10899484893584,7.40640157230901,69.16645108935457,0.0,0.0,0.0,0.2282298010437817,5.181895471232279,PCM Storage + DSM
2024-03-28 08:00:00,90.19868543218922,77.5,3.0,62.051875146187086,-28.146810286002136,41.622247254768006,35.71146274371641,413.17159187288576,47.38170057868031,47.74139551209649,7.509213649577057,62.622000788929256,1.9538781776235545,0.0,0.0,0.23256662911784798,5.777913867263262,PCM Storage + DSM
2024-03-28 09:00:00,73.60204877227167,76.9,4.25,62.54413259342032,-11.05791617885135,40.737629087513184,35.71059247077794,413.17159187288576,45.591857496616946,45.79268183821435,7.568784231983492,51.09949811573588,13.504219397329642,0.0,0.0,0.23389355636873022,4.985993950800108,PCM Storage + DSM
2024-03-28 10:00:00,68.66664119682439,74.8,5.4,157.39571755511056,88.72907635828618,39.66152742905676,39.11763711194785,1070.06659979583,51.33345813305653,50.74441707692677,19.047257925169035,47.673005860306056,28.090196579807674,0.0,83.5539939467783,0.23550770885641487,4.959462626899997,PCM Storage + DSM
2024-03-28 11:00:00,68.64437819404652,73.7,6.25,110.6386585540053,41.99428035995878,45.40634766328104,42.59557566978861,934.1544021730556,53.44036720563656,53.197221002743056,13.388947925060133,47.657549384739475,28.082767073405545,0.0,36.81919794845091,0.22689047850507843,3.315150352720104,PCM Storage + DSM
2024-03-28 12:00:00,73.64580395972122,74.6,6.85,99.3773806194701,25.73157665974888,46.78996799192515,43.28083991549222,853.6637358913576,54.31002803438431,54.20966509667559,12.026163290776783,51.1298759130381,29.751819766636928,0.0,20.55649424824101,0.22481504801211227,3.1322260178460852,PCM Storage + DSM
2024-03-28 13:00:00,83.90651025229698,74.3,7.1,104.37640555710269,20.469895304805704,46.17576127690433,42.378377429788145,886.5889970148128,54.66899607266195,54.627569477742554,12.631120775265522,58.25354910705279,33.17597525238157,0.0,15.294812893297834,0.2257363580846435,3.783301932013895,PCM Storage + DSM
2024-03-28 14:00:00,82.69827861650009,74.4,7.75,100.03263829620074,17.334359679700654,46.70945955875308,42.793092994374554,863.0005393931898,54.81716654126558,54.80006697437569,12.105459361661085,57.414713351436774,32.77276977453278,0.0,12.159277268192776,0.22493581066187038,3.544970577993357,PCM Storage + DSM
2024-03-28 15:00:00,69.89595030547441,71.6,9.8,83.75791738178867,13.861967076314258,48.70905807955092,44.743579273711894,874.1037486088103,54.878326548355794,54.87126839674111,10.13597244211761,48.526475016789426,28.500435934490852,0.0,8.686884664806382,0.22193641288067362,2.413981115809946,PCM Storage + DSM
2024-03-28 16:00:00,79.4999450982944,68.5,10.5,94.564354801841,15.064409703546602,47.381321868658624,43.39557110806205,1069.6987999699295,54.9035714335379,54.90065805540751,11.44371450771647,55.19421486921766,31.705436693424208,0.0,9.889327292038729,0.22392801719701205,3.185372325234606,PCM Storage + DSM
2024-03-28 17:00:00,83.59060011978742,73.6,10.6,46.32564579114109,-37.26495432864633,46.81499049719069,40.450473338714986,413.17159187288576,50.94860232547328,51.35986561334073,5.606102488937987,58.03422302183932,0.0,0.0,0.0,0.22477751425421397,3.5464746777935288,PCM Storage + DSM
2024-03-28 18:00:00,82.60376832284251,72.3,9.9,50.67068531685636,-31.933083005986155,43.002733560480685,36.97561933945385,413.17159187288576,47.4754663291061,47.85348136354256,6.131917865791393,57.3490979419036,0.0,0.0,0.0,0.23049589965927897,4.816383623753482,PCM Storage + DSM
2024-03-28 19:00:00,64.49709476765867,69.9,8.85,137.15734249671138,72.66024772905271,42.14812151831638,40.9521645710826,1180.66707582608,52.09090075491631,51.62621690934953,16.598109017488856,44.77822598047077,39.86111109815597,0.0,54.32280903374759,0.23177781772252543,3.9902446253239217,PCM Storage + DSM
2024-03-28 20:00:00,41.738219299653984,72.5,7.9,38.81967518706367,-2.918544112590311,50.05486510713014,45.468713051348054,413.17159187288576,51.20301343301692,51.27644074626968,4.697766733077662,28.977482203733665,11.010141545582488,0.0,0.0,0.2199177023393048,1.2075151365639964,PCM Storage + DSM
2024-03-28 21:00:00,55.624543078055474,71.2,6.15,96.37557222498556,40.75102914693009,47.158786090674504,44.5348476245395,957.6600111059051,53.49035338889762,53.25542319981953,11.662899158690946,38.61830318066615,43.9855317540126,0.0,15.328262848993127,0.22426182086398824,2.2803058944967245,PCM Storage + DSM
2024-03-28 22:00:00,75.35325491773851,76.1,5.15,100.98026940612056,25.627014488382045,46.59302857504388,43.067334114345805,817.5468789301981,54.33066211297473,54.23368693418377,12.22013703173325,52.31530333615061,50.569306296063914,0.0,0.20424819044508524,0.2251104571374342,3.266663201443386,PCM Storage + DSM
2024-03-28 23:00:00,119.94022849292378,79.1,5.0,146.62133875820044,26.681110265276658,40.985324747494246,37.18110157634953,918.9793079888861,54.6775131571224,54.63748492015079,17.74339543693861,83.27058257356612,65.44866506600457,0.0,1.258343967339698,0.23352201287875862,8.001308028015757,PCM Storage + DSM
2024-03-29 00:00:00,118.8872592679269,81.5,4.65,142.55894061729424,23.671681349367347,41.48445252708367,37.56526290955222,851.072332564866,54.82068211998311,54.804159750309424,17.251783934500658,75.95410775006847,43.09781736030145,2.7277275987816156,23.671681349367333,0.2327733212093745,7.070817387355138,PCM Storage + DSM
2024-03-29 01:00:00,107.09385108225821,75.9,5.05,127.51245916567183,20.418608083413616,43.33314303379662,39.36649896235184,935.3573230584184,54.87977766625612,54.87295776310055,15.430932531888793,68.41959310492791,38.8225892562034,2.4571417917755998,20.418608083413602,0.23000028544930506,5.6104847559053095,PCM Storage + DSM
2024-03-29 02:00:00,88.18356001929264,76.7,5.1,104.77344508926437,16.58988506997173,46.126978894374766,42.14074714958895,818.6789882951549,54.904170408366745,54.90135537154275,12.679168552505232,56.33827931381145,31.967420119659113,2.0232675217228437,16.589885069971714,0.22580953165843784,3.675403800202088,PCM Storage + DSM
2024-03-29 03:00:00,107.02376127884224,77.7,4.7,126.75045045602472,19.72668917718248,43.42676746500245,39.43245055822918,883.47694326193,54.9142389483025,54.91307699157969,15.338717974470535,68.37481447588374,38.797181003333904,2.455533664106174,19.72668917718246,0.22985984880249632,5.56840353851092,PCM Storage + DSM
2024-03-29 04:00:00,97.50554233404424,80.0,4.75,115.46524529930065,17.95970296525641,44.81332761905722,40.815673417280806,783.923820400865,54.918394917974865,54.91791529958616,13.973037785088586,62.29386154809624,35.34673169359081,2.237149384185476,17.959702965256394,0.22778000857141417,4.554929292182747,PCM Storage + DSM
2024-03-29 05:00:00,116.86254097569507,75.5,4.3,138.21524519071608,21.352704215021006,42.018141982986435,38.0191102530968,986.1595257359938,54.92011036867854,54.91991239762311,16.726131213933833,74.66056568106394,42.363836783223675,2.6812728314710816,21.352704215021,0.23197278702552035,6.711323967021695,PCM Storage + DSM
2024-03-29 06:00:00,98.67270461975757,82.2,4.0,116.79124631620633,18.11854169644876,44.65040810197763,40.65080777275802,743.0291425030714,54.92081845159269,54.92073673550399,14.133503925910972,63.03953245141061,35.76983966436288,2.2639285428489155,18.11854169644875,0.22802438784703355,4.671074995302352,PCM Storage + DSM
2024-03-29 07:00:00,97.52972293821632,77.0,4.05,55.66268628156584,-41.867036656650484,44.81641020773972,38.13537180205178,413.17159187288576,50.43578299446863,50.90229725677789,6.736025343520077,62.309309933617584,0.0,0.0,0.0,0.22777538468839043,4.5549064348200305,PCM Storage + DSM
2024-03-29 08:00:00,71.15997659358491,75.4,4.1,54.05687193760014,-17.103104655984772,44.144875461236396,38.8858490849427,413.17159187288576,48.23654577039359,48.48430483566932,6.541697565963224,45.46233602291156,10.325778192829905,0.0,0.0,0.2287826868081454,3.506543948385881,PCM Storage + DSM
2024-03-29 09:00:00,65.49198515612908,76.6,4.3,58.5183008525364,-6.973684303592677,42.76532338285979,37.9616256204755,413.17159187288576,46.84264532971197,46.99772571741101,7.081597815967445,41.84119751725565,18.270449750067446,0.0,0.0,0.2308520149257103,3.5735754955921433,PCM Storage + DSM
2024-03-29 10:00:00,76.08191173981368,75.3,4.65,155.9435803383886,79.86166859857494,39.839944708580205,38.8287468587052,1050.579370481817,51.811620112623935,51.30108162418792,18.871527399972532,48.60683775284892,31.60166395478567,2.12939678684259,75.45666927407953,0.2352400829371297,5.0045761402797515,PCM Storage + DSM
2024-03-29 11:00:00,59.855510025883326,76.3,5.45,96.40211347125623,36.5466034453729,47.15552509240227,44.18626192783513,790.1892119072475,53.63773659228492,53.426995028721734,11.666111050165668,38.24019399501564,25.719431478504553,1.7571011846346436,32.141604120877496,0.2242667123613966,2.258727781473605,PCM Storage + DSM
2024-03-29 12:00:00,61.205941992316866,71.5,6.35,83.12886482412513,21.922922831808265,48.78634681282156,45.21179913512307,874.3103824787728,54.391495773533364,54.3045084294396,10.059847586242103,39.10295133099286,26.20897653661463,1.7880852494351975,17.51792350731286,0.22182047978076766,1.9270684849673567,PCM Storage + DSM
2024-03-29 13:00:00,57.67135807661703,72.7,7.75,72.83370141287342,15.162343336256392,50.05126518756806,46.226878231708014,768.2263700136673,54.70262333692678,54.666717757146465,8.813977394080021,36.84479373498249,24.927654610434217,1.7069884005681881,10.757344011760985,0.21992310221864791,1.5361482052988815,PCM Storage + DSM
2024-03-29 14:00:00,85.63721021730875,73.2,8.05,103.21816553052528,17.580955313216535,46.318068789030214,42.390556209269576,917.2684306201045,54.831046795139656,54.81622612584815,12.490956246851654,54.71147987020254,35.065554964992074,2.348631812800421,13.17595598872112,0.22552289681645468,3.50654558654317,PCM Storage + DSM
2024-03-29 15:00:00,92.75283303843477,77.5,5.95,110.54825029275933,17.795417254324562,45.41745570171722,41.4473761789727,823.1592192101449,54.88405587102956,54.87793837509739,13.378007160614523,59.25747399768644,37.64503921450755,2.5118913653481343,13.390417929829162,0.22687381644742416,4.118113905495258,PCM Storage + DSM
2024-03-29 16:00:00,102.0526999371236,75.2,6.6,121.06305954136462,19.010359604241017,44.125550474552085,40.13790068588864,930.6984215257592,54.90593631379137,54.9034112080931,14.65045781494705,65.19892724367668,41.016333729519836,2.72526581573714,14.60536027974561,0.22881167428817187,5.036401787472398,PCM Storage + DSM
2024-03-29 17:00:00,82.25216750982871,76.3,6.75,50.656535511576834,-31.595631998251875,47.010914831619,40.9113914667296,413.17159187288576,51.39419221527398,51.75936861399545,6.130205525742143,52.54886042615346,0.10877790583399616,0.0,0.0,0.2244836277525715,3.1494902537892777,PCM Storage + DSM
2024-03-29 18:00:00,79.66934126439185,72.8,6.75,50.03083213957733,-29.63850912481452,43.87269005306991,37.961729533380606,413.17159187288576,48.12455856642718,48.47952878275288,6.0544859718924675,50.898757091669914,1.0703406077223647,0.0,0.0,0.22919096492039515,4.008982561535141,PCM Storage + DSM
2024-03-29 19:00:00,50.23895347994071,74.7,6.65,115.09208232474165,64.85312884480095,44.859176401095866,43.4208574351083,921.3728659352342,52.33914668696447,51.915218795884755,13.927879431767698,32.09641562403757,35.345627336686626,2.4329950898984025,46.43930156589408,0.2277112353983562,2.3380615214913036,PCM Storage + DSM
2024-03-29 20:00:00,58.17450020078541,71.3,5.8,40.42591570803031,-17.7485844927551,47.926153442497146,42.55265763284744,413.17159187288576,50.12600071857353,50.33893684830371,4.892146084485347,37.16623870181917,4.674997233655109,0.0,0.0,0.22311076983625427,2.0234444825989866,PCM Storage + DSM
2024-03-29 21:00:00,62.9749329924681,75.9,5.1,113.79302370162591,50.818090709157815,45.018785632791605,42.81825290231108,880.2824499939813,53.093824220361256,52.79379503167348,13.770673727325729,40.233115604790996,51.144995263645626,3.5968960238586085,20.350126173030297,0.22747182155081258,2.892249496330069,PCM Storage + DSM
2024-03-29 22:00:00,89.6867334189277,77.6,4.5,121.0785945899747,31.391861171046997,44.123641756093285,40.72938082658609,864.0322254920846,54.16698825942742,54.04314066501896,14.652337790351416,57.29861934575394,60.82828936288937,4.209766702222855,0.9238966349194797,0.22881453736586008,4.42678529746303,PCM Storage + DSM
2024-03-29 23:00:00,79.53262879401736,77.9,4.35,100.39240285044045,20.859774056423092,46.66525697769032,42.91528476420062,767.8275447734654,54.60995385103055,54.55883354457682,12.148996303856082,50.81141490067701,49.69114531568067,1.8247821330979324,0.0,0.22500211453346453,3.150737493590723,PCM Storage + DSM
2024-03-30 00:00:00,74.48301349686598,74.8,4.05,90.84354482289432,16.360531326028337,47.83848031513515,43.94168374923509,804.9158530280683,54.79279580985312,54.77169499040759,10.993440329610413,48.11583134233506,26.500455861633814,0.0,16.360531326028337,0.22324227952729728,2.6448848159786387,PCM Storage + DSM
2024-03-30 01:00:00,75.35318252717688,77.2,3.8,90.37961279149718,15.026430264320297,47.89548146486983,43.93808052540307,736.7780211524127,54.86826709372879,54.85955735366345,10.937297550130568,48.67795825337264,26.81005498896887,0.0,15.026430264320297,0.22315677780269524,2.6591362390207425,PCM Storage + DSM
2024-03-30 02:00:00,89.39910696651145,80.6,1.45,106.29786838800298,16.89876142149153,45.939680163462086,41.957263686473134,732.6436092345617,54.89941921398895,54.895824113229864,12.86364678488182,57.75158859727166,31.80748169292589,0.0,16.89876142149153,0.22609047975480687,3.832506245723884,PCM Storage + DSM
2024-03-30 03:00:00,100.4839164874907,79.1,2.35,119.09150756199914,18.607591074508434,44.36778580641109,40.37504371955778,819.1229580013496,54.912277807971556,54.910793865928405,14.411870262203099,64.91234647122356,35.751367575815,0.0,18.607591074508434,0.22844832129038337,4.919919986597707,PCM Storage + DSM
2024-03-30 04:00:00,96.50270664455768,79.9,3.2,114.3008363545798,17.798129710022124,44.95639307718165,40.95938891045189,781.4162759616422,54.91758542227932,54.916972898699306,13.832126724451209,62.34049535581359,34.33488520264964,0.0,17.798129710022124,0.22756541038422753,4.50482652863521,PCM Storage + DSM
2024-03-30 05:00:00,108.66981693645775,78.3,3.15,128.57872748882198,19.908910552364233,43.202135652904666,39.20337223658947,875.163523734488,54.91977623487344,54.919523404826734,15.559967095750846,70.20041668879358,38.66384497637973,0.0,19.908910552364233,0.230196796520643,5.811694959489247,PCM Storage + DSM
2024-03-30 06:00:00,107.47966828287227,83.9,-0.55,127.16005229142931,19.68038400855704,43.37644161127516,39.3769520332752,749.6247204872953,54.92068053189735,54.92057617178029,15.388285980047575,69.43158378046026,38.240399678151405,0.0,19.68038400855704,0.22993533758308726,5.675431413928445,PCM Storage + DSM
2024-03-30 07:00:00,121.41621991431938,82.7,-0.4,71.4957603840111,-49.92045953030828,41.36189043688357,34.12995653901449,413.17159187288576,49.514068315283275,50.076440823739816,8.65206633156027,78.43455957736016,0.0,0.0,0.0,0.23295716434467464,7.359409417233248,PCM Storage + DSM
2024-03-30 08:00:00,120.81058139720118,82.1,2.0,79.65748860892418,-41.15309278827699,36.04286354950342,29.331803714212885,413.17159187288576,44.86663797870763,45.37295398629877,9.639758659088933,78.04331868395421,1.8303383274573335,0.0,0.0,0.24093570467574488,9.365198242074506,PCM Storage + DSM
2024-03-30 09:00:00,110.3147785628391,80.7,3.15,82.64883221729794,-27.665946345541172,32.91329959830253,26.882806046865547,413.17159187288576,41.36889199886707,41.75333858416009,10.001756394075281,71.26305758453162,11.583162718949538,0.0,0.0,0.2456300506025462,8.551566910143794,PCM Storage + DSM
2024-03-30 10:00:00,117.44161390633167,76.6,4.35,244.16982827010347,126.7282143637718,29.0,29.424876578592325,1225.4224178137986,49.72349651447016,48.87013933775601,29.548235294117646,75.86697452200234,49.78606189044389,0.0,118.72693211002637,0.2515,9.10403694264028,PCM Storage + DSM
2024-03-30 11:00:00,92.4470323645269,80.5,5.45,151.75863531907484,59.311602954547936,40.35412924755007,38.07699387831347,903.0531387605295,52.775828576104956,52.423576624971496,18.36508587523657,59.7205404093664,40.89319123670114,0.0,51.31032070080251,0.2344688061286749,5.964602381524657,PCM Storage + DSM
2024-03-30 12:00:00,95.20208138333739,72.4,6.85,130.15850562886502,34.95642424552763,43.0080357326276,39.71917409623394,1057.9002475831956,54.03572784708404,53.89032956321061,15.751144099581381,61.500294848739735,41.87341547162279,0.0,26.955141991782206,0.2304879464010586,5.163059567738601,PCM Storage + DSM
2024-03-30 13:00:00,54.387687077910854,73.6,8.25,71.86430555192946,17.476618474018608,50.17037030401246,46.46390536373586,732.7377803186574,54.555773771631024,54.495758033296596,8.696665860565611,35.1343031878076,27.351982945859262,0.0,9.475336220273174,0.21974444454398132,1.4397256823956834,PCM Storage + DSM
2024-03-30 14:00:00,60.95907246895105,68.9,9.2,75.36639191206878,14.407319443117728,49.7400854012932,45.86124723943206,939.6907057963838,54.770432014479766,54.74565944666211,9.12047117886745,39.3794009129967,29.690028901966727,0.0,6.406037189372308,0.2203898718980602,1.7153465254595557,PCM Storage + DSM
2024-03-30 15:00:00,52.988605403020465,70.6,10.15,64.23778730155922,11.249181898538758,51.10740478174495,47.15741649426412,787.2663424714356,54.85903603779377,54.84881071801414,7.773742019674273,34.23050009576421,26.854200962671733,0.0,3.2478996447933266,0.21833889282738259,1.2102388870966758,PCM Storage + DSM
2024-03-30 16:00:00,48.7411027300299,69.4,10.95,58.51718904183249,9.776086311802587,51.81026782181702,47.83091104931771,794.7398774821671,54.8956089307945,54.89138824744163,7.081463270087988,31.48662451065068,25.342973746918783,0.0,1.774804058057157,0.21728459826727448,0.9804428904317324,PCM Storage + DSM
2024-03-30 17:00:00,39.99066650560609,66.2,11.15,22.635655009392817,-17.355011496213276,53.11229827075952,47.98673980854082,413.17159187288576,53.01352802401199,53.209123533007755,2.739255971930034,25.833865662971256,0.0,0.0,0.0,0.21533155259386072,0.6026061852653981,PCM Storage + DSM
2024-03-30 18:00:00,53.27590113333816,68.4,10.65,33.01865833075592,-20.25724280258224,49.30895308515189,43.991327496097796,413.17159187288576,50.770291927161246,51.01159248145964,3.9957561192777105,34.416092383943045,0.0,0.0,0.0,0.22103657037227217,1.588174686903916,PCM Storage + DSM
2024-03-30 19:00:00,60.726578556186325,73.6,9.3,47.75556496054403,-12.971013595642297,45.98822601530125,40.949802339735,413.17159187288576,48.98501157995779,49.18053885758494,5.779144294997447,39.22921045520624,8.63501359234155,0.0,0.0,0.22601766097704812,2.5918991947854737,PCM Storage + DSM
2024-03-30 20:00:00,72.88829145026097,70.5,8.2,48.52359120138697,-24.364700248873994,42.444161182354684,36.790072448984105,413.17159187288576,46.17892709954488,46.47877038098843,5.872087064533165,47.085645083348936,1.5683663621972244,0.0,0.0,0.23133375822646798,4.112226362748484,PCM Storage + DSM
2024-03-30 21:00:00,68.06074479008284,74.3,6.9,151.90440137960726,83.84365658952443,40.33621965631615,39.598293305606454,1068.4522306768326,51.57618123486719,51.02699114886309,18.38272576909661,43.96706260402756,66.39152530282,0.0,41.667595706594014,0.23449567051552578,4.39594484154307,PCM Storage + DSM
2024-03-30 22:00:00,84.42063421456164,76.3,5.35,127.23230985530427,42.81167564074262,43.367563663776046,40.476339238694834,922.9418237062121,53.54055550604225,53.31385848911162,15.397030236101992,54.53550825856052,72.21224209770173,0.0,0.6356147578122062,0.22994865450433594,4.460711066390651,PCM Storage + DSM
2024-03-30 23:00:00,77.63576129330794,77.7,3.85,111.81751717110507,34.18175587779713,46.31314258396512,43.15471533928468,851.0651093267221,54.99361571642233,54.83323964156904,13.531607614192685,50.15249814885334,61.80393399394188,0.0,0.0,0.22553028612405232,3.2158355806484944,PCM Storage + DSM
2024-03-31 00:00:00,91.11344682291457,77.3,1.95,107.29549117193345,16.18204434901888,45.817106937564546,41.75697579758438,814.1559740986037,54.92500811212381,54.92561196198568,12.984374202201133,52.49757190721678,29.788129081333082,9.704504263658215,16.18204434901888,0.22627433959365317,3.5224483960555255,PCM Storage + DSM
2024-03-31 01:00:00,95.63561947209377,82.3,1.55,113.17663430539254,17.541014833298775,45.09451850289276,41.09329429519606,726.6924049875587,54.92283973289235,54.92308987620001,13.696081305150802,55.103148713992006,31.266583330392905,10.186161420589757,17.541014833298775,0.22735822224566085,3.9361771046806826,PCM Storage + DSM
2024-03-31 02:00:00,118.98510730147544,80.0,2.2,140.67739938146946,21.69229207999402,41.7156286616399,37.71512366365246,877.8161913675523,54.92194504541095,54.922048296540446,17.024089040558913,68.55661205077104,38.900336433779096,12.673118199152572,21.69229207999402,0.23242655700754017,6.287068297703266,PCM Storage + DSM
2024-03-31 03:00:00,110.79908979193915,81.6,2.4,131.04946886150253,20.25037906956338,42.898567264846406,38.89835881791252,808.9263793220592,54.921575747179446,54.921618365927095,15.858964101024224,63.84000810452962,36.224044901201566,11.801224482102494,20.25037906956338,0.23065214910273038,5.4014134805861085,PCM Storage + DSM
2024-03-31 04:00:00,110.75271534531805,79.7,2.75,130.997890325767,20.24517498044895,42.90490447728182,38.90481843708723,850.5016154042127,54.92142331273911,54.921440904388334,15.852722319552544,63.813288164377646,36.20888349473311,11.796285134172502,20.24517498044895,0.23064264328407727,5.396726353773867,PCM Storage + DSM
2024-03-31 05:00:00,103.56394914462149,79.8,2.4,122.53771626714314,18.97376712252165,43.9443663287189,39.944330814091984,816.4190992260292,54.921360392701544,54.92136765396893,14.82891354070181,59.671278574083836,33.85862781910193,11.03060877488942,18.97376712252165,0.22908345050692164,4.674278122561221,PCM Storage + DSM
2024-03-31 06:00:00,93.65547252473375,79.9,2.75,110.87562486075122,17.220152336017463,45.377232726137734,41.37721806684124,767.2400338158335,54.92133442133234,54.92133741855013,13.417624425502932,53.962231424824715,30.619204980382623,9.975255729241328,17.220152336017463,0.2269341509107934,3.7631427445742074,PCM Storage + DSM
2024-03-31 07:00:00,105.6831739884752,77.9,2.5,59.25771367175169,-46.425460316723516,43.637802534505695,36.687579890877274,413.17159187288576,49.98596952042218,50.499328915856296,7.17107792952796,60.89232950023308,0.0,0.0,0.0,0.22954329619824146,4.881931985496352,PCM Storage + DSM
2024-03-31 08:00:00,97.87098432648149,82.0,2.75,72.93072410869117,-24.940260217790325,39.83220924528123,34.01979294209837,413.17159187288576,46.85163560743794,47.19856824230042,8.82571860496264,56.39111696976621,17.481391403307715,0.0,0.0,0.23525168613207817,5.808665379370903,PCM Storage + DSM
2024-03-31 09:00:00,99.60681054005624,77.9,3.3,71.69473356297947,-27.91207697707678,36.44684620169903,30.455141304298543,413.17159187288576,43.4505648502005,43.818463582818744,8.676145089984395,57.391262004808986,15.261959177739634,0.0,0.0,0.24032973069745145,6.886951440577079,PCM Storage + DSM
2024-03-31 10:00:00,93.08922040823118,76.9,4.0,203.5698667167725,110.48064630854132,33.98832658903525,34.26308348795804,1133.2841567669166,50.52834252241942,49.807122346076035,24.63502703489375,53.63596936098814,35.174822547108214,12.221352114437181,103.43349342309644,0.24401751011644712,6.436316323318577,PCM Storage + DSM
2024-03-31 11:00:00,95.9509063029148,79.1,4.5,149.33217336208324,53.38126705916844,40.652257231771046,38.108348456465414,927.8618400255281,53.108042411982375,52.81033422630938,18.071447347719154,55.2848100784731,36.11040639113449,12.526150625903698,46.33411417372354,0.23402161415234343,5.422691124919618,PCM Storage + DSM
2024-03-31 12:00:00,94.3497092261441,77.5,4.35,126.45134900169788,32.10163977555378,43.46351665589707,40.064540188391064,887.5228854378539,54.17285504083438,54.049970670275854,15.302522183156443,54.36223540254442,35.58691982717866,12.355606931198796,25.054486890108894,0.2298047250161544,4.415240964448472,PCM Storage + DSM
2024-03-31 13:00:00,84.34230107789155,75.6,5.15,106.00579592945121,21.663494851559662,45.975565734659114,42.22364893131063,854.8311152571763,54.612375469803865,54.561652751265804,12.828301608168697,48.59618607407549,32.315152858806655,11.289716676474502,14.616341966114774,0.22603665139801132,3.214472753519517,PCM Storage + DSM
2024-03-31 14:00:00,86.44379132913656,76.2,5.55,104.90206495366846,18.4582736245319,46.1111759757281,42.21357674565992,832.8745638434712,54.79379537624945,54.77285866831663,12.694733497788746,49.80701871650061,33.00220252106907,11.513546657825994,11.411120739087023,0.22583323603640784,3.254039171865551,PCM Storage + DSM
2024-03-31 15:00:00,88.04011797328496,77.5,4.85,105.30441844020086,17.2643004669159,46.06174069258321,42.1040084391463,800.1821851876227,54.868679682610114,54.86003768250251,12.743424343728634,50.72678715585583,33.52409677257604,11.683571602162022,10.217147581471021,0.2259073889611252,3.329176510457344,PCM Storage + DSM
2024-03-31 16:00:00,94.61804640944669,76.1,4.9,112.43737404223863,17.81932763279194,45.18534793932126,41.202794706574196,868.8546049301023,54.899589517418136,54.89602237753638,13.606619653176754,54.516845408718225,35.67464850974156,12.384187557113643,10.772174747347059,0.2272219780910181,3.8645853596989013,PCM Storage + DSM
2024-03-31 17:00:00,78.586561830698,78.4,4.6,53.3826992515321,-25.2038625791659,47.534675139027826,41.75073567233157,413.17159187288576,51.915986783647966,52.22618533350791,6.4601124934014775,45.27985521902611,8.859059859223368,0.0,0.0,0.22369798729145826,2.5715312358352107,PCM Storage + DSM
2024-03-31 18:00:00,83.27238747413665,74.4,4.7,52.79681968151951,-30.47556779261714,43.873424649850406,37.88431051236588,413.17159187288576,48.5265760902632,48.891765723753934,6.389212220786312,47.97972529571422,5.618400561689995,0.0,0.0,0.2291898630252244,3.778856876242027,PCM Storage + DSM
2024-03-31 19:00:00,84.59414896941585,77.6,4.3,64.52404289124723,-20.07010607816862,40.29286542072917,34.77447671427483,413.17159187288576,45.91366478426609,46.20032559471723,7.808383267441384,48.74129531158108,16.596772685334685,0.0,0.0,0.23456070186890624,4.885964282031403,PCM Storage + DSM
2024-03-31 20:00:00,103.30636501236069,79.5,3.6,77.00957691376846,-26.29678809859223,34.97385871872585,29.013391288965796,413.17159187288576,42.57687078789212,42.93562867381492,9.31932137017068,59.52286424033789,18.480800039045203,0.0,0.0,0.24253921192191122,7.1427437088405465,PCM Storage + DSM
2024-03-31 21:00:00,82.7596214942422,79.0,3.7,198.52257935826518,115.76295786402298,34.608463081033435,35.20101278377557,1068.3424959430351,50.188100236912234,49.4110199588422,24.02422906889272,47.684280771994224,59.7165141019684,26.613996845864538,65.30415961513694,0.24308730537844986,5.722113692639306,PCM Storage + DSM
2024-03-31 22:00:00,72.02871223101226,73.9,3.85,123.94419260544844,51.91548037443617,43.77155918686973,41.34042671122768,982.7664043659773,52.967601604986385,52.64683546804338,14.99911841029725,41.50136595184549,56.208209659107865,25.471046399698842,1.4566821255501594,0.2293426612196954,3.293990178948287,PCM Storage + DSM
2024-03-31 23:00:00,55.45436642648816,76.3,4.75,93.60152407082134,38.147157644333184,48.94798461623636,46.12429663471628,817.5124290149716,54.999400573162916,54.77499448832104,11.327197454032405,31.951591017096206,50.78948421868646,11.394070214768178,0.0,0.22157802307564545,1.5436482144322963,PCM Storage + DSM
