date,network_load_mw,T_supply,temperature,modified_load_mw,tes_charge_mw,T_return_primary,T_secondary_return,m_dot_primary,T_water,T_pcm,Waste heat,Electricity,Biomass,Fossil fuel,eta_el_chp,fgc_recovery_mw,scenario
2024-01-01 00:00:00,161.0239619511116,89.5,-4.65,161.0239619511116,0.0,50.37162162162163,45.37162162162163,983.1039353850362,49.95185718815692,,67.67657960371278,43.517608004463405,9.526687577664267,13.767852191370967,0.21944256756756755,2.6915158618071153,Water Tank + DSM
2024-01-01 01:00:00,162.1072324620258,89.6,-4.9,162.1072324620258,0.0,50.20270270270271,45.20270270270271,982.9620199803197,49.9037971523971,,68.13186614663424,43.81036779552525,9.590777291980883,13.860473861443062,0.21969594594594594,2.7786752977100257,Water Tank + DSM
2024-01-01 02:00:00,170.25519777269795,90.0,-5.0,170.25519777269795,0.0,50.13513513513513,45.13513513513513,1020.259997828083,49.85581975039653,,71.55636530982969,46.01240006530291,10.072836725669312,14.557140250087825,0.2197972972972973,2.947348668437312,Water Tank + DSM
2024-01-01 03:00:00,161.24543441102315,91.7,-4.75,161.24543441102315,0.0,50.30405405405405,45.30405405405405,930.5300262264991,49.807924840075856,,67.76966201443986,43.57746215025285,9.53979058983133,13.786788504051234,0.21954391891891892,2.7226919617422953,Water Tank + DSM
2024-01-01 04:00:00,157.6596157822401,87.2,-4.7,157.6596157822401,0.0,50.33783783783784,45.33783783783784,1021.7400909653045,49.76011227960002,,66.26258234173258,42.60837501830251,9.327642202891528,13.480194253928769,0.21949324324324324,2.6487124130654722,Water Tank + DSM
2024-01-01 05:00:00,138.1156625314401,88.8,-4.55,200.00501936916172,61.88935683772161,51.26986388555263,45.43918918918919,1273.2854182043445,56.15092818519929,,58.0484762427249,37.32651456647676,8.171360029749023,73.6985062587467,0.21809520417167105,1.9957540206424682,Water Tank + DSM
2024-01-01 06:00:00,148.4551929049548,86.6,-4.7,196.74291257105594,48.28771966610115,52.811603934516874,45.33783783783784,1391.1797419762088,61.115734871862365,,62.39406581777599,40.12082930257464,8.783079393592217,60.98091841857891,0.2157825940982247,1.5679863586840086,Water Tank + DSM
2024-01-01 07:00:00,148.65829453731442,89.8,-4.7,49.57618703494573,-99.08210750236869,50.33783783783784,45.33783783783784,300.1186752016756,50.74194304401903,,62.4794271740827,0.0,0.0,0.0,0.21949324324324324,2.497488453796441,Water Tank + DSM
2024-01-01 08:00:00,169.30844011032147,89.0,-4.75,132.81447481183812,-36.49396529848333,50.30405405405405,45.30405405405405,819.9374398715385,46.896495856411505,,71.1584535982628,33.755582550710244,0.0,0.0,0.21954391891891892,2.858838953346425,Water Tank + DSM
2024-01-01 09:00:00,168.8457241140026,92.1,-5.0,168.8457241140026,0.0,50.13513513513513,45.13513513513513,961.1806384424722,46.853689166569794,,70.96397921333683,45.63148208621142,9.98944779999243,14.436627596160948,0.2197972972972973,2.922948765435822,Water Tank + DSM
2024-01-01 10:00:00,168.54853108439727,90.0,-5.2,168.54853108439727,0.0,50.0,45.0,1006.6204675370118,46.810956077957194,,70.83907228965886,45.5511640415719,9.971864919103131,14.411217032078854,0.22,2.975241036165672,Water Tank + DSM
2024-01-01 11:00:00,157.64499637374703,89.2,-5.35,157.64499637374703,0.0,49.898648648648646,44.898648648648646,958.2382074094836,46.76829646402478,,66.25643796700317,42.604424043054166,9.326777272383072,13.478944266952798,0.22015202702702702,2.8230614717562306,Water Tank + DSM
2024-01-01 12:00:00,171.49460376929275,89.4,-5.15,171.49460376929275,0.0,50.03378378378378,45.03378378378378,1040.704809592399,46.725710198441185,,72.07727386016913,46.34735632687204,10.146163909824843,14.663111798417985,0.21994932432432432,3.012635243912204,Water Tank + DSM
2024-01-01 13:00:00,159.31035075549272,93.4,-4.85,159.31035075549272,0.0,50.236486486486484,45.236486486486484,881.7144956021667,46.68319715509223,,66.95636788438293,43.0544951895791,9.425304912050779,13.621335204899585,0.21964527027027028,2.717161794010838,Water Tank + DSM
2024-01-01 14:00:00,153.42543252754655,85.6,-4.55,153.42543252754655,0.0,50.43918918918919,45.43918918918919,1042.4116368045761,46.640757208080664,,64.48300223066825,41.464063793661545,9.077134511208412,13.118163606468373,0.21934121621621622,2.5383646688910333,Water Tank + DSM
2024-01-01 15:00:00,137.48061457515902,87.4,-4.3,137.48061457515902,0.0,50.60810810810811,45.60810810810811,892.6683161023999,46.59839023172567,,57.78157265244756,37.15488937671855,8.133788581357006,11.75485162403535,0.21908783783783783,2.216001394427649,Water Tank + DSM
2024-01-01 16:00:00,144.78668344815065,89.0,-4.4,144.78668344815065,0.0,50.54054054054054,45.54054054054054,899.3447837169601,46.5560961005625,,60.85223211009613,39.129394521269596,8.56603875537161,12.379534280731281,0.2191891891891892,2.358435157996699,Water Tank + DSM
2024-01-01 17:00:00,155.05019902964,87.4,-4.3,155.05019902964,0.0,50.60810810810811,45.60810810810811,1006.7484823721416,46.51387468934214,,65.16587351382397,41.90316584332017,9.173260843367585,13.257084204218321,0.21908783783783783,2.499199311246382,Water Tank + DSM
2024-01-01 18:00:00,155.46913237970423,90.2,-4.5,155.46913237970423,0.0,50.47297297297297,45.47297297297297,934.8864926390323,46.47172587303093,,65.34194653966891,42.01638487660682,9.198046267186294,13.29290379511543,0.21929054054054054,2.5589319063778464,Water Tank + DSM
2024-01-01 19:00:00,165.77270432982328,89.3,-4.8,165.77270432982328,0.0,50.270270270270274,45.270270270270274,1014.6546603972448,46.4296495268102,,69.67242318945178,44.80098165175759,9.807638216815326,14.173878613605266,0.2195945945945946,2.813259466082186,Water Tank + DSM
2024-01-01 20:00:00,165.3166472256262,90.5,-5.15,165.3166472256262,0.0,50.03378378378378,45.03378378378378,975.9437049382971,46.38764552607586,,69.48074746279562,44.67772972050698,9.780656434125252,14.134884871771263,0.21994932432432432,2.9041074581409037,Water Tank + DSM
2024-01-01 21:00:00,167.6994820579987,90.5,-5.4,167.6994820579987,0.0,49.86486486486487,44.86486486486487,985.8952833809743,46.3457137464381,,70.4822264306558,45.32170389005356,9.921632489627356,14.338621740315803,0.2202027027027027,3.0174012612475325,Water Tank + DSM
2024-01-01 22:00:00,156.99141318144717,90.4,-5.7,156.99141318144717,0.0,49.66216216216216,44.66216216216216,920.6163841962974,46.30385406372095,,65.98174422325613,42.42778960420309,9.288109220724131,13.423061672354356,0.22050675675675677,2.9049800362076823,Water Tank + DSM
2024-01-01 23:00:00,160.32109054116677,88.2,-6.0,160.32109054116677,0.0,49.45945945945946,44.45945945945946,988.6117281486852,46.26206635396195,,67.38117057048612,43.327653154732346,9.485103478945783,13.707755361281798,0.2208108108108108,3.0485426901349664,Water Tank + DSM
2024-01-02 00:00:00,148.6681882717684,91.9,-6.3,221.00602338162378,72.33783510985536,49.521453811100926,44.25675675675676,1246.0250576437204,53.74588475109275,,49.733773472765044,31.979968125514365,7.000917078075361,97.6876927289083,0.2207178192833486,2.231617932385901,Water Tank + DSM
2024-01-02 01:00:00,156.55942305128886,87.9,-6.55,156.55942305128886,0.0,49.08783783783784,44.08783783783784,963.6340800886766,53.69130131693689,,52.373617863870756,33.67744920504896,7.372522335240777,26.695415673030713,0.22136824324324325,2.4863313453483507,Water Tank + DSM
2024-01-02 02:00:00,160.2197124300378,90.7,-6.8,160.2197124300378,0.0,48.91891891891892,43.91891891891892,916.0876973360816,53.63681173278103,,53.59808965520445,34.46481292437114,7.544888614269734,27.31954256711917,0.22162162162162163,2.598783049768562,Water Tank + DSM
2024-01-02 03:00:00,186.84784643451542,93.0,-6.6,186.84784643451542,0.0,49.05405405405405,44.05405405405405,1015.710765234121,53.58241583726081,,62.5059642985696,40.1927826171775,8.798831103758102,31.859985371470973,0.22141891891891893,2.9800140816939686,Water Tank + DSM
2024-01-02 04:00:00,213.9105097556783,95.0,-6.9,213.9105097556783,0.0,48.851351351351354,43.851351351351354,1107.3219538824035,53.52811346928924,,71.55920146269,46.014223777274445,10.073235964850442,36.474521069785666,0.22172297297297297,3.49866474178395,Water Tank + DSM
2024-01-02 05:00:00,208.24408060590676,97.8,-7.1,208.24408060590676,0.0,48.71621621621622,43.71621621621622,1013.5271967937457,53.473904468056375,,69.66361837251976,44.79531995055989,9.80639878153977,35.50832128067828,0.22192567567567567,3.4624701131638873,Water Tank + DSM
2024-01-02 06:00:00,192.60699819288786,91.9,-7.3,192.60699819288786,0.0,48.58108108108108,43.58108108108108,1062.172930102977,53.419788673028755,,64.43256576103299,41.43163197562983,9.07003467709225,32.841995570010425,0.22212837837837837,3.254715281280288,Water Tank + DSM
2024-01-02 07:00:00,179.11075813886225,91.2,-7.55,114.07767568659511,-65.03308245226714,48.41216216216216,43.41216216216216,636.9144451097158,46.60107997611565,,59.91768632795639,12.470573525141113,0.0,0.0,0.22238175675675675,3.0873802428175368,Water Tank + DSM
2024-01-02 08:00:00,201.58626973285013,94.7,-7.8,178.59710947497652,-22.989160257873603,48.24324324324324,43.24324324324324,918.3882405730444,44.16751451790059,,67.43638965846682,43.363160307120644,9.492876552032454,11.383917769701696,0.22263513513513514,3.5431443647583656,Water Tank + DSM
2024-01-02 09:00:00,224.60490489156987,98.1,-8.1,224.60490489156987,0.0,48.04054054054054,43.04054054054054,1071.8496149989849,44.129400000741114,,75.13678340069275,48.31469181649124,10.576844533818031,38.29805438359161,0.2229391891891892,4.039109788756159,Water Tank + DSM
2024-01-02 10:00:00,213.3091638651122,97.5,-8.25,213.3091638651122,0.0,47.93918918918919,42.93918918918919,1028.1864745384803,44.09135101715413,,71.35803401289554,45.88486844822747,10.04491805256514,36.37198378267091,0.22309121621621622,3.8793698761334947,Water Tank + DSM
2024-01-02 11:00:00,197.61128555014136,92.1,-8.45,197.61128555014136,0.0,47.804054054054056,42.804054054054056,1065.733307156284,44.05336745446204,,66.10664342829632,42.508102685579765,9.30569101507727,33.69529158085105,0.22329391891891892,3.6474787178072132,Water Tank + DSM
2024-01-02 12:00:00,193.05381362623322,94.3,-8.6,193.05381362623322,0.0,47.7027027027027,42.7027027027027,989.7338717130145,44.015449200181095,,64.58203834023406,41.527746305685774,9.091075612846016,32.918183406486875,0.22344594594594594,3.602630463087652,Water Tank + DSM
2024-01-02 13:00:00,210.7745001883627,96.6,-8.65,210.7745001883627,0.0,47.66891891891892,42.66891891891892,1029.0442089776986,43.97759614202089,,70.51011630706687,45.33963772648644,9.925558487966866,35.93979069506612,0.22349662162162162,3.94761367378619,Water Tank + DSM
2024-01-02 14:00:00,216.43104768439613,96.8,-8.7,216.43104768439613,0.0,47.63513513513513,42.63513513513513,1051.6361049369686,43.939808167884124,,72.40239370060986,46.55641591371318,10.191930335423116,36.90430553382728,0.2235472972972973,4.06823179739373,Water Tank + DSM
2024-01-02 15:00:00,204.87560906277088,95.6,-8.4,204.87560906277088,0.0,47.83783783783784,42.83783783783784,1024.7243467525518,43.902085165866254,,68.53676801789288,44.07072907585126,9.647774463671297,34.93395311890159,0.22324324324324324,3.767669895902544,Water Tank + DSM
2024-01-02 16:00:00,202.13525868856283,93.5,-8.55,202.13525868856283,0.0,47.736486486486484,42.736486486486484,1055.172563989013,43.86442702425512,,67.62004221171213,43.48125315205973,9.518728929736136,34.46668777706865,0.22339527027027029,3.7583950488752986,Water Tank + DSM
2024-01-02 17:00:00,206.72792316199894,96.1,-8.75,206.72792316199894,0.0,47.601351351351354,42.601351351351354,1018.2871888372866,43.82683363153063,,69.15642021707767,44.469179790428264,9.735001580393403,35.24979673835406,0.22359797297297296,3.8998613725116895,Water Tank + DSM
2024-01-02 18:00:00,204.4069888524935,97.1,-8.9,204.4069888524935,0.0,47.5,42.5,984.498004352515,43.78930487636445,,68.38000111534552,43.9699243269547,9.625706721598158,34.854047284667395,0.22375,3.8976600635746945,Water Tank + DSM
2024-01-02 19:00:00,212.0429212867162,93.2,-9.1,212.0429212867162,0.0,47.36486486486486,42.36486486486486,1105.1622418003458,43.75184064761964,,70.93443954868914,45.61248739773502,9.985289564486214,36.15607297184672,0.2239527027027027,4.100777464720165,Water Tank + DSM
2024-01-02 20:00:00,213.0907565614929,98.2,-9.1,213.0907565614929,0.0,47.36486486486486,42.36486486486486,1001.3857453058283,43.71444083435038,,71.28497050489649,45.837886920509135,10.034633058581832,36.33474249982438,0.2239527027027027,4.1210419435128,Water Tank + DSM
2024-01-02 21:00:00,214.22459223462377,97.4,-9.05,214.22459223462377,0.0,47.398648648648646,42.398648648648646,1023.501206580305,43.6771053258016,,71.66427106124517,46.08178596244817,10.08802638784769,36.5280762130511,0.22390202702702702,4.128443074784976,Water Tank + DSM
2024-01-02 22:00:00,210.38521650395805,93.4,-8.95,210.38521650395805,0.0,47.46621621621622,42.46621621621622,1094.1674058892274,43.63983401140865,,70.37988974816489,45.25589903320065,9.907226773387935,35.87341276924491,0.2238006756756757,4.025919909513269,Water Tank + DSM
2024-01-02 23:00:00,209.00996867002087,97.2,-9.0,209.00996867002087,0.0,47.432432432432435,42.432432432432435,1003.2781670553709,43.60262678079698,,69.91982989920167,44.960069895809156,9.842465130973912,35.638915146138814,0.22385135135135134,4.013776181240657,Water Tank + DSM
2024-01-03 00:00:00,223.61651992855175,97.1,-9.1,223.61651992855175,0.0,47.36486486486486,42.36486486486486,1074.0916938176883,43.56548352378184,,69.63334111763295,44.775850974477905,9.802136717030823,42.93252608523994,0.2239527027027027,4.025559909476133,Water Tank + DSM
2024-01-03 01:00:00,230.25787119239382,97.3,-9.2,230.25787119239382,0.0,47.2972972972973,42.2972972972973,1100.073700399993,43.52840413036788,,71.70143285873016,46.10568185885965,10.093257574715244,44.207610709878786,0.22405405405405404,4.174186118316344,Water Tank + DSM
2024-01-03 02:00:00,223.6541798323274,99.1,-9.3,223.6541798323274,0.0,47.229729729729726,42.229729729729726,1030.052318865655,43.49138849074893,,69.64506826966495,44.78339180482314,9.803787523177332,42.939756475918294,0.2241554054054054,4.082706839916306,Water Tank + DSM
2024-01-03 03:00:00,219.84732595729108,95.4,-9.25,219.84732595729108,0.0,47.263513513513516,42.263513513513516,1091.0573414977002,43.45443649530761,,68.45962832743668,44.021126468412824,9.63691567418877,42.20887195385831,0.22410472972972972,3.9993374764798464,Water Tank + DSM
2024-01-03 04:00:00,184.12827612289252,96.4,-9.4,184.12827612289252,0.0,47.16216216216216,42.16216216216216,893.351332401522,43.417548034615024,,57.33685089439592,36.86892298699745,8.071186049243888,35.35110921233423,0.22425675675675677,3.3844238473881267,Water Tank + DSM
2024-01-03 05:00:00,195.22266552688868,89.9,-9.5,195.22266552688868,0.0,47.0945945945946,42.0945945945946,1089.5129575652236,43.380722999430354,,60.79160192131984,39.090407905754255,8.557503973182133,37.481140404301,0.2243581081081081,3.61299277364817,Water Tank + DSM
2024-01-03 06:00:00,202.3647292535899,98.5,-9.65,202.3647292535899,0.0,46.99324324324324,41.99324324324324,938.5802079698112,43.343961280700704,,63.01561363532094,40.520498943657785,8.87057335246252,38.8523576889051,0.22451013513513512,3.7834915051585263,Water Tank + DSM
2024-01-03 07:00:00,238.0689032428763,98.4,-9.75,238.0689032428763,0.0,46.92567567567568,41.92567567567568,1104.8740986799023,43.30726276956061,,74.13375878628594,47.669723760419615,10.43565090095251,45.70726439095356,0.2246114864864865,4.481085176365633,Water Tank + DSM
2024-01-03 08:00:00,221.37496461893684,99.3,-9.85,221.37496461893684,0.0,46.85810810810811,41.85810810810811,1008.4420112340603,43.27062735733183,,68.93532924642447,44.327013176061065,9.703879076626384,42.50216596769452,0.22471283783783783,4.19480794049526,Water Tank + DSM
2024-01-03 09:00:00,221.56756344696714,94.3,-9.95,221.56756344696714,0.0,46.79054054054054,41.79054054054054,1114.1069118835032,43.23405493552296,,68.99530379524303,44.365578199899645,9.712321565779225,42.539143352956756,0.2248141891891892,4.226428541943738,Water Tank + DSM
2024-01-03 10:00:00,218.99965635750362,98.6,-9.95,218.99965635750362,0.0,46.79054054054054,41.79054054054054,1009.7994926404014,43.19754539582915,,68.19566721036043,43.851393357067536,9.599758431465192,42.046126387403,0.2248141891891892,4.17744539816978,Water Tank + DSM
2024-01-03 11:00:00,221.46775288063384,98.7,-9.95,221.46775288063384,0.0,46.79054054054054,41.79054054054054,1019.212563843577,43.161098630131775,,68.96422316124134,44.34559263244136,9.707946411308008,42.51998054806177,0.2248141891891892,4.224524643106851,Water Tank + DSM
2024-01-03 12:00:00,221.76144990021592,95.0,-9.95,221.76144990021592,0.0,46.79054054054054,41.79054054054054,1098.8908731119939,43.12471453049807,,69.05567930569939,44.40440105135718,9.720820497445509,42.57636795163282,0.2248141891891892,4.230126949901829,Water Tank + DSM
2024-01-03 13:00:00,216.10039882815747,98.6,-9.8,216.10039882815747,0.0,46.89189189189189,41.89189189189189,998.3841927221222,43.08839298918088,,67.29284934791747,43.27086056319294,9.472670689067572,41.489492872373546,0.22466216216216217,4.081220376668293,Water Tank + DSM
2024-01-03 14:00:00,205.3386380010561,97.1,-9.7,205.3386380010561,0.0,46.95945945945946,41.95945945945946,978.3234003845798,43.05213389861834,,63.94167760560002,41.11597952322672,9.000933399814796,39.423323621639,0.2245608108108108,3.8520540373752015,Water Tank + DSM
2024-01-03 15:00:00,201.0944041907663,91.9,-9.45,201.0944041907663,0.0,47.12837837837837,42.12837837837837,1072.9955899281908,43.01593715143344,,62.62003920075708,40.26613542114027,8.814889184115536,38.60846576216447,0.22430743243243245,3.7089679975259244,Water Tank + DSM
2024-01-03 16:00:00,191.33043545784247,97.5,-9.75,191.33043545784247,0.0,46.92567567567568,41.92567567567568,903.7633938927604,42.97980264043389,,59.579576154203885,38.311047268241076,8.386889694402017,36.733864357690166,0.2246114864864865,3.6013438396993767,Water Tank + DSM
2024-01-03 17:00:00,193.7584975263102,94.7,-9.95,193.7584975263102,0.0,46.79054054054054,41.79054054054054,966.1404451655236,42.94373025861161,,60.335665526860346,38.79723024510356,8.49332278065236,37.20003223349996,0.2248141891891892,3.6959671869359183,Water Tank + DSM
2024-01-03 18:00:00,193.08505917125078,92.9,-10.1,193.08505917125078,0.0,46.689189189189186,41.689189189189186,998.1730887763167,42.90771989914258,,60.12595936242074,38.66238432479199,8.463802891742123,37.07073762791972,0.2249662162162162,3.719684350826516,Water Tank + DSM
2024-01-03 19:00:00,199.6662478013021,97.4,-10.1,199.6662478013021,0.0,46.689189189189186,41.689189189189186,940.5997913939631,42.87177145538641,,62.17531668621002,39.980168544975086,8.752286545512172,38.334271523455875,0.2249662162162162,3.8464675647225612,Water Tank + DSM
2024-01-03 20:00:00,226.61261151482876,96.5,-10.1,226.61261151482876,0.0,46.689189189189186,41.689189189189186,1086.8290558027136,42.83588482088612,,70.56631274027316,45.3757733344891,9.933469139853681,43.507750939927355,0.2249662162162162,4.365575401688792,Water Tank + DSM
2024-01-03 21:00:00,225.71117846148732,99.9,-10.2,225.71117846148732,0.0,46.62162162162162,41.62162162162162,1012.0520441914127,42.80005988936771,,70.2856098864854,45.19527489871709,9.893955198607632,43.33468323415569,0.22506756756756757,4.376703923742226,Water Tank + DSM
2024-01-03 22:00:00,233.86854517070765,97.3,-10.3,233.86854517070765,0.0,46.554054054054056,41.554054054054056,1100.959231905694,42.76429655473989,,72.82578312085221,46.828665116188134,10.251529959901124,44.90083031104593,0.2251689189189189,4.564405163709628,Water Tank + DSM
2024-01-03 23:00:00,226.66061301285652,98.7,-10.35,226.66061301285652,0.0,46.520270270270274,41.520270270270274,1037.707629278348,42.72859471109389,,70.58126022576033,45.38538491382559,9.935573265463189,43.51696683134212,0.2252195945945946,4.438035186898144,Water Tank + DSM
2024-01-04 00:00:00,234.0831981765849,98.1,-10.35,234.0831981765849,0.0,46.520270270270274,41.520270270270274,1084.1564457942443,42.692954252702904,,69.64584718379957,44.783892664650544,9.80389716925658,49.3890805103289,0.2252195945945946,4.379217931705666,Water Tank + DSM
2024-01-04 01:00:00,220.05250268767458,99.2,-10.35,220.05250268767458,0.0,46.520270270270274,41.520270270270274,997.8920209052817,42.65737507402199,,65.47134990456333,42.099594237081426,9.21626210250283,46.42875206934891,0.2252195945945946,4.1167323122423385,Water Tank + DSM
2024-01-04 02:00:00,215.4668958575744,95.1,-10.45,215.4668958575744,0.0,46.4527027027027,41.4527027027027,1058.090009684302,42.62185706968767,,64.10701245949294,41.22229366326332,9.024207234100745,45.4612374989538,0.22532094594594596,4.056934315510884,Water Tank + DSM
2024-01-04 03:00:00,203.87249094850898,96.7,-9.8,203.87249094850898,0.0,46.89189189189189,41.89189189189189,977.8209981602448,42.586400134517625,,60.65737507084658,39.00409693234553,8.538609146101916,43.014940618255835,0.22466216216216217,3.6787878286210742,Water Tank + DSM
2024-01-04 04:00:00,215.95583024261325,96.0,-9.9,215.95583024261325,0.0,46.82432432432432,41.82432432432432,1049.0963438600133,42.55100416351038,,64.25248317131069,41.31583469991269,9.044684835529527,45.56439748606546,0.2247635135135135,3.9228745806484016,Water Tank + DSM
2024-01-04 05:00:00,218.00810481929327,98.1,-10.1,218.00810481929327,0.0,46.689189189189186,41.689189189189186,1013.0221985921213,42.515669051845,,64.86308830085454,41.70846793918985,9.130638415579611,45.99740572880353,0.2249662162162162,4.012746192450164,Water Tank + DSM
2024-01-04 06:00:00,215.30709780624392,97.4,-10.25,215.30709780624392,0.0,46.58783783783784,41.58783783783784,1012.2585356862675,42.480394694880786,,64.05946837794448,41.19172171775613,9.017514555278451,45.427521799219555,0.22511824324324325,4.001985436638342,Water Tank + DSM
2024-01-04 07:00:00,207.4376100641242,95.5,-10.3,207.4376100641242,0.0,46.554054054054056,41.554054054054056,1012.4452564229105,42.44518098815692,,61.71809084648662,39.68616174115749,8.687923840526397,43.76714306764822,0.2251689189189189,3.8682230452162822,Water Tank + DSM
2024-01-04 08:00:00,219.81429277291704,96.1,-10.3,219.81429277291704,0.0,46.554054054054056,41.554054054054056,1059.8601888413323,42.41002782739227,,65.40047625173347,42.05402083695166,9.206285369754934,46.378492295260195,0.2251689189189189,4.099019038588375,Water Tank + DSM
2024-01-04 09:00:00,211.53198681709796,100.6,-10.35,211.53198681709796,0.0,46.520270270270274,41.520270270270274,934.4204016509055,42.37493510848488,,62.936274551561425,40.469482075389664,8.859404959081813,44.63101328416711,0.2252195945945946,3.9573308849785835,Water Tank + DSM
2024-01-04 10:00:00,222.3281575099762,93.5,-10.6,222.3281575099762,0.0,46.35135135135135,41.35135135135135,1126.4865096965204,42.3399027275119,,66.14841647419185,42.534963721510934,9.311571317535588,46.9088911827405,0.22547297297297297,4.226347474188907,Water Tank + DSM
2024-01-04 11:00:00,220.91807255668107,99.2,-10.8,220.91807255668107,0.0,46.21621621621622,41.21621621621622,996.0681460180078,42.30493058072913,,65.72887948077089,42.265191718700336,9.25251399095381,46.611378162467425,0.22567567567567567,4.252836148026094,Water Tank + DSM
2024-01-04 12:00:00,241.60634219059358,100.5,-10.95,241.60634219059358,0.0,46.11486486486486,41.11486486486486,1061.2773471816183,42.270018564570734,,71.88417843705813,46.22319149792227,10.118982279496787,50.976384376189365,0.2258277027027027,4.694813978193269,Water Tank + DSM
2024-01-04 13:00:00,252.50295717870105,99.0,-10.9,252.50295717870105,0.0,46.14864864864865,41.14864864864865,1141.3297781530039,42.23516657564893,,75.12620515317442,48.30788975835573,10.575355456506257,53.27545495934039,0.225777027027027,4.8913250868647875,Water Tank + DSM
2024-01-04 14:00:00,247.4327531335332,102.0,-10.8,247.4327531335332,0.0,46.21621621621622,41.21621621621622,1059.6196284056778,42.200374510753775,,73.61768741729632,47.33787791848252,10.363004636485092,52.205695498852805,0.22567567567567567,4.763263342621821,Water Tank + DSM
2024-01-04 15:00:00,244.69594063358002,98.9,-10.25,244.69594063358002,0.0,46.58783783783784,41.58783783783784,1117.4416897768108,42.16564226685265,,72.80341442962695,46.81428152969464,10.248381167008928,51.62825699000308,0.22511824324324325,4.548245742002234,Water Tank + DSM
2024-01-04 16:00:00,224.5242006995589,98.2,-10.6,224.5242006995589,0.0,46.35135135135135,41.35135135135135,1034.4904678841897,42.130969741090205,,66.80179650993163,42.95510221609446,9.403546229778854,47.37223308313883,0.22547297297297297,4.268093160796715,Water Tank + DSM
2024-01-04 17:00:00,224.66228317348643,96.9,-11.05,224.66228317348643,0.0,46.0472972972973,41.0472972972973,1055.3995497301646,42.09635683078793,,66.84287964171054,42.981519621270955,9.409329414500387,47.40136702557894,0.22592905405405406,4.392661131049167,Water Tank + DSM
2024-01-04 18:00:00,231.67413264463698,99.5,-11.6,231.67413264463698,0.0,45.67567567567568,40.67567567567568,1028.252407640687,42.06180343344378,,68.92908745392253,44.322999558928885,9.703000432826137,48.880793147379094,0.22648648648648648,4.6834520502476,Water Tank + DSM
2024-01-04 19:00:00,238.23230334809776,100.5,-11.85,238.23230334809776,0.0,45.50675675675676,40.50675675675676,1034.8850011367372,42.027309446732026,,70.88031401856449,45.57768342837382,9.977670429203485,50.26449784466951,0.22673986486486486,4.887868141036954,Water Tank + DSM
2024-01-04 20:00:00,228.87706594219807,98.9,-11.75,228.87706594219807,0.0,45.57432432432432,40.57432432432432,1025.3371345460744,41.992874768502844,,68.09688727194279,43.787875569024244,9.585853390493027,48.29064163870352,0.22663851351351352,4.668317690953591,Water Tank + DSM
2024-01-04 21:00:00,213.12990174032652,97.2,-11.75,213.12990174032652,0.0,45.57432432432432,40.57432432432432,986.2327315009106,41.95849929678204,,63.41169585229031,40.77518898202175,8.926329000254283,44.96815644269683,0.22663851351351352,4.347128825117146,Water Tank + DSM
2024-01-04 22:00:00,215.0607680263247,96.5,-12.0,215.0607680263247,0.0,45.4054054054054,40.4054054054054,1005.5114278074321,41.9241829297708,,63.98617885378081,41.14459485640965,9.007197745482337,45.37554881941028,0.2268918918918919,4.45136282080086,Water Tank + DSM
2024-01-04 23:00:00,207.7951264262215,99.4,-11.85,207.7951264262215,0.0,45.50675675675676,40.50675675675676,921.0894620969666,41.889925565845225,,61.82446127424176,39.75456038963265,8.702897378472015,43.84257524103327,0.22673986486486486,4.263381430843996,Water Tank + DSM
2024-01-05 00:00:00,211.07982515826168,95.2,-11.5,211.07982515826168,0.0,45.74324324324324,40.74324324324324,1019.5813168008499,41.8557271035563,,64.87194208383252,41.714161126689106,9.131884743700883,40.45894130383951,0.22638513513513514,4.381486034256689,Water Tank + DSM
2024-01-05 01:00:00,185.0891559134552,97.0,-11.15,185.0891559134552,0.0,45.979729729729726,40.979729729729726,866.6405304952399,41.82158744162935,,56.88413373357938,36.57781536813329,8.007458021358895,35.47715320242003,0.22603040540540542,3.761271167005459,Water Tank + DSM
2024-01-05 02:00:00,209.41395093678676,92.3,-10.9,209.41395093678676,0.0,46.14864864864865,41.14864864864865,1083.9817351020583,41.78750647896386,,64.35996280806117,41.38494659545998,9.05981451445654,40.13963315918049,0.225777027027027,4.190355416341062,Water Tank + DSM
2024-01-05 03:00:00,228.31338408892543,102.0,-12.7,228.31338408892543,0.0,44.932432432432435,39.932432432432435,955.746652468213,41.753484114633146,,70.1683953853743,45.11990325993657,9.877455163614787,43.76220133216862,0.22760135135135134,5.080571114524803,Water Tank + DSM
2024-01-05 04:00:00,256.29039928635405,102.4,-12.5,256.29039928635405,0.0,45.067567567567565,40.067567567567565,1067.9053095315123,41.71952024788397,,78.76667477188275,50.64879603267956,11.087816589981008,49.12472432497813,0.22739864864864864,5.639268147857228,Water Tank + DSM
2024-01-05 05:00:00,265.0972096422418,100.2,-12.65,265.0972096422418,0.0,44.96621621621622,39.96621621621622,1146.5714854479843,41.685614778136454,,81.47330431794235,52.389221513524326,11.4688230507799,50.81277870438533,0.22755067567567566,5.882592769875216,Water Tank + DSM
2024-01-05 06:00:00,267.865957593713,104.3,-12.75,267.865957593713,0.0,44.898648648648646,39.898648648648646,1077.2635728833095,41.65176760498363,,82.32423384954444,52.936388908988405,11.588606583660107,51.3434812988645,0.22765202702702703,5.977406871264897,Water Tank + DSM
2024-01-05 07:00:00,271.51117494236206,103.3,-12.8,271.51117494236206,0.0,44.86486486486487,39.86486486486487,1109.9781567838975,41.617978628191075,,83.44453195736807,53.65676653725933,11.746308555739361,52.04218206118583,0.2277027027027027,6.075664029544581,Water Tank + DSM
2024-01-05 08:00:00,252.5267586789798,101.2,-12.7,252.5267586789798,0.0,44.932432432432435,39.932432432432435,1072.1363957597002,41.58424774769684,,77.60998120667402,49.90501528242904,10.92499130709343,48.40332466345988,0.22760135135135134,5.619382152775127,Water Tank + DSM
2024-01-05 09:00:00,232.98130243415898,99.1,-12.15,232.98130243415898,0.0,45.304054054054056,40.304054054054056,1034.599576338685,41.550574863610926,,71.60300396682922,46.04238980185646,10.07940194981152,44.656929353661525,0.22704391891891892,5.0247891837803245,Water Tank + DSM
2024-01-05 10:00:00,228.99364555976044,97.7,-11.45,228.99364555976044,0.0,45.777027027027025,40.777027027027025,1053.5730573103986,41.516959876215076,,70.37746265508983,45.25433835614443,9.906885116679168,43.89259114511802,0.22633445945945946,4.739066167706929,Water Tank + DSM
2024-01-05 11:00:00,224.457528651931,99.6,-11.4,224.457528651931,0.0,45.810810810810814,40.810810810810814,996.8732791780355,41.48340268596259,,68.98336109607266,44.35789876775258,9.710640417522377,43.02312629889872,0.22628378378378378,4.63120726926066,Water Tank + DSM
2024-01-05 12:00:00,227.4596431920734,97.5,-10.95,227.4596431920734,0.0,46.11486486486486,41.11486486486486,1057.4689556411502,41.4499031934778,,69.90601204308348,44.95118469431796,9.840520020878188,43.598559672864965,0.2258277027027027,4.5656183270840875,Water Tank + DSM
2024-01-05 13:00:00,220.82672526052295,97.8,-10.1,220.82672526052295,0.0,46.689189189189186,41.689189189189186,1032.142444017426,41.416461299556,,67.86749288295182,43.64036966436733,9.553562032259753,42.32718834656898,0.2249662162162162,4.1986132759209935,Water Tank + DSM
2024-01-05 14:00:00,214.3398090622784,97.0,-9.35,214.3398090622784,0.0,47.195945945945944,42.195945945945944,1028.10842886296,41.383076905163016,,65.87384497463242,42.358407888503535,9.272920473929862,41.08380205178253,0.2242060810810811,3.8749844212780404,Water Tank + DSM
2024-01-05 15:00:00,214.96380212211574,95.0,-9.3,214.96380212211574,0.0,47.229729729729726,42.229729729729726,1074.9998720755425,41.34974991143494,,66.06561906582341,42.481723070428075,9.299916103185437,41.203406559522826,0.2241554054054054,3.8728737230748926,Water Tank + DSM
2024-01-05 16:00:00,203.24646460682746,97.5,-8.9,203.24646460682746,0.0,47.5,42.5,971.0772317574173,41.31648021967789,,62.46448646066526,40.16611140682137,8.792992357098248,38.957473910995766,0.22375,3.56047572825792,Water Tank + DSM
2024-01-05 17:00:00,198.5935814235735,93.3,-8.05,198.5935814235735,0.0,48.07432432432432,43.07432432432432,1049.0131199792636,41.28326773136765,,61.034498691059255,39.246596153933545,8.591696032717072,38.06562776954786,0.22288851351351352,3.2686448420630794,Water Tank + DSM
2024-01-05 18:00:00,173.60836432974463,92.8,-7.25,173.60836432974463,0.0,48.61486486486487,43.61486486486487,938.6317354728747,41.25011234814939,,53.355699663025234,34.3089505458995,7.510767892729647,33.27656073718233,0.2220777027027027,2.684368511424903,Water Tank + DSM
2024-01-05 19:00:00,169.32891334989634,89.9,-6.75,169.32891334989634,0.0,48.95270270270271,43.95270270270271,987.8856016187457,41.21701397183741,,52.04048019140036,33.463233966528094,7.325627256550932,32.456292595134535,0.22157094594594595,2.512711293565856,Water Tank + DSM
2024-01-05 20:00:00,190.90498286644325,91.6,-6.85,190.90498286644325,0.0,48.88513513513513,43.88513513513513,1067.6748273307285,41.18397250441484,,58.671533306139,37.72715468760633,8.25906644193711,36.59190777997289,0.22167229729729732,2.856669385162418,Water Tank + DSM
2024-01-05 21:00:00,193.6737241933427,98.9,-8.2,193.6737241933427,0.0,47.972972972972975,42.972972972972975,908.4962849472769,41.15098784803331,,59.52246080178699,38.27432077390478,8.378849688220408,37.12260910468051,0.22304054054054054,3.2238651742373268,Water Tank + DSM
2024-01-05 22:00:00,198.829703989865,91.0,-7.4,198.829703989865,0.0,48.513513513513516,43.513513513513516,1117.972766307084,41.11805990501269,,61.107067111246565,39.29325932872321,8.601911334246454,38.11088680386313,0.22222972972972974,3.1115057956105,Water Tank + DSM
2024-01-05 23:00:00,164.04763483135062,92.8,-6.55,164.04763483135062,0.0,49.08783783783784,44.08783783783784,896.5375014908988,41.08518857784084,,50.41736536303243,32.4195335422343,7.097144848558683,31.443998135297544,0.22136824324324325,2.393462223247742,Water Tank + DSM
2024-01-06 00:00:00,149.16393422555365,87.8,-4.35,223.20072362852216,74.03678940296852,48.885327162308755,45.57432432432432,1370.4141884413227,48.75465537171405,,51.583755725786574,33.169549557874284,7.261335128927811,95.55321563984107,0.22167200925653688,2.5115118087248436,Water Tank + DSM
2024-01-06 01:00:00,147.52382768362253,86.5,-6.3,207.3608472237015,59.83701954007897,50.0559514654507,44.25675675675676,1359.4424262829127,54.9336888780555,,51.01657535700313,32.80483944543842,7.181494359710096,81.11686559010349,0.21991607280182396,2.12556945207313,Water Tank + DSM
2024-01-06 02:00:00,146.3438975778623,91.9,-5.7,204.95522209073988,58.6113245128776,52.43684726294906,44.66216216216216,1240.8730398083028,60.97458559381555,,50.6085328454869,32.542458660692816,7.124055086797916,79.7209693730698,0.21634472910557642,1.3856067910320962,Water Tank + DSM
2024-01-06 03:00:00,161.72226822593012,87.5,-4.25,161.72226822593012,0.0,50.64189189189189,45.64189189189189,1048.1840825727265,60.90757323164037,,55.926669022902345,35.96214338527994,7.872677758841631,23.32792623906828,0.21903716216216218,2.1335268466439654,Water Tank + DSM
2024-01-06 04:00:00,162.35201042522678,89.4,-4.2,162.35201042522678,0.0,50.67567567567568,45.67567567567568,1001.5545266501774,60.84067608959172,,56.144445980498666,36.10217901250247,7.903333756068189,23.418764561681332,0.2189864864864865,2.130454112341084,Water Tank + DSM
2024-01-06 05:00:00,175.05342899319993,91.5,-4.7,175.05342899319993,0.0,50.33783783783784,45.33783783783784,1015.9520687173795,60.77389396956173,,60.536840671500684,38.92659052211466,8.521641776124685,25.250904060685105,0.21949324324324324,2.4198374960310676,Water Tank + DSM
2024-01-06 06:00:00,187.30569595465764,91.8,-6.15,187.30569595465764,0.0,49.35810810810811,44.35810810810811,1054.2825677542546,60.70722667378313,,64.77391010325269,41.651124292857446,9.118084991156172,27.018254859518578,0.22096283783783782,2.969971310545084,Water Tank + DSM
2024-01-06 07:00:00,178.64610091212938,94.6,-8.05,65.37079878938769,-113.27530212274169,48.07432432432432,43.07432432432432,335.65404002830394,48.857827880892884,,61.77925568040437,0.0,0.0,0.0,0.22288851351351352,3.308529598127602,Water Tank + DSM
2024-01-06 08:00:00,186.25105285747694,90.6,-7.05,152.0626960837643,-34.188356773712634,48.75,43.75,868.0165385087134,45.25544192680604,,64.40919424760494,41.416603551235625,1.7445138701841518,0.0,0.221875,3.1882551152564442,Water Tank + DSM
2024-01-06 09:00:00,180.2957990474033,94.4,-7.25,180.2957990474033,0.0,48.61486486486487,43.61486486486487,940.72326196886,45.2154568423414,,62.34975300653804,40.09233513870996,8.776841573790687,26.007099378026993,0.2220777027027027,3.1368666276127155,Water Tank + DSM
2024-01-06 10:00:00,172.81367237151454,92.8,-7.6,172.81367237151454,0.0,48.37837837837837,43.37837837837837,929.3610493859048,45.17554050767668,,59.76228977849777,38.42853636011976,8.412609901082423,24.92782624439361,0.22243243243243244,3.091487098271481,Water Tank + DSM
2024-01-06 11:00:00,176.97406249824763,89.0,-7.75,176.97406249824763,0.0,48.27702702702703,43.27702702702703,1038.1758456487396,45.13569280460441,,61.20103265649708,39.353681350463695,8.61513866337432,25.527949375653375,0.22258445945945945,3.2031297226839603,Water Tank + DSM
2024-01-06 12:00:00,191.04229338769062,95.9,-8.2,191.04229338769062,0.0,47.972972972972975,42.972972972972975,952.2474295273386,45.09591361512042,,66.06609732150959,42.48203059991019,9.299983426216995,27.557247233661577,0.22304054054054054,3.5782826765487883,Water Tank + DSM
2024-01-06 13:00:00,223.24708011694548,96.9,-8.4,223.24708011694548,0.0,47.83783783783784,42.83783783783784,1087.025869682338,45.056202821423376,,77.2031316218448,49.64340157717013,10.867719959923312,32.202685970122026,0.22324324324324324,4.244085668076549,Water Tank + DSM
2024-01-06 14:00:00,239.4048260611764,97.6,-8.4,239.4048260611764,0.0,47.83783783783784,42.83783783783784,1149.3027206159934,45.01656030591453,,82.79079075804196,53.23639580612562,11.654282803269364,34.53338977307666,0.22324324324324324,4.551255902752901,Water Tank + DSM
2024-01-06 15:00:00,239.6751906162986,100.7,-9.55,239.6751906162986,0.0,47.06081081081081,42.06081081081081,1067.4355266737966,44.976985951197285,,82.88428801822582,53.29651670972325,11.667444212908487,34.57238900595124,0.2244087837837838,4.9428157165463595,Water Tank + DSM
2024-01-06 16:00:00,235.20978578964306,97.4,-9.4,235.20978578964306,0.0,47.16216216216216,42.16216216216216,1118.4722737006157,44.937479640076944,,81.340065193916,52.303545671095684,11.450067263842183,33.92826846790466,0.22425675675675677,4.801262226581421,Water Tank + DSM
2024-01-06 17:00:00,229.0017018785519,97.0,-9.55,208.73945823882758,-20.262243639724307,47.06081081081081,42.06081081081081,998.5362622671172,42.79044313854474,,79.19319044394678,50.923055487476596,11.147856290251388,12.77052833810167,0.2244087837837838,4.72269661390726,Water Tank + DSM
2024-01-06 18:00:00,216.2037268324256,99.5,-10.45,216.2037268324256,0.0,46.4527027027027,41.4527027027027,973.6451165012071,42.75469633882495,,74.76740466676394,48.07717273614727,10.524847878304726,31.186704511913447,0.22532094594594596,4.731564271006156,Water Tank + DSM
2024-01-06 19:00:00,196.81124013519585,94.3,-9.85,196.81124013519585,0.0,46.85810810810811,41.85810810810811,991.0342738837203,42.7190110016571,,68.06110999909423,43.76486995401815,9.580817100201688,28.389399575322443,0.22471283783783783,4.1416105179178535,Water Tank + DSM
2024-01-06 20:00:00,181.8724291073421,91.9,-9.4,181.8724291073421,0.0,47.16216216216216,42.16216216216216,971.1641724759212,42.68338702136327,,62.89498198768596,40.44293000052485,8.853592293051321,26.234523282898078,0.22425675675675677,3.7125038016515175,Water Tank + DSM
2024-01-06 21:00:00,203.52305724468115,95.5,-10.05,203.52305724468115,0.0,46.722972972972975,41.722972972972975,996.7794306741246,42.64782429244729,,70.38218537196767,45.2573751724701,9.907549923448016,29.35755798775241,0.22491554054054053,4.339917727733626,Water Tank + DSM
2024-01-06 22:00:00,217.28381637793888,100.3,-10.7,217.28381637793888,0.0,46.28378378378378,41.28378378378378,960.95709495258,42.61232270959441,,75.14092039338378,48.31735199860003,10.577426889444,31.342504016370825,0.22557432432432434,4.831358097725947,Water Tank + DSM
2024-01-06 23:00:00,226.64190561324142,96.2,-10.85,226.64190561324142,0.0,46.18243243243243,41.18243243243243,1082.476362360453,42.576882167670966,,78.37712753474291,50.39830813768933,11.032980857343452,32.692378822200155,0.22572635135135136,5.087099237153654,Water Tank + DSM
2024-01-07 00:00:00,217.94876149613387,98.1,-10.4,217.94876149613387,0.0,46.486486486486484,41.486486486486484,1008.7690691176963,42.54150256172398,,69.00199678753116,44.36988194894365,9.713263724009767,45.98362270550643,0.22527027027027027,4.35272055411075,Water Tank + DSM
2024-01-07 01:00:00,222.97308071932315,97.7,-9.95,222.97308071932315,0.0,46.79054054054054,41.79054054054054,1046.2963841973808,42.506183786981,,70.59268285758797,45.39272993062704,9.937181204950878,47.04367185616543,0.2248141891891892,4.324278802614139,Water Tank + DSM
2024-01-07 02:00:00,207.04683974686634,97.1,-10.05,207.04683974686634,0.0,46.722972972972975,41.722972972972975,981.831243106651,42.47092573884968,,65.55047742877481,42.15047506766067,9.227400715097778,43.68349558827954,0.22491554054054053,4.041984169020261,Water Tank + DSM
2024-01-07 03:00:00,208.0202249532683,93.8,-10.15,208.0202249532683,0.0,46.6554054054054,41.6554054054054,1054.0820849435147,42.43572831291757,,65.85864858985006,42.348636261156,9.270781311298135,43.888863940781526,0.2250168918918919,4.087686121259208,Water Tank + DSM
2024-01-07 04:00:00,207.0150276391097,98.3,-10.8,207.0150276391097,0.0,46.21621621621622,41.21621621621622,949.5112649984753,42.400591404951676,,65.54040580027754,42.14399877728847,9.22598295346364,43.67678375403691,0.22567567567567567,4.240641391509849,Water Tank + DSM
2024-01-07 05:00:00,237.69165049649357,97.4,-11.4,237.69165049649357,0.0,45.810810810810814,40.810810810810814,1100.6671377211576,42.36551491089822,,75.25254280590606,48.38912779491097,10.593139738068912,50.14904926116656,0.22628378378378378,5.0520896305370435,Water Tank + DSM
2024-01-07 06:00:00,246.1429579432541,102.4,-11.55,246.1429579432541,0.0,45.70945945945946,40.70945945945946,1037.2360277375913,42.330498726882375,,77.92820421039701,50.10964004353709,10.96978687971614,51.93213685630743,0.22643581081081082,5.279109293334057,Water Tank + DSM
2024-01-07 07:00:00,245.5581585520035,100.7,-11.25,245.5581585520035,0.0,45.91216216216216,40.91216216216216,1070.7078389392577,42.29554274920792,,77.74305828233842,49.99058692400807,10.943724282829313,51.808753752952875,0.22613175675675676,5.172014539512865,Water Tank + DSM
2024-01-07 08:00:00,242.56113975491726,97.2,-11.15,242.56113975491726,0.0,45.979729729729726,40.979729729729726,1131.3061157271156,42.2606468743569,,76.79421012193085,49.38045558252834,10.81015695369159,51.176431822511574,0.22603040540540542,5.077757704413617,Water Tank + DSM
2024-01-07 09:00:00,232.19367036306457,101.2,-10.55,232.19367036306457,0.0,46.38513513513514,41.38513513513514,1011.9354372248101,42.22581099898935,,73.51189695455761,47.269852200944314,10.348112738976239,48.98906540825325,0.2254222972972973,4.681913112795001,Water Tank + DSM
2024-01-07 10:00:00,217.4095858484219,97.6,-10.25,217.4095858484219,0.0,46.58783783783784,41.58783783783784,1018.1358577442484,42.19103501994297,,68.83129521503336,44.26011688455649,9.689234428207218,45.86986546556531,0.22511824324324325,4.300095645663502,Water Tank + DSM
2024-01-07 11:00:00,199.39573422513135,92.9,-10.1,199.39573422513135,0.0,46.689189189189186,41.689189189189186,1030.7967730625708,42.15631883423286,,63.128157820222306,40.592867460955766,8.886415957016656,42.06923750680969,0.2249662162162162,3.905414952715916,Water Tank + DSM
2024-01-07 12:00:00,208.6491847713244,96.2,-9.95,208.6491847713244,0.0,46.79054054054054,41.79054054054054,1008.8053237367535,42.1216623390512,,66.05777559129332,42.476679534658494,9.298811994026712,44.02156417166093,0.2248141891891892,4.046485091288279,Water Tank + DSM
2024-01-07 13:00:00,214.4536286249037,99.7,-9.7,214.4536286249037,0.0,46.95945945945946,41.95945945945946,971.3809864369048,42.08706543176697,,67.89544703933771,43.65834483431267,9.557497079154041,45.24620685531766,0.2245608108108108,4.090241931099562,Water Tank + DSM
2024-01-07 14:00:00,216.45273124014153,94.2,-9.65,216.45273124014153,0.0,46.99324324324324,41.99324324324324,1095.367073632584,42.052528009925496,,68.52835759724897,44.06532098060062,9.646590546718926,45.66798479880149,0.22451013513513512,4.1144796324942865,Water Tank + DSM
2024-01-07 15:00:00,194.93976319007842,97.0,-10.5,194.93976319007842,0.0,46.41891891891892,41.41891891891892,920.689314499715,42.01804997124835,,61.71740927118084,39.6857234724513,8.687827896626207,41.12910052481462,0.2253716216216216,3.9182214696757782,Water Tank + DSM
2024-01-07 16:00:00,197.05924445025562,94.7,-10.95,197.05924445025562,0.0,46.11486486486486,41.11486486486486,968.9339524397467,41.98363121363293,,62.38843138712241,40.11720623317682,8.78228624682226,41.57627639280462,0.2258277027027027,4.074639039107603,Water Tank + DSM
2024-01-07 17:00:00,191.14452263381182,95.4,-11.2,191.14452263381182,0.0,45.945945945945944,40.945945945945944,923.3380532126586,41.94927163515222,,60.515846230061825,38.91309061006002,8.518686433440012,40.328366863297134,0.22608108108108108,4.01367261212356,Water Tank + DSM
2024-01-07 18:00:00,187.93301107330967,95.6,-10.7,187.93301107330967,0.0,46.28378378378378,41.28378378378378,910.3619556717291,41.914971134054454,,59.49909023264444,38.259292956708016,8.37555986311345,39.65079046919993,0.22557432432432434,3.825630693607058,Water Tank + DSM
2024-01-07 19:00:00,185.5087461239847,93.3,-9.7,185.5087461239847,0.0,46.95945945945946,41.95945945945946,956.3218324393363,41.880729608762756,,58.73157441334296,37.765762510028146,8.267518300371721,39.1393102295202,0.2245608108108108,3.5381805234416617,Water Tank + DSM
2024-01-07 20:00:00,197.20559644694745,93.8,-9.05,197.20559644694745,0.0,47.398648648648646,42.398648648648646,1015.2883030049848,41.846546957874985,,62.434766039066545,40.14700048743931,8.788808676822066,41.60715426956739,0.22390202702702702,3.5967487516829832,Water Tank + DSM
2024-01-07 21:00:00,197.6920450613812,97.1,-7.6,197.6920450613812,0.0,48.37837837837837,43.37837837837837,969.3223698018699,41.81242308016326,,62.588774373411,40.24603141309582,8.810488101140601,41.70978696818052,0.22243243243243244,3.237700382451587,Water Tank + DSM
2024-01-07 22:00:00,197.5028968307241,92.0,-6.75,197.5028968307241,0.0,48.95270270270271,43.95270270270271,1096.0449268693092,41.778357874573835,,62.52889054789818,40.207524726443886,8.802058382913756,41.66987978626196,0.22157094594594595,3.0191314314545945,Water Tank + DSM
2024-01-07 23:00:00,178.69262547766104,91.8,-5.25,178.69262547766104,0.0,49.96621621621621,44.96621621621621,1020.4230457967918,41.74435124022666,,56.57360879008158,36.3781406380291,7.9637460882337585,37.70122029515129,0.22005067567567568,2.3875591925868225,Water Tank + DSM
2024-01-08 00:00:00,151.69341381288515,89.9,-3.35,151.69341381288515,0.0,51.25,46.25,937.6008725746027,41.71040307641517,,96.54330504106517,56.801936830893496,0.0,0.0,0.218125,3.330744023916748,Water Tank + DSM
2024-01-08 01:00:00,118.07693882248131,81.6,-0.8,181.3013798673589,63.22444104487757,50.62539779118215,47.972972972972975,1398.5195328117804,48.25395220491312,,75.14853569790057,44.2141728608797,0.0,63.22444104487758,0.21906190331322678,2.874252129895583,Water Tank + DSM
2024-01-08 02:00:00,100.71606243433938,78.8,1.7,149.14651925369947,48.430456819360096,53.525893848397004,49.66216216216216,1409.955800366318,53.24718588850973,,64.0994311732436,37.71335401092891,0.0,48.43045681936009,0.2147111592274045,1.3361293689193106,Water Tank + DSM
2024-01-08 03:00:00,96.52214600728725,82.1,1.95,142.2769001549774,45.75475414769014,55.09411258022754,49.83108108108108,1258.7615650220941,57.95347270728169,,61.43026747815352,36.14293265923258,0.0,45.75475414769015,0.2123588311296587,0.7024750438792212,Water Tank + DSM
2024-01-08 04:00:00,107.72228813490304,78.4,2.35,140.16542960616528,32.44314147126223,56.334959341176095,50.101351351351354,1517.696753048514,61.26681875146451,,68.55845261652404,40.33685083694995,0.0,32.44314147126224,0.21049756098823585,0.2735649509762437,Water Tank + DSM
2024-01-08 05:00:00,114.20877458212588,81.2,2.5,145.84319436485356,31.634419782727683,57.377211024845714,50.2027027027027,1462.6464699494513,64.49033415299209,,72.68669275548898,42.7657301413875,0.0,31.634419782727676,0.20893418346273143,0.0,Water Tank + DSM
2024-01-08 06:00:00,107.3684937554181,83.3,2.5,137.22737435927505,29.858880603856946,58.57554702652753,50.2027027027027,1326.050325265711,67.523592288029,,68.3332847740852,40.20437174316795,0.0,29.858880603856946,0.2071366794602087,0.0,Water Tank + DSM
2024-01-08 07:00:00,98.99661964254506,76.7,2.25,0.0,-98.99661964254506,76.7,50.03378378378378,0.0,56.154279300207364,,63.00511411770141,0.0,0.0,0.0,0.17995,0.0,Water Tank + DSM
2024-01-08 08:00:00,83.55054673911333,79.2,2.2,49.228700266618226,-34.3218464724951,55.0,50.0,485.96364373391646,52.5253025819282,,53.17466142684191,0.0,0.0,0.0,0.2125,0.6380959371221029,Water Tank + DSM
2024-01-08 09:00:00,91.7003165896257,79.6,2.2,76.88447357255329,-14.815843017072407,55.0,50.0,746.6280708493401,50.93165551841071,,58.361476707187705,19.521544871909306,0.0,0.0,0.2125,0.7003377204862524,Water Tank + DSM
2024-01-08 10:00:00,89.15469443846045,78.8,2.2,89.15469443846045,0.0,55.0,50.0,894.8866614049681,50.881910830984545,,56.741348517822885,33.38417400189647,0.0,0.0,0.2125,0.6808961822138747,Water Tank + DSM
2024-01-08 11:00:00,86.49076107529316,78.4,2.35,86.49076107529316,0.0,55.101351351351354,50.101351351351354,886.8287470579447,50.83225167388437,,55.045922692634655,32.38665821783621,0.0,0.0,0.21234797297297298,0.6270772004039317,Water Tank + DSM
2024-01-08 12:00:00,90.40232946342421,78.8,2.25,90.40232946342421,0.0,55.03378378378378,50.03378378378378,908.6996348714376,50.78267790005049,,57.53538964174122,33.851353717183365,0.0,0.0,0.21244932432432434,0.6787620967194611,Water Tank + DSM
2024-01-08 13:00:00,96.95196218184435,79.7,2.4,96.95196218184435,0.0,55.13513513513513,50.13513513513513,942.8508560139874,50.733189362676114,,61.70381840570425,36.30387828358384,0.0,0.0,0.2122972972972973,0.6904156978368008,Water Tank + DSM
2024-01-08 14:00:00,109.31097931437354,80.1,2.4,109.31097931437354,0.0,55.13513513513513,50.13513513513513,1046.0088080896899,50.68378591520682,,69.56955450486879,40.93173978929031,0.0,0.0,0.2122972972972973,0.7784269071625881,Water Tank + DSM
2024-01-08 15:00:00,110.74354287949157,82.0,2.3,110.74354287949157,0.0,55.06756756756757,50.06756756756757,982.2987926786247,50.63446741134026,,70.48129099877158,41.46816640852671,0.0,0.0,0.21239864864864863,0.8172019956344038,Water Tank + DSM
2024-01-08 16:00:00,120.49474993907921,80.5,1.8,120.49474993907921,0.0,54.729729729729726,49.729729729729726,1116.9916521363143,50.58523370502558,,76.6873202126279,45.11952762126126,0.0,0.0,0.21290540540540542,1.0446056591125543,Water Tank + DSM
2024-01-08 17:00:00,108.67141021199623,83.0,1.8,108.67141021199623,0.0,54.729729729729726,49.729729729729726,918.3032437734861,50.536084650462996,,69.16250904789321,40.69225171371019,0.0,0.0,0.21290540540540542,0.9421055286523846,Water Tank + DSM
2024-01-08 18:00:00,98.38483694169443,79.4,1.7,98.38483694169443,0.0,54.66216216216216,49.66216216216216,950.0953835345114,50.48702010210348,,62.61575295545659,36.84042143038111,0.0,0.0,0.21300675675675676,0.8783128590238373,Water Tank + DSM
2024-01-08 19:00:00,85.84033906940061,77.8,1.85,85.84033906940061,0.0,54.76351351351351,49.76351351351351,890.1761596547827,50.43803991464827,,54.63197004603021,32.14310624835054,0.0,0.0,0.21285472972972974,0.7331019764284881,Water Tank + DSM
2024-01-08 20:00:00,93.80170350297911,79.7,1.9,93.80170350297911,0.0,54.79729729729729,49.79729729729729,899.8394260987757,50.389143943048374,,59.698877143276704,35.124256901349,0.0,0.0,0.21280405405405406,0.7889932681908753,Water Tank + DSM
2024-01-08 21:00:00,110.47018991454003,81.1,2.15,110.47018991454003,0.0,54.96621621621622,49.96621621621622,1009.8191049933661,50.34033204250423,,70.3073190509074,41.36580878166976,0.0,0.0,0.21255067567567568,0.8579393122022881,Water Tank + DSM
2024-01-08 22:00:00,122.59286211756384,81.8,2.3,122.59286211756384,0.0,55.06756756756757,50.06756756756757,1095.5380919943927,50.29160406846517,,78.02263648619842,45.905170401859614,0.0,0.0,0.21239864864864863,0.904640839258893,Water Tank + DSM
2024-01-08 23:00:00,118.86269008648654,82.0,3.15,169.13747227234677,50.27478218586022,54.88672930111391,50.64189189189189,1490.4602710102504,55.47320531804007,,75.64861689497108,94.78318135848919,0.0,0.0,0.21266990604832914,0.9591960329724097,Water Tank + DSM
2024-01-09 00:00:00,115.82535713636265,79.5,3.05,153.9373047589993,38.11194762263665,56.068977191615225,50.57432432432432,1569.6571468738466,59.38055957608929,,85.01160587167095,35.48493399228132,0.0,38.11194762263662,0.21089653421257717,0.4748864642636561,Water Tank + DSM
2024-01-09 01:00:00,114.54722367505259,80.4,3.15,147.90000362579485,33.35277995074227,57.12883949330882,50.64189189189189,1518.4403352691909,62.786084530755275,,84.07350232724274,35.09335754797546,0.0,33.352779950742246,0.20930674076003677,0.0,Water Tank + DSM
2024-01-09 02:00:00,104.2128621300756,81.5,3.35,133.9176922553512,29.704830125275592,58.331959867050834,50.777027027027025,1381.0057331987375,65.80624649609312,,76.48845625168765,31.92726208889441,0.0,29.704830125275578,0.20750206019942374,0.0,Water Tank + DSM
2024-01-09 03:00:00,96.26235202571328,76.5,3.5,113.26498065373748,17.002628628024198,58.79434445026078,50.87837837837837,1528.324524713175,67.499765679119,,70.65307056256727,29.49149730272487,0.0,17.00262862802418,0.20680848332460883,0.0,Water Tank + DSM
2024-01-09 04:00:00,109.10589882531951,78.4,3.0,126.43799374494733,17.332094919627817,58.954012969080964,50.54054054054054,1553.3768794530058,69.22464854152591,,80.07976749247214,33.42632143518353,0.0,17.332094919627803,0.20656898054637857,0.0,Water Tank + DSM
2024-01-09 05:00:00,124.45327064235573,85.0,3.05,149.51141221078169,25.058141568425945,59.90774996466219,50.57432432432432,1423.5420660338525,71.75033074600238,,91.34418105728273,38.128232047393986,0.0,25.058141568425935,0.20513837505300672,0.0,Water Tank + DSM
2024-01-09 06:00:00,130.80218356294617,80.8,3.0,145.20828984581118,14.406106282865007,59.77833211347218,50.54054054054054,1650.2343065593448,73.16350560626091,,96.0040525764645,40.073322150976885,0.0,14.406106282864991,0.20533250182979174,0.0,Water Tank + DSM
2024-01-09 07:00:00,114.71184091768136,80.1,2.95,0.0,-114.71184091768136,80.1,50.50675675675676,0.0,56.82035766755719,,84.19432540515962,0.0,0.0,0.0,0.17485,0.0,Water Tank + DSM
2024-01-09 08:00:00,94.07579010658809,80.9,3.0,55.188979918874544,-38.88681018771354,55.54054054054054,50.54054054054054,519.8920191379948,52.71546935639085,,69.04821352022002,0.0,0.0,0.0,0.2116891891891892,0.60463841028517,Water Tank + DSM
2024-01-09 09:00:00,81.89162794367036,75.0,3.7,81.89162794367036,0.0,56.013513513513516,51.013513513513516,1030.3758618937566,52.66265760418025,,60.10548096770102,25.08879820401009,0.0,0.0,0.21097972972972973,0.35575946843044576,Water Tank + DSM
2024-01-09 10:00:00,64.33046125075062,76.3,3.85,64.33046125075062,0.0,56.11486486486487,51.11486486486487,761.352503345001,52.609936655764244,,47.21622235926354,19.708656442892483,0.0,0.0,0.2108277027027027,0.2507564241512224,Water Tank + DSM
2024-01-09 11:00:00,79.60237797761667,76.0,3.45,79.60237797761667,0.0,55.8445945945946,50.8445945945946,943.4856078606343,52.557306355016124,,58.42525462808549,24.387450192265046,0.0,0.0,0.2112331081081081,0.4050291300568622,Water Tank + DSM
2024-01-09 12:00:00,82.12206922666758,79.0,3.65,82.12206922666758,0.0,55.97972972972973,50.97972972972973,852.2170948142657,52.50476654607752,,60.27461650080935,25.159397543553897,0.0,0.0,0.2110304054054054,0.3689783956063046,Water Tank + DSM
2024-01-09 13:00:00,90.4856241740126,77.0,3.8,90.4856241740126,0.0,56.08108108108108,51.08108108108108,1033.3349674374365,52.452317073358074,,66.41316210471102,27.721705164137816,0.0,0.0,0.2108783783783784,0.3661698667394879,Water Tank + DSM
2024-01-09 14:00:00,83.82325386074612,77.8,3.95,83.82325386074612,0.0,56.18243243243243,51.18243243243243,926.3145083992566,52.3999577815349,,61.52322424269583,25.680582420004487,0.0,0.0,0.21072635135135137,0.3017963567580907,Water Tank + DSM
2024-01-09 15:00:00,73.20323249026167,77.1,3.8,73.20323249026167,0.0,56.08108108108108,51.08108108108108,831.9948921810869,52.34768851555224,,53.72851422912394,22.42697054566693,0.0,0.0,0.2108783783783784,0.296232889263278,Water Tank + DSM
2024-01-09 16:00:00,80.98392657749105,74.3,3.7,80.98392657749105,0.0,56.013513513513516,51.013513513513516,1057.960216249162,52.29550912062092,,59.43926112863794,24.810709503401508,0.0,0.0,0.21097972972972973,0.3518161672208562,Water Tank + DSM
2024-01-09 17:00:00,69.17348004784407,80.2,3.55,69.17348004784407,0.0,55.91216216216217,50.91216216216217,680.3800120125591,52.243419442217906,,50.77082227923518,21.192392013298818,0.0,0.0,0.21113175675675674,0.33138252920095196,Water Tank + DSM
2024-01-09 18:00:00,76.21736432880243,74.3,3.5,76.21736432880243,0.0,55.87837837837837,50.87837837837837,988.386590503756,52.19141932608583,,55.94077753863061,23.35039760843637,0.0,0.0,0.21118243243243245,0.3764663137059217,Water Tank + DSM
2024-01-09 19:00:00,57.4546461305832,75.9,4.0,57.4546461305832,0.0,56.21621621621622,51.21621621621622,697.2962734794103,52.139508618232576,,42.1696237603576,17.602141499061826,0.0,0.0,0.2106756756756757,0.19831120362978943,Water Tank + DSM
2024-01-09 20:00:00,65.80635389646118,75.4,3.45,65.80635389646118,0.0,55.8445945945946,50.8445945945946,803.8995413992436,52.08768716493079,,48.29947396329986,20.16081954782532,0.0,0.0,0.2112331081081081,0.3348328397726052,Water Tank + DSM
2024-01-09 21:00:00,76.25642378686211,76.7,3.2,76.25642378686211,0.0,55.67567567567568,50.67567567567568,866.4732563739261,52.035954812717414,,55.969445762379074,23.36236409250592,0.0,0.0,0.2114864864864865,0.4447301906524169,Water Tank + DSM
2024-01-09 22:00:00,99.38409094003194,79.4,3.0,99.38409094003194,0.0,55.54054054054054,50.54054054054054,995.0778180221157,51.98431140839327,,72.94431355788024,30.44789149873254,0.0,0.0,0.2116891891891892,0.6387556106149512,Water Tank + DSM
2024-01-09 23:00:00,94.11389387097371,81.7,3.0,141.2339596417297,47.120065770755986,55.18409768384249,50.54054054054054,1272.6317570168217,56.83480721511603,,69.07618029951853,75.95334886468387,0.0,0.0,0.21222385347423628,0.7526135747832577,Water Tank + DSM
2024-01-10 00:00:00,87.80439039083197,75.5,2.95,117.42381290939076,29.619422518558796,56.314674611318736,50.50675675675676,1462.3123475002494,59.856316237336365,,70.184612030941,28.29615199586559,0.0,29.619422518558792,0.2105279880830219,0.28859577911729006,Water Tank + DSM
2024-01-10 01:00:00,60.9320305979446,77.8,2.9,89.41253518658269,28.480504588638084,57.74302845537151,50.472972972972975,1065.1234529348685,62.7541450278635,,48.704750511207855,19.63617071471859,0.0,28.480504588638084,0.20838545731694275,0.0,Water Tank + DSM
2024-01-10 02:00:00,67.23836432839639,74.4,3.45,85.74519708059461,18.50683275219823,58.38075856346405,50.8445945945946,1278.8318277102728,64.60939891656078,,53.74558712813868,21.668472026523496,0.0,18.50683275219822,0.20742886215480394,0.0,Water Tank + DSM
2024-01-10 03:00:00,70.72184379894281,76.6,3.75,89.77742032243896,19.055576523496136,59.234966776840295,51.0472972972973,1235.1973200824114,66.51855053534332,,56.53003394303938,22.79107038560682,0.0,19.055576523496143,0.20614754983473957,0.0,Water Tank + DSM
2024-01-10 04:00:00,92.45318883185959,78.1,3.7,110.86318069173599,18.409991859876403,59.357371868783055,51.013513513513516,1413.162467332283,68.35725746091852,,73.90053231170675,29.7942901493217,0.0,18.4099918598764,0.20596394219682543,0.0,Water Tank + DSM
2024-01-10 05:00:00,79.86646377159236,80.0,3.45,98.37610090847944,18.50963713688708,60.46326906585248,50.8445945945946,1203.0330106010251,70.2031694333915,,63.839595595867806,25.73804781508098,0.0,18.50963713688708,0.20430509640122127,0.0,Water Tank + DSM
2024-01-10 06:00:00,84.36244337527984,73.4,3.55,89.49374065014035,5.131297274860521,59.743964546079525,50.91216216216217,1565.5996093467854,70.65411675359373,,67.4333633195462,27.186938031959425,0.0,5.131297274860515,0.2053840531808807,0.0,Water Tank + DSM
2024-01-10 07:00:00,69.09457085919193,79.4,3.55,0.0,-69.09457085919193,79.4,50.91216216216217,0.0,59.760159459398274,,55.2293071862508,0.0,0.0,0.0,0.1759,0.0,Water Tank + DSM
2024-01-10 08:00:00,76.7673918598852,76.0,3.55,27.01975056464905,-49.74764129523614,55.91216216216217,50.91216216216217,321.32825655200514,54.520354014489826,,61.362416962646925,0.0,0.0,0.0,0.21113175675675674,0.4005141539588958,Water Tank + DSM
2024-01-10 09:00:00,72.23337238118383,75.4,3.6,52.94302708028289,-19.290345300900942,55.945945945945944,50.945945945945944,650.128832161687,52.45779599619208,,57.73824285658068,3.987835607526076,0.0,0.0,0.2110810810810811,0.3651553737416191,Water Tank + DSM
2024-01-10 10:00:00,85.20879565789255,78.1,3.7,85.20879565789255,0.0,56.013513513513516,51.013513513513516,921.6341723133078,52.40542728398495,,68.1098774019545,27.459686498457035,0.0,0.0,0.21097972972972973,0.40313684191967575,Water Tank + DSM
2024-01-10 11:00:00,93.64763715319062,79.1,3.9,93.64763715319062,0.0,56.148648648648646,51.148648648648646,974.7412349612691,52.353148613815605,,74.85528971791932,30.179217270860242,0.0,0.0,0.21077702702702703,0.38236891234288656,Water Tank + DSM
2024-01-10 12:00:00,82.78591765371603,77.2,4.1,82.78591765371603,0.0,56.28378378378378,51.28378378378378,945.5274043041634,52.30095983086703,,66.17320029543951,26.678881302174087,0.0,0.0,0.21057432432432432,0.2843659147831054,Water Tank + DSM
2024-01-10 13:00:00,75.31112974906314,75.1,4.05,75.31112974906314,0.0,56.25,51.25,954.4398943689164,52.24886078058837,,60.198384152801495,24.270029834206944,0.0,0.0,0.210625,0.2708927286876067,Water Tank + DSM
2024-01-10 14:00:00,69.44183067298789,76.8,4.4,69.44183067298789,0.0,56.48648648648649,51.48648648648649,816.6517369730856,52.196851308694534,,55.5068820910673,22.37856884886697,0.0,0.0,0.21027027027027026,0.1710212042805841,Water Tank + DSM
2024-01-10 15:00:00,83.03682001263826,75.5,4.3,83.03682001263826,0.0,56.41891891891892,51.41891891891892,1039.6053553892766,52.14493126116569,,66.37375387414123,26.759737979756874,0.0,0.0,0.21037162162162162,0.2314111959395733,Water Tank + DSM
2024-01-10 16:00:00,93.43234859447233,78.2,4.5,93.43234859447233,0.0,56.554054054054056,51.554054054054056,1031.1491121686254,52.09310048424678,,74.68320328919877,30.109837621923013,0.0,0.0,0.21016891891891892,0.19982803042244981,Water Tank + DSM
2024-01-10 17:00:00,107.96085176278362,79.6,4.3,107.96085176278362,0.0,56.41891891891892,51.41891891891892,1112.5854914548006,52.0413588244472,,86.29625992246586,34.79184420602516,0.0,0.0,0.21037162162162162,0.3008707440540024,Water Tank + DSM
2024-01-10 18:00:00,102.45618843666276,79.2,4.5,102.45618843666276,0.0,56.554054054054056,51.554054054054056,1080.8078862539035,51.9897061285402,,81.89622185847992,33.01789202130335,0.0,0.0,0.21016891891891892,0.2191277287564722,Water Tank + DSM
2024-01-10 19:00:00,102.62905882248093,76.8,4.55,102.62905882248093,0.0,56.58783783783784,51.58783783783784,1212.9931496989236,51.93814224356251,,82.03440220352056,33.07360184049259,0.0,0.0,0.21011824324324324,0.2028688595033005,Water Tank + DSM
2024-01-10 20:00:00,85.54576287549645,79.5,4.4,85.54576287549645,0.0,56.48648648648649,51.48648648648649,888.0069224943164,51.8866670168138,,68.37922513421944,27.568278740422418,0.0,0.0,0.21027027027027026,0.21068193690002546,Water Tank + DSM
2024-01-10 21:00:00,101.58447792287875,74.9,4.3,101.58447792287875,0.0,56.41891891891892,51.41891891891892,1313.1089352237486,51.83528029585637,,81.19943820175277,32.73697152194525,0.0,0.0,0.21037162162162162,0.2831007440007054,Water Tank + DSM
2024-01-10 22:00:00,82.90425912884936,81.1,4.35,82.90425912884936,0.0,56.45270270270271,51.45270270270271,803.5415066210581,51.78398192851463,,66.26779409060661,26.71701844261641,0.0,0.0,0.21032094594594594,0.21760910762185437,Water Tank + DSM
2024-01-10 23:00:00,73.25038947967734,74.7,4.45,109.59743659628,36.34704711660266,55.66558797138168,51.520270270270274,1375.7215772595569,55.51407105527049,,58.551174307603574,59.95297553598297,0.0,0.0,0.21150161804292747,0.4687883477147638,Water Tank + DSM
2024-01-11 00:00:00,68.59234746896631,72.1,4.7,94.91576156810332,26.32341409913701,56.74057038893927,51.689189189189186,1476.4596915345471,58.19495672097452,,47.03549757438773,19.633219601106806,0.0,26.32341409913701,0.2098891444165911,0.0732144050506284,Water Tank + DSM
2024-01-11 01:00:00,70.74058561256136,79.5,4.8,104.5442103843225,33.80362477176113,57.89633395126343,51.75675675675676,1156.2198671738197,61.64942294109502,,48.50859849192067,20.248110806685652,0.0,33.803624771761136,0.20815549907310485,0.0,Water Tank + DSM
2024-01-11 02:00:00,87.55686185690789,75.0,4.7,108.7629667155878,21.206104858679904,58.29456250632102,51.689189189189186,1555.4800383040902,63.78739001688663,,60.039941997244725,25.06144139764562,0.0,21.206104858679907,0.20755815624051846,0.0,Water Tank + DSM
2024-01-11 03:00:00,65.70938773815544,75.9,5.45,84.95712856231495,19.24774082415951,59.693234435765504,52.195945945945944,1252.4237131893158,65.71794640829343,,45.05857958820913,18.808028693013654,0.0,19.247740824159507,0.20546014834635173,0.0,Water Tank + DSM
2024-01-11 04:00:00,91.56126841001915,73.5,5.3,103.95075865126954,12.389490241250385,59.28020326904408,52.09459459459459,1746.4646237059546,66.9316980705146,,62.78586427087653,26.207624552623873,0.0,12.389490241250385,0.20607969509643387,0.0,Water Tank + DSM
2024-01-11 05:00:00,107.89716155050573,81.5,5.0,131.03980472329644,23.142643172790706,60.065987329480045,51.891891891891895,1460.6198280684607,69.26204729982958,,73.98779700152772,30.883454863760193,0.0,23.142643172790713,0.20490101900577992,0.0,Water Tank + DSM
2024-01-11 06:00:00,132.5977460231589,80.6,4.75,150.62575265390188,18.028006630742986,59.916696580595726,51.72297297297297,1739.8225246577313,71.05629808845535,,90.92560892836228,37.953514675413366,0.0,18.028006630742993,0.20512495512910642,0.0,Water Tank + DSM
2024-01-11 07:00:00,115.77032233649952,80.7,4.25,0.0,-115.77032233649952,80.7,51.385135135135144,0.0,56.124014068687245,,79.38662134151582,0.0,0.0,0.0,0.17395,0.0,Water Tank + DSM
2024-01-11 08:00:00,111.35227902911572,78.0,3.8,76.16659840753985,-35.18568062157587,56.08108108108108,51.08108108108108,830.1301858991467,52.40545052357875,,76.35705794361623,0.0,0.0,0.0,0.2108783783783784,0.4209956708242625,Water Tank + DSM
2024-01-11 09:00:00,99.33168565386899,80.4,3.55,99.33168565386899,0.0,55.91216216216217,50.91216216216217,969.0320491160151,52.35317181345157,,68.11423478028998,28.431754703727886,0.0,0.0,0.21113175675675674,0.4445834513362144,Water Tank + DSM
2024-01-11 10:00:00,108.26082876738785,78.1,3.5,108.26082876738785,0.0,55.87837837837837,50.87837837837837,1163.8482959069966,52.30098299061386,,74.23717275740607,30.98754750082879,0.0,0.0,0.21118243243243245,0.49959610855660047,Water Tank + DSM
2024-01-11 11:00:00,95.88244601105788,80.3,3.8,95.88244601105788,0.0,56.08108108108108,51.08108108108108,945.769114378355,52.24888390051465,,65.74900441802069,27.44447723236284,0.0,0.0,0.2108783783783784,0.3625080243588169,Water Tank + DSM
2024-01-11 12:00:00,109.66504109882025,77.1,3.7,109.66504109882025,0.0,56.013513513513516,51.013513513513516,1242.40948933315,52.19687438886871,,75.20007646527081,31.38947585124817,0.0,0.0,0.21097972972972973,0.4451031552944397,Water Tank + DSM
2024-01-11 13:00:00,96.47362778006666,81.6,3.65,96.47362778006666,0.0,55.97972972972973,50.97972972972973,899.5507689481335,52.14495430165613,,66.15439262367752,27.61369146577819,0.0,0.0,0.2110304054054054,0.40497216025034877,Water Tank + DSM
2024-01-11 14:00:00,97.38237058707558,77.1,3.6,97.38237058707558,0.0,55.945945945945944,50.945945945945944,1099.7336366074132,52.093123485121744,,66.77754041890569,27.873801343181125,0.0,0.0,0.2110810810810811,0.42232282318983677,Water Tank + DSM
2024-01-11 15:00:00,79.90763310262311,77.4,3.55,79.90763310262311,0.0,55.91216216216217,50.91216216216217,888.3749929868121,52.04138178577477,,54.7946734826939,22.871999084420807,0.0,0.0,0.21113175675675674,0.35764631475866215,Water Tank + DSM
2024-01-11 16:00:00,85.42967084551529,77.1,3.55,85.42967084551529,0.0,55.91216216216217,50.91216216216217,963.214182726591,51.98972905038838,,58.581273627542345,24.4525745225315,0.0,0.0,0.21113175675675674,0.38236155624463225,Water Tank + DSM
2024-01-11 17:00:00,84.23470426199351,78.5,3.65,84.23470426199351,0.0,55.97972972972973,50.97972972972973,893.5487120696093,51.93816512599914,,57.761854990993385,24.110538680109254,0.0,0.0,0.2110304054054054,0.3535962204178366,Water Tank + DSM
2024-01-11 18:00:00,93.20131910916031,76.8,3.9,93.20131910916031,0.0,56.148648648648646,51.148648648648646,1078.1380150444868,51.88668985990669,,63.910488278186214,26.67705702900552,0.0,0.0,0.21077702702702703,0.3264616833669524,Water Tank + DSM
2024-01-11 19:00:00,87.98997018755057,79.7,3.25,87.98997018755057,0.0,55.70945945945946,50.70945945945946,876.1811653292762,51.83530309967316,,60.3369352710878,25.185410197086746,0.0,0.0,0.2114358108108108,0.46720356635585547,Water Tank + DSM
2024-01-11 20:00:00,98.65247675540884,77.3,3.4,98.65247675540884,0.0,55.81081081081081,50.81081081081081,1096.7022631240952,51.784004693122846,,67.64848415832039,28.237344424002046,0.0,0.0,0.2112837837837838,0.48268107615666583,Water Tank + DSM
2024-01-11 21:00:00,107.68018315603565,79.7,3.7,107.68018315603565,0.0,56.013513513513516,51.013513513513516,1086.0152325723438,51.732794488341604,,73.83900946001067,30.821349036732567,0.0,0.0,0.21097972972972973,0.4370471100470891,Water Tank + DSM
2024-01-11 22:00:00,111.65844265625793,82.0,3.2,111.65844265625793,0.0,55.67567567567568,50.67567567567568,1013.2931562923502,51.681672333676545,,76.56700204194773,31.960048108569865,0.0,0.0,0.2114864864864865,0.6083972594684487,Water Tank + DSM
2024-01-11 23:00:00,124.59195758941964,78.1,3.75,166.48758495699886,41.89562736757923,55.53576931410911,51.0472972972973,1762.8458438230903,55.98917367247263,,85.43583847508289,77.55764148645139,0.0,0.0,0.21169634602883633,0.7505866582202032,Water Tank + DSM
2024-01-12 00:00:00,120.72886511457487,83.3,3.45,164.04442802883443,43.31556291425957,56.521758280482786,50.8445945945946,1463.6425091619176,60.436989318525754,,89.8720348253651,37.51373933982838,0.0,43.31556291425955,0.2102173625792758,0.2578833388283615,Water Tank + DSM
2024-01-12 01:00:00,138.76738329119038,80.9,3.4,171.24006809312073,32.472684801930356,57.31269864445746,50.81081081081081,1734.4719374418792,63.74913883476508,,103.30012704033167,43.118797155224165,0.0,32.472684801930335,0.20903095203331382,0.0,Water Tank + DSM
2024-01-12 02:00:00,116.92725664693509,82.8,3.65,147.16724058435585,30.239983937420753,58.62904354724965,50.97972972972973,1454.657471979591,66.82331871987425,,87.0420712680014,36.33247627575683,0.0,30.23998393742075,0.20705643467912552,0.0,Water Tank + DSM
2024-01-12 03:00:00,91.15719580043852,77.0,4.35,107.34202920050097,16.184833400062452,59.590028055156736,51.45270270270271,1473.00359152982,68.43001139079429,,67.85852470148504,28.325018039074696,0.0,16.18483340006246,0.2056149579172649,0.0,Water Tank + DSM
2024-01-12 04:00:00,66.47035974778883,73.7,4.1,74.88372070404124,8.41336095625241,60.197261112599215,51.28378378378378,1324.9199660714226,69.22545081393923,,49.48134383967334,20.65414718374702,0.0,8.413360956252404,0.20470410833110117,0.0,Water Tank + DSM
2024-01-12 05:00:00,63.449655556324174,76.4,3.7,74.8815167304291,11.431861174104926,60.933475570138526,51.013513513513516,1156.683042161495,70.33354670459028,,47.23269491851601,19.715532300274123,0.0,11.431861174104924,0.20359978664479222,0.0,Water Tank + DSM
2024-01-12 06:00:00,70.40458390672885,76.7,3.65,80.557705690202,10.153121783473155,60.987823738256736,50.97972972972973,1224.891684382313,71.30670610702147,,52.4100281297766,21.87661754709275,0.0,10.153121783473154,0.2035182643926149,0.0,Water Tank + DSM
2024-01-12 07:00:00,57.05789340909417,75.8,3.75,0.0,-57.05789340909417,75.8,51.0472972972973,0.0,61.387460006122446,,42.47458947499887,0.0,0.0,0.0,0.18130000000000002,0.0,Water Tank + DSM
2024-01-12 08:00:00,70.28644948924,72.8,3.9,14.91476578676501,-55.37168370247499,56.148648648648646,51.148648648648646,213.97731275214966,55.559785229225774,,52.32208743330309,0.0,0.0,0.0,0.21077702702702703,0.2672668790511978,Water Tank + DSM
2024-01-12 09:00:00,61.616590275945335,79.9,4.0,40.061147593694876,-21.555442682250458,56.21621621621622,51.21621621621622,404.0853209929508,53.25978437897071,,45.86813884024069,0.0,0.0,0.0,0.2106756756756757,0.2157042204919423,Water Tank + DSM
2024-01-12 10:00:00,88.00941782472053,73.3,4.1,88.00941782472053,0.0,56.28378378378378,51.28378378378378,1235.5687878313217,53.20603673905598,,65.51528051056378,27.346917877454924,0.0,0.0,0.21057432432432432,0.28153863786972055,Water Tank + DSM
2024-01-12 11:00:00,97.67926989080507,79.4,4.15,97.67926989080507,0.0,56.317567567567565,51.317567567567565,1010.9312177135336,53.15238151208824,,72.7136359396033,30.351603703976487,0.0,0.0,0.21052364864864864,0.2977328606716201,Water Tank + DSM
2024-01-12 12:00:00,107.02161918350504,82.3,4.15,107.02161918350504,0.0,56.317567567567565,51.317567567567565,983.9940826637267,53.09881853917394,,79.66819432286515,33.25452551853488,0.0,0.0,0.21052364864864864,0.3262089578355167,Water Tank + DSM
2024-01-12 13:00:00,102.46512392524998,75.7,4.1,102.46512392524998,0.0,56.28378378378378,51.28378378378378,1260.7014317378882,53.045347661692716,,76.276283861826,31.838698613683857,0.0,0.0,0.21057432432432432,0.3277818684873069,Water Tank + DSM
2024-01-12 14:00:00,80.74138716610307,78.3,4.1,80.74138716610307,0.0,56.28378378378378,51.28378378378378,876.1012516397222,52.991968721297,,60.10487013485791,25.088543234551558,0.0,0.0,0.21057432432432432,0.2582884959849304,Water Tank + DSM
2024-01-12 15:00:00,95.44335022169962,76.8,3.9,95.44335022169962,0.0,56.148648648648646,51.148648648648646,1104.0734738603646,52.938681559911416,,71.04919015708175,29.65684269904187,0.0,0.0,0.21077702702702703,0.36292694431590544,Water Tank + DSM
2024-01-12 16:00:00,83.46203868412974,79.8,3.75,83.46203868412974,0.0,56.0472972972973,51.0472972972973,839.4150119551241,52.88548601973243,,62.13015619833353,25.933923598103405,0.0,0.0,0.21092905405405404,0.3551494063769602,Water Tank + DSM
2024-01-12 17:00:00,88.07315468196013,75.7,3.4,75.61404006071263,-12.459114621247506,55.81081081081081,50.81081081081081,908.2097087439649,51.53637875513279,,65.56272700190668,14.907608029875728,0.0,0.0,0.2112837837837838,0.4677989169865788,Water Tank + DSM
2024-01-12 18:00:00,93.05457646454252,78.7,2.95,93.05457646454252,0.0,55.50675675675676,50.50675675675676,958.4667027357885,51.48559431495653,,69.27095793325194,28.91458577496021,0.0,0.0,0.21173986486486487,0.6206303393208918,Water Tank + DSM
2024-01-12 19:00:00,102.584825624249,81.8,2.75,102.584825624249,0.0,55.37162162162163,50.37162162162163,927.2853201756739,51.434897192842726,,76.36539126170825,31.875893184597135,0.0,0.0,0.21194256756756755,0.7461105119218222,Water Tank + DSM
2024-01-12 20:00:00,88.31311975268893,78.1,3.55,88.31311975268893,0.0,55.91216216216217,50.91216216216217,950.8478302480233,51.38428723865789,,65.74135991767992,27.441286319931358,0.0,0.0,0.21113175675675674,0.42909563297620557,Water Tank + DSM
2024-01-12 21:00:00,88.85922237005911,74.6,3.5,88.85922237005911,0.0,55.87837837837837,50.87837837837837,1133.8610079864982,51.33376430252667,,66.14788534471792,27.61097524412841,0.0,0.0,0.21118243243243245,0.4451573905631042,Water Tank + DSM
2024-01-12 22:00:00,79.55294488969236,81.8,2.95,79.55294488969236,0.0,55.50675675675676,50.50675675675676,722.7912356844314,51.28332823483146,,59.22017925706198,24.71926192195582,0.0,0.0,0.21173986486486487,0.5305807952355684,Water Tank + DSM
2024-01-12 23:00:00,96.13732856741969,76.1,2.95,135.49489688091242,39.357568313492735,54.91912585054635,50.50675675675676,1528.4109212542157,55.327472173397126,,71.56579607394691,69.2300489442266,0.0,0.0,0.2126213112241805,0.8935164902120855,Water Tank + DSM
2024-01-13 00:00:00,89.22300574667106,79.4,2.75,127.40720735923684,38.18420161256577,55.988127114809934,50.37162162162163,1300.2319335918694,59.24259380703069,,61.74786873045186,32.37150421823417,0.0,38.18420161256577,0.2110178093277851,0.3748859645197185,Water Tank + DSM
2024-01-13 01:00:00,100.71542757410768,79.6,3.45,133.01915387823456,32.30372630412688,57.31323980412084,50.8445945945946,1425.9963999781096,62.53921961183723,,69.70133934553493,36.541134893094856,0.0,32.30372630412688,0.20903014029381875,0.0,Water Tank + DSM
2024-01-13 02:00:00,122.44833339173933,78.8,3.25,148.26631210830033,25.817978716561008,57.71523331661083,50.70945945945946,1680.0051369639284,65.15544460895568,,84.74186173466617,44.426173583087625,0.0,25.817978716561,0.20842715002508377,0.0,Water Tank + DSM
2024-01-13 03:00:00,126.3435317193092,85.2,2.55,158.15977042519202,31.81623870588282,58.598603517696176,50.236486486486484,1420.4767350806655,68.39118932978087,,87.43758121863833,45.839412557011016,0.0,31.816238705882824,0.20710209472345573,0.0,Water Tank + DSM
2024-01-13 04:00:00,125.66359121815083,81.4,2.4,146.3375417783673,20.673950560216465,58.93344042972944,50.13513513513513,1556.1422254383274,70.4622033146767,,86.96702010652727,45.592719491504006,0.0,20.67395056021647,0.20659983935540585,0.0,Water Tank + DSM
2024-01-13 05:00:00,108.57985638416046,79.3,2.4,122.64851387105648,14.06865748689602,59.5894789380662,50.13513513513513,1486.581668915592,71.84248704347455,,75.14401316871805,39.394472866503406,0.0,14.068657486896015,0.2056157815929007,0.0,Water Tank + DSM
2024-01-13 06:00:00,103.43103575167265,80.7,2.7,117.53283535902847,14.101799607355822,60.46142239583511,50.33783783783783,1387.4102861757926,73.22384547215292,,71.5807090873224,37.526400081590204,0.0,14.101799607355815,0.20430786640624735,0.0,Water Tank + DSM
2024-01-13 07:00:00,104.68930906052813,79.9,2.65,0.0,-104.68930906052813,79.9,50.304054054054056,0.0,57.62931994958018,,72.45151246871531,0.0,0.0,0.0,0.17515,0.0,Water Tank + DSM
2024-01-13 08:00:00,101.21808844265554,79.4,2.75,54.823691855610505,-46.39439658704504,55.37162162162163,50.37162162162163,545.0603510244173,52.7421374049763,,70.04921192690878,0.0,0.0,0.0,0.21194256756756755,0.6843997327453357,Water Tank + DSM
2024-01-13 09:00:00,94.5441431660243,79.7,2.85,80.4404830381256,-14.103660127898696,55.43918918918919,50.43918918918919,792.08198282207,51.22221581908149,,65.43042674469112,20.198436104972053,0.0,0.0,0.2118412162162162,0.6127471045144707,Water Tank + DSM
2024-01-13 10:00:00,93.67867955950436,77.8,3.1,93.67867955950436,0.0,55.60810810810811,50.60810810810811,1008.4333700621917,51.17197154630236,,64.83147210603985,33.98809247840483,0.0,0.0,0.21158783783783783,0.5414304021828718,Water Tank + DSM
2024-01-13 11:00:00,85.73789763492049,78.4,3.7,85.73789763492049,0.0,56.013513513513516,51.013513513513516,914.9295800602358,51.121813662829275,,59.33595717922241,31.107052398925834,0.0,0.0,0.21097972972972973,0.35120471952026155,Water Tank + DSM
2024-01-13 12:00:00,72.49908928920533,77.2,3.45,72.49908928920533,0.0,55.8445945945946,50.8445945945946,811.0086881967251,51.071742020125754,,50.17387848620181,26.303805337013205,0.0,0.0,0.2112331081081081,0.34782702247866865,Water Tank + DSM
2024-01-13 13:00:00,82.70518361425177,74.2,3.35,82.70518361425177,0.0,55.777027027027025,50.777027027027025,1072.4419438973787,51.02175646991056,,57.23713047328351,30.00673624289409,0.0,0.0,0.21133445945945947,0.4199967817161217,Water Tank + DSM
2024-01-13 14:00:00,83.16386300421853,81.7,2.8,83.16386300421853,0.0,55.4054054054054,50.4054054054054,755.5599879417559,50.97185686415745,,57.5545651362834,30.1731523110692,0.0,0.0,0.2118918918918919,0.5506571907633607,Water Tank + DSM
2024-01-13 15:00:00,101.1280517108294,77.6,3.05,101.1280517108294,0.0,55.57432432432432,50.57432432432432,1096.8397380276815,50.92204305509474,,69.98690090912592,36.69084139390875,0.0,0.0,0.2116385135135135,0.5986717334523886,Water Tank + DSM
2024-01-13 16:00:00,82.51551200837177,79.0,3.2,82.51551200837177,0.0,55.67567567567568,50.67567567567568,845.1373652144449,50.87231489520477,,57.10586592639048,29.937920412958295,0.0,0.0,0.2114864864864865,0.45376012384753456,Water Tank + DSM
2024-01-13 17:00:00,79.51166618433524,76.3,3.7,79.51166618433524,0.0,56.013513513513516,51.013513513513516,936.3210654029426,50.82267223722354,,55.02701780782612,28.84807809090279,0.0,0.0,0.21097972972972973,0.3257004567544295,Water Tank + DSM
2024-01-13 18:00:00,68.46585487653094,76.3,3.7,68.46585487653094,0.0,56.013513513513516,51.013513513513516,806.2467466484354,50.77311493414028,,47.38262944691183,24.84048470899359,0.0,0.0,0.21097972972972973,0.28045394186145045,Water Tank + DSM
2024-01-13 19:00:00,83.70667194328593,75.9,3.55,83.70667194328593,0.0,55.91216216216217,50.91216216216217,1000.4491832582491,50.72364283919694,,57.93022267925404,30.370091897599227,0.0,0.0,0.21113175675675674,0.37811212910918296,Water Tank + DSM
2024-01-13 20:00:00,102.23900039123053,80.4,3.5,102.23900039123053,0.0,55.87837837837837,50.87837837837837,996.0202860799371,50.67425580588784,,70.75574648555101,37.09391097885365,0.0,0.0,0.21118243243243245,0.47616705067303533,Water Tank + DSM
2024-01-13 21:00:00,113.64411090604625,81.7,2.9,113.64411090604625,0.0,55.472972972972975,50.472972972972975,1035.1389429855967,50.624953687959135,,78.64879224243433,41.23186374170998,0.0,0.0,0.21179054054054053,0.7205929883833835,Water Tank + DSM
2024-01-13 22:00:00,103.90642236567552,79.4,2.65,103.90642236567552,0.0,55.304054054054056,50.304054054054056,1030.1469652655082,50.57573633940853,,71.90970618837287,37.69887779237457,0.0,0.0,0.2120439189189189,0.7317298481060094,Water Tank + DSM
2024-01-13 23:00:00,81.00734243362935,78.7,2.25,125.60416342977102,44.59682099614167,54.31828700566404,50.03378378378378,1230.8759883378216,55.16615285442445,,56.06211878802497,73.98755386097807,0.0,0.0,0.21352256949150394,0.9020550746631163,Water Tank + DSM
2024-01-14 00:00:00,91.60112074132395,76.3,2.1,125.1293374321987,33.52821669087474,55.49950013338853,49.932432432432435,1437.2812864908663,58.597175052077255,,53.18041383889482,34.19623770154605,7.486093281615107,36.77128828238468,0.2117507497999172,0.47878322322962674,Water Tank + DSM
2024-01-14 01:00:00,93.73132467451222,83.3,1.1,132.91862226419028,39.18729758967806,56.481019925422196,49.25675675675675,1184.1468102336619,62.61103018783132,,54.41713589874934,34.99147862723062,7.660184004781516,42.50578751454392,0.2102784701118667,0.1694484554822607,Water Tank + DSM
2024-01-14 02:00:00,102.0579745579916,80.2,0.95,129.98030762178078,27.922333063789186,57.18462313365426,49.15540540540541,1349.2885643790733,65.44605433909777,,59.25129822243423,38.09995695553732,8.340678711031932,31.53562202027191,0.20922306529951862,0.0,Water Tank + DSM
2024-01-14 03:00:00,96.35768289480579,79.4,0.8,118.52494823760485,22.167265342799055,57.96979195876895,49.054054054054056,1321.3655736166131,67.67748626517601,,55.94190782199706,35.97194228601259,7.874822892045529,25.578739585590633,0.20804531206184657,0.0,Water Tank + DSM
2024-01-14 04:00:00,99.44620514948768,82.0,0.75,122.20047481904645,22.75426966955877,58.870379605104276,49.02027027027027,1262.2454623834108,69.96614950900967,,57.73499605416453,37.124939545356945,8.127232093087786,26.275090814471667,0.20669443059234358,0.0,Water Tank + DSM
2024-01-14 05:00:00,95.72204519190967,81.0,0.9,113.26923366975296,17.547188477843285,59.589857141682224,49.12162162162163,1263.9367227157077,71.70916867608204,,55.57287875534318,35.734648049824344,7.822875458447752,20.936158426363445,0.20561521428747667,0.0,Water Tank + DSM
2024-01-14 06:00:00,84.0724503356044,78.4,0.9,94.7413845048394,10.668934169234998,60.15281493517287,49.12162162162163,1240.4178391953255,72.73362450386314,,48.80953055064937,31.385658522088075,6.870813375783934,13.645458616812281,0.2047707775972407,0.0,Water Tank + DSM
2024-01-14 07:00:00,90.52277627678336,79.1,0.55,0.0,-90.52277627678336,79.1,48.88513513513513,0.0,58.98796079420377,,52.55436467682076,0.0,0.0,0.0,0.17635,0.0,Water Tank + DSM
2024-01-14 08:00:00,97.97086741846515,82.8,0.65,39.792528010054426,-58.17833940841072,53.9527027027027,48.9527027027027,329.5316829077211,52.87253543135628,,56.87846645656847,0.0,0.0,0.0,0.21407094594594595,1.0399535826450967,Water Tank + DSM
2024-01-14 09:00:00,113.77474104757361,80.3,0.9,89.94481090810274,-23.82993013947087,54.12162162162163,49.12162162162163,820.7939534542303,50.34067758581231,,66.05364393312995,31.970435653273277,0.0,0.0,0.21381756756756756,1.1407642830613498,Water Tank + DSM
2024-01-14 10:00:00,113.7321092954862,83.1,0.75,113.7321092954862,0.0,54.02027027027027,49.02027027027027,934.3153928177804,50.291949017650886,,66.0288934257089,42.45810763330677,9.294746313259445,4.026603274214087,0.2139695945945946,1.1804895405704456,Water Tank + DSM
2024-01-14 11:00:00,131.64421628598922,83.2,0.05,131.64421628598922,0.0,53.5472972972973,48.5472972972973,1060.5674060270696,50.24330423271405,,76.42803761491069,49.14499818033953,10.758611631892856,4.660768498993709,0.21467905405405405,1.5832997522115955,Water Tank + DSM
2024-01-14 12:00:00,122.85749740377845,85.7,-0.3,122.85749740377845,0.0,53.31081081081081,48.31081081081081,906.1547352075028,50.19474308694612,,71.32677528689209,45.86476836348763,10.040517828463177,4.349681056407142,0.2150337837837838,1.578827809728775,Water Tank + DSM
2024-01-14 13:00:00,124.95506576393315,81.5,-0.3,124.95506576393315,0.0,53.31081081081081,48.31081081081081,1058.9417203731027,50.14626543653902,,72.54455027201926,46.64782588132794,10.211941412384444,4.423943950845715,0.2150337837837838,1.6057834235887523,Water Tank + DSM
2024-01-14 14:00:00,123.33895684188934,84.1,-0.45,123.33895684188934,0.0,53.20945945945946,48.20945945945946,953.8400178793806,50.09787113793197,,71.60629383380684,46.04450526251298,10.079865057359974,4.366726780450313,0.2151858108108108,1.6285593584094178,Water Tank + DSM
2024-01-14 15:00:00,128.2895005959917,85.8,-1.0,128.2895005959917,0.0,52.83783783783784,47.83783783783784,929.7714339250779,50.0495600478111,,74.48040676430455,47.892626438292616,10.48444779650116,4.541997210348159,0.21574324324324323,1.8599971851410102,Water Tank + DSM
2024-01-14 16:00:00,143.9478762252105,83.5,-1.45,143.9478762252105,0.0,52.53378378378379,47.53378378378379,1110.4982945724632,50.001332023108844,,83.5711131799855,53.73816119489196,11.76412712411466,5.096370702302632,0.21619932432432432,2.239479965350149,Water Tank + DSM
2024-01-14 17:00:00,125.43735268905468,89.9,-3.25,103.73178465462775,-21.705568034426932,51.317567567567565,46.317567567567565,642.2779632288634,47.69534295937558,,72.82454922901324,39.81467889978468,0.0,0.0,0.21802364864864865,2.482923482497304,Water Tank + DSM
2024-01-14 18:00:00,124.496099640863,81.3,-1.5,124.496099640863,0.0,52.5,47.5,1032.6758809197242,47.65116274289926,,72.27809055880428,46.476486114800565,10.17443244761853,4.407694586393093,0.21625,1.9515084450877154,Water Tank + DSM
2024-01-14 19:00:00,106.23609790911613,83.5,-1.75,106.23609790911613,0.0,52.33108108108108,47.33108108108108,814.2375885174829,47.60705848927471,,61.676970824303545,39.65972061459678,8.682135462821456,3.7612123992986795,0.21650337837837838,1.7277886556592061,Water Tank + DSM
2024-01-14 20:00:00,120.18613933144105,86.3,-5.3,105.76019865152082,-14.425940679920235,49.932432432432435,44.932432432432435,694.718364713935,46.06239813797809,,69.7758780200349,44.518869707368715,0.0,0.0,0.22010135135135134,2.958874394957695,Water Tank + DSM
2024-01-14 21:00:00,129.49089447812662,86.1,-3.55,129.49089447812662,0.0,51.11486486486487,46.11486486486487,884.2120945892559,46.02102558419059,,75.17789412383013,48.34112696355022,10.58263160251617,4.584531693964012,0.2183277027027027,2.654592396561729,Water Tank + DSM
2024-01-14 22:00:00,145.7866434624304,86.6,-2.95,145.7866434624304,0.0,51.520270270270274,46.520270270270274,992.8011563587391,45.97972416579856,,84.63863726525187,54.42460390446701,11.914400209745107,5.161470929703418,0.21771959459459458,2.782781141437266,Water Tank + DSM
2024-01-14 23:00:00,148.89083369656407,89.5,-3.45,217.8732662451016,68.98243254853753,50.69380113286097,46.182432432432435,1341.4340911363904,53.11495489234664,,86.44082177947924,124.56588283237384,12.168089874986505,5.271372545333105,0.21895929830070854,3.2706780742819133,Water Tank + DSM
2024-01-15 00:00:00,155.4480370914585,86.5,-2.9,155.4480370914585,0.0,51.554054054054056,46.554054054054056,1062.6474822501489,53.06145627024349,,60.03694592476413,38.605146622920046,8.451272660224308,32.73961825207179,0.21766891891891893,1.9617477735956705,Water Tank + DSM
2024-01-15 01:00:00,141.57547075211477,90.2,-6.35,200.4570792692754,58.88160851716062,51.530124211886694,44.222972972972975,1238.5409548211937,59.13369049131134,,54.67910075195656,35.15992809467671,7.697060237703561,88.69946246377879,0.21770481368216996,1.7945273359136118,Water Tank + DSM
2024-01-15 02:00:00,133.45457040997061,87.1,-5.65,177.81295883849685,44.35838842852625,53.53025542855602,44.69594594594595,1265.5168545417996,63.68458806618555,,51.542656806930395,33.143122001241494,7.255549721893128,72.46586261069302,0.21470461685716596,1.0730391219218818,Water Tank + DSM
2024-01-15 03:00:00,143.51999257158744,84.6,-3.25,176.7139017793047,33.19390920771726,55.34843868716092,46.317567567567565,1443.3160255988073,67.06618510035311,,55.43011153028192,35.64284541776934,7.802778421075991,63.42130774070357,0.2119773419692586,0.5492773666186137,Water Tank + DSM
2024-01-15 04:00:00,165.2970552237734,93.2,-7.05,165.2970552237734,0.0,48.75,43.75,888.3704975327443,66.98869892643266,,63.84082135532949,41.051126618576795,8.986736080857364,34.813964765820344,0.221875,3.160120657088809,Water Tank + DSM
2024-01-15 05:00:00,175.89891397097617,92.9,-5.9,175.89891397097617,0.0,49.527027027027025,44.527027027027025,968.8236736467195,66.91134598116548,,67.93545794397492,43.68407277260538,9.563129328750732,37.046870466273724,0.22070945945945947,3.046079046731201,Water Tank + DSM
2024-01-15 06:00:00,173.7277782160068,88.1,-4.5,173.7277782160068,0.0,50.47297297297297,45.47297297297297,1102.9863457391496,66.83412603548007,,67.096924615698,43.14487642296257,9.445090782938717,36.589597688044314,0.21929054054054054,2.6276606423823363,Water Tank + DSM
2024-01-15 07:00:00,152.8269238141563,90.9,-3.85,16.388014721917187,-136.4389090922391,50.91216216216216,45.91216216216216,97.90372121204888,52.564784024727835,,59.02462284216715,0.0,0.0,0.0,0.21863175675675675,2.1559939938159163,Water Tank + DSM
2024-01-15 08:00:00,153.2265748370267,86.6,-4.25,108.58309506806742,-44.643479768959274,50.64189189189189,45.64189189189189,721.3834240814446,47.86844856788368,,59.17897555898358,34.0122160240616,0.0,0.0,0.21903716216216218,2.257597945986632,Water Tank + DSM
2024-01-15 09:00:00,151.70034170234499,88.2,-4.55,136.33758321619214,-15.362758486152845,50.43918918918919,45.43918918918919,862.5316818334159,46.22594578367049,,58.58951571188652,37.67441547505971,8.247521000354656,16.58754059109761,0.21934121621621622,2.306368368496288,Water Tank + DSM
2024-01-15 10:00:00,180.41738593496376,92.5,-7.55,180.41738593496376,0.0,48.41216216216216,43.41216216216216,977.598128348816,46.18429202832821,,69.68057651890348,44.806224431417675,9.808785943589625,37.99852640192639,0.22238175675675675,3.5904329495483642,Water Tank + DSM
2024-01-15 11:00:00,187.24689163301633,95.3,-6.6,187.24689163301633,0.0,49.05405405405405,44.05405405405405,967.2566533998539,46.14270989187542,,72.31825964413723,46.50231576694394,10.180086963973942,39.436919665606126,0.22141891891891893,3.447821892223193,Water Tank + DSM
2024-01-15 12:00:00,168.12562309253295,90.4,-5.3,168.12562309253295,0.0,49.932432432432435,44.932432432432435,992.493297048195,46.10119925117159,,64.93326729005254,41.75359465451664,9.140517362011604,35.40970231230849,0.22010135135135134,2.7535215237322275,Water Tank + DSM
2024-01-15 13:00:00,160.13204908236037,86.5,-5.6,160.13204908236037,0.0,49.729729729729726,44.729729729729726,1040.3565719313467,46.05975998328794,,61.84599916126958,39.76840974978663,8.70592922083164,33.726139325863336,0.2204054054054054,2.697822774224031,Water Tank + DSM
2024-01-15 14:00:00,178.69386060988924,92.7,-5.65,178.69386060988924,0.0,49.69594594594595,44.69594594594595,992.6611122486228,46.01839196550702,,69.01491872947395,44.37819105687162,9.715082718180374,37.63552689259507,0.22045608108108108,3.0245321816173494,Water Tank + DSM
2024-01-15 15:00:00,195.7099711495402,95.9,-6.5,195.7099711495402,0.0,49.12162162162162,44.12162162162162,999.4672465357671,45.97709507532247,,75.5868596007361,48.60410123641634,10.640200799295139,41.219367342606375,0.22131756756756757,3.573011282207769,Water Tank + DSM
2024-01-15 16:00:00,184.03168515284952,91.5,-6.75,184.03168515284952,0.0,48.95270270270271,43.95270270270271,1033.2880362273595,45.935869190438375,,71.07648662983306,45.70382696057339,10.005285228736701,38.759750402283,0.22157094594594595,3.4318417125458556,Water Tank + DSM
2024-01-15 17:00:00,177.64318215655527,90.4,-7.0,163.66242487707802,-13.98075727947726,48.78378378378379,43.78378378378379,939.4791935444558,44.44045574917852,,68.60912701497314,44.11725758673306,9.65796028515715,23.433481444341567,0.2218243243243243,3.38224453176516,Water Tank + DSM
2024-01-15 18:00:00,198.05520685151143,94.6,-7.15,198.05520685151143,0.0,48.682432432432435,43.682432432432435,1030.4054965831563,44.40187194064971,,76.49263359219046,49.18653488970614,10.76770466966045,41.71330810268489,0.22197635135135135,3.8173958899453955,Water Tank + DSM
2024-01-15 19:00:00,213.61872104553547,97.0,-7.15,213.61872104553547,0.0,48.682432432432435,43.682432432432435,1056.1729098640008,44.36335447258645,,82.5035545246701,53.05169625597475,11.61384917213224,44.991210628229524,0.22197635135135135,4.117373335940629,Water Tank + DSM
2024-01-15 20:00:00,191.32892062329927,94.5,-7.15,191.32892062329927,0.0,48.682432432432435,43.682432432432435,997.5837553274396,44.32490323092381,,73.89481576114208,47.51607786157987,10.40201540160049,40.29665436111163,0.22197635135135135,3.687750737917536,Water Tank + DSM
2024-01-15 21:00:00,181.04406174426282,88.7,-6.9,181.04406174426282,0.0,48.851351351351354,43.851351351351354,1085.3541279593005,44.28651810179304,,69.92261046400314,44.961857863371485,9.842856545142714,38.13051344498045,0.22172297297297297,3.418648711604909,Water Tank + DSM
2024-01-15 22:00:00,180.9820408627817,94.4,-7.2,180.9820408627817,0.0,48.648648648648646,43.648648648648646,945.0011368690093,44.24819897152119,,69.8986568369432,44.94645512643083,9.839484644217933,38.11745094498791,0.22202702702702704,3.5024894533971014,Water Tank + DSM
2024-01-15 23:00:00,196.93671112836014,95.1,-8.3,196.93671112836014,0.0,47.9054054054054,42.9054054054054,996.862357777903,44.209945726630714,,76.06064957679627,48.90875916350666,10.706895202377922,41.47773663019983,0.2231418918918919,4.15044463501491,Water Tank + DSM
2024-01-16 00:00:00,213.55117902476172,94.3,-9.95,213.55117902476172,0.0,46.79054054054054,41.79054054054054,1073.798171948147,44.17175825383922,,70.5702150082191,45.378282583150806,9.934018453778572,42.00221024492762,0.2248141891891892,4.322902495030502,Water Tank + DSM
2024-01-16 01:00:00,222.4080901057387,100.4,-10.75,222.4080901057387,0.0,46.25,41.25,981.1895082969644,44.133636440059014,,73.49707367576478,47.26032048938878,10.346026097677832,43.744227512370045,0.225625,4.740561252086829,Water Tank + DSM
2024-01-16 02:00:00,245.85775161270615,98.5,-10.8,245.85775161270615,0.0,46.21621621621622,41.21621621621622,1123.3566786789734,44.09558017239695,,81.24625896227997,52.243226091698844,11.436862360951588,48.35641283153341,0.22567567567567567,5.256852539343194,Water Tank + DSM
2024-01-16 03:00:00,225.7345821341822,100.8,-11.05,225.7345821341822,0.0,46.0472972972973,41.0472972972973,984.9026628208267,44.05758933815398,,74.59634767060967,47.967179126117756,10.500768550273113,44.398496986295825,0.22592905405405406,4.902189712461821,Water Tank + DSM
2024-01-16 04:00:00,227.16282425430134,95.2,-10.8,227.16282425430134,0.0,46.21621621621622,41.21621621621622,1107.862101716385,44.01966382482472,,75.06832517951827,48.27067159485476,10.567207816225759,44.67941009613611,0.22567567567567567,4.857123526480182,Water Tank + DSM
2024-01-16 05:00:00,204.4002351569959,99.1,-11.3,204.4002351569959,0.0,45.87837837837838,40.87837837837838,917.4746301850273,43.981803520097344,,67.54619013874508,43.43376455880462,9.508332931146375,40.202361281186406,0.22618243243243244,4.507339012231394,Water Tank + DSM
2024-01-16 06:00:00,211.88064439430966,94.5,-10.0,211.88064439430966,0.0,46.75675675675676,41.75675675675676,1060.1813090917751,43.94400831185307,,70.01816941152394,45.023304479673314,9.856308174105227,41.67364195001063,0.22486486486486487,4.30327884437312,Water Tank + DSM
2024-01-16 07:00:00,215.08395713117056,96.6,-9.7,215.08395713117056,0.0,46.95945945945946,41.95945945945946,1035.0761270041598,43.9062780881659,,71.07673752438194,45.703988291578774,10.005320546626526,42.30368396461493,0.2245608108108108,4.281893187617496,Water Tank + DSM
2024-01-16 08:00:00,208.0922615848962,99.2,-9.55,208.0922615848962,0.0,47.06081081081081,42.06081081081081,953.4379471419514,43.868612737302264,,68.76625878937398,44.21829695668145,9.680079389461865,40.928525711477455,0.2244087837837838,4.100885135641993,Water Tank + DSM
2024-01-16 09:00:00,191.5737167690898,92.4,-9.3,191.5737167690898,0.0,47.229729729729726,42.229729729729726,1013.1739431541787,43.8310121477208,,63.30753332319805,40.70821006351947,8.911666263488152,37.67958372266591,0.2241554054054054,3.7111902642707193,Water Tank + DSM
2024-01-16 10:00:00,182.5139670555608,92.0,-8.95,182.5139670555608,0.0,47.46621621621622,42.46621621621622,979.0554394463761,43.79347620807181,,60.31364451338605,38.7830702234558,8.490222929614653,35.897671236994526,0.2238006756756757,3.4501034760157183,Water Tank + DSM
2024-01-16 11:00:00,189.68978019749056,96.2,-8.2,189.68978019749056,0.0,47.972972972972975,42.972972972972975,939.6242547300299,43.756004807197094,,62.684966828708276,40.3078853895693,8.824028907639862,37.30904257028368,0.22304054054054054,3.3951533385062524,Water Tank + DSM
2024-01-16 12:00:00,207.4662890829942,93.5,-7.8,207.4662890829942,0.0,48.24324324324324,43.24324324324324,1095.1280100685096,43.71859783412961,,68.55939964558374,44.085281736581464,9.650960269568214,40.80540661303697,0.22263513513513514,3.6021479165139136,Water Tank + DSM
2024-01-16 13:00:00,188.9589578068845,96.0,-7.7,188.9589578068845,0.0,48.31081081081081,43.31081081081081,946.5603799701967,43.68125517809304,,62.44345894533616,40.15259022748935,8.790032358672677,37.1653011222518,0.2225337837837838,3.2554981704203647,Water Tank + DSM
2024-01-16 14:00:00,186.1105569862606,90.9,-7.2,186.1105569862606,0.0,48.648648648648646,43.648648648648646,1052.2796727107377,43.64397672850156,,61.50217517786181,39.54732296584916,8.657529852973306,36.60506478604408,0.22202702702702704,3.081757642696103,Water Tank + DSM
2024-01-16 15:00:00,177.57623182635268,92.2,-6.75,177.57623182635268,0.0,48.95270270270271,43.95270270270271,980.9043041929119,43.60676237495953,,58.681918393351516,37.73383253919181,8.260528328485156,34.9264951742909,0.22157094594594595,2.8333850597222265,Water Tank + DSM
2024-01-16 16:00:00,185.23331052088665,93.1,-6.35,185.23331052088665,0.0,49.222972972972975,44.222972972972975,1008.5157178587954,43.56961200726113,,61.212279931395095,39.360913608698326,8.616721918241527,36.43252398976506,0.22116554054054055,2.856297332474422,Water Tank + DSM
2024-01-16 17:00:00,170.9564946411454,92.7,-6.85,170.9564946411454,0.0,48.88513513513513,43.88513513513513,932.1051418868082,43.532525515389935,,56.49435717926048,36.32718001688616,7.95259000823178,33.624495371297535,0.22167229729729732,2.750664444822644,Water Tank + DSM
2024-01-16 18:00:00,193.5891014397951,88.8,-7.25,193.5891014397951,0.0,48.61486486486487,43.61486486486487,1150.8434410325133,43.49550278951872,,63.97353821338623,41.13646663189183,9.005418349529913,38.0759786807736,0.2220777027027027,3.2185605779518482,Water Tank + DSM
2024-01-16 19:00:00,197.85492600330187,99.6,-7.65,197.85492600330187,0.0,48.3445945945946,43.3445945945946,922.1635891198188,43.458543720009146,,65.38322444414737,42.04292752513986,9.203856869644776,38.91500031953314,0.22248310810810812,3.395509885660247,Water Tank + DSM
2024-01-16 20:00:00,206.68564654972445,94.5,-8.15,206.68564654972445,0.0,48.00675675675676,43.00675675675676,1061.992014869088,43.42164819741131,,68.30142817631351,43.91940010748948,9.61464617677453,40.651866314368206,0.22298986486486486,3.68550814470297,Water Tank + DSM
2024-01-16 21:00:00,187.6686487756225,91.8,-8.75,187.6686487756225,0.0,47.601351351351354,42.601351351351354,1014.3399061823211,43.38481611246356,,62.01706286464466,39.87840767271446,8.730009493024403,36.91151731520612,0.22359797297297296,3.4972595045157036,Water Tank + DSM
2024-01-16 22:00:00,190.70703191354073,95.1,-8.45,190.70703191354073,0.0,47.804054054054056,42.804054054054056,963.260090251573,43.34804735609206,,63.021128270883295,40.52404498203761,8.871349635933328,37.50912023150136,0.22329391891891892,3.4772333341894113,Water Tank + DSM
2024-01-16 23:00:00,208.53285088235867,95.4,-8.5,208.53285088235867,0.0,47.770270270270274,42.770270270270274,1045.9168012514906,43.31134181941055,,68.91185611922361,44.31191941165767,9.700574814640586,41.01518280411536,0.2233445945945946,3.8162268429267328,Water Tank + DSM
2024-01-17 00:00:00,214.49635349666033,96.1,-8.05,214.49635349666033,0.0,48.07432432432432,43.07432432432432,1066.957709290231,43.274699393720006,,68.30466038742743,43.92147849409038,9.61510116823018,59.627760655411706,0.22288851351351352,3.657991474532094,Water Tank + DSM
2024-01-17 01:00:00,211.4726606783035,96.7,-8.65,211.4726606783035,0.0,47.66891891891892,42.66891891891892,1030.3470604458787,43.23811997050824,,67.34178942152552,43.30233016392418,9.479559878710752,58.78720542578037,0.22349662162162162,3.770230183424057,Water Tank + DSM
2024-01-17 02:00:00,188.51226874150692,95.0,-9.25,188.51226874150692,0.0,47.263513513513516,42.263513513513516,943.387126154787,43.201603441449635,,60.03023494500834,38.60083130751775,8.450327969936355,52.404454704644834,0.22410472972972972,3.506901427936094,Water Tank + DSM
2024-01-17 03:00:00,184.99359708302464,90.2,-8.2,184.99359708302464,0.0,47.972972972972975,42.972972972972975,1046.5668319079214,43.165149698404875,,58.90974189825246,37.880328328998814,8.292598556719929,51.426300493364835,0.22304054054054054,3.1906789936242674,Water Tank + DSM
2024-01-17 04:00:00,173.33713962354068,95.9,-8.8,173.33713962354068,0.0,47.567567567567565,42.567567567567565,856.7492820323936,43.12875863342057,,55.197835587906056,35.493486607552136,7.770081432726702,48.185926267166536,0.22364864864864864,3.12389912759663,Water Tank + DSM
2024-01-17 05:00:00,206.19865749784054,92.1,-9.45,206.19865749784054,0.0,47.12837837837837,42.12837837837837,1095.3377647352238,43.09243013872888,,65.66232499123933,42.22239564059871,9.243145257599217,57.321087264730046,0.22430743243243245,3.8891617626567863,Water Tank + DSM
2024-01-17 06:00:00,201.7204578171957,99.7,-10.4,201.7204578171957,0.0,46.486486486486484,41.486486486486484,905.5840948871821,43.05616410674738,,64.23627786574218,41.3054143131341,9.04240364927343,56.076194219362776,0.22527027027027027,4.052093852395736,Water Tank + DSM
2024-01-17 07:00:00,225.020131830914,95.5,-10.5,225.020131830914,0.0,46.41891891891892,41.41891891891892,1095.2368075228499,43.0199604300785,,71.65587402530848,46.07638647387425,10.08684435503197,62.55326183748777,0.2253716216216216,4.549179677985125,Water Tank + DSM
2024-01-17 08:00:00,210.08327901395631,98.6,-10.5,210.08327901395631,0.0,46.41891891891892,41.41891891891892,961.7876382140926,42.98381900150942,,66.89935186403468,43.01783256806338,9.417278888632335,58.40097173933217,0.2253716216216216,4.247204798070743,Water Tank + DSM
2024-01-17 09:00:00,213.56762717508033,96.0,-10.75,213.56762717508033,0.0,46.25,41.25,1025.5175887804062,42.947739714011604,,68.0089148656306,43.731307274415975,9.573469702734291,59.36958437448758,0.225625,4.386575008833174,Water Tank + DSM
2024-01-17 10:00:00,202.2185247590801,96.6,-10.9,202.2185247590801,0.0,46.14864864864865,41.14864864864865,957.5223290820994,42.91172246074057,,64.3948833280777,41.40740129855357,9.064730201481433,56.21465166125826,0.225777027027027,4.19262902533349,Water Tank + DSM
2024-01-17 11:00:00,213.71911610839527,95.8,-10.8,213.71911610839527,0.0,46.21621621621622,41.21621621621622,1029.6852230867082,42.87576713503548,,68.05715531342307,43.76232699954518,9.580260407545564,59.4116967260982,0.22567567567567567,4.403481887036075,Water Tank + DSM
2024-01-17 12:00:00,210.49898324930732,99.0,-10.65,210.49898324930732,0.0,46.31756756756757,41.31756756756757,954.5198396683709,42.839873630418964,,67.03172957654301,43.102954502936534,9.435913416510331,58.51653320340777,0.22552364864864866,4.296371532183018,Water Tank + DSM
2024-01-17 13:00:00,221.60874981453293,95.5,-10.3,221.60874981453293,0.0,46.554054054054056,41.554054054054056,1081.6106465080175,42.80404184059671,,70.56954651305865,45.377852725280995,9.933924351142506,61.60493303347333,0.2251689189189189,4.422994009831973,Water Tank + DSM
2024-01-17 14:00:00,210.45906515627985,98.3,-10.1,210.45906515627985,0.0,46.689189189189186,41.689189189189186,974.1542532280326,42.76827165945716,,67.01901797682066,43.094780649927614,9.43412403176488,58.50543638773673,0.2249662162162162,4.14612249051196,Water Tank + DSM
2024-01-17 15:00:00,214.52484136018154,96.1,-10.7,214.52484136018154,0.0,46.28378378378378,41.28378378378378,1028.7447403328138,42.732562981071155,,68.3137321213346,43.927311829084616,9.616378176838287,59.635679985880195,0.22557432432432434,4.392388343693379,Water Tank + DSM
2024-01-17 16:00:00,208.36776987931495,96.6,-10.5,208.36776987931495,0.0,46.41891891891892,41.41891891891892,991.9534819783312,42.69691569969175,,66.35306160351035,42.66655527903133,9.340378775340403,57.92407800004462,0.2253716216216216,4.212522748828265,Water Tank + DSM
2024-01-17 17:00:00,212.22360057769538,96.8,-10.15,212.22360057769538,0.0,46.6554054054054,41.6554054054054,1011.0446372875107,42.66132970975382,,67.58092026903492,43.45609683689472,9.513221817416046,58.99595892605018,0.2250168918918919,4.194583335076722,Water Tank + DSM
2024-01-17 18:00:00,205.71631127350236,96.8,-9.95,205.71631127350236,0.0,46.79054054054054,41.79054054054054,982.6918267228285,42.62580490587365,,65.50872566656321,42.12362771763117,9.221523408698193,57.187000019194066,0.2248141891891892,4.0128520736017705,Water Tank + DSM
2024-01-17 19:00:00,212.53254786999835,94.9,-10.35,212.53254786999835,0.0,46.520270270270274,41.520270270270274,1049.4525007248874,42.590341182848796,,67.67930208082035,43.51935862029331,9.527070814952456,59.08184306766971,0.2252195945945946,4.255564764622392,Water Tank + DSM
2024-01-17 20:00:00,210.42327495592784,98.7,-10.45,210.42327495592784,0.0,46.4527027027027,41.4527027027027,962.1232769547308,42.554938435657675,,67.00762087173989,43.08745204741557,9.43251968562283,58.49548708339841,0.22532094594594596,4.240495791112944,Water Tank + DSM
2024-01-17 21:00:00,223.80185743579304,96.4,-10.4,223.80185743579304,0.0,46.486486486486484,41.486486486486484,1071.1402051109676,42.5195965594593,,71.26792421888564,45.82692576382988,10.032233489304899,62.21459419647344,0.22527027027027027,4.495657706131867,Water Tank + DSM
2024-01-17 22:00:00,218.98675261932533,98.4,-10.55,218.98675261932533,0.0,46.38513513513514,41.38513513513514,1005.7525558918809,42.48431544959295,,69.73459232835626,44.84095784784584,9.816389633727697,60.87604501907903,0.2254222972972973,4.441339643831662,Water Tank + DSM
2024-01-17 23:00:00,227.44586869726916,97.6,-10.85,227.44586869726916,0.0,46.18243243243243,41.18243243243243,1056.7379428268048,42.4490950015778,,72.42833066685336,46.57309398368094,10.19558142676906,63.22759151686055,0.22572635135135136,4.700990164768876,Water Tank + DSM
2024-01-18 00:00:00,219.89745656085836,98.7,-10.7,219.89745656085836,0.0,46.28378378378378,41.28378378378378,1002.2021150008859,42.41393511111271,,64.21643708613455,41.292656232354545,9.039610705100925,55.14408791969865,0.22557432432432434,4.128943346700381,Water Tank + DSM
2024-01-18 01:00:00,212.1640333245783,96.6,-10.75,212.1640333245783,0.0,46.25,41.25,1006.6374049810826,42.37883567407587,,61.95805313536071,39.84046305018085,8.721702819456937,53.20476321112184,0.225625,3.996294427230766,Water Tank + DSM
2024-01-18 02:00:00,213.2636747593312,95.5,-10.55,213.2636747593312,0.0,46.38513513513514,41.38513513513514,1037.3007951937027,42.343796586524526,,62.2791803376327,40.046955278214135,8.766907209907053,53.48052230768681,0.2254222972972973,3.9665104990711204,Water Tank + DSM
2024-01-18 03:00:00,219.55632664540843,99.3,-11.4,219.55632664540843,0.0,45.810810810810814,40.810810810810814,980.5747758631103,42.308817744694544,,64.11681725379863,41.22859837307073,9.025587434055597,55.058542146028444,0.22628378378378378,4.304491190768534,Water Tank + DSM
2024-01-18 04:00:00,245.76708188563708,99.0,-12.7,245.76708188563708,0.0,44.932432432432435,39.932432432432435,1085.894559538397,42.27389904500033,,71.77111822293413,46.150491161883444,10.103067034611037,61.63146124211109,0.22760135135135134,5.196616911330825,Water Tank + DSM
2024-01-18 05:00:00,247.73375381633298,103.1,-12.45,247.73375381633298,0.0,45.101351351351354,40.101351351351354,1020.3944426392202,42.239040384034304,,72.34544348472565,46.519795605991796,10.18391357515854,62.12464716409325,0.22734797297297296,5.164878080132508,Water Tank + DSM
2024-01-18 06:00:00,236.50579376718406,100.4,-12.8,236.50579376718406,0.0,44.86486486486487,39.86486486486487,1017.3601616456593,42.20424165856666,,69.06655339941783,44.41139334545085,9.72235122039505,59.308991058776826,0.2277027027027027,5.028791752919771,Water Tank + DSM
2024-01-18 07:00:00,215.77717815460977,95.7,-11.7,215.77717815460977,0.0,45.608108108108105,40.608108108108105,1029.055624340169,42.16950276554518,,63.01319625201879,40.51894451021042,8.870233062577748,54.1108381575536,0.22658783783783784,4.307037116793394,Water Tank + DSM
2024-01-18 08:00:00,203.4664120472288,97.3,-11.6,203.4664120472288,0.0,45.67567567567568,40.67567567567568,941.5407524944121,42.1348236020948,,59.418095382819075,38.207211392513734,8.364158391079782,51.02364479387602,0.22648648648648648,4.037218697092085,Water Tank + DSM
2024-01-18 09:00:00,225.31641459773405,96.9,-11.95,225.31641459773405,0.0,45.43918918918919,40.43918918918919,1045.9645923244282,42.1002040655173,,65.79893005030907,42.3102358572118,9.26237486002455,56.503009951322646,0.22684121621621622,4.564133891192382,Water Tank + DSM
2024-01-18 10:00:00,237.41255487821735,101.5,-11.9,237.41255487821735,0.0,45.47297297297297,40.47297297297297,1012.2945055053426,42.06564405329108,,69.33135395122734,44.581666232770054,9.759626628553294,59.536381203306064,0.22679054054054054,4.795106344897049,Water Tank + DSM
2024-01-18 11:00:00,243.7211648304883,100.5,-11.7,243.7211648304883,0.0,45.608108108108105,40.608108108108105,1060.6835213681566,42.03114346307081,,71.17365108570489,45.766305955926825,10.018962861680992,61.118402875133974,0.22658783783783784,4.864815232317506,Water Tank + DSM
2024-01-18 12:00:00,233.2165696703397,98.3,-11.45,233.2165696703397,0.0,45.777027027027025,40.777027027027025,1060.7447195764817,41.99670219268707,,68.10600453459391,43.79373818005524,9.587136808085187,58.484146307860954,0.22633445945945946,4.586111089133535,Water Tank + DSM
2024-01-18 13:00:00,222.40251522561528,98.3,-10.85,222.40251522561528,0.0,46.18243243243243,41.18243243243243,1019.4274706639816,41.96232014014619,,64.94798689420574,41.76305970087789,9.1425894092524,55.772286069026165,0.22572635135135136,4.215475419633383,Water Tank + DSM
2024-01-18 14:00:00,224.91845693660588,97.3,-10.75,224.91845693660588,0.0,46.25,41.25,1052.5194374261198,41.92799720362981,,65.68271486752131,42.23550680325638,9.246015496937893,56.40321337978978,0.225625,4.236535108955125,Water Tank + DSM
2024-01-18 15:00:00,224.45437827282464,98.3,-9.9,224.45437827282464,0.0,46.82432432432432,41.82432432432432,1041.6619521473513,41.89373328149466,,65.54719043362466,42.14836145365573,9.226938011810345,56.28683552332228,0.2247635135135135,4.001921707825896,Water Tank + DSM
2024-01-18 16:00:00,231.0814761989122,97.9,-10.15,231.0814761989122,0.0,46.6554054054054,41.6554054054054,1077.2533356915799,41.85952827227225,,67.48249529658233,43.392807300187606,9.4993667442447,57.94872500764874,0.2250168918918919,4.188474336448685,Water Tank + DSM
2024-01-18 17:00:00,225.30716463713347,99.0,-10.7,225.30716463713347,0.0,46.28378378378378,41.28378378378378,1021.013648671061,41.82538207466851,,65.7962287934494,42.308498886492735,9.261994609865342,56.50069032176171,0.22557432432432434,4.230519683773409,Water Tank + DSM
2024-01-18 18:00:00,217.28340115345551,97.2,-10.85,217.28340115345551,0.0,46.18243243243243,41.18243243243243,1017.4371201273403,41.79129458756357,,63.45305706694502,40.8017852009275,8.932151330108354,54.488556457592395,0.22572635135135136,4.118446393142393,Water Tank + DSM
2024-01-18 19:00:00,216.80630397032246,96.0,-10.7,216.80630397032246,0.0,46.28378378378378,41.28378378378378,1041.7766371086072,41.75726571001143,,63.313730847698125,40.71219521530124,8.912538675776315,54.368913923183875,0.22557432432432434,4.07090177531551,Water Tank + DSM
2024-01-18 20:00:00,231.50984220144394,98.9,-10.65,231.50984220144394,0.0,46.31756756756757,41.31756756756757,1051.7912717269744,41.72329534123963,,67.6075905972813,43.473246475614246,9.516976142564937,58.05614713464766,0.22552364864864866,4.333281110850068,Water Tank + DSM
2024-01-18 21:00:00,244.76998038420572,101.0,-10.75,244.76998038420572,0.0,46.25,41.25,1068.0087370347592,41.689383380648934,,71.47993565612971,45.963254027942455,10.062077886544577,61.381416272425064,0.225625,4.610455849820367,Water Tank + DSM
2024-01-18 22:00:00,249.90359695310104,99.2,-10.2,249.90359695310104,0.0,46.62162162162162,41.62162162162162,1135.444982870484,41.6555297278132,,72.97910063319058,46.92725182729602,10.273112138681213,62.66878270152625,0.22506756756756757,4.54442832051003,Water Tank + DSM
2024-01-18 23:00:00,233.91060546999157,99.8,-9.85,233.91060546999157,0.0,46.85810810810811,41.85810810810811,1055.482974331326,41.62173428247884,,68.30868312379138,43.924065206734795,9.615667440236995,58.658190936452776,0.22471283783783783,4.156675677113952,Water Tank + DSM
2024-01-19 00:00:00,212.54417751333182,96.3,-9.6,212.54417751333182,0.0,47.02702702702703,42.02702702702703,1030.4839247380753,41.58799694456468,,72.92141920156897,46.89016133092128,10.264992446738901,49.11496086180791,0.22445945945945944,4.363460057088476,Water Tank + DSM
2024-01-19 01:00:00,188.70868585061663,93.2,-9.2,188.70868585061663,0.0,47.2972972972973,42.2972972972973,982.0970559729772,41.55431761416164,,64.74374103721026,41.631724884707936,9.113838156159794,43.60702715206055,0.22405405405405404,3.7691356268689424,Water Tank + DSM
2024-01-19 02:00:00,196.16970358567488,93.3,-9.1,196.16970358567488,0.0,47.36486486486486,42.36486486486486,1020.2056244860472,41.520696191532394,,67.30352888128985,43.27772775047828,9.47417402417271,45.33112798763228,0.2239527027027027,3.8908715750561895,Water Tank + DSM
2024-01-19 03:00:00,187.788006071491,97.8,-8.7,187.788006071491,0.0,47.63513513513513,42.63513513513513,894.2706552307062,41.48713257711113,,64.42786658273447,41.42861029515579,9.069373183798943,43.39427537571431,0.2235472972972973,3.620149584473109,Water Tank + DSM
2024-01-19 04:00:00,208.56463197536905,91.0,-9.0,208.56463197536905,0.0,47.432432432432435,42.432432432432435,1143.6104786083376,41.45362667150324,,71.55608371319826,46.01221899214742,10.072797085912896,48.19536275457411,0.22385135135135134,4.107705994779272,Water Tank + DSM
2024-01-19 05:00:00,191.1967756556772,98.7,-9.15,191.1967756556772,0.0,47.33108108108108,42.33108108108108,889.1620411726091,41.420178375485,,65.59737552303186,42.1806316283791,9.23400245966866,44.18197789795218,0.2240033783783784,3.8055342313564298,Water Tank + DSM
2024-01-19 06:00:00,223.89010003133,93.5,-9.1,223.89010003133,0.0,47.36486486486486,42.36486486486486,1159.3214446177765,41.386787590003216,,76.81407239886283,49.39322748658531,10.812952923996534,51.736790106589886,0.2239527027027027,4.440683807058584,Water Tank + DSM
2024-01-19 07:00:00,209.60670118330557,99.4,-9.0,209.60670118330557,0.0,47.432432432432435,42.432432432432435,963.5484334318435,41.353454216175074,,71.9136054596795,46.242113754967086,10.123124658625523,48.43616534423756,0.22385135135135134,4.128229675577276,Water Tank + DSM
2024-01-19 08:00:00,221.63649493848288,94.9,-8.95,221.63649493848288,0.0,47.46621621621622,42.46621621621622,1116.2315145543985,41.320178155287834,,76.04088687285619,48.8960512871895,10.7041132487504,51.216024366365296,0.2238006756756757,4.349744245037841,Water Tank + DSM
2024-01-19 09:00:00,225.1172307137785,96.5,-8.8,225.1172307137785,0.0,47.567567567567565,42.567567567567565,1099.0379995772132,41.28695930879839,,77.2350865708663,49.66394934943438,10.87221818985264,52.02035692147947,0.22364864864864864,4.371088412956596,Water Tank + DSM
2024-01-19 10:00:00,222.20136891051777,100.3,-8.85,222.20136891051777,0.0,47.53378378378378,42.53378378378378,1005.985111978159,41.253797578333106,,76.23468852008422,49.02067023460194,10.731394292739164,51.3465561144138,0.22369932432432432,4.329924268242081,Water Tank + DSM
2024-01-19 11:00:00,212.62790030744202,94.1,-8.75,212.62790030744202,0.0,47.601351351351354,42.601351351351354,1092.397493613351,41.22069286568744,,72.95014351214508,46.90863172784691,10.26903590659377,49.13430762446249,0.22359797297297296,4.113796606434882,Water Tank + DSM
2024-01-19 12:00:00,186.36490363204584,94.0,-8.7,186.36490363204584,0.0,47.63513513513513,42.63513513513513,960.2314072105413,41.187645072825774,,63.939616795007176,41.11465437428929,9.000643303908802,43.06542317456987,0.2235472972972973,3.5927152247789187,Water Tank + DSM
2024-01-19 13:00:00,181.5765534761085,93.5,-8.95,181.5765534761085,0.0,47.46621621621622,42.46621621621622,942.2884566632949,41.154654101881036,,62.2967899103088,40.05827864126428,8.769386071844872,41.95892553604133,0.2238006756756757,3.5635447525721236,Water Tank + DSM
2024-01-19 14:00:00,182.06065230862913,93.0,-9.05,182.06065230862913,0.0,47.398648648648646,42.398648648648646,953.7601168454363,41.12171985515438,,62.4628785527465,40.165077484792135,8.792766015334443,42.0707916689586,0.22390202702702702,3.5983682604102487,Water Tank + DSM
2024-01-19 15:00:00,181.59004819437385,94.1,-8.8,181.59004819437385,0.0,47.567567567567565,42.567567567567565,932.2600298846608,41.088842235114996,,62.30141979017259,40.0612557612399,8.770037810145517,41.96204391155835,0.22364864864864864,3.525923595692471,Water Tank + DSM
2024-01-19 16:00:00,176.0960508897453,93.2,-8.45,176.0960508897453,0.0,47.804054054054056,42.804054054054056,926.6875373739538,41.056021144399715,,60.41649362926668,38.849204586845715,8.504700780007965,40.692484492200535,0.22329391891891892,3.333520857949943,Water Tank + DSM
2024-01-19 17:00:00,173.14150759237995,91.1,-8.05,173.14150759237995,0.0,48.07432432432432,43.07432432432432,961.3339313789888,41.02325648581283,,59.40282441067399,38.197391803764596,8.362008728944295,40.0097451195564,0.22288851351351352,3.181262069452717,Water Tank + DSM
2024-01-19 18:00:00,177.86529519942854,92.8,-7.6,177.86529519942854,0.0,48.37837837837837,43.37837837837837,956.5277742637784,40.99054816232571,,61.023500640636406,39.23952415280823,8.59014786064698,41.101323567642254,0.22243243243243244,3.156729195302112,Water Tank + DSM
2024-01-19 19:00:00,176.84886401066612,93.8,-7.25,176.84886401066612,0.0,48.61486486486487,43.61486486486487,934.9910743275914,40.95789607707652,,60.67477499840776,39.01528548873162,8.541058496744636,40.86644544188575,0.2220777027027027,3.0525971259334046,Water Tank + DSM
2024-01-19 20:00:00,174.18715024913195,90.2,-6.8,174.18715024913195,0.0,48.91891891891892,43.91891891891892,1008.0122914841378,40.92530013337012,,59.76157216561201,38.42807491841505,8.41250888424906,40.25137346601435,0.22162162162162163,2.8976286612191333,Water Tank + DSM
2024-01-19 21:00:00,180.67534800234935,91.6,-6.65,180.67534800234935,0.0,49.020270270270274,44.020270270270274,1013.6704244849916,40.89276023467744,,61.98759686203244,39.859460350632794,8.725861626765603,41.75067390529811,0.2214695945945946,2.967865617326768,Water Tank + DSM
2024-01-19 22:00:00,176.31364687406565,95.2,-6.7,176.31364687406565,0.0,48.986486486486484,43.986486486486484,911.4182409781564,40.860276284635496,,60.49114826424584,38.8972092460611,8.515209753538182,40.74276683057657,0.22152027027027027,2.908479804380902,Water Tank + DSM
2024-01-19 23:00:00,194.40020343671372,89.1,-6.85,194.40020343671372,0.0,48.88513513513513,43.88513513513513,1154.8109078844209,40.827848187046946,,66.69643409445881,42.887351742861355,9.388714587569464,44.92222979254651,0.22167229729729732,3.247395297869395,Water Tank + DSM
2024-01-20 00:00:00,175.79138565665872,96.3,-6.65,175.79138565665872,0.0,49.020270270270274,44.020270270270274,888.2257924858573,40.79547584587986,,65.20199916382393,41.92639547290266,9.178346173966514,33.698597146244154,0.2214695945945946,3.1217659869922714,Water Tank + DSM
2024-01-20 01:00:00,188.02890887902177,90.2,-6.5,188.02890887902177,0.0,49.12162162162162,44.12162162162162,1093.483189671556,40.76315916526736,,69.74096434651045,44.84505520308831,9.817286609114895,36.044487780178066,0.22131756756756757,3.2966742335688317,Water Tank + DSM
2024-01-20 02:00:00,181.913902291901,91.9,-6.3,181.913902291901,0.0,49.25675675675676,44.25675675675676,1019.0991479545562,40.73089804950751,,67.47287451440141,43.38662091443795,9.498012447283665,34.87226228826184,0.22111486486486487,3.134753278115027,Water Tank + DSM
2024-01-20 03:00:00,206.29115324411418,94.6,-6.5,206.29115324411418,0.0,49.12162162162162,44.12162162162162,1083.6184954770788,40.69869240306288,,76.5145319896255,49.200616066401004,10.770787260300176,39.54529650039311,0.22131756756756757,3.616862606752838,Water Tank + DSM
2024-01-20 04:00:00,213.46281352967046,97.3,-8.0,213.46281352967046,0.0,48.10810810810811,43.10810810810811,1036.6436212778783,40.66654213056028,,79.1745405343864,50.91106316371674,11.14523098231216,40.92007883076678,0.22283783783783784,4.224068730131855,Water Tank + DSM
2024-01-20 05:00:00,203.95782701723172,94.6,-7.8,203.95782701723172,0.0,48.24324324324324,43.24324324324324,1051.061451679168,40.63444713679051,,75.64908836094132,48.64411577038173,10.648960608970684,39.098005979092754,0.22263513513513514,3.9746439938829714,Water Tank + DSM
2024-01-20 06:00:00,188.90060147870028,93.3,-8.8,188.90060147870028,0.0,47.567567567567565,42.567567567567565,986.7560898442154,40.60240732670816,,70.06427996259164,45.0529546318823,9.862799057903258,36.21158821938446,0.22364864864864864,3.965259520045052,Water Tank + DSM
2024-01-20 07:00:00,185.06991019970764,94.2,-9.6,185.06991019970764,0.0,47.02702702702703,42.02702702702703,937.2238735114285,40.570422605431055,,68.64345533778565,44.139331493309804,9.662792609846358,35.47725802612613,0.22445945945945944,4.107475949131279,Water Tank + DSM
2024-01-20 08:00:00,209.93244747607412,94.3,-9.35,209.93244747607412,0.0,47.195945945945944,42.195945945945944,1064.687262290132,40.53849287824033,,77.86510820006164,50.0690678476534,10.960904989091912,40.24331993854622,0.2242060810810811,4.580362378309032,Water Tank + DSM
2024-01-20 09:00:00,214.58903054341852,100.1,-9.55,214.58903054341852,0.0,47.06081081081081,42.06081081081081,966.5212732778028,40.506618050579924,,79.59226066620279,51.17966688243898,11.204032553166034,41.135970714796116,0.2244087837837838,4.746495220539906,Water Tank + DSM
2024-01-20 10:00:00,226.84660223920736,95.6,-9.95,226.84660223920736,0.0,46.79054054054054,41.79054054054054,1110.2711541508181,40.47479802805629,,84.13866193879018,54.103108190643006,11.844019750808913,43.48570457134784,0.2248141891891892,5.154061548223458,Water Tank + DSM
2024-01-20 11:00:00,204.62807312353547,98.1,-10.65,204.62807312353547,0.0,46.31756756756757,41.31756756756757,944.0251043124593,40.4430327164383,,75.8976863562272,48.80397003862186,10.683955217850006,39.226489826243736,0.22552364864864866,4.864631437670072,Water Tank + DSM
2024-01-20 12:00:00,197.08859713187607,94.8,-10.45,197.08859713187607,0.0,46.4527027027027,41.4527027027027,973.8455251013221,40.41132202165675,,73.10125292766332,47.005798581562225,10.290307256300201,37.781198504444056,0.22532094594594596,4.626123884597938,Water Tank + DSM
2024-01-20 13:00:00,185.16131367324948,93.5,-9.7,185.16131367324948,0.0,46.95945945945946,41.95945945945946,950.4288402731509,40.379665849804184,,68.6773573926741,44.16113129973944,9.667564929710249,35.494779754060346,0.2245608108108108,4.137346746710016,Water Tank + DSM
2024-01-20 14:00:00,181.56192973759144,93.7,-7.9,181.56192973759144,0.0,48.17567567567568,43.17567567567568,952.7568005079867,40.34806410713469,,67.3423259434003,43.302675159914955,9.479635403749246,34.80479037392482,0.22273648648648647,3.5655031492735447,Water Tank + DSM
2024-01-20 15:00:00,183.1494195756889,92.4,-7.55,183.1494195756889,0.0,48.41216216216216,43.41216216216216,994.657833538601,40.31651670006348,,67.93113472211016,43.68129284082501,9.562520758041694,35.10910665386067,0.22238175675675675,3.5002894148027845,Water Tank + DSM
2024-01-20 16:00:00,169.98217771985574,93.0,-7.85,169.98217771985574,0.0,48.20945945945946,43.20945945945946,906.6044809602341,40.2850235351666,,63.04733174583284,40.54089442327543,8.875038243140656,32.58499219188402,0.22268581081081082,3.325320754107913,Water Tank + DSM
2024-01-20 17:00:00,168.9195316198062,90.3,-7.85,168.9195316198062,0.0,48.20945945945946,43.20945945945946,958.729611777248,40.25358451918092,,62.65319041821288,40.28745242171211,8.819555810197558,32.38128663088152,0.22268581081081082,3.3045324621930385,Water Tank + DSM
2024-01-20 18:00:00,176.01448292331852,91.7,-6.55,176.01448292331852,0.0,49.08783783783784,44.08783783783784,986.7692537640908,40.22219955900345,,65.28474717641777,41.97960436135851,9.189994434978967,33.74136411622686,0.22136824324324325,3.099261038253454,Water Tank + DSM
2024-01-20 19:00:00,168.41222450617155,93.5,-5.2,168.41222450617155,0.0,50.0,45.0,924.8794531644702,40.19086856169145,,62.46502739830465,40.16645924225105,8.793068503734492,32.284037621847666,0.22,2.623531150728795,Water Tank + DSM
2024-01-20 20:00:00,166.08852410895753,86.1,-3.7,166.08852410895753,0.0,51.013513513513516,46.013513513513516,1130.8383315616304,40.15959143446188,,61.60315404319018,39.61225471482093,8.67174443219057,31.838592338611647,0.21847972972972973,2.212718695227019,Water Tank + DSM
2024-01-20 21:00:00,113.71773464593781,89.1,-3.05,113.71773464593781,0.0,51.4527027027027,46.4527027027027,721.5977526547025,40.128368084691274,,42.17853799604277,27.121776742577243,5.937382715318208,21.799294168495532,0.21782094594594595,1.4038613389763963,Water Tank + DSM
2024-01-20 22:00:00,109.77903936444517,78.1,-2.15,109.77903936444517,0.0,52.060810810810814,47.060810810810814,1007.1467255975797,40.09719841991544,,40.71765408815879,26.18239455725421,5.731737207534825,21.044259983646068,0.21690878378378378,1.2066731812882725,Water Tank + DSM
2024-01-20 23:00:00,92.30485741862896,84.2,-2.2,162.2020663997473,69.89720898111835,48.92033439261938,47.027027027027025,1098.555869407639,47.33771029665711,,34.23638316374123,22.0147872533522,4.819382541198524,87.59172906907706,0.22161949841107093,1.6597111654151093,Water Tank + DSM
2024-01-21 00:00:00,136.53320192319242,85.9,-5.3,197.66255426379246,61.12935234060004,50.12221285368205,44.932432432432435,1320.0059850959265,53.653625473831774,,73.67494088425065,46.495749975620896,0.0,61.12935234060003,0.21981668071947694,3.0403233685166033,Water Tank + DSM
2024-01-21 01:00:00,155.42931466654792,90.3,-3.4,155.42931466654792,0.0,51.21621621621622,46.21621621621622,950.0295327274598,53.599200668998265,,83.8715082370915,52.930733710349806,0.0,0.0,0.21817567567567567,2.910568015579067,Water Tank + DSM
2024-01-21 02:00:00,156.07294679397415,89.9,-3.7,156.07294679397415,0.0,51.013513513513516,46.013513513513516,958.8036998530393,53.54486944141973,,84.21881979407094,53.1499196523152,0.0,0.0,0.21847972972972973,3.025048959630276,Water Tank + DSM
2024-01-21 03:00:00,147.30557759752702,84.7,-3.0,196.70831081602657,49.402733218499556,52.7870686110862,46.486486486486484,1472.6818043567948,58.63015521096007,,79.48784301948378,50.16423265193789,0.0,49.40273321849955,0.2158193970833707,2.0092609733630162,Water Tank + DSM
2024-01-21 04:00:00,151.14075175799357,87.9,-3.2,151.14075175799357,0.0,51.351351351351354,46.351351351351354,987.8955520605957,58.567173829884894,,81.55734864575724,51.47028346131046,0.0,0.0,0.21797297297297297,2.7641328432913386,Water Tank + DSM
2024-01-21 05:00:00,175.50790542275786,91.1,-4.05,175.50790542275786,0.0,50.777027027027025,45.777027027027025,1039.7882716945073,58.50430073812324,,94.7061548004601,59.768404859296666,0.0,0.0,0.21883445945945945,3.5361230501847483,Water Tank + DSM
2024-01-21 06:00:00,171.13162620835124,91.8,-4.25,171.13162620835124,0.0,50.64189189189189,45.64189189189189,993.2890543606458,58.441535749484004,,92.3446624464189,58.2780832282913,0.0,0.0,0.21903716216216218,3.5228240822464962,Water Tank + DSM
2024-01-21 07:00:00,137.54733072532596,87.1,-3.75,60.78049953479362,-76.76683119053234,50.979729729729726,45.979729729729726,401.98888945406475,50.39354413566863,,74.22217685684753,0.0,0.0,0.0,0.21853040540540541,2.681025388356129,Water Tank + DSM
2024-01-21 08:00:00,110.33817127587122,81.6,-2.65,89.98007652418704,-20.35809475168417,51.72297297297297,46.72297297297297,719.4651369500248,48.227020309456854,,59.53979055291798,17.217058779807743,0.0,0.0,0.21741554054054055,1.8851585035876612,Water Tank + DSM
2024-01-21 09:00:00,110.7749978795405,83.1,-1.6,110.7749978795405,0.0,52.43243243243243,47.43243243243243,862.9054175058677,48.1819259343153,,59.77550738771475,37.72391280953428,0.0,0.0,0.21635135135135136,1.63817201327413,Water Tank + DSM
2024-01-21 10:00:00,138.45115997933934,85.2,-0.35,138.45115997933934,0.0,53.27702702702703,48.27702702702703,1036.0817991089802,48.13690909381724,,74.70989388040603,47.148901714437514,0.0,0.0,0.21508445945945945,1.6688574943825814,Water Tank + DSM
2024-01-21 11:00:00,135.3524518954924,86.6,0.8,135.3524518954924,0.0,54.054054054054056,49.054054054054056,993.5048797859388,48.09196965465072,,73.03779411508008,46.09365101874935,0.0,0.0,0.21391891891891893,1.2909923608449279,Water Tank + DSM
2024-01-21 12:00:00,115.06696907952302,79.7,2.3,115.06696907952302,0.0,55.06756756756757,50.06756756756757,1115.9484916760036,48.04710748373288,,62.091506133671814,39.18552373644432,0.0,0.0,0.21239864864864863,0.7199258413877067,Water Tank + DSM
2024-01-21 13:00:00,113.4279099353868,77.7,2.9,113.4279099353868,0.0,55.472972972972975,50.472972972972975,1219.0999911023682,48.002322448209824,,61.20705031011353,38.62734973123872,0.0,0.0,0.21179054054054053,0.5607889204088771,Water Tank + DSM
2024-01-21 14:00:00,118.15909802231387,85.0,2.45,118.15909802231387,0.0,55.16891891891892,50.16891891891892,946.2348748810251,47.95761441545597,,63.76005571617376,40.23853393609718,0.0,0.0,0.2122466216216216,0.7004989905033683,Water Tank + DSM
2024-01-21 15:00:00,114.66883149478299,81.2,2.0,114.66883149478299,0.0,54.864864864864856,49.864864864864856,1040.1850598707142,47.91298325307387,,61.87666635399668,39.049939824727495,0.0,0.0,0.21270270270270272,0.7926902662647175,Water Tank + DSM
2024-01-21 16:00:00,92.29565236092957,77.3,2.15,92.29565236092957,0.0,54.96621621621622,49.96621621621622,987.2331101725807,47.868428828893656,,49.80383259004023,31.430857224199087,0.0,0.0,0.21255067567567568,0.6077413625514364,Water Tank + DSM
2024-01-21 17:00:00,95.17513678289453,79.1,2.7,95.17513678289453,0.0,55.33783783783783,50.33783783783783,956.8378142073456,47.82395101097273,,51.35763665804072,32.411452316502675,0.0,0.0,0.21199324324324326,0.5121883223464081,Water Tank + DSM
2024-01-21 18:00:00,103.7937893281234,81.3,2.9,103.7937893281234,0.0,55.472972972972975,50.472972972972975,960.0585652119331,47.779549667595354,,56.00836415748693,35.34649454963762,0.0,0.0,0.21179054054054053,0.5131577148483253,Water Tank + DSM
2024-01-21 19:00:00,113.05911596372907,79.2,2.7,113.05911596372907,0.0,55.33783783783783,50.33783783783783,1131.8700504299463,47.73522466727225,,61.00804469332857,38.50175865114115,0.0,0.0,0.21199324324324326,0.6084315808604954,Water Tank + DSM
2024-01-21 20:00:00,94.47868954939854,81.8,2.15,94.47868954939854,0.0,54.96621621621622,49.96621621621622,841.1098535916769,47.69097587874025,,50.98182544117875,32.17428043461816,0.0,0.0,0.21255067567567568,0.622116059099789,Water Tank + DSM
2024-01-21 21:00:00,87.82054039830346,77.6,1.35,87.82054039830346,0.0,54.42567567567568,49.42567567567568,905.2943304951259,47.646803170961796,,47.38900890867401,29.90687855823162,0.0,0.0,0.21336148648648648,0.7319680700353292,Water Tank + DSM
2024-01-21 22:00:00,84.34397985481861,78.8,0.7,84.34397985481861,0.0,53.98648648648649,48.98648648648649,812.0197689655945,47.60270641312477,,45.513015458627656,28.722951956291126,0.0,0.0,0.21402027027027026,0.8229245227519421,Water Tank + DSM
2024-01-21 23:00:00,105.72431973782169,83.4,-1.5,162.47344478082124,56.74912504299956,51.8528328935232,47.5,1230.538773105919,53.46247710791643,,57.050101345264764,92.753052788265,0.0,0.0,0.2172207506597152,1.7618784303930877,Water Tank + DSM
2024-01-22 00:00:00,126.28399184875137,85.5,-2.3,177.08458861899538,50.80059677024401,53.26704049493044,46.95945945945946,1312.6257215018284,58.69332869297992,,83.16111635662658,23.45824954762875,0.0,50.80059677024401,0.21509943925760433,1.8626224785339882,Water Tank + DSM
2024-01-22 01:00:00,135.49914353292164,85.4,-1.25,177.86127475210805,42.3621312191864,55.092921200453354,47.66891891891892,1402.127606677494,63.037306465468845,,89.22952051642766,25.170036803177517,0.0,42.36213121918641,0.21236061819931998,1.0210063612235498,Water Tank + DSM
2024-01-22 02:00:00,150.06007270236736,85.1,-0.55,150.06007270236736,0.0,53.14189189189189,48.14189189189189,1121.7210425978083,62.966747489621895,,98.8182507045829,27.874844475960803,0.0,0.0,0.21528716216216218,2.287508965634469,Water Tank + DSM
2024-01-22 03:00:00,133.55202925959838,87.1,1.05,171.84298366871897,38.29095440912059,57.426304867998084,49.222972972972975,1383.5893351301263,66.8798404283481,,87.9472978508865,24.808344938257125,0.0,38.29095440912059,0.20886054269800286,0.0,Water Tank + DSM
2024-01-22 04:00:00,118.3671852943869,79.4,1.45,138.2648776831959,19.897692388808995,58.067775552077705,49.49324324324324,1548.4827783125027,68.8726963521985,,77.94770441579303,21.987640161167377,0.0,19.89769238880899,0.20789833667188345,0.0,Water Tank + DSM
2024-01-22 05:00:00,84.64422304441273,79.4,2.1,101.38737798870329,16.74315494429057,59.8594850347757,49.932432432432435,1239.6039298458825,70.53394939407589,,55.7403038854149,15.723333400159811,0.0,16.743154944290566,0.20521077244783645,0.0,Water Tank + DSM
2024-01-22 06:00:00,94.01737245233076,76.6,3.55,103.69484185850384,9.677469406173078,60.07184013762162,50.91216216216217,1498.831455049542,71.45728061850542,,61.91275343447169,17.46446998159995,0.0,9.677469406173074,0.20489223979356758,0.0,Water Tank + DSM
2024-01-22 07:00:00,100.55595469748768,80.0,4.0,0.0,-100.55595469748768,80.0,51.21621621621622,0.0,57.24821081494113,,66.21857075095403,0.0,0.0,0.0,0.175,0.0,Water Tank + DSM
2024-01-22 08:00:00,99.51720846863977,79.4,4.55,61.04704999479853,-38.47015847384124,56.58783783783784,51.58783783783784,639.2916147009407,53.1860364187631,,65.53453079673965,0.0,0.0,0.0,0.21011824324324324,0.16206512345680182,Water Tank + DSM
2024-01-22 09:00:00,104.77439589525798,75.3,4.95,104.77439589525798,0.0,56.85810810810811,51.85810810810811,1357.2206839795717,53.132415580068795,,68.99651809135426,19.46267210223061,0.0,0.0,0.20971283783783784,0.05874027891561065,Water Tank + DSM
2024-01-22 10:00:00,87.69690244946308,80.3,5.4,87.69690244946308,0.0,57.16216216216216,52.16216216216216,905.4453795680325,53.07888693630122,,57.75056839706354,16.290392725924118,0.0,0.0,0.20925675675675676,0.0,Water Tank + DSM
2024-01-22 11:00:00,99.5403498875746,74.6,5.05,99.5403498875746,0.0,56.92567567567568,51.92567567567568,1345.4176444246366,53.02545032894169,,65.54976999059569,18.490406690007493,0.0,0.0,0.20961148648648648,0.029231654184994772,Water Tank + DSM
2024-01-22 12:00:00,94.0340867887973,78.0,5.35,94.0340867887973,0.0,57.12837837837837,52.12837837837837,1076.2914601139285,52.97210559974407,,61.923760236358206,17.467574801697218,0.0,0.0,0.20930743243243244,0.0,Water Tank + DSM
2024-01-22 13:00:00,87.36842407197796,78.8,5.5,87.36842407197796,0.0,57.22972972972973,52.22972972972973,967.6085369089335,52.91885259073432,,57.53425730196137,16.22937527123932,0.0,0.0,0.2091554054054054,0.0,Water Tank + DSM
2024-01-22 14:00:00,81.6627481893841,72.5,5.5,81.6627481893841,0.0,57.22972972972973,52.22972972972973,1277.550403158955,52.86569114421003,,53.77692932222918,15.169500882313779,0.0,0.0,0.2091554054054054,0.0,Water Tank + DSM
2024-01-22 15:00:00,43.323824545415285,76.0,6.15,43.323824545415285,0.0,57.66891891891892,52.66891891891892,564.5981957587604,52.81262110273992,,28.529804619657963,8.047742810991004,0.0,0.0,0.20849662162162164,0.0,Water Tank + DSM
2024-01-22 16:00:00,68.35972889362982,68.0,6.55,68.35972889362982,0.0,57.93918918918919,52.93918918918919,1623.185391109451,52.759642309163404,,45.01656374181845,12.698359910222232,0.0,0.0,0.2080912162162162,0.0,Water Tank + DSM
2024-01-22 17:00:00,59.6426858526434,80.9,2.9,49.21580411462517,-10.426881738018235,55.472972972972975,50.472972972972975,462.3914303552768,51.62209124908839,,39.27617638151534,0.6522185338343913,0.0,0.0,0.21179054054054053,0.3598546971171264,Water Tank + DSM
2024-01-22 18:00:00,101.43688144975799,75.6,3.65,101.43688144975799,0.0,55.97972972972973,50.97972972972973,1235.070303167024,51.57115943603827,,66.79868269606071,18.842702416562734,0.0,0.0,0.2110304054054054,0.40891626028804584,Water Tank + DSM
2024-01-22 19:00:00,106.06023600175394,83.0,0.95,91.34300226284415,-14.717233738909785,54.15540540540541,49.15540540540541,756.504679000663,49.989424126744794,,69.84327544473598,4.98429332549733,0.0,0.0,0.21376689189189188,1.1920548227932617,Water Tank + DSM
2024-01-22 20:00:00,125.97571283812943,83.5,0.85,125.97571283812943,0.0,54.08783783783784,49.08783783783784,1023.200276288972,49.941299498911555,,82.95810704169027,23.400984284980673,0.0,0.0,0.21386824324324324,1.4495247622284524,Water Tank + DSM
2024-01-22 21:00:00,121.7339759886314,81.0,3.35,121.7339759886314,0.0,55.777027027027025,50.777027027027025,1152.965489823492,49.89325761589626,,80.16481894134436,22.613048141418858,0.0,0.0,0.21133445945945947,0.5882364416912172,Water Tank + DSM
2024-01-22 22:00:00,108.2845411670474,79.9,3.75,108.2845411670474,0.0,56.0472972972973,51.0472972972973,1084.5002124405755,49.84529833542862,,71.30803513403339,20.11470932823693,0.0,0.0,0.21092905405405404,0.40761214677967694,Water Tank + DSM
2024-01-22 23:00:00,96.0575071442233,78.0,3.8,140.7015427656211,44.6440356213978,54.975734388558315,51.08108108108108,1460.090292849679,54.44188260941735,,63.25623233478129,62.487476745836744,0.0,0.0,0.21253639841716254,0.7682844949479798,Water Tank + DSM
2024-01-23 00:00:00,89.05957027399032,78.0,3.05,126.42756700283923,37.367996728848915,55.81992958808239,50.57432432432432,1361.8867383273341,58.273614505346714,,64.70788647705068,31.157941909829812,0.0,37.36799672884891,0.21127010561787643,0.4581591734957475,Water Tank + DSM
2024-01-23 01:00:00,80.0254290167474,78.5,3.2,112.12024103207037,32.09481201532298,57.082434528484555,50.67567567567568,1250.7603837491743,61.550172304235765,,58.14396319409677,27.997301816548575,0.0,32.09481201532297,0.20937634820727316,0.0,Water Tank + DSM
2024-01-23 02:00:00,87.07382053979943,76.0,3.35,110.02133505441361,22.94751451461419,57.76831689937422,50.777027027027025,1441.7641431412071,63.86947436569383,,63.26510309086827,30.463217303871893,0.0,22.947514514614184,0.20834752465093867,0.0,Water Tank + DSM
2024-01-23 03:00:00,90.11971024016273,81.4,0.85,117.95118734153155,27.831477101368815,57.943872531396195,49.08783783783784,1201.4225010368252,66.69288278894673,,65.47815087839267,31.528837248541503,0.0,27.83147710136882,0.20808419120290572,0.0,Water Tank + DSM
2024-01-23 04:00:00,97.58437861348045,80.6,1.25,119.67917479670099,22.094796183220538,58.63126444595966,49.358108108108105,1301.525331727752,68.91463179551978,,70.90174445967159,34.14038930113324,0.0,22.094796183220538,0.2070531033310605,0.0,Water Tank + DSM
2024-01-23 05:00:00,81.27876851704727,79.2,1.5,97.63868217593844,16.359913658891166,59.763138449904275,49.52702702702703,1200.1383860610958,70.53594293615741,,59.05460030870559,28.435788991183454,0.0,16.359913658891173,0.2053552923251436,0.0,Water Tank + DSM
2024-01-23 06:00:00,68.70717539268696,76.3,2.05,77.90619811276173,9.199022720074767,60.52846232513824,49.898648648648646,1180.1120944472991,71.40949641495953,,49.92047560740604,24.037553438533017,0.0,9.199022720074765,0.20420730651229263,0.0,Water Tank + DSM
2024-01-23 07:00:00,44.53068988587802,76.3,2.85,0.0,-44.53068988587802,76.3,50.43918918918919,0.0,63.26430650324215,,32.35460060064625,0.0,0.0,0.0,0.18055,0.0,Water Tank + DSM
2024-01-23 08:00:00,52.35451904352865,71.9,3.0,0.0,-52.35451904352865,71.9,50.54054054054054,0.0,57.62135985484298,,38.03914912689205,0.0,0.0,0.0,0.18714999999999998,0.0,Water Tank + DSM
2024-01-23 09:00:00,65.51412036988793,77.0,3.9,32.13958126541413,-33.374539104473804,56.148648648648646,51.148648648648646,368.2194999349195,54.08835344198903,,47.60050211893528,0.0,0.0,0.0,0.21077702702702703,0.24314851082375138,Water Tank + DSM
2024-01-23 10:00:00,68.57418246227212,79.4,3.25,68.57418246227212,0.0,55.70945945945946,50.70945945945946,691.4908609517315,54.0331811719136,,49.82384712135947,23.991025187975154,0.0,0.0,0.2114358108108108,0.3857981675748509,Water Tank + DSM
2024-01-23 11:00:00,74.72639199805802,72.4,3.4,74.72639199805802,0.0,55.81081081081081,50.81081081081081,1076.09256254426,53.97810376427451,,54.29384933448407,26.143406866253933,0.0,0.0,0.2112837837837838,0.3873939520082119,Water Tank + DSM
2024-01-23 12:00:00,70.55503252250124,79.0,3.3,70.55503252250124,0.0,55.74324324324324,50.74324324324324,724.7356447371944,53.92312105596659,,51.26307055833577,24.684035618171745,0.0,0.0,0.21138513513513513,0.38655126177772137,Water Tank + DSM
2024-01-23 13:00:00,84.90847031870653,78.3,3.25,84.90847031870653,0.0,55.70945945945946,50.70945945945946,897.8942080703591,53.86823288416509,,61.69182763199874,29.70565855756663,0.0,0.0,0.2114358108108108,0.477694827474801,Water Tank + DSM
2024-01-23 14:00:00,82.6274786457618,76.5,2.85,82.6274786457618,0.0,55.43918918918919,50.43918918918919,937.2386497832157,53.8134390863253,,60.03453072641158,28.907642063395716,0.0,0.0,0.2118412162162162,0.5622152674784207,Water Tank + DSM
2024-01-23 15:00:00,95.74576750810122,79.4,1.9,95.74576750810122,0.0,54.79729729729729,49.79729729729729,929.6886783148213,53.75873950018189,,69.56586737968674,33.49714188999112,0.0,0.0,0.21280405405405406,0.919397544558565,Water Tank + DSM
2024-01-23 16:00:00,100.90255486572079,82.6,2.05,100.90255486572079,0.0,54.898648648648646,49.898648648648646,870.1657454516665,53.70413396374867,,73.31262710350487,35.301270075606,0.0,0.0,0.21265202702702704,0.9243335282104072,Water Tank + DSM
2024-01-23 17:00:00,110.68657499139091,78.8,1.5,83.97820860952528,-26.708366381865634,54.52702702702703,49.52702702702703,826.5029535337559,50.871436634973854,,80.42138881921166,12.015892708647684,0.0,0.0,0.21320945945945946,1.1932795259931652,Water Tank + DSM
2024-01-23 18:00:00,111.17829214744779,83.4,-0.15,96.35398174537582,-14.824310402071967,53.41216216216216,48.41216216216216,767.5828954686145,49.27976178754716,,80.77865506039224,24.071978426933825,0.0,0.0,0.21488175675675675,1.7389242906919575,Water Tank + DSM
2024-01-23 19:00:00,119.30892623606393,84.4,-0.45,119.30892623606393,0.0,53.20945945945946,48.20945945945946,913.7992807056187,49.23285734330209,,86.6861184130002,41.74083236142804,0.0,0.0,0.2151858108108108,1.9715234768794505,Water Tank + DSM
2024-01-23 20:00:00,126.93166259114837,82.6,-1.05,126.93166259114837,0.0,52.804054054054056,47.804054054054056,1017.6854534958679,49.186033545908245,,92.22455922505232,44.407685298344056,0.0,0.0,0.21579391891891891,2.321815592382059,Water Tank + DSM
2024-01-23 21:00:00,127.1539043529622,85.2,0.0,127.1539043529622,0.0,53.513513513513516,48.513513513513516,958.6418630776537,49.13929025670252,,92.38603310876483,44.48543770477528,0.0,0.0,0.21472972972972973,1.932615935842809,Water Tank + DSM
2024-01-23 22:00:00,129.75128466713858,84.3,-0.35,129.75128466713858,0.0,53.27702702702703,48.27702702702703,999.1461701116592,49.09262733726024,,94.27320806357748,45.39414436816773,0.0,0.0,0.21508445945945945,2.105859634176938,Water Tank + DSM
2024-01-23 23:00:00,141.72342607874788,82.7,-0.2,195.0051085682358,53.28168248948794,52.98307677881647,48.378378378378386,1567.8324222328658,54.58910736165913,,102.97178997865169,102.86434119128178,0.0,0.0,0.2155253848317753,2.4817786457524775,Water Tank + DSM
2024-01-24 00:00:00,145.36408363611685,88.4,-0.1,198.97579175490645,53.61170811878961,54.60366915163461,48.445945945945944,1406.6543569251721,60.11047066570589,,86.02473611175814,42.03509204623456,0.0,53.61170811878961,0.2130944962725481,1.2368623732025879,Water Tank + DSM
2024-01-24 01:00:00,130.3087350695163,84.9,0.25,169.6354879184328,39.32675284891649,56.163291101019055,48.682432432432435,1410.3554612102255,64.13623189965101,,77.11515985938487,37.68152033199054,0.0,39.3267528489165,0.2107550633484714,0.3871376430041127,Water Tank + DSM
2024-01-24 02:00:00,100.5329491072511,78.1,0.8,122.71396788940773,22.181018782156627,57.335844999264005,49.054054054054056,1411.9458306832032,66.37134667183429,,59.494203803031745,29.071223535390235,0.0,22.181018782156627,0.208996232501104,0.0,Water Tank + DSM
2024-01-24 03:00:00,107.02490428602904,79.1,2.2,127.25221206643306,20.22730778040401,58.47543675846516,50.0,1474.0572578453036,68.39936779921833,,63.336065679323845,30.948509359191608,0.0,20.22730778040402,0.20728684486230226,0.0,Water Tank + DSM
2024-01-24 04:00:00,107.87595830337867,85.0,2.6,134.24045572658179,26.36449742320313,59.9438648713252,50.27027027027027,1280.0026862621942,71.06237326390188,,63.839709326558065,31.194609586020412,0.0,26.36449742320312,0.2050842026930122,0.0,Water Tank + DSM
2024-01-24 05:00:00,110.43450234583125,76.9,2.85,119.7508085259852,9.316306180153962,59.482077407571374,50.43918918918919,1642.4759702040903,71.94722299738675,,65.35382526618216,31.93446658259503,0.0,9.316306180153958,0.20577688388864293,0.0,Water Tank + DSM
2024-01-24 06:00:00,98.52638391231027,79.4,2.75,110.40279996677836,11.876416054468098,60.46186076827521,50.37162162162163,1392.7266634621503,73.09688767803546,,58.30674238155764,28.4909828696337,0.0,11.876416054468095,0.20430720884758719,0.0,Water Tank + DSM
2024-01-24 07:00:00,112.15045923898434,81.5,3.1,0.0,-112.15045923898434,81.5,50.60810810810811,0.0,56.97042461296083,,66.3693081504011,0.0,0.0,0.0,0.17275000000000001,0.0,Water Tank + DSM
2024-01-24 08:00:00,117.96211920823905,80.3,3.05,73.22272440980504,-44.73939479843401,55.57432432432432,50.57432432432432,707.4544640920659,52.256661227217386,,69.80857941136743,0.0,0.0,0.0,0.2116385135135135,0.5971463617215625,Water Tank + DSM
2024-01-24 09:00:00,114.56387596213003,80.8,2.95,114.56387596213003,0.0,55.50675675675676,50.50675675675676,1082.0415897193425,52.204638343343746,,67.79753946822801,33.128562095823206,0.0,0.0,0.21173986486486487,0.607429306316691,Water Tank + DSM
2024-01-24 10:00:00,110.63701580353406,80.9,2.75,110.63701580353406,0.0,55.37162162162163,50.37162162162163,1035.328098516834,52.15270490689544,,65.47367032227987,31.993027622036163,0.0,0.0,0.21194256756756755,0.6396954546352454,Water Tank + DSM
2024-01-24 11:00:00,97.90682615130335,79.7,2.45,97.90682615130335,0.0,55.16891891891892,50.16891891891892,953.4481059210923,52.10086076407783,,57.940095466009865,28.3118246700259,0.0,0.0,0.2122466216216216,0.6365580758630541,Water Tank + DSM
2024-01-24 12:00:00,95.53971091010783,77.8,2.55,95.53971091010783,0.0,55.236486486486484,50.236486486486484,1011.5281454853903,52.04910576136068,,56.5392648146111,27.627323350588718,0.0,0.0,0.21214527027027028,0.5982465452681155,Water Tank + DSM
2024-01-24 13:00:00,92.46977117493633,80.4,2.65,92.46977117493633,0.0,55.304054054054056,50.304054054054056,880.2316671605835,51.99743974547771,,54.722510985252434,26.73958549873145,0.0,0.0,0.2120439189189189,0.5568385239445274,Water Tank + DSM
2024-01-24 14:00:00,101.23110548174546,79.1,2.2,101.23110548174546,0.0,55.0,50.0,1003.4545648282804,51.94586256342625,,59.90736444339296,29.273110182562302,0.0,0.0,0.2125,0.7188883733207155,Water Tank + DSM
2024-01-24 15:00:00,115.93819882500871,81.6,0.2,115.93819882500871,0.0,53.64864864864865,48.64864864864865,990.8878783551243,51.894374062466596,,68.61084739584129,33.52597655059982,0.0,0.0,0.21452702702702703,1.3796343368244826,Water Tank + DSM
2024-01-24 16:00:00,120.92344450261362,85.7,0.45,120.92344450261362,0.0,53.817567567567565,48.817567567567565,906.0660077385962,51.8429740901217,,71.56105650624147,34.967565529730216,0.0,0.0,0.21427364864864865,1.3664293627475577,Water Tank + DSM
2024-01-24 17:00:00,139.6826897001099,81.6,0.35,118.22457654510143,-21.458113155008473,53.75,48.75,1014.1059798807985,49.55966540816286,,82.66255474022086,18.93408395406407,0.0,0.0,0.214375,1.6119198174343068,Water Tank + DSM
2024-01-24 18:00:00,125.45275859493724,86.5,0.25,125.45275859493724,0.0,53.682432432432435,48.682432432432435,913.2182951303954,49.512279701512725,,74.24145072614215,36.27731227056701,0.0,0.0,0.21447635135135135,1.4778061745892879,Water Tank + DSM
2024-01-24 19:00:00,127.63562274370479,81.0,1.85,127.63562274370479,0.0,54.76351351351351,49.76351351351351,1162.1628873693314,49.464975469189724,,75.53324377204754,36.90853349882831,0.0,0.0,0.21285472972972974,1.0135744738600456,Water Tank + DSM
2024-01-24 20:00:00,93.02552286140117,82.3,0.25,93.02552286140117,0.0,53.682432432432435,48.682432432432435,776.5513496050871,49.417752571108004,,55.05139822463049,26.900292825541825,0.0,0.0,0.21447635135135135,1.0958203997956844,Water Tank + DSM
2024-01-24 21:00:00,113.96361202977842,76.4,1.85,113.96361202977842,0.0,54.76351351351351,49.76351351351351,1258.288547354045,49.37061086742261,,67.44231041104757,32.954983113881575,0.0,0.0,0.21285472972972974,0.9050028951104105,Water Tank + DSM
2024-01-24 22:00:00,114.35616343143059,87.7,0.0,114.35616343143059,0.0,53.513513513513516,48.513513513513516,799.1087464301648,49.32355021852904,,67.67461766255519,33.068497634721766,0.0,0.0,0.21472972972972973,1.415679839751829,Water Tank + DSM
2024-01-24 23:00:00,108.80126268940101,82.1,0.6,160.7668299176916,51.96556722829059,53.337520909140316,48.91891891891892,1335.481899113446,54.68271358517707,,64.38729345903113,83.42774810196552,0.0,0.0,0.21499371863628952,1.414902696064488,Water Tank + DSM
2024-01-25 00:00:00,92.16185144614259,74.5,2.5,123.60356889228527,31.441717446142672,55.49762997758326,50.2027027027027,1554.0923426170884,57.89750188172287,,53.21671066772391,26.761882777483546,0.0,31.441717446142672,0.2117535550336251,0.47970714479288157,Water Tank + DSM
2024-01-25 01:00:00,86.27094817509844,81.6,2.65,123.87245848607537,37.60151031097694,56.8728819976852,50.304054054054056,1196.9197783286115,61.747585541702755,,49.81514602869423,25.051287120827208,0.0,37.601510310976934,0.20969067700347221,0.037994411089126504,Water Tank + DSM
2024-01-25 02:00:00,96.1091855885104,79.1,2.75,123.65555113166896,27.54636554315856,57.703754898457646,50.37162162162163,1380.7755005175397,64.54498116222334,,55.49600666348603,27.90810642581529,0.0,27.546365543158558,0.20844436765231353,0.0,Water Tank + DSM
2024-01-25 03:00:00,94.1422350290161,76.6,3.2,113.29977989639349,19.157544867377375,58.40861190896592,50.67567567567568,1487.986886335748,66.46485162562131,,54.360236958561046,27.336944936801004,0.0,19.157544867377382,0.2073870821365511,0.0,Water Tank + DSM
2024-01-25 04:00:00,71.82228191574923,80.7,3.25,94.43646422250781,22.614182306758583,60.18366111054773,50.70945945945946,1099.7408054516193,68.74102607256715,,41.47210083382175,20.855695271745823,0.0,22.61418230675858,0.2047245083341784,0.0,Water Tank + DSM
2024-01-25 05:00:00,74.68266468822436,73.2,3.05,81.81156158565071,7.128896897426343,59.4880433594124,50.57432432432432,1425.3913415656493,69.40230390721224,,43.1237621233164,21.68629087344602,0.0,7.128896897426344,0.2057679349608814,0.0,Water Tank + DSM
2024-01-25 06:00:00,66.66000096135333,77.6,2.8,79.71308155950267,13.053080598149338,60.756598163063,50.4054054054054,1130.6665852652811,70.67875629788381,,38.491262150300635,19.35667636535252,0.0,13.053080598149336,0.20386510275540548,0.0,Water Tank + DSM
2024-01-25 07:00:00,100.83954952499653,79.3,2.2,0.0,-100.83954952499653,79.3,50.0,0.0,57.12695668752597,,58.227444943110065,0.0,0.0,0.0,0.17605,0.0,Water Tank + DSM
2024-01-25 08:00:00,132.65225352176918,83.3,1.15,78.05842857334824,-54.593824948420945,54.29054054054054,49.29054054054054,642.8075121767439,51.38788801073462,,76.59694856732412,0.0,0.0,0.0,0.21356418918918918,1.245217961168796,Water Tank + DSM
2024-01-25 09:00:00,139.80495232759122,87.5,0.35,121.52461443202519,-18.28033789556604,53.75,48.75,860.1837832069874,49.43590428625155,,80.72710759592444,22.316109410932476,0.0,0.0,0.214375,1.5741785981205265,Water Tank + DSM
2024-01-25 10:00:00,141.5009274107171,82.9,-0.35,141.5009274107171,0.0,53.27702702702703,48.27702702702703,1141.1202700616604,49.38873137275875,,81.70640883480114,41.08892315909866,0.0,0.0,0.21508445945945945,1.8251445108638664,Water Tank + DSM
2024-01-25 11:00:00,146.02292577396096,85.0,-0.75,146.02292577396096,0.0,53.00675675675676,48.00675675675676,1090.3440398727505,49.341639567719504,,84.31753127603484,42.40201733221024,0.0,0.0,0.21548986486486488,2.0202024723298613,Water Tank + DSM
2024-01-25 12:00:00,144.97170459576844,88.7,0.3,144.97170459576844,0.0,53.71621621621622,48.71621621621622,989.9590750666165,49.294628731677015,,83.71052813525759,42.09676458931763,0.0,0.0,0.21442567567567566,1.6493236489352097,Water Tank + DSM
2024-01-25 13:00:00,139.82924208159346,81.8,0.85,139.82924208159346,0.0,54.08783783783784,49.08783783783784,1205.3921752981319,49.2476987254143,,80.74113314761036,40.60350054532892,0.0,0.0,0.21386824324324324,1.4107876372954073,Water Tank + DSM
2024-01-25 14:00:00,102.25881176085342,82.4,1.2,102.25881176085342,0.0,54.32432432432432,49.32432432432432,870.1042722380192,49.20084940995377,,59.04696480498438,29.69382982619384,0.0,0.0,0.21351351351351353,0.9479431647070469,Water Tank + DSM
2024-01-25 15:00:00,118.48489285220684,78.2,1.5,118.48489285220684,0.0,54.52702702702703,49.52702702702703,1195.668957013992,49.15408064655676,,68.41633672145667,34.4055459353098,0.0,0.0,0.21320945945945946,1.0151505097318823,Water Tank + DSM
2024-01-25 16:00:00,114.32507615079905,85.9,1.1,114.32507615079905,0.0,54.25675675675675,49.25675675675675,863.100335913088,49.10739229672321,,66.01434762991863,33.197621775887406,0.0,0.0,0.21361486486486486,1.0865604785573115,Water Tank + DSM
2024-01-25 17:00:00,131.82130515552183,82.8,-1.05,131.82130515552183,0.0,52.804054054054056,47.804054054054056,1049.8417045149586,49.060784222191145,,76.11713682208976,38.278162393563946,0.0,0.0,0.21579391891891891,1.9163003499939613,Water Tank + DSM
2024-01-25 18:00:00,119.35212756814987,83.8,-0.2,119.35212756814987,0.0,53.378378378378386,48.378378378378386,937.2351776077861,49.0142562849363,,68.9171011726387,34.6573728403085,0.0,0.0,0.21493243243243243,1.4975499822378753,Water Tank + DSM
2024-01-25 19:00:00,123.37912684906208,83.2,0.2,123.37912684906208,0.0,53.64864864864865,48.64864864864865,997.3902602985538,48.96780834717177,,71.24239794379427,35.82672958618248,0.0,0.0,0.21452702702702703,1.432549839734672,Water Tank + DSM
2024-01-25 20:00:00,117.71524206814195,83.2,0.0,117.71524206814195,0.0,53.513513513513516,48.513513513513516,947.2719465557276,48.92144027134756,,67.97191983477224,34.18205537235405,0.0,0.0,0.21472972972972973,1.4218990797868563,Water Tank + DSM
2024-01-25 21:00:00,119.61643556085927,82.5,-0.35,119.61643556085927,0.0,53.27702702702703,48.27702702702703,977.8387337371296,48.8751519201501,,69.06971965582316,34.73412237829032,0.0,0.0,0.21508445945945945,1.5428681971766967,Water Tank + DSM
2024-01-25 22:00:00,135.54899066564806,84.2,-0.5,135.54899066564806,0.0,53.17567567567567,48.17567567567567,1043.7457791552004,48.82894315650203,,78.26960184031459,39.360604652350595,0.0,0.0,0.2152364864864865,1.795970053038572,Water Tank + DSM
2024-01-25 23:00:00,159.54527105349797,87.6,-0.55,159.54527105349797,0.0,53.14189189189189,48.14189189189189,1106.0971745441027,48.78281384356157,,92.12569403533782,46.328624855487966,0.0,0.0,0.21528716216216218,2.132585322736944,Water Tank + DSM
2024-01-26 00:00:00,155.2683372321808,88.8,-0.55,155.2683372321808,0.0,53.14189189189189,48.14189189189189,1040.2204341618526,48.73676384472232,,91.8447239720562,35.72044368821019,0.0,0.0,0.21528716216216218,2.126081245461249,Water Tank + DSM
2024-01-26 01:00:00,134.18012013337145,82.9,-0.25,188.34196783250573,54.161847699134285,52.85482708101051,48.3445945945946,1497.7277172590934,54.325422083386215,,79.37056785607562,30.868968591672303,0.0,54.161847699134285,0.21571775937848423,1.974028370650933,Water Tank + DSM
2024-01-26 02:00:00,102.95935444354063,81.7,0.2,146.37362232010756,43.414267876566925,54.589552434173775,48.64864864864865,1289.9963396674957,58.78636687563038,,60.90278068134155,23.68643786708059,0.0,43.414267876566925,0.21311567134873935,0.8808177566723288,Water Tank + DSM
2024-01-26 03:00:00,123.56322221446224,79.6,1.15,156.58912061396038,33.02589839949813,55.91373162287304,49.29054054054054,1579.4631473967838,62.15890693167582,,73.09043324406142,28.42648539763401,0.0,33.02589839949813,0.21112940256569043,0.47637495782119926,Water Tank + DSM
2024-01-26 04:00:00,124.1203282656941,87.2,1.3,163.84846241510388,39.72813414940977,57.474866055141554,49.39189189189189,1316.951129207464,66.22290316647435,,73.41997404040573,28.554651098936205,0.0,39.72813414940978,0.20878770091728766,0.0,Water Tank + DSM
2024-01-26 05:00:00,137.79370756279417,80.7,1.9,160.79087564634082,22.997168083546654,57.888640771584036,49.79729729729729,1683.9946340149552,68.53933682402433,,81.50808633486201,31.700296785083044,0.0,22.997168083546654,0.20816703884262394,0.0,Water Tank + DSM
2024-01-26 06:00:00,117.30739679983365,82.4,2.3,139.3311448282053,22.023748028371656,59.25896967272084,50.06756756756757,1438.4643507293047,70.7505197813859,,69.38997139416887,26.98729397309803,0.0,22.023748028371656,0.20611154549091876,0.0,Water Tank + DSM
2024-01-26 07:00:00,133.00888634966498,81.0,2.6,0.0,-133.00888634966498,81.0,50.27027027027027,0.0,55.08525221054441,,78.67775665265293,0.0,0.0,0.0,0.1735,0.0,Water Tank + DSM
2024-01-26 08:00:00,118.88519488992065,84.1,2.8,86.36356706777694,-32.521627822143714,55.4054054054054,50.4054054054054,719.0039137323975,51.64557608361459,,70.32327455597824,0.0,0.0,0.0,0.2118918918918919,0.6728226808869279,Water Tank + DSM
2024-01-26 09:00:00,100.9746751009878,78.0,3.25,100.9746751009878,0.0,55.70945945945946,50.70945945945946,1082.1628986115177,51.59460389106557,,59.72879808038646,23.22985007874869,0.0,0.0,0.2114358108108108,0.46249461216299237,Water Tank + DSM
2024-01-26 10:00:00,95.04513313248191,75.7,3.55,95.04513313248191,0.0,55.91216216216217,50.91216216216217,1147.446159478477,51.54371933939776,,56.22134024908516,21.865722184043612,0.0,0.0,0.21113175675675674,0.36695820730145906,Water Tank + DSM
2024-01-26 11:00:00,102.34726357441333,81.7,4.0,102.34726357441333,0.0,56.21621621621622,51.21621621621622,959.4295709405762,51.49292227792271,,60.540715124880116,23.5456225675,0.0,0.0,0.2106756756756757,0.2847049846413276,Water Tank + DSM
2024-01-26 12:00:00,113.35288784114418,79.1,4.35,113.35288784114418,0.0,56.45270270270271,51.45270270270271,1195.6855580397078,51.442212556211,,67.05079014040979,26.077534668068818,0.0,0.0,0.21032094594594594,0.22018029735296482,Water Tank + DSM
2024-01-26 13:00:00,114.33928941240981,77.8,4.6,114.33928941240981,0.0,56.621621621621614,51.621621621621614,1289.7441349196883,51.39159002409179,,67.63426892078098,26.304462465509374,0.0,0.0,0.2100675675675676,0.15354806998231668,Water Tank + DSM
2024-01-26 14:00:00,113.00213964322005,83.1,2.45,113.00213964322005,0.0,55.16891891891892,50.16891891891892,966.4951904423277,51.341054531652546,,66.84331466925906,25.996842870397575,0.0,0.0,0.2122466216216216,0.7343731733257783,Water Tank + DSM
2024-01-26 15:00:00,124.99625574829034,79.4,3.5,124.99625574829034,0.0,55.87837837837837,50.87837837837837,1269.4936137992902,51.29060592923844,,73.93810490528574,28.756163647307527,0.0,0.0,0.21118243243243245,0.4975834627409799,Water Tank + DSM
2024-01-26 16:00:00,111.76722786899155,81.6,3.6,111.76722786899155,0.0,55.945945945945944,50.945945945945944,1040.780747282719,51.240244067451975,,66.1128364980125,25.71274375993132,0.0,0.0,0.2110810810810811,0.4181190200144583,Water Tank + DSM
2024-01-26 17:00:00,116.09864181570542,79.1,3.3,116.09864181570542,0.0,55.74324324324324,50.74324324324324,1187.450124184101,51.189968797152495,,68.67496555430407,26.709212394373896,0.0,0.0,0.21138513513513513,0.5178463618824555,Water Tank + DSM
2024-01-26 18:00:00,107.57043313542052,80.8,3.1,107.57043313542052,0.0,55.60810810810811,50.60810810810811,1020.0768917605152,51.13977996945581,,63.63033774299703,24.74724511014974,0.0,0.0,0.21158783783783783,0.5313993070969195,Water Tank + DSM
2024-01-26 19:00:00,99.76161980184433,79.6,3.4,99.76161980184433,0.0,55.81081081081081,50.81081081081081,1001.8083054866024,51.08967743573371,,59.01124850718489,22.950779185892127,0.0,0.0,0.2112837837837838,0.421053232591807,Water Tank + DSM
2024-01-26 20:00:00,88.73984801207243,76.2,4.5,88.73984801207243,0.0,56.554054054054056,51.554054054054056,1079.0622806740257,51.03966104761356,,52.491621867525154,20.415152247528464,0.0,0.0,0.21016891891891892,0.14045055580770177,Water Tank + DSM
2024-01-26 21:00:00,81.41024326570881,77.5,3.7,81.41024326570881,0.0,56.013513513513516,51.013513513513516,905.137220153199,50.98973065697774,,48.15599532090097,18.72893122998893,0.0,0.0,0.21097972972972973,0.285031431764251,Water Tank + DSM
2024-01-26 22:00:00,91.98392800098144,77.8,3.15,91.98392800098144,0.0,55.64189189189189,50.64189189189189,991.6993998839046,50.93988611596341,,54.410568360003374,21.161472963197575,0.0,0.0,0.21153716216216217,0.4433726043389477,Water Tank + DSM
2024-01-26 23:00:00,95.0446825417095,80.5,2.25,141.91682886224746,46.87214632053795,54.51200583655078,50.03378378378378,1304.7595174724,55.76638580422512,,56.221073714478976,68.73776484338057,0.0,0.0,0.21323199124517384,0.8392662195868331,Water Tank + DSM
2024-01-27 00:00:00,106.73519464748912,79.8,1.6,144.8583512027706,38.12315655528146,55.50877044666703,49.5945945945946,1424.7853690440704,59.674402085442686,,74.31221687089972,30.48956992223581,0.0,38.12315655528147,0.21173684432999945,0.6648994438294479,Water Tank + DSM
2024-01-27 01:00:00,110.72981078882107,82.1,1.35,146.31077669894157,35.58096591012049,56.56603377652022,49.42567567567568,1369.0184292496708,63.31122703872812,,77.09338743034871,31.630656782627806,0.0,35.5809659101205,0.21015094933521966,0.20073555719047112,Water Tank + DSM
2024-01-27 02:00:00,116.31007998370893,82.3,1.15,146.45109279692466,30.141012813215728,57.399645316341626,49.29054054054054,1405.1755447452747,66.37586356561465,,80.97853680378702,33.22469526603853,0.0,30.141012813215724,0.20890053202548756,0.0,Water Tank + DSM
2024-01-27 03:00:00,113.3106467024083,81.2,1.65,136.857842025467,23.547195323058673,58.365209249134494,49.628378378378386,1431.888313104644,68.74925530078683,,78.89024214872079,32.36788855800441,0.0,23.547195323058688,0.20745218612629826,0.0,Water Tank + DSM
2024-01-27 04:00:00,104.43067345867702,81.0,1.8,123.90411174711353,19.473438288436512,59.2790108654324,49.729729729729726,1362.8232127891304,70.69476056917425,,72.70774068165227,29.83126916065835,0.0,19.473438288436512,0.2060814837018514,0.0,Water Tank + DSM
2024-01-27 05:00:00,100.73778723226319,79.9,1.35,115.38890662109077,14.65111938882758,59.598185302097235,49.42567567567568,1357.8641830500962,72.13523980164555,,70.13664346256569,28.776373320659477,0.0,14.651119388827581,0.20560272204685415,0.0,Water Tank + DSM
2024-01-27 06:00:00,85.28529814173162,80.4,1.45,98.44840161719839,13.163103475466764,60.79354984961419,49.49324324324324,1199.6049026883834,73.41843936849958,,59.37816099309274,24.362274033593327,0.0,13.16310347546677,0.20380967522557872,0.0,Water Tank + DSM
2024-01-27 07:00:00,86.09041248430681,77.3,1.45,0.0,-86.09041248430681,77.3,49.49324324324324,0.0,59.5749928752766,,59.93870554289112,0.0,0.0,0.0,0.17905000000000001,0.0,Water Tank + DSM
2024-01-27 08:00:00,74.88478383154084,79.3,2.55,25.517543338478,-49.367240493062845,55.236486486486484,50.236486486486484,253.3264855268607,54.375017112834726,,52.13701361391406,0.0,0.0,0.0,0.21214527027027028,0.5516659683742534,Water Tank + DSM
2024-01-27 09:00:00,85.77933965558935,76.0,3.5,64.89674460410555,-20.882595051483804,55.87837837837837,50.87837837837837,770.4788292523592,52.14712369012281,,59.722127388078725,3.6208050027346914,0.0,0.0,0.21118243243243245,0.4019137762062619,Water Tank + DSM
2024-01-27 10:00:00,78.55064627198274,78.9,3.2,78.55064627198274,0.0,55.67567567567568,50.67567567567568,807.992725571348,52.095289143571954,,54.68929606950625,22.43847898395873,0.0,0.0,0.2114864864864865,0.43455819039013016,Water Tank + DSM
2024-01-27 11:00:00,66.96994444233677,76.8,3.4,66.96994444233677,0.0,55.81081081081081,50.81081081081081,762.2282706720734,52.04354372062185,,46.6264670399241,19.13037972626125,0.0,0.0,0.2112837837837838,0.3326861432037838,Water Tank + DSM
2024-01-27 12:00:00,81.05446898129385,72.3,4.5,81.05446898129385,0.0,56.554054054054056,51.554054054054056,1229.7277818595755,51.99188726803466,,56.43253190465061,23.15371146018694,0.0,0.0,0.21016891891891892,0.1509951529340644,Water Tank + DSM
2024-01-27 13:00:00,81.55274608749825,81.1,5.1,81.55274608749825,0.0,56.95945945945946,51.95945945945946,807.0350096566092,51.94031963283597,,56.77944724499693,23.296047404019177,0.0,0.0,0.20956081081081082,0.01381121689743162,Water Tank + DSM
2024-01-27 14:00:00,107.99703447514898,75.8,4.95,107.99703447514898,0.0,56.85810810810811,51.85810810810811,1362.0380888187456,51.88884066231435,,75.19074728665517,30.850022290202727,0.0,0.0,0.20971283783783784,0.06401374431160993,Water Tank + DSM
2024-01-27 15:00:00,82.06500374292663,77.9,6.15,82.06500374292663,0.0,57.66891891891892,52.66891891891892,969.0354811748279,51.83745020402102,,57.13609625950144,23.44237697839216,0.0,0.0,0.20849662162162164,0.0,Water Tank + DSM
2024-01-27 16:00:00,106.64564620863347,73.8,5.95,106.64564620863347,0.0,57.53378378378378,52.53378378378378,1566.2365890072097,51.78614810576924,,74.24987058455368,30.463989855633283,0.0,0.0,0.20869932432432434,0.0,Water Tank + DSM
2024-01-27 17:00:00,91.3243021864083,84.5,1.7,79.1643073130073,-12.159994873400999,54.66216216216216,49.66216216216216,633.8154810767755,50.47003123098937,,63.58269521195465,13.927358096797477,0.0,0.0,0.21300675675675676,0.89187618418931,Water Tank + DSM
2024-01-27 18:00:00,101.06866315756778,76.2,3.1,101.06866315756778,0.0,55.60810810810811,50.60810810810811,1172.5221286907733,50.42108025396365,,70.36700912217592,28.870890079573694,0.0,0.0,0.21158783783783783,0.587659616723035,Water Tank + DSM
2024-01-27 19:00:00,72.00127090846128,77.5,4.35,72.00127090846128,0.0,56.45270270270271,51.45270270270271,817.2305678756653,50.37221344256923,,50.12942615976993,20.567609316717686,0.0,0.0,0.21032094594594594,0.16461419671383723,Water Tank + DSM
2024-01-27 20:00:00,104.41050851772788,75.5,3.7,104.41050851772788,0.0,56.013513513513516,51.013513513513516,1280.004352118823,50.323430652092895,,72.69370125004818,29.82550892028893,0.0,0.0,0.21097972972972973,0.43026812361514905,Water Tank + DSM
2024-01-27 21:00:00,104.1120963688511,84.6,3.1,104.1120963688511,0.0,55.60810810810811,50.60810810810811,857.8777633479156,50.27473173807022,,72.48593783707571,29.74026564032984,0.0,0.0,0.21158783783783783,0.6053555349096305,Water Tank + DSM
2024-01-27 22:00:00,124.52394533170978,78.4,2.95,124.52394533170978,0.0,55.50675675675676,50.50675675675676,1299.4103611477942,50.22611655628522,,86.69727414347075,35.57103681426742,0.0,0.0,0.21173986486486487,0.7767607129340685,Water Tank + DSM
2024-01-27 23:00:00,110.36338850225619,81.9,2.15,160.58340202210042,50.220013519844215,54.33793603454707,49.96621621621622,1392.0492871896404,55.40213264417769,,76.83827333686277,81.74599950513866,0.0,0.0,0.2134930959481794,1.22729039170611,Water Tank + DSM
2024-01-28 00:00:00,117.77176849569406,82.2,1.35,160.27383824995223,42.502069754258166,55.34937025710043,49.42567567567568,1426.1459921655392,59.76632735473335,,90.08894587609772,20.920743640103954,0.0,42.502069754258166,0.21197594461434935,0.8922209614173378,Water Tank + DSM
2024-01-28 01:00:00,118.43650076029307,81.8,0.8,153.39666498637678,34.96016422608372,56.22318323807927,49.054054054054056,1432.9053755981874,63.33841029951288,,90.59742961352029,21.03882536269853,0.0,34.9601642260837,0.21066522514288108,0.42226561146429514,Water Tank + DSM
2024-01-28 02:00:00,123.8606524567762,83.0,0.85,155.06764874094233,31.206996284166152,57.21122754097541,49.08783783783784,1436.5908106111651,66.51389771228389,,94.74660827365119,22.00236092437524,0.0,31.206996284166127,0.2091831586885369,0.0,Water Tank + DSM
2024-01-28 03:00:00,124.13024290443524,82.9,2.3,150.15225682517482,26.02201392073959,58.63860369470762,50.06756756756757,1478.6072257186593,69.14451530528252,,94.95283018538852,22.050250437416747,0.0,26.02201392073958,0.20704209445793859,0.0,Water Tank + DSM
2024-01-28 04:00:00,117.71339441775795,80.3,3.05,135.45215408143835,17.7387596636804,59.42879457486438,50.57432432432432,1550.480631320776,70.90887689714236,,90.04429290692755,20.910374184543183,0.0,17.738759663680398,0.20585680813770343,0.0,Water Tank + DSM
2024-01-28 05:00:00,112.11026036942087,80.4,2.15,127.21460187244617,15.104341503025294,59.671269321280846,49.96621621621622,1466.1880577002942,72.3961381167286,,85.75820256061833,19.915044552461758,0.0,15.104341503025296,0.20549309601807872,0.0,Water Tank + DSM
2024-01-28 06:00:00,126.77907597269147,81.9,1.65,141.90565282147145,15.126576848779973,59.65064096495337,49.628378378378386,1523.7197481132782,73.883155439149,,96.97904225615045,22.52078389610761,0.0,15.126576848779976,0.20552403855256995,0.0,Water Tank + DSM
2024-01-28 07:00:00,123.43406271095088,85.2,1.5,0.0,-123.43406271095088,85.2,49.52702702702703,0.0,56.536058320482425,,94.420290506551,0.0,0.0,0.0,0.1672,0.0,Water Tank + DSM
2024-01-28 08:00:00,97.12325454247627,80.0,1.5,55.430134605635715,-41.69311993684056,54.52702702702703,49.52702702702703,519.8368644270905,52.139702297528615,,74.29396478925688,0.0,0.0,0.0,0.21320945945945946,1.1023618018730255,Water Tank + DSM
2024-01-28 09:00:00,70.59945045784636,73.4,4.0,70.59945045784636,0.0,56.21621621621622,51.21621621621622,981.4841646018772,52.08788051121731,,54.00470887394123,12.541146516067,0.0,0.0,0.2106756756756757,0.2539680903801556,Water Tank + DSM
2024-01-28 10:00:00,58.1073187717689,78.2,1.7,58.1073187717689,0.0,54.66216216216216,49.66216216216216,589.7460569880863,52.03614782656697,,44.44891303493026,10.32206899128311,0.0,0.0,0.21300675675675676,0.6234861044629408,Water Tank + DSM
2024-01-28 11:00:00,64.50921850276687,74.7,4.45,64.50921850276687,0.0,56.520270270270274,51.520270270270274,847.6862412365886,51.984504090377506,,49.34601533488568,11.459289776812504,0.0,0.0,0.21021959459459458,0.1420365035990618,Water Tank + DSM
2024-01-28 12:00:00,57.71744043097327,74.4,4.85,57.71744043097327,0.0,56.79054054054053,51.79054054054053,783.0000942462095,51.932949149712115,,44.15067747991706,10.252811775204941,0.0,0.0,0.2098141891891892,0.05548666223827608,Water Tank + DSM
2024-01-28 13:00:00,62.1272141242064,73.8,5.4,62.1272141242064,0.0,57.16216216216216,52.16216216216216,892.0429567802033,51.881482851897,,47.52391258243692,11.036155237949815,0.0,0.0,0.20925675675675676,0.0,Water Tank + DSM
2024-01-28 14:00:00,63.82365262203566,74.4,6.3,63.82365262203566,0.0,57.770270270270274,52.770270270270274,916.8477851323033,51.8301050445209,,48.821595023357865,11.337507211921292,0.0,0.0,0.2083445945945946,0.0,Water Tank + DSM
2024-01-28 15:00:00,66.59766684859866,72.0,8.55,66.59766684859866,0.0,59.29054054054054,54.29054054054054,1251.7935526960457,51.77881557543455,,50.94356381696986,11.830277603579692,0.0,0.0,0.2060641891891892,0.0,Water Tank + DSM
2024-01-28 16:00:00,56.234001261247855,72.1,8.45,56.234001261247855,0.0,59.222972972972975,54.222972972972975,1043.2398189138285,51.72761429275032,,43.01592784697117,9.989296579908807,0.0,0.0,0.20616554054054054,0.0,Water Tank + DSM
2024-01-28 17:00:00,64.12391043129125,70.1,8.3,64.12391043129125,0.0,59.121621621621614,54.121621621621614,1395.3481464661434,51.67650104484176,,49.05127578533005,11.390844414322265,0.0,0.0,0.20631756756756758,0.0,Water Tank + DSM
2024-01-28 18:00:00,68.56450554269432,74.6,7.85,68.56450554269432,0.0,58.817567567567565,53.817567567567565,1037.8299169448173,51.625475680343065,,52.448087582917026,12.179662932731107,0.0,0.0,0.20677364864864867,0.0,Water Tank + DSM
2024-01-28 19:00:00,90.09086797222102,74.0,7.55,90.09086797222102,0.0,58.61486486486487,53.61486486486487,1398.8792618732575,51.574538048148725,,68.91457462470579,16.003563309233975,0.0,0.0,0.2070777027027027,0.0,Water Tank + DSM
2024-01-28 20:00:00,89.13409167015008,76.3,7.55,89.13409167015008,0.0,58.61486486486487,53.61486486486487,1204.0270290057285,51.523687997413084,,68.18269321039256,15.833603462385922,0.0,0.0,0.2070777027027027,0.0,Water Tank + DSM
2024-01-28 21:00:00,79.63055013577244,74.5,7.7,79.63055013577244,0.0,58.71621621621621,53.71621621621621,1205.2284339119549,51.47292537754977,,60.91300498325943,14.145413171509341,0.0,0.0,0.20692567567567569,0.0,Water Tank + DSM
2024-01-28 22:00:00,73.96926276176208,70.8,8.45,73.96926276176208,0.0,59.222972972972975,54.222972972972975,1526.3531208990858,51.422250038231304,,56.58243053115802,13.139753297861793,0.0,0.0,0.20616554054054054,0.0,Water Tank + DSM
2024-01-28 23:00:00,64.0105492642676,73.5,9.15,99.02902585376157,35.01847658949398,57.94295862891882,54.69594594594595,1520.9315903096965,55.01474572273244,,48.964560707761876,46.38918375068386,0.0,0.0,0.20808556205662176,0.0,Water Tank + DSM
2024-01-29 00:00:00,71.33208542238604,69.8,10.2,94.80199492062482,23.46990949823877,59.62955166564829,55.40540540540541,2227.0478371385484,57.3996308141293,,62.43086786835532,20.27867032870927,0.0,23.469909498238778,0.20555567250152756,0.0,Water Tank + DSM
2024-01-29 01:00:00,67.48562786708725,71.6,9.75,90.03219431643933,22.546566449352092,59.74996629299686,55.10135135135135,1815.2272838294298,59.684357182864275,,59.064392852601266,19.185178609864913,0.0,22.546566449352085,0.2053750505605047,0.0,Water Tank + DSM
2024-01-29 02:00:00,67.50435783832602,73.0,8.55,88.65240336619149,21.148045527865474,59.67422847434044,54.29054054054054,1589.4557675595725,61.81966278294476,,59.080785593016216,19.190503267202047,0.0,21.148045527865477,0.20548865728848933,0.0,Water Tank + DSM
2024-01-29 03:00:00,68.22107319264713,71.3,8.45,83.29577838856687,15.074705195919751,60.0098335190736,54.222972972972975,1762.6293201669114,63.31946830943438,,59.70806518704306,19.394254977301927,0.0,15.074705195919748,0.2049852497213896,0.0,Water Tank + DSM
2024-01-29 04:00:00,70.20283133793869,74.4,6.5,87.81480087467288,17.61196953673419,59.72769970571103,52.9054054054054,1429.9206014902102,65.08065477099265,,61.44252843991337,19.957639881327037,0.0,17.611969536734193,0.20540845044143347,0.0,Water Tank + DSM
2024-01-29 05:00:00,74.35462550361032,76.9,4.3,93.13953136657139,18.784905862961075,59.52135712725402,51.41891891891892,1280.4447188735257,66.96083741723916,,65.07623845187818,21.137934340121753,0.0,18.784905862961068,0.20571796430911898,0.0,Water Tank + DSM
2024-01-29 06:00:00,58.197856581966064,76.0,3.75,72.58070493358875,14.38284835162269,60.377427327262694,51.0472972972973,1109.968210318272,68.37982745744661,,50.93560174184911,16.544800849083547,0.0,14.382848351622684,0.20443385900910596,0.0,Water Tank + DSM
2024-01-29 07:00:00,52.75247859400657,71.4,5.05,0.0,-52.75247859400657,71.4,51.92567567567568,0.0,60.17506554729218,,46.16972854963117,0.0,0.0,0.0,0.18789999999999998,0.0,Water Tank + DSM
2024-01-29 08:00:00,60.1762179626491,75.3,4.55,16.855963634881256,-43.32025432776784,56.58783783783784,51.58783783783784,215.19411442820623,55.60305514563403,,52.667092097443266,0.0,0.0,0.0,0.21011824324324324,0.13024429532205542,Water Tank + DSM
2024-01-29 09:00:00,88.88638062154295,77.4,4.45,62.91593360683581,-25.970447014707144,56.520270270270274,51.520270270270274,719.8409494871012,52.84384802484865,,77.79463969152896,0.0,0.0,0.0,0.21021959459459458,0.22392240884183173,Water Tank + DSM
2024-01-29 10:00:00,100.93872410979914,79.0,4.7,100.93872410979914,0.0,56.689189189189186,51.689189189189186,1080.7947671502186,52.790815540135185,,88.34302418588186,28.695405405612583,0.0,0.0,0.20996621621621622,0.1647478018601598,Water Tank + DSM
2024-01-29 11:00:00,94.94890817892414,78.1,4.9,94.94890817892414,0.0,56.82432432432432,51.82432432432432,1066.1231892009473,52.73787423874076,,83.10065106974595,26.992588196882195,0.0,0.0,0.20976351351351352,0.08759257815459784,Water Tank + DSM
2024-01-29 12:00:00,77.74566968790434,75.3,5.25,77.74566968790434,0.0,57.060810810810814,52.060810810810814,1018.2899480493503,52.685023963886046,,68.04412913041114,22.101958687316916,0.0,0.0,0.20940878378378378,0.0,Water Tank + DSM
2024-01-29 13:00:00,67.04119637242057,74.0,5.55,67.04119637242057,0.0,57.26351351351351,52.26351351351351,956.9257487198752,52.63226455906127,,58.675420011617106,19.058833225306557,0.0,0.0,0.20910472972972974,0.0,Water Tank + DSM
2024-01-29 14:00:00,59.90099145225679,74.6,5.9,59.90099145225679,0.0,57.5,52.5,836.8327654735615,52.579595868025756,,52.426209894120234,17.028977224349255,0.0,0.0,0.20875,0.0,Water Tank + DSM
2024-01-29 15:00:00,47.61964534343428,73.0,5.75,47.61964534343428,0.0,57.398648648648646,52.398648648648646,729.1631544224599,52.52701773480745,,41.67739901013597,13.53756985193239,0.0,0.0,0.20890202702702704,0.0,Water Tank + DSM
2024-01-29 16:00:00,38.45215130868012,70.8,5.5,38.45215130868012,0.0,57.22972972972973,52.22972972972973,676.9131037226854,52.47453000370253,,33.653876280095936,10.931385157199687,0.0,0.0,0.2091554054054054,0.0,Water Tank + DSM
2024-01-29 17:00:00,62.20678655015654,73.1,4.75,62.20678655015654,0.0,56.72297297297297,51.72297297297297,907.4098256297892,52.42213251927486,,54.444274951886,17.68448110256881,0.0,0.0,0.20991554054054054,0.09049521377137958,Water Tank + DSM
2024-01-29 18:00:00,100.84514750956208,80.3,4.25,100.84514750956208,0.0,56.385135135135144,51.385135135135144,1007.3673028424729,52.36982512635553,,88.26112459847494,28.66880294452579,0.0,0.0,0.21042229729729728,0.3256119866943691,Water Tank + DSM
2024-01-29 19:00:00,123.06643701823803,82.2,3.65,123.06643701823803,0.0,55.97972972972973,50.97972972972973,1121.252022088882,52.31760767004243,,107.7095170149575,34.9859910872382,0.0,0.0,0.2110304054054054,0.6593569082131834,Water Tank + DSM
2024-01-29 20:00:00,113.4606878685287,79.6,3.75,113.4606878685287,0.0,56.0472972972973,51.0472972972973,1150.814798796017,52.26547999569989,,99.30242710035547,32.25521686251458,0.0,0.0,0.21092905405405404,0.56763414410068,Water Tank + DSM
2024-01-29 21:00:00,88.58731114615054,78.7,3.1,88.58731114615054,0.0,55.60810810810811,50.60810810810811,916.4584508799313,52.21344194895796,,77.53288978205802,25.184079049451245,0.0,0.0,0.21158783783783783,0.6475044038555636,Water Tank + DSM
2024-01-29 22:00:00,83.00137106217278,76.7,2.35,83.00137106217278,0.0,55.101351351351354,50.101351351351354,918.035472801053,52.16149337571223,,72.6439946202474,23.59607784679247,0.0,0.0,0.21234797297297298,0.8275525333090332,Water Tank + DSM
2024-01-29 23:00:00,90.27350425840754,78.8,2.8,132.51862434982843,42.245120091420894,55.08267338910887,50.4054054054054,1334.9903760675716,56.50452856871154,,79.00867026384961,67.90855922170428,0.0,0.0,0.2123759899163367,0.9089125559280098,Water Tank + DSM
2024-01-30 00:00:00,110.48233157583628,81.0,2.5,149.33822923423907,38.85589765840279,56.157901579604214,50.2027027027027,1436.2746862268966,60.48750509868607,,53.63937693111511,34.49136159895211,4.708865105710772,38.85589765840278,0.21076314763059367,0.27101780750823706,Water Tank + DSM
2024-01-30 01:00:00,122.53499495352075,82.2,1.95,156.98731177025883,34.45231681673806,56.90412523955276,49.83108108108108,1482.7269561894527,64.00551512441848,,59.49096735936111,38.25406976106953,5.2225614153428666,34.452316816738076,0.20964381214067085,0.03422209346611916,Water Tank + DSM
2024-01-30 02:00:00,130.4927796302472,83.2,0.95,160.9606610630623,30.46788143281509,57.32963128804682,49.15540540540541,1486.4735932465364,67.10296310642966,,63.35448658205771,40.738402096354925,5.561729986901079,30.46788143281509,0.20900555306792978,0.0,Water Tank + DSM
2024-01-30 03:00:00,144.80479379929955,83.8,1.4,171.32023575646232,26.515441957162782,58.09306113456595,49.45945945945947,1592.1764780090439,69.78390076987607,,70.30299601073779,45.206454579255954,6.171722038587904,26.51544195716278,0.20786040829815108,0.0,Water Tank + DSM
2024-01-30 04:00:00,139.50775321477738,87.1,0.15,167.00767901504926,27.49992580027187,58.77119788954035,48.61486486486487,1408.4556880796779,72.5626479450527,,67.73127298063892,43.5527771124687,5.9459569844274665,27.499925800271882,0.20684320316568947,0.0,Water Tank + DSM
2024-01-30 05:00:00,160.2665906623838,82.9,-0.6,160.2665906623838,0.0,53.10810810810811,48.10810810810811,1285.1259433936489,72.4757112291132,,77.80972707028307,50.03345649863635,6.830718954037593,0.0,0.21533783783783783,1.8169622753709325,Water Tank + DSM
2024-01-30 06:00:00,131.41082330081042,90.9,-1.2,160.67017391670524,29.259350615894814,59.81901150786449,47.7027027027027,1235.0343046284272,75.43286877594252,,63.80019848713968,41.02500517354732,5.600857906670461,29.259350615894817,0.20527148273820328,0.0,Water Tank + DSM
2024-01-30 07:00:00,132.52161065821713,80.9,-1.8,0.0,-132.52161065821713,80.9,47.2972972972973,0.0,56.655047859694015,,64.33948780973475,0.0,0.0,0.0,0.17365,0.0,Water Tank + DSM
2024-01-30 08:00:00,113.99174843024177,84.1,-2.15,58.590824423319646,-55.400924006922125,52.060810810810814,47.060810810810814,436.8666255410936,50.832540982046005,,55.343205324098044,0.0,0.0,0.0,0.21690878378378378,1.6401033685911748,Water Tank + DSM
2024-01-30 09:00:00,140.21582349594902,86.9,-2.6,114.11608391362134,-26.099739582327693,51.75675675675676,46.75675675675676,775.7214439734365,48.068090139012426,,68.07504241565863,23.650224871032403,0.0,0.0,0.21736486486486487,2.141604037076395,Water Tank + DSM
2024-01-30 10:00:00,146.37359765213398,88.5,-3.2,146.37359765213398,0.0,51.351351351351354,46.351351351351354,941.2836241592015,48.023269026202726,,71.06465319150983,45.69621778568141,6.238585994253486,0.0,0.21797297297297297,2.4085155433014402,Water Tank + DSM
2024-01-30 11:00:00,137.09077841259705,85.9,-2.5,137.09077841259705,0.0,51.82432432432432,46.82432432432432,961.0910706680311,47.97852497819304,,66.55782723055381,42.79822431937947,5.842943152758309,0.0,0.21726351351351353,2.066890364538009,Water Tank + DSM
2024-01-30 12:00:00,144.27020078388998,83.8,-1.45,144.27020078388998,0.0,52.53378378378379,47.53378378378379,1102.305781754363,47.933857862479265,,70.04345011005582,45.03956055430402,6.1489371610413,0.0,0.21619932432432432,1.876975156327574,Water Tank + DSM
2024-01-30 13:00:00,134.7167365896244,88.8,-0.7,134.7167365896244,0.0,53.04054054054054,48.04054054054054,899.9769456960762,47.88926754678501,,65.40522552151717,42.057074727410736,5.741759166683392,0.0,0.2154391891891892,1.5538160333355024,Water Tank + DSM
2024-01-30 14:00:00,127.29422784403371,82.0,-0.2,127.29422784403371,0.0,53.378378378378386,48.378378378378386,1062.4665135029552,47.84475389906142,,61.801583756354475,39.73984961581158,5.425404579208435,0.0,0.21493243243243243,1.342931711894835,Water Tank + DSM
2024-01-30 15:00:00,121.51144631483417,81.2,-0.4,121.51144631483417,0.0,53.24324324324324,48.24324324324324,1038.3199018385003,47.800316787486636,,58.99403259653748,37.93452920008109,5.178936770569682,0.0,0.21513513513513513,1.3297573833922236,Water Tank + DSM
2024-01-30 16:00:00,141.56499456262313,87.0,-0.2,141.56499456262313,0.0,53.378378378378386,48.378378378378386,1005.8610616803095,47.7559560804655,,68.73006747131843,44.195025101018416,6.033638624185827,0.0,0.21493243243243243,1.4934857904578354,Water Tank + DSM
2024-01-30 17:00:00,165.997850953276,89.0,-3.05,165.997850953276,0.0,51.4527027027027,46.4527027027027,1056.1474631491349,47.71167164662907,,80.59226457332699,51.82269255377145,7.074990877073569,0.0,0.21782094594594595,2.6824155087041133,Water Tank + DSM
2024-01-30 18:00:00,160.23724845053124,88.9,-2.6,160.23724845053124,0.0,51.75675675675676,46.75675675675676,1030.5864599947413,47.66746335483426,,77.79548137199716,50.024296184722935,6.829468360249915,0.0,0.21736486486486487,2.4474037923514773,Water Tank + DSM
2024-01-30 19:00:00,142.19536561967075,87.1,-2.75,142.19536561967075,0.0,51.6554054054054,46.6554054054054,958.3766078551769,47.62333107416349,,69.03611378888944,44.39181997093134,6.060505655609255,0.0,0.21751689189189188,2.2138202435274956,Water Tank + DSM
2024-01-30 20:00:00,136.4005200694888,84.6,-3.45,136.4005200694888,0.0,51.182432432432435,46.182432432432435,975.0838588765839,47.57927467392432,,66.22270552450604,42.58273330132019,5.81352366658864,0.0,0.21822635135135135,2.3115303833756626,Water Tank + DSM
2024-01-30 21:00:00,124.87436292973536,88.0,-3.6,124.87436292973536,0.0,51.08108108108108,46.08108108108108,808.0255366315887,47.53529402364899,,60.626734851474744,38.9843945616938,5.322267568132127,0.0,0.21837837837837837,2.153068367428049,Water Tank + DSM
2024-01-30 22:00:00,139.59273516486581,84.8,-3.85,139.59273516486581,0.0,50.91216216216216,45.91216216216216,984.0558163703449,47.49138899309402,,67.77253187505323,43.57930753709024,5.9495789983158325,0.0,0.21863175675675675,2.4755291034901203,Water Tank + DSM
2024-01-30 23:00:00,145.54860051945545,88.5,-3.7,210.5538805279009,65.00528000844547,50.977500252667944,46.013513513513516,1340.714636136518,54.21026492622992,,70.66411555317751,110.44394281664358,6.203423808997513,0.0,0.21853374962099809,2.553447708386728,Water Tank + DSM
2024-01-31 00:00:00,167.4631483439765,89.8,-3.95,167.4631483439765,0.0,50.8445945945946,45.8445945945946,1026.9570943308645,54.15488304323851,,96.58261630211102,42.378602544160884,0.0,0.0,0.21873310810810812,3.5670309507252616,Water Tank + DSM
2024-01-31 01:00:00,163.2413302347219,90.4,-3.7,163.2413302347219,0.0,51.013513513513516,46.013513513513516,990.1104865903716,54.09959638308894,,94.14772693943226,41.31021971823703,0.0,0.0,0.21847972972972973,3.381684570337984,Water Tank + DSM
2024-01-31 02:00:00,162.86746412776728,87.2,-3.25,162.86746412776728,0.0,51.317567567567565,46.317567567567565,1084.3094297530997,54.04440478205643,,93.93210357922771,41.21560831681504,0.0,0.0,0.21802364864864865,3.2025769909512376,Water Tank + DSM
2024-01-31 03:00:00,143.2716097353106,89.4,-3.55,199.32984362821458,56.058233892904,52.96627951521078,46.11486486486487,1307.1576214702234,59.82122441000906,,82.63039986342774,36.25663714600317,0.0,56.058233892903985,0.21555058072718383,1.9998476195725974,Water Tank + DSM
2024-01-31 04:00:00,149.51588031693248,84.8,-2.85,189.14205735768826,39.626177040755785,54.443790750985784,46.58783783783784,1488.6233861073974,63.878633000352345,,86.23171750038378,37.836826362398426,0.0,39.62617704075578,0.21333431387352134,1.3225578829971723,Water Tank + DSM
2024-01-31 05:00:00,143.52946056734672,88.2,-2.25,182.1197043391825,38.59024377183578,56.21057381813618,46.99324324324324,1360.1764441881649,67.82129411276854,,82.77911262931084,36.32188945992775,0.0,38.59024377183579,0.21068413927279572,0.3920879929261904,Water Tank + DSM
2024-01-31 06:00:00,137.11785119628902,86.8,-1.7,167.24914111900122,30.131289922712202,57.51436377185424,47.36486486486486,1364.4178974093936,70.87716479000916,,79.08128409875009,34.69935311153451,0.0,30.1312899227122,0.20872845434221865,0.0,Water Tank + DSM
2024-01-31 07:00:00,126.83188145944447,81.5,-0.25,0.0,-126.83188145944447,81.5,48.3445945945946,0.0,55.48312690620378,,73.14895881875354,0.0,0.0,0.0,0.17275000000000001,0.0,Water Tank + DSM
2024-01-31 08:00:00,126.67822001467398,84.0,0.1,81.24824289798043,-45.42997711669355,53.58108108108108,48.58108108108108,638.0738968114347,50.69999220653131,,73.0603361903875,0.0,0.0,0.0,0.2146283783783784,1.4987241937433549,Water Tank + DSM
2024-01-31 09:00:00,135.08569386421357,85.9,-0.35,118.93213703204634,-16.15355683216722,53.27702702702703,48.27702702702703,870.9163870466367,48.97039013908651,,77.90925864831358,18.0315339551792,0.0,0.0,0.21508445945945945,1.7403243857521915,Water Tank + DSM
2024-01-31 10:00:00,118.31472428499232,83.9,-0.55,118.31472428499232,0.0,53.14189189189189,48.14189189189189,918.9247587348051,48.924017624165074,,68.23677765233234,29.94099134752126,0.0,0.0,0.21528716216216218,1.579589190789803,Water Tank + DSM
2024-01-31 11:00:00,102.50600695844703,78.4,2.05,102.50600695844703,0.0,54.898648648648646,49.898648648648646,1041.9748986987875,48.87772484150291,,59.1192655616003,25.940401636055043,0.0,0.0,0.21265202702702704,0.7453820914726103,Water Tank + DSM
2024-01-31 12:00:00,93.89229418473626,79.7,2.7,93.89229418473626,0.0,55.33783783783783,50.33783783783783,920.6931185653765,48.83151165400955,,54.151396964916145,23.760596027021293,0.0,0.0,0.21199324324324326,0.5400504183798415,Water Tank + DSM
2024-01-31 13:00:00,86.34282999049186,78.2,4.45,86.34282999049186,0.0,56.520270270270274,51.520270270270274,951.4220039282862,48.785377924830115,,49.79732258634581,21.850111567168103,0.0,0.0,0.21021959459459458,0.14333553663367002,Water Tank + DSM
2024-01-31 14:00:00,70.94267828319353,74.2,5.15,70.94267828319353,0.0,56.99324324324325,51.99324324324325,984.9390060071142,48.73932351734505,,40.91544643598741,17.952914394075236,0.0,0.0,0.20951013513513514,0.0016587343149710011,Water Tank + DSM
2024-01-31 15:00:00,68.47946055674383,74.2,4.85,68.47946055674383,0.0,56.79054054054053,51.79054054054053,939.6709904000646,48.69334829516979,,39.49481141929953,17.32956695291447,0.0,0.0,0.2098141891891892,0.049635371108040324,Water Tank + DSM
2024-01-31 16:00:00,82.07394129160379,76.8,5.4,82.07394129160379,0.0,57.16216216216216,52.16216216216216,998.4179855641057,48.647452122154185,,47.3352857542528,20.769816951520237,0.0,0.0,0.20925675675675676,0.0,Water Tank + DSM
2024-01-31 17:00:00,109.45992845645877,77.4,5.45,109.45992845645877,0.0,57.195945945945944,52.195945945945944,1294.247736710417,48.60163486238224,,63.12986692959749,27.700176716135434,0.0,0.0,0.20920608108108107,0.0,Water Tank + DSM
2024-01-31 18:00:00,114.08563897009664,81.3,4.8,114.08563897009664,0.0,56.75675675675676,51.75675675675676,1110.4520329650802,48.55589638017162,,65.79769700493834,28.870769466124518,0.0,0.0,0.20986486486486486,0.09602907130450414,Water Tank + DSM
2024-01-31 19:00:00,99.1960190820335,79.1,3.95,99.1960190820335,0.0,56.18243243243243,51.18243243243243,1034.0141907226011,48.51023654007322,,57.210264732500654,25.10276862826999,0.0,0.0,0.21072635135135137,0.28063954186348444,Water Tank + DSM
2024-01-31 20:00:00,101.81592224427759,74.5,4.3,101.81592224427759,0.0,56.41891891891892,51.41891891891892,1345.2161782917474,48.464655206870894,,58.721266432695366,25.765767239695087,0.0,0.0,0.21037162162162162,0.20473090188696477,Water Tank + DSM
2024-01-31 21:00:00,104.58342892040044,83.1,3.3,104.58342892040044,0.0,55.74324324324324,50.74324324324324,913.2696888818376,48.41915224558102,,60.31739691308304,26.466118729712566,0.0,0.0,0.21138513513513513,0.45482577672297786,Water Tank + DSM
2024-01-31 22:00:00,95.95802003123184,79.7,4.2,95.95802003123184,0.0,56.351351351351354,51.351351351351354,981.7938432501976,48.373727521452004,,55.342782704348366,24.283353275284778,0.0,0.0,0.21047297297297296,0.21538812728178722,Water Tank + DSM
2024-01-31 23:00:00,69.5642506236838,71.7,5.05,106.55655719536358,36.99230657167978,55.14604322528646,51.92567567567568,1537.981824881094,52.176808417659394,,40.12045272510132,54.596392948988886,0.0,0.0,0.2122809351620703,0.44628951080565493,Water Tank + DSM
2024-02-01 00:00:00,61.09724479254327,76.3,3.25,99.35736349774857,38.2601187052053,55.1417688373384,50.70945945945946,1122.0220986105305,56.10524501370291,,41.94351179189142,26.912205579717202,4.154601028985547,38.260118705205294,0.2122873467439924,0.4676444440989423,Water Tank + DSM
2024-02-01 01:00:00,91.52788885486365,78.9,2.2,127.68878419176019,36.160895336896544,55.92779144642596,50.0,1328.0351323741343,59.80853845549538,,62.8342750725715,40.31634109694298,6.223879039201798,36.160895336896544,0.21110831283036108,0.4042286831426127,Water Tank + DSM
2024-02-01 02:00:00,79.38864421124636,81.3,2.6,113.48983974491304,34.10119553366669,57.55125384132284,50.27027027027027,1141.772154699505,63.29118760221951,,54.50063330880479,34.969228497335514,5.398412711567414,34.10119553366668,0.20867311923801574,0.0,Water Tank + DSM
2024-02-01 03:00:00,79.99969070506884,73.0,3.45,95.43840146481877,15.43871075974993,58.06973363779681,50.8445945945946,1527.179050139332,64.8263317217172,,54.92011925953894,35.238383168979944,5.4399637569641905,15.438710759749924,0.2078953995433048,0.0,Water Tank + DSM
2024-02-01 04:00:00,79.01025464195646,78.3,3.25,100.41575926325268,21.405504621296213,59.08717599556636,50.70945945945946,1248.693062874433,66.97958079188942,,54.24086730110134,34.80255489507198,5.372682292801934,21.405504621296217,0.20636923600665047,0.0,Water Tank + DSM
2024-02-01 05:00:00,77.42274917736667,80.9,2.8,99.53901556494613,22.11626638757946,60.01415491349876,50.4054054054054,1138.6445922059527,69.20307047970124,,53.151038219613184,34.1032881185253,5.264732223054928,22.116266387579458,0.20497876762975187,0.0,Water Tank + DSM
2024-02-01 06:00:00,87.50684863060644,73.3,2.5,94.06279517079001,6.555946540183575,58.97136430288791,50.2027027027027,1568.2968998105207,69.80394806902606,,60.073814291819794,38.54514729717397,5.950449068504819,6.5559465401835695,0.20654295354566812,0.0,Water Tank + DSM
2024-02-01 07:00:00,90.50810536510123,81.7,2.2,0.0,-90.50810536510123,81.7,50.0,0.0,57.61516922195823,,62.13418947995167,0.0,0.0,0.0,0.17245,0.0,Water Tank + DSM
2024-02-01 08:00:00,111.11703733889856,82.3,1.9,60.14986115764819,-50.967176181250366,54.79729729729729,49.79729729729729,522.4684029388973,52.252380793407966,,76.28230670187187,5.533759690098059,0.0,0.0,0.21280405405405406,1.0081634588436608,Water Tank + DSM
2024-02-01 09:00:00,96.36215588828743,79.5,1.15,79.15022851746922,-17.211927370818213,54.29054054054054,49.29054054054054,750.0486184043073,50.409953524197654,,66.15301942855773,31.786427162911263,0.0,0.0,0.21356418918918918,1.0754335455750668,Water Tank + DSM
2024-02-01 10:00:00,77.81750684477257,78.3,1.55,77.81750684477257,0.0,54.560810810810814,49.560810810810814,783.0909536562334,50.36110584394815,,53.42204099451736,34.27717156507793,5.291575669380099,0.0,0.21315878378378378,0.7818387891494895,Water Tank + DSM
2024-02-01 11:00:00,58.109621910063,76.5,3.35,58.109621910063,0.0,55.777027027027025,50.777027027027025,669.8796197464558,50.31234215172287,,39.89249629967842,25.596212993128596,3.9514432410375018,0.0,0.21133445945945947,0.2927246687935869,Water Tank + DSM
2024-02-01 12:00:00,65.25313061677647,73.3,2.7,65.25313061677647,0.0,55.33783783783783,50.33783783783783,867.8476974826198,50.263662303114025,,44.79654463594781,28.74279637063363,4.437200474841622,0.0,0.21199324324324326,0.4467547289368866,Water Tank + DSM
2024-02-01 13:00:00,77.95262690740849,80.1,1.55,77.95262690740849,0.0,54.560810810810814,49.560810810810814,729.1626685375136,50.21506615396204,,53.514801477575716,34.33668945194746,5.3007638079478845,0.0,0.21315878378378378,0.783196351354249,Water Tank + DSM
2024-02-01 14:00:00,95.09476016365426,80.8,2.0,95.09476016365426,0.0,54.864864864864856,49.864864864864856,875.9288853173232,50.16655356035525,,65.28294701037183,41.8874818949366,6.4664256100018145,0.0,0.21270270270270272,0.8363274833220642,Water Tank + DSM
2024-02-01 15:00:00,108.7854384640437,79.0,0.9,108.7854384640437,0.0,54.12162162162163,49.12162162162163,1044.5986824942242,50.11812437862936,,74.68165441004592,47.91797230734258,7.3973891313102245,0.0,0.21381756756756756,1.289772355892412,Water Tank + DSM
2024-02-01 16:00:00,108.79575834395263,84.3,0.6,108.79575834395263,0.0,53.91891891891892,48.91891891891892,855.4793208089319,50.069778465367186,,74.68873905037825,47.922518023448276,7.3980908811818304,0.0,0.21412162162162163,1.380732365147533,Water Tank + DSM
2024-02-01 17:00:00,120.53011282177205,81.0,1.6,120.53011282177205,0.0,54.5945945945946,49.5945945945946,1090.444332012192,50.02151567739804,,82.74442203709653,53.09128399848769,8.196024754526963,0.0,0.2131081081081081,1.194203280211068,Water Tank + DSM
2024-02-01 18:00:00,104.78177305332508,81.8,1.3,104.78177305332508,0.0,54.39189189189189,49.39189189189189,913.2873881455962,49.97333587179749,,71.93312151080528,46.15443179137463,7.125140644630258,0.0,0.21341216216216216,1.1256561447231441,Water Tank + DSM
2024-02-01 19:00:00,110.18516170370418,79.2,2.1,110.18516170370418,0.0,54.932432432432435,49.932432432432435,1084.6700332939772,49.92523890588679,,75.64257021578204,48.534524489169414,7.4925700454665725,0.0,0.21260135135135136,0.9383767494336193,Water Tank + DSM
2024-02-01 20:00:00,119.73597915632956,82.4,1.65,119.73597915632956,0.0,54.628378378378386,49.628378378378386,1029.9691257374373,49.87722463723254,,82.1992459841677,52.74148281621292,8.142023816271854,0.0,0.21305743243243241,1.1696730543422744,Water Tank + DSM
2024-02-01 21:00:00,122.25635770572573,84.4,1.05,122.25635770572573,0.0,54.222972972972975,49.222972972972975,967.8226399501783,49.82929292364619,,83.92949630503865,53.85166292155766,8.313409078411079,0.0,0.21366554054054054,1.3984468776231431,Water Tank + DSM
2024-02-01 22:00:00,123.5733985668825,80.6,1.1,123.5733985668825,0.0,54.25675675675675,49.25675675675675,1120.6152414262035,49.78144362318374,,84.83365031522199,54.4317950458898,8.402967606550234,0.0,0.21361486486486486,1.3963160281613594,Water Tank + DSM
2024-02-01 23:00:00,117.03123211898684,83.1,1.2,169.85629289482074,52.82506077583389,53.79267471256607,49.32432432432432,1384.7481401776251,55.22923553965954,,80.342425932133,104.37515257994374,7.958101532007717,0.0,0.2143109879311509,1.5461057660755073,Water Tank + DSM
2024-02-02 00:00:00,121.4655304658932,82.2,1.85,164.2412830206609,42.775752554767685,55.51979641321312,49.76351351351351,1470.781065216999,59.62219960451561,,75.62581796017628,42.39670322572941,0.0,42.77575255476769,0.21172030538018033,0.6716496419900666,Water Tank + DSM
2024-02-02 01:00:00,126.81668342072483,81.0,2.15,160.7375479417935,33.92086452106868,56.646215990734326,49.96621621621622,1576.8684813640805,63.086408727301354,,78.95750652801067,44.264486150410136,0.0,33.92086452106868,0.21003067601389852,0.16760341932660128,Water Tank + DSM
2024-02-02 02:00:00,111.85972745655417,83.8,2.2,144.73306565461735,32.873338198063195,58.01441673732801,50.0,1341.0307209850903,66.43568422279091,,69.64513597608394,39.04386412915856,0.0,32.87333819806318,0.20797837489400797,0.0,Water Tank + DSM
2024-02-02 03:00:00,103.10814388192097,77.8,2.65,121.17401566996922,18.06587178804826,58.604105454612636,50.304054054054056,1508.1094829793492,68.23873372725572,,64.19630070784031,35.98918441759152,0.0,18.065871788048256,0.20709384181808105,0.0,Water Tank + DSM
2024-02-02 04:00:00,83.56872977797242,78.3,2.75,99.57266483601454,16.003935058042117,59.7710480138889,50.37162162162163,1283.8769899502195,69.82417339086484,,52.03083970498701,29.169087079751712,0.0,16.003935058042117,0.20534342797916666,0.0,Water Tank + DSM
2024-02-02 05:00:00,103.10123250583905,79.1,1.55,117.86298151490399,14.761749009064939,59.22654609609155,49.560810810810814,1416.872747331264,71.27765860861223,,64.19199760664428,35.98677204957647,0.0,14.761749009064943,0.20616018085586268,0.0,Water Tank + DSM
2024-02-02 06:00:00,111.49839611679589,84.7,-0.05,132.83148980230806,21.33309368551217,59.63970378493597,48.479729729729726,1266.3360163468217,73.41228250496488,,69.42016698266619,38.9177439243636,0.0,21.333093685512168,0.20554044432259605,0.0,Water Tank + DSM
2024-02-02 07:00:00,115.74189640045209,82.4,0.0,0.0,-115.74189640045209,82.4,48.513513513513516,0.0,57.109542525110406,,72.06221842503693,0.0,0.0,0.0,0.1714,0.0,Water Tank + DSM
2024-02-02 08:00:00,123.17302959780339,81.1,0.2,68.10063794136292,-55.07239165644048,53.64864864864865,48.64864864864865,592.6362708040922,51.32059902660715,,76.68892630063884,0.0,0.0,0.0,0.21452702702702703,1.5420692207479787,Water Tank + DSM
2024-02-02 09:00:00,138.50227261088733,86.4,0.2,120.14890470693112,-18.35336790395621,53.64864864864865,48.64864864864865,876.3778005994981,49.36112841511487,,86.2330869948558,29.989892323452054,0.0,0.0,0.21452702702702703,1.7339842357884492,Water Tank + DSM
2024-02-02 10:00:00,137.87357155931417,85.7,1.0,137.87357155931417,0.0,54.189189189189186,49.189189189189186,1045.2549278874199,49.3140840702183,,85.84165058408745,48.12381647411453,0.0,0.0,0.21371621621621623,1.4477078368775846,Water Tank + DSM
2024-02-02 11:00:00,107.3889266120981,80.0,1.65,107.3889266120981,0.0,54.628378378378386,49.628378378378386,1011.1417704306679,49.267120612716184,,66.86156462458867,37.483362019163096,0.0,0.0,0.21305743243243241,0.9514219939147517,Water Tank + DSM
2024-02-02 12:00:00,105.91639698995762,77.4,1.85,105.91639698995762,0.0,54.76351351351351,49.76351351351351,1117.7764511462387,49.2202379035319,,65.94475096792553,36.96938574011893,0.0,0.0,0.21285472972972974,0.8849072663668945,Water Tank + DSM
2024-02-02 13:00:00,112.5648516269977,84.8,1.75,112.5648516269977,0.0,54.695945945945944,49.695945945945944,893.2614547994006,49.17343580382785,,70.08415428810008,39.289982843471314,0.0,0.0,0.21295608108108108,0.9688660788746817,Water Tank + DSM
2024-02-02 14:00:00,130.72731171999024,81.7,1.75,130.72731171999024,0.0,54.695945945945944,49.695945945945944,1156.4800299173644,49.12671417500522,,81.3923080946428,45.62946390824943,0.0,0.0,0.21295608108108108,1.1251936646056708,Water Tank + DSM
2024-02-02 15:00:00,116.05213024174235,82.8,0.8,116.05213024174235,0.0,54.054054054054056,49.054054054054056,964.4446052253162,49.08007287870351,,72.25537353592733,40.50719332226041,0.0,0.0,0.21391891891891893,1.2771625484458493,Water Tank + DSM
2024-02-02 16:00:00,102.43227202738773,81.1,1.55,102.43227202738773,0.0,54.560810810810814,49.560810810810814,922.0403595489477,49.03351177680007,,63.77549521973775,35.75327602180746,0.0,0.0,0.21315878378378378,0.9333629908510255,Water Tank + DSM
2024-02-02 17:00:00,85.79158880847235,77.4,2.8,85.79158880847235,0.0,55.4054054054054,50.4054054054054,931.8146310571324,48.98703073140978,,53.41481696789391,29.944960648716208,0.0,0.0,0.2118918918918919,0.5110498704495803,Water Tank + DSM
2024-02-02 18:00:00,81.40566792645767,75.8,4.6,81.40566792645767,0.0,56.621621621621614,51.621621621621614,1014.0130336205957,48.94062960488456,,50.684092844442986,28.4140853024918,0.0,0.0,0.2100675675675676,0.11506658916035939,Water Tank + DSM
2024-02-02 19:00:00,76.58937852353495,77.2,5.4,76.58937852353495,0.0,57.16216216216216,52.16216216216216,913.1002545934238,48.894308259813094,,47.68541639498529,26.73299280092587,0.0,0.0,0.20925675675675676,0.0,Water Tank + DSM
2024-02-02 20:00:00,81.71246100824924,73.7,6.15,81.71246100824924,0.0,57.66891891891892,52.66891891891892,1217.6606065067108,48.84806655902016,,50.87510569941524,28.52116930558744,0.0,0.0,0.20849662162162164,0.0,Water Tank + DSM
2024-02-02 21:00:00,74.62271408224561,76.4,5.55,74.62271408224561,0.0,57.26351351351351,52.26351351351351,931.5573859603995,48.801904365566536,,46.46094879125254,26.04654218121404,0.0,0.0,0.20910472972972974,0.0,Water Tank + DSM
2024-02-02 22:00:00,67.60987564041729,74.9,6.0,67.60987564041729,0.0,57.567567567567565,52.567567567567565,931.8615602815554,48.7558215427484,,42.09467597828562,23.598759431262042,0.0,0.0,0.20864864864864865,0.0,Water Tank + DSM
2024-02-02 23:00:00,76.63782521704408,71.2,6.95,112.23315460971924,35.59532939267515,56.486474372336104,53.20945945945946,1822.5146657406115,52.412913545956606,,47.71557985625732,62.3452321768621,0.0,0.0,0.21027028844149584,0.1470190385701876,Water Tank + DSM
2024-02-03 00:00:00,83.57620331571485,78.4,6.1,124.78962322446714,41.21341990875229,56.71070981538764,52.63513513513513,1374.6826981628778,56.64818543718607,,55.86423456045603,35.84415564686171,5.114334547979156,41.213419908752286,0.20993393527691853,0.09696584837533576,Water Tank + DSM
2024-02-03 01:00:00,101.07535702164445,77.3,5.15,133.84193381681058,32.76657679516612,57.341990305980865,51.99324324324325,1602.2363111484863,59.997423713329695,,67.56106677410254,43.34919134170234,6.18517197308393,32.76657679516613,0.2089870145410287,0.0,Water Tank + DSM
2024-02-03 02:00:00,93.1014276202945,77.6,4.5,121.04170923370357,27.940281613409066,57.92667461955666,51.554054054054056,1469.9615208750974,62.83880879159725,,62.23111105976142,39.92933311364459,5.69721797418766,27.94028161340907,0.20810998807066503,0.0,Water Tank + DSM
2024-02-03 03:00:00,75.89489673515031,76.7,5.55,97.91161141585039,22.016714680700083,59.320356186515916,52.26351351351351,1345.98673918144,65.05906120353181,,50.72987459286527,32.54979747166511,4.644287213210909,22.016714680700076,0.2060194657202261,0.0,Water Tank + DSM
2024-02-03 04:00:00,70.08113655648735,74.0,3.7,84.30574310265902,14.224606546171666,59.013389291605534,51.013513513513516,1343.9698818294376,66.4648586528022,,46.84382510253149,30.056392453608513,4.288521895383763,14.224606546171671,0.2064799160625917,0.0,Water Tank + DSM
2024-02-03 05:00:00,57.142856311079434,76.5,3.95,73.10295261908539,15.960096308005951,60.40351446003926,51.18243243243243,1085.0505007955248,68.048787530451,,38.19558441004628,24.507423817557584,3.496781052591927,15.960096308005951,0.2043947283099411,0.0,Water Tank + DSM
2024-02-03 06:00:00,75.16253077332753,75.0,3.4,86.23893434419668,11.076403570869152,59.72595638308445,50.81081081081081,1348.8908029968597,69.12192713164687,,50.24034453224731,32.23570041431406,4.59947105272842,11.076403570869147,0.20541106542537332,0.0,Water Tank + DSM
2024-02-03 07:00:00,84.90963695028563,79.1,3.1,0.0,-84.90963695028563,79.1,50.60810810810811,0.0,57.732072030391045,,56.7555319199576,0.0,0.0,0.0,0.17635,0.0,Water Tank + DSM
2024-02-03 08:00:00,102.54503079960321,79.9,2.85,55.40945629049749,-47.13557450910572,55.43918918918919,50.43918918918919,541.1452067419248,52.76763084842588,,68.5434301431239,3.11903711364382,0.0,0.0,0.2118412162162162,0.6418999606646587,Water Tank + DSM
2024-02-03 09:00:00,115.02874145160837,80.5,2.1,96.19083054515525,-18.83791090645312,54.932432432432435,49.932432432432435,898.7626958912535,50.75524983037005,,76.88782618387285,37.53463764152214,0.0,0.0,0.21260135135135136,0.9538246545512862,Water Tank + DSM
2024-02-03 10:00:00,100.40168689597566,83.2,1.75,100.40168689597566,0.0,54.695945945945944,49.695945945945944,841.4632487340602,50.70580845243844,,67.11077034493158,43.06026775004437,6.143947626188987,0.0,0.21295608108108108,0.9277610549035817,Water Tank + DSM
2024-02-03 11:00:00,91.3972901046932,76.4,2.4,91.3972901046932,0.0,55.13513513513513,50.13513513513513,1026.765973814489,50.656452083326684,,61.09202679751995,39.19846274708675,5.592935546597314,0.0,0.2122972972972973,0.6835702457884684,Water Tank + DSM
2024-02-03 12:00:00,83.40218225336834,77.9,2.45,83.40218225336834,0.0,55.16891891891892,50.16891891891892,876.5124701711159,50.60718057687173,,55.747914925683176,35.769521507033446,5.103685560636756,0.0,0.2122466216216216,0.6124737139808163,Water Tank + DSM
2024-02-03 13:00:00,99.74990491186325,80.8,2.3,99.74990491186325,0.0,55.06756756756757,50.06756756756757,926.045712349426,50.55799378716194,,66.6751044472455,42.780731542852806,6.104062694990279,0.0,0.21239864864864863,0.7730708056180609,Water Tank + DSM
2024-02-03 14:00:00,97.19042224681496,80.9,1.95,97.19042224681496,0.0,54.83108108108108,49.83108108108108,890.6380057739045,50.5088915685365,,64.96428803921188,41.68302081441888,5.9474385591778205,0.0,0.21275337837837838,0.8454136402940683,Water Tank + DSM
2024-02-03 15:00:00,106.62835857158319,77.7,1.7,106.62835857158319,0.0,54.66216216216216,49.66216216216216,1105.6859290158548,50.459873775585095,,71.27281926815277,45.73076221913704,6.52498051361491,0.0,0.21300675675675676,0.9997457621667919,Water Tank + DSM
2024-02-03 16:00:00,117.42361041910097,84.0,1.25,117.42361041910097,0.0,54.358108108108105,49.358108108108105,946.3467314456606,50.410940263147374,,78.48861105365417,50.36062900080671,7.18558158530196,0.0,0.21346283783783784,1.2441505508910329,Water Tank + DSM
2024-02-03 17:00:00,133.49080612329857,83.7,2.05,133.49080612329857,0.0,54.898648648648646,49.898648648648646,1107.233625743258,50.36209088631258,,89.22828998064934,57.25152665805357,8.168792245981361,0.0,0.21265202702702704,1.1249999263776478,Water Tank + DSM
2024-02-03 18:00:00,109.34792599947203,82.2,1.3,109.34792599947203,0.0,54.39189189189189,49.39189189189189,939.3769144770281,50.31332550041913,,73.09063997150113,46.897130088339516,6.69140082346638,0.0,0.21341216216216216,1.143769744418898,Water Tank + DSM
2024-02-03 19:00:00,97.1459178864197,77.5,1.55,97.1459178864197,0.0,54.560810810810814,49.560810810810814,1011.6895611214123,50.26464396105419,,64.93454031283225,41.663933787757166,5.94471517406489,0.0,0.21315878378378378,0.9503257724161789,Water Tank + DSM
2024-02-03 20:00:00,95.25144996720502,80.4,2.15,95.25144996720502,0.0,54.96621621621622,49.96621621621622,894.6669544686971,50.216046124053165,,63.66823488129121,40.851434532343525,5.828785730695978,0.0,0.21255067567567568,0.7769245418622422,Water Tank + DSM
2024-02-03 21:00:00,105.29662406759739,81.4,1.75,105.29662406759739,0.0,54.695945945945944,49.695945945945944,941.972068004605,50.167531845499376,,70.38265764616717,45.15960802754448,6.443486792767821,0.0,0.21295608108108108,0.9729926861085011,Water Tank + DSM
2024-02-03 22:00:00,116.69743494087889,79.9,1.8,116.69743494087889,0.0,54.729729729729726,49.729729729729726,1107.5777107578551,50.1191009817236,,78.00321885302735,50.04918691758598,7.141144243225808,0.0,0.21290540540540542,1.0625303324844821,Water Tank + DSM
2024-02-03 23:00:00,113.14095266084405,83.7,1.7,166.38210996836057,53.241157307516524,54.12098081179302,49.66216216216216,1343.9714997607246,55.60960018459681,,75.62598523365074,101.76504037851217,6.923510042670567,0.0,0.21381852878231047,1.30637197568843,Water Tank + DSM
2024-02-04 00:00:00,134.69263817614052,80.6,1.6,174.33141712558637,39.63877894944584,55.36454790016455,49.5945945945946,1650.4886686600066,59.67556101267639,,69.47374200784637,44.57642070087341,16.375301969461308,41.09141397789208,0.21195317814975317,0.6817258635009508,Water Tank + DSM
2024-02-04 01:00:00,132.41916519344534,85.8,1.4,173.86021971541297,41.44105452196764,56.59957081491973,49.45945945945947,1422.5293815578225,63.9220274777064,,68.30109680911602,43.8240166385507,16.0989037407596,42.86917056752357,0.21010064377762042,0.16409851521217778,Water Tank + DSM
2024-02-04 02:00:00,138.27930953349875,83.8,0.7,169.82992760616457,31.550618072665834,57.12701162080855,48.98648648648649,1521.184494731813,67.132259511725,,71.32372790107819,45.763426713275464,16.811352724255737,33.041934684009036,0.20930948256878718,0.0,Water Tank + DSM
2024-02-04 03:00:00,130.67415364314272,82.7,0.65,155.40048775112865,24.72633410798593,57.933696616103624,48.9527027027027,1499.080639338148,69.62702027122656,,67.40102918932601,43.24650646392298,15.886753385229145,26.135630528821938,0.20809945507584457,0.0,Water Tank + DSM
2024-02-04 04:00:00,137.6614893046953,84.5,0.4,161.29055564343236,23.629066338737054,58.53072167140927,48.783783783783775,1483.816667201753,72.0033394569248,,71.00505953312336,45.558959603494465,16.736241025899453,25.113719873925593,0.2072039174928861,0.0,Water Tank + DSM
2024-02-04 05:00:00,144.2382582595652,85.7,0.5,166.0069585933818,21.768700333816593,59.172883352047755,48.851351351351354,1495.0793515997111,74.18203319366194,,74.39732176662666,47.73553602039813,17.535813883612256,23.324283097856863,0.20624067497192836,0.0,Water Tank + DSM
2024-02-04 06:00:00,135.50078033571035,84.7,0.2,152.23647273807052,16.735692402360165,59.71444922655062,48.64864864864865,1455.6379940034938,75.83338131919467,,69.89057740924518,44.84387470117287,16.473552119405678,18.197043093554207,0.20542832616017406,0.0,Water Tank + DSM
2024-02-04 07:00:00,116.8447840959505,82.2,0.45,0.0,-116.8447840959505,82.2,48.817567567567565,0.0,57.78458324624173,,60.267914380212474,0.0,0.0,0.0,0.1717,0.0,Water Tank + DSM
2024-02-04 08:00:00,99.38835163921031,81.0,0.4,47.24779663762303,-52.14055500158728,53.783783783783775,48.783783783783775,414.7196275835164,52.299289548674004,,51.26397993138977,0.0,0.0,0.0,0.21432432432432433,0.989256261378713,Water Tank + DSM
2024-02-04 09:00:00,80.57091423188463,80.2,0.2,62.318768103599105,-18.252146128285524,53.64864864864865,48.64864864864865,560.7031630157487,50.34852192696078,,41.55804641202598,19.07711120847504,0.0,0.0,0.21452702702702703,0.8356536900147915,Water Tank + DSM
2024-02-04 10:00:00,89.7921841515883,77.7,-0.15,89.7921841515883,0.0,53.41216216216216,48.41216216216216,883.1825041827665,50.299779871347944,,46.31432809201233,29.71665141161755,10.916514442733655,0.968391990427262,0.21488175675675675,0.9970097925753466,Water Tank + DSM
2024-02-04 11:00:00,97.21181022231126,83.8,-0.35,97.21181022231126,0.0,53.27702702702703,48.27702702702703,760.839364686522,50.251121622149874,,50.14133151559964,32.17217071579213,11.81855793266582,1.0484112763678224,0.21508445945945945,1.120048932368731,Water Tank + DSM
2024-02-04 12:00:00,114.59879532136507,82.4,-0.2,114.59879532136507,0.0,53.378378378378386,48.378378378378386,943.3202398069104,50.20254703527088,,59.10944538895244,37.92637950544915,13.93238638825817,1.2359266739126324,0.21493243243243243,1.2844322727761528,Water Tank + DSM
2024-02-04 13:00:00,121.03348843837455,82.0,0.15,121.03348843837455,0.0,53.61486486486487,48.61486486486487,1018.6274153367709,50.15405596686317,,62.428425665559494,40.05593603763116,14.71468632906154,1.3053236413017943,0.21457770270270268,1.2679719429099428,Water Tank + DSM
2024-02-04 14:00:00,122.60532131417001,85.3,0.0,122.60532131417001,0.0,53.513513513513516,48.513513513513516,921.4410793892782,50.105648273326295,,63.2391686517475,40.57613286866579,14.905782430045305,1.3222755662559849,0.21472972972972973,1.322895041525744,Water Tank + DSM
2024-02-04 15:00:00,142.80137185835767,82.6,0.1,142.80137185835767,0.0,53.58108108108108,48.58108108108108,1175.579290023152,50.05732381130661,,73.65618344990938,47.2599996170215,17.36112394484355,1.5400862116929857,0.2146283783783784,1.5109471145535467,Water Tank + DSM
2024-02-04 16:00:00,132.25005606865656,87.5,-0.2,132.25005606865656,0.0,53.378378378378386,48.378378378378386,925.9061699375654,50.00908243769702,,68.2138712274819,43.768050109176755,16.07834424306392,1.4262922351263236,0.21493243243243243,1.4822689855917657,Water Tank + DSM
2024-02-04 17:00:00,130.2106319289683,83.3,-1.2,115.51637722373265,-14.694254705235648,52.7027027027027,47.7027027027027,901.9059871943729,48.4324411409848,,67.16194716953903,43.093104323948495,2.5404432999489117,0.0,0.21594594594594596,1.7316891243173043,Water Tank + DSM
2024-02-04 18:00:00,108.26172663186564,83.3,-1.85,108.26172663186564,0.0,52.263513513513516,47.263513513513516,833.3034398112678,48.386993568113226,,55.840819269650005,35.82913169934375,13.161955169470493,1.1675825678004739,0.21660472972972972,1.586935715190188,Water Tank + DSM
2024-02-04 19:00:00,121.5628070681825,83.0,-2.1,121.5628070681825,0.0,52.0945945945946,47.0945945945946,939.6520188002008,48.341624137168445,,62.70144538233966,40.23111361412404,14.779038416291664,1.3110322441867024,0.2168581081081081,1.8454560546315637,Water Tank + DSM
2024-02-04 20:00:00,141.03337119280312,87.2,-1.95,141.03337119280312,0.0,52.195945945945944,47.195945945945944,962.5079323804064,48.29633271379428,,72.74425816749111,46.674881213117935,17.14617868003402,1.5210186536446961,0.21670608108108108,2.096804090152143,Water Tank + DSM
2024-02-04 21:00:00,149.9457749569584,88.6,-2.25,149.9457749569584,0.0,51.99324324324324,46.99324324324324,978.5291229078712,48.25111916386559,,77.34122833724136,49.6244340990559,18.229707111045617,1.6171372691145158,0.21701013513513515,2.3233723053201025,Water Tank + DSM
2024-02-04 22:00:00,140.49922240012543,86.0,-3.2,140.49922240012543,0.0,51.351351351351354,46.351351351351354,968.6979831003132,48.205983353487845,,72.46874707854977,46.4981050980928,17.08123936415781,1.5152579583524177,0.21797297297297297,2.4561029415270643,Water Tank + DSM
2024-02-04 23:00:00,151.01792249170654,86.0,-4.0,151.01792249170654,0.0,50.81081081081081,45.81081081081081,1025.2269345248446,48.16092514899677,,77.89423629841913,49.979260466773475,18.360053801666936,1.6287001806865704,0.2187837837837838,2.892612991189944,Water Tank + DSM
2024-02-05 00:00:00,149.18946033577396,92.7,-4.7,219.7889910500732,70.59953071429923,50.83935540181269,45.33783783783784,1254.4907926783494,55.46063746903026,,67.17491971240219,43.10142789356653,15.833458271769352,75.0281556976168,0.21874096689728098,2.4830448375592606,Water Tank + DSM
2024-02-05 01:00:00,170.9120001837854,86.6,-5.05,170.9120001837854,0.0,50.101351351351354,45.101351351351354,1118.6559775150356,55.403105712822374,,76.9558376603286,49.37715596991298,18.13886863699381,5.0734492387006,0.21984797297297298,3.185347712886303,Water Tank + DSM
2024-02-05 02:00:00,148.7133930564271,92.3,-5.25,207.2153882894374,58.50199523301031,52.76795145775929,44.96621621621621,1252.3682993786622,61.431821470742825,,66.96056287247629,42.963890164915504,15.782933312532096,62.91648836383433,0.21584807281336107,1.700282114952485,Water Tank + DSM
2024-02-05 03:00:00,159.84182277593604,86.2,-3.35,159.84182277593604,0.0,51.25,46.25,1092.5567873286734,61.364022943539396,,71.97131477982045,46.17893772956591,16.96399212994181,4.744835782174788,0.218125,2.483010359903805,Water Tank + DSM
2024-02-05 04:00:00,152.05477763130733,88.5,-3.45,152.05477763130733,0.0,51.182432432432435,46.182432432432435,973.3914307113522,61.29634098818375,,68.46507425042928,43.92922944555061,16.13755402848098,4.5136806952396356,0.21822635135135135,2.3898011728224158,Water Tank + DSM
2024-02-05 05:00:00,158.90990089476216,88.7,-2.45,158.90990089476216,0.0,51.85810810810811,46.85810810810811,1030.4093929855878,61.2287754042439,,71.55170217846648,45.90970179511417,16.865087380337478,4.717172081829078,0.21721283783783785,2.2074667036951197,Water Tank + DSM
2024-02-05 06:00:00,150.7347076150375,87.6,-2.6,150.7347076150375,0.0,51.75675675675676,46.75675675675676,1004.6313799653014,61.1613259916324,,67.870691797687,43.54785597256762,15.997455167131255,4.474494984395026,0.21736486486486487,2.1351752770948016,Water Tank + DSM
2024-02-05 07:00:00,155.52568461474016,86.0,-2.7,57.43644348724301,-98.08924112749715,51.68918918918919,46.68918918918919,399.90546124095107,50.89096010582088,,70.02790514623491,0.0,0.0,0.0,0.2174662162162162,2.2314297342543488,Water Tank + DSM
2024-02-05 08:00:00,154.48895254667966,90.4,-3.15,124.52293346961923,-29.96601907706042,51.38513513513514,46.38513513513514,762.4651744479056,47.72427425121119,,69.56110009661214,35.64828400442907,0.0,0.0,0.21792229729729728,2.343457061362892,Water Tank + DSM
2024-02-05 09:00:00,188.55481928614466,87.4,-2.8,188.55481928614466,0.0,51.62162162162163,46.62162162162163,1258.976896272879,47.680044290672754,,84.89979666409498,54.47423651211823,20.01129876325653,5.5971687378998665,0.21756756756756757,2.7397393842413322,Water Tank + DSM
2024-02-05 10:00:00,159.018075867888,94.7,-2.6,159.018075867888,0.0,51.75675675675676,46.75675675675676,884.6111909121345,47.63589037851532,,71.60040967508364,45.9409539746822,16.876567976347296,4.720383209394502,0.21736486486486487,2.2525101854539815,Water Tank + DSM
2024-02-05 11:00:00,138.94024241696977,82.1,-2.2,138.94024241696977,0.0,52.027027027027025,47.027027027027025,1103.7036131702648,47.59181238398234,,62.56004685703405,40.14038811167746,14.74571008989096,4.124381356237426,0.21695945945945946,1.8666565332477196,Water Tank + DSM
2024-02-05 12:00:00,110.64332184952707,81.6,-1.85,110.64332184952707,0.0,52.263513513513516,47.263513513513516,900.9856690895566,47.54781017654214,,49.8189097623087,31.965295322263056,11.742561542964138,3.2843994359738566,0.21660472972972972,1.4157995571639883,Water Tank + DSM
2024-02-05 13:00:00,120.61850962821264,86.3,-0.8,120.61850962821264,0.0,52.972972972972975,47.972972972972975,864.6058313256902,47.50388362588742,,54.31039620271283,34.84716670781633,12.801226941253061,3.5805085961688534,0.21554054054054053,1.3122566001412228,Water Tank + DSM
2024-02-05 14:00:00,137.20902980435088,83.7,-0.6,137.20902980435088,0.0,53.10810810810811,48.10810810810811,1071.4628893228253,47.46003260193495,,61.78054093217827,39.64023390893896,14.561976717575186,4.072991054198509,0.21533783783783783,1.442659117983837,Water Tank + DSM
2024-02-05 15:00:00,118.86035390904715,84.7,0.0,118.86035390904715,0.0,53.513513513513516,48.513513513513516,910.4819610767532,47.416256974825195,,53.518758716988096,34.33922853453841,12.614634100498584,3.5283184995967845,0.21472972972972973,1.1195545742418582,Water Tank + DSM
2024-02-05 16:00:00,119.60211964993445,81.5,-0.7,119.60211964993445,0.0,53.04054054054054,48.04054054054054,1003.9521298207825,47.37255661492181,,53.85275050151074,34.55352760447818,12.693357603347472,3.5503374966792136,0.2154391891891892,1.279366694346701,Water Tank + DSM
2024-02-05 17:00:00,119.15928531941077,83.9,-0.6,119.15928531941077,0.0,53.10810810810811,48.10810810810811,924.4688719094282,47.32893139281144,,53.65335732365573,34.42559100679289,12.646359652702213,3.537192149982376,0.21533783783783783,1.252878398044284,Water Tank + DSM
2024-02-05 18:00:00,125.61059121619749,85.2,-0.9,125.61059121619749,0.0,52.9054054054054,47.9054054054054,929.1743203325285,47.2853811793032,,56.55816008037486,36.28939891456248,13.331035919278253,3.7286963916709737,0.2156418918918919,1.3894964192719126,Water Tank + DSM
2024-02-05 19:00:00,131.9094536575288,83.5,-1.3,131.9094536575288,0.0,52.63513513513513,47.63513513513513,1020.9684406550239,47.24190584542836,,59.394322754491284,38.10916530231873,13.99953338149824,3.9156754149302415,0.2160472972972973,1.5554891553811385,Water Tank + DSM
2024-02-05 20:00:00,122.45869723603825,86.6,-2.3,122.45869723603825,0.0,51.95945945945946,46.95945945945946,844.5118554533786,47.19850526243988,,55.138969846810944,35.378804219680916,12.996525815819385,3.635133774084681,0.2170608108108108,1.667581277258958,Water Tank + DSM
2024-02-05 21:00:00,138.23034143926773,84.1,-3.1,138.23034143926773,0.0,51.41891891891892,46.41891891891892,1010.4335137202033,47.15517930181215,,62.24040268730811,39.93529489843618,14.670368390267972,4.103308250949311,0.21787162162162163,2.08421240350202,Water Tank + DSM
2024-02-05 22:00:00,155.9687323079109,89.2,-3.95,155.9687323079109,0.0,50.8445945945946,45.8445945945946,971.4305132301885,47.111927835240486,,70.22739439400434,45.05998650367414,16.552941535816437,4.629864756937878,0.21873310810810812,2.593668498362349,Water Tank + DSM
2024-02-05 23:00:00,164.44641658397393,92.6,-4.75,164.44641658397393,0.0,50.30405405405405,45.30405405405405,928.8090704517081,47.06875073464087,,74.04460614146899,47.50922317700725,17.452677079628792,4.881521169536673,0.21954391891891892,2.9747920818728035,Water Tank + DSM
2024-02-06 00:00:00,157.23431171759626,87.7,-5.55,157.23431171759626,0.0,49.763513513513516,44.763513513513516,990.127206160136,47.02564787214946,,57.75933274050998,37.06010704521886,13.614158210646297,22.009207515833108,0.22035472972972972,2.507847785071061,Water Tank + DSM
2024-02-06 01:00:00,161.93648524683445,88.7,-6.35,161.93648524683445,0.0,49.222972972972975,44.222972972972975,979.9435210987567,46.98261912012231,,59.486655501757475,38.1684087411728,14.021296663199449,22.667404265956822,0.22116554054054055,2.775775965507682,Water Tank + DSM
2024-02-06 02:00:00,157.87957796118766,95.0,-6.95,157.87957796118766,0.0,48.817567567567565,43.817567567567565,816.6762562866145,46.93966435113488,,57.99636845658672,37.21219621582631,13.670028692300587,22.099530031974957,0.22177364864864865,2.84730819733486,Water Tank + DSM
2024-02-06 03:00:00,173.20942333475276,86.0,-4.45,173.20942333475276,0.0,50.50675675675676,45.50675675675676,1165.8068596455296,46.89678343798182,,63.6277197190429,40.82543879834462,14.997365823621545,24.2453577735586,0.21923986486486485,2.4789015668919006,Water Tank + DSM
2024-02-06 04:00:00,160.85486420655965,92.1,-5.35,160.85486420655965,0.0,49.898648648648646,44.898648648648646,910.5601009772816,46.853976253676365,,59.08932677063054,37.913470801119736,13.927644331177207,22.51600205820171,0.22015202702702702,2.5176844230783537,Water Tank + DSM
2024-02-06 05:00:00,174.66947052871112,91.4,-6.15,174.66947052871112,0.0,49.35810810810811,44.35810810810811,992.5114568751063,46.81124267145018,,64.16406163304036,41.16957173414016,15.123784245125245,24.449730987799875,0.22096283783783782,2.942008934066295,Water Tank + DSM
2024-02-06 06:00:00,185.7837140941984,90.7,-6.4,185.7837140941984,0.0,49.18918918918919,44.18918918918919,1069.17107379522,46.76858256475287,,68.24683011560313,43.78919751278946,16.08611281475683,26.005470891782597,0.2212162162162162,3.1983784708231293,Water Tank + DSM
2024-02-06 07:00:00,197.66276720348475,95.9,-7.15,176.47587754612135,-21.18688965736339,48.682432432432435,43.682432432432435,892.8582496585965,44.52219940997053,,72.6105480197066,46.5890888025271,17.114662541949713,6.481376982483816,0.22197635135135135,3.623658835632113,Water Tank + DSM
2024-02-06 08:00:00,210.039775460293,95.2,-7.5,210.039775460293,0.0,48.44594594594595,43.44594594594595,1073.2058880572984,44.483475052524575,,77.15718755676271,49.50634805647872,18.186327795811767,29.400764719773537,0.22233108108108107,3.960040518116008,Water Tank + DSM
2024-02-06 09:00:00,190.59341315245794,94.9,-8.35,190.59341315245794,0.0,47.87162162162162,42.87162162162162,968.1633977024953,44.44481727720198,,70.01365190693508,44.92284296210164,16.502561382562746,26.678718756740142,0.22319256756756756,3.8346666375514578,Water Tank + DSM
2024-02-06 10:00:00,195.07531302800734,92.6,-10.65,195.07531302800734,0.0,46.31756756756757,41.31756756756757,1006.9013257934877,44.40622596952238,,71.6600581104771,45.97922618621713,16.890627405324985,27.30608223325234,0.22552364864864866,4.593022373216118,Water Tank + DSM
2024-02-06 11:00:00,179.1431513056342,97.3,-9.4,179.1431513056342,0.0,47.16216216216216,42.16216216216216,853.5626130225711,44.3677010152022,,65.80744858685756,42.224017717766735,15.51113861590882,25.075943978484368,0.22425675675675677,3.884418046316133,Water Tank + DSM
2024-02-06 12:00:00,179.2371768269914,90.1,-7.05,179.2371768269914,0.0,48.75,43.75,1035.507757631625,44.329242300154434,,65.84198844851272,42.24617952105518,15.519279830823121,25.0891054010055,0.221875,3.2591784282013796,Water Tank + DSM
2024-02-06 13:00:00,157.9551441843572,90.1,-5.65,157.9551441843572,0.0,49.69594594594595,44.69594594594595,933.919851367292,44.29084971048816,,58.02412737625454,37.23000716490654,13.676571605907503,22.11010757493462,0.22045608108108108,2.542868176772883,Water Tank + DSM
2024-02-06 14:00:00,171.8609281570065,89.3,-4.7,171.8609281570065,0.0,50.33783783783784,45.33783783783784,1053.743428793822,44.25252313250834,,63.13235594748704,40.50759865842022,14.88060615141269,24.056599290267602,0.21949324324324324,2.5235879580090086,Water Tank + DSM
2024-02-06 15:00:00,165.0442937824378,91.6,-3.25,165.0442937824378,0.0,51.317567567567565,46.317567567567565,978.7811624998635,44.214262452715396,,60.62829529615625,38.90091881322608,14.2903867659252,23.10242638188291,0.21802364864864865,2.0670971490838146,Water Tank + DSM
2024-02-06 16:00:00,151.62915135375596,87.1,-3.5,151.62915135375596,0.0,51.148648648648646,46.148648648648646,1007.5538360983784,44.17606755780486,,55.70030173778299,35.73897146850941,13.128834497547194,21.224613261184313,0.21827702702702703,1.9555322150643284,Water Tank + DSM
2024-02-06 17:00:00,152.58618287489682,85.7,-4.35,152.58618287489682,0.0,50.57432432432432,45.57432432432432,1037.746548722797,44.137938334667176,,56.05186305712158,35.9645436749298,13.21169922598375,21.358575785762373,0.21913851351351352,2.1610265581347012,Water Tank + DSM
2024-02-06 18:00:00,166.33898236996671,92.7,-4.8,166.33898236996671,0.0,50.270270270270274,45.270270270270274,936.5361611385572,44.0998746703872,,61.10389345348933,39.20607674675793,14.402487585851798,23.283653173160403,0.2195945945945946,2.467276130257108,Water Tank + DSM
2024-02-06 19:00:00,189.21469394098725,91.7,-5.25,189.21469394098725,0.0,49.96621621621621,44.96621621621621,1083.098299289391,44.0618764522439,,69.50718546954515,44.59787902131641,16.383184757524745,26.48572959998519,0.22005067567567568,2.933391084072833,Water Tank + DSM
2024-02-06 20:00:00,192.78914370122234,92.3,-5.65,192.78914370122234,0.0,49.69594594594595,44.69594594594595,1081.0167501934961,44.02394356771012,,70.82024386507187,45.44037636998668,16.69267906586153,26.98607081475282,0.22045608108108108,3.1036493358706476,Water Tank + DSM
2024-02-06 21:00:00,203.43178706474447,94.3,-5.9,203.43178706474447,0.0,49.527027027027025,44.527027027027025,1085.4345898624074,43.98607590445214,,74.72977208799767,47.948846041699426,17.614174056030777,28.475797476484686,0.22070945945945947,3.3507214025402208,Water Tank + DSM
2024-02-06 22:00:00,190.39652415113056,94.8,-5.9,190.39652415113056,0.0,49.527027027027025,44.527027027027025,1004.6638533994334,43.94827335032941,,69.9413255984062,44.87643624981657,16.485513716663835,26.65115879962606,0.22070945945945947,3.1360178153447547,Water Tank + DSM
2024-02-06 23:00:00,166.1579433850012,89.2,-6.05,166.1579433850012,0.0,49.42567567567568,44.42567567567568,997.9736473473582,43.910535793394224,,61.03738957874723,39.16340588129041,14.386812296173028,23.258311855829373,0.22086148648648649,2.77390190747739,Water Tank + DSM
2024-02-07 00:00:00,160.13291523005617,88.1,-6.1,160.13291523005617,0.0,49.39189189189189,44.39189189189189,988.2787124569945,43.8728631218913,,55.42075540111465,35.55960621843682,13.062944053976674,36.91919875390876,0.22091216216216217,2.5298825911481813,Water Tank + DSM
2024-02-07 01:00:00,168.76208709957066,93.5,-6.4,168.76208709957066,0.0,49.18918918918919,44.18918918918919,909.8419706117671,43.83525522425747,,58.407244611078006,37.47582658593783,13.766874218500773,38.908684243975244,0.2212162162162162,2.7372476258272758,Water Tank + DSM
2024-02-07 02:00:00,179.92570577963818,91.9,-7.05,179.92570577963818,0.0,48.75,43.75,996.1235115209842,43.79771198912152,,62.27088613268824,39.95485398430668,14.677553487957294,41.482495232616394,0.221875,3.0824088635680678,Water Tank + DSM
2024-02-07 03:00:00,162.96175221384289,91.1,-6.3,162.96175221384289,0.0,49.25675675675676,44.25675675675676,930.3816209715773,43.760233305303586,,56.39979386002758,36.18778643394772,13.293708223878516,37.57139692751215,0.22111486486486487,2.6203039363618212,Water Tank + DSM
2024-02-07 04:00:00,169.94877596056548,89.1,-6.4,169.94877596056548,0.0,49.18918918918919,44.18918918918919,1017.2513295536462,43.72281906181505,,58.81794838804939,37.7393463535019,13.863679114473484,39.18227947488187,0.2212162162162162,2.7564952028345293,Water Tank + DSM
2024-02-07 05:00:00,178.77096392089652,93.7,-6.95,178.77096392089652,0.0,48.817567567567565,43.817567567567565,951.5275608501162,43.685469147858115,,61.87123896450418,39.6984284660314,14.583354688941762,41.21626549383288,0.22177364864864865,3.037543394027618,Water Tank + DSM
2024-02-07 06:00:00,194.80730687852457,94.0,-7.5,194.80730687852457,0.0,48.44594594594595,43.44594594594595,1021.5955339407283,43.648183452825435,,67.42129242669381,43.2595079601367,15.89152952972902,44.9134999573905,0.22233108108108107,3.460352278872742,Water Tank + DSM
2024-02-07 07:00:00,186.9327658570294,94.4,-8.75,186.9327658570294,0.0,47.601351351351354,42.601351351351354,954.2296242966182,43.61096186629996,,64.69597507878098,41.51086323289241,15.249158854925815,43.097997225483574,0.22359797297297296,3.6483284324831473,Water Tank + DSM
2024-02-07 08:00:00,203.00461529800648,93.0,-9.7,203.00461529800648,0.0,46.95945945945946,41.95945945945946,1053.33441492835,43.57380427805435,,70.25831705845631,45.07982740557413,16.56023015959669,46.80341783187094,0.2245608108108108,4.232588884413491,Water Tank + DSM
2024-02-07 09:00:00,212.3848094444495,99.5,-10.2,212.3848094444495,0.0,46.62162162162162,41.62162162162162,959.5024742576055,43.53671057805086,,73.50472923210673,47.16282208296943,17.325425442367795,48.96605411152183,0.22506756756756757,4.577159355426322,Water Tank + DSM
2024-02-07 10:00:00,235.06469721557616,97.7,-10.45,235.06469721557616,0.0,46.4527027027027,41.4527027027027,1095.7644839913457,43.4996806564409,,81.35406183735253,52.19918751140715,19.17555166207137,54.194980863624124,0.22532094594594596,5.148392859247594,Water Tank + DSM
2024-02-07 11:00:00,202.85194314739132,99.0,-10.0,202.85194314739132,0.0,46.75675675675676,41.75675675675676,927.5766728715207,43.462714403564824,,70.20547841560983,45.0459245596252,16.54777583214489,46.76821873826391,0.22486486486486487,4.314790754516129,Water Tank + DSM
2024-02-07 12:00:00,192.80464164399643,90.6,-9.15,192.80464164399643,0.0,47.33108108108108,42.33108108108108,1064.4915458220255,43.4258117099515,,66.7281855788378,42.81478997679853,15.728160843910112,44.451778544744855,0.2240033783783784,3.8711364958101444,Water Tank + DSM
2024-02-07 13:00:00,167.08741850038422,93.9,-8.0,167.08741850038422,0.0,48.10810810810811,43.10810810810811,871.6777056443653,43.388972466318,,57.82765484541303,37.103944541275766,13.630262066097904,38.52258359270396,0.22283783783783784,3.085183531482304,Water Tank + DSM
2024-02-07 14:00:00,178.12083493329467,90.9,-7.05,178.12083493329467,0.0,48.75,43.75,1009.5269546927575,43.35219656356932,,61.64623438284592,39.55405882936364,14.530320004718906,41.06637600187885,0.221875,3.0514886019508727,Water Tank + DSM
2024-02-07 15:00:00,181.06391951436018,92.4,-6.9,181.06391951436018,0.0,48.851351351351354,43.851351351351354,993.2487114981162,43.31548389279804,,62.66481304581283,40.207609216677135,14.770403994780208,41.7449143551076,0.22172297297297297,3.0638012648614965,Water Tank + DSM
2024-02-07 16:00:00,189.32409392375342,93.9,-6.55,189.32409392375342,0.0,49.08783783783784,44.08783783783784,1009.2779010790434,43.27883434528394,,65.52359510730125,42.041888876618664,15.44423295762008,43.649326201505446,0.22136824324324325,3.110599859620936,Water Tank + DSM
2024-02-07 17:00:00,190.78861302920646,92.9,-6.7,190.78861302920646,0.0,48.986486486486484,43.986486486486484,1037.8988733165318,43.242247812493765,,66.03045376910082,42.36710448025936,15.563702031876478,43.98697615845177,0.22152027027027027,3.174815601492713,Water Tank + DSM
2024-02-07 18:00:00,187.13495177783855,93.0,-7.4,187.13495177783855,0.0,48.513513513513516,43.513513513513516,1004.9109506054764,43.20572418608085,,64.76595005205,41.55576125848919,15.265652299563586,43.1446118904628,0.22222972972972974,3.2978121594070853,Water Tank + DSM
2024-02-07 19:00:00,175.86252944292517,93.7,-7.9,175.86252944292517,0.0,48.17567567567568,43.17567567567568,922.8488655272965,43.16926335788488,,60.864652432483275,39.05257258686875,14.346097303002,40.54571584199721,0.22273648648648647,3.2225365977090465,Water Tank + DSM
2024-02-07 20:00:00,171.84297696765535,90.8,-8.35,171.84297696765535,0.0,47.87162162162162,42.87162162162162,956.2866223553197,43.13286521993146,,59.47351661113241,38.159978437879516,14.018199762193241,39.61899408386863,0.22319256756756756,3.2573805787151304,Water Tank + DSM
2024-02-07 21:00:00,185.091291174304,92.6,-8.6,185.091291174304,0.0,47.7027027027027,42.7027027027027,984.8420027603463,43.09652966443184,,64.05865502611067,41.10193971779334,15.09893939053464,42.67343885337027,0.22344594594594594,3.573434161456552,Water Tank + DSM
2024-02-07 22:00:00,197.738082668999,97.6,-9.0,197.738082668999,0.0,47.432432432432435,42.432432432432435,941.6034704566714,43.06025658378265,,68.43561111305533,43.91032501966549,16.1306094223964,45.58920047627645,0.22385135135135134,3.928574000111608,Water Tank + DSM
2024-02-07 23:00:00,218.12362223193696,94.5,-9.4,218.12362223193696,0.0,47.16216216216216,42.16216216216216,1100.7661336466454,43.024045870565494,,75.49088766387702,48.437200449161075,17.793572732832686,50.289157294951266,0.22425675675675677,4.456002666429931,Water Tank + DSM
2024-02-08 00:00:00,217.10639987994097,98.2,-9.4,217.10639987994097,0.0,47.16216216216216,42.16216216216216,1016.2045476779922,42.98789741754666,,82.52482359406325,52.95038310127097,19.451505954245093,35.78035525520861,0.22425675675675677,4.871194992687409,Water Tank + DSM
2024-02-08 01:00:00,230.0936382065931,97.6,-9.45,230.0936382065931,0.0,47.12837837837837,42.12837837837837,1089.0758520266477,42.95181111767684,,87.46143325860429,56.11785879615618,20.61508908113483,37.92072514466671,0.22430743243243245,5.18031705368193,Water Tank + DSM
2024-02-08 02:00:00,221.7601832310454,98.0,-9.7,221.7601832310454,0.0,46.95945945945946,41.95945945945946,1037.9324325343184,42.91578686409076,,84.29378411437617,54.08540082275485,19.868458630968735,36.54732491467224,0.2245608108108108,5.078130940295797,Water Tank + DSM
2024-02-08 03:00:00,208.31598300390462,95.9,-9.0,208.31598300390462,0.0,47.432432432432435,42.432432432432435,1026.7675717757616,42.8798245501069,,79.18347758853632,50.80647605171649,18.663934301363962,34.33164513500998,0.22385135135135134,4.545559632379759,Water Tank + DSM
2024-02-08 04:00:00,193.68621662601169,93.8,-8.7,193.68621662601169,0.0,47.63513513513513,42.63513513513513,1002.2773667685501,42.8439240692272,,73.6225227284971,47.238401896279775,17.35318994759933,31.920577388544714,0.2235472972972973,4.136789858176907,Water Tank + DSM
2024-02-08 05:00:00,192.99767166267128,93.4,-8.0,192.99767166267128,0.0,48.10810810810811,43.10810810810811,1017.9639158185486,42.8080853151366,,73.36079828523947,47.07047170347345,17.291500211775844,31.807101307640934,0.22283783783783784,3.913897724731422,Water Tank + DSM
2024-02-08 06:00:00,175.90680303662458,95.2,-8.0,175.90680303662458,0.0,48.10810810810811,43.10810810810811,892.3542027190954,42.772308181702975,,66.8643480690608,42.90215588328985,15.760255011143306,28.990430074557906,0.22283783783783784,3.567303326711512,Water Tank + DSM
2024-02-08 07:00:00,186.80228677044943,89.0,-7.95,186.80228677044943,0.0,48.14189189189189,43.14189189189189,1092.2063853069144,42.736592562976604,,71.00585598224579,45.55947062895707,16.736428752866594,30.786067047439325,0.22278716216216216,3.77386529159693,Water Tank + DSM
2024-02-08 08:00:00,173.20116655785816,96.1,-7.65,173.20116655785816,0.0,48.3445945945946,43.3445945945946,866.4211646538013,42.70093835318996,,65.83590223216545,42.24227442349557,15.517845279758827,28.54452597198309,0.22248310810810812,3.4190185443001586,Water Tank + DSM
2024-02-08 09:00:00,185.78894250625876,91.1,-6.85,185.78894250625876,0.0,48.88513513513513,43.88513513513513,1051.3691642554709,42.66534544675736,,70.62067131385908,45.312324681016136,16.64563883603547,30.619062215759467,0.22167229729729732,3.4384632262680324,Water Tank + DSM
2024-02-08 10:00:00,168.75561352504891,91.4,-6.4,168.75561352504891,0.0,49.18918918918919,44.18918918918919,955.0702336895276,42.62981373827465,,64.14609262722745,41.158042285177956,15.11954886226298,27.81187383962888,0.2212162162162162,3.0061979625841166,Water Tank + DSM
2024-02-08 11:00:00,168.30205413017143,90.8,-5.9,168.30205413017143,0.0,49.527027027027025,44.527027027027025,974.146870104095,42.5943431225189,,63.97368910032824,41.04742305087062,15.07891250481363,27.73712470147806,0.22070945945945947,2.8684418977687725,Water Tank + DSM
2024-02-08 12:00:00,151.33833935327377,90.2,-5.45,151.33833935327377,0.0,49.83108108108108,44.83108108108108,895.5763594264498,42.558933494448226,,57.52557163240633,36.91011896055295,13.559059570163095,24.941409137583666,0.22025337837837838,2.4743769527830994,Water Tank + DSM
2024-02-08 13:00:00,144.96310011105749,85.9,-4.35,144.96310011105749,0.0,50.57432432432432,45.57432432432432,980.319782591995,42.52358474920118,,55.10226446999754,35.35525295741216,12.987874178353904,23.890733869376056,0.21913851351351352,2.1244156828770677,Water Tank + DSM
2024-02-08 14:00:00,145.41402861545046,87.6,-3.15,145.41402861545046,0.0,51.38513513513514,46.38513513513514,959.2243912609836,42.48829678209669,,55.27366796293531,35.465230540164654,13.02827482289036,23.96504942198438,0.21792229729729728,1.8621250571837527,Water Tank + DSM
2024-02-08 15:00:00,135.67390803570706,89.4,-3.8,135.67390803570706,0.0,50.945945945945944,45.945945945945944,842.8590967913649,42.45306948863363,,51.57132785194489,33.08969892785294,12.15561508758677,22.359822792255777,0.2185810810810811,1.873293638730107,Water Tank + DSM
2024-02-08 16:00:00,122.98224658052987,82.7,-3.2,122.98224658052987,0.0,51.351351351351354,46.351351351351354,937.182939078106,42.4179027644906,,46.74707060626598,29.99431188898677,11.018513977250267,20.268165632926525,0.21797297297297297,1.584346663250203,Water Tank + DSM
2024-02-08 17:00:00,124.3992105120146,84.3,-3.1,124.3992105120146,0.0,51.41891891891892,46.41891891891892,903.7999481736404,42.38279650552556,,47.28567609440264,30.339897201323442,11.145465934288234,20.50168925489427,0.21787162162162163,1.583431153539591,Water Tank + DSM
2024-02-08 18:00:00,149.81412999726913,89.6,-3.4,149.81412999726913,0.0,51.21621621621622,46.21621621621622,932.4075217730682,42.34775060777552,,56.94620083405925,36.53837741183942,13.42249902943175,24.690210866729757,0.21817567567567567,1.9761870775927584,Water Tank + DSM
2024-02-08 19:00:00,167.1993610290641,89.6,-3.75,167.1993610290641,0.0,50.979729729729726,45.979729729729726,1034.2370238568003,42.3127649674562,,63.55454183568014,40.77848569029972,14.980117437354744,27.555394679162244,0.21853040540540541,2.295693112523961,Water Tank + DSM
2024-02-08 20:00:00,157.32066030287584,89.5,-4.3,157.32066030287584,0.0,50.60810810810811,45.60810810810811,966.3344593176179,42.27783948096188,,59.799525699729955,38.369155572515375,14.095041704433386,25.92732926221292,0.21908783783783783,2.2933926207545063,Water Tank + DSM
2024-02-08 21:00:00,160.84771927165406,87.7,-4.65,160.84771927165406,0.0,50.37162162162163,45.37162162162163,1029.3819756605124,42.24297404486489,,61.14020436864641,39.229374910687156,14.41104624676886,26.508608409113894,0.21944256756756755,2.4315624521206245,Water Tank + DSM
2024-02-08 22:00:00,149.70495366954611,91.2,-4.9,149.70495366954611,0.0,50.20270270270271,45.20270270270271,872.3318308851988,42.20816855591538,,56.90470156369702,36.51175024478346,13.412717447728305,24.672217994140333,0.21969594594594594,2.32078904485456,Water Tank + DSM
2024-02-08 23:00:00,156.2532220033419,86.9,-4.9,156.2532220033419,0.0,50.20270270270271,45.20270270270271,1017.1749989678736,42.173422911041065,,59.393779220513785,38.108816554740926,13.99940526787207,25.7514094293961,0.21969594594594594,2.422303049831222,Water Tank + DSM
2024-02-09 00:00:00,140.48737142060145,89.8,-5.25,215.9701767696549,75.48280534905345,48.70585877470829,44.96621621621621,1255.7037787843544,49.99145225860342,,53.83136961318131,34.5398089901415,12.688318023030492,100.43809042033938,0.22194121183793758,2.678909891535615,Water Tank + DSM
2024-02-09 01:00:00,151.48756420999086,87.4,-5.45,151.48756420999086,0.0,49.83108108108108,44.83108108108108,963.2722749835023,49.94332414362841,,58.04637796499277,37.24428380491141,13.681816178879341,26.909289506862276,0.22025337837837838,2.49677866300773,Water Tank + DSM
2024-02-09 02:00:00,142.6960554743863,90.1,-5.55,206.3549966459503,63.65894117156401,50.91670133720759,44.763513513513516,1258.284388642313,56.51792048594152,,54.67768402888825,35.08282950910974,12.887798484537003,89.00656286099041,0.2186249479941886,1.9957240928251303,Water Tank + DSM
2024-02-09 03:00:00,159.57837147048775,87.3,-4.9,159.57837147048775,0.0,50.20270270270271,45.20270270270271,1027.6199671016877,56.45857085197117,,61.14658000952294,39.233465711639234,14.412549016615205,28.346489161185946,0.21969594594594594,2.493788898226217,Water Tank + DSM
2024-02-09 04:00:00,164.56310239541838,91.6,-5.15,164.56310239541838,0.0,50.03378378378378,45.03378378378378,945.78571422055,56.39932326293875,,63.05660857742059,40.45899689122758,14.862752124518753,29.2319451276363,0.21994932432432432,2.6355958152697556,Water Tank + DSM
2024-02-09 05:00:00,171.64038607433295,91.4,-5.5,171.64038607433295,0.0,49.79729729729729,44.79729729729729,985.5955033622078,56.340177543389544,,65.76845285014444,42.19899689241565,15.50194712937385,30.489108885145207,0.22030405405405407,2.8422636785778663,Water Tank + DSM
2024-02-09 06:00:00,178.2886989609169,89.7,-5.9,178.2886989609169,0.0,49.527027027027025,44.527027027027025,1060.2068825119568,56.28113351817064,,68.31592586983889,43.833531405285264,16.102399023153243,31.670072993521117,0.22070945945945947,3.063138405893588,Water Tank + DSM
2024-02-09 07:00:00,169.75929621867135,94.0,-6.35,91.5269258683973,-78.23237035027405,49.222972972972975,44.222972972972975,488.3086265521659,48.08452097538629,,65.04766462361722,8.991165190394348,0.0,0.0,0.22116554054054055,3.0352646749371646,Water Tank + DSM
2024-02-09 08:00:00,177.8877928332916,89.8,-6.6,151.32396964953702,-26.563823183754568,49.05405405405405,44.05405405405405,887.2052372189966,45.27654324521703,,68.16230831889351,43.73496581229899,16.066190612438074,5.035035389562449,0.22141891891891893,3.2496841047169793,Water Tank + DSM
2024-02-09 09:00:00,166.54116775752885,92.4,-7.0,166.54116775752885,0.0,48.78378378378379,43.78378378378379,912.1670798140182,45.236521879438044,,63.814555477202816,40.94531818179229,15.041403928812658,29.583316104984263,0.2218243243243243,3.1458851132545367,Water Tank + DSM
2024-02-09 10:00:00,182.9830556109614,91.6,-7.4,182.9830556109614,0.0,48.513513513513516,43.513513513513516,1014.5432618477248,45.19656932584056,,70.11469002471854,44.98767202578776,16.526376562820968,32.50394871660955,0.22222972972972974,3.570164216393775,Water Tank + DSM
2024-02-09 11:00:00,187.55971061493523,94.3,-7.15,187.55971061493523,0.0,48.682432432432435,43.682432432432435,982.2187176456806,45.156685466109906,,71.86835374993223,46.11287486823948,16.939723709862815,33.31691666627072,0.22197635135135135,3.5866193297094546,Water Tank + DSM
2024-02-09 12:00:00,198.37180130393952,93.3,-6.6,198.37180130393952,0.0,49.05405405405405,44.05405405405405,1071.0437924994505,45.116870182134726,,76.01128591732615,48.7711034577989,17.91623315529341,35.23750783850424,0.22141891891891893,3.6238894150854977,Water Tank + DSM
2024-02-09 13:00:00,185.58037827383552,93.5,-5.6,185.58037827383552,0.0,49.729729729729726,44.729729729729726,1012.8697558190504,45.07712335600689,,71.10992137438394,45.62624208197348,16.760957476548125,32.96532063081586,0.2204054054054054,3.101930083736642,Water Tank + DSM
2024-02-09 14:00:00,148.82933088106225,89.8,-4.9,148.82933088106225,0.0,50.20270270270271,45.20270270270271,897.891294613343,45.03744487002092,,57.02780711837039,36.59073843279721,13.441734031168806,26.437097808500983,0.21969594594594594,2.3258097551789416,Water Tank + DSM
2024-02-09 15:00:00,130.62818850859944,82.8,-4.8,130.62818850859944,0.0,50.270270270270274,45.270270270270274,959.3061424934822,44.99783460667368,,50.05356870443633,32.11585948396205,11.797871807333378,23.20396238903321,0.2195945945945946,2.021081936335887,Water Tank + DSM
2024-02-09 16:00:00,144.50870052758182,88.2,-4.55,144.50870052758182,0.0,50.43918918918919,45.43918918918919,914.2257737396454,44.95829244866414,,55.372245859246235,35.52848105252753,13.0515101168727,25.669608452920777,0.21934121621621622,2.1797209755133,Water Tank + DSM
2024-02-09 17:00:00,173.05551334444476,93.6,-5.25,173.05551334444476,0.0,49.96621621621621,44.96621621621621,947.4653597266067,44.9188182788929,,66.31069546139675,42.54691589119929,15.629756374181234,30.740483112456086,0.22005067567567568,2.7984905665667865,Water Tank + DSM
2024-02-09 18:00:00,170.17456307648956,91.2,-6.65,170.17456307648956,0.0,49.020270270270274,44.020270270270274,963.8104429288027,44.87941198046192,,65.20678485973004,41.838613992181216,15.3695592273579,30.22872939049502,0.2214695945945946,3.121995118351667,Water Tank + DSM
2024-02-09 19:00:00,169.66758509183566,89.1,-7.7,169.66758509183566,0.0,48.31081081081081,43.31081081081081,993.6983805264833,44.840073436674196,,65.01252313355721,41.71396988662865,15.323770785059375,30.13867303878191,0.2225337837837838,3.3894366790441053,Water Tank + DSM
2024-02-09 20:00:00,181.72437399482237,94.9,-8.1,181.72437399482237,0.0,48.04054054054054,43.04054054054054,926.4386881242143,44.80080253103335,,69.63239361174885,44.6782162920714,16.412696931165677,32.28036450240501,0.2229391891891892,3.743211645777526,Water Tank + DSM
2024-02-09 21:00:00,193.6560612053695,95.1,-8.1,193.6560612053695,0.0,48.04054054054054,43.04054054054054,983.0711157841225,44.76159914724323,,74.20432814112992,47.61170556598331,17.49032433886694,34.39983369532747,0.2229391891891892,3.9889840181812817,Water Tank + DSM
2024-02-09 22:00:00,188.47486980511687,92.4,-8.2,188.47486980511687,0.0,47.972972972972975,42.972972972972975,1013.4608485549292,44.72246316920775,,72.21902066129522,46.33787319588141,17.022377621949754,33.47947973685602,0.22304054054054054,3.91153830824961,Water Tank + DSM
2024-02-09 23:00:00,177.79508543982445,93.7,-8.35,177.79508543982445,0.0,47.87162162162162,42.87162162162162,926.8000274941892,44.68339448103037,,68.12678508350844,43.712173047156114,16.05781761150922,31.582390620298945,0.22319256756756756,3.7313224316683744,Water Tank + DSM
2024-02-10 00:00:00,189.58891968683645,92.5,-8.45,189.58891968683645,0.0,47.804054054054056,42.804054054054056,1013.317620793777,44.64439296701384,,61.62529541539344,39.54062376461503,14.525384587321577,34.57923482664883,0.22329391891891892,3.4002173132574507,Water Tank + DSM
2024-02-10 01:00:00,193.5480807758658,95.6,-8.5,193.5480807758658,0.0,47.770270270270274,42.770270270270274,966.6999995365846,44.60545851165985,,62.91220855415481,40.36634553835264,14.828716330317437,35.30134855165036,0.2233445945945946,3.4839760899314367,Water Tank + DSM
2024-02-10 02:00:00,189.79879822198683,94.9,-8.75,189.79879822198683,0.0,47.601351351351354,42.601351351351354,958.6178275206078,44.56659099966865,,61.6935157879308,39.58439598615813,14.541464463955288,34.61751469640085,0.22359797297297296,3.4790140727437184,Water Tank + DSM
2024-02-10 03:00:00,185.37032060205973,91.4,-8.15,185.37032060205973,0.0,48.00675675675676,43.00675675675676,1020.5137631951046,44.52779031593878,,60.25405275380807,38.66079365903483,14.202175961905484,33.809802052661105,0.22298986486486486,3.2512761168372375,Water Tank + DSM
2024-02-10 04:00:00,179.39370040538932,94.5,-8.55,179.39370040538932,0.0,47.736486486486484,42.736486486486484,916.4332343180395,44.48905634556662,,58.31137073518695,37.414311053559274,13.744276275402767,32.71972277170032,0.22339527027027029,3.241009024781405,Water Tank + DSM
2024-02-10 05:00:00,205.77670920240968,93.5,-9.0,205.77670920240968,0.0,47.432432432432435,42.432432432432435,1067.0916269234706,44.45038897384613,,66.88708662485448,42.916745617481425,15.76561460034506,37.531735299292414,0.22385135135135134,3.8396803240862396,Water Tank + DSM
2024-02-10 06:00:00,217.13558763268892,98.7,-9.25,217.13558763268892,0.0,47.263513513513516,42.263513513513516,1008.4642082889598,44.41178808626855,,70.57925513348752,45.285750826971295,16.635876839050635,39.60348783238759,0.22410472972972972,4.123163783000898,Water Tank + DSM
2024-02-10 07:00:00,225.14112039224216,97.9,-9.6,208.52052668603196,-16.6205937062102,47.02702702702703,42.02702702702703,979.17985731985,42.64444067091273,,73.1814289423788,46.955382994313474,17.249221977316044,24.443027965550925,0.22445945945945944,4.379018477795314,Water Tank + DSM
2024-02-10 08:00:00,215.1048965703701,95.9,-9.8,215.1048965703701,0.0,46.89189189189189,41.89189189189189,1048.535491039267,42.60894490581181,,69.91918524744405,44.86223034164997,16.480295127276865,39.233108892414265,0.22466216216216217,4.240504099872013,Water Tank + DSM
2024-02-10 09:00:00,216.65715717442822,96.4,-9.8,216.65715717442822,0.0,46.89189189189189,41.89189189189189,1045.43608328223,42.57351017163734,,70.42374278405941,45.18596947488138,16.599221815033385,39.516226619064874,0.22466216216216217,4.271104832633227,Water Tank + DSM
2024-02-10 10:00:00,214.1612401617495,98.4,-9.75,214.1612401617495,0.0,46.92567567567568,41.92567567567568,993.9190040056753,42.538136363453575,,69.61245263328108,44.665421566759704,16.40799674467019,39.06099484374906,0.2246114864864865,4.207790549036029,Water Tank + DSM
2024-02-10 11:00:00,215.2648958161765,95.0,-9.2,215.2648958161765,0.0,47.2972972972973,42.2972972972973,1078.0303893321097,42.50282337650525,,69.97119251034394,44.895599749479835,16.49255349439483,39.26229124917839,0.22405405405405404,4.0734580720886715,Water Tank + DSM
2024-02-10 12:00:00,212.0502365923247,96.0,-8.4,212.0502365923247,0.0,47.83783783783784,42.83783783783784,1051.8009572172343,42.46757110621713,,68.92627741373957,44.225151122462314,16.246261877665553,38.675967658259474,0.22324324324324324,3.789082385393143,Water Tank + DSM
2024-02-10 13:00:00,203.48131963700374,96.5,-7.6,203.48131963700374,0.0,48.37837837837837,43.37837837837837,1010.1481377889843,42.43237944819387,,66.14097730425067,42.43801967005338,15.589752971562534,37.11307784329804,0.22243243243243244,3.4214548800090774,Water Tank + DSM
2024-02-10 14:00:00,206.71451646331906,91.9,-7.45,206.71451646331906,0.0,48.479729729729726,43.479729729729726,1137.31097343524,42.39724829821955,,67.19191799153826,43.11233449539999,15.837464849589542,37.70278251845843,0.22228040540540542,3.4349598075944505,Water Tank + DSM
2024-02-10 15:00:00,205.1681147728846,96.2,-7.05,205.1681147728846,0.0,48.75,43.75,1032.938410149767,42.362177552257464,,66.68926487678186,42.78981729591685,15.718987043412117,37.42073340251754,0.221875,3.301118611400702,Water Tank + DSM
2024-02-10 16:00:00,211.554548154272,96.1,-7.45,211.554548154272,0.0,48.479729729729726,43.479729729729726,1061.283193082446,42.327167106449835,,68.76515541104317,44.12177044986876,16.2082846308407,38.5855587518287,0.22228040540540542,3.5153862556753563,Water Tank + DSM
2024-02-10 17:00:00,195.6205524523164,93.6,-7.45,195.6205524523164,0.0,48.479729729729726,43.479729729729726,1035.722866568546,42.292216857117374,,63.585859100359016,40.79857977945024,14.987499070345182,35.679347882465365,0.22228040540540542,3.250612229414301,Water Tank + DSM
2024-02-10 18:00:00,187.43221245449496,92.4,-7.7,187.43221245449496,0.0,48.31081081081081,43.31081081081081,1015.5770906533895,42.25732670075912,,60.924264360745845,39.0908213743419,14.360148127069763,34.185871723137005,0.2225337837837838,3.176294755456183,Water Tank + DSM
2024-02-10 19:00:00,184.98025240119628,94.2,-7.9,184.98025240119628,0.0,48.17567567567568,43.17567567567568,960.1491953152879,42.22249653405204,,60.127262284459604,38.5794411200871,14.172290825990446,33.73865728355568,0.22273648648648647,3.1834947787907115,Water Tank + DSM
2024-02-10 20:00:00,183.120841727794,93.2,-8.0,183.120841727794,0.0,48.10810810810811,43.10810810810811,970.1526958444409,42.18772625385077,,59.52286656219785,38.19164283534369,14.029831787869696,33.3995182746887,0.22283783783783784,3.1756253673994186,Water Tank + DSM
2024-02-10 21:00:00,185.67876021487655,92.1,-8.05,185.67876021487655,0.0,48.07432432432432,43.07432432432432,1007.5276504844671,42.15301575718727,,60.354310101595274,38.725121757452385,14.22580711084356,33.86605853547165,0.22288851351351352,3.232217985575974,Water Tank + DSM
2024-02-10 22:00:00,177.96220375579696,94.8,-7.9,177.96220375579696,0.0,48.17567567567568,43.17567567567568,911.8344578630532,42.11836494127052,,57.846067150657895,37.11575842434795,13.634601936812002,32.45863125389654,0.22273648648648647,3.0627147445442917,Water Tank + DSM
2024-02-10 23:00:00,180.56753282743088,91.1,-7.7,180.56753282743088,0.0,48.31081081081081,43.31081081081081,1008.1064257924496,42.0837737034863,,58.69292135479048,37.65912528763644,13.834209629099725,32.93381875914492,0.2225337837837838,3.0599633863078615,Water Tank + DSM
2024-02-11 00:00:00,171.68358213341702,92.6,-7.65,171.68358213341702,0.0,48.3445945945946,43.3445945945946,926.7513314815448,42.0492419413968,,70.51057253579766,45.241682028012605,16.619688013679873,17.345411892671017,0.22248310810810812,3.661785543987437,Water Tank + DSM
2024-02-11 01:00:00,167.100345615597,92.3,-7.45,167.100345615597,0.0,48.479729729729726,43.479729729729726,910.967896677369,42.0147695527403,,68.62823395150991,44.033917566077896,16.17601157081605,16.882361645144492,0.22228040540540542,3.508386608629218,Water Tank + DSM
2024-02-11 02:00:00,171.83224995172603,89.6,-7.2,171.83224995172603,0.0,48.648648648648646,43.648648648648646,1002.3911303211803,41.98035643543097,,70.57163051732597,45.28085864630164,16.634079679599623,17.360431992506484,0.22202702702702704,3.5362108913276327,Water Tank + DSM
2024-02-11 03:00:00,168.33493590100892,93.2,-6.45,168.33493590100892,0.0,49.1554054054054,44.1554054054054,913.0244696003538,41.946002487558474,,69.13528108315633,44.35925409758197,16.295525068340357,17.007093880766874,0.2212668918918919,3.2540295136842365,Water Tank + DSM
2024-02-11 04:00:00,187.34909876507078,90.7,-6.1,187.34909876507078,0.0,49.39189189189189,44.39189189189189,1083.4704705275012,41.91170760738773,,76.94441165448859,49.36982470448039,18.136175471338305,18.928119074749514,0.22091216216216217,3.512408413092738,Water Tank + DSM
2024-02-11 05:00:00,177.18060342241472,93.9,-5.95,177.18060342241472,0.0,49.49324324324324,44.49324324324324,953.1645829375509,41.877471693358544,,72.76820319280183,46.69024505406122,17.151822640022313,17.90078298439457,0.22076013513513515,3.277519205967683,Water Tank + DSM
2024-02-11 06:00:00,173.6034399571871,90.1,-5.7,173.6034399571871,0.0,49.66216216216216,44.66216216216216,1025.5838566183118,41.843294644085326,,71.29905954579121,45.74759876229008,16.80553827184192,17.539377584176574,0.22050675675675677,3.139085621624159,Water Tank + DSM
2024-02-11 07:00:00,152.54218774157803,89.4,-5.45,152.54218774157803,0.0,49.83108108108108,44.83108108108108,920.9510806541592,41.80917635835685,,62.64918788311007,40.197583647216966,14.766721067242626,15.411532334703162,0.22025337837837838,2.6947616896208024,Water Tank + DSM
2024-02-11 08:00:00,153.28298682637137,88.1,-5.3,153.28298682637137,0.0,49.932432432432435,44.932432432432435,959.4011777268063,41.775116735135896,,62.95343460812413,40.39279740163886,14.838433513576122,15.48637621374961,0.22010135135135134,2.6695659162201815,Water Tank + DSM
2024-02-11 09:00:00,155.4818096144283,90.0,-5.15,155.4818096144283,0.0,50.03378378378378,45.03378378378378,929.367174603078,41.74111567355893,,63.856492732634656,40.97222637310518,15.051288745746648,15.708526092403703,0.21994932432432432,2.6690288111086358,Water Tank + DSM
2024-02-11 10:00:00,166.0390115570785,89.7,-4.9,166.0390115570785,0.0,50.20270270270271,45.20270270270271,1004.2539217366696,41.707173072935895,,68.1923432787505,43.75423713650904,16.07326999988842,16.775133707726354,0.21969594594594594,2.7811417839901194,Water Tank + DSM
2024-02-11 11:00:00,160.26098408504328,90.2,-4.1,160.26098408504328,0.0,50.74324324324324,45.74324324324324,970.3026035605396,41.67328883274984,,65.81930317719805,42.231623975771306,15.51393280103459,16.191372201913083,0.21888513513513513,2.470892219273732,Water Tank + DSM
2024-02-11 12:00:00,170.10082449085897,87.4,-3.15,170.10082449085897,0.0,51.38513513513514,46.38513513513514,1128.302122509238,41.63946285265664,,69.86053281635931,44.82459719612476,16.466470461403144,17.18550386363707,0.21792229729729728,2.3535447069078876,Water Tank + DSM
2024-02-11 13:00:00,160.50038028819455,90.7,-2.25,160.50038028819455,0.0,51.99324324324324,46.99324324324324,990.5811478472509,41.60569503248467,,65.91762337262581,42.294709139577286,15.537107353653965,16.21555870651417,0.21701013513513515,1.9802010372614487,Water Tank + DSM
2024-02-11 14:00:00,147.65035850762746,86.2,-1.65,147.65035850762746,0.0,52.398648648648646,47.398648648648646,1043.5210603591177,41.5719852722346,,60.640110044990635,38.908499507734476,14.293171560212436,14.917304570364326,0.21640202702702704,1.674158713809675,Water Tank + DSM
2024-02-11 15:00:00,119.88263298747512,83.3,-1.85,119.88263298747512,0.0,52.263513513513516,47.263513513513516,922.7509439396907,41.538333472079024,,49.235884899447576,31.59120921699711,11.60513972129263,12.111895745102364,0.21660472972972972,1.3992306208586245,Water Tank + DSM
2024-02-11 16:00:00,123.27289314111401,83.4,-2.1,123.27289314111401,0.0,52.0945945945946,47.0945945945946,940.6954262594455,41.504739532362116,,50.62826721992253,32.484603156925374,11.933331068062772,12.454418064694217,0.2168581081081081,1.4901130541215029,Water Tank + DSM
2024-02-11 17:00:00,127.18976592845254,87.7,-2.6,127.18976592845254,0.0,51.75675675675676,46.75675675675676,845.3482970714947,41.471203353599456,,52.23692973356057,33.51676890618867,12.312500717868026,12.850144732226031,0.21736486486486487,1.643345573239581,Water Tank + DSM
2024-02-11 18:00:00,146.09498618045714,85.2,-3.3,146.09498618045714,0.0,51.28378378378378,46.28378378378378,1029.0315548671595,41.43772483647763,,60.00131749457723,38.49863119425575,14.142605020876172,14.760163314770846,0.21807432432432433,2.0578830243410406,Water Tank + DSM
2024-02-11 19:00:00,152.58673198641702,89.2,-3.65,152.58673198641702,0.0,51.0472972972973,46.0472972972973,955.4154044113104,41.40430388185406,,62.66748223698912,40.209321849182125,14.771033136240895,15.416032696733003,0.21842905405405405,2.238245345302192,Water Tank + DSM
2024-02-11 20:00:00,170.21236717884923,90.0,-3.75,170.21236717884923,0.0,50.979729729729726,45.979729729729726,1042.081328297776,41.37094039075654,,69.90634347975904,44.85399068127865,16.477268259605918,17.196773164072003,0.21853040540540541,2.5251304881269734,Water Tank + DSM
2024-02-11 21:00:00,157.12290279289022,89.9,-3.6,157.12290279289022,0.0,51.08108108108108,46.08108108108108,966.9340046497175,41.33763426438314,,64.53049089926202,41.40468365781291,15.210153421614256,15.874327835243353,0.21837837837837837,2.2917044605846026,Water Tank + DSM
2024-02-11 22:00:00,155.8660402166708,85.8,-3.5,155.8660402166708,0.0,51.148648648648646,46.148648648648646,1074.5635432344538,41.3043854041017,,64.01429652151903,41.07347798095303,15.088483873290155,15.747345401593595,0.21827702702702703,2.2474208427419797,Water Tank + DSM
2024-02-11 23:00:00,148.94178087642976,89.4,-3.25,225.1664842519843,76.22470337555451,49.4744584520173,46.317567567567565,1347.4851221212377,49.20109091620797,,61.17049815478103,39.24881230554069,14.418186640843166,91.27248199961653,0.22078831232197405,2.7620467522476213,Water Tank + DSM
2024-02-12 00:00:00,148.8553623183803,87.7,-3.0,209.88687302453786,61.031510706157576,51.755646325721635,46.486486486486484,1395.1334004232651,55.50362353138356,,68.7741076671522,44.127514483844834,16.210394721543413,66.08157297077265,0.21736653051141755,2.1640544654366725,Water Tank + DSM
2024-02-12 01:00:00,137.48035253457584,85.3,-2.7,184.733111010231,47.252758475655156,53.5544748284912,46.68918918918919,1390.3242635815243,60.361872878474266,,63.51862922551544,40.755443090708816,14.971652658879274,51.91691252188875,0.2146682877572632,1.313130215137487,Water Tank + DSM
2024-02-12 02:00:00,134.6091365002996,86.1,-2.55,175.4391032586172,40.82996675831758,55.06141199864309,46.79054054054054,1350.434517587954,64.54358595108059,,62.19207089666855,39.904283783005944,14.658976350001044,45.396712021136025,0.21240788200203536,0.7233888145189203,Water Tank + DSM
2024-02-12 03:00:00,130.06535490673102,86.1,-1.55,164.2759919323293,34.21063702559828,56.744471771590845,47.46621621621622,1336.9901415605987,68.029479476541,,60.09275435432102,38.557299805010096,14.16415713749132,38.62323009929199,0.20988329234261374,0.092132370362317,Water Tank + DSM
2024-02-12 04:00:00,130.9200357027172,83.2,-1.3,155.0182914780727,24.09825577535551,57.41707562165638,47.63513513513513,1436.4278538669532,70.45735663802718,,60.487633706792586,38.81066615081414,14.257232138942905,28.539844722418348,0.20887438656751542,0.0,Water Tank + DSM
2024-02-12 05:00:00,139.33510176081762,85.6,-1.45,163.39254347647517,24.057441715657554,58.106439124004815,47.53378378378379,1419.817688583894,72.87681343353258,,64.3755598795035,41.30527530414181,15.173635419853307,28.784519924863066,0.2078403413139928,0.0,Water Tank + DSM
2024-02-12 06:00:00,154.7364939929584,88.3,-1.55,154.7364939929584,0.0,52.46621621621622,47.46621621621622,1031.575121077654,72.78933654580732,,71.49130627318583,45.87094998465178,16.85085176903878,5.249585349846608,0.21630067567567568,1.944756750377338,Water Tank + DSM
2024-02-12 07:00:00,154.81800600894675,87.5,-1.75,0.0,-154.81800600894675,87.5,47.33108108108108,0.0,54.32916718183608,,71.52896642916838,0.0,0.0,0.0,0.16375,0.0,Water Tank + DSM
2024-02-12 08:00:00,146.62749872520766,86.1,-2.15,98.2261571276643,-48.40134159754337,52.060810810810814,47.060810810810814,689.364195259771,49.23895559552256,,67.74479083073975,16.00799209414565,0.0,0.0,0.21690878378378378,2.007626030970435,Water Tank + DSM
2024-02-12 09:00:00,135.36305107587012,86.7,-2.35,120.80112444643173,-14.56192662943839,51.92567567567568,46.92567567567568,829.8757087243537,47.67739769442036,,62.540394271685585,40.12777842797489,4.77147379424496,0.0,0.21711148648648648,1.9041014634338862,Water Tank + DSM
2024-02-12 10:00:00,130.53706029283967,84.9,-2.35,130.53706029283967,0.0,51.92567567567568,46.92567567567568,945.7115626258116,47.63324833278385,,60.31069152840835,38.69713478262479,14.215525999062761,4.428596135547177,0.21711148648648648,1.8362160542365402,Water Tank + DSM
2024-02-12 11:00:00,114.38027159675002,84.9,-2.25,114.38027159675002,0.0,51.99324324324324,46.99324324324324,830.3607614650529,47.589174880947674,,52.845937098106624,33.90752615788341,12.456046742709198,3.880461438612533,0.21701013513513515,1.5875205157985277,Water Tank + DSM
2024-02-12 12:00:00,119.91180009861255,82.3,-2.05,119.91180009861255,0.0,52.12837837837838,47.12837837837838,949.4323950304364,47.54517720839362,,55.40161215627039,35.54732334276184,13.058431897211538,4.068123897779779,0.21680743243243245,1.6193741499190926,Water Tank + DSM
2024-02-12 13:00:00,129.3546143215461,86.1,-1.9,129.3546143215461,0.0,52.229729729729726,47.229729729729726,912.3553840528888,47.501255184827826,,59.76437821275904,38.34660389873887,14.086757269249926,4.388480511315893,0.2166554054054054,1.7105534196570775,Water Tank + DSM
2024-02-12 14:00:00,141.16817028199736,87.1,-1.95,141.16817028199736,0.0,52.195945945945944,47.195945945945944,966.1881110634897,47.45740868018048,,65.22247362095973,41.84868036834923,15.373257145380425,4.789266833270429,0.21670608108108108,1.879993732885232,Water Tank + DSM
2024-02-12 15:00:00,129.45498979190052,85.2,-1.75,129.45498979190052,0.0,52.33108108108108,47.33108108108108,940.8798131667022,47.413637564605395,,59.81075365599319,38.376359763444725,14.097688188831615,4.391885846315149,0.21650337837837838,1.6755093557955931,Water Tank + DSM
2024-02-12 16:00:00,121.46737196155608,82.6,-1.2,121.46737196155608,0.0,52.7027027027027,47.7027027027027,970.5736158214479,47.36994170847965,,56.12031697899118,36.008465748675874,13.227834151341334,4.120898179086125,0.21594594594594596,1.4469941188637188,Water Tank + DSM
2024-02-12 17:00:00,132.2647101499575,84.5,-1.0,132.2647101499575,0.0,52.83783783783784,47.83783783783784,997.9394509447335,47.32632098240317,,61.10889977186032,39.2092889496337,14.403667599662931,4.487208329384289,0.21574324324324323,1.5260709024107817,Water Tank + DSM
2024-02-12 18:00:00,147.4586801903091,87.7,-1.25,147.4586801903091,0.0,52.66891891891892,47.66891891891892,1005.5822026494089,47.2827752571984,,68.12881302974904,43.71347423782423,16.05829560839132,5.002678471375924,0.21599662162162162,1.7704284791379377,Water Tank + DSM
2024-02-12 19:00:00,146.910142625847,86.5,-1.15,146.910142625847,0.0,52.736486486486484,47.736486486486484,1039.4531563001515,47.2393044039099,,67.87537787679092,43.55086270039797,15.998559698975399,4.984068803495172,0.21589527027027028,1.7363255448752066,Water Tank + DSM
2024-02-12 20:00:00,153.1443153085449,84.4,-1.1,153.1443153085449,0.0,52.77027027027027,47.77027027027027,1156.6612214206698,47.19590829380392,,70.7556883783263,45.398955648249895,16.677463020796257,5.195569146685021,0.2158445945945946,1.795664632087796,Water Tank + DSM
2024-02-12 21:00:00,170.09627194068486,89.3,-1.3,170.09627194068486,0.0,52.63513513513513,47.63513513513513,1108.269757789639,47.152586798368034,,78.58782604827528,50.42428829440811,18.523536309857363,5.770680685604643,0.2160472972972973,2.058151444345374,Water Tank + DSM
2024-02-12 22:00:00,167.0400389921876,91.2,-1.65,167.0400389921876,0.0,52.398648648648646,47.398648648648646,1028.4294569090655,47.10933978931082,,77.17578626292791,49.518281539929475,18.190711602137647,5.666995024270737,0.21640202702702704,2.1306774504751598,Water Tank + DSM
2024-02-12 23:00:00,147.7927565413024,83.8,-1.4,205.9565643690841,58.163807827781724,51.92159621258734,47.567567567567565,1543.6131534173894,53.11713266275686,,68.28316288033164,101.97631752383576,16.094676625725118,5.014012334982684,0.21711760568111899,2.0806168379279506,Water Tank + DSM
2024-02-13 00:00:00,131.1794079283362,84.5,-1.5,180.94235481629153,49.76294688795533,53.45359910288426,47.5,1392.4731919112292,58.24062802235632,,63.22061011439958,40.5642251587238,14.901408091706807,60.097302739051244,0.2148196013456736,1.3452337705554658,Water Tank + DSM
2024-02-13 01:00:00,129.41892466606927,87.1,-1.9,175.19096220233916,45.77203753626988,54.89753769791936,47.229729729729726,1299.8032812239228,62.94012745296088,,62.37216272700547,40.019836061634926,14.701424878304973,55.96770195103835,0.21265369345312096,0.7868107249966088,Water Tank + DSM
2024-02-13 02:00:00,140.43149819767797,83.8,-2.1,173.5363883869395,33.10489018926155,55.62043499310087,47.0945945945946,1471.284456064191,66.31374354004535,,67.6795629401421,43.42522200877398,15.9524051573445,44.16812868070351,0.2115693475103487,0.5602101402866825,Water Tank + DSM
2024-02-13 03:00:00,136.460613787498,87.6,-2.05,170.24568299383412,33.78506920633611,57.06837291265569,47.12837837837838,1332.1960155890026,69.75232039691524,,65.76583471808397,42.197317020959105,15.501330022797363,44.53548014971668,0.20939744063101645,0.0,Water Tank + DSM
2024-02-13 04:00:00,148.41479671894706,86.3,-2.3,174.6972689840197,26.282472265072638,57.42897549520758,46.95945945945946,1445.625923390769,72.40446633773963,,71.52703421029558,45.893874092513975,16.859273019168818,37.97463757580163,0.20885653675718863,0.0,Water Tank + DSM
2024-02-13 05:00:00,137.25655167768926,87.0,-2.4,160.44989365684347,23.193341979154205,58.54481100788495,46.89189189189189,1347.1276270152298,74.73068036477119,,66.14942906284995,42.4434425699303,15.591745092545747,34.00645716493462,0.20718278348817257,0.0,Water Tank + DSM
2024-02-13 06:00:00,129.8640803132953,85.0,-2.45,146.20659756123428,16.342517247939,59.112010821199554,46.85810810810811,1349.250638253287,76.34018192669728,,62.58670106086404,40.15749024219517,14.751992616552936,26.57325116744307,0.20633198376820067,0.0,Water Tank + DSM
2024-02-13 07:00:00,109.79407387804962,84.5,-2.4,0.0,-109.79407387804962,84.5,46.89189189189189,0.0,59.07426725000792,,52.91416120209803,0.0,0.0,0.0,0.16825,0.0,Water Tank + DSM
2024-02-13 08:00:00,128.16524520008747,81.9,-2.5,53.08169420547161,-75.08355099461586,51.82432432432432,46.82432432432432,421.6286936742449,51.200274524920246,,61.76796438536817,0.0,0.0,0.0,0.21726351351351353,1.9181457048321093,Water Tank + DSM
2024-02-13 09:00:00,143.96572121633722,89.9,-2.65,114.90373785335036,-29.061983362986854,51.72297297297297,46.72297297297297,719.0065177240277,48.12707131827683,,69.38284655034148,43.15165928589214,0.0,0.0,0.21741554054054055,2.1968109387493273,Water Tank + DSM
2024-02-13 10:00:00,167.65274318816918,88.7,-2.7,167.65274318816918,0.0,51.68918918918919,46.68918918918919,1082.1384798421277,48.08214879404519,,80.79857104934592,51.842768088096896,19.044619756980744,13.207736906889014,0.2174662162162162,2.574635547761588,Water Tank + DSM
2024-02-13 11:00:00,158.12721111361284,88.2,-2.75,158.12721111361284,0.0,51.6554054054054,46.6554054054054,1033.6755383422956,48.03730350897891,,76.20783566695478,48.89721562730185,17.962560895950123,12.45731243338269,0.21751689189189188,2.4437999194281583,Water Tank + DSM
2024-02-13 12:00:00,129.22875476561467,87.5,-2.75,129.22875476561467,0.0,51.6554054054054,46.6554054054054,861.2639368925983,47.99253533027409,,62.28051223610904,39.961030378774495,14.679822407778643,10.180682768986532,0.21751689189189188,1.9971845342741459,Water Tank + DSM
2024-02-13 13:00:00,115.19836112654207,81.1,-2.4,115.19836112654207,0.0,51.89189189189189,46.89189189189189,942.201191748066,47.94784412535513,,55.51870365642756,35.62245273439463,13.086030938485496,9.075363855850869,0.21716216216216216,1.7015732417942948,Water Tank + DSM
2024-02-13 14:00:00,106.13008808076255,84.2,-2.15,106.13008808076255,0.0,52.060810810810814,47.060810810810814,788.8680817832164,47.90322976187441,,51.14833971217692,32.81829714748465,12.055914707011057,8.36096239536262,0.21690878378378378,1.515787959308161,Water Tank + DSM
2024-02-13 15:00:00,113.29673914595175,84.3,-1.4,113.29673914595175,0.0,52.567567567567565,47.567567567567565,852.9328130200946,47.85869210771178,,54.60223586839217,35.03441972368318,12.870014982807325,8.925553466003535,0.21614864864864866,1.4521243268783224,Water Tank + DSM
2024-02-13 16:00:00,102.89681976208615,82.2,-1.2,102.89681976208615,0.0,52.7027027027027,47.7027027027027,833.3366891088104,47.814231030974284,,49.59009822444319,31.818483029181813,11.688629540478633,8.106244479685408,0.21594594594594596,1.2786203704356436,Water Tank + DSM
2024-02-13 17:00:00,97.651432830048,81.0,-1.35,97.651432830048,0.0,52.601351351351354,47.601351351351354,821.451111175174,47.76984639999578,,47.062136196205394,30.19646734915936,11.092776483145828,7.6930112139735805,0.21609797297297298,1.2420588106917438,Water Tank + DSM
2024-02-13 18:00:00,109.66644969851484,83.2,-1.75,109.66644969851484,0.0,52.33108108108108,47.33108108108108,848.6979242413452,47.725538083336495,,52.85265399892522,33.91183592137163,12.457629949198795,8.639558098401428,0.21650337837837838,1.480588537023946,Water Tank + DSM
2024-02-13 19:00:00,127.8404827690658,85.8,-2.0,127.8404827690658,0.0,52.16216216216216,47.16216216216216,907.9064583281544,47.68130594978263,,61.61144836387001,39.53173908421153,14.52212076931596,10.071314255612199,0.21675675675675676,1.7883971768323352,Water Tank + DSM
2024-02-13 20:00:00,147.27445122377776,86.4,-2.45,147.27445122377776,0.0,51.85810810810811,46.85810810810811,1018.54933258123,47.637149868346015,,70.97745604795782,45.541248385817276,16.729734748967594,11.602328526691117,0.21721283783783785,2.189750434560643,Water Tank + DSM
2024-02-13 21:00:00,167.99156356959372,88.9,-2.85,167.99156356959372,0.0,51.58783783783784,46.58783783783784,1075.5678992259532,47.59306970826371,,80.9618621601318,51.947540525002374,19.083108273228298,13.234429285262593,0.21761824324324325,2.629072361767523,Water Tank + DSM
2024-02-13 22:00:00,176.70140055523436,91.8,-3.15,176.70140055523436,0.0,51.38513513513514,46.38513513513514,1044.4788176910567,47.54906533899755,,85.15948141246126,54.64085797597243,20.07250773298327,13.920593037913617,0.21792229729729728,2.8689538805576467,Water Tank + DSM
2024-02-13 23:00:00,170.14624507916028,89.3,-3.55,170.14624507916028,0.0,51.11486486486487,46.11486486486487,1064.458693664401,47.50513663023395,,82.00028946963324,52.61382639471102,19.327870686695256,13.404175786007603,0.2183277027027027,2.895496707893939,Water Tank + DSM
2024-02-14 00:00:00,170.8474905744406,87.7,-3.8,170.8474905744406,0.0,50.945945945945944,45.945945945945944,1110.4630967206144,47.46128345188318,,78.92472007301326,50.640449528052834,18.602943884969246,12.309260460517917,0.2185810810810811,2.866887129138645,Water Tank + DSM
2024-02-14 01:00:00,154.41607216028692,92.6,-4.15,154.41607216028692,0.0,50.70945945945946,45.70945945945946,880.597225610705,47.417505674079344,,71.33406074065051,45.77005657069352,16.813788225256673,11.125405735373793,0.21893581081081082,2.6923788060626603,Water Tank + DSM
2024-02-14 02:00:00,141.45887896857138,85.7,-4.6,202.14506066393258,60.686181695361206,50.46258928543629,45.4054054054054,1370.6363337086982,53.6871792154931,,65.34835476305805,41.929449455867896,15.402927948399611,70.8780445071731,0.21930611607184558,2.5632542076427587,Water Tank + DSM
2024-02-14 03:00:00,121.2995594396021,85.0,-4.95,170.9523183084738,49.65275886887169,52.1959781901375,45.16891891891892,1245.113583030938,58.79823126302665,,56.03555394089391,35.95407926053073,13.207855087243491,58.39217825318842,0.21670603271479374,1.6151761395586848,Water Tank + DSM
2024-02-14 04:00:00,144.28218436961873,87.9,-5.15,190.43902175398313,46.1568373843644,53.5198153589715,45.03378378378378,1323.4234503948521,63.53680392516669,,66.65260914636255,42.766297888252225,15.710347107845385,56.55211437231801,0.21472027696154275,1.39178031981388,Water Tank + DSM
2024-02-14 05:00:00,165.08253992604438,92.0,-5.35,165.08253992604438,0.0,49.898648648648646,44.898648648648646,936.7115652818995,63.465386120311926,,76.26154302177552,48.93167586470996,17.975219983077906,11.89390593096326,0.22015202702702702,3.2493600695629503,Water Tank + DSM
2024-02-14 06:00:00,163.9253510160374,90.6,-5.4,163.9253510160374,0.0,49.86486486486487,44.86486486486487,961.3416022891657,63.39409111024081,,75.72696794264024,48.588676582750374,17.849218013222877,11.810532510332933,0.2202027027027027,3.241932897868704,Water Tank + DSM
2024-02-14 07:00:00,150.78601746440057,87.8,-5.45,35.48831263819291,-115.29770482620766,49.83108108108108,44.83108108108108,223.28414962783748,51.329597406121636,,69.65712039017036,0.0,0.0,0.0,0.22025337837837838,2.9961974892150303,Water Tank + DSM
2024-02-14 08:00:00,138.7630860866833,88.6,-5.4,100.55476154232079,-38.20832454436251,49.86486486486487,44.86486486486487,620.1522747011838,47.30467978240373,,64.10300607305119,28.02910096304208,0.0,0.0,0.2202027027027027,2.7443016653976486,Water Tank + DSM
2024-02-14 09:00:00,136.39390929949218,87.6,-5.45,122.02546680826728,-14.368442491224899,49.83108108108108,44.83108108108108,771.8211935827845,45.766543162911404,,63.00854097962877,40.42815528979194,10.309920542200357,0.0,0.22025337837837838,2.710218728894032,Water Tank + DSM
2024-02-14 10:00:00,150.7522251968297,87.0,-5.0,150.7522251968297,0.0,50.13513513513513,45.13513513513513,976.9039397283466,45.72567929806664,,69.6415097116073,44.68406545307378,16.414845640644273,10.861432021688941,0.2197972972972973,2.8684773189321517,Water Tank + DSM
2024-02-14 11:00:00,150.39202128520665,91.4,-3.65,150.39202128520665,0.0,51.0472972972973,46.0472972972973,890.3339714418878,45.684885693984626,,69.47510988449561,44.577298371245284,16.375624384701094,10.835479964961872,0.21842905405405405,2.481388046280025,Water Tank + DSM
2024-02-14 12:00:00,164.16020893657324,85.6,-2.15,164.16020893657324,0.0,52.060810810810814,47.060810810810814,1169.2735155325727,45.64416222985996,,75.83546292593147,48.65829019329372,17.87479081327969,11.827453609410075,0.21690878378378378,2.247394191845508,Water Tank + DSM
2024-02-14 13:00:00,131.53985998806633,88.0,-0.8,131.53985998806633,0.0,52.972972972972975,47.972972972972975,897.1289549008259,45.60350878509498,,60.76616398107424,38.98937946501717,14.322883091622032,9.477214983310969,0.21554054054054053,1.4682419080832525,Water Tank + DSM
2024-02-14 14:00:00,131.5969295790418,80.4,0.45,131.5969295790418,0.0,53.817567567567565,48.817567567567565,1182.6379573279407,45.56292523929937,,60.79252785377308,39.006295310439675,14.329097185811447,9.481326746716626,0.21427364864864865,1.1608086737483978,Water Tank + DSM
2024-02-14 15:00:00,116.5017264701558,84.3,-0.2,116.5017264701558,0.0,53.378378378378386,48.378378378378386,900.0587862780676,45.52241147228978,,53.819146648065505,34.531966371916724,12.685437010162191,8.393743978325086,0.21493243243243243,1.1694755109471506,Water Tank + DSM
2024-02-14 16:00:00,133.1241310414973,83.7,-0.15,133.1241310414973,0.0,53.41216216216216,48.41216216216216,1049.9999794364187,45.48196736408955,,61.498033960500926,39.45896902732373,14.495388437802202,9.59135891935107,0.21488175675675675,1.3238698391767296,Water Tank + DSM
2024-02-14 17:00:00,131.2162722512061,85.0,-0.05,131.2162722512061,0.0,53.479729729729726,48.479729729729726,994.4856915067016,45.44159279492828,,60.61667936491229,38.893465686001335,14.287648833919826,9.453901057414546,0.2147804054054054,1.2803225655048378,Water Tank + DSM
2024-02-14 18:00:00,139.81151691790993,83.9,-0.25,139.81151691790993,0.0,53.3445945945946,48.3445945945946,1093.0893763644222,45.40128764524155,,64.58733926162924,41.44115925915234,15.223552859636861,10.073173280662308,0.2149831081081081,1.4165574543462731,Water Tank + DSM
2024-02-14 19:00:00,140.42895841816724,86.4,-0.9,140.42895841816724,0.0,52.9054054054054,47.9054054054054,1001.5732687036941,45.36105179567044,,64.87257258525267,41.6241734493238,15.290783753944515,10.117658852093564,0.2156418918918919,1.5937613102701271,Water Tank + DSM
2024-02-14 20:00:00,128.80532133840867,86.0,-1.3,128.80532133840867,0.0,52.63513513513513,47.63513513513513,922.2426680462427,45.3208851270613,,59.50291629316612,38.17884214892963,14.025129411542686,9.280196295094866,0.2160472972972973,1.5583331321102176,Water Tank + DSM
2024-02-14 21:00:00,124.57714087810079,80.9,-0.25,124.57714087810079,0.0,53.3445945945946,48.3445945945946,1080.0213242690984,45.28078752046537,,57.549665717896,36.9255784429437,13.564738664367157,8.975563347985087,0.2149831081081081,1.2622041548668264,Water Tank + DSM
2024-02-14 22:00:00,115.74144877418577,84.8,-0.15,115.74144877418577,0.0,53.41216216216216,48.41216216216216,880.9034077872726,45.24075885713834,,53.46792870432845,34.30661448550257,12.60265321704021,8.338967310839063,0.21488175675675675,1.151005546297233,Water Tank + DSM
2024-02-14 23:00:00,118.3227721894523,82.9,-0.15,178.01852653360334,59.695754344151055,51.89286512852224,48.41216216216216,1371.7467781630169,51.41113768854593,,54.660397070605434,92.86711511776289,14.784100772156664,8.524947111563762,0.21716070230721665,1.674948119808659,Water Tank + DSM
2024-02-15 00:00:00,119.89880749238209,81.5,-0.2,167.60930240943392,47.710494917051825,53.52922873657662,48.378378378378386,1431.705001496493,56.32404318342062,,61.68062589997424,39.57612545038831,9.349109648050936,47.71049491705183,0.21470615689513506,1.2844760633015906,Water Tank + DSM
2024-02-15 01:00:00,131.9073376703089,85.7,-0.85,178.49515643939276,46.58781876908385,54.685380314454406,47.939189189189186,1375.0387337648108,61.11170617346829,,67.8582824839258,43.539893787505434,10.28547480207884,46.58781876908387,0.2129719295283184,0.9423966987876508,Water Tank + DSM
2024-02-15 02:00:00,135.3912044353514,86.8,-1.3,176.14325531649638,40.752050881144974,55.85307403293634,47.63513513513513,1359.8697244874948,65.28402419188194,,69.65051951375276,44.68984641029963,10.557129316971762,40.75205088114498,0.2112203889505955,0.4793039366987827,Water Tank + DSM
2024-02-15 03:00:00,128.17749642478492,82.6,-0.55,155.67101434515618,27.493517920371254,56.99706455439034,48.14189189189189,1452.6314179113258,68.06984156082825,,65.93950658162106,42.3087500578043,9.994640426795815,27.49351792037126,0.20950440316841448,0.0011613710105883703,Water Tank + DSM
2024-02-15 04:00:00,107.6811606613427,84.2,-1.5,133.29982990755119,25.618669246208473,58.19508438130707,47.5,1224.6579845604133,70.65582273571728,,55.39539154840468,35.543332015603944,8.39643862276316,25.618669246208484,0.2077073734280394,0.0,Water Tank + DSM
2024-02-15 05:00:00,95.58957790896915,81.4,-1.1,112.67878820189571,17.089210292926573,59.166577313694894,47.77027027027027,1210.787985734985,72.350011203508,,49.17500947884056,31.55214973522895,7.453597444150067,17.089210292926566,0.20625013402945766,0.0,Water Tank + DSM
2024-02-15 06:00:00,94.57901167902953,79.3,-0.3,105.65941467040255,11.080402991373019,59.61839411821973,48.31081081081081,1282.5379231417446,73.41617160354131,,48.65513477049524,31.21858264871262,7.374798541242519,11.08040299137302,0.20557240882267042,0.0,Water Tank + DSM
2024-02-15 07:00:00,112.0220371275859,83.5,-0.8,0.0,-112.0220371275859,83.5,47.972972972972975,0.0,57.49810912576501,,57.62850781529799,0.0,0.0,0.0,0.16975,0.0,Water Tank + DSM
2024-02-15 08:00:00,125.97017108151374,85.6,-0.6,65.62411797203801,-60.34605310947573,53.10810810810811,48.10810810810811,482.4910432493063,51.15991223321824,,64.8039722791094,0.0,0.0,0.0,0.21533783783783783,1.5132603256527153,Water Tank + DSM
2024-02-15 09:00:00,146.05321212082345,83.7,-1.5,121.38008612129295,-24.673125999530498,52.5,47.5,929.3806439757444,48.543335150923255,,75.1354723764577,34.92452880072691,0.0,0.0,0.21625,2.0286577541643576,Water Tank + DSM
2024-02-15 10:00:00,147.19147563136494,89.9,-2.8,147.19147563136494,0.0,51.62162162162163,46.62162162162163,918.6073249413976,48.49769690842829,,75.72103954962381,48.5848727493373,11.477255476652516,0.0,0.21756756756756757,2.4435384114121814,Water Tank + DSM
2024-02-15 11:00:00,148.87476980461236,87.9,-4.0,148.87476980461236,0.0,50.81081081081081,45.81081081081081,958.9026960555993,48.452137135694784,,76.58699176675722,49.14049346620373,11.608510341690398,0.0,0.2187837837837838,2.8440682888520126,Water Tank + DSM
2024-02-15 12:00:00,125.53991988528162,83.8,-0.95,125.53991988528162,0.0,52.871621621621614,47.871621621621614,969.6733799825606,48.40665569780296,,64.58263427222809,41.438140397912434,9.788975393183954,0.0,0.21569256756756758,1.5997293056891124,Water Tank + DSM
2024-02-15 13:00:00,127.13965897776289,82.0,0.25,127.13965897776289,0.0,53.682432432432435,48.682432432432435,1072.5705612833424,48.36125246006495,,65.40560249488676,41.966181304540726,9.913715050705827,0.0,0.21447635135135135,1.301925033445515,Water Tank + DSM
2024-02-15 14:00:00,116.53421906715057,86.5,-1.0,116.53421906715057,0.0,52.83783783783784,47.83783783783784,827.0128133491888,48.315927288024454,,59.94975030325678,38.46554414944963,9.086755861837915,0.0,0.21574324324324323,1.4971234940597093,Water Tank + DSM
2024-02-15 15:00:00,115.41371132973663,80.1,0.55,115.41371132973663,0.0,53.88513513513513,48.88513513513513,1051.7452503635477,48.27068004745644,,59.373317392747246,38.09568763701649,8.99938426976234,0.0,0.2141722972972973,1.1096391615428323,Water Tank + DSM
2024-02-15 16:00:00,97.8780824634043,81.1,1.2,97.8780824634043,0.0,54.32432432432432,49.32432432432432,873.2644678033083,48.225510604366626,,50.35230553577982,32.30753792660746,7.632043589336603,0.0,0.21351351351351353,0.8083586348176548,Water Tank + DSM
2024-02-15 17:00:00,105.23132975442937,80.9,0.6,105.23132975442937,0.0,53.91891891891892,48.91891891891892,931.7222941001343,48.18041882499108,,54.135102919619804,34.734693319923835,8.205413055062063,0.0,0.21412162162162163,1.0007678485681064,Water Tank + DSM
2024-02-15 18:00:00,116.0719190667724,82.9,-0.9,116.0719190667724,0.0,52.9054054054054,47.9054054054054,924.4532305701999,48.13540457579593,,59.71192514074467,38.31294844651202,9.050708018792402,0.0,0.2156418918918919,1.466976755484782,Water Tank + DSM
2024-02-15 19:00:00,129.40293995764043,86.1,-2.25,129.40293995764043,0.0,51.99324324324324,46.99324324324324,906.3678568636717,48.09046772347679,,66.56992256066576,42.713243713771135,10.090194387638078,0.0,0.21701013513513515,1.9997964574643246,Water Tank + DSM
2024-02-15 20:00:00,148.86463910588273,86.6,-2.85,148.86463910588273,0.0,51.58783783783784,46.58783783783784,1015.7185724510523,48.04560813495862,,76.58178013995696,49.13714953132891,11.607720400445647,0.0,0.21761824324324325,2.4868380767069804,Water Tank + DSM
2024-02-15 21:00:00,149.6196663627851,89.2,-2.85,149.6196663627851,0.0,51.58783783783784,46.58783783783784,950.3009383577163,48.00082567739504,,76.97019562757752,49.38636846905295,11.666593651645378,0.0,0.21761824324324325,2.4994510823387674,Water Tank + DSM
2024-02-15 22:00:00,153.37374542278351,86.5,-2.65,153.37374542278351,0.0,51.72297297297297,46.72297297297297,1053.5601766067098,47.956120218168174,,78.9014404075842,50.625512601813504,11.959317970539102,0.0,0.21741554054054055,2.498190201013107,Water Tank + DSM
2024-02-15 23:00:00,142.62817609555455,87.1,-2.15,204.67979740829253,62.05162131273799,51.80568736731122,47.060810810810814,1385.5875034658447,54.36691868786938,,73.37350017517483,109.13024292685523,11.121432190254094,0.0,0.21729146894903317,2.2867493931870166,Water Tank + DSM
2024-02-16 00:00:00,150.0354345453217,85.7,-1.75,150.0354345453217,0.0,52.33108108108108,47.33108108108108,1074.1192001518548,54.31126745657187,,83.83816357692913,53.79306112475926,3.9011334422126747,0.0,0.21650337837837838,2.348601528310461,Water Tank + DSM
2024-02-16 01:00:00,136.66702396845935,87.4,-0.95,189.1342277169942,52.46720374853483,54.14205981492792,47.871621621621614,1358.7299354469246,59.714042062316814,,76.3680416280506,49.000008540339245,3.5535358648225577,52.46720374853484,0.21378691027760813,1.30953177014438,Water Tank + DSM
2024-02-16 02:00:00,126.82354142330686,82.3,0.0,162.65862101131688,35.835079588010004,55.784843976383065,48.513513513513516,1465.6470839381818,63.37723510846413,,70.86761099785937,45.470768532226785,3.2975914003625224,35.83507958801002,0.2113227340354254,0.5166912263003431,Water Tank + DSM
2024-02-16 03:00:00,116.41492424396918,81.8,0.35,145.6592995956432,29.24437535167402,57.0247942283419,48.75,1404.6347258741719,66.34847812129189,,65.05138930106182,41.73890757651903,3.0269526363361625,29.244375351674023,0.20946280865748715,0.0,Water Tank + DSM
2024-02-16 04:00:00,113.12341888184577,83.6,0.8,140.5162917542866,27.392872872440833,58.31704215009185,49.054054054054056,1327.8225616755906,69.1219949083145,,63.2121320229374,40.55878536289827,2.9413688428655393,27.392872872440847,0.20752443677486224,0.0,Water Tank + DSM
2024-02-16 05:00:00,117.77855679565545,80.6,1.2,136.02825557581136,18.249698780155914,58.7007752240017,49.32432432432432,1483.9833015586855,70.93954982851241,,65.81337229043734,42.22781854229767,3.0624090108012636,18.24969878015591,0.20694883716399745,0.0,Water Tank + DSM
2024-02-16 06:00:00,130.62033933064572,82.5,1.2,149.0031653832695,18.382826052623788,59.09055184402226,49.32432432432432,1520.6550396642313,72.76782940074291,,72.98922023629473,46.832056167556296,3.3963135144719625,18.382826052623784,0.2063641722339666,0.0,Water Tank + DSM
2024-02-16 07:00:00,125.41584491199168,86.6,1.15,0.0,-125.41584491199168,86.6,49.29054054054054,0.0,56.100265267880225,,70.08100554868686,0.0,0.0,0.0,0.16510000000000002,0.0,Water Tank + DSM
2024-02-16 08:00:00,135.9132239661128,79.4,1.0,87.43811643616968,-48.47510752994313,54.189189189189186,49.189189189189186,828.5424348360511,50.99942509444778,,75.94682641250812,3.788572789899362,0.0,0.0,0.21371621621621623,1.2808329643623007,Water Tank + DSM
2024-02-16 09:00:00,112.6488892015715,85.6,0.6,99.71375830170194,-12.935130899869565,53.91891891891892,48.91891891891892,751.8927003130603,49.604056177062624,,62.94697001585885,30.382549027171272,0.0,0.0,0.21412162162162163,1.1636683105634444,Water Tank + DSM
2024-02-16 10:00:00,132.91906766844744,80.9,0.7,132.91906766844744,0.0,53.98648648648649,48.98648648648649,1179.8251902454128,49.556594145539805,,74.27372454681029,47.65623236539462,3.4560837015636747,0.0,0.21402027027027026,1.342949235724757,Water Tank + DSM
2024-02-16 11:00:00,124.56372582237056,84.7,0.9,124.56372582237056,0.0,54.12162162162163,49.12162162162163,973.1458066590209,49.509213719576046,,69.60485070007275,44.66054394014796,3.238832999450346,0.0,0.21381756756756756,1.2020945837120645,Water Tank + DSM
2024-02-16 12:00:00,134.26387765120182,83.2,1.0,134.26387765120182,0.0,54.189189189189186,49.189189189189186,1105.6052566943417,49.4619147588599,,75.02518969006611,48.138394768047846,3.4910506626221958,0.0,0.21371621621621623,1.2652896855838192,Water Tank + DSM
2024-02-16 13:00:00,119.84743114404579,83.5,0.6,119.84743114404579,0.0,53.91891891891892,48.91891891891892,967.8665124103981,49.414697123321076,,66.96943669992899,42.96958387673132,3.1162026691640388,0.0,0.21412162162162163,1.2380295865608493,Water Tank + DSM
2024-02-16 14:00:00,108.92950088468874,80.6,1.5,108.92950088468874,0.0,54.52702702702703,49.52702702702703,998.0578968732137,49.36756067313022,,60.86861641184577,39.055115994012304,2.832321044909086,0.0,0.21320945945945946,0.9031586597325207,Water Tank + DSM
2024-02-16 15:00:00,92.62206690146411,79.6,2.1,92.62206690146411,0.0,54.932432432432435,49.932432432432435,896.9927188606359,49.320505268698376,,51.75620025529731,33.208318564418484,2.40830470329336,0.0,0.21260135135135136,0.6420566464103089,Water Tank + DSM
2024-02-16 16:00:00,91.69305664512345,78.0,2.5,91.69305664512345,0.0,55.2027027027027,50.2027027027027,960.8461705188768,49.27353077067663,,51.23707946178766,32.875235212100364,2.3841491230455865,0.0,0.21219594594594596,0.5525295866284672,Water Tank + DSM
2024-02-16 17:00:00,92.01561859803942,79.7,2.4,92.01561859803942,0.0,55.13513513513513,50.13513513513513,894.8452698574114,49.22663703995559,,51.417323561151356,32.9908851910691,2.392536189910953,0.0,0.2122972972972973,0.575318160927479,Water Tank + DSM
2024-02-16 18:00:00,101.16034114986363,79.6,2.2,101.16034114986363,0.0,55.0,50.0,982.3719517037401,49.179823937665056,,56.52729473222081,36.26959478850521,2.6303119065260936,0.0,0.2125,0.6783275367866497,Water Tank + DSM
2024-02-16 19:00:00,89.55158328770494,80.7,2.0,89.55158328770494,0.0,54.864864864864856,49.864864864864856,828.0628616505527,49.13309132517368,,50.04044751828064,32.107440540383266,2.3284677877960176,0.0,0.21270270270270272,0.6410587060450031,Water Tank + DSM
2024-02-16 20:00:00,90.70748856027673,76.9,2.15,90.70748856027673,0.0,54.96621621621622,49.96621621621622,987.9395246684517,49.086439064088346,,50.68635477089059,32.521873858554535,2.358522959286174,0.0,0.21255067567567568,0.6185105183528943,Water Tank + DSM
2024-02-16 21:00:00,98.82900613805323,79.7,2.45,98.82900613805323,0.0,55.16891891891892,50.16891891891892,962.4285906967527,49.039867016254,,55.224570168086316,35.43372793363417,2.5696938998056376,0.0,0.2122466216216216,0.6067239938737049,Water Tank + DSM
2024-02-16 22:00:00,118.66258224391538,82.5,2.45,118.66258224391538,0.0,55.16891891891892,50.16891891891892,1037.1886612505796,48.9933750437531,,66.3073560640838,42.5447732344889,3.08539492243224,0.0,0.2122466216216216,0.7284848713527043,Water Tank + DSM
2024-02-16 23:00:00,120.05380189459686,81.9,2.35,172.22515028725084,52.17134839265398,54.15970336780591,50.101351351351354,1483.3687642142597,54.37451415804765,,67.08475442333632,95.21492355306037,3.121568600478258,0.0,0.21376044494829113,1.143243612361018,Water Tank + DSM
2024-02-17 00:00:00,132.66780611378277,80.5,1.9,174.10320076698787,41.43539465320511,55.23242774348583,49.79729729729729,1646.2410206909833,58.6295061203218,,74.84582228066348,48.02330729945209,14.152414813756225,41.435394653205094,0.21215135838477125,0.7937723938757458,Water Tank + DSM
2024-02-17 01:00:00,120.03132532593317,86.1,1.9,163.60349524145258,43.57216991551941,56.692700980378845,49.79729729729729,1329.2096993971666,63.09947776835377,,67.71682977671529,43.44913352033599,12.804410929962977,43.57216991551941,0.20996094852943173,0.12485589241342342,Water Tank + DSM
2024-02-17 02:00:00,118.95693501703349,78.8,2.15,143.88806822099295,24.931133203959455,57.388357315765305,49.96621621621622,1605.5045442503272,65.62247815393542,,67.11070212242208,43.06022397645169,12.689799723455295,24.93113320395946,0.20891746402635206,0.0,Water Tank + DSM
2024-02-17 03:00:00,85.32202386639237,80.1,1.95,108.3190363770724,22.997012510680023,58.88417862170762,49.83108108108108,1219.803249489555,67.93992796254908,,48.13524261834533,30.88500436973206,9.101776157139195,22.997012510680023,0.20667373206743858,0.0,Water Tank + DSM
2024-02-17 04:00:00,88.8676349283833,77.7,1.5,104.39397437392148,15.526339445538182,58.93797368288925,49.52702702702703,1329.3132745492928,69.4761955972121,,50.135533293194726,32.16845040371783,9.480006264257288,15.526339445538184,0.20659303947566612,0.0,Water Tank + DSM
2024-02-17 05:00:00,106.9847683511576,80.2,1.35,124.04007330342034,17.05530495226274,59.10466724733142,49.42567567567568,1404.7691248640622,71.16888496766109,,60.356488837097096,38.726519698998615,11.41266193216941,17.055304952262745,0.20634299912900286,0.0,Water Tank + DSM
2024-02-17 06:00:00,117.78431988918045,85.3,1.2,140.24017599598315,22.455856106802702,59.94740555875648,49.32432432432432,1321.5513877596816,73.42050039959423,,66.44915998922639,42.635758853537276,12.564710327675066,22.4558561068027,0.20507889166186527,0.0,Water Tank + DSM
2024-02-17 07:00:00,109.37806336988402,80.9,0.95,0.0,-109.37806336988402,80.9,49.15540540540541,0.0,57.52272211755418,,61.70668930308781,0.0,0.0,0.0,0.17365,0.0,Water Tank + DSM
2024-02-17 08:00:00,102.90927738686949,78.4,0.85,52.19693983673481,-50.71233755013468,54.08783783783784,49.08783783783784,512.8876414528303,52.186488898369674,,58.05726130515205,0.0,0.0,0.0,0.21386824324324324,1.014432957669751,Water Tank + DSM
2024-02-17 09:00:00,110.0843323773963,84.0,0.65,90.11284063946239,-19.971491737933903,53.9527027027027,48.9527027027027,716.4436572463661,50.05714929807312,,62.105137775004714,31.6203228809405,0.0,0.0,0.21407094594594595,1.1355169109402892,Water Tank + DSM
2024-02-17 10:00:00,129.6698740063359,82.9,0.7,129.6698740063359,0.0,53.98648648648649,48.98648648648649,1071.3688012544794,50.00890822451918,,73.15450996989065,46.938110980344064,13.83260867531991,0.0,0.21402027027027026,1.3227126262123452,Water Tank + DSM
2024-02-17 11:00:00,119.17767954787008,83.3,1.15,119.17767954787008,0.0,54.29054054054054,49.29054054054054,981.4226227367357,49.96075009599834,,67.23523727837585,43.14012943919785,12.713347773730494,0.0,0.21356418918918918,1.0930268979173803,Water Tank + DSM
2024-02-17 12:00:00,107.11776355668104,81.2,0.8,107.11776355668104,0.0,54.054054054054056,49.054054054054056,942.6648051005577,49.9126747698961,,60.4315193649122,38.77466151886657,11.426849272504219,0.0,0.21391891891891893,1.0681679368825012,Water Tank + DSM
2024-02-17 13:00:00,98.74894163399152,79.8,0.7,98.74894163399152,0.0,53.98648648648649,48.98648648648649,913.8735433225318,49.864682103843066,,55.710167767472406,35.74530180681238,10.534100362110845,0.0,0.21402027027027026,1.0073000604442968,Water Tank + DSM
2024-02-17 14:00:00,106.8989526219505,81.2,1.0,106.8989526219505,0.0,54.189189189189186,49.189189189189186,945.4457306520003,49.81677195571477,,60.30807506584946,38.695455982370156,11.403507489710009,0.0,0.21371621621621623,1.0170875362456786,Water Tank + DSM
2024-02-17 15:00:00,116.16717607588083,83.5,0.5,116.16717607588083,0.0,53.851351351351354,48.851351351351354,936.0074482784763,49.768944183631,,65.53683271105695,42.050382517194684,12.392200577723466,0.0,0.21422297297297296,1.2381147585142909,Water Tank + DSM
2024-02-17 16:00:00,123.89104723311524,82.5,0.25,123.89104723311524,0.0,53.682432432432435,48.682432432432435,1027.0305915885003,49.72119864595551,,69.89432911419563,44.846281906735484,13.216148992845651,0.0,0.21447635135135135,1.391274956556893,Water Tank + DSM
2024-02-17 17:00:00,115.39563834376239,83.9,-0.05,115.39563834376239,0.0,53.479729729729726,48.479729729729726,906.2063512951362,49.67353520129561,,65.10156225869538,41.77110003949343,12.309896344697707,0.0,0.2147804054054054,1.3750505650046079,Water Tank + DSM
2024-02-17 18:00:00,120.49680395326732,81.6,0.15,120.49680395326732,0.0,53.61486486486487,48.61486486486487,1028.6056262657664,49.62595370850172,,67.97943403344823,43.61762822765499,12.854066131280778,0.0,0.21457770270270268,1.3807174236793582,Water Tank + DSM
2024-02-17 19:00:00,117.93197924865152,84.0,-0.05,117.93197924865152,0.0,53.479729729729726,48.479729729729726,923.0898766786758,49.57845402666693,,66.53246344091359,42.68920882759833,12.580461975098673,0.0,0.2147804054054054,1.405273518353352,Water Tank + DSM
2024-02-17 20:00:00,119.05205627110895,83.4,-0.35,119.05205627110895,0.0,53.27702702702703,48.27702702702703,944.1474941382098,49.531036015126595,,67.16436569526763,43.094656122041386,12.699946838152632,0.0,0.21508445945945945,1.5003067093821252,Water Tank + DSM
2024-02-17 21:00:00,120.99940808437624,82.5,-0.8,120.99940808437624,0.0,52.972972972972975,47.972972972972975,978.9585420119853,49.48369953345796,,68.26298300117776,43.799561684951456,12.907681717148389,0.0,0.21554054054054053,1.6493812649473751,Water Tank + DSM
2024-02-17 22:00:00,123.85097472022841,85.5,-1.65,123.85097472022841,0.0,52.398648648648646,47.398648648648646,893.8290817364954,49.436444441479686,,69.87172181958721,44.83177639362724,13.211874234397339,0.0,0.21640202702702704,1.9290260496948213,Water Tank + DSM
2024-02-17 23:00:00,142.39916494010757,85.6,-2.55,199.7310917042491,57.331926764141535,51.97826802172112,46.79054054054054,1419.338410639401,55.3536930154343,,80.3358622127311,108.87780709051943,15.1905131350139,0.0,0.2170325979674183,2.4205510096576655,Water Tank + DSM
2024-02-18 00:00:00,154.66968361056908,88.8,-3.3,154.66968361056908,0.0,51.28378378378378,46.28378378378378,984.8882199933232,55.29634513803737,,66.69402267112947,42.7928700383821,15.720108478891175,11.9029396577101,0.21807432432432433,2.2874247235044134,Water Tank + DSM
2024-02-18 01:00:00,166.90825124914826,89.9,-3.7,166.90825124914826,0.0,51.013513513513516,46.013513513513516,1025.3682788788274,55.23909586378584,,71.97132904750184,46.17894688413495,16.963995492904342,12.844785071098254,0.21847972972972973,2.585132332544051,Water Tank + DSM
2024-02-18 02:00:00,146.5768585962,89.6,-4.1,201.06084922608707,54.48399062988707,53.05052447964653,45.74324324324324,1314.3268831501528,60.85008791675895,,63.20437271270069,40.553806758500926,14.897580856432958,65.76412945450708,0.2154242132805302,1.4977447368486478,Water Tank + DSM
2024-02-18 03:00:00,131.4491974727135,83.4,-3.0,167.22873786340494,35.77954039069145,54.803419434698625,46.486486486486484,1397.1466602568844,64.50554979392463,,56.681280724801724,36.368396784611214,13.360056059447714,45.89549737106255,0.21279487084795207,0.7470299979389453,Water Tank + DSM
2024-02-18 04:00:00,125.28205694978185,86.2,-3.95,159.71133263691647,34.42927568713463,55.908602554545276,45.8445945945946,1259.684977358212,68.01425438620863,,54.02199158519208,34.662117721089416,12.73324855740905,44.07062704479107,0.21113709616818208,0.3537567816867315,Water Tank + DSM
2024-02-18 05:00:00,144.34286769940553,88.7,-5.3,177.17889309968854,32.83602540028302,56.204078775426574,44.932432432432435,1302.633907511036,71.35117546279534,,62.24106926473446,39.93572259435305,14.670525505838935,43.94424262902409,0.21069388183686014,0.29723392840768137,Water Tank + DSM
2024-02-18 06:00:00,158.7753211759453,90.4,-6.85,158.7753211759453,0.0,48.88513513513513,43.88513513513513,913.6506074996119,71.26632173584746,,68.46438566969923,43.92878763165917,16.137391726623342,12.218897866560805,0.22167229729729732,3.3334754265936013,Water Tank + DSM
2024-02-18 07:00:00,178.45222970233056,91.8,-7.4,0.0,-178.45222970233056,91.8,43.513513513513516,0.0,52.37129045793415,,76.94912652338003,0.0,0.0,0.0,0.1573,0.0,Water Tank + DSM
2024-02-18 08:00:00,193.14519711567553,94.8,-7.25,133.57345399265958,-59.57174312301594,48.61486486486487,43.61486486486487,690.9056012665922,46.122556649490065,,83.28477730442833,28.360785595618324,0.0,0.0,0.2220777027027027,4.1901246743836005,Water Tank + DSM
2024-02-18 09:00:00,189.36997569718213,94.5,-7.4,171.95828834893692,-17.411687348245202,48.513513513513516,43.513513513513516,893.2924433909411,44.26995417876995,,81.65689072060702,52.39349153635522,16.408618171231694,0.0,0.22222972972972974,4.15788059777361,Water Tank + DSM
2024-02-18 10:00:00,179.0691560577779,90.0,-5.9,179.0691560577779,0.0,49.527027027027025,44.527027027027025,1056.9548984153046,44.23166352827768,,77.21514698308575,49.543536549522116,18.19998911706188,13.78065377362131,0.22070945945945947,3.462160239052413,Water Tank + DSM
2024-02-18 11:00:00,165.23660235010055,90.9,-4.9,165.23660235010055,0.0,50.20270270270271,45.20270270270271,969.9323924801995,44.19343871419907,,71.25050912359247,45.71644736634409,16.794094699043445,12.716139718565298,0.21969594594594594,2.9058653585811056,Water Tank + DSM
2024-02-18 12:00:00,159.96419874012915,89.1,-4.0,159.96419874012915,0.0,50.81081081081081,45.81081081081081,998.0387443374811,44.155279623335915,,68.97703317351463,44.25771752863732,16.258225259354592,12.31039050801804,0.2187837837837838,2.5614714481191663,Water Tank + DSM
2024-02-18 13:00:00,156.62488455292083,87.0,-3.05,156.62488455292083,0.0,51.4527027027027,46.4527027027027,1052.579611541385,44.11718614268458,,67.53711107043173,43.33382064920538,15.918828552497764,12.053406370334322,0.21782094594594595,2.2478906022496403,Water Tank + DSM
2024-02-18 14:00:00,142.23017169776196,88.4,-2.15,142.23017169776196,0.0,52.060810810810814,47.060810810810814,935.0121995068359,44.07915815943579,,61.33006853245397,39.35119740933635,14.455798162034588,10.945630143569533,0.21690878378378378,1.8175248688063712,Water Tank + DSM
2024-02-18 15:00:00,139.09041983527806,84.2,-2.0,139.09041983527806,0.0,52.16216216216216,47.16216216216216,1037.1338169712085,44.041195560974224,,59.976198290982076,38.48251396557672,14.136684301303351,10.704003755728554,0.21675675675675676,1.740930728770669,Water Tank + DSM
2024-02-18 16:00:00,119.24386794263098,85.4,-1.7,119.24386794263098,0.0,52.36486486486486,47.36486486486486,862.3046800964794,44.003298234878166,,51.41830671861254,32.99151601415906,12.11954725543022,9.176669477431448,0.2164527027027027,1.4299848003635762,Water Tank + DSM
2024-02-18 17:00:00,118.44836110124552,83.1,-1.85,118.44836110124552,0.0,52.263513513513516,47.263513513513516,917.6243794847043,43.96546606891928,,51.07528182791718,32.771421034435924,12.038694605121798,9.115449529803263,0.21660472972972972,1.4515042930285103,Water Tank + DSM
2024-02-18 18:00:00,111.59148467258561,84.4,-2.75,111.59148467258561,0.0,51.6554054054054,46.6554054054054,814.1271045147429,43.92769895106207,,48.11857653628673,30.874310915431074,11.341784656328704,8.587763790326283,0.21751689189189188,1.5430457043325463,Water Tank + DSM
2024-02-18 19:00:00,119.62727915290344,84.7,-3.55,119.62727915290344,0.0,51.11486486486487,46.11486486486487,850.9105357288582,43.88999676946372,,51.583634760626644,33.09759540676814,12.15851588636556,9.20617571545708,0.2183277027027027,1.8214599679664498,Water Tank + DSM
2024-02-18 20:00:00,135.88570295259277,86.7,-4.4,135.88570295259277,0.0,50.54054054054054,45.54054054054054,897.7442076783933,43.85235941247379,,58.59431494164703,37.595856478025034,13.810967613559997,10.457377844404576,0.2191891891891892,2.270925611522212,Water Tank + DSM
2024-02-18 21:00:00,150.9513703880539,90.0,-5.05,150.9513703880539,0.0,50.101351351351354,45.101351351351354,903.8152179953896,43.81478676863369,,65.09067506885998,41.76411449444681,15.342191579781158,11.61678883045749,0.21984797297297298,2.6942261856205136,Water Tank + DSM
2024-02-18 22:00:00,160.04753940106966,89.7,-5.5,160.04753940106966,0.0,49.79729729729729,44.79729729729729,958.1808020386452,43.777278726676556,,69.01296991173274,44.28077560950545,16.266695724930678,12.316804168633693,0.22030405405405407,2.9824794294286687,Water Tank + DSM
2024-02-18 23:00:00,157.20870895527437,89.6,-5.35,157.20870895527437,0.0,49.898648648648646,44.898648648648646,945.9585080777367,43.73983517552679,,67.78885787056461,43.49534888920653,15.978166508866313,12.098335838538379,0.22015202702702702,2.888354984674193,Water Tank + DSM
2024-02-19 00:00:00,174.2014863483139,89.3,-5.2,174.2014863483139,0.0,50.0,45.0,1058.9125167516702,43.70245600429984,,74.7265293623255,47.946765412391095,17.613409729674498,22.307206586807116,0.22,3.1385142332176708,Water Tank + DSM
2024-02-19 01:00:00,166.0917961547369,94.0,-5.2,166.0917961547369,0.0,50.0,45.0,901.7710341546327,43.66514110230168,,71.24774732048925,45.714675311270284,16.79344372849705,21.2687278786438,0.22,2.9924053874605487,Water Tank + DSM
2024-02-19 02:00:00,156.0900760094031,87.4,-5.15,156.0900760094031,0.0,50.03378378378378,45.03378378378378,997.9228008120938,43.62789035902875,,66.95734860012678,42.961827792105886,15.782175692763616,19.987967064357267,0.21994932432432432,2.7986362056782723,Water Tank + DSM
2024-02-19 03:00:00,131.48476361948528,86.4,-4.6,199.27862697459238,67.79386335510712,49.3701290349881,45.4054054054054,1285.8192337563014,50.643514089046384,,56.40250410759481,36.18952540945513,13.294347042532046,84.6310204113491,0.22094480644751785,2.5820629706670113,Water Tank + DSM
2024-02-19 04:00:00,139.9161842420797,87.2,-4.55,197.87229838526082,57.956114143181104,51.44996993529543,45.43918918918919,1322.4222977339384,56.62362347982766,,60.01929759155304,38.51016775963818,14.146843017979965,75.8729487934042,0.21782504509705686,1.9986534365734203,Water Tank + DSM
2024-02-19 05:00:00,157.25716748262903,89.4,-4.9,157.25716748262903,0.0,50.20270270270271,45.20270270270271,958.4183098248343,56.56409210159497,,67.45799125864093,43.283055023024446,15.900179624537396,20.137417859208096,0.21969594594594594,2.7511921299807853,Water Tank + DSM
2024-02-19 06:00:00,172.35867538220077,91.3,-5.3,172.35867538220077,0.0,49.932432432432435,44.932432432432435,995.345686823243,56.50466308078875,,73.93602595931132,47.43955490033531,17.427084197780996,22.07122717134263,0.22010135135135134,3.135287154869174,Water Tank + DSM
2024-02-19 07:00:00,182.21664677747697,91.6,-5.35,102.28069904389851,-79.93594773357846,49.898648648648646,44.898648648648646,585.9281113537969,48.13061632777788,,78.1647613413341,11.974287910095214,0.0,0.0,0.22015202702702702,3.330452601476034,Water Tank + DSM
2024-02-19 08:00:00,177.45699317773614,92.2,-5.25,156.01949761814444,-21.437495559591692,49.96621621621621,44.96621621621621,882.5100481700292,45.855814442428034,,76.12303137719148,48.84280267085997,17.942572108632135,1.2865918754274581,0.22005067567567568,3.2125976620401238,Water Tank + DSM
2024-02-19 09:00:00,169.15756551656588,90.2,-5.5,169.15756551656588,0.0,49.79729729729729,44.79729729729729,1000.1883332959288,45.81479708578286,,72.56285839696285,46.558489721132425,17.103421863807597,21.661312074883554,0.22030405405405407,3.13589217774983,Water Tank + DSM
2024-02-19 10:00:00,174.3356146017604,89.5,-5.5,174.3356146017604,0.0,49.79729729729729,44.79729729729729,1048.9790663788585,45.773850253812036,,74.78406583391131,47.98368252508619,17.626971358417176,22.324382253453127,0.22030405405405407,3.231884358606062,Water Tank + DSM
2024-02-19 11:00:00,146.9399293012615,93.4,-5.0,146.9399293012615,0.0,50.13513513513513,45.13513513513513,811.3444150098078,45.73297382525651,,63.032246002044666,40.443365137734425,14.857009745930748,18.81625368121205,0.2197972972972973,2.5962471055977336,Water Tank + DSM
2024-02-19 12:00:00,143.50718096212188,82.3,-4.1,143.50718096212188,0.0,50.74324324324324,45.74324324324324,1086.3807136527846,45.69216767906559,,61.559713390897564,39.498544385703596,14.509926582270298,18.376676339095717,0.21888513513513513,2.310984916215047,Water Tank + DSM
2024-02-19 13:00:00,125.23366461449221,87.2,-3.05,125.23366461449221,0.0,51.4527027027027,46.4527027027027,836.9097992630496,45.651431694396734,,53.72099464900492,34.46898912790614,12.662302102252067,16.036678485007847,0.21782094594594595,1.7880379705472853,Water Tank + DSM
2024-02-19 14:00:00,162.4955166922174,87.1,-2.35,162.4955166922174,0.0,51.92567567567568,46.92567567567568,1103.611952688965,45.61076575061519,,69.70506540379336,44.72484467686312,16.42982602922486,20.808209713179306,0.21711148648648648,2.1222366534425188,Water Tank + DSM
2024-02-19 15:00:00,146.30279639530588,91.4,-3.1,146.30279639530588,0.0,51.41891891891892,46.41891891891892,874.1759818908029,45.570169727293646,,62.758937594621564,40.26800232873239,14.792589612899185,18.73466622949544,0.21787162162162163,2.101576315668544,Water Tank + DSM
2024-02-19 16:00:00,139.39183376823655,82.8,-2.6,139.39183376823655,0.0,51.75675675675676,46.75675675675676,1072.6820655605152,45.52964350421184,,59.794369022336085,38.36584689481521,14.093826250262596,17.84968944618896,0.21736486486486487,1.8810985281621402,Water Tank + DSM
2024-02-19 17:00:00,114.7522721807384,85.4,-2.5,114.7522721807384,0.0,51.82432432432432,46.82432432432432,816.464504133291,45.4891869613562,,49.22483278565041,31.5841178518278,11.602534683826692,14.694493689468036,0.21726351351351353,1.5286306181273603,Water Tank + DSM
2024-02-19 18:00:00,116.78924400807342,85.6,-4.2,116.78924400807342,0.0,50.67567567567568,45.67567567567568,798.8690769148533,45.44879997891948,,50.09862461289824,32.144768695883165,11.808491706092953,14.955336190392588,0.2189864864864865,1.901039701527273,Water Tank + DSM
2024-02-19 19:00:00,120.98252118565559,84.0,-3.7,120.98252118565559,0.0,51.013513513513516,46.013513513513516,876.1679181222003,45.40848243730052,,51.897398301363936,33.29891543341823,12.232471492873703,15.492302333660941,0.21847972972972973,1.8640984416895308,Water Tank + DSM
2024-02-19 20:00:00,136.05036553466024,87.0,-3.3,136.05036553466024,0.0,51.28378378378378,46.28378378378378,909.9867013936024,45.3682342171037,,58.360992480586305,37.44614984235783,13.755972364337698,17.421800891664226,0.21807432432432433,2.001624309672001,Water Tank + DSM
2024-02-19 21:00:00,160.81358442093992,88.8,-2.9,160.81358442093992,0.0,51.554054054054056,46.554054054054056,1031.4412583835708,45.328055199138745,,68.98357350444324,44.261913999628675,16.259766847454515,20.592831466834237,0.21766891891891893,2.2540848747803204,Water Tank + DSM
2024-02-19 22:00:00,156.52365716792784,90.1,-3.3,156.52365716792784,0.0,51.28378378378378,46.28378378378378,963.3133174555784,45.28794526442026,,67.1433402116373,43.08116554593798,15.826014828446382,20.043488889561555,0.21807432432432433,2.302835100772101,Water Tank + DSM
2024-02-19 23:00:00,152.6360344641936,85.6,-2.8,152.6360344641936,0.0,51.62162162162163,46.62162162162163,1073.1370820889954,45.2479042941675,,65.47568192576382,42.01114635324792,15.432939585573068,19.545663040875276,0.21756756756756757,2.1129179518746466,Water Tank + DSM
2024-02-20 00:00:00,135.7586497288136,87.2,-2.05,202.25559862590416,66.49694889709055,51.08005008965023,47.12837837837838,1337.896250792427,52.12582056429759,,71.56440607018858,45.91785299016392,11.38416603796622,66.49694889709056,0.21837992486552465,2.5419461957966845,Water Tank + DSM
2024-02-20 01:00:00,140.05278737841218,84.8,-1.65,191.86019603328543,51.80740865487327,53.0938169319183,47.398648648648646,1445.7651448084105,57.46371213519381,,73.82803649882811,47.370265648272046,11.744254887483827,51.80740865487326,0.21535927460212256,1.7303149567286416,Water Tank + DSM
2024-02-20 02:00:00,140.90421580901864,85.6,-1.0,185.5295960466712,44.62538023765257,54.83052826691982,47.83783783783784,1440.6015092556077,62.045256973746525,,74.27686219110879,47.65824557136593,11.815652199130865,44.625380237652564,0.21275420759962027,0.9668493176730147,Water Tank + DSM
2024-02-20 03:00:00,138.84260969503057,86.7,-0.85,177.95849120404685,39.11588150901627,56.235273375367285,47.939189189189186,1395.6220870134284,66.0457540380916,,73.19009816249668,46.96094542397329,11.642774328340247,39.115881509016276,0.21064708993694908,0.3358225003460589,Water Tank + DSM
2024-02-20 04:00:00,141.4185586534863,83.8,-0.9,169.60748114320725,28.188922489720962,56.905875923873026,47.9054054054054,1506.6864336351885,68.90260686415125,,74.54799511895025,47.83221252791702,11.858782889908621,28.188922489720966,0.20964118611419047,0.04210056700613613,Water Tank + DSM
2024-02-20 05:00:00,119.87443317097679,85.8,-0.3,146.70978474552408,26.835351574547293,58.725449608811104,48.31081081081081,1294.6028940947422,71.61373153159921,,63.19113095200963,40.545310450711455,10.05218049569217,26.83535157454729,0.20691182558678334,0.0,Water Tank + DSM
2024-02-20 06:00:00,125.03860429592369,80.9,-0.45,139.81936696895832,14.780762673034621,58.51024366638444,48.20945945945946,1491.903337864542,73.06611793874019,,65.91339461727063,42.29199584427598,10.485226799940945,14.780762673034628,0.20723463450042334,0.0,Water Tank + DSM
2024-02-20 07:00:00,127.41709998046409,84.6,-0.1,0.0,-127.41709998046409,84.6,48.445945945945944,0.0,56.127949761466354,,67.16720519467881,0.0,0.0,0.0,0.1681,0.0,Water Tank + DSM
2024-02-20 08:00:00,145.9278933117802,87.0,-1.3,88.14712421171106,-57.78076910006914,52.63513513513513,47.63513513513513,612.7654689711184,50.05905233651772,,76.92506543629027,3.8135597768762324,0.0,0.0,0.2160472972972973,2.0146050921017666,Water Tank + DSM
2024-02-20 09:00:00,127.6251694187605,85.7,-0.45,127.6251694187605,0.0,53.20945945945946,48.20945945945946,938.3830853965355,50.01080799090585,,67.2768878248669,43.16685366952068,10.702125589706506,0.0,0.2151858108108108,1.5300946244493376,Water Tank + DSM
2024-02-20 10:00:00,109.14943383412059,79.2,0.8,109.14943383412059,0.0,54.054054054054056,49.054054054054056,1036.9415709549125,49.96264659595301,,57.537508076572486,36.91777773840837,9.152825843508008,0.0,0.21391891891891893,1.017014331948064,Water Tank + DSM
2024-02-20 11:00:00,95.52081175623088,80.4,1.6,95.52081175623088,0.0,54.5945945945946,49.5945945945946,884.2765216602027,49.91456800903504,,50.353256859375584,32.30814832414187,8.009985244302644,0.0,0.2131081081081081,0.7267199773758525,Water Tank + DSM
2024-02-20 12:00:00,102.76253791677061,80.0,2.7,102.76253791677061,0.0,55.33783783783783,50.33783783783783,995.4156131450593,49.86657208777288,,54.170691937267186,34.75752829292416,8.617246830785339,0.0,0.21199324324324326,0.5402428466176126,Water Tank + DSM
2024-02-20 13:00:00,98.88717719572584,79.2,3.5,98.88717719572584,0.0,55.87837837837837,50.87837837837837,1012.936010631893,49.81865869003239,,52.127817403207615,33.446759187395685,8.2922749045507,0.0,0.21118243243243245,0.35080612252429116,Water Tank + DSM
2024-02-20 14:00:00,108.00250724999913,77.4,4.3,108.00250724999913,0.0,56.41891891891892,51.41891891891892,1229.7214586305784,49.77082767392376,,56.93291220026758,36.52985102887346,9.056649263282159,0.0,0.21037162162162162,0.1984958290225544,Water Tank + DSM
2024-02-20 15:00:00,100.7303787102595,82.2,2.95,100.7303787102595,0.0,55.50675675675676,50.50675675675676,901.4878934679897,49.72307889780118,,53.09945067975218,34.0701880174899,8.446838257418436,0.0,0.21173986486486487,0.4757423756848064,Water Tank + DSM
2024-02-20 16:00:00,107.3123783646718,79.5,0.45,107.3123783646718,0.0,53.817567567567565,48.817567567567565,998.1928208579548,49.675412220262345,,56.56911465301008,36.296427694419066,8.998777872885622,0.0,0.21427364864864865,1.080164310874369,Water Tank + DSM
2024-02-20 17:00:00,87.86139242565648,81.8,0.45,87.86139242565648,0.0,53.817567567567565,48.817567567567565,750.0900316084626,49.627827500148065,,46.315637184091344,29.717491364059494,7.3676976141012025,0.0,0.21427364864864865,0.8843783154205557,Water Tank + DSM
2024-02-20 18:00:00,106.02499970120746,79.1,0.05,106.02499970120746,0.0,53.5472972972973,48.5472972972973,991.2249242384893,49.580324596541914,,55.89048025570063,35.860995666112125,8.890823554778535,0.0,0.21467905405405405,1.1578392734052574,Water Tank + DSM
2024-02-20 19:00:00,113.9588886619937,84.6,-0.15,113.9588886619937,0.0,53.41216216216216,48.41216216216216,872.8984330320762,49.532903368769695,,60.072785047621274,38.54448690346159,9.55612708745803,0.0,0.21488175675675675,1.2931884673089284,Water Tank + DSM
2024-02-20 20:00:00,146.14298185847164,84.1,0.05,146.14298185847164,0.0,53.5472972972973,48.5472972972973,1142.6917876789048,49.48556367639912,,77.03844814985747,49.4301613188278,12.254953729163503,0.0,0.21467905405405405,1.5959451488342093,Water Tank + DSM
2024-02-20 21:00:00,149.10288943065126,84.3,4.55,149.10288943065126,0.0,56.58783783783784,51.58783783783784,1285.335267205229,49.43830537923933,,78.59874672272056,50.43129532417708,12.50315949230299,0.0,0.21011824324324324,0.19437257635483565,Water Tank + DSM
2024-02-20 22:00:00,148.2556919357495,85.2,0.05,148.2556919357495,0.0,53.5472972972973,48.5472972972973,1118.925968919791,49.39112833734053,,78.15215134431995,50.14474643685209,12.432116969648437,0.0,0.21467905405405405,1.6190168650113845,Water Tank + DSM
2024-02-20 23:00:00,131.64866052215575,84.2,-0.35,186.83429423063632,55.18563370848056,52.988125418242625,48.27702702702703,1430.2067813749125,55.08516918795841,,69.39784845403008,99.71335884631641,11.039519124960634,0.0,0.21551781187263608,1.6704927854482419,Water Tank + DSM
2024-02-21 00:00:00,118.05587081969338,82.9,0.5,162.16868179291816,44.11281097322478,54.90540808785632,48.851351351351354,1384.0446093995092,59.617479357223,,70.41160130937683,41.058435448364314,0.0,44.112810973224754,0.21264188786821553,0.8849014237422353,Water Tank + DSM
2024-02-21 01:00:00,109.13722996562319,81.2,0.8,143.38242698296477,34.245197017341596,56.26074959672558,49.054054054054056,1373.6082384083634,63.11543792844318,,65.09229122612466,37.956637653375694,0.0,34.24519701734155,0.21060887560491162,0.2887170152338113,Water Tank + DSM
2024-02-21 02:00:00,109.4543857358454,80.0,2.4,136.26141948565632,26.807033749810905,57.77475381424481,50.13513513513513,1464.764965287965,65.83356672449521,,65.281451201743,38.06694067878502,0.0,26.807033749810888,0.2083378692786328,0.0,Water Tank + DSM
2024-02-21 03:00:00,99.66292657436124,83.0,0.45,126.9202824061811,27.25735583181987,58.32738711058393,48.817567567567565,1229.026486362111,68.59387055495327,,59.441569509044825,34.661587000600726,0.0,27.257355831819847,0.2075089193341241,0.0,Water Tank + DSM
2024-02-21 04:00:00,111.15951872354779,79.7,-0.85,128.8193244931888,17.659805769641007,57.80300462079971,47.939189189189186,1405.4834153579275,70.35096507066675,,66.29843700072064,38.65996576275887,0.0,17.65980576964098,0.20829549306880044,0.0,Water Tank + DSM
2024-02-21 05:00:00,114.2729713920099,85.7,-1.7,138.65725311905794,24.384281727048037,58.81336302803068,47.36486486486486,1232.0927204575014,72.80460698706106,,68.1553813988708,39.74278777340525,0.0,24.38428172704803,0.20677995545795397,0.0,Water Tank + DSM
2024-02-21 06:00:00,149.32791508243616,84.9,-1.25,168.5608277935434,19.232912711107232,58.40601525504054,47.66891891891892,1519.9658688945156,74.71811708536599,,89.06306436215807,51.93448254187344,0.0,19.23291271110724,0.20739097711743917,0.0,Water Tank + DSM
2024-02-21 07:00:00,145.64694304255576,89.5,-1.9,0.0,-145.64694304255576,89.5,47.229729729729726,0.0,55.47349813569835,,86.86763660491529,0.0,0.0,0.0,0.16075,0.0,Water Tank + DSM
2024-02-21 08:00:00,135.14336931647546,84.6,-1.4,83.63829451676902,-51.505074799706435,52.567567567567565,47.567567567567565,623.7578520821247,50.05843812342695,,80.60303120757796,0.0,0.0,0.0,0.21614864864864866,2.1436049380609927,Water Tank + DSM
2024-02-21 09:00:00,116.92743803012932,81.5,-0.15,116.92743803012932,0.0,53.41216216216216,48.41216216216216,994.4865204403202,50.010194833884555,,69.73857455406564,40.665979871810244,0.0,0.0,0.21488175675675675,1.5012641792517103,Water Tank + DSM
2024-02-21 10:00:00,112.21149111259169,83.5,0.05,112.21149111259169,0.0,53.5472972972973,48.5472972972973,894.9568440332765,49.962034493185406,,66.92586077839077,39.02582931642311,0.0,0.0,0.21467905405405405,1.3864506023415273,Water Tank + DSM
2024-02-21 11:00:00,111.68280916770874,81.8,1.0,111.68280916770874,0.0,54.189189189189186,49.189189189189186,966.2910234036133,49.91395695870842,,66.61054107371113,38.841959989502094,0.0,0.0,0.21371621621621623,1.12337777378367,Water Tank + DSM
2024-02-21 12:00:00,89.62486248837827,79.8,2.15,89.62486248837827,0.0,54.96621621621622,49.96621621621622,862.1570477893054,49.86596208807772,,53.4546062057145,31.1704670466397,0.0,0.0,0.21255067567567568,0.6522906676183804,Water Tank + DSM
2024-02-21 13:00:00,80.01937496257302,75.5,3.45,80.01937496257302,0.0,55.8445945945946,50.8445945945946,972.5544489965987,49.81804973916226,,47.725642848338055,27.829792103580843,0.0,0.0,0.2112331081081081,0.33085479434050513,Water Tank + DSM
2024-02-21 14:00:00,71.01018771961301,77.2,4.05,71.01018771961301,0.0,56.25,51.25,809.7247412914398,49.77021977007536,,42.352328536492706,24.696503345563436,0.0,0.0,0.210625,0.19058547841421716,Water Tank + DSM
2024-02-21 15:00:00,78.86425920393886,75.9,4.25,78.86425920393886,0.0,56.385135135135144,51.385135135135144,965.418142432474,49.72247203917421,,47.036701674143096,27.428056506003447,0.0,0.0,0.21042229729729728,0.17352729131136324,Water Tank + DSM
2024-02-21 16:00:00,88.83076749726789,77.1,4.0,88.83076749726789,0.0,56.21621621621622,51.21621621621622,1016.143403621998,49.674806405059655,,52.98098723591982,30.894290201676426,0.0,0.0,0.2106756756756757,0.24915383186621706,Water Tank + DSM
2024-02-21 17:00:00,93.7761121197705,80.4,3.1,93.7761121197705,0.0,55.60810810810811,50.60810810810811,903.6147882932124,49.62722272657561,,55.93051978757874,32.61422256542185,0.0,0.0,0.21158783783783783,0.4670954220097778,Water Tank + DSM
2024-02-21 18:00:00,101.36263570253892,78.9,1.9,101.36263570253892,0.0,54.79729729729729,49.79729729729729,1004.6456934090736,49.57972086280874,,60.45532037669916,35.25272573038795,0.0,0.0,0.21280405405405406,0.7989905855190803,Water Tank + DSM
2024-02-21 19:00:00,105.16458853266408,81.2,0.95,105.16458853266408,0.0,54.15540540540541,49.15540540540541,928.9446273941459,49.532300673087924,,62.72290423350447,36.57499995334324,0.0,0.0,0.21376689189189188,1.0705274060394054,Water Tank + DSM
2024-02-21 20:00:00,108.91836320396722,82.9,0.95,108.91836320396722,0.0,54.15540540540541,49.15540540540541,905.2023950894355,49.48496201698393,,64.96175337947125,37.88051838253511,0.0,0.0,0.21376689189189188,1.1087391151117842,Water Tank + DSM
2024-02-21 21:00:00,129.14910775779776,79.9,1.8,129.14910775779776,0.0,54.729729729729726,49.729729729729726,1225.756788821188,49.437704754308996,,77.02789723005338,44.91653203919128,0.0,0.0,0.21290540540540542,1.0492448703769448,Water Tank + DSM
2024-02-21 22:00:00,120.56228163082409,85.3,2.6,120.56228163082409,0.0,55.27027027027027,50.27027027027027,959.0931977897042,49.390528745116406,,71.90649010673603,41.93013548141955,0.0,0.0,0.2120945945945946,0.7462727621888295,Water Tank + DSM
2024-02-21 23:00:00,105.78567967286845,79.0,3.35,152.7338840726646,46.948204399796154,54.69414094089652,50.777027027027025,1501.3743942913363,54.227604870127564,,63.093339193131754,83.73921250513193,0.0,0.0,0.21295878858865522,0.87290608648543,Water Tank + DSM
2024-02-22 00:00:00,69.55537085327923,74.3,4.4,101.40062963608494,31.845258782805708,56.29988190963459,51.48648648648649,1345.957247612351,57.485157332345494,,55.92623804744216,17.505722486007418,0.0,31.845258782805715,0.2105501771355481,0.23492982589857833,Water Tank + DSM
2024-02-22 01:00:00,55.03186888570508,73.9,5.3,81.08695158965978,26.055082703954696,57.69369686473137,52.09459459459459,1195.4584673340473,60.13473866558409,,44.24856573606303,13.85044192534962,0.0,26.055082703954696,0.20845945470290295,0.0,Water Tank + DSM
2024-02-22 02:00:00,58.986118745106666,73.9,5.15,80.84711826022287,21.86099951511621,58.40542655640852,51.99324324324325,1246.642205986244,62.343440758327276,,47.42799409972521,14.845649050692039,0.0,21.860999515116205,0.20739186016538722,0.0,Water Tank + DSM
2024-02-22 03:00:00,72.49030431309953,75.4,4.25,93.23155383466778,20.74124952156825,58.574976462155135,51.385135135135144,1323.8970054016625,64.43185421316396,,58.286081511918134,18.244387667893797,0.0,20.74124952156825,0.2071375353067673,0.0,Water Tank + DSM
2024-02-22 04:00:00,71.39678457121649,78.0,4.6,92.95142564472698,21.554641073510496,59.66149174621911,51.621621621621614,1210.991133966726,66.60129666057617,,57.406833157062366,17.96917019871007,0.0,21.554641073510496,0.20550776238067134,0.0,Water Tank + DSM
2024-02-22 05:00:00,73.1074232182553,73.7,5.0,84.41549875109874,11.30807553284344,59.81285736779128,51.891891891891895,1452.2382757930018,67.70102655830556,,58.7822781157163,18.39970439127543,0.0,11.308075532843432,0.20528071394831307,0.0,Water Tank + DSM
2024-02-22 06:00:00,76.83617050769413,75.0,5.35,88.46305291411068,11.62688240641654,60.32585303732919,52.12837837837837,1440.247463207321,68.83203212924924,,61.7803903530559,19.338156943085686,0.0,11.626882406416541,0.20451122044400621,0.0,Water Tank + DSM
2024-02-22 07:00:00,83.0667442111309,78.4,5.25,0.0,-83.0667442111309,78.4,52.060810810810814,0.0,57.605124595446796,,66.79010482709079,0.0,0.0,0.0,0.1774,0.0,Water Tank + DSM
2024-02-22 08:00:00,94.04518841387376,75.7,4.5,54.179583716233836,-39.865604697639924,56.554054054054056,51.554054054054056,676.0201038161987,53.39714400956221,,75.61736110278947,0.0,0.0,0.0,0.21016891891891892,0.20232753376151683,Water Tank + DSM
2024-02-22 09:00:00,73.27802182675572,78.6,4.35,73.27802182675572,0.0,56.45270270270271,51.45270270270271,790.4124591246681,53.343160195402824,,58.9194485207118,18.44264071467175,0.0,0.0,0.21032094594594594,0.19347872960179469,Water Tank + DSM
2024-02-22 10:00:00,75.03685334481402,74.2,3.7,75.03685334481402,0.0,56.013513513513516,51.013513513513516,985.6587586991343,53.289269200265096,,60.33364312506182,18.885304107549338,0.0,0.0,0.21097972972972973,0.3571099417402299,Water Tank + DSM
2024-02-22 11:00:00,60.06989322269787,76.3,4.3,60.06989322269787,0.0,56.41891891891892,51.41891891891892,721.8012660211989,53.23547086455737,,48.29940674090518,15.118413828010956,0.0,0.0,0.21037162162162162,0.1683952289074801,Water Tank + DSM
2024-02-22 12:00:00,72.64751136488837,74.2,5.0,72.64751136488837,0.0,56.891891891891895,51.891891891891895,1002.7020858696734,53.18176502896228,,58.41248438912549,18.28395359914681,0.0,0.0,0.20966216216216216,0.037889179063215525,Water Tank + DSM
2024-02-22 13:00:00,62.7866181307607,76.0,5.65,62.7866181307607,0.0,57.33108108108108,52.33108108108108,803.4312091225776,53.128151534436405,,50.48379885978601,15.802160197672208,0.0,0.0,0.20900337837837837,0.0,Water Tank + DSM
2024-02-22 14:00:00,85.15943226944282,72.4,6.1,85.15943226944282,0.0,57.63513513513513,52.63513513513513,1377.8567147368146,53.0746302222098,,68.47273794474133,21.432958664248535,0.0,0.0,0.20854729729729732,0.0,Water Tank + DSM
2024-02-22 15:00:00,67.62604933888561,79.0,6.4,67.62604933888561,0.0,57.83783783783784,52.83783783783784,763.4045692473567,53.021200933785465,,54.37496036808605,17.02015010528499,0.0,0.0,0.20824324324324325,0.0,Water Tank + DSM
2024-02-22 16:00:00,86.70703506200618,71.2,6.0,86.70703506200618,0.0,57.567567567567565,52.567567567567565,1519.4337120933621,52.96786351093899,,69.71709335709845,21.82245993025907,0.0,0.0,0.20864864864864865,0.0,Water Tank + DSM
2024-02-22 17:00:00,78.76884812467839,77.5,5.95,78.76884812467839,0.0,57.53378378378378,52.53378378378378,942.4525650688341,52.914617795717945,,63.334366518382154,19.824573988998818,0.0,0.0,0.20869932432432434,0.0,Water Tank + DSM
2024-02-22 18:00:00,96.95599967707211,77.7,5.35,96.95599967707211,0.0,57.12837837837837,52.12837837837837,1125.9184528665141,52.8614636304415,,77.95780903110546,24.401923286132977,0.0,0.0,0.20930743243243244,0.0,Water Tank + DSM
2024-02-22 19:00:00,89.77337983387307,76.4,5.4,89.77337983387307,0.0,57.16216216216216,52.16216216216216,1114.787505285384,52.80840085769999,,72.18259854445053,22.594198761699584,0.0,0.0,0.20925675675675676,0.0,Water Tank + DSM
2024-02-22 20:00:00,98.78120758417346,76.3,5.0,98.78120758417346,0.0,56.891891891891895,51.891891891891895,1215.883330378461,52.75542932035435,,79.4253738021128,24.861292314132005,0.0,0.0,0.20966216216216216,0.05151916138515288,Water Tank + DSM
2024-02-22 21:00:00,118.01773227728876,80.2,5.1,118.01773227728876,0.0,56.95945945945946,51.95945945945946,1213.1145634995846,52.70254886153566,,94.89256844135963,29.70274824689164,0.0,0.0,0.20956081081081082,0.02308197610735764,Water Tank + DSM
2024-02-22 22:00:00,114.6136639684044,81.5,5.15,114.6136639684044,0.0,56.99324324324325,51.99324324324325,1117.2524921798,52.64975932464479,,92.15551546849858,28.846011025772608,0.0,0.0,0.20951013513513514,0.0037360344108817857,Water Tank + DSM
2024-02-22 23:00:00,98.14058498607898,75.1,5.5,133.750894580509,35.61030959443003,56.57610725593331,52.22972972972973,1725.124653978662,56.301714755645826,,78.91027897219409,60.31036976670251,0.0,0.0,0.21013583911610004,0.2006969681315489,Water Tank + DSM
2024-02-23 00:00:00,69.77138919047286,75.4,5.9,100.0762256612449,30.30483647077204,57.61361895419234,52.5,1344.333314647562,59.3954461216288,,58.63885347580803,19.23473798894395,0.0,30.30483647077203,0.20857957156871149,0.0,Water Tank + DSM
2024-02-23 01:00:00,59.23258209913104,73.4,6.15,81.47167300268404,22.239090903553,58.57117226467515,52.66891891891892,1312.6751208917328,61.64475335077202,,49.78159017620636,16.32937526835096,0.0,22.23909090355299,0.20714324160298728,0.0,Water Tank + DSM
2024-02-23 02:00:00,61.53499821497244,71.6,6.5,77.3618626336154,15.82686441864296,59.167011670697086,52.9054054054054,1486.6017387287066,63.22310910303021,,51.71663895226827,16.964110669832387,0.0,15.82686441864295,0.20624948249395436,0.0,Water Tank + DSM
2024-02-23 03:00:00,69.46802764621756,75.8,6.05,89.45055134385564,19.982523697638065,59.67160138274581,52.60135135135135,1325.0703075740862,65.2310774664287,,58.38389548586149,19.151106576593214,0.0,19.982523697638058,0.2054925979258813,0.0,Water Tank + DSM
2024-02-23 04:00:00,68.45924117923191,75.8,5.7,85.26330560445533,16.804064425223412,60.13392284266539,52.36486486486487,1300.3000915785115,66.9049283011866,,57.53606828172682,18.87300198953547,0.0,16.804064425223416,0.2047991157360019,0.0,Water Tank + DSM
2024-02-23 05:00:00,70.77763549685541,72.3,5.25,79.38706056885917,8.609425072003763,59.844499451830735,52.060810810810814,1522.6911575642264,67.72338703183902,,59.48454582055206,19.512142298649934,0.0,8.60942507200376,0.2052332508222539,0.0,Water Tank + DSM
2024-02-23 06:00:00,72.31791300965453,77.2,5.0,87.39486830040097,15.076955290746437,60.679657153005984,51.891891891891895,1263.8730826645985,69.21327612313196,,60.77906078482401,19.936769566828204,0.0,15.07695529074644,0.20398051427049102,0.0,Water Tank + DSM
2024-02-23 07:00:00,81.7220258575811,76.6,5.15,0.0,-81.7220258575811,76.6,51.99324324324325,0.0,57.844177559638894,,68.68267861095192,0.0,0.0,0.0,0.1801,0.0,Water Tank + DSM
2024-02-23 08:00:00,71.68179949050928,74.9,4.95,37.210050403321524,-34.47174908718775,56.85810810810811,51.85810810810811,492.69591116766566,54.19672611917306,,60.24444383257573,0.0,0.0,0.0,0.20971283783783784,0.05128918866827241,Water Tank + DSM
2024-02-23 09:00:00,72.66733842352181,74.5,5.15,59.85165850511868,-12.815679918403138,56.99324324324325,51.99324324324325,816.716383530329,52.80826412454375,,61.07273281690223,7.217420054919728,0.0,0.0,0.20951013513513514,0.0024759216006830444,Water Tank + DSM
2024-02-23 10:00:00,90.49660403507748,76.8,5.25,90.49660403507748,0.0,57.060810810810814,52.060810810810814,1095.2260089640401,52.75529282229517,,76.05720863009178,24.948313165328358,0.0,0.0,0.20940878378378378,0.0,Water Tank + DSM
2024-02-23 11:00:00,98.55608957420748,79.1,5.5,98.55608957420748,0.0,57.22972972972973,52.22972972972973,1076.5397977740217,52.70241259816933,,82.83074427418313,27.170170784468553,0.0,0.0,0.2091554054054054,0.0,Water Tank + DSM
2024-02-23 12:00:00,101.18090333035374,76.2,5.65,101.18090333035374,0.0,57.33108108108108,52.33108108108108,1281.0093809193452,52.64962329556783,,85.03674978781513,27.89378551329989,0.0,0.0,0.20900337837837837,0.0,Water Tank + DSM
2024-02-23 13:00:00,78.97310164170433,77.4,5.45,78.97310164170433,0.0,57.195945945945944,52.195945945945944,933.7732949591245,52.596924758161414,,66.37236536964829,21.771487365767424,0.0,0.0,0.20920608108108107,0.0,Water Tank + DSM
2024-02-23 14:00:00,70.94640075488576,73.0,6.0,70.94640075488576,0.0,57.567567567567565,52.567567567567565,1098.238740899643,52.54431682988968,,59.62638334668232,19.558667895424115,0.0,0.0,0.20864864864864865,0.0,Water Tank + DSM
2024-02-23 15:00:00,67.44292290866275,73.8,6.1,67.44292290866275,0.0,57.63513513513513,52.63513513513513,996.7014304736625,52.4917993549605,,56.681911028386224,18.592821017440908,0.0,0.0,0.20854729729729732,0.0,Water Tank + DSM
2024-02-23 16:00:00,63.010257320397834,75.8,6.35,63.010257320397834,0.0,57.80405405405405,52.80405405405405,836.4449224504699,52.4393721778497,,52.95650967185117,17.370813513045025,0.0,0.0,0.20829391891891894,0.0,Water Tank + DSM
2024-02-23 17:00:00,70.2945455627416,71.9,5.95,70.2945455627416,0.0,57.53378378378378,52.53378378378378,1168.907123355017,52.387035143300395,,59.07853642055568,19.3789629479793,0.0,0.0,0.20869932432432434,0.0,Water Tank + DSM
2024-02-23 18:00:00,73.04451732841041,76.3,5.25,73.04451732841041,0.0,57.060810810810814,52.060810810810814,906.9881946773568,52.33478809632279,,61.38973006741632,20.137081526430304,0.0,0.0,0.20940878378378378,0.0,Water Tank + DSM
2024-02-23 19:00:00,87.17943096680628,77.7,4.7,87.17943096680628,0.0,56.689189189189186,51.689189189189186,991.2244220329884,52.28263088219346,,73.26931479909419,24.033827219549167,0.0,0.0,0.20996621621621622,0.13663737084155547,Water Tank + DSM
2024-02-23 20:00:00,91.66609266094785,76.5,4.75,91.66609266094785,0.0,56.72297297297297,51.72297297297297,1107.2571377169572,52.23056334645507,,77.04009678768348,25.27072049533374,0.0,0.0,0.20991554054054054,0.12805313384980033,Water Tank + DSM
2024-02-23 21:00:00,89.0783994816223,78.6,3.75,89.0783994816223,0.0,56.0472972972973,51.0472972972973,943.5710035279984,52.17858533491583,,74.8652889912015,24.557339252999228,0.0,0.0,0.21092905405405404,0.4279461789632189,Water Tank + DSM
2024-02-23 22:00:00,89.59081321409575,77.4,4.2,89.59081321409575,0.0,56.351351351351354,51.351351351351354,1016.8105319274015,52.12669669364907,,75.29594336294511,24.698602656242592,0.0,0.0,0.21047297297297296,0.2930436714665958,Water Tank + DSM
2024-02-23 23:00:00,80.09664630399,78.3,2.45,121.60469509233056,41.50804878834056,54.87582019210438,50.16891891891892,1240.3880707216906,56.393111861236335,,67.31664025925149,63.58927754594045,0.0,0.0,0.21268626971184343,0.8579558878444531,Water Tank + DSM
2024-02-24 00:00:00,80.2520505524943,77.2,2.35,113.26395881932278,33.011908266828485,56.06994970231048,50.101351351351354,1280.71496565206,59.76831130294356,,58.06268284661574,20.788305570071653,0.0,33.01190826682847,0.21089507544653427,0.32400729279688256,Water Tank + DSM
2024-02-24 01:00:00,92.275821372761,77.9,3.6,121.05406134887735,28.77823997611636,57.49302963594912,50.945945945945944,1417.2646544636923,62.697265755615554,,66.76192961914373,23.90291535506047,0.0,28.77823997611635,0.2087604555460763,0.0,Water Tank + DSM
2024-02-24 02:00:00,103.43227316820041,80.0,4.35,130.9012412614091,27.468968093208677,58.615992031089874,51.45270270270271,1462.5105052072608,65.48497665040888,,74.833667572661,26.79285682577296,0.0,27.468968093208684,0.2070760119533652,0.0,Water Tank + DSM
2024-02-24 03:00:00,98.04029779846347,77.6,5.65,117.29420574500588,19.25390794654241,59.7361198140113,52.33108108108108,1568.6845294110212,67.41325589541613,,70.93255160547442,25.396131996429553,0.0,19.253907946542405,0.20539582027898304,0.0,Water Tank + DSM
2024-02-24 04:00:00,84.56035501931598,75.5,4.95,97.43490799284089,12.87455297352492,59.94818672545588,51.85810810810811,1496.7930303288974,68.67455534743621,,61.17975853678887,21.904318795012365,0.0,12.874552973524908,0.2050777199118162,0.0,Water Tank + DSM
2024-02-24 05:00:00,75.50567998529647,76.8,3.95,88.44328767148595,12.937607686189478,60.39536738869606,51.18243243243243,1288.0404800631472,69.94024597530141,,54.62866456274083,19.558816715638446,0.0,12.937607686189475,0.2044069489169559,0.0,Water Tank + DSM
2024-02-24 06:00:00,77.04072885612663,76.4,4.1,87.34112434087007,10.300395484743436,60.688353563986794,51.28378378378378,1328.0741963641638,70.92940294382997,,55.739278623409184,19.95645222491353,0.0,10.300395484743426,0.2039674696540198,0.0,Water Tank + DSM
2024-02-24 07:00:00,83.77011715177969,76.7,3.95,0.0,-83.77011715177969,76.7,51.18243243243243,0.0,58.42065817343018,,60.60801824653757,0.0,0.0,0.0,0.17995,0.0,Water Tank + DSM
2024-02-24 08:00:00,98.7484807666484,78.9,3.5,49.750719474497124,-48.997761292151274,55.87837837837837,50.87837837837837,516.2549514483067,53.26133707715288,,71.44492484448841,0.0,0.0,0.0,0.21118243243243245,0.4808050347642627,Water Tank + DSM
2024-02-24 09:00:00,123.53495370710796,80.9,3.25,105.29442488005606,-18.2405288270519,55.70945945945946,50.70945945945946,998.5473560448924,51.310297237383786,,89.37803817081695,13.759679872515065,0.0,0.0,0.2114358108108108,0.6920758901605149,Water Tank + DSM
2024-02-24 10:00:00,113.5199987346566,83.5,3.35,113.5199987346566,0.0,55.777027027027025,50.777027027027025,978.212824169022,51.25990151863506,,82.13217778114112,29.405957925854416,0.0,0.0,0.21133445945945947,0.6026726018264827,Water Tank + DSM
2024-02-24 11:00:00,107.01925835115217,76.2,3.65,107.01925835115217,0.0,55.97972972972973,50.97972972972973,1264.3745826399277,51.20959244958652,,77.42886584634256,27.7220211716702,0.0,0.0,0.2110304054054054,0.4739902193026089,Water Tank + DSM
2024-02-24 12:00:00,88.48000223618627,78.3,4.5,88.48000223618627,0.0,56.554054054054056,51.554054054054056,972.0029808115082,51.1593698812539,,64.01563913618729,22.91965514480296,0.0,0.0,0.21016891891891892,0.1712850884995273,Water Tank + DSM
2024-02-24 13:00:00,89.04076044899534,77.6,4.9,89.04076044899534,0.0,56.82432432432432,51.82432432432432,1023.8456263433036,51.10923366490904,,64.42134996899237,23.064912655340677,0.0,0.0,0.20976351351351352,0.06790358510245201,Water Tank + DSM
2024-02-24 14:00:00,70.12800345060607,75.1,5.25,70.12800345060607,0.0,57.060810810810814,52.060810810810814,928.6995547810487,51.05918365207955,,50.73789386048727,18.165795823455472,0.0,0.0,0.20940878378378378,0.0,Water Tank + DSM
2024-02-24 15:00:00,64.76773324867186,72.0,6.45,64.76773324867186,0.0,57.87162162162162,52.87162162162162,1095.1337325145255,51.00921969454828,,46.85971671031603,16.777283827452713,0.0,0.0,0.20819256756756757,0.0,Water Tank + DSM
2024-02-24 16:00:00,83.89703154874329,75.1,6.25,83.89703154874329,0.0,57.736486486486484,52.736486486486484,1154.2762543008944,50.95934164435292,,60.69984132555967,21.73249301731406,0.0,0.0,0.20839527027027027,0.0,Water Tank + DSM
2024-02-24 17:00:00,97.65775802544219,79.4,6.15,97.65775802544219,0.0,57.66891891891892,52.66891891891892,1073.559683337861,50.90954935378566,,70.65578253397734,25.297039778355064,0.0,0.0,0.20849662162162164,0.0,Water Tank + DSM
2024-02-24 18:00:00,92.34956176027863,76.4,5.3,92.34956176027863,0.0,57.09459459459459,52.09459459459459,1142.76436381985,50.85984267539253,,66.81528108747315,23.922016894498004,0.0,0.0,0.20935810810810812,0.0,Water Tank + DSM
2024-02-24 19:00:00,78.34805070956041,75.1,4.55,78.34805070956041,0.0,56.58783783783784,51.58783783783784,1011.0481196010228,50.81022146197317,,56.685131266822,20.295097854283913,0.0,0.0,0.21011824324324324,0.14018079759227578,Water Tank + DSM
2024-02-24 20:00:00,71.50981528596925,77.6,3.7,71.50981528596925,0.0,56.013513513513516,51.013513513513516,791.3789092598165,50.76068556658029,,51.73764030681529,18.523737165466184,0.0,0.0,0.21097972972972973,0.3062308980322303,Water Tank + DSM
2024-02-24 21:00:00,82.68398897005989,76.3,3.05,82.68398897005989,0.0,55.57432432432432,50.57432432432432,953.0452003273784,50.71123484251923,,59.822200118379996,21.41826927322813,0.0,0.0,0.2116385135135135,0.5117223334450618,Water Tank + DSM
2024-02-24 22:00:00,92.76328801678899,79.2,2.8,92.76328801678899,0.0,55.4054054054054,50.4054054054054,931.3192936400342,50.66186914334757,,67.1146137057888,24.029187587128135,0.0,0.0,0.2118918918918919,0.6421236014013314,Water Tank + DSM
2024-02-24 23:00:00,98.744828973684,81.1,2.55,147.00763687499594,48.262807901311945,54.59583376796003,50.236486486486484,1325.2404245976315,55.63352174898517,,71.44228275752299,73.84144002394756,0.0,0.0,0.21310624934805997,1.0305547424729289,Water Tank + DSM
2024-02-25 00:00:00,72.59901537967384,78.5,2.2,108.8728908974166,36.27387551774276,55.90330313650853,50.0,1151.183967264758,59.3493799289044,,52.0020206814009,22.129906155967376,0.0,36.273875517742745,0.2111450452952372,0.3421827178590666,Water Tank + DSM
2024-02-25 01:00:00,71.75009253511146,73.1,1.95,93.5868116113678,21.836719076256344,56.55454596013296,49.83108108108108,1351.4039201980167,61.556906351073756,,51.393944895676036,21.87113428715382,0.0,21.83671907625634,0.21016818105980056,0.1373618422708968,Water Tank + DSM
2024-02-25 02:00:00,71.65358675778356,81.6,1.5,103.46254162857508,31.808954870791524,57.95453533478387,49.52702702702703,1045.4418614251563,64.79808042867036,,51.32481867678402,21.84171703149813,0.0,31.80895487079152,0.2080681969978242,0.0,Water Tank + DSM
2024-02-25 03:00:00,93.28835756608572,77.9,2.9,114.10486039176521,20.81650282567949,58.5229587286862,50.472972972972975,1406.87439868591,66.8901023576266,,66.82161010194277,28.43650960808776,0.0,20.816502825679486,0.2072155619069707,0.0,Water Tank + DSM
2024-02-25 04:00:00,85.89829585675308,78.7,1.95,104.67073192264176,18.77243606588868,59.05396746311352,49.83108108108108,1272.8827722810968,68.7658766727428,,61.52817547564974,26.183843077294455,0.0,18.772436065888684,0.2064190488053297,0.0,Water Tank + DSM
2024-02-25 05:00:00,99.0396475743564,80.1,0.9,117.06090232355056,18.02125474919417,58.97565416478864,49.12162162162163,1323.9187488475914,70.56027812871264,,70.94120732224559,30.18963955748397,0.0,18.02125474919417,0.20653651875281703,0.0,Water Tank + DSM
2024-02-25 06:00:00,105.3685040081774,82.8,0.8,124.82697901389623,19.45847500571884,59.66093636300498,49.054054054054056,1288.830531003645,72.50111295241402,,75.47451016994951,32.11882548683284,0.0,19.45847500571884,0.20550859545549252,0.0,Water Tank + DSM
2024-02-25 07:00:00,120.48849077814012,81.2,0.65,0.0,-120.48849077814012,81.2,48.9527027027027,0.0,56.39400933071377,,86.3048204792853,0.0,0.0,0.0,0.1732,0.0,Water Tank + DSM
2024-02-25 08:00:00,126.05007220384257,84.1,0.7,76.47535977322059,-49.57471243062199,53.98648648648649,48.98648648648649,606.6816715961177,51.178204167390504,,90.28853115095438,0.0,0.0,0.0,0.21402027027027026,1.6325142524321186,Water Tank + DSM
2024-02-25 09:00:00,126.44682289672627,84.4,0.5,111.0723789559765,-15.374443940749776,53.851351351351354,48.851351351351354,868.59004223858,49.528817699346575,,90.57272009799175,23.169554346150278,0.0,0.0,0.21422297297297296,1.7110900364458423,Water Tank + DSM
2024-02-25 10:00:00,110.29526110693755,81.1,0.95,110.29526110693755,0.0,54.15540540540541,49.15540540540541,977.8809269266702,49.481485031819375,,79.00350189527937,33.62061819956616,0.0,0.0,0.21376689189189188,1.3483976066721306,Water Tank + DSM
2024-02-25 11:00:00,95.92425351494617,79.0,2.1,95.92425351494617,0.0,54.932432432432435,49.932432432432435,952.1316556788205,49.43423374742453,,68.70967862366874,29.239993369955798,0.0,0.0,0.21260135135135136,0.852371418601727,Water Tank + DSM
2024-02-25 12:00:00,88.31349635613047,78.7,3.35,88.31349635613047,0.0,55.777027027027025,50.777027027027025,920.3582562460364,49.38706370623304,,63.25816183512752,26.920053618436746,0.0,0.0,0.21133445945945947,0.46417813346586906,Water Tank + DSM
2024-02-25 13:00:00,69.97446989296516,76.6,4.45,69.97446989296516,0.0,56.520270270270274,51.520270270270274,832.4967180876614,49.33997476855647,,50.1220823934594,21.32988228485586,0.0,0.0,0.21021959459459458,0.1442703182406321,Water Tank + DSM
2024-02-25 14:00:00,78.44823251615776,71.9,5.3,78.44823251615776,0.0,57.09459459459459,52.09459459459459,1265.7957561461737,49.292966794946565,,56.19176222143014,23.912886622566184,0.0,0.0,0.20935810810810812,0.0,Water Tank + DSM
2024-02-25 15:00:00,82.77232834741082,78.7,6.35,82.77232834741082,0.0,57.80405405405405,52.80405405405405,946.2892614471502,49.24603964619478,,59.289073110141416,25.230973850810216,0.0,0.0,0.20829391891891894,0.0,Water Tank + DSM
2024-02-25 16:00:00,95.05695533217971,76.7,5.8,95.05695533217971,0.0,57.432432432432435,52.432432432432435,1178.5765211569474,49.19919318333207,,68.08844074872933,28.975620261126608,0.0,0.0,0.20885135135135136,0.0,Water Tank + DSM
2024-02-25 17:00:00,68.92869707790351,75.5,4.8,68.92869707790351,0.0,56.75675675675676,51.75675675675676,878.5290040108391,49.15242726762819,,49.373004747261625,21.011105864311517,0.0,0.0,0.20986486486486486,0.07205789882032744,Water Tank + DSM
2024-02-25 18:00:00,69.7819127900955,74.2,3.35,69.7819127900955,0.0,55.777027027027025,50.777027027027025,904.8652929728994,49.10574176059147,,49.984155475395696,21.27118630125491,0.0,0.0,0.21133445945945947,0.3667756273397286,Water Tank + DSM
2024-02-25 19:00:00,76.01903994309514,79.6,2.2,76.01903994309514,0.0,55.0,50.0,738.2238116902952,49.05913652396834,,54.45175346562441,23.172410964659402,0.0,0.0,0.2125,0.6534210415874929,Water Tank + DSM
2024-02-25 20:00:00,97.71748369262738,79.2,1.8,97.71748369262738,0.0,54.729729729729726,49.729729729729726,953.9690499111854,49.01261141974298,,69.99415324496503,29.78661256775892,0.0,0.0,0.21290540540540542,0.9534338712287144,Water Tank + DSM
2024-02-25 21:00:00,84.45623411837647,81.4,1.1,84.45623411837647,0.0,54.25675675675675,49.25675675675675,743.3113251765445,48.966166310136835,,60.49523964379668,25.74426836991736,0.0,0.0,0.21361486486486486,0.9957189444073583,Water Tank + DSM
2024-02-25 22:00:00,89.63845470308159,77.2,0.7,89.63845470308159,0.0,53.98648648648649,48.98648648648649,922.4742633270745,48.91980105760834,,64.20721756267169,27.32393242760863,0.0,0.0,0.21402027027027026,1.1609359067412781,Water Tank + DSM
2024-02-25 23:00:00,89.79220430169947,81.6,0.2,141.60472358548512,51.81251928378565,52.94156193952333,48.64864864864865,1180.5977526642378,54.26373654658368,,64.3173470150516,79.18331824492972,0.0,0.0,0.215587657090715,1.5661678144486246,Water Tank + DSM
2024-02-26 00:00:00,108.41672454678606,82.2,-0.1,152.72078764816771,44.30406310138165,54.42884014312763,48.445945945945944,1313.9085311319848,58.81735560150421,,64.00064825221602,41.06472084513875,0.09690174907717151,44.30406310138166,0.21335673978530856,0.98733538559944,Water Tank + DSM
2024-02-26 01:00:00,110.58923378359306,82.4,0.1,148.00212933352276,37.41289554992971,55.810785810000716,48.58108108108108,1329.889973938169,62.646235529977886,,65.28312565660924,41.887596519679775,0.09884351540347353,37.4128955499297,0.21128382128499892,0.465813716390076,Water Tank + DSM
2024-02-26 02:00:00,109.2221687352032,82.2,0.15,140.2573815372295,31.03521280202628,56.92790862850841,48.61486486486487,1325.962534499302,65.80504185018795,,64.47611871496214,41.36979684602288,0.09762164677716137,31.035212802026294,0.20960813705723738,0.02788903095969641,Water Tank + DSM
2024-02-26 03:00:00,118.55542691855703,80.5,1.95,141.8971765751919,23.341749656634878,58.1458012918399,49.83108108108108,1516.524989241799,68.15804186220446,,69.98573521128205,44.904930779253235,0.10596361658243364,23.341749656634875,0.20778129806224016,0.0,Water Tank + DSM
2024-02-26 04:00:00,110.56411665637889,83.4,2.2,134.7757287850097,24.21161212863081,59.42775091430651,50.0,1343.200903666548,70.59749080003334,,65.26829849381991,41.87808297071587,0.09882106597448533,24.21161212863082,0.20585837362854023,0.0,Water Tank + DSM
2024-02-26 05:00:00,100.98232358411994,78.7,2.3,113.88624927603702,12.903925691917086,59.7260767155114,50.06756756756757,1433.9646562296875,71.8563712005506,,59.611966681484745,38.24881212386974,0.09025695825144914,12.903925691917081,0.2054108849267329,0.0,Water Tank + DSM
2024-02-26 06:00:00,73.30463631908981,77.6,2.45,82.47311739574113,9.168481076651323,61.096347820651246,50.16891891891892,1193.8676998120623,72.72447706838139,,43.27325201832769,27.765406487619988,0.06551892712567961,9.168481076651318,0.20335547826902314,0.0,Water Tank + DSM
2024-02-26 07:00:00,73.96931856314112,76.3,2.05,0.0,-73.96931856314112,76.3,49.898648648648646,0.0,60.44312622717025,,43.665627776577644,0.0,0.0,0.0,0.18055,0.0,Water Tank + DSM
2024-02-26 08:00:00,71.76325879318959,79.1,2.05,18.776328331678585,-52.98693046151101,54.898648648648646,49.898648648648646,185.34114010428306,54.86507713917242,,42.36334479440635,0.0,0.0,0.0,0.21265202702702704,0.5341216309889348,Water Tank + DSM
2024-02-26 09:00:00,96.25048930911409,77.6,1.65,65.1286267489062,-31.121862560207887,54.628378378378386,49.628378378378386,677.299949014603,51.57123276964963,,56.818666456926294,5.420712692936618,0.0,0.0,0.21305743243243241,0.8085142672857188,Water Tank + DSM
2024-02-26 10:00:00,99.58185918914528,83.0,1.55,99.58185918914528,0.0,54.560810810810814,49.560810810810814,836.4958600642416,51.52038840196401,,58.78524341063139,37.71836186655383,0.0890052376339831,0.0,0.21315878378378378,0.8603299812664015,Water Tank + DSM
2024-02-26 11:00:00,117.02408536708785,79.9,2.15,117.02408536708785,0.0,54.96621621621622,49.96621621621622,1121.2122713481267,51.46963145537933,,69.08175243187897,44.324908521686254,0.10459491931370295,0.0,0.21255067567567568,0.8429840871079278,Water Tank + DSM
2024-02-26 12:00:00,117.86550138985046,81.4,2.75,117.86550138985046,0.0,55.37162162162163,50.37162162162163,1081.7835484170355,51.41896177958497,,69.57845781688044,44.643609480729374,0.10534696826784812,0.0,0.21194256756756755,0.6798003378595183,Water Tank + DSM
2024-02-26 13:00:00,108.98207437888856,82.3,2.95,108.98207437888856,0.0,55.50675675675676,50.50675675675676,971.6963227423367,51.36837922452876,,64.3343860209514,41.27885693098884,0.09740705292028455,0.0,0.21173986486486487,0.576401323403929,Water Tank + DSM
2024-02-26 14:00:00,97.37356847716326,76.9,3.05,97.37356847716326,0.0,55.57432432432432,50.57432432432432,1090.7847609614796,51.317883640416525,,57.48164345696183,36.88193333570183,0.08703149019458703,0.0,0.2116385135135135,0.4917010852467146,Water Tank + DSM
2024-02-26 15:00:00,97.20802643482789,78.2,2.95,97.20802643482789,0.0,55.50675675675676,50.50675675675676,1023.3079159887683,51.2674748777116,,57.38392054505179,36.81923140677847,0.08688353042624719,0.0,0.21173986486486487,0.5141289097482338,Water Tank + DSM
2024-02-26 16:00:00,108.93548243363944,82.5,2.55,108.93548243363944,0.0,55.236486486486484,50.236486486486484,954.5272108526408,51.21715278713444,,64.30688182626427,41.2612094210379,0.09736540952064836,0.0,0.21214527027027028,0.6804363306752025,Water Tank + DSM
2024-02-26 17:00:00,119.32457249348367,80.7,2.0,119.32457249348367,0.0,54.864864864864856,49.864864864864856,1103.3668343611396,51.166917219662224,,70.43977784724441,45.19625804869131,0.10665107095644209,0.0,0.21270270270270272,0.9023906675565944,Water Tank + DSM
2024-02-26 18:00:00,119.92354191409841,81.7,1.8,119.92354191409841,0.0,54.729729729729726,49.729729729729726,1062.233329940711,51.11676802652834,,70.79336195857823,45.42312813866258,0.1071864236406699,0.0,0.21290540540540542,0.9643203899222562,Water Tank + DSM
2024-02-26 19:00:00,129.79226698601062,83.5,1.3,129.79226698601062,0.0,54.39189189189189,49.39189189189189,1065.210931801764,51.06670505922191,,76.61907570030556,49.161079472920164,0.11600698822263482,0.0,0.21341216216216216,1.1989849954182972,Water Tank + DSM
2024-02-26 20:00:00,132.48136428261316,84.2,0.55,117.7065202831695,-14.774843999443664,53.88513513513513,48.88513513513513,927.5677924057876,49.47989269901842,,78.20650578468866,35.52318833978748,0.0,0.0,0.2141722972972973,1.4616161824354676,Water Tank + DSM
2024-02-26 21:00:00,139.32272506574853,83.4,0.4,139.32272506574853,0.0,53.783783783783775,48.783783783783775,1123.8107041184771,49.43264415245849,,82.24510339846367,52.77090629813333,0.12452521325935166,0.0,0.21432432432432433,1.5871082115271138,Water Tank + DSM
2024-02-26 22:00:00,133.9502804431315,86.2,-0.1,133.9502804431315,0.0,53.445945945945944,48.445945945945944,976.9657569593383,49.38547684439459,,79.07363755697128,50.7359994181664,0.1197233777221862,0.0,0.2148310810810811,1.6861918927689292,Water Tank + DSM
2024-02-26 23:00:00,137.317537102175,83.6,-0.55,191.56153456369222,54.2439974615172,52.88675592323919,48.14189189189189,1490.1918137373998,54.98156602263346,,81.06139922299889,106.2554039286937,0.12273299695959694,0.0,0.21566986611514122,2.0005519212476597,Water Tank + DSM
2024-02-27 00:00:00,123.8657802757282,84.8,-0.5,171.1527638097887,47.28698353406049,54.48375301560606,48.17567567567567,1348.859168978126,59.84427350579291,,70.56553522053981,45.276947722462154,3.2835352967134677,47.2869835340605,0.2132743704765909,1.065361891204965,Water Tank + DSM
2024-02-27 01:00:00,134.64586488711922,82.8,-0.15,171.06694990095136,36.42108501383213,55.69204313477501,48.41216216216216,1507.697791152134,63.56820663262265,,76.70687981653857,49.21741720731239,3.5693025864707035,36.42108501383214,0.2114619352978375,0.6019757403961781,Water Tank + DSM
2024-02-27 02:00:00,127.57918803780325,86.7,-1.05,164.28435752918455,36.70516949138129,56.7909503466123,47.804054054054056,1312.3230468633817,67.31529125006716,,72.6810396450841,46.634318327494405,3.3819733433694616,36.7051694913813,0.20981357448008156,0.09116367687397575,Water Tank + DSM
2024-02-27 03:00:00,119.41835570884595,83.8,-1.75,145.5976985674169,26.179342858570944,57.44205951237744,47.33108108108108,1319.7179959580699,69.96089839939484,,68.0318661618505,43.651270241836954,3.1656393329346,26.179342858570948,0.20883691073143384,0.0,Water Tank + DSM
2024-02-27 04:00:00,120.07229360673732,81.8,-1.9,138.89523702006244,18.822943413325124,57.81009149028298,47.229729729729726,1383.2085667747713,71.83664740531279,,68.40441035979586,43.89030568770953,3.18297445297183,18.82294341332512,0.20828486276457553,0.0,Water Tank + DSM
2024-02-27 05:00:00,120.90578600599555,87.7,-2.4,146.1069541029234,25.201168096927837,59.0830405794151,46.89189189189189,1219.786946092091,74.37271819200424,,68.87924559778479,44.194974109482516,3.205069350419815,25.201168096927844,0.20637543913087736,0.0,Water Tank + DSM
2024-02-27 06:00:00,129.37990886522564,84.7,-3.0,145.81376160111526,16.433852735889623,58.775861675115266,46.486486486486484,1343.7496254316459,75.99233713217916,,73.70689867319483,47.29254001377824,3.429708322176414,16.433852735889616,0.2068362074873271,0.0,Water Tank + DSM
2024-02-27 07:00:00,136.9733505233516,84.7,-3.15,0.0,-136.9733505233516,84.7,46.38513513513514,0.0,56.631490317058294,,78.03283335490288,0.0,0.0,0.0,0.16795,0.0,Water Tank + DSM
2024-02-27 08:00:00,153.4017486733888,90.1,-3.2,85.1649181324365,-68.2368305409523,51.351351351351354,46.351351351351354,525.0551808139464,49.474053754313275,,87.39198570265314,0.0,0.0,0.0,0.21797297297297297,2.9618797316520804,Water Tank + DSM
2024-02-27 09:00:00,156.2207484276697,88.8,-2.75,137.23503383682095,-18.98571459084875,51.6554054054054,46.6554054054054,882.612648693603,47.45196846037161,,88.99795166035827,42.25924737021749,0.0,0.0,0.21751689189189188,2.8539478282436517,Water Tank + DSM
2024-02-27 10:00:00,111.47960437052622,84.6,-1.8,111.47960437052622,0.0,52.2972972972973,47.2972972972973,824.4367343776825,47.408206698635055,,63.509210785003994,40.74939993894456,2.955192426830444,0.0,0.21655405405405406,1.7919896232309231,Water Tank + DSM
2024-02-27 11:00:00,97.7890898098333,76.9,-0.55,97.7890898098333,0.0,53.14189189189189,48.14189189189189,983.2847998815096,47.36452018026494,,55.70981303956232,35.74507420282708,2.5922730822775115,0.0,0.21528716216216218,1.2896068883347345,Water Tank + DSM
2024-02-27 12:00:00,96.27252128402426,83.0,0.85,96.27252128402426,0.0,54.08783783783784,49.08783783783784,795.4677015192023,47.3209087758889,,54.845833742906564,35.190719370461466,2.5520706448222783,0.0,0.21386824324324324,0.9583197706699751,Water Tank + DSM
2024-02-27 13:00:00,117.94349951316573,81.8,2.0,117.94349951316573,0.0,54.864864864864856,49.864864864864856,1046.0576667758605,47.277372356357006,,67.19165011033222,43.112162614844934,3.126542640003651,0.0,0.21270270270270272,0.860779517629665,Water Tank + DSM
2024-02-27 14:00:00,112.55453918471478,80.1,2.95,112.55453918471478,0.0,55.50675675675676,50.50675675675676,1093.3217428254363,47.2339107927413,,64.12159420778272,41.14232337008697,2.9836876770617624,0.0,0.21173986486486487,0.5744948237805394,Water Tank + DSM
2024-02-27 15:00:00,103.63292371529158,80.3,2.75,103.63292371529158,0.0,55.37162162162163,50.37162162162163,993.1263358160054,47.19052395633553,,59.03900748180979,37.88118444770021,2.747186205611408,0.0,0.21194256756756755,0.576827059585788,Water Tank + DSM
2024-02-27 16:00:00,97.87317514998544,79.0,2.65,97.87317514998544,0.0,55.304054054054056,50.304054054054056,986.7119846851821,47.14721171865489,,55.75771591490714,35.7758101134379,2.5945020851684726,0.0,0.2120439189189189,0.5673724335665544,Water Tank + DSM
2024-02-27 17:00:00,86.6431394075329,79.3,2.05,86.6431394075329,0.0,54.898648648648646,49.898648648648646,848.2445494979963,47.103973951435286,,49.360037064881446,31.670868941626306,2.2968071232377936,0.0,0.21265202702702704,0.6223366835342493,Water Tank + DSM
2024-02-27 18:00:00,84.84058253120853,78.1,1.8,84.84058253120853,0.0,54.729729729729726,49.729729729729726,867.2427599603063,47.06081052663322,,48.33313205156665,31.01197612010265,2.2490234729465723,0.0,0.21290540540540542,0.6583756365943143,Water Tank + DSM
2024-02-27 19:00:00,92.69627857562186,79.3,1.6,92.69627857562186,0.0,54.5945945945946,49.5945945945946,896.3365173773565,47.0177213164254,,52.80847136376351,33.88348702759218,2.457268681467154,0.0,0.2131081081081081,0.7621546948175593,Water Tank + DSM
2024-02-27 20:00:00,105.16864444722151,81.7,1.45,105.16864444722151,0.0,54.49324324324324,49.49324324324324,923.4433930148543,46.97470619320828,,59.91389766662664,38.442540030663565,2.787896345393046,0.0,0.21326013513513514,0.9011374067966956,Water Tank + DSM
2024-02-27 21:00:00,116.61272063014084,81.3,1.8,116.61272063014084,0.0,54.729729729729726,49.729729729729726,1048.45726104059,46.93176502959773,,66.43351397352507,42.625719904172556,3.0912652661817113,0.0,0.21290540540540542,0.9049321903420725,Water Tank + DSM
2024-02-27 22:00:00,99.52408555907788,81.8,2.15,99.52408555907788,0.0,54.96621621621622,49.96621621621622,886.0272028823292,46.888897698428565,,56.6982289150226,36.37927124790583,2.638265767017485,0.0,0.21255067567567568,0.6918716312198023,Water Tank + DSM
2024-02-27 23:00:00,82.53065021115815,76.7,2.3,129.79484574482785,47.264195533669714,53.28699103670354,50.06756756756757,1324.5750808274206,51.76314853664673,,47.0171785240893,77.43181670227135,2.1877898998885343,0.0,0.21506951344494468,1.0474512317331202,Water Tank + DSM
2024-02-28 00:00:00,72.93630705189194,77.0,1.7,112.96022996928431,40.02392291739237,54.3800714046427,49.66216216216216,1193.1874141872931,55.875790471633,,50.99248165709465,19.022133483319195,0.0,40.02392291739237,0.21342989289303596,0.8015799650499296,Water Tank + DSM
2024-02-28 01:00:00,77.92482169924115,79.5,1.95,115.39950802946964,37.47468633022849,55.88934771923832,49.83108108108108,1167.788402344782,59.71615624568131,,54.48013755760688,20.3231616727209,0.0,37.474686330228494,0.21116597842114251,0.36305093420739587,Water Tank + DSM
2024-02-28 02:00:00,94.24655681018689,78.5,1.65,124.05793635018358,29.81137953999669,56.647051181510356,49.628378378378386,1356.3293613052667,62.75268113866059,,65.89126888435081,24.579947305408535,0.0,29.811379539996693,0.21002942322773446,0.1395374730090902,Water Tank + DSM
2024-02-28 03:00:00,86.72258553717693,81.3,1.55,116.16342995117749,29.440844414000566,57.93746723207288,49.560810810810814,1187.9629345012006,65.74543726954079,,60.63098107111533,22.617660048692507,0.0,29.440844414000566,0.2080937991518907,0.0,Water Tank + DSM
2024-02-28 04:00:00,105.34141910186712,77.7,1.75,124.34146830228147,19.000049200414345,57.98932105941835,49.695945945945944,1507.1167772362153,67.64685896755357,,73.64809925819985,27.473539811281253,0.0,19.000049200414352,0.20801601841087247,0.0,Water Tank + DSM
2024-02-28 05:00:00,94.22642576115024,83.2,1.8,118.93034033411192,24.703914572961672,59.59652282712595,49.729729729729726,1203.8172742047714,70.13840257976693,,65.87719452015233,24.57469703270605,0.0,24.70391457296168,0.20560521575931107,0.0,Water Tank + DSM
2024-02-28 06:00:00,118.78552436688189,77.8,2.5,130.99027816652142,12.20475379963954,59.04920088444907,50.2027027027027,1668.9349186622399,71.32533525229564,,83.04737266307032,30.979825984132823,0.0,12.204753799639533,0.2064261986733264,0.0,Water Tank + DSM
2024-02-28 07:00:00,112.48458384992969,83.9,1.95,0.0,-112.48458384992969,83.9,49.83108108108108,0.0,56.50886766386262,,78.64215108385692,0.0,0.0,0.0,0.16915,0.0,Water Tank + DSM
2024-02-28 08:00:00,109.4772969705212,81.4,2.05,66.52556197010016,-42.95173500042104,54.898648648648646,49.898648648648646,599.6824068782115,51.98173699458058,,76.53964511345241,0.0,0.0,0.0,0.21265202702702704,0.9650201201466377,Water Tank + DSM
2024-02-28 09:00:00,110.8195118267705,76.7,2.9,110.8195118267705,0.0,55.472972972972975,50.472972972972975,1247.1762610761873,51.93018681162131,,77.47803737930263,28.902252276432154,0.0,0.0,0.21179054054054053,0.7098663424752311,Water Tank + DSM
2024-02-28 10:00:00,104.26791166737078,83.4,3.15,104.26791166737078,0.0,55.64189189189189,50.64189189189189,897.3494242314242,51.878725263332015,,72.89757033269004,27.19356400033436,0.0,0.0,0.21153716216216217,0.5940166879812463,Water Tank + DSM
2024-02-28 11:00:00,109.45761394769944,78.4,3.8,109.45761394769944,0.0,56.08108108108108,51.08108108108108,1171.584448613231,51.827352197315456,,76.52588398102381,28.547062874973875,0.0,0.0,0.2108783783783784,0.42192649546294225,Water Tank + DSM
2024-02-28 12:00:00,83.35910027679252,76.4,5.15,83.35910027679252,0.0,56.99324324324325,51.99324324324325,1026.126331038545,51.77606746143645,,58.279443580712446,21.740447201232485,0.0,0.0,0.20951013513513514,0.0023626801451619365,Water Tank + DSM
2024-02-28 13:00:00,77.81249189833183,74.2,6.35,77.81249189833183,0.0,57.80405405405405,52.80405405405405,1133.7403974236481,51.724870903821305,,54.40160362102659,20.293865529916033,0.0,0.0,0.20829391891891894,0.0,Water Tank + DSM
2024-02-28 14:00:00,84.44510928367633,74.6,7.0,84.44510928367633,0.0,58.24324324324324,53.24324324324324,1233.3265558565788,51.67376237285762,,59.03871281987975,22.023683481324554,0.0,0.0,0.20763513513513515,0.0,Water Tank + DSM
2024-02-28 15:00:00,82.21548958787866,79.2,3.65,82.21548958787866,0.0,55.97972972972973,50.97972972972973,845.8379233843444,51.622741717193584,,57.4799028658829,21.442188130314722,0.0,0.0,0.2110304054054054,0.3518702161924981,Water Tank + DSM
2024-02-28 16:00:00,80.91694381888644,75.2,4.3,80.91694381888644,0.0,56.41891891891892,51.41891891891892,1029.2471183982784,51.57180878573757,,56.57204128112891,21.103521258486463,0.0,0.0,0.21037162162162162,0.19723765743961147,Water Tank + DSM
2024-02-28 17:00:00,76.42018537104207,75.8,4.95,76.42018537104207,0.0,56.85810810810811,51.85810810810811,963.7968647546496,51.520963427657854,,53.42819040717462,19.93074540932973,0.0,0.0,0.20971283783783784,0.04548616210340406,Water Tank + DSM
2024-02-28 18:00:00,89.9939193685681,77.8,4.05,89.9939193685681,0.0,56.25,51.25,997.6234932768726,51.47020549238199,,62.91809207431933,23.470839368080696,0.0,0.0,0.210625,0.283131414334437,Water Tank + DSM
2024-02-28 19:00:00,100.08654386250292,79.1,3.85,100.08654386250292,0.0,56.11486486486487,51.11486486486487,1040.2300782760915,51.41953482959639,,69.97422077319573,26.10304352100079,0.0,0.0,0.2108277027027027,0.371619848160348,Water Tank + DSM
2024-02-28 20:00:00,100.98587509071545,79.4,3.65,100.98587509071545,0.0,55.97972972972973,50.97972972972973,1030.0765647620683,51.36895128924593,,70.60297664269228,26.337593354413727,0.0,0.0,0.2110304054054054,0.43220470836674985,Water Tank + DSM
2024-02-28 21:00:00,92.16400805155902,78.1,3.85,92.16400805155902,0.0,56.11486486486487,51.11486486486487,1001.4585754979612,51.31845472153351,,64.43528168583823,24.036808749682706,0.0,0.0,0.2108277027027027,0.34220359057478744,Water Tank + DSM
2024-02-28 22:00:00,85.491006966743,77.1,3.45,85.491006966743,0.0,55.8445945945946,50.8445945945946,960.8416399425239,51.26804497691964,,59.76993874253347,22.296458538650032,0.0,0.0,0.2112331081081081,0.41435106182323805,Water Tank + DSM
2024-02-28 23:00:00,72.35590788357788,78.7,2.15,115.85685762577918,43.50094974220129,54.448591880265404,49.96621621621622,1141.4673686551691,55.74326423323463,,50.5867030381828,62.3717123801962,0.0,0.0,0.2133271121796019,0.7744039492933342,Water Tank + DSM
2024-02-29 00:00:00,82.83604372495897,74.3,4.45,112.28213046685849,29.446086741899528,56.72227619134481,51.520270270270274,1526.1710931088442,58.74861732324472,,72.31266042860307,17.209334561192648,0.0,29.44608674189952,0.20991658571298277,0.12049768480932607,Water Tank + DSM
2024-02-29 01:00:00,79.25096701158208,80.0,3.2,112.97034146185757,33.719374450275495,57.34667094411444,50.67567567567568,1191.503008613486,62.19336678485159,,69.18302719979157,16.464528534568586,0.0,33.719374450275495,0.20897999358382835,0.0,Water Tank + DSM
2024-02-29 02:00:00,87.41722982607172,76.8,3.55,110.61405984789077,23.196830021819057,58.09630376721258,50.91216216216217,1412.9513249877898,64.53750005387441,,76.31185860361425,18.1610840745193,0.0,23.196830021819054,0.20785554434918113,0.0,Water Tank + DSM
2024-02-29 03:00:00,80.42251205130312,76.3,4.65,99.11660787450856,18.69409582320545,59.2780962856184,51.6554054054054,1391.1636762913151,66.40916931380772,,70.20574068083913,16.70791908819048,0.0,18.694095823205444,0.2060828555715724,0.0,Water Tank + DSM
2024-02-29 04:00:00,82.58198346754614,77.0,4.85,99.42238348104328,16.840400013497153,59.903512078024995,51.79054054054053,1389.3549239360304,68.08477471192268,,72.09087565597804,17.156553093465423,0.0,16.840400013497145,0.2051447318829625,0.0,Water Tank + DSM
2024-02-29 05:00:00,83.72446585439833,76.4,4.9,96.96192944702946,13.237463592631137,60.25611457317215,51.82432432432432,1434.9021919411123,69.38267433012854,,73.0882185657917,17.3939058295629,0.0,13.23746359263113,0.2046158281402418,0.0,Water Tank + DSM
2024-02-29 06:00:00,74.43708567860946,76.4,4.85,85.62007413540336,11.18298845679389,60.903630206641864,51.79054054054053,1319.9987437771706,70.46460888595435,,64.98069509263958,15.464436175352686,0.0,11.182988456793893,0.2036445546900372,0.0,Water Tank + DSM
2024-02-29 07:00:00,76.49416351234163,74.7,4.6,0.0,-76.49416351234163,74.7,51.621621621621614,0.0,58.80339506635934,,66.77644443286381,0.0,0.0,0.0,0.18295,0.0,Water Tank + DSM
2024-02-29 08:00:00,71.78538036499096,76.8,5.0,31.821781655081857,-39.9635987099091,56.891891891891895,51.891891891891895,381.8521823835515,54.58302295591807,,62.66585897447474,0.0,0.0,0.0,0.20966216216216216,0.04064812474019874,Water Tank + DSM
2024-02-29 09:00:00,75.54648025741565,74.5,5.75,62.15164435702068,-13.394835900394973,57.398648648648646,52.398648648648646,868.2063733015962,53.13367002589204,,65.94915362652263,2.30007896042512,0.0,0.0,0.20890202702702704,0.0,Water Tank + DSM
2024-02-29 10:00:00,79.41497570340759,74.6,6.05,79.41497570340759,0.0,57.60135135135135,52.60135135135135,1116.0631938593692,53.0801392252477,,69.32620044064184,16.498601630308652,0.0,0.0,0.20859797297297297,0.0,Water Tank + DSM
2024-02-29 11:00:00,82.98081784382555,76.5,6.7,82.98081784382555,0.0,58.04054054054053,53.04054054054053,1073.8892803179056,53.02670046471993,,72.43904263163549,17.239411640388383,0.0,0.0,0.2079391891891892,0.0,Water Tank + DSM
2024-02-29 12:00:00,74.91450263433045,74.2,7.35,74.91450263433045,0.0,58.47972972972973,53.47972972972973,1138.430881762271,52.97335358605617,,65.3974616190147,15.563620392110648,0.0,0.0,0.2072804054054054,0.0,Water Tank + DSM
2024-02-29 13:00:00,60.86303307910571,71.1,7.85,60.86303307910571,0.0,58.817567567567565,53.817567567567565,1183.77723455686,52.92009843127605,,53.13107248720657,12.644402745077917,0.0,0.0,0.20677364864864867,0.0,Water Tank + DSM
2024-02-29 14:00:00,69.05083941172016,71.8,8.0,69.05083941172016,0.0,58.918918918918926,53.918918918918926,1280.6115795100068,52.8669348426708,,60.2787105486211,14.345433989014039,0.0,0.0,0.20662162162162162,0.0,Water Tank + DSM
2024-02-29 15:00:00,70.80642503585554,75.8,7.95,70.80642503585554,0.0,58.88513513513514,53.88513513513514,1000.011308586555,52.81386266280281,,61.811268857573594,14.710160006795384,0.0,0.0,0.2066722972972973,0.0,Water Tank + DSM
2024-02-29 16:00:00,72.85381815768628,71.3,8.1,72.85381815768628,0.0,58.986486486486484,53.986486486486484,1413.4195760998512,52.760881734505176,,63.59856381910488,15.135509548220353,0.0,0.0,0.20652027027027028,0.0,Water Tank + DSM
2024-02-29 17:00:00,65.6140640653633,72.5,7.8,65.6140640653633,0.0,58.78378378378378,53.78378378378378,1142.782001660916,52.70799190088118,,57.27853867397593,13.631437833626748,0.0,0.0,0.20682432432432432,0.0,Water Tank + DSM
2024-02-29 18:00:00,72.2344995193528,74.3,7.55,72.2344995193528,0.0,58.61486486486487,53.61486486486487,1100.163365927737,52.655193005303936,,63.05792261538428,15.006845005977713,0.0,0.0,0.2070777027027027,0.0,Water Tank + DSM
2024-02-29 19:00:00,70.26045102369197,73.9,7.1,70.26045102369197,0.0,58.310810810810814,53.310810810810814,1076.6838076083984,52.60248489141582,,61.334654674072574,14.596732940333391,0.0,0.0,0.2075337837837838,0.0,Water Tank + DSM
2024-02-29 20:00:00,58.74025025124002,72.6,7.05,58.74025025124002,0.0,58.277027027027025,53.277027027027025,979.7232082518403,52.54986740312801,,51.27796522987784,12.203390858914068,0.0,0.0,0.20758445945945947,0.0,Water Tank + DSM
2024-02-29 21:00:00,56.68727532815006,71.5,7.25,56.68727532815006,0.0,58.41216216216216,53.41216216216216,1034.7095412525375,52.49734038462016,,49.48579757186218,11.776881688407306,0.0,0.0,0.20738175675675677,0.0,Water Tank + DSM
2024-02-29 22:00:00,65.91371542574186,73.3,7.15,65.91371542574186,0.0,58.3445945945946,53.3445945945946,1052.8787934431296,52.44490368033974,,57.54012271512075,13.693690933612949,0.0,0.0,0.2074831081081081,0.0,Water Tank + DSM
2024-02-29 23:00:00,85.47466637673017,75.1,6.9,121.40924667881507,35.93458030208489,57.19033883084006,53.17567567567568,1619.6702719566777,56.13094623285671,,74.61607588927241,53.69209338500709,0.0,0.0,0.2092144917537399,0.0,Water Tank + DSM
2024-03-01 00:00:00,75.19692056836409,77.2,6.45,108.62381683381889,33.4268962654548,57.86917626119389,52.87162162162162,1342.5774659590445,59.549768937482526,,53.149715667790424,23.219295738194702,0.0,33.42689626545479,0.20819623560820916,0.0,Water Tank + DSM
2024-03-01 01:00:00,87.27436739538886,71.5,6.1,106.25900043757284,18.98463304218398,58.256516971378446,52.63513513513513,1916.9084487071805,61.460239315237594,,61.686140563882255,26.948568260519085,0.0,18.984633042183972,0.20761522454293233,0.0,Water Tank + DSM
2024-03-01 02:00:00,72.61133154553718,79.1,5.75,100.612544034768,28.00121248923082,59.274075553931745,52.398648648648646,1212.4873933977858,64.30544814477122,,51.322203046817144,22.42091788276288,0.0,28.001212489230824,0.20608888666910238,0.0,Water Tank + DSM
2024-03-01 03:00:00,91.60982631551578,73.1,6.8,105.60147110545202,13.991644789936238,59.62984827525552,53.108108108108105,1872.9481792587767,65.68830556605204,,64.75047361306132,28.28727072421508,0.0,13.991644789936245,0.20555522758711672,0.0,Water Tank + DSM
2024-03-01 04:00:00,67.47919578755109,75.8,6.85,83.55950334521276,16.080307557661666,60.745465391455994,53.141891891891895,1326.078519361776,67.28607555937045,,47.694773170117934,20.836217644607427,0.0,16.08030755766167,0.20388180191281602,0.0,Water Tank + DSM
2024-03-01 05:00:00,56.05757461970395,72.0,6.9,63.588381874139955,7.530807254436008,61.006546645696986,53.17567567567568,1381.8757539702772,67.9916669534894,,39.62189049157265,17.309450887386785,0.0,7.530807254436006,0.20349018003145453,0.0,Water Tank + DSM
2024-03-01 06:00:00,36.62214817886273,70.2,6.8,40.18431222352628,3.56216404466355,61.75434764742103,53.108108108108105,1136.6912506167541,68.28317472239047,,25.8847935279564,11.30818233919471,0.0,3.5621640446635467,0.20236847852886847,0.0,Water Tank + DSM
2024-03-01 07:00:00,40.13370237036969,70.7,6.9,0.0,-40.13370237036969,70.7,53.17567567567568,0.0,61.28493459759859,,28.366784883718818,0.0,0.0,0.0,0.18895,0.0,Water Tank + DSM
2024-03-01 08:00:00,57.9256786271205,72.9,6.9,12.21959254497633,-45.70608608214417,58.17567567567568,53.17567567567568,198.2540764877944,56.46292458844213,,40.94227962561681,0.0,0.0,0.0,0.2077364864864865,0.0,Water Tank + DSM
2024-03-01 09:00:00,68.5701952910457,74.6,7.1,48.82094927777943,-19.74924601326628,58.310810810810814,53.310810810810814,715.9909422084771,54.34936002420057,,48.465899340792994,1.4238503217236165,0.0,0.0,0.2075337837837838,0.0,Water Tank + DSM
2024-03-01 10:00:00,66.93694923324487,73.1,7.35,66.93694923324487,0.0,58.47972972972973,53.47972972972973,1093.7329342386768,54.29373898302596,,47.311509467756444,20.668782821315606,0.0,0.0,0.2072804054054054,0.0,Water Tank + DSM
2024-03-01 11:00:00,69.54739349298832,71.6,8.0,69.54739349298832,0.0,58.918918918918926,53.918918918918926,1310.1630731312441,54.238213575898456,,49.15658994609654,21.474835473697173,0.0,0.0,0.20662162162162162,0.0,Water Tank + DSM
2024-03-01 12:00:00,66.79895531282162,74.3,8.3,66.79895531282162,0.0,59.121621621621614,54.121621621621614,1051.3445589279415,54.18278363838623,,47.21397438814222,20.626173075807912,0.0,0.0,0.20631756756756758,0.0,Water Tank + DSM
2024-03-01 13:00:00,71.79344708980756,71.4,8.55,71.79344708980756,0.0,59.29054054054054,54.29054054054054,1416.318162439573,54.127449006340164,,50.744116524888156,22.168371622707006,0.0,0.0,0.2060641891891892,0.0,Water Tank + DSM
2024-03-01 14:00:00,93.26690322133413,73.1,7.8,93.26690322133413,0.0,58.78378378378378,53.78378378378378,1556.3242484745188,54.072209515893334,,65.92170729814072,28.79894272416286,0.0,0.0,0.20682432432432432,0.0,Water Tank + DSM
2024-03-01 15:00:00,97.95143580454346,81.4,6.3,97.95143580454346,0.0,57.770270270270274,52.770270270270274,990.2681888239711,54.017065003460644,,69.23276808297324,30.245432109933102,0.0,0.0,0.2083445945945946,0.0,Water Tank + DSM
2024-03-01 16:00:00,91.33076160087099,74.4,6.3,91.33076160087099,0.0,57.770270270270274,52.770270270270274,1311.9964628801936,53.96201530573814,,64.55322869765553,28.201101156492673,0.0,0.0,0.2083445945945946,0.0,Water Tank + DSM
2024-03-01 17:00:00,67.52142247136126,72.0,6.95,67.52142247136126,0.0,58.20945945945946,53.20945945945946,1169.6638553421544,53.907060259702796,,47.72461928909649,20.84925639475864,0.0,0.0,0.2076858108108108,0.0,Water Tank + DSM
2024-03-01 18:00:00,74.04150232475268,74.9,6.8,74.04150232475268,0.0,58.108108108108105,53.108108108108105,1053.3588989256332,53.85219970261178,,52.333057875673866,22.86252583728728,0.0,0.0,0.20783783783783785,0.0,Water Tank + DSM
2024-03-01 19:00:00,84.73476721693469,76.2,6.25,84.73476721693469,0.0,57.736486486486484,52.736486486486484,1096.3470897165234,53.79743347200209,,59.89113318360004,26.164390834706946,0.0,0.0,0.20839527027027027,0.0,Water Tank + DSM
2024-03-01 20:00:00,83.58402042332985,75.5,6.0,83.58402042332985,0.0,57.567567567567565,52.567567567567565,1113.486176753532,53.74276140569014,,59.077777205410555,25.809063383548914,0.0,0.0,0.20864864864864865,0.0,Water Tank + DSM
2024-03-01 21:00:00,91.27315354800302,75.1,6.05,91.27315354800302,0.0,57.60135135135135,52.60135135135135,1246.0610499251457,53.688183341771094,,64.5125109181645,28.1833129491255,0.0,0.0,0.20859797297297297,0.0,Water Tank + DSM
2024-03-01 22:00:00,101.29407765906782,78.6,5.7,101.29407765906782,0.0,57.36486486486487,52.36486486486487,1139.5405952913075,53.63369911861851,,71.5953710034706,31.277572644152286,0.0,0.0,0.2089527027027027,0.0,Water Tank + DSM
2024-03-01 23:00:00,99.82407059559739,78.4,5.6,139.10508096354891,39.28101036795152,56.86356232168684,52.2972972972973,1543.2224016188725,57.66583740178277,,70.55635960695915,70.1046744147042,0.0,0.0,0.20970465651746972,0.05775927537001054,Water Tank + DSM
2024-03-02 00:00:00,82.83017032846064,75.1,5.65,110.50041464793226,27.670244319471617,57.808078756761944,52.33108108108108,1526.7692905757438,60.48313844223107,,55.00779072992219,27.88657728098335,0.0,27.67024431947162,0.20828788186485708,0.0,Water Tank + DSM
2024-03-02 01:00:00,75.83990307071552,74.6,5.1,98.25842505116796,22.418521980452446,58.29982993190114,51.95945945945946,1440.2099324526844,62.74924233749924,,50.36553106855157,25.533151864558036,0.0,22.41852198045244,0.2075502551021483,0.0,Water Tank + DSM
2024-03-02 02:00:00,72.26733747104174,77.0,5.15,94.90112001299651,22.633782541954773,59.23182803796103,51.99324324324325,1276.0828565098682,65.03384426096758,,47.99297840933954,24.330370000273334,0.0,22.633782541954773,0.20615225794305847,0.0,Water Tank + DSM
2024-03-02 03:00:00,86.04728492565295,74.5,5.2,101.10395972064633,15.056674794993388,59.30475074467121,52.027027027027025,1589.6152754545367,66.52624775152098,,57.144287199925536,28.969688839013752,0.0,15.056674794993384,0.2060428738829932,0.0,Water Tank + DSM
2024-03-02 04:00:00,87.62836903372491,78.4,4.85,106.50146785572431,18.8730988219994,59.98732683972692,51.79054054054053,1381.8990303952712,68.41311992112286,,58.1942903980156,29.501995171267346,0.0,18.873098821999406,0.20501900974040962,0.0,Water Tank + DSM
2024-03-02 05:00:00,125.42955374536888,77.9,4.45,140.5237274724546,15.094173727085703,59.40004932129959,51.520270270270274,1814.688825291878,69.90361441410286,,83.29818249090404,42.22858567076531,0.0,15.094173727085717,0.20589992601805063,0.0,Water Tank + DSM
2024-03-02 06:00:00,134.5614089252966,87.0,1.45,161.71340689251932,27.1519979672227,59.44408768348347,49.49324324324324,1402.0608520094347,72.6459597305773,,89.36267779160754,45.30302321186865,0.0,27.151997967222712,0.2058338684747748,0.0,Water Tank + DSM
2024-03-02 07:00:00,124.578376843247,82.0,3.15,0.0,-124.578376843247,82.0,50.64189189189189,0.0,56.01872509988846,,82.73291308821666,0.0,0.0,0.0,0.172,0.0,Water Tank + DSM
2024-03-02 08:00:00,92.64041023148712,76.2,3.2,59.600169773464515,-33.04024045802261,55.67567567567568,50.67567567567568,693.7123146917567,52.52337782086961,,61.52280357434939,0.0,0.0,0.0,0.2114864864864865,0.48885687164482966,Water Tank + DSM
2024-03-02 09:00:00,61.33142391642974,77.5,3.2,61.33142391642974,0.0,55.67567567567568,50.67567567567568,671.3407613785301,52.47089634818228,,40.730401960840815,20.648556993376086,0.0,0.0,0.2114864864864865,0.3236415723374914,Water Tank + DSM
2024-03-02 10:00:00,47.33388962901902,73.3,4.0,47.33388962901902,0.0,56.21621621621622,51.21621621621622,661.8946999160551,52.418505111411534,,31.434593033206212,15.935982817792503,0.0,0.0,0.2106756756756757,0.14782754561561814,Water Tank + DSM
2024-03-02 11:00:00,44.71035831490502,71.1,5.25,44.71035831490502,0.0,57.060810810810814,52.060810810810814,760.793686351747,52.36620395540703,,29.692297189458635,15.052713974447126,0.0,0.0,0.20940878378378378,0.0,Water Tank + DSM
2024-03-02 12:00:00,42.75388251155229,74.2,6.7,42.75388251155229,0.0,58.04054054054053,53.04054054054053,632.0471918186953,52.31399272528511,,28.3929951219606,14.394023868267022,0.0,0.0,0.2079391891891892,0.0,Water Tank + DSM
2024-03-02 13:00:00,68.77208679276588,70.0,7.65,68.77208679276588,0.0,58.682432432432435,53.682432432432435,1451.6431952035357,52.26187126642846,,45.671770845757436,23.15361788483481,0.0,0.0,0.20697635135135134,0.0,Water Tank + DSM
2024-03-02 14:00:00,73.692209385364,75.4,8.3,73.692209385364,0.0,59.121621621621614,54.121621621621614,1081.461876335992,52.20983942448562,,48.93924057165519,24.81008410199114,0.0,0.0,0.20631756756756758,0.0,Water Tank + DSM
2024-03-02 15:00:00,80.60378577041078,73.9,8.65,80.60378577041078,0.0,59.358108108108105,54.358108108108105,1324.1442665630902,52.157897045370525,,53.529241363575466,27.137016525656588,0.0,0.0,0.20596283783783784,0.0,Water Tank + DSM
2024-03-02 16:00:00,65.36657223832707,71.4,8.15,65.36657223832707,0.0,59.02027027027027,54.02027027027027,1261.3782093143136,52.10604397526201,,43.41015733952627,22.007077386037356,0.0,0.0,0.2064695945945946,0.0,Water Tank + DSM
2024-03-02 17:00:00,72.07503956724216,72.2,7.45,72.07503956724216,0.0,58.54729729729729,53.54729729729729,1261.1508362991424,52.054280060603425,,47.8652727338826,24.265628731071384,0.0,0.0,0.20717905405405407,0.0,Water Tank + DSM
2024-03-02 18:00:00,94.74370839994202,77.1,6.8,94.74370839994202,0.0,58.108108108108105,53.108108108108105,1191.7438684213312,52.00260514810207,,62.91961086128601,31.897528831642525,0.0,0.0,0.20783783783783785,0.0,Water Tank + DSM
2024-03-02 19:00:00,95.52480947413919,79.2,5.6,95.52480947413919,0.0,57.2972972972973,52.2972972972973,1041.8837100915375,51.951019084728955,,63.4383426743195,32.160503486692505,0.0,0.0,0.20905405405405406,0.0,Water Tank + DSM
2024-03-02 20:00:00,78.37051077841137,74.5,4.75,78.37051077841137,0.0,56.72297297297297,51.72297297297297,1053.1599145261202,51.899521717718095,,52.046116037198324,26.38513595596663,0.0,0.0,0.20991554054054054,0.08650908476453378,Water Tank + DSM
2024-03-02 21:00:00,63.49452399619417,74.3,4.65,63.49452399619417,0.0,56.6554054054054,51.6554054054054,859.6573156374355,51.84811289456614,,42.1669238953451,21.376811653503538,0.0,0.0,0.2100168918918919,0.08718296427010588,Water Tank + DSM
2024-03-02 22:00:00,76.80151205680274,76.2,4.5,76.80151205680274,0.0,56.554054054054056,51.554054054054056,933.8940353825361,51.79679246303204,,51.0041387843264,25.856898431760197,0.0,0.0,0.21016891891891892,0.1364705335040078,Water Tank + DSM
2024-03-02 23:00:00,82.58823436757443,78.4,4.1,124.77692649906095,42.18869213148652,55.55937116814332,51.28378378378378,1305.2604812471116,56.13458432286385,,54.847120256184205,69.99381641239093,0.0,0.0,0.211660943247785,0.4740860567122163,Water Tank + DSM
2024-03-03 00:00:00,89.68312462819773,76.1,4.2,121.36152818146128,31.678403553263554,56.744040012108385,51.351351351351354,1498.0326588818878,59.371499559781704,,65.58353539874153,34.39722784584785,0.0,31.67840355326355,0.2098839399818374,0.10072056555930693,Water Tank + DSM
2024-03-03 01:00:00,102.68470718730197,78.2,4.25,132.56636065428143,29.88165346697945,57.602178499249895,51.385135135135144,1537.6575017794974,62.41592785370286,,75.09134139390169,39.38387833886043,0.0,29.881653466979458,0.20859673225112516,0.0,Water Tank + DSM
2024-03-03 02:00:00,96.1712912044834,81.7,4.15,126.77891154967963,30.607620345196235,58.72361262486389,51.317567567567565,1318.305811468251,65.53064635936575,,70.3282061948678,36.88571099082676,0.0,30.60762034519624,0.20691458106270416,0.0,Water Tank + DSM
2024-03-03 03:00:00,90.5754835318243,74.8,3.7,105.32104992956826,14.745566397743955,58.72145277775049,51.013513513513516,1564.9418846380634,66.98983008934495,,66.23610021499879,34.73948479391435,0.0,14.745566397743957,0.20691782083337426,0.0,Water Tank + DSM
2024-03-03 04:00:00,64.04003682267894,77.4,3.35,80.5950169656966,16.554980143017666,60.218280842769325,50.777027027027025,1120.6886962413687,68.63474400363599,,46.8312409866275,24.562031563668114,0.0,16.55498014301766,0.20467257873584602,0.0,Water Tank + DSM
2024-03-03 05:00:00,70.9082129447263,75.5,3.2,81.84924431776906,10.941031373042762,60.074285046139806,50.67567567567568,1267.6457288767374,69.69279294861545,,51.85380541770063,27.19626425721987,0.0,10.941031373042762,0.20488857243079028,0.0,Water Tank + DSM
2024-03-03 06:00:00,74.05918549272734,77.2,2.9,86.01872289411432,11.959537401386985,60.45772323083121,50.472972972972975,1227.4621568636917,70.8549811409311,,54.15805073139829,28.40479396800924,0.0,11.959537401386982,0.20431341515375318,0.0,Water Tank + DSM
2024-03-03 07:00:00,82.74708755733609,78.8,2.6,0.0,-82.74708755733609,78.8,50.27027027027027,0.0,58.658411344324165,,60.5113455676034,0.0,0.0,0.0,0.1768,0.0,Water Tank + DSM
2024-03-03 08:00:00,96.97010262613802,78.6,2.0,43.649260474230985,-53.32084215190703,54.864864864864856,49.864864864864856,439.32504013893316,53.04889670374653,,70.91236154590173,0.0,0.0,0.0,0.21270270270270272,0.9084448479123665,Water Tank + DSM
2024-03-03 09:00:00,100.44614151563259,81.6,1.9,80.50740653563096,-19.93873498000163,54.79729729729729,49.79729729729729,717.5596730980724,50.92147821978935,,73.45432159135818,18.586559831851588,0.0,0.0,0.21280405405405406,0.9707881961668715,Water Tank + DSM
2024-03-03 10:00:00,103.79501737526822,79.6,2.75,103.79501737526822,0.0,55.37162162162163,50.37162162162163,1023.4177250369733,50.87175103106936,,75.90328977123524,39.80972871677013,0.0,0.0,0.21194256756756755,0.7415956554676062,Water Tank + DSM
2024-03-03 11:00:00,87.08977263739293,77.9,4.25,87.08977263739293,0.0,56.385135135135144,51.385135135135144,967.0063147683767,50.82210934258831,,63.68706721929914,33.40256893223381,0.0,0.0,0.21042229729729728,0.2349536398766002,Water Tank + DSM
2024-03-03 12:00:00,73.12649165854936,74.3,5.9,73.12649165854936,0.0,57.5,52.5,1039.8393121423646,50.77255300733829,,53.47598976013317,28.047066887718035,0.0,0.0,0.20875,0.0,Water Tank + DSM
2024-03-03 13:00:00,58.05826896315081,72.4,7.45,58.05826896315081,0.0,58.54729729729729,53.54729729729729,1001.221910848304,50.72308187856408,,42.45688978300016,22.267773498528555,0.0,0.0,0.20717905405405407,0.0,Water Tank + DSM
2024-03-03 14:00:00,51.001842792925906,70.6,8.55,51.001842792925906,0.0,59.29054054054054,54.29054054054054,1077.3201828547972,50.67369580976289,,37.29666173070898,19.56133904097717,0.0,0.0,0.2060641891891892,0.0,Water Tank + DSM
2024-03-03 15:00:00,52.19471793697529,69.6,9.5,52.19471793697529,0.0,59.932432432432435,54.932432432432435,1289.7635966608393,50.624394654683734,,38.16898826438379,20.018856531493043,0.0,0.0,0.20510135135135135,0.0,Water Tank + DSM
2024-03-03 16:00:00,37.70314927986446,71.0,9.55,37.70314927986446,0.0,59.96621621621622,54.96621621621622,816.307777363606,50.575178267327196,,27.571584238296833,14.460734075245995,0.0,0.0,0.20505067567567567,0.0,Water Tank + DSM
2024-03-03 17:00:00,45.78249599752587,66.5,9.0,45.78249599752587,0.0,59.5945945945946,54.5945945945946,1583.8391057587892,50.52604650194485,,33.47985431310925,17.559501329900996,0.0,0.0,0.20560810810810812,0.0,Water Tank + DSM
2024-03-03 18:00:00,41.75914028196647,73.1,7.8,41.75914028196647,0.0,58.78378378378378,53.78378378378378,696.8255658927818,50.47699921303878,,30.5376520527951,16.01637620099042,0.0,0.0,0.20682432432432432,0.0,Water Tank + DSM
2024-03-03 19:00:00,63.255280801036456,72.7,6.15,63.255280801036456,0.0,57.66891891891892,52.66891891891892,1005.3269999068095,50.428036255361306,,46.257364077921046,24.26104481959842,0.0,0.0,0.20849662162162164,0.0,Water Tank + DSM
2024-03-03 20:00:00,53.439571273860146,75.0,5.35,53.439571273860146,0.0,57.12837837837837,52.12837837837837,714.3314648189345,50.37915748391448,,39.079325445701855,20.49630983211131,0.0,0.0,0.20930743243243244,0.0,Water Tank + DSM
2024-03-03 21:00:00,61.1424128322243,72.7,5.0,61.1424128322243,0.0,56.891891891891895,51.891891891891895,923.9818743001218,50.33036275394971,,44.71226457564645,23.45067161691705,0.0,0.0,0.20966216216216216,0.02900254999501314,Water Tank + DSM
2024-03-03 22:00:00,68.31764563186525,75.8,4.7,68.31764563186525,0.0,56.689189189189186,51.689189189189186,853.9934781963454,50.281651920967214,,49.95937361940859,26.202673384021516,0.0,0.0,0.20996621621621622,0.09316748053349266,Water Tank + DSM
2024-03-03 23:00:00,87.74068045614246,77.4,4.55,130.74341983305308,43.00273937691062,55.40575802444511,51.58783783783784,1420.2993662829745,54.70673672811871,,64.16306352461581,76.65495867136131,0.0,0.0,0.21189136296333233,0.6137486949068232,Water Tank + DSM
2024-03-04 00:00:00,82.00407002470452,78.4,4.15,119.58654449849821,37.582474473793695,56.426316443960886,51.317567567567565,1300.3056927040534,58.560326045691816,,61.87327844849159,28.114512666028556,0.0,37.58247447379369,0.21036052533405866,0.21297409442477366,Water Tank + DSM
2024-03-04 01:00:00,83.60492093255472,74.8,4.1,109.3839675566506,25.779046624095887,57.281915836292484,51.28378378378378,1491.8211577864572,61.17934189229685,,63.0811440330424,28.663353023728103,0.0,25.779046624095873,0.20907712624556127,0.0,Water Tank + DSM
2024-03-04 02:00:00,86.59608041762836,78.0,4.35,113.299197997714,26.70311758008564,58.28815499523547,51.45270270270271,1373.2489047729389,63.88998877217426,,65.33801791318095,29.68885079723959,0.0,26.703117580085646,0.20756776750714678,0.0,Water Tank + DSM
2024-03-04 03:00:00,88.65018251470748,78.2,5.4,111.37941555703063,22.72923304232314,59.45809538873633,52.16216216216216,1419.8234670622976,66.18255937931461,,66.88786819470866,30.393085104247145,0.0,22.729233042323145,0.2058128569168955,0.0,Water Tank + DSM
2024-03-04 04:00:00,81.00928785272215,74.0,5.8,93.45548331461058,12.446195461888422,59.88018216699446,52.432432432432435,1581.2630279231087,67.40141143603441,,61.12270065029062,27.773458667541504,0.0,12.446195461888422,0.20517972674950832,0.0,Water Tank + DSM
2024-03-04 05:00:00,51.171902240481785,74.7,6.15,62.79776124760418,11.625859007122392,61.43399568176283,52.66891891891892,1130.9495554986017,68.5328256803137,,38.609953812176386,17.54392304249516,0.0,11.625859007122394,0.20284900647735576,0.0,Water Tank + DSM
2024-03-04 06:00:00,46.13536105516655,69.8,6.35,48.20719109676666,2.07183004160011,61.15348893729286,52.80405405405405,1331.9276157860245,68.66835886471706,,34.809809318343035,15.817180688062491,0.0,2.0718300416001085,0.2032697665940607,0.0,Water Tank + DSM
2024-03-04 07:00:00,47.80183406048895,72.2,6.5,0.0,-47.80183406048895,72.2,52.9054054054054,0.0,60.63669405704447,,36.067187741805974,0.0,0.0,0.0,0.1867,0.0,Water Tank + DSM
2024-03-04 08:00:00,75.93366623174262,74.9,6.45,25.937483155471263,-49.99618307627136,57.87162162162162,52.87162162162162,363.877595451091,55.36969523306368,,57.29306939223914,0.0,0.0,0.0,0.20819256756756757,0.0,Water Tank + DSM
2024-03-04 09:00:00,80.39593035503606,77.7,5.45,60.44753466314771,-19.948395691888347,57.195945945945944,52.195945945945944,704.270716543467,53.237296055681654,,60.65991338581254,7.6147777162470724,0.0,0.0,0.20920608108108107,0.0,Water Tank + DSM
2024-03-04 10:00:00,100.13439907865903,74.0,5.65,100.13439907865903,0.0,57.33108108108108,52.33108108108108,1435.0817376703142,53.18358708187825,,75.5528787119926,34.33036714341132,0.0,0.0,0.20900337837837837,0.0,Water Tank + DSM
2024-03-04 11:00:00,89.1526916456501,79.6,6.9,89.1526916456501,0.0,58.17567567567568,53.17567567567568,994.0954855221402,53.12997045453983,,67.26701873409476,30.56536678883213,0.0,0.0,0.2077364864864865,0.0,Water Tank + DSM
2024-03-04 12:00:00,76.6028145652614,72.9,7.95,76.6028145652614,0.0,58.88513513513514,53.88513513513514,1305.7396389066776,53.07644601488713,,57.79795166394442,26.26273061446426,0.0,0.0,0.2066722972972973,0.0,Water Tank + DSM
2024-03-04 13:00:00,60.6980514229079,68.2,8.8,60.6980514229079,0.0,59.45945945945947,54.45945945945947,1658.9650386936294,53.023013604414054,,45.79757365505193,20.80989559443206,0.0,0.0,0.2058108108108108,0.0,Water Tank + DSM
2024-03-04 14:00:00,46.03310233736037,74.0,8.8,46.03310233736037,0.0,59.45945945945947,54.45945945945947,756.2936760712086,52.969673064886805,,34.73265360986782,15.782122013339302,0.0,0.0,0.2058108108108108,0.0,Water Tank + DSM
2024-03-04 15:00:00,61.09019183140009,68.7,8.5,61.09019183140009,0.0,59.25675675675676,54.25675675675676,1545.4362264611175,52.91642423834379,,46.09344936802852,20.94433814683335,0.0,0.0,0.20611486486486486,0.0,Water Tank + DSM
2024-03-04 16:00:00,44.00055278961513,72.6,8.2,44.00055278961513,0.0,59.05405405405405,54.05405405405405,775.9782890941148,52.86326696709494,,33.199065044201376,15.085276844712928,0.0,0.0,0.20641891891891892,0.0,Water Tank + DSM
2024-03-04 17:00:00,46.133798989222825,70.4,7.8,46.133798989222825,0.0,58.78378378378378,53.78378378378378,948.757687606144,52.81020109372137,,34.80863071658508,15.816645144854126,0.0,0.0,0.20682432432432432,0.0,Water Tank + DSM
2024-03-04 18:00:00,56.77474183313947,70.4,7.05,56.77474183313947,0.0,58.277027027027025,53.277027027027025,1118.7854434529304,52.75722646107482,,42.837378793818225,19.464816781623547,0.0,0.0,0.20758445945945947,0.0,Water Tank + DSM
2024-03-04 19:00:00,68.59945752741224,77.3,5.8,68.59945752741224,0.0,57.432432432432435,52.432432432432435,824.8533806855697,52.70434291227728,,51.75930091921487,23.51883652794426,0.0,0.0,0.20885135135135136,0.0,Water Tank + DSM
2024-03-04 20:00:00,100.72417094337057,75.6,5.05,100.72417094337057,0.0,56.92567567567568,51.92567567567568,1288.5153015590279,52.65155029072045,,75.99787026906274,34.53256623615763,0.0,0.0,0.20961148648648648,0.03389094214701376,Water Tank + DSM
2024-03-04 21:00:00,87.55061683251478,80.6,4.6,87.55061683251478,0.0,56.621621621621614,51.621621621621614,872.2483913064605,52.598848440065275,,66.05822969498276,30.016106823902962,0.0,0.0,0.2100675675675676,0.1499700349832071,Water Tank + DSM
2024-03-04 22:00:00,78.30919258937033,75.2,4.1,78.30919258937033,0.0,56.28378378378378,51.28378378378378,988.9611988821766,52.546237204241514,,59.08543901173425,26.847750194070375,0.0,0.0,0.21057432432432432,0.2539076973747504,Water Tank + DSM
2024-03-04 23:00:00,59.61354069055598,73.8,4.2,93.32812322441615,33.71458253386017,55.66099120698699,51.351351351351354,1229.3477336644053,56.00115215883723,,44.97929433668428,54.15266133051662,0.0,0.0,0.21150851318951952,0.3613660237220426,Water Tank + DSM
2024-03-05 00:00:00,93.370137068666,75.9,4.45,124.94289275274947,31.57275568408347,56.81505584053192,51.520270270270274,1564.133780090984,59.22730593014309,,55.02972186285449,31.224919526901456,2.94054580340663,31.572755684083475,0.20977741623920212,0.061064553934127484,Water Tank + DSM
2024-03-05 01:00:00,114.51809845570033,83.9,4.1,153.65852952095992,39.14043106525958,57.74798711562129,51.28378378378378,1403.7998899253914,63.23520198318337,,67.4937330513465,38.29723850596152,3.6065676285809487,39.14043106525959,0.20837801932656808,0.0,Water Tank + DSM
2024-03-05 02:00:00,124.15296221207508,79.4,4.0,149.8198365620114,25.66687434993633,58.251313177385676,51.21621621621622,1692.4749625904462,65.83451048481538,,73.17224964503939,41.5193377219476,3.9100025283751596,25.66687434993632,0.20762303023392148,0.0,Water Tank + DSM
2024-03-05 03:00:00,104.13869455038702,78.6,4.15,124.42362089869265,20.28492634830563,59.16675168353963,51.317567567567565,1529.6499443827825,67.86944885845624,,61.37640552090103,34.82614954909013,3.2796846063017195,20.284926348305632,0.20624987247469057,0.0,Water Tank + DSM
2024-03-05 04:00:00,93.95021744114084,78.7,4.15,111.17242342212894,17.22220598098811,59.941773072474646,51.317567567567565,1415.918388939809,69.58226401619496,,55.371604851972464,31.41891049144659,2.958814523561394,17.222205980988107,0.20508734039128804,0.0,Water Tank + DSM
2024-03-05 05:00:00,115.0274983707374,77.2,3.5,127.16199455958619,12.134496188848788,59.35041532110236,50.87837837837837,1701.9617734266076,70.7628437600992,,67.7939589749824,38.46759245266662,3.6226103787518773,12.134496188848786,0.20597437701834645,0.0,Water Tank + DSM
2024-03-05 06:00:00,116.20281063884914,84.8,3.2,138.50924693445427,22.30643629560512,60.58079761056032,50.67567567567568,1366.3222453657165,72.99961270132434,,68.4866548330663,38.8606413668369,3.659624992483746,22.306436295605124,0.20412880358415952,0.0,Water Tank + DSM
2024-03-05 07:00:00,123.5368683687486,79.7,3.2,0.0,-123.5368683687486,79.7,50.67567567567568,0.0,56.16816883583503,,72.80914133328078,0.0,0.0,0.0,0.17545,0.0,Water Tank + DSM
2024-03-05 08:00:00,107.49810275459107,79.1,3.5,71.62503751924245,-35.87306523534861,55.87837837837837,50.87837837837837,736.8398308418689,52.37799252565576,,63.35634584127548,3.46202431298196,0.0,0.0,0.21118243243243245,0.42637108417507263,Water Tank + DSM
2024-03-05 09:00:00,89.78379969689279,80.3,3.6,89.78379969689279,0.0,55.945945945945944,50.945945945945944,880.698976025913,52.32576102642956,,52.916035899965706,30.025573575983728,2.827599741215326,0.0,0.2110810810810811,0.33465817298897294,Water Tank + DSM
2024-03-05 10:00:00,74.92149486113156,74.2,4.35,74.92149486113156,0.0,56.45270270270271,51.45270270270271,1008.4978703716127,52.27361933331906,,44.15661316557021,25.05530913115771,2.35953479576486,0.0,0.21032094594594594,0.14500077025991134,Water Tank + DSM
2024-03-05 11:00:00,58.83326075430931,73.9,5.25,58.83326075430931,0.0,57.060810810810814,52.060810810810814,834.6463892943477,52.221567291912876,,34.67466234105947,19.67506839159409,1.8528611335826104,0.0,0.20940878378378378,0.0,Water Tank + DSM
2024-03-05 12:00:00,73.06576579499047,74.4,5.95,73.06576579499047,0.0,57.53378378378378,52.53378378378378,1034.896821253215,52.16960474806511,,43.0628988628113,24.43471466087891,2.3010915237614373,0.0,0.20869932432432434,0.0,Water Tank + DSM
2024-03-05 13:00:00,64.70868583471852,76.1,6.7,64.70868583471852,0.0,58.04054054054053,53.04054054054053,855.9701277188788,52.11773154789487,,38.13747195183664,21.639932973373558,2.037898417513356,0.0,0.2079391891891892,0.0,Water Tank + DSM
2024-03-05 14:00:00,63.40837093856278,70.1,7.4,63.40837093856278,0.0,58.513513513513516,53.513513513513516,1307.3612613689832,52.0659475377859,,37.37110307506234,21.2050805755214,1.9969470423623705,0.0,0.20722972972972972,0.0,Water Tank + DSM
2024-03-05 15:00:00,51.750736551392826,73.0,7.25,51.750736551392826,0.0,58.41216216216216,53.41216216216216,847.4740023822918,52.01425256438608,,30.500422597930456,17.30652470914495,1.6298081588708373,0.0,0.20738175675675677,0.0,Water Tank + DSM
2024-03-05 16:00:00,50.543043830711,72.6,7.3,50.543043830711,0.0,58.44594594594595,53.44594594594595,853.0634187648366,51.962646474606885,,29.788642615578713,16.902647096876027,1.591773773647712,0.0,0.2073310810810811,0.0,Water Tank + DSM
2024-03-05 17:00:00,50.46793996314559,70.2,6.85,50.46793996314559,0.0,58.141891891891895,53.141891891891895,999.8553631975446,51.91112911562302,,29.744378517091747,16.87753079851219,1.5894084953100924,0.0,0.20778716216216217,0.0,Water Tank + DSM
2024-03-05 18:00:00,65.00110613702367,74.3,5.55,65.00110613702367,0.0,57.26351351351351,52.26351351351351,911.4681345626495,51.85970033487203,,38.30981621958758,21.73772441605716,2.047107735607662,0.0,0.20910472972972974,0.0,Water Tank + DSM
2024-03-05 19:00:00,76.05641804609057,79.1,3.75,76.05641804609057,0.0,56.0472972972973,51.0472972972973,788.1607338890914,51.80835998005374,,44.825504838697654,25.43485109427487,2.395277418765036,0.0,0.21092905405405404,0.2562322776590418,Water Tank + DSM
2024-03-05 20:00:00,102.31440584709642,76.3,2.45,102.31440584709642,0.0,55.16891891891892,50.16891891891892,1156.686977568568,51.75710789912977,,60.301221280078934,34.21606939131771,3.2222314991405057,0.0,0.2122466216216216,0.6624985527122184,Water Tank + DSM
2024-03-05 21:00:00,108.83373141788256,84.0,1.55,108.83373141788256,0.0,54.560810810810814,49.560810810810814,883.1580886223816,51.70594394032326,,64.14352765508104,36.39626771498262,3.427547417592232,0.0,0.21315878378378378,0.9387491952763876,Water Tank + DSM
2024-03-05 22:00:00,129.925011316949,82.8,0.9,129.925011316949,0.0,54.12162162162163,49.12162162162163,1082.2782951458335,51.65486795211824,,76.57413237534273,43.449631223310526,4.091784148336923,0.0,0.21381756756756756,1.3224559618336187,Water Tank + DSM
2024-03-05 23:00:00,122.69578425281613,83.2,0.4,172.71378895484418,50.018004702028044,53.925210894942154,48.783783783783775,1409.594280422535,56.807411913498704,,72.31343010894156,91.05003174903497,3.864110997448474,0.0,0.21411218365758677,1.3340912822900128,Water Tank + DSM
2024-03-06 00:00:00,114.06295830826298,83.4,-0.3,156.24174345905777,42.1787851507948,55.093554813527206,48.31081081081081,1318.7684813530122,61.13555815159616,,52.93184803459602,30.03454568441289,18.224993635717354,48.11500681403227,0.2123596677797092,0.6054700013799901,Water Tank + DSM
2024-03-06 01:00:00,110.37619800214624,81.7,-0.9,143.01054497608877,32.63434697394253,55.98864852840881,47.9054054054054,1328.896944108849,64.46332481499505,,51.22097678280932,29.063764525622606,17.635922616414103,38.37869717670825,0.2110170272073868,0.31081446147379443,Water Tank + DSM
2024-03-06 02:00:00,116.60274036279287,83.4,-1.4,146.6628050227054,30.06006465991253,56.78637896072491,47.567567567567565,1316.6166461108435,67.51755920031498,,54.11045465452998,30.703309683493774,18.63080032762185,36.12846516083416,0.20982043155891264,0.06935478935368986,Water Tank + DSM
2024-03-06 03:00:00,122.50044293358832,85.7,-1.45,151.36978793418885,28.869345000600543,57.785245498949145,47.53378378378379,1295.524877792875,70.4426679905376,,56.84733173417676,32.256266225414386,19.57313597639236,35.244681866169735,0.2083221317515763,0.0,Water Tank + DSM
2024-03-06 04:00:00,131.0091093253915,83.7,-1.65,152.0796253094685,21.07051598407699,57.98723929337696,47.398648648648646,1413.0315644937436,72.55141073453235,,60.79584791425707,34.49673002933739,20.93265174855011,27.888672591562564,0.20801914105993458,0.0,Water Tank + DSM
2024-03-06 05:00:00,121.95814032605362,85.9,-1.85,143.17614674633597,21.218006420282343,59.16272296647081,47.263513513513516,1279.3372172511324,74.67187172440649,,56.59567177693443,32.11346953942315,19.486486798451157,27.565120026218242,0.2062559155502938,0.0,Water Tank + DSM
2024-03-06 06:00:00,133.33310815131716,83.8,-2.1,147.86755069763728,14.534442546320115,58.88395661037529,47.0945945945946,1417.800031846704,76.0933746835806,,61.874318563370196,35.1086749581998,21.303980569405716,21.473547903342016,0.20667406508443706,0.0,Water Tank + DSM
2024-03-06 07:00:00,138.10437261682355,87.1,-2.3,0.0,-138.10437261682355,87.1,46.95945945945946,0.0,56.48941512205276,,64.08846283392744,0.0,0.0,0.0,0.16435,0.0,Water Tank + DSM
2024-03-06 08:00:00,131.95249385421945,87.5,-2.5,71.74542318029994,-60.20707067391952,51.82432432432432,46.82432432432432,480.421871185173,50.16735681100968,,61.23363321510079,2.488706501662662,0.0,0.0,0.21726351351351353,1.90155255578786,Water Tank + DSM
2024-03-06 09:00:00,124.69536806032386,82.2,-2.15,105.87079257893146,-18.824575481392408,52.060810810810814,47.060810810810814,839.1611620470572,48.16078172626137,,57.86590467826692,32.834224047748265,7.588834087958105,0.0,0.21690878378378378,1.7148639048572876,Water Tank + DSM
2024-03-06 10:00:00,99.37129447248552,84.3,-0.9,99.37129447248552,0.0,52.9054054054054,47.9054054054054,756.148062963462,48.11580124082152,,46.11406135726759,26.16600277442482,15.877557764542455,5.171617847726704,0.2156418918918919,1.1329103182096285,Water Tank + DSM
2024-03-06 11:00:00,87.70049002339542,79.2,0.25,87.70049002339542,0.0,53.682432432432435,48.682432432432435,821.0385002043109,48.07089809420477,,40.698129167685124,23.092898985088397,14.01279518111435,4.564229759379375,0.21447635135135135,0.8101127603243261,Water Tank + DSM
2024-03-06 12:00:00,72.79985739287636,76.9,1.4,72.79985739287636,0.0,54.45945945945947,49.45945945945947,774.9933763302892,48.02607215343586,,33.783368813263905,19.16933135098857,11.631970249978933,3.788750501878626,0.2133108108108108,0.5149681083967781,Water Tank + DSM
2024-03-06 13:00:00,101.45878956280636,78.1,2.6,101.45878956280636,0.0,55.27027027027027,50.27027027027027,1061.670335163629,47.98132328576811,,47.08278051493846,26.715672602264863,16.211097989168845,5.280258143935529,0.2120945945945946,0.48864291129017323,Water Tank + DSM
2024-03-06 14:00:00,114.85242988588656,84.3,3.65,114.85242988588656,0.0,55.97972972972973,50.97972972972973,968.8210584993498,47.936651358683086,,53.29820877250945,30.242425793050774,18.35113550237738,5.977308431028776,0.2110304054054054,0.3262714672154958,Water Tank + DSM
2024-03-06 15:00:00,124.53898731453182,77.6,5.25,124.53898731453182,0.0,57.060810810810814,52.060810810810814,1448.5143789754065,47.89205623989019,,57.79333491508903,32.79304657240206,19.898854850598788,6.4814296015030335,0.20940878378378378,0.0,Water Tank + DSM
2024-03-06 16:00:00,100.63214926563842,78.3,5.75,100.63214926563842,0.0,57.398648648648646,52.398648648648646,1150.1729736727593,47.84753779732636,,46.69917132894213,26.498005393399666,16.079017299886726,5.237236990420542,0.20890202702702704,0.0,Water Tank + DSM
2024-03-06 17:00:00,96.28393340840134,76.5,5.8,96.28393340840134,0.0,57.432432432432435,52.432432432432435,1206.3110493555178,47.8030958991555,,44.681346222610294,25.353052730880346,15.384258830527173,5.010941148624076,0.20885135135135136,0.0,Water Tank + DSM
2024-03-06 18:00:00,97.49168524523128,76.7,5.0,97.49168524523128,0.0,56.891891891891895,51.891891891891895,1175.778070986336,47.758730413768305,,45.24181333339498,25.671072517993604,15.577233568919146,5.0737966340852605,0.20966216216216216,0.029346041081120287,Water Tank + DSM
2024-03-06 19:00:00,95.29419332524017,80.4,3.4,95.29419332524017,0.0,55.81081081081081,50.81081081081081,925.8124263497963,47.714441209781626,,44.222049247916274,25.09243881919255,15.226118037195498,4.959431731283196,0.2112837837837838,0.31553029733648463,Water Tank + DSM
2024-03-06 20:00:00,111.98069134717636,78.6,2.2,111.98069134717636,0.0,55.0,50.0,1133.527125802477,47.67022815603831,,51.96555503302556,29.486252504072244,17.892288762228908,5.827853456535006,0.2125,0.6235866603963067,Water Tank + DSM
2024-03-06 21:00:00,124.47416978628434,85.0,-0.7,124.47416978628434,0.0,53.04054054054054,48.04054054054054,930.423324318254,47.62609112160672,,57.76325581135491,32.77597911209616,19.888498297890408,6.478056278374763,0.2154391891891892,1.3722676177886746,Water Tank + DSM
2024-03-06 22:00:00,141.90776434081297,86.3,-0.5,141.90776434081297,0.0,53.17567567567567,48.17567567567567,1023.4341533762608,47.58202997578025,,65.85345784840152,37.36651489915185,22.67404019962929,7.385359430928496,0.2152364864864865,1.511069884143053,Water Tank + DSM
2024-03-06 23:00:00,148.577697545227,84.6,-0.05,207.2607160461907,58.683018500963705,52.72826117488235,48.479729729729726,1553.7129544406628,53.643025257463975,,68.94869486498693,97.80583024276388,23.739762954886807,7.7324852864002045,0.2159076082376765,1.7671849007757283,Water Tank + DSM
2024-03-07 00:00:00,143.46019497382272,86.7,-0.7,195.8761621786092,52.41596720478647,54.00425519477068,48.04054054054054,1431.352748703254,59.041618500654515,,65.84276126614746,37.36044545324536,22.670357253525143,55.762014188806795,0.213993617207844,1.1834886601500938,Water Tank + DSM
2024-03-07 01:00:00,158.72257000347747,85.7,-1.75,158.72257000347747,0.0,52.33108108108108,47.33108108108108,1136.3113017590686,58.97792965530307,,72.84760965364154,41.335130764989415,25.08220044475105,3.7020246400264374,0.21650337837837838,2.040717497459445,Water Tank + DSM
2024-03-07 02:00:00,150.39404925123827,90.1,-2.45,150.39404925123827,0.0,51.85810810810811,46.85810810810811,939.4897778910233,58.914350315669445,,69.02513608395273,39.1661859554063,23.76608247292539,3.5077713020223618,0.21721283783783785,2.1295187254008643,Water Tank + DSM
2024-03-07 03:00:00,169.24785138712448,85.5,-2.2,169.24785138712448,0.0,52.027027027027025,47.027027027027025,1207.8963060874048,58.850880293470965,,77.67831261991697,44.07616426968774,26.745462433239872,3.9475149381271994,0.21695945945945946,2.3177528954699556,Water Tank + DSM
2024-03-07 04:00:00,160.74562746737843,91.1,-2.5,160.74562746737843,0.0,51.82432432432432,46.82432432432432,977.7240073923227,58.787519400748806,,73.77611591733115,41.861983025594824,25.401894945789568,3.749210169969574,0.21726351351351353,2.2910474915949597,Water Tank + DSM
2024-03-07 05:00:00,162.12648054564198,88.1,-2.85,162.12648054564198,0.0,51.58783783783784,46.58783783783784,1060.7601096177445,58.72426744986723,,74.40987484671447,42.22158999614736,25.620104830451837,3.7814170081015175,0.21761824324324325,2.4163098548196604,Water Tank + DSM
2024-03-07 06:00:00,135.83628544290144,86.4,-3.2,179.73374653446245,43.89746109156103,54.33063962576917,46.351351351351354,1339.0315353662954,63.227917237984435,,62.34367738960071,35.374998157412286,21.465585764359954,47.0656889983311,0.21350404056134625,0.998506452045783,Water Tank + DSM
2024-03-07 07:00:00,124.19502281205294,84.7,-3.25,24.64438006421402,-99.55064274783892,51.317567567567565,46.317567567567565,176.36024569611166,52.80159746676447,,57.00078156836372,0.0,0.0,0.0,0.21802364864864865,1.9434185391484018,Water Tank + DSM
2024-03-07 08:00:00,116.61316938904545,85.2,-2.95,80.79136024450412,-35.821809144541334,51.520270270270274,46.520270270270274,573.0560454046821,49.022370326274626,,53.52099984231005,15.694747832708181,0.0,0.0,0.21771959459459458,1.759683684004598,Water Tank + DSM
2024-03-07 09:00:00,120.3030867712227,83.9,-2.3,108.16876279231576,-12.134323978906929,51.95945945945946,46.95945945945946,809.0220840486837,47.71368259566573,,55.21453127331665,31.329783930611818,9.682555170293606,0.0,0.2170608108108108,1.6698664998605763,Water Tank + DSM
2024-03-07 10:00:00,107.33542995654612,84.5,-1.25,107.33542995654612,0.0,52.66891891891892,47.66891891891892,805.5499730362809,47.66947084627304,,49.26287107944979,27.95269779762885,16.961726167454586,2.503477649323973,0.21599662162162162,1.2801689335916475,Water Tank + DSM
2024-03-07 11:00:00,115.16572791862964,79.8,0.25,115.16572791862964,0.0,53.682432432432435,48.682432432432435,1053.3951295269521,47.62533511394936,,52.8566793790575,29.991893547700567,18.199112274690634,2.6861105035787074,0.21447635135135135,1.0521336314236707,Water Tank + DSM
2024-03-07 12:00:00,104.75916828623063,83.2,2.0,104.75916828623063,0.0,54.864864864864856,49.864864864864856,883.2172234583228,47.58127526799197,,48.08046517132551,27.28177800956728,16.554611340548956,2.443389256208522,0.21270270270270272,0.6159497430056321,Water Tank + DSM
2024-03-07 13:00:00,106.29550870919671,78.6,3.4,106.29550870919671,0.0,55.81081081081081,50.81081081081081,1114.2607095034293,47.53729117792292,,48.78558686526539,27.681877581300842,16.797392177826,2.479222661005108,0.2112837837837838,0.3480917549305433,Water Tank + DSM
2024-03-07 14:00:00,79.6687050291792,77.4,4.25,79.6687050291792,0.0,56.385135135135144,51.385135135135144,905.6532133177299,47.49338271348861,,36.56489890158407,20.747624866371194,12.589680400662855,1.8581825448678013,0.21042229729729728,0.13489482973151767,Water Tank + DSM
2024-03-07 15:00:00,69.67900733695808,74.7,4.2,69.67900733695808,0.0,56.351351351351354,51.351351351351354,907.1908189456333,47.44954974465935,,31.980008434999114,18.146070088108555,11.011054248797576,1.6251841313327409,0.21047297297297296,0.12446273553080676,Water Tank + DSM
2024-03-07 16:00:00,50.489689672342074,75.3,4.4,50.489689672342074,0.0,56.48648648648649,51.48648648648649,641.1115007751731,47.40579214162908,,23.1728430600871,13.1487155534608,7.978654306865212,1.1776149745446005,0.21027027027027026,0.07139740834729472,Water Tank + DSM
2024-03-07 17:00:00,78.41529907653079,72.6,4.0,78.41529907653079,0.0,56.21621621621622,51.21621621621622,1143.37152254843,47.36210977481482,,35.98963334499636,20.421208157309568,12.391610401277873,1.82894826696669,0.2106756756756757,0.1692485460007934,Water Tank + DSM
2024-03-07 18:00:00,76.67579636342413,83.1,2.6,76.67579636342413,0.0,55.27027027027027,50.27027027027027,658.1881858090148,47.31850251485652,,35.19126790375466,19.96820029515901,12.11672475821291,1.7883763312604286,0.2120945945945946,0.36522829392004913,Water Tank + DSM
2024-03-07 19:00:00,89.18394464802154,76.0,2.8,89.18394464802154,0.0,55.4054054054054,50.4054054054054,1034.5088402338492,47.27497023261644,,40.932031197256364,23.225619482363356,14.093330117236947,2.0801147598258782,0.2118918918918919,0.39161997415753436,Water Tank + DSM
2024-03-07 20:00:00,89.81791758956086,77.3,2.0,89.81791758956086,0.0,54.864864864864856,49.864864864864856,956.3900914469551,47.23151279917895,,41.223000612476994,23.390721108675347,14.193513956220208,2.0949014625023605,0.21270270270270272,0.5281000619003832,Water Tank + DSM
2024-03-07 21:00:00,111.83962777055905,83.9,1.65,111.83962777055905,0.0,54.628378378378386,49.628378378378386,912.7455123186767,47.188130085850126,,51.330126190999515,29.125697993061195,17.67350390902849,2.6085329750452217,0.21305743243243241,0.730413822690842,Water Tank + DSM
2024-03-07 22:00:00,134.81042611422882,83.4,0.3,134.81042611422882,0.0,53.71621621621622,48.71621621621622,1084.938192979922,47.1448219641572,,61.87284706009525,35.10783999902159,21.303473915305844,3.1443008968189234,0.21442567567567566,1.2190623109948493,Water Tank + DSM
2024-03-07 23:00:00,136.84713271361287,85.7,-1.85,197.9649517206156,61.117819007002744,51.693734203942476,47.263513513513516,1390.8946171390191,53.45986893322077,,62.80761775671184,82.65567730911096,35.72571384358096,3.191804777428083,0.2174593986940863,1.999643483005771,Water Tank + DSM
2024-03-08 00:00:00,150.088130587774,87.1,-2.5,150.088130587774,0.0,51.82432432432432,46.82432432432432,1016.4166795180334,53.40577727069719,,69.24887977460044,39.29314241636276,23.843119785800265,4.125857229271755,0.21726351351351353,2.150458455703133,Water Tank + DSM
2024-03-08 01:00:00,152.48891615605274,88.8,-2.7,152.48891615605274,0.0,51.68918918918919,46.68918918918919,981.6091783369563,53.35177861262828,,70.35657370436861,39.92166919510331,24.224510490450385,4.191853777126826,0.2174662162162162,2.241902713444609,Water Tank + DSM
2024-03-08 02:00:00,133.93691166137052,86.9,-2.75,187.13076058245898,53.19384892108845,53.05466073199581,46.6554054054054,1321.009967985378,58.83179809716609,,61.79689930640696,35.06474578707779,21.277324302567752,56.875716188541865,0.2154180089020063,1.4628584008468095,Water Tank + DSM
2024-03-08 03:00:00,126.93789810508461,81.8,-1.7,163.37735017165505,36.43945206657043,54.756832439542066,47.36486486486486,1443.382264753028,62.5593827976866,,58.56763762927123,33.23240078175198,20.165455442908847,39.928919504897536,0.21286475134068691,0.7882621489358198,Water Tank + DSM
2024-03-08 04:00:00,123.3872975393814,85.8,-0.9,160.2634842777533,36.87618673837189,56.55443099743867,47.9054054054054,1309.2513973422542,66.32599339177212,,56.92943272433227,32.30285190173442,19.601404213354204,40.26804971620706,0.210168353503842,0.1521959433321777,Water Tank + DSM
2024-03-08 05:00:00,145.71457568654165,84.6,-0.5,174.7273436958455,29.01276800930384,57.15317200710008,48.17567567567567,1520.9115546787941,69.26807163888601,,67.23097351940905,38.14814370842428,23.148333376032358,33.018398122439216,0.20927024198934988,0.0,Water Tank + DSM
2024-03-08 06:00:00,129.1474321837117,87.3,-1.3,157.78073647929418,28.633304295582487,58.37415734293515,47.63513513513513,1303.1860056039327,72.1656146408166,,59.58709039458666,33.810857831522,20.516463783816285,32.183510861753504,0.20743876398559727,0.0,Water Tank + DSM
2024-03-08 07:00:00,119.74792760674264,81.7,-1.1,0.0,-119.74792760674264,81.7,47.77027027027027,0.0,56.451258836618294,,55.25027068844289,0.0,0.0,0.0,0.17245,0.0,Water Tank + DSM
2024-03-08 08:00:00,110.12772925421086,82.3,-0.7,60.26626466452372,-49.861464589687145,53.04054054054054,48.04054054054054,492.04945125279204,51.20535969347659,,50.81162549702527,0.0,0.0,0.0,0.2154391891891892,1.2071194273482488,Water Tank + DSM
2024-03-08 09:00:00,108.81465564071523,84.2,-0.25,91.81880440399681,-16.99585123671843,53.3445945945946,48.3445945945946,710.8879495915473,49.38721798303368,,50.205788936598644,28.487727472743842,3.2817989052312786,0.0,0.2149831081081081,1.101135073568913,Water Tank + DSM
2024-03-08 10:00:00,90.49941556805888,80.4,0.35,90.49941556805888,0.0,53.75,48.75,811.2399642519543,49.340128780095725,,41.75535482920202,23.69278910055931,14.376809128635491,2.4877894507985845,0.214375,0.8142294191694395,Water Tank + DSM
2024-03-08 11:00:00,84.5793187452039,76.5,0.9,84.5793187452039,0.0,54.12162162162163,49.12162162162163,902.8931247627085,49.293120541680544,,39.02389251080019,22.14290499801159,13.436337839279817,2.325048571963529,0.21381756756756756,0.6739531706594936,Water Tank + DSM
2024-03-08 12:00:00,97.4540274165568,81.6,1.35,97.4540274165568,0.0,54.42567567567568,49.42567567567568,856.7257359033504,49.24619312857878,,44.96413008604352,25.51350971812834,15.481624297683839,2.6789686963494086,0.21336148648648648,0.6945135228155095,Water Tank + DSM
2024-03-08 13:00:00,114.84511605490552,82.9,1.5,114.84511605490552,0.0,54.52702702702703,49.52702702702703,966.9598964477533,49.19934640182058,,52.988171704458686,30.066504814849797,18.244386469387482,3.1570421356176426,0.21320945945945946,0.7862298990742638,Water Tank + DSM
2024-03-08 14:00:00,114.82554569200319,80.5,1.6,114.82554569200319,0.0,54.5945945945946,49.5945945945946,1058.8852551962634,49.15258022267492,,52.97914217159382,30.061381284736854,18.241277505973088,3.156504154879633,0.2131081081081081,0.7646178897197589,Water Tank + DSM
2024-03-08 15:00:00,108.29226787679158,80.8,2.55,108.29226787679158,0.0,55.236486486486484,50.236486486486484,1011.9934014665996,49.1058944526494,,49.964765430489244,28.35096611310779,17.203395796527033,2.976907198083855,0.21214527027027028,0.5286812342172044,Water Tank + DSM
2024-03-08 16:00:00,107.46660940443525,80.6,2.4,107.46660940443525,0.0,55.13513513513513,50.13513513513513,1008.1680897804482,49.059288953489684,,49.58381642364125,28.1348083409074,17.072231034986878,2.9542102068978084,0.2122972972972973,0.5548027026861497,Water Tank + DSM
2024-03-08 17:00:00,105.54477654314607,79.8,2.4,105.54477654314607,0.0,55.13513513513513,50.13513513513513,1022.2539100614972,49.0127635871791,,48.697105580904356,27.631671603689405,16.766927138265963,2.9013798599999583,0.2122972972972973,0.544881127310661,Water Tank + DSM
2024-03-08 18:00:00,116.77649130391349,80.7,1.9,116.77649130391349,0.0,54.79729729729729,49.79729729729729,1076.988627088705,48.96631821593842,,53.87928529148532,30.57213975361217,18.55120627741018,3.210134798590721,0.21280405405405406,0.71208028398747,Water Tank + DSM
2024-03-08 19:00:00,111.94230762251011,84.4,1.2,111.94230762251011,0.0,54.32432432432432,49.32432432432432,889.1594293705546,48.91995270222515,,51.648850391331344,29.306548216717427,17.78324401329993,3.0772451982509965,0.21351351351351353,0.8291734360121847,Water Tank + DSM
2024-03-08 20:00:00,120.02811920277959,79.5,1.0,120.02811920277959,0.0,54.189189189189186,49.189189189189186,1132.863851845624,48.87366690873343,,55.37954776099906,31.42341745035478,19.067762471347013,3.2995206309073724,0.21371621621621623,0.9339685892665799,Water Tank + DSM
2024-03-08 21:00:00,99.22244315909886,83.5,0.9,99.22244315909886,0.0,54.12162162162163,49.12162162162163,806.8315502295641,48.827460698393395,,45.78005609343148,25.97648178228105,15.762556228912516,2.727581673585861,0.21381756756756756,0.7906339417216933,Water Tank + DSM
2024-03-08 22:00:00,101.34207629507158,79.3,0.8,101.34207629507158,0.0,54.054054054054056,49.054054054054056,958.9565411035519,48.78133393437086,,46.75802963220771,26.53140272343775,16.099282834574332,2.785849463738278,0.21391891891891893,0.8264797670125356,Water Tank + DSM
2024-03-08 23:00:00,104.73255743659972,80.2,0.75,154.54623455378464,49.81367711718493,53.22469424495108,49.02027027027027,1368.862217090562,53.91756163957962,,48.322357337725094,77.23270938089543,16.637897365066312,2.87905231111669,0.21516295863257337,1.0945900425278634,Water Tank + DSM
2024-03-09 00:00:00,104.35110847884859,84.3,1.0,152.53017723444538,48.179068755596795,54.93520689526943,49.189189189189186,1241.0668451717693,58.87490494965074,,53.41709139380838,30.309882072267623,18.392068042936977,53.70170239821919,0.21259718965709584,0.6617714519081889,Water Tank + DSM
2024-03-09 01:00:00,109.26067892341312,79.1,0.85,141.35427659977114,32.09359767635803,55.91643719055086,49.08783783783784,1456.722006833856,62.150302593253876,,55.93028916395762,31.73591868433106,19.25738854594175,37.87606333517287,0.21112534421417373,0.36362388755880465,Water Tank + DSM
2024-03-09 02:00:00,119.98225550725951,81.5,0.7,150.69347947385276,30.71122396659324,56.754737934236196,48.98648648648649,1454.9413449577319,65.27625601107897,,61.41863945188125,34.85011389147675,21.147085444538977,37.06111378033124,0.2098678930986457,0.09038197433022384,Water Tank + DSM
2024-03-09 03:00:00,139.5518495039368,87.2,0.75,174.34546014819904,34.79361064426222,57.82372508687336,49.02027027027027,1417.9343479731065,68.82153841088588,,71.4362694157462,40.53430924778841,24.596261113166346,42.1791933198582,0.20826441236968996,0.0,Water Tank + DSM
2024-03-09 04:00:00,135.0082592775677,84.3,0.75,159.59548065742436,24.587221379856647,58.50796456622532,49.02027027027027,1478.317539236232,71.29892238667865,,69.1104160739279,39.21457545718982,23.79544527305917,31.73234102052931,0.20723805315066202,0.0,Water Tank + DSM
2024-03-09 05:00:00,109.46378229208963,80.2,0.8,123.63385111680034,14.170068824710713,59.30127700689993,49.054054054054056,1413.3255711795828,72.68831765081379,,56.034257309242655,31.794912203832705,19.293185875082777,19.963283439747823,0.20604808448965012,0.0,Water Tank + DSM
2024-03-09 06:00:00,100.32980006137018,80.6,0.85,112.93428460611098,12.604484544740798,60.116902706063314,49.08783783783784,1317.2072802093448,73.91245139825877,,51.35859290356306,29.141850551695004,17.68330529844836,17.914296172557023,0.20482464594090502,0.0,Water Tank + DSM
2024-03-09 07:00:00,119.8871950217794,82.2,0.3,0.0,-119.8871950217794,82.2,48.71621621621622,0.0,56.922735357960526,,61.369978208940445,0.0,0.0,0.0,0.1717,0.0,Water Tank + DSM
2024-03-09 08:00:00,116.78189643424355,85.8,0.1,64.23151078471372,-52.55038564952984,53.58108108108108,48.58108108108108,476.25324656521167,51.39640075343254,,59.780383034787704,8.133681984309167,0.0,0.0,0.2146283783783784,1.2263056952271318,Water Tank + DSM
2024-03-09 09:00:00,107.09801878536156,79.9,0.6,92.10205712393636,-14.995961661425193,53.91891891891892,48.91891891891892,846.8624724734578,49.78596970727183,,54.823228434732464,31.10775119572193,9.548264151810903,0.0,0.21412162162162163,1.0134888716042432,Water Tank + DSM
2024-03-09 10:00:00,97.73311047409636,79.2,1.05,97.73311047409636,0.0,54.222972972972975,49.222972972972975,934.7635153485951,49.738194896147036,,50.02935350182856,28.387614623434523,17.22563415080352,5.172385533516205,0.21366554054054054,0.8335972009156023,Water Tank + DSM
2024-03-09 11:00:00,86.35550208094831,82.3,1.7,86.35550208094831,0.0,54.66216216216216,49.66216216216216,746.4259425925559,49.690502228370164,,44.20518204606544,25.082868045388732,15.220310481672726,4.5702418303918755,0.21300675675675676,0.6200672832948101,Water Tank + DSM
2024-03-09 12:00:00,81.37474559861303,75.5,2.75,81.37474559861303,0.0,55.37162162162163,50.37162162162163,965.7876154417708,49.64289156270511,,41.65554430761117,23.63615469647529,14.342443313189527,4.306642394640506,0.21194256756756755,0.40698592614057777,Water Tank + DSM
2024-03-09 13:00:00,68.79307234705938,76.1,3.55,68.79307234705938,0.0,55.91216216216217,50.91216216216217,814.0586103958292,49.59536275815862,,35.21501483205221,19.98167475768583,12.124901076122837,3.6407752755231595,0.21113175675675674,0.22984935356596106,Water Tank + DSM
2024-03-09 14:00:00,81.1825150125462,77.4,4.0,81.1825150125462,0.0,56.21621621621622,51.21621621621622,915.5029381600101,49.54791567397977,,41.557141914629426,23.5803192915687,14.308562331277473,4.296468864936518,0.2106756756756757,0.19543088359852723,Water Tank + DSM
2024-03-09 15:00:00,77.14452246866351,78.2,3.5,77.14452246866351,0.0,55.87837837837837,50.87837837837837,825.6198558240937,49.50055016965971,,39.490102858615764,22.407441690190957,13.59685897990372,4.082763866526988,0.21118243243243245,0.2657577192377131,Water Tank + DSM
2024-03-09 16:00:00,82.86613931172373,75.1,3.6,82.86613931172373,0.0,55.945945945945944,50.945945945945944,1033.515925485045,49.45326610493116,,42.418985304440966,24.06934575909701,14.605304101639133,4.385572280623367,0.2110810810810811,0.26827142057403264,Water Tank + DSM
2024-03-09 17:00:00,90.02754535380399,79.4,3.2,90.02754535380399,0.0,55.67567567567568,50.67567567567568,906.5303167168308,49.40606333976799,,46.08489251553218,26.149451814233693,15.86751462464223,4.764579485367037,0.2114864864864865,0.36618806485314714,Water Tank + DSM
2024-03-09 18:00:00,99.67338565528844,80.6,2.65,99.67338565528844,0.0,55.304054054054056,50.304054054054056,941.3021742679985,49.358941734384906,,51.0225758853156,28.951188051517466,17.567611094553378,5.275071831225909,0.2120439189189189,0.5191891843465215,Water Tank + DSM
2024-03-09 19:00:00,114.58809887741974,78.6,2.15,114.58809887741974,0.0,54.96621621621622,49.96621621621622,1158.2625968032628,49.3119011492369,,58.65738313281614,33.283324101573136,20.19635576646965,6.064411764565507,0.21255067567567568,0.715778607688283,Water Tank + DSM
2024-03-09 20:00:00,115.64975123964432,84.3,1.75,115.64975123964432,0.0,54.695945945945944,49.695945945945944,933.2420315961551,49.2649414450189,,59.20084052476994,33.59169224801495,20.383473879239265,6.120598202235974,0.21295608108108108,0.8184116196870228,Water Tank + DSM
2024-03-09 21:00:00,115.64824968764135,81.7,1.5,115.64824968764135,0.0,54.52702702702703,49.52702702702703,1016.723082464755,49.21806248266529,,59.200071883768,33.591256106369705,20.3832092280342,6.120518734736983,0.21320945945945946,0.8784010665996911,Water Tank + DSM
2024-03-09 22:00:00,118.02970595630842,79.4,1.0,118.02970595630842,0.0,54.189189189189186,49.189189189189186,1118.4209351926297,49.171264123349694,,60.41913384686666,34.282975243001516,20.802945121337928,6.246553912508387,0.21371621621621623,1.0189605275795903,Water Tank + DSM
2024-03-09 23:00:00,113.058352458467,85.7,0.7,170.9684695971016,57.91011713863459,53.40321869556021,48.98648648648649,1264.8175087907637,55.14911960149926,,57.87430947445522,90.74911022892454,19.926735245557595,5.983452116305498,0.2148951719566597,1.2489674059504978,Water Tank + DSM
2024-03-10 00:00:00,125.39798822161839,81.1,0.55,166.55782424033555,41.15983601871715,54.814496640549365,48.88513513513513,1513.9126418146536,59.37411251827031,,57.840477442989105,32.81979614681647,19.915086520242912,53.72769941895125,0.21277825503917597,0.7584633465832882,Water Tank + DSM
2024-03-10 01:00:00,109.19484073750081,83.1,0.2,146.83544544691148,37.64060470941067,56.09083492632991,48.64864864864865,1298.8940738859837,63.22572449350977,,50.366690982362634,28.579026379236875,17.34178300379282,48.584527031145626,0.21086374761050514,0.2747498179049898,Water Tank + DSM
2024-03-10 02:00:00,121.38461669877567,82.0,-0.05,151.18568239343983,29.80106569466415,56.739464896914264,48.479729729729726,1429.9136540586464,66.25514225736404,,55.98928885272989,31.769396239217087,19.277702761150735,41.96669373379873,0.20989080265462862,0.08752305085765831,Water Tank + DSM
2024-03-10 03:00:00,118.12002960294832,84.8,-0.3,147.56181020965454,29.441780606706217,57.873366103407065,48.31081081081081,1309.2847305692615,69.24197385564925,,54.48348099285291,30.914971981634697,18.75923723081568,41.280219308432805,0.2081899508448894,0.0,Water Tank + DSM
2024-03-10 04:00:00,121.42268374499785,82.8,-0.7,142.96793288369665,21.545249138698793,58.18962782055893,48.04054054054054,1387.8819135984434,71.40216899086816,,56.0068474767522,31.779359339220857,19.283748380620683,33.71469240201483,0.2077155582691616,0.0,Water Tank + DSM
2024-03-10 05:00:00,117.96246808957768,83.5,-1.05,137.19730717926566,19.234839089687988,58.877791944105496,47.804054054054056,1331.2158214225497,73.31829076663094,,54.410804921336585,30.873734184898524,18.734214092761096,31.057486377172125,0.20668331208384175,0.0,Water Tank + DSM
2024-03-10 06:00:00,120.71047995787953,84.6,-1.5,138.65497974557368,17.944499787694145,59.342463322569756,47.5,1311.5115558075527,75.09688000615218,,55.67833975770629,31.59295775942115,19.17063970765346,30.04256327820384,0.20598630501614537,0.0,Water Tank + DSM
2024-03-10 07:00:00,136.27021971170763,84.2,-1.75,0.0,-136.27021971170763,84.2,47.33108108108108,0.0,56.25321414881043,,62.855351040052504,0.0,0.0,0.0,0.1687,0.0,Water Tank + DSM
2024-03-10 08:00:00,127.35135043922163,88.1,-2.0,71.03822905292279,-56.31312138629884,52.16216216216216,47.16216216216216,472.21628201507673,50.336604179385276,,58.74147597484425,10.006865217965217,0.0,0.0,0.21675675675675676,1.705090410729263,Water Tank + DSM
2024-03-10 09:00:00,129.12998371684986,82.5,-1.7,110.51625009466062,-18.613733622189248,52.36486486486486,47.36486486486486,876.100187364339,48.35168675685054,,59.56187986993855,33.79655289635751,14.835948097531668,0.0,0.2164527027027027,1.6564641725991023,Water Tank + DSM
2024-03-10 10:00:00,115.78504481254119,84.2,-0.95,115.78504481254119,0.0,52.871621621621614,47.871621621621614,882.9077491734263,48.30637803194758,,53.40645705479275,30.303847944368304,18.388406527836406,11.60441764362479,0.21569256756756758,1.3228923754248012,Water Tank + DSM
2024-03-10 11:00:00,119.02132879913165,83.5,-0.25,119.02132879913165,0.0,53.3445945945946,48.3445945945946,942.8886308432204,48.261147210238086,,54.89920995761183,31.150864568952354,18.902377098744772,11.928770335758507,0.2149831081081081,1.2040732129892426,Water Tank + DSM
2024-03-10 12:00:00,120.778503057195,81.7,0.7,120.778503057195,0.0,53.98648648648649,48.98648648648649,1041.115301796904,48.21599415777643,,55.70971576777914,31.610761109255304,19.181442798894835,12.104881024286607,0.21402027027027026,1.0072918878011943,Water Tank + DSM
2024-03-10 13:00:00,100.10415935731037,82.9,1.65,100.10415935731037,0.0,54.628378378378386,49.628378378378386,845.8671891413051,48.17091874084725,,46.173566684522754,26.19976723828301,15.898046076414882,10.032819652373417,0.21305743243243241,0.6570373745784094,Water Tank + DSM
2024-03-10 14:00:00,102.09021963976208,76.4,2.4,102.09021963976208,0.0,55.13513513513513,50.13513513513513,1146.8913757211365,48.12592082596508,,47.08964736968132,26.71956898733625,16.213462319692585,10.231870168960418,0.2122972972972973,0.5268949732715709,Water Tank + DSM
2024-03-10 15:00:00,81.073161877461,81.2,2.25,81.073161877461,0.0,55.03378378378378,50.03378378378378,740.1793440886938,48.08100027987394,,37.395419633986265,21.218878257389814,12.87563744966799,8.125460690009202,0.21244932432432434,0.44116488297932477,Water Tank + DSM
2024-03-10 16:00:00,90.55031660284419,76.9,2.4,90.55031660284419,0.0,55.13513513513513,50.13513513513513,993.8818829510448,48.03615696954704,,41.7668067821474,23.699287158282306,14.380752156836767,9.075297188191275,0.2122972972972973,0.4673367029137586,Water Tank + DSM
2024-03-10 17:00:00,76.30295291061663,79.1,2.05,76.30295291061663,0.0,54.898648648648646,49.898648648648646,753.1864609502609,47.991390762186235,,35.195135817171895,19.970395023409523,12.118056521603574,7.647372201221656,0.21265202702702704,0.44374407726245163,Water Tank + DSM
2024-03-10 18:00:00,90.02153610307877,78.1,1.35,90.02153610307877,0.0,54.42567567567568,49.42567567567568,908.3842643123404,47.94670152522179,,41.522904013030235,23.560892049598095,14.29677386059461,9.022300794995443,0.21336148648648648,0.6413605309039667,Water Tank + DSM
2024-03-10 19:00:00,97.09207319134205,82.0,0.15,97.09207319134205,0.0,53.61486486486487,48.61486486486487,817.1345702800396,47.90208912631189,,44.784226198205495,25.41142880203142,15.419681491365312,9.730936918682971,0.21457770270270268,0.9096039456203074,Water Tank + DSM
2024-03-10 20:00:00,130.42693951332888,82.8,-0.85,130.42693951332888,0.0,52.939189189189186,47.939189189189186,1043.4376031425982,47.857553433342254,,60.16010750943003,34.13599873161801,20.713759620990757,13.071884029089395,0.2155912162162162,1.4657928897230057,Water Tank + DSM
2024-03-10 21:00:00,140.8924462855513,88.6,-1.45,140.8924462855513,0.0,52.53378378378379,47.53378378378379,933.2283076812442,47.8130943144257,,64.98737720468517,36.87508413249729,22.375839498051068,14.12077692914982,0.21619932432432432,1.7414860675255477,Water Tank + DSM
2024-03-10 22:00:00,153.9056527919164,86.0,-1.85,153.9056527919164,0.0,52.263513513513516,47.263513513513516,1089.821814238148,47.76871163790185,,70.98978671752461,40.28096640231905,24.44253241039693,15.425009988152265,0.21660472972972972,2.0174529927966782,Water Tank + DSM
2024-03-10 23:00:00,133.7538869386873,87.1,-2.35,196.10216160041998,62.34827466173269,51.64679468036524,46.92567567567568,1321.5805827728389,54.2106941107109,,61.69467939722134,93.99625062453325,24.60089719702229,13.405323355945011,0.21752980797945215,1.981585715654198,Water Tank + DSM
2024-03-11 00:00:00,141.37011440749518,84.1,-2.7,188.76831632900394,47.398201921508765,53.10674128059464,46.68918918918919,1455.1734410666077,59.086297385834804,,59.5656012115134,33.79866445693375,20.509064831403162,60.862785394996834,0.21533988807910803,1.391425777760082,Water Tank + DSM
2024-03-11 01:00:00,154.18944908482902,88.7,-3.0,154.18944908482902,0.0,51.486486486486484,46.486486486486484,989.8166543647394,59.02253172022757,,64.96696472025305,36.86350169736659,22.368811264337754,14.6855416835098,0.21777027027027027,2.1491774275024262,Water Tank + DSM
2024-03-11 02:00:00,173.16828718521572,91.0,-3.2,173.16828718521572,0.0,51.351351351351354,46.351351351351354,1043.3757713254233,58.958875692421785,,72.9636046500116,41.4009485504437,25.122138745587204,16.493152513447164,0.21797297297297297,2.4728746008409326,Water Tank + DSM
2024-03-11 03:00:00,157.0631733771125,89.4,-3.35,157.0631733771125,0.0,51.25,46.25,983.514125141049,58.89532911390778,,66.17779429270843,37.55054961766932,22.785712658702725,14.959245222446668,0.218125,2.2831339030984403,Water Tank + DSM
2024-03-11 04:00:00,140.38340583416445,84.8,-3.55,181.47520381936445,41.091797985199996,54.02279522707068,46.11486486486487,1408.7563900452471,63.106802804953034,,59.1498564153991,33.56276288660145,20.365919512571413,54.46240388778987,0.21396580715939398,1.0566074090280606,Water Tank + DSM
2024-03-11 05:00:00,135.44040052440357,86.9,-3.7,173.19279744758964,37.75239692318607,55.42811999089367,46.013513513513516,1314.7802325074865,66.96362710654856,,57.06714548104338,32.380992760902295,19.648820168167962,50.65221373515297,0.2118578200136595,0.5382162309504884,Water Tank + DSM
2024-03-11 06:00:00,143.2786742907657,88.5,-3.9,177.46090105069044,34.18222675992472,56.45253436884697,45.87837837837838,1322.9692597900146,70.4424041446216,,60.369763515347245,34.254961570089414,20.785946395407436,47.82858814291052,0.21032119844672956,0.19830222411293283,Water Tank + DSM
2024-03-11 07:00:00,170.21049793291942,87.2,-4.05,0.8556480519317802,-169.35484988098764,50.777027027027025,45.777027027027025,5.61203731906842,52.74324981355217,,71.71735472082119,0.0,0.0,0.0,0.21883445945945945,2.677770960724717,Water Tank + DSM
2024-03-11 08:00:00,164.06611076103633,94.1,-4.05,117.24323036682168,-46.82288039421464,50.777027027027025,45.777027027027025,646.5026362380986,47.8199679104048,,69.12844745775878,31.829809523419442,0.0,0.0,0.21883445945945945,2.5811067611592917,Water Tank + DSM
2024-03-11 09:00:00,163.68384578247486,86.7,-3.55,163.68384578247486,0.0,51.11486486486487,46.11486486486487,1098.8488978287496,47.77557341551533,,68.96738199236285,39.13341517624921,23.746197129965623,15.589821187007777,0.2183277027027027,2.4352941776492427,Water Tank + DSM
2024-03-11 10:00:00,128.23944804279284,86.1,-2.35,128.23944804279284,0.0,51.92567567567568,46.92567567567568,896.4425852686824,47.73125525190493,,54.03305963015196,30.659394262405346,18.60415240431859,12.213972946142535,0.21711148648648648,1.6450876127936804,Water Tank + DSM
2024-03-11 11:00:00,124.50319623495865,83.2,-1.15,124.50319623495865,0.0,52.736486486486484,47.736486486486484,976.3404563826663,47.6870132883307,,52.45880833846985,29.766133889031096,18.062121078429985,11.858119273989837,0.21589527027027028,1.3419530295232902,Water Tank + DSM
2024-03-11 12:00:00,127.10682061602051,83.6,-0.05,127.10682061602051,0.0,53.479729729729726,48.479729729729726,1008.1166025652121,47.6428473937753,,53.55583264404459,30.38860651838575,18.439838118920605,12.106097553977405,0.2147804054054054,1.1311860327384025,Water Tank + DSM
2024-03-11 13:00:00,124.27713221753585,84.4,1.2,124.27713221753585,0.0,54.32432432432432,49.32432432432432,987.1351262383,47.59875743744675,,52.36355737848785,29.712086667645703,18.02932516814298,11.836588147374437,0.21351351351351353,0.8406473806168053,Water Tank + DSM
2024-03-11 14:00:00,112.27695756327756,80.2,2.25,112.27695756327756,0.0,55.03378378378378,50.03378378378378,1065.794533118149,47.55474328877791,,47.307342909680976,26.84309361162556,16.28841719049975,10.693649599111296,0.21244932432432434,0.5580987886506962,Water Tank + DSM
2024-03-11 15:00:00,85.28860691176479,78.3,3.1,85.28860691176479,0.0,55.60810810810811,50.60810810810811,897.885774485273,47.5108048174261,,35.93593432730759,20.39073830485085,12.37312126303765,8.123184818191563,0.21158783783783783,0.30011361370643275,Water Tank + DSM
2024-03-11 16:00:00,91.64951705312687,75.8,3.5,91.64951705312687,0.0,55.87837837837837,50.87837837837837,1099.0217052512298,47.46694189327283,,38.616072476807155,21.91150008968538,13.295921099641646,8.729020117432048,0.21118243243243245,0.25987573099256855,Water Tank + DSM
2024-03-11 17:00:00,93.16322959622896,80.9,3.5,93.16322959622896,0.0,55.87837837837837,50.87837837837837,889.467038865902,47.423154386423285,,39.253867799172006,22.27339738702425,13.515520756985794,8.873191387129934,0.21118243243243245,0.2641679211349699,Water Tank + DSM
2024-03-11 18:00:00,106.34048005266666,78.9,2.75,106.34048005266666,0.0,55.37162162162163,50.37162162162163,1079.7106787411242,47.379442167205994,,44.80603735807835,25.42380487243053,15.427191303786946,10.128238746081193,0.21194256756756755,0.4377670947282502,Water Tank + DSM
2024-03-11 19:00:00,84.5123776481591,80.8,1.3,84.5123776481591,0.0,54.39189189189189,49.39189189189189,764.5111204690339,47.33580510617248,,35.60887395136868,20.20515797528672,12.260510925569625,8.049254031913378,0.21341216216216216,0.5572307572389865,Water Tank + DSM
2024-03-11 20:00:00,93.80429662792426,77.7,0.05,93.80429662792426,0.0,53.5472972972973,48.5472972972973,927.8072710852689,47.292243074096795,,39.52397823460493,22.426663228178036,13.60852262919491,8.934248850346536,0.21467905405405405,0.8187872788330992,Water Tank + DSM
2024-03-11 21:00:00,98.80966161110722,83.7,-0.75,98.80966161110722,0.0,53.00675675675676,48.00675675675676,769.0550119506705,47.248755941975155,,41.63296411012702,23.623342259387176,14.334668713006042,9.410977294075998,0.21548986486486488,0.9975033157737186,Water Tank + DSM
2024-03-11 22:00:00,107.91899735146889,83.8,-1.25,107.91899735146889,0.0,52.66891891891892,47.66891891891892,828.1413599158737,47.205343581025616,,45.47113784498114,25.8011956437777,15.65619241731303,10.278582247061912,0.21599662162162162,1.1816351091337667,Water Tank + DSM
2024-03-11 23:00:00,121.20302146641524,81.1,-1.65,174.9372431231243,53.73422165670907,51.70651580776279,47.398648648648646,1421.9873960117764,52.752147568337115,,51.06829595885383,77.06593022525318,23.228774927659273,11.543799102188405,0.21744022628835583,1.6219753042961045,Water Tank + DSM
2024-03-12 00:00:00,123.15674723377158,88.0,-2.05,179.04249981234705,55.88575257857548,53.31548696211099,47.12837837837838,1233.3493278379376,58.513245252852556,,55.54028615278162,31.514623496440244,19.123106395204307,69.41364728271542,0.21502676955683353,1.2278334507480624,Water Tank + DSM
2024-03-12 01:00:00,157.72226569344772,85.0,-2.35,157.72226569344772,0.0,51.92567567567568,46.92567567567568,1139.2074131354852,58.45046488513867,,71.12837880210772,40.35960620898495,24.490251127072703,17.32467161339792,0.21711148648648648,2.165570776231738,Water Tank + DSM
2024-03-12 02:00:00,160.96504125524922,90.6,-2.5,160.96504125524922,0.0,51.82432432432432,46.82432432432432,991.6832251920567,58.38779246111872,,72.59078087651322,41.18940119146893,24.993771587599237,17.680867496567362,0.21726351351351353,2.2542380331652354,Water Tank + DSM
2024-03-12 03:00:00,158.9402795385295,88.7,-1.9,158.9402795385295,0.0,52.229729729729726,47.229729729729726,1041.107959455072,58.32522779519583,,71.67766935267319,40.671284201489435,24.679377657884032,17.458461790668313,0.2166554054054054,2.051531130931918,Water Tank + DSM
2024-03-12 04:00:00,154.25103756017208,84.3,-2.2,154.25103756017208,0.0,52.027027027027025,47.027027027027025,1141.7996240966982,58.26277070209219,,69.5629509375851,39.47135241739379,23.95125780023,16.94338183646133,0.21695945945945946,2.0756080495971347,Water Tank + DSM
2024-03-12 05:00:00,159.5510087940404,89.3,-2.45,159.5510087940404,0.0,51.85810810810811,46.85810810810811,1017.9877348681855,58.20042099684863,,71.95309135248101,40.82756392613297,24.77420835773704,17.525546065357762,0.21721283783783785,2.2198501021312707,Water Tank + DSM
2024-03-12 06:00:00,162.81566677324793,90.8,-3.15,162.81566677324793,0.0,51.38513513513514,46.38513513513514,986.8176900355197,58.13817849482393,,73.42536179180962,41.662958408126585,25.281126600404132,17.884145576791102,0.21792229729729728,2.473640904688937,Water Tank + DSM
2024-03-12 07:00:00,144.39819828520916,85.6,-2.85,69.45820470508679,-74.93999358012238,51.58783783783784,46.58783783783784,487.8542455937588,50.280845041038184,,65.11959298083366,0.29259246641508696,0.0,0.0,0.21761824324324325,2.1146267828776115,Water Tank + DSM
2024-03-12 08:00:00,108.97811541177113,85.1,-3.25,87.5711169233483,-21.406998488422833,51.317567567567565,46.317567567567565,619.2567485143528,48.005393361549636,,49.14611542047033,27.886448397622257,7.485000090916685,0.0,0.21802364864864865,1.6756168811600902,Water Tank + DSM
2024-03-12 09:00:00,111.56382331885987,81.1,-2.15,111.56382331885987,0.0,52.060810810810814,47.060810810810814,917.7823026907635,47.96068004870997,,50.31219815887379,28.548106106143848,17.323020549842084,12.254494281048663,0.21690878378378378,1.491008791383921,Water Tank + DSM
2024-03-12 10:00:00,102.65598524865136,85.0,-0.9,102.65598524865136,0.0,52.9054054054054,47.9054054054054,764.1052036512888,47.91604361532055,,46.29500960417027,26.2686762798834,15.939860154703481,11.27603148333793,0.2156418918918919,1.137355776491643,Water Tank + DSM
2024-03-12 11:00:00,115.80968694147558,80.7,0.1,115.80968694147558,0.0,53.58108108108108,48.58108108108108,1020.1717449812054,47.87148392919591,,52.226965200570206,29.63458164637534,17.98229504042836,12.720872269303399,0.2146283783783784,1.0713585564116972,Water Tank + DSM
2024-03-12 12:00:00,100.06502184083341,82.3,1.15,100.06502184083341,0.0,54.29054054054054,49.29054054054054,853.4505111188324,47.82700085837788,,45.12655678031933,25.605673739426194,15.537549521898807,10.991432539711155,0.21356418918918918,0.7336114568476236,Water Tank + DSM
2024-03-12 13:00:00,95.14439844496026,79.1,1.95,95.14439844496026,0.0,54.83108108108108,49.83108108108108,936.555610533578,47.78259427113516,,42.9074917465692,24.346533682776546,14.77350202272768,10.450936978783853,0.21275337837837838,0.5583772236749479,Water Tank + DSM
2024-03-12 14:00:00,81.57555190534175,77.6,2.65,81.57555190534175,0.0,55.304054054054056,50.304054054054056,874.0472161403767,47.73826403596296,,36.78831730829743,20.874396754985117,12.666605714847837,8.960495477465455,0.2120439189189189,0.3743459855830802,Water Tank + DSM
2024-03-12 15:00:00,71.52835334138268,77.4,3.2,71.52835334138268,0.0,55.67567567567568,50.67567567567568,786.5615731008593,47.69401002158258,,32.257308688713785,18.303415570039377,11.106531651283685,7.856882014966068,0.2114864864864865,0.2563148312022119,Water Tank + DSM
2024-03-12 16:00:00,71.68692086684896,75.4,3.45,71.68692086684896,0.0,55.8445945945946,50.8445945945946,875.737362684712,47.64983209694103,,32.32881825629126,18.343991470069817,11.131153149727128,7.874299532367141,0.2112331081081081,0.2241173481821268,Water Tank + DSM
2024-03-12 17:00:00,72.65797486590202,77.2,3.35,72.65797486590202,0.0,55.777027027027025,50.777027027027025,810.2225478350061,47.605730131210684,,32.76673674787692,18.59247482045241,11.281933105811321,7.980962923097078,0.21133445945945947,0.2404370007310433,Water Tank + DSM
2024-03-12 18:00:00,85.97647616311833,78.4,2.2,85.97647616311833,0.0,55.0,50.0,877.7373108072729,47.56170399378883,,38.77301240705368,22.000550815849657,13.349957173123597,9.443905776107796,0.2125,0.46527614888464414,Water Tank + DSM
2024-03-12 19:00:00,95.59482768444664,79.5,2.55,95.59482768444664,0.0,55.236486486486484,50.236486486486484,941.1990517581115,47.51775355429733,,43.11062287348315,24.46179417976951,14.843442212475132,10.50041343427899,0.21214527027027028,0.45615699608023447,Water Tank + DSM
2024-03-12 20:00:00,100.61693888981499,80.8,1.8,100.61693888981499,0.0,54.729729729729726,49.729729729729726,921.9902808149917,47.47387868258223,,45.375456101887565,25.74690398779338,15.623248183856546,11.05205671087305,0.21290540540540542,0.6180872939284153,Water Tank + DSM
2024-03-12 21:00:00,120.00440944915802,81.7,-0.8,120.00440944915802,0.0,52.972972972972975,47.972972972972975,997.9465867410152,47.43007924871332,,54.118669014133665,30.70797066866519,18.63362861828347,13.181632769004656,0.21554054054054053,1.3076240567198776,Water Tank + DSM
2024-03-12 22:00:00,128.69439112812537,87.0,-1.15,128.69439112812537,0.0,52.736486486486484,47.736486486486484,897.2810593613947,47.38635512298383,,58.03761036288607,32.93165314611635,19.982961464041672,14.136165588151243,0.21589527027027028,1.484664816445181,Water Tank + DSM
2024-03-12 23:00:00,157.74953499102674,85.7,-2.25,157.74953499102674,0.0,51.99324324324324,46.99324324324324,1118.025983076673,47.34270617590999,,71.14067650097311,40.36658415916241,24.49448535451569,17.32766695222093,0.21701013513513515,2.137104376508963,Water Tank + DSM
2024-03-13 00:00:00,156.77232973715124,90.7,-3.2,156.77232973715124,0.0,51.351351351351354,46.351351351351354,951.788309747342,47.29913227823063,,79.36973136020889,45.035907700402014,18.148931631360547,0.0,0.21797297297297297,2.6899903547486996,Water Tank + DSM
2024-03-13 01:00:00,162.3872366300036,88.1,-3.4,162.3872366300036,0.0,51.21621621621622,46.21621621621622,1051.7613319806358,47.25563330090688,,82.21241190495472,46.64889915748391,18.798947877758675,0.0,0.21817567567567567,2.852992888809779,Water Tank + DSM
2024-03-13 02:00:00,140.0084810380436,87.9,-3.5,204.43636202508745,64.42788098704384,50.98691219203604,46.148648648648646,1323.2562791546873,53.91484593700953,,70.88263309457628,40.22016538170122,16.208245131206574,64.42788098704384,0.21851963171194594,2.5573409811442764,Water Tank + DSM
2024-03-13 03:00:00,137.20624729538673,83.8,-1.4,184.5974630281328,47.391215732746076,53.64615339178648,47.567567567567565,1462.638751671836,58.79023108099862,,69.46393542174019,39.415169114816365,15.883841273103297,47.391215732746076,0.21453076991232028,1.397828305244199,Water Tank + DSM
2024-03-13 04:00:00,130.71303405853945,86.1,-1.3,174.0307887397933,43.31775468125387,55.215243282495585,47.63513513513513,1346.2767621414653,63.23345876850263,,66.17659134043964,37.54986703948218,15.132146868223499,43.31775468125386,0.21217713507625663,0.7086546956183648,Water Tank + DSM
2024-03-13 05:00:00,142.08849189765533,84.9,-1.35,176.47179510169065,34.383303204035315,56.10320147690838,47.601351351351354,1464.1053159191297,66.73956785757305,,71.93568820596292,40.817689047046784,16.449040014760786,34.383303204035315,0.21084519778463742,0.38707091364412016,Water Tank + DSM
2024-03-13 06:00:00,150.63743604655062,86.6,-1.3,150.63743604655062,0.0,52.63513513513513,47.63513513513513,1059.5069260531109,66.66264326481202,,76.26379509605562,43.27353989949669,17.438718506741843,0.0,0.2160472972972973,1.9972869580561619,Water Tank + DSM
2024-03-13 07:00:00,144.06981252250912,88.3,-1.3,15.243214379454145,-128.82659814305498,52.63513513513513,47.63513513513513,102.10258810271667,53.18557633722621,,72.93877903198272,0.0,0.0,0.0,0.2160472972972973,1.9102074832970632,Water Tank + DSM
2024-03-13 08:00:00,140.56792310927202,83.2,-1.35,103.4153778272732,-37.15254528199882,52.601351351351354,47.601351351351354,807.3905317688212,49.2674138150515,,71.16586398729468,19.50134033512705,0.0,0.0,0.21609797297297298,1.878201788745762,Water Tank + DSM
2024-03-13 09:00:00,127.5286713930668,85.4,-0.8,127.5286713930668,0.0,52.972972972972975,47.972972972972975,939.5101527797775,49.22053060173912,,64.56443178565215,36.63509679062973,14.763505409606298,0.0,0.21554054054054053,1.5600162707127834,Water Tank + DSM
2024-03-13 10:00:00,129.34079886369295,83.9,0.25,129.34079886369295,0.0,53.682432432432435,48.682432432432435,1022.5317764333772,49.17372799877382,,65.48186454164423,37.15566573060347,14.973288460141081,0.0,0.21447635135135135,1.3034430604032685,Water Tank + DSM
2024-03-13 11:00:00,107.85511091663813,81.6,1.8,107.85511091663813,0.0,54.729729729729726,49.729729729729726,958.8915047734603,49.127005867555255,,54.604222528502014,30.98348304450349,12.485972731289992,0.0,0.21290540540540542,0.7437980582260825,Water Tank + DSM
2024-03-13 12:00:00,85.70208673991851,76.5,4.05,85.70208673991851,0.0,56.25,51.25,1011.0372227226383,49.08036406972141,,43.38872563137465,24.61959501796042,9.92140204534525,0.0,0.210625,0.1952492653411859,Water Tank + DSM
2024-03-13 13:00:00,65.44402805547864,74.3,5.75,65.44402805547864,0.0,57.398648648648646,52.398648648648646,925.0162624850617,49.03380246714814,,33.13260021460532,18.800072767883414,7.576204250144903,0.0,0.20890202702702704,0.0,Water Tank + DSM
2024-03-13 14:00:00,58.81119232253222,72.8,6.55,58.81119232253222,0.0,57.93918918918919,52.93918918918919,945.4057838793343,48.98732092194891,,29.774568914292274,16.894661408865286,6.808346284130617,0.0,0.2080912162162162,0.0,Water Tank + DSM
2024-03-13 15:00:00,54.561997980628846,73.1,6.3,54.561997980628846,0.0,57.770270270270274,52.770270270270274,850.2693869766997,48.94091929647411,,27.623312924286605,15.673997504055803,6.316433344335265,0.0,0.2083445945945946,0.0,Water Tank + DSM
2024-03-13 16:00:00,60.92851421210574,73.0,6.0,60.92851421210574,0.0,57.567567567567565,52.567567567567565,943.1634871002381,48.89459745331089,,30.846513624562892,17.502903394876142,7.053460522592729,0.0,0.20864864864864865,0.0,Water Tank + DSM
2024-03-13 17:00:00,63.110617045827055,75.2,5.55,63.110617045827055,0.0,57.26351351351351,52.26351351351351,840.5544035742626,48.84835525528267,,31.951255233003558,18.12975496987682,7.306074202622907,0.0,0.20910472972972974,0.0,Water Tank + DSM
2024-03-13 18:00:00,77.32650637395096,74.9,4.75,77.32650637395096,0.0,56.72297297297297,51.72297297297297,1016.2634634099121,48.80219256544869,,39.148388291569525,22.213546291559275,8.951793213928562,0.0,0.20991554054054054,0.06507096972788015,Water Tank + DSM
2024-03-13 19:00:00,79.97806796301091,77.7,4.6,79.97806796301091,0.0,56.621621621621614,51.621621621621614,906.4304538998753,48.75610924710366,,40.49080459272158,22.975259045251526,9.258754334407381,0.0,0.2100675675675676,0.09192506988618059,Water Tank + DSM
2024-03-13 20:00:00,85.92159851872066,76.3,5.0,85.92159851872066,0.0,56.891891891891895,51.891891891891895,1057.5962970422443,48.71010516377736,,43.49985870532424,24.682654055392984,9.946814082484956,0.0,0.20966216216216216,0.028216124565614977,Water Tank + DSM
2024-03-13 21:00:00,77.61092258523249,75.7,5.65,77.61092258523249,0.0,57.33108108108108,52.33108108108108,1009.3459038311546,48.66418017923418,,39.29238078260255,22.295250392412076,8.984718988407092,0.0,0.20900337837837837,0.0,Water Tank + DSM
2024-03-13 22:00:00,79.22975041394862,74.9,5.55,79.22975041394862,0.0,57.26351351351351,52.26351351351351,1073.190930708382,48.61833415747279,,40.111950984174804,22.76029024223211,9.172124480406682,0.0,0.20910472972972974,0.0,Water Tank + DSM
2024-03-13 23:00:00,73.85206450687757,77.2,4.35,119.17084709201731,45.318782585139736,54.664652101844005,51.45270270270271,1263.5297570185553,53.28722405738769,,37.389369221822754,66.53422772263517,8.549570398152492,0.0,0.213003021847234,0.5239031089533731,Water Tank + DSM
2024-03-14 00:00:00,83.06026069706274,73.7,6.45,115.44348775648865,32.3832270594259,57.151700833840785,52.87162162162162,1666.7677206393314,56.602359892484415,,62.24505435758474,35.319037557686336,3.3261013717309575,32.383227059425906,0.20927244874923884,0.0,Water Tank + DSM
2024-03-14 01:00:00,80.43353794884119,77.3,5.5,113.27265305194356,32.83911510310238,57.55348869764123,52.22972972972973,1370.5524218293078,59.95922334740247,,60.276597975757646,34.202097656228176,3.220915738280067,32.83911510310237,0.20866976695353817,0.0,Water Tank + DSM
2024-03-14 02:00:00,94.95941539320684,77.1,3.6,122.1680134729523,27.208598079745457,57.45195639306129,50.945945945945944,1485.5429316844175,62.72455475900228,,71.16223719152919,40.37881810846776,3.8025963216039393,27.208598079745457,0.20882206541040807,0.0,Water Tank + DSM
2024-03-14 03:00:00,83.34847416537868,80.4,2.55,111.40796728462384,28.059493119245158,58.300525024947845,50.236486486486484,1204.4460539753707,65.57365291598215,,62.46104047238087,35.44159222133238,3.3376427177882886,28.05949311924516,0.20754921246257824,0.0,Water Tank + DSM
2024-03-14 04:00:00,95.64774684880783,76.3,2.8,112.70169249224081,17.053945643432982,58.42987908423305,50.4054054054054,1506.7289590012888,67.27291067786015,,71.67807025670801,40.671511682127196,3.830160167171799,17.053945643432982,0.20735518137365042,0.0,Water Tank + DSM
2024-03-14 05:00:00,90.10764834909267,81.0,2.65,111.9180264726164,21.810378123523737,59.62420321960949,50.304054054054056,1250.8895422868231,69.4640735102937,,67.52634078503134,38.3157407593947,3.608310042156735,21.810378123523734,0.20556369517058576,0.0,Water Tank + DSM
2024-03-14 06:00:00,97.96184662055327,79.6,1.55,114.08575777776812,16.12391115721484,59.37739335025,49.560810810810814,1347.7967724624566,71.05988788810944,,73.41224812795883,41.655517463768106,3.922826989555093,16.12391115721485,0.205933909974625,0.0,Water Tank + DSM
2024-03-14 07:00:00,84.11817826794638,79.5,1.05,0.0,-84.11817826794638,79.5,49.222972972972975,0.0,58.80826642729021,,63.037853900384924,0.0,0.0,0.0,0.17575000000000002,0.0,Water Tank + DSM
2024-03-14 08:00:00,72.35885297102631,78.0,1.8,27.012956170494427,-45.34589680053188,54.729729729729726,49.729729729729726,277.31378759581145,54.02788124445627,,54.22545870474601,0.0,0.0,0.0,0.21290540540540542,0.7386386807349197,Water Tank + DSM
2024-03-14 09:00:00,65.56553991658542,74.8,4.0,51.068982982827364,-14.496556933758054,56.21621621621622,51.21621621621622,656.483539540446,52.46482486394108,,49.134574847735486,16.008878250221578,0.0,0.0,0.2106756756756757,0.2310652979325935,Water Tank + DSM
2024-03-14 10:00:00,75.36046652923622,74.7,5.35,75.36046652923622,0.0,57.12837837837837,52.12837837837837,1024.5484757226773,52.41244406639617,,56.47485688292735,32.044916851615206,3.017767449723902,0.0,0.20930743243243244,0.0,Water Tank + DSM
2024-03-14 11:00:00,68.27725207925069,76.4,7.35,68.27725207925069,0.0,58.47972972972973,53.47972972972973,910.1904084792374,52.36015333166841,,51.166721984653776,29.032979312668466,2.734124115346617,0.0,0.2072804054054054,0.0,Water Tank + DSM
2024-03-14 12:00:00,46.31807506220672,68.6,9.55,46.31807506220672,0.0,59.96621621621622,54.96621621621622,1281.5929502740278,52.30795250490506,,34.7105953652238,19.695457478616657,1.8547812360260407,0.0,0.20505067567567567,0.0,Water Tank + DSM
2024-03-14 13:00:00,32.729052937065276,63.6,10.65,32.729052937065276,0.0,59.549729729729734,54.549729729729734,1930.4128967119048,52.255841431519585,,24.527032085416252,13.917108376624572,1.3106164964550555,0.0,0.2056754054054054,0.0,Water Tank + DSM
2024-03-14 14:00:00,36.54149035745067,71.4,9.2,36.54149035745067,0.0,59.729729729729726,54.729729729729726,748.0077857319196,52.20381995719131,,27.38405868845424,15.538240062305425,1.4632834063246356,0.0,0.20540540540540542,0.0,Water Tank + DSM
2024-03-14 15:00:00,67.89706550196892,72.6,5.8,67.89706550196892,0.0,57.432432432432435,52.432432432432435,1069.3893194761704,52.15188792786483,,50.88181155973665,28.871315673652006,2.7188997579270975,0.0,0.20885135135135136,0.0,Water Tank + DSM
2024-03-14 16:00:00,66.08696782606107,76.5,6.15,66.08696782606107,0.0,57.66891891891892,52.66891891891892,838.3808483433029,52.10004518974967,,49.52533100834095,28.101622594651943,2.646415415688366,0.0,0.20849662162162164,0.0,Water Tank + DSM
2024-03-14 17:00:00,70.59739704453705,72.8,6.8,70.59739704453705,0.0,58.108108108108105,53.108108108108105,1147.9203122886718,52.0482915893197,,52.90543010174537,30.019555642678995,2.8270330141014526,0.0,0.20783783783783785,0.0,Water Tank + DSM
2024-03-14 18:00:00,71.5071961580703,72.8,7.05,71.5071961580703,0.0,58.277027027027025,53.277027027027025,1176.2374325636986,51.99662697331287,,53.587230216518684,30.40642210313987,2.8634654073317036,0.0,0.20758445945945947,0.0,Water Tank + DSM
2024-03-14 19:00:00,80.91444115387007,75.9,7.25,80.91444115387007,0.0,58.41216216216216,53.41216216216216,1105.3267932171677,51.94505118873059,,60.63698507166304,34.40658820583016,3.240173236348249,0.0,0.20738175675675677,0.0,Water Tank + DSM
2024-03-14 20:00:00,74.37091330285375,75.4,6.6,74.37091330285375,0.0,57.972972972972975,52.972972972972975,1019.4844033630313,51.893564082837315,,55.73328932885298,31.62413719989461,2.9781413479509284,0.0,0.20804054054054053,0.0,Water Tank + DSM
2024-03-14 21:00:00,57.82316011779761,71.8,6.2,57.82316011779761,0.0,57.7027027027027,52.7027027027027,979.866116476533,51.84216550316018,,43.332463857616055,24.58767100855999,2.3154958890277917,0.0,0.20844594594594595,0.0,Water Tank + DSM
2024-03-14 22:00:00,39.53262307841638,72.7,5.75,39.53262307841638,0.0,57.398648648648646,52.398648648648646,617.2009986993166,51.790855297488434,,29.625602565691853,16.810135045841736,1.5830616319495066,0.0,0.20890202702702704,0.0,Water Tank + DSM
2024-03-14 23:00:00,74.80526658394443,71.6,5.5,106.23009270746152,31.424826123517086,56.2800751144071,52.22972972972973,1656.7352298958763,55.00885842918401,,56.05879208269686,63.23365982832754,2.99553478052539,0.0,0.21057988732838936,0.24214871685967115,Water Tank + DSM
2024-03-15 00:00:00,77.98252543482137,81.6,5.3,120.15653585774359,42.17401042292222,57.13303629086216,52.09459459459459,1173.3861461164397,59.33960026539762,,53.724254543559084,30.4841723341101,9.931264215443775,42.17401042292222,0.20930044556370675,0.0,Water Tank + DSM
2024-03-15 01:00:00,105.56276352998384,73.9,5.25,128.68240589375932,23.11964236377549,57.81012152275485,52.060810810810814,1910.7526930152444,61.680610058819845,,72.72502072206554,41.26557145424295,13.443674593546243,23.119642363775483,0.20828481771586774,0.0,Water Tank + DSM
2024-03-15 02:00:00,78.14028492197517,79.4,4.6,106.26795855883425,28.127673636859086,58.802808437660566,51.621621621621614,1232.679150492324,64.53859614784865,,53.83293928795859,30.54584214240268,9.951355269698317,28.127673636859086,0.20679578734350915,0.0,Water Tank + DSM
2024-03-15 03:00:00,77.3020163470641,74.4,5.45,92.98420040863849,15.682184061574393,59.45624668926642,52.195945945945944,1486.569636464211,66.09692484137986,,53.25543357057798,30.2181543231461,9.844599728575153,15.68218406157439,0.20581562996610037,0.0,Water Tank + DSM
2024-03-15 04:00:00,68.32591496875042,74.1,4.8,81.06609366308379,12.740178694333368,59.799445416334954,51.75675675675676,1354.315243103505,67.34650813619835,,47.07155644466504,26.709303849540195,8.701471394174778,12.740178694333366,0.20530083187549758,0.0,Water Tank + DSM
2024-03-15 05:00:00,72.76563238933389,77.3,4.2,88.59758830013094,15.831955910797053,60.27056875881181,51.351351351351354,1242.9670840703245,68.9155903073207,,50.1301969218096,28.444835113873726,9.26688020210798,15.83195591079705,0.2045941468617823,0.0,Water Tank + DSM
2024-03-15 06:00:00,90.42498336330218,76.4,4.3,102.34732985498951,11.922346491687337,60.036779690896175,51.41891891891892,1494.2824554640952,70.0752456889387,,62.296197721469305,35.34805728316506,11.515841484367526,11.922346491687335,0.20494483046365575,0.0,Water Tank + DSM
2024-03-15 07:00:00,98.10608014601392,79.1,4.2,0.0,-98.10608014601392,79.1,51.351351351351354,0.0,56.991266029920666,,67.58791142818974,0.0,0.0,0.0,0.17635,0.0,Water Tank + DSM
2024-03-15 08:00:00,96.66139249700619,79.6,3.85,58.42805871476324,-38.23333378224295,56.11486486486487,51.11486486486487,594.3320757804942,52.95411285615749,,66.59262733654924,11.86266341035201,0.0,0.0,0.2108277027027027,0.353660845179239,Water Tank + DSM
2024-03-15 09:00:00,77.41758123121886,76.3,3.95,77.41758123121886,0.0,56.18243243243243,51.18243243243243,919.3161843284059,52.90089078362161,,53.335049320619525,30.26332982656436,9.859317197548728,0.0,0.21072635135135137,0.26163003923493233,Water Tank + DSM
2024-03-15 10:00:00,59.68574717523976,74.1,4.15,59.68574717523976,0.0,56.317567567567565,51.317567567567565,801.8262015764888,52.8477602203795,,41.11911298057641,23.3317732740121,7.601125018564755,0.0,0.21052364864864864,0.16836609774479327,Water Tank + DSM
2024-03-15 11:00:00,44.83110825520066,74.9,4.0,44.83110825520066,0.0,56.21621621621622,51.21621621621622,573.2121908577986,52.79472100909127,,30.88535358328858,17.52494193231706,5.709350635556013,0.0,0.2106756756756757,0.14524463577005955,Water Tank + DSM
2024-03-15 12:00:00,54.07176030285577,72.4,4.05,54.07176030285577,0.0,56.25,51.25,799.8319668370575,52.74177299268767,,37.2514867649027,21.13720798717455,6.88617014090722,0.0,0.210625,0.16763169044206214,Water Tank + DSM
2024-03-15 13:00:00,62.776410283370986,76.3,4.5,62.776410283370986,0.0,56.554054054054056,51.554054054054056,759.4851911716746,52.68891601436944,,43.248353738089584,24.539945313704447,7.994728479809805,0.0,0.21016891891891892,0.11571856811002293,Water Tank + DSM
2024-03-15 14:00:00,71.9087258269608,76.7,4.65,71.9087258269608,0.0,56.6554054054054,51.6554054054054,857.0084270904551,52.63614991760702,,49.53985099468961,28.109861513365697,9.157751067966414,0.0,0.2100168918918919,0.10242698921875071,Water Tank + DSM
2024-03-15 15:00:00,63.83582150644608,74.5,4.35,63.83582150644608,0.0,56.45270270270271,51.45270270270271,844.9928907588616,52.58347454613987,,43.97821056046655,24.954080071675374,8.129647074847599,0.0,0.21032094594594594,0.14441493467828717,Water Tank + DSM
2024-03-15 16:00:00,65.3319734548933,74.3,4.3,65.3319734548933,0.0,56.41891891891892,51.41891891891892,872.8362614509978,52.53088974397618,,45.008949789108264,25.538941277184808,8.32018566312273,0.0,0.21037162162162162,0.15692309521067463,Water Tank + DSM
2024-03-15 17:00:00,71.53349162173592,77.5,4.0,71.53349162173592,0.0,56.21621621621622,51.21621621621622,802.8998217806078,52.47839535539239,,49.28134208076888,27.963178598008092,9.109964079612528,0.0,0.2106756756756757,0.23175550059604783,Water Tank + DSM
2024-03-15 18:00:00,82.52148823766593,76.7,3.6,82.52148823766593,0.0,55.945945945945944,50.945945945945944,949.8715587885175,52.42599122493262,,56.8512678279337,32.258499640497185,10.509312164106285,0.0,0.2110810810810811,0.3595458559928787,Water Tank + DSM
2024-03-15 19:00:00,81.91081959310641,77.8,3.5,81.91081959310641,0.0,55.87837837837837,50.87837837837837,892.6256660364369,52.37367719740829,,56.43056181053872,32.01978297806556,10.43154202748412,0.0,0.21118243243243245,0.3797624294817358,Water Tank + DSM
2024-03-15 20:00:00,92.21947780160562,78.1,3.0,92.21947780160562,0.0,55.54054054054054,50.54054054054054,976.550586610651,52.32145311789769,,63.5324730978162,36.049543640587096,11.744374714095143,0.0,0.2116891891891892,0.556338413072769,Water Tank + DSM
2024-03-15 21:00:00,92.76907769897439,80.2,2.5,92.76907769897439,0.0,55.2027027027027,50.2027027027027,886.5657704041898,52.26931883174541,,63.91110721640515,36.264387900795136,11.814367597284237,0.0,0.21219594594594596,0.689203561603937,Water Tank + DSM
2024-03-15 22:00:00,95.11122570322804,78.9,2.05,95.11122570322804,0.0,54.898648648648646,49.898648648648646,946.6661753756974,52.21727418456201,,65.52467583139419,37.17995767742844,12.112645840162621,0.0,0.21265202702702704,0.8261421966309576,Water Tank + DSM
2024-03-15 23:00:00,79.24752086871548,79.7,1.65,122.83021742333108,43.5826965546156,54.57904678946953,49.628378378378386,1168.2708369051695,56.699365770228745,,54.59574384591272,74.56136863201652,10.092364459572604,0.0,0.2131314298157957,0.7930424480703695,Water Tank + DSM
2024-03-16 00:00:00,84.9713834058717,76.7,1.5,116.7063635505271,31.7349801446554,55.71349198662301,49.52702702702703,1328.6530177401148,59.94119579609426,,42.825197720476226,24.29983847416361,14.745167321456309,37.66338034733025,0.21142976202006547,0.3305697602510795,Water Tank + DSM
2024-03-16 01:00:00,90.99044532139906,80.8,1.55,124.08950273084665,33.09905740944758,56.92104174493624,49.560810810810814,1241.5831615345842,63.31936126913746,,45.85877804237122,26.02115012581312,15.789661026339584,39.44740379223205,0.20961843738259564,0.021725574561491535,Water Tank + DSM
2024-03-16 02:00:00,107.00596274957726,81.5,1.25,135.86665686914145,28.860694119564197,57.54364978991285,49.358108108108105,1354.9931744979851,66.25078821794939,,53.93052729448554,30.601215448816788,18.56884943957505,36.326433122798726,0.20868452531513074,0.0,Water Tank + DSM
2024-03-16 03:00:00,125.3790579097119,81.2,1.0,149.12423787524986,23.745179965537954,57.79276762706523,49.189189189189186,1522.0608008543998,68.64499196730341,,63.19048519362361,35.8554931452166,21.75715062393006,32.49279831103091,0.20831084855940216,0.0,Water Tank + DSM
2024-03-16 04:00:00,126.93187823421722,85.9,1.0,154.33344470403085,27.40156646981364,58.974385873564245,49.189189189189186,1369.4054913639134,71.41546468452003,,63.97309970165949,36.299563625799955,22.02661305454181,36.257524116816406,0.20653842118965363,0.0,Water Tank + DSM
2024-03-16 05:00:00,127.90288197947264,82.1,0.9,144.89865005167633,16.995768072203685,59.10267169393794,49.12162162162163,1505.2619356238986,73.09862597919145,,64.46248125237827,36.57724810287631,22.19511228474926,25.919472042373563,0.20634599245909307,0.0,Water Tank + DSM
2024-03-16 06:00:00,117.28404549357386,81.7,0.7,130.9817774509379,13.69773195736404,59.72781747522698,48.98648648648649,1424.164536223092,74.43578824344985,,59.110635091443605,33.54050795521544,20.352415197003097,21.880566356486977,0.20540827378715953,0.0,Water Tank + DSM
2024-03-16 07:00:00,135.8470576081358,83.5,0.4,0.0,-135.8470576081358,83.5,48.783783783783775,0.0,55.91602610780355,,68.46631028736817,0.0,0.0,0.0,0.16975,0.0,Water Tank + DSM
2024-03-16 08:00:00,139.7777023999107,87.4,0.25,89.46616490210877,-50.31153749780193,53.682432432432435,48.682432432432435,633.8746162024677,50.6244668966712,,70.44733770659563,23.66959718036562,0.0,0.0,0.21447635135135135,1.4022828167812875,Water Tank + DSM
2024-03-16 09:00:00,114.81126383784033,82.8,0.55,114.81126383784033,0.0,53.88513513513513,48.88513513513513,948.5584707958226,50.575250385102805,,57.86436418138287,32.83334994027311,19.92331097624377,8.01030997170484,0.2141722972972973,1.0814380494980087,Water Tank + DSM
2024-03-16 10:00:00,97.53138317102645,76.7,0.95,97.53138317102645,0.0,54.15540540540541,49.15540540540541,1033.4815532936286,50.52611849572211,,49.1553815041466,27.891706151202076,16.92471637281212,6.804703519965493,0.21376689189189188,0.8389627951315816,Water Tank + DSM
2024-03-16 11:00:00,84.75958354979035,82.2,1.3,84.75958354979035,0.0,54.39189189189189,49.39189189189189,728.1454617414909,50.47707108303089,,42.71845153899384,24.239268643647325,14.708413485148117,5.913623059366252,0.21341216216216216,0.6684860389480398,Water Tank + DSM
2024-03-16 12:00:00,84.27304783126584,78.7,1.7,84.27304783126584,0.0,54.66216216216216,49.66216216216216,837.5178577087502,50.42810800178116,,42.47323970992002,24.100130749238986,14.623984465754122,5.879677767001977,0.21300675675675676,0.5957732813364459,Water Tank + DSM
2024-03-16 13:00:00,92.65029013759919,75.8,2.15,92.65029013759919,0.0,54.96621621621622,49.96621621621622,1062.3788276891958,50.37922910697456,,46.69533241620722,26.495827120692475,16.077695521736906,6.464152716050425,0.21255067567567568,0.5698092590788526,Water Tank + DSM
2024-03-16 14:00:00,110.89055342379852,83.7,2.3,110.89055342379852,0.0,55.06756756756757,50.06756756756757,925.2031066725709,50.33043425386212,,55.88834364416201,31.712117991981646,19.24294626100921,7.736764461656941,0.21239864864864863,0.6480026871174446,Water Tank + DSM
2024-03-16 15:00:00,118.54795689237012,82.8,2.55,118.54795689237012,0.0,55.236486486486484,50.236486486486484,1027.448999054786,50.28172329794366,,59.74764079130459,33.9019572056025,20.571742978989743,8.271016705829608,0.21214527027027028,0.632194631616102,Water Tank + DSM
2024-03-16 16:00:00,95.74877729533661,77.4,2.6,95.74877729533661,0.0,55.27027027027027,50.27027027027027,1033.6128570353305,50.23309609496751,,48.25695610462762,27.381922349808004,16.615379030618847,6.680332224464155,0.2120945945945946,0.5008289498426228,Water Tank + DSM
2024-03-16 17:00:00,85.21508059468565,77.7,2.45,85.21508059468565,0.0,55.16891891891892,50.16891891891892,903.5146621359951,50.18455250093008,,42.94802001518962,24.369530199629587,14.78745633313058,5.9454028029109285,0.2122466216216216,0.4718478415182317,Water Tank + DSM
2024-03-16 18:00:00,87.53311214703751,80.4,2.2,87.53311214703751,0.0,55.0,50.0,823.264576588605,50.13609237207527,,44.11629756432167,25.032433285849944,15.18970661700064,6.10713041253603,0.2125,0.5293955707718601,Water Tank + DSM
2024-03-16 19:00:00,96.92735864178177,78.6,1.75,96.92735864178177,0.0,54.695945945945944,49.695945945945944,968.6694246796197,50.08771556489425,,48.8509558392217,27.71896919074835,16.819899405110952,6.7625611068604785,0.21295608108108108,0.6753314570746465,Water Tank + DSM
2024-03-16 20:00:00,93.91548217197025,80.8,1.35,93.91548217197025,0.0,54.42567567567568,49.42567567567568,850.661203458384,50.039421936124846,,47.33298355067809,26.857642603055105,16.29724553366817,6.5524243718990896,0.21336148648648648,0.7311027053841219,Water Tank + DSM
2024-03-16 21:00:00,104.32246875990333,80.8,0.45,104.32246875990333,0.0,53.817567567567565,48.817567567567565,923.628943350514,49.991211342751264,,52.578058309244156,29.833798609385177,18.103180101288977,7.278513308246494,0.21427364864864865,1.0039567079859737,Water Tank + DSM
2024-03-16 22:00:00,101.04568988338373,82.9,-0.6,101.04568988338373,0.0,53.10810810810811,48.10810810810811,810.2526983356128,49.94308364200359,,50.926576390879454,28.89671609732765,17.534557455957817,7.049894498277384,0.21533783783783783,1.1892043784248594,Water Tank + DSM
2024-03-16 23:00:00,118.83483002463007,81.9,-1.5,169.50286284955658,50.66803282492651,52.52704894781223,47.5,1378.7714536134304,55.16619522182087,,59.8922235686738,84.65202907116927,20.62152435438525,8.291031664598824,0.21620942657828165,1.6073699065761866,Water Tank + DSM
2024-03-17 00:00:00,134.76442132073853,86.4,-1.2,184.29403671876207,49.52961539802352,54.22612912227753,47.7027027027027,1368.5621770298123,60.2618933316295,,61.00716392814204,34.61663478816478,21.005410081220862,57.44048429923069,0.2136608063165837,1.0153559721162848,Water Tank + DSM
2024-03-17 01:00:00,147.44090619168628,87.5,-1.35,190.64715783099905,43.20625163931276,55.47849554345747,47.601351351351354,1422.448081955745,64.69099071556766,,66.74574376231013,37.872815038669565,22.981263652163875,51.86124876783248,0.2117822566848138,0.6093236795376038,Water Tank + DSM
2024-03-17 02:00:00,140.1253526852644,85.5,-2.0,173.15207719625153,33.02672451098713,56.31143125097735,47.16216216216216,1417.2787542141243,68.05346464823332,,63.43403012441174,35.99368520957042,21.841005712660834,41.25228793466174,0.21053285312353398,0.2620721446093879,Water Tank + DSM
2024-03-17 03:00:00,134.6049356974092,84.6,-1.25,160.88324975165372,26.278314054244525,57.53603298268051,47.66891891891892,1420.2148778404983,70.70809891090629,,60.934965602565605,34.575668073636955,20.980551436132938,34.179820915787055,0.20869595052597922,0.0,Water Tank + DSM
2024-03-17 04:00:00,133.6539880024879,85.9,-1.15,157.78981507400783,24.13582707151994,58.50244744551792,47.736486486486484,1375.9407339603213,73.13527927059233,,60.50447644717437,34.33140027108845,20.832329478869653,31.981511910656984,0.20724632883172311,0.0,Water Tank + DSM
2024-03-17 05:00:00,152.16090163933723,84.8,-1.35,152.16090163933723,0.0,52.601351351351354,47.601351351351354,1128.9278941475307,73.04735798028989,,68.88246154874723,39.08522968796536,23.716958125436154,8.932067773981792,0.21609797297297298,1.8179384784419355,Water Tank + DSM
2024-03-17 06:00:00,140.0483164603053,90.1,-2.4,167.13535146197796,27.08703500167267,59.117605855168485,46.89189189189189,1288.8066364716567,75.77753982492194,,63.39915621957525,35.97389708716591,21.828998259354417,35.30807628611852,0.20632359121724728,0.0,Water Tank + DSM
2024-03-17 07:00:00,152.76947424645482,83.8,-2.8,0.0,-152.76947424645482,83.8,46.62162162162163,0.0,55.35464933000968,,69.15795925385916,0.0,0.0,0.0,0.1693,0.0,Water Tank + DSM
2024-03-17 08:00:00,136.84515818270668,89.2,-3.2,80.73184257764713,-56.113315605059555,51.351351351351354,46.351351351351354,509.55992223042136,49.46037703447352,,61.949102858205066,8.40053418956063,0.0,0.0,0.21797297297297297,2.099572296869976,Water Tank + DSM
2024-03-17 09:00:00,134.67734952259454,86.0,-2.4,118.56024043182805,-16.117109090766494,51.89189189189189,46.89189189189189,830.3902026409133,47.73666654066112,,60.96774697067783,34.59426885057414,12.780486975340157,0.0,0.21716216216216216,1.8685790558040194,Water Tank + DSM
2024-03-17 10:00:00,138.31979201980388,82.4,-1.45,138.31979201980388,0.0,52.53378378378379,47.53378378378379,1106.3814825735517,47.69241527299203,,62.61666205040211,35.5298948891611,21.55957726268252,8.119574368272229,0.21619932432432432,1.6779573087290165,Water Tank + DSM
2024-03-17 11:00:00,150.7052323599943,88.3,-0.25,150.7052323599943,0.0,53.3445945945946,48.3445945945946,1029.9467311330197,47.64824009033908,,68.22348751480192,38.71131518351736,23.490066414288886,8.846617855379098,0.2149831081081081,1.49630703022329,Water Tank + DSM
2024-03-17 12:00:00,146.7606932394589,87.0,0.95,146.7606932394589,0.0,54.15540540540541,49.15540540540541,1067.4477468089683,47.60414086188281,,66.43781483955821,37.69809026254046,22.875240475838368,8.61506763201583,0.21376689189189188,1.133931893815701,Water Tank + DSM
2024-03-17 13:00:00,119.53989328255828,78.4,3.05,119.53989328255828,0.0,55.57432432432432,50.57432432432432,1251.0941621488068,47.56011745702861,,54.115097990773414,30.705944401526672,18.632399077271202,7.017166808232987,0.2116385135135135,0.46290347335350823,Water Tank + DSM
2024-03-17 14:00:00,86.29486070474961,78.1,4.35,86.29486070474961,0.0,56.45270270270271,51.45270270270271,952.3180729798489,47.51616974540643,,39.06524186113718,22.16636741237705,13.450574856779001,5.065634706792994,0.21032094594594594,0.12828180773319225,Water Tank + DSM
2024-03-17 15:00:00,81.3449461262665,76.0,4.4,81.3449461262665,0.0,56.48648648648649,51.48648648648649,995.8544729205058,47.472297596870376,,36.8244408606928,20.894893951379867,12.679043434990819,4.775067471622238,0.21027027027027026,0.11345908805726865,Water Tank + DSM
2024-03-17 16:00:00,67.3700573781467,75.9,4.75,67.3700573781467,0.0,56.72297297297297,51.72297297297297,839.2404595617527,47.428500881498316,,30.49808023539849,17.305195607723252,10.500810737392891,3.954721035137982,0.20991554054054054,0.050692754985865895,Water Tank + DSM
2024-03-17 17:00:00,61.44879378748035,74.4,4.5,61.44879378748035,0.0,56.554054054054056,51.554054054054056,822.5732176121325,47.384779469591535,,27.81755450763409,15.784213903548403,9.577877453503898,3.607134190359655,0.21016891891891892,0.07443075395285842,Water Tank + DSM
2024-03-17 18:00:00,83.75404441088831,74.8,3.95,83.75404441088831,0.0,56.18243243243243,51.18243243243243,1074.6910330386354,47.34113323167428,,37.9150273265311,21.513713627005288,13.054543859349925,4.916485069182414,0.21072635135135137,0.18598857999366036,Water Tank + DSM
2024-03-17 19:00:00,98.42029040139143,82.8,3.2,98.42029040139143,0.0,55.67567567567568,50.67567567567568,866.8151427082959,47.29756203849347,,44.55436183770441,25.280999355619958,15.340536767295365,5.7774151883241105,0.2114864864864865,0.35402655081851564,Water Tank + DSM
2024-03-17 20:00:00,113.83296281721076,79.7,2.35,113.83296281721076,0.0,55.101351351351354,50.101351351351354,1105.4969948687462,47.25406576101822,,51.53159977207563,29.2400179667579,17.74287338825917,6.6821616318131625,0.21234797297297298,0.5870424136197255,Water Tank + DSM
2024-03-17 21:00:00,94.02145844041809,79.9,2.35,94.02145844041809,0.0,55.101351351351354,50.101351351351354,905.7320672056728,47.21064427043944,,42.563033118258836,24.151081251158896,14.654901283440793,5.519197309891052,0.21234797297297298,0.48487347187421814,Water Tank + DSM
2024-03-17 22:00:00,96.50065832954581,78.5,1.95,96.50065832954581,0.0,54.83108108108108,49.83108108108108,973.9858111362046,47.167297438169626,,43.685354221739665,24.787907768779135,15.041328278296527,5.6647299743032615,0.21275337837837838,0.5684999475072339,Water Tank + DSM
2024-03-17 23:00:00,85.88370674389991,80.5,2.15,138.72757038952832,52.84386364562842,53.25653609936904,49.96621621621622,1216.691016056219,52.62154008721611,,38.8791145669787,74.90461886181188,13.386489266016055,5.041499367134222,0.21511519585094643,0.8732553712198795,Water Tank + DSM
2024-03-18 00:00:00,89.30610319890754,77.9,1.25,129.3971315896825,40.09102839077494,54.46789629611948,49.358108108108105,1319.4060148263459,56.73968734784509,,54.71135015621566,31.044269314926645,6.75830760175346,40.09102839077495,0.2132981555558208,0.8312088742491474,Water Tank + DSM
2024-03-18 01:00:00,77.30309701767429,80.2,0.75,114.51931360644824,37.21621658877394,55.73838969708732,49.02027027027027,1118.5668092560388,60.55167836535127,,47.357981790718476,26.871827083862055,5.849970937036969,37.216216588773946,0.21139241545436901,0.35848390651392886,Water Tank + DSM
2024-03-18 02:00:00,99.91441567322846,77.4,2.15,126.6604941509361,26.746078477707634,56.913592305648976,49.96621621621622,1477.1342823438008,63.26787377104649,,61.21029118666723,34.73189309015977,7.561099754461072,26.74607847770764,0.20962961154152654,0.03173424079196837,Water Tank + DSM
2024-03-18 03:00:00,87.96416817343675,83.4,1.85,119.91653976637548,31.95237159293873,58.42090675572968,49.76351351351351,1146.9870302520367,66.52102620492515,,53.889244225763186,30.5777906439106,6.6567556432775765,31.952371592938732,0.20736863986640547,0.0,Water Tank + DSM
2024-03-18 04:00:00,87.63810949219162,76.0,2.45,102.71714512015429,15.079035627962668,58.69649280930956,50.16891891891892,1418.2083992128894,68.01319898944546,,53.68949180076549,30.46444728718056,6.632080903420563,15.079035627962668,0.20695526078603566,0.0,Water Tank + DSM
2024-03-18 05:00:00,58.532469189601144,77.2,2.35,73.15067447178087,14.618205282179726,60.49057070582821,50.101351351351354,1045.9212281349076,69.45486458438701,,35.858584157542175,20.346848335129824,4.429489332799829,14.61820528217973,0.2042641439412577,0.0,Water Tank + DSM
2024-03-18 06:00:00,67.39636037146849,75.8,1.95,77.5144950905792,10.118134719110706,60.11939385907116,49.83108108108108,1180.9947018821672,70.42589492700942,,41.28884521279858,23.428082597643918,5.100271071222633,10.118134719110714,0.20482090921139326,0.0,Water Tank + DSM
2024-03-18 07:00:00,76.81033058358287,78.9,1.55,0.0,-76.81033058358287,78.9,49.560810810810814,0.0,59.16128132992597,,47.05609965774981,0.0,0.0,0.0,0.17665,0.0,Water Tank + DSM
2024-03-18 08:00:00,104.47850540214591,80.5,1.1,43.82298884366136,-60.65551655848455,54.25675675675675,49.25675675675675,398.91949852346573,52.787955610325426,,64.00637681081575,0.0,0.0,0.0,0.21361486486486486,1.05351036426451,Water Tank + DSM
2024-03-18 09:00:00,108.3407163469849,83.3,1.35,87.24304922351374,-21.097667123471176,54.42567567567568,49.42567567567568,721.8048267316873,50.54044571843597,,66.37247238336157,24.76211307311027,0.0,0.0,0.21336148648648648,1.0251856207321923,Water Tank + DSM
2024-03-18 10:00:00,103.33698957944328,79.4,2.3,103.33698957944328,0.0,55.06756756756757,50.06756756756757,1014.5443939028343,50.4913736717167,,63.30705314034226,35.92163603368653,7.820105650132239,0.0,0.21239864864864863,0.7340196161407234,Water Tank + DSM
2024-03-18 11:00:00,89.71359048371929,77.7,3.25,89.71359048371929,0.0,55.70945945945946,50.70945945945946,974.5925999722466,50.442385998794244,,54.96098796063185,31.185918592624148,6.789144513408058,0.0,0.2114358108108108,0.42557629866813573,Water Tank + DSM
2024-03-18 12:00:00,79.7012174311286,77.6,4.5,79.7012174311286,0.0,56.554054054054056,51.554054054054056,904.6847729762643,50.393482554597504,,48.82713564423554,27.705453155297334,6.031450531819766,0.0,0.21016891891891892,0.13064557915619715,Water Tank + DSM
2024-03-18 13:00:00,95.98749812822896,74.3,5.7,95.98749812822896,0.0,57.36486486486487,52.36486486486487,1354.0253075373955,50.3446631943048,,58.80455458924191,33.36683200835493,7.263927268536798,0.0,0.2089527027027027,0.0,Water Tank + DSM
2024-03-18 14:00:00,84.63879965242023,79.2,6.75,84.63879965242023,0.0,58.07432432432432,53.07432432432432,957.105172743677,50.29592777334341,,51.852032937453195,29.421837889955047,6.405105839409609,0.0,0.2078885135135135,0.0,Water Tank + DSM
2024-03-18 15:00:00,91.03115920085774,73.4,6.1,91.03115920085774,0.0,57.63513513513513,52.63513513513513,1379.4329536454302,50.24727614738922,,55.76816642723322,31.643927134377083,6.888852532881674,0.0,0.20854729729729732,0.0,Water Tank + DSM
2024-03-18 16:00:00,79.22939760281076,75.6,6.15,79.22939760281076,0.0,57.66891891891892,52.66891891891892,1055.5544854030586,50.19870817236624,,48.538085972229936,27.541440828101752,5.995745205776411,0.0,0.20849662162162164,0.0,Water Tank + DSM
2024-03-18 17:00:00,80.3286415218032,76.8,5.9,80.3286415218032,0.0,57.5,52.5,994.2918725111737,50.15022370444621,,49.21151272364845,27.923556081613505,6.07893132932008,0.0,0.20875,0.0,Water Tank + DSM
2024-03-18 18:00:00,82.06618731710405,74.2,5.5,82.06618731710405,0.0,57.22972972972973,52.22972972972973,1155.2507899829645,50.101822600048195,,50.27598058210415,28.52755555851597,6.210421435104028,0.0,0.2091554054054054,0.0,Water Tank + DSM
2024-03-18 19:00:00,76.19419830518684,77.3,4.45,76.19419830518684,0.0,56.520270270270274,51.520270270270274,875.9569953872243,50.0535047158381,,46.67864024995556,26.486355665444407,5.7660541796179725,0.0,0.21021959459459458,0.13435878882757382,Water Tank + DSM
2024-03-18 20:00:00,89.57870880387307,77.1,3.5,89.57870880387307,0.0,55.87837837837837,50.87837837837837,1008.3864640082154,50.00526990872833,,54.8783557714377,31.139031503782423,6.778937239217496,0.0,0.21118243243243245,0.3693165023537315,Water Tank + DSM
2024-03-18 21:00:00,94.12458462262533,79.4,3.1,94.12458462262533,0.0,55.60810810810811,50.60810810810811,945.0937058488611,49.95711803587722,,57.66328305834983,32.719252654796485,7.122949865477472,0.0,0.21158783783783783,0.48156633689270395,Water Tank + DSM
2024-03-18 22:00:00,99.57435434263144,80.0,2.35,99.57435434263144,0.0,55.101351351351354,50.101351351351354,955.3719766741665,49.909048954688785,,61.001960357457904,34.61368218236623,7.5353653534144,0.0,0.21234797297297298,0.6949277375856342,Water Tank + DSM
2024-03-18 23:00:00,88.9630568485515,79.2,2.55,135.4073443995909,46.444287551039395,54.31389440146271,50.236486486486484,1300.041621589416,54.69280950683259,,54.501190622635534,77.36930831624221,6.732347307055557,0.0,0.21352915839780592,0.8783757195504556,Water Tank + DSM
2024-03-19 00:00:00,105.32530585331452,77.1,2.4,140.87023144152812,35.544925588213594,55.507123300287155,50.13513513513513,1558.6976405081816,58.33445013190611,,66.33473355466188,37.63959996463129,0.6387177137396349,35.5449255882136,0.21173931504956928,0.5941774686324872,Water Tank + DSM
2024-03-19 01:00:00,115.95420326853332,84.6,1.9,157.61696877691804,41.66276550838473,56.55205023711153,49.79729729729729,1342.6335551128634,62.60628771820181,,73.02889952271813,41.43799811342099,0.7031738764976757,41.66276550838472,0.2101719246443327,0.19627966935124494,Water Tank + DSM
2024-03-19 02:00:00,116.32272726555168,83.1,0.85,148.84704756453291,32.524320298981245,57.16115568517203,49.08783783783784,1370.9945791758405,65.92007927275161,,73.26099893085807,41.569695768725744,0.7054086936949936,32.52432029898124,0.20925826647224197,0.0,Water Tank + DSM
2024-03-19 03:00:00,99.70497241824124,78.3,0.8,119.37915890293984,19.674186484698595,57.86294348994813,49.054054054054056,1395.5492142075186,67.89133332977042,,62.79500188349854,35.631088330602715,0.6046346745970388,19.674186484698595,0.2082055847650778,0.0,Water Tank + DSM
2024-03-19 04:00:00,81.74453686874082,81.1,0.7,102.7344299172579,20.98989304851708,59.44422190314194,48.98648648648649,1133.405749435244,69.99607523168257,,51.48337361857767,29.212653522397837,0.49571832026979457,20.989893048517075,0.20583366714528709,0.0,Water Tank + DSM
2024-03-19 05:00:00,103.90682495020248,78.7,0.6,117.7627451678519,13.85592021764943,58.815011232069935,48.91891891891892,1414.841441716821,71.35502866474667,,65.44136275456796,37.13268423988644,0.6301157080575357,13.855920217649427,0.2067774831518951,0.0,Water Tank + DSM
2024-03-19 06:00:00,110.02499982507385,84.5,0.1,130.9187619621558,20.89376213708196,59.74057686140799,48.58108108108108,1263.2673559599134,73.4438144886463,,69.29463901023475,39.319107084217244,0.6672177761377314,20.89376213708195,0.20538913470788803,0.0,Water Tank + DSM
2024-03-19 07:00:00,126.43435352267306,83.3,-0.3,0.0,-126.43435352267306,83.3,48.31081081081081,0.0,56.332006286054884,,79.62938331992996,0.0,0.0,0.0,0.17005,0.0,Water Tank + DSM
2024-03-19 08:00:00,112.04185712124277,83.6,-0.45,62.9890134018524,-49.052843719390374,53.20945945945946,48.20945945945946,495.13902520491985,51.17044819169211,,70.56487212539385,0.0,0.0,0.0,0.2151858108108108,1.604874051176187,Water Tank + DSM
2024-03-19 09:00:00,105.26036757765165,80.7,0.3,90.71097499770883,-14.549392579942817,53.71621621621622,48.71621621621622,803.0780627205216,49.606850544800366,,66.2938349009272,23.705324616804337,0.0,0.0,0.21442567567567566,1.3061677200750244,Water Tank + DSM
2024-03-19 10:00:00,104.06828029662074,80.5,1.3,104.06828029662074,0.0,54.39189189189189,49.39189189189189,952.2341480808469,49.559383708680414,,65.54304864381234,37.19038276354226,0.6310948116917462,0.0,0.21341216216216216,1.0256601395883083,Water Tank + DSM
2024-03-19 11:00:00,110.40558731152277,81.2,2.6,110.40558731152277,0.0,55.27027027027027,50.27027027027027,1017.1706920978196,49.51199848638048,,69.53433610205224,39.45511581094653,0.6695257492051072,0.0,0.2120945945945946,0.7216536503564356,Water Tank + DSM
2024-03-19 12:00:00,109.0004583793435,79.5,4.3,109.0004583793435,0.0,56.41891891891892,51.41891891891892,1128.1658612335839,49.464694737574895,,68.64937448175684,38.952971616087844,0.6610047130514514,0.0,0.21037162162162162,0.23934511643639528,Water Tank + DSM
2024-03-19 13:00:00,76.56739266015472,76.7,6.05,76.56739266015472,0.0,57.60135135135135,52.60135135135135,957.7275822440632,49.417472322179215,,48.222766123842234,27.362522299026164,0.46432288604040084,0.0,0.20859797297297297,0.0,Water Tank + DSM
2024-03-19 14:00:00,54.21387518846463,68.8,7.95,54.21387518846463,0.0,58.88513513513514,53.88513513513514,1306.2443598857253,49.37033110034995,,34.14433916385654,19.374152850485572,0.32876583773293017,0.0,0.2066722972972973,0.0,Water Tank + DSM
2024-03-19 15:00:00,41.67265433012989,69.4,9.7,41.67265433012989,0.0,60.067567567567565,55.067567567567565,1066.7363279490407,49.32327093248397,,26.24577635079045,14.892356834310469,0.2527128906349626,0.0,0.20489864864864865,0.0,Water Tank + DSM
2024-03-19 16:00:00,46.3909642647823,70.6,9.6,46.3909642647823,0.0,60.0,55.0,1045.5102873185174,49.27629167921824,,29.217406291076372,16.578516651370933,0.28132584466116123,0.0,0.20500000000000002,0.0,Water Tank + DSM
2024-03-19 17:00:00,37.08846458128985,69.0,9.1,37.08846458128985,0.0,59.66216216216216,54.66216216216216,948.840694609296,49.229393201429296,,23.358616393459577,13.254126905516268,0.22491327332546643,0.0,0.20550675675675675,0.0,Water Tank + DSM
2024-03-19 18:00:00,29.45052870964471,68.5,8.0,29.45052870964471,0.0,58.918918918918926,53.918918918918926,734.3098542976252,49.18257536023295,,18.54818231165596,10.524594354577246,0.17859501297860028,0.0,0.20662162162162162,0.0,Water Tank + DSM
2024-03-19 19:00:00,55.629104261492785,70.8,6.85,55.629104261492785,0.0,58.141891891891895,53.141891891891895,1049.866413886872,49.13583801698375,,35.03566193493758,19.879906484292082,0.3373481235437239,0.0,0.20778716216216217,0.0,Water Tank + DSM
2024-03-19 20:00:00,65.55341226344008,78.4,5.85,65.55341226344008,0.0,57.46621621621622,52.46621621621622,748.0805181694307,49.08918103327459,,41.286071764655205,23.42650888997909,0.3975314884634495,0.0,0.20880067567567567,0.0,Water Tank + DSM
2024-03-19 21:00:00,81.09750209946702,73.1,5.3,81.09750209946702,0.0,57.09459459459459,52.09459459459459,1210.4352834984595,49.04260427093643,,51.0758658627478,28.98142580669017,0.49179454748610874,0.0,0.20935810810810812,0.0,Water Tank + DSM
2024-03-19 22:00:00,68.61174297428136,76.3,5.05,68.61174297428136,0.0,56.92567567567568,51.92567567567568,846.0044793866975,48.99610759203776,,43.21223329992989,24.51944988438675,0.4160779335334382,0.0,0.20961148648648648,0.01927032025537374,Water Tank + DSM
2024-03-19 23:00:00,78.60949547752764,75.8,5.05,121.11226685214473,42.502771374617076,55.24964174092553,51.92567567567568,1408.128728626817,53.371389440780945,,49.50889907341386,70.59507017426515,0.4767066833829903,0.0,0.2121255373886117,0.5199498623450051,Water Tank + DSM
2024-03-20 00:00:00,76.94929899256483,76.1,4.85,113.00162723236107,36.05232823979623,56.32276431852887,51.79054054054053,1365.1680382838226,57.068088737040924,,47.016385178639275,26.67799861514077,5.39584638345845,36.05232823979624,0.2105158535222067,0.19104704194058988,Water Tank + DSM
2024-03-20 01:00:00,88.4146664898461,76.3,4.4,118.93226515912566,30.517598669279565,57.089858216068606,51.48648648648649,1479.1872739652053,60.18263676691492,,54.02177887974256,30.65299334828453,6.199822021380828,30.517598669279565,0.20936521267589708,0.0,Water Tank + DSM
2024-03-20 02:00:00,93.61440425079657,79.8,3.65,124.74697565666145,31.13257140586488,57.755584279817526,50.97972972972973,1352.0227991498564,63.35580737804772,,57.19884321427776,32.455720580395315,6.5644385488825,31.13257140586488,0.20836662358027372,0.0,Water Tank + DSM
2024-03-20 03:00:00,93.85215177175175,78.5,3.35,117.90224388267512,24.050092110923366,58.37755703501961,50.777027027027025,1399.8596189966486,65.78670956121394,,57.34410807265646,32.538146646881096,6.581109904150417,24.050092110923373,0.20743366444747058,0.0,Water Tank + DSM
2024-03-20 04:00:00,88.81737578890527,77.2,3.2,106.95994235938643,18.14256657048117,58.93321644539149,50.67567567567568,1398.92703994076,67.59885367507307,,54.26783616379158,30.792610970059656,6.228060842830306,18.142566570481165,0.20660017533191277,0.0,Water Tank + DSM
2024-03-20 05:00:00,78.70225408958154,78.9,3.1,96.66965211389719,17.96739802431564,59.97499146853768,50.60810810810811,1220.3753614568411,69.3896587574376,,48.08744902355046,27.285740781253743,5.5187672748042775,17.967398024315642,0.20503751279719348,0.0,Water Tank + DSM
2024-03-20 06:00:00,87.85068669464974,76.3,2.85,98.86418898675699,11.01350229210725,59.65759402250667,50.43918918918919,1419.2104419183074,70.45394912427793,,53.67718456074189,30.457463923166966,6.160274574190335,11.013502292107248,0.20551360896624,0.0,Water Tank + DSM
2024-03-20 07:00:00,80.06797732515113,79.5,3.35,0.0,-80.06797732515113,79.5,50.777027027027025,0.0,58.64446623805723,,48.92191237190613,0.0,0.0,0.0,0.17575000000000002,0.0,Water Tank + DSM
2024-03-20 08:00:00,83.04522547391944,76.5,3.7,37.74213352028059,-45.303091953638855,56.013513513513516,51.013513513513516,440.10848457365177,53.8689683760481,,50.7410250547703,0.0,0.0,0.0,0.21097972972972973,0.3003320131620181,Water Tank + DSM
2024-03-20 09:00:00,80.03393014665679,76.2,3.95,64.36513158140971,-15.668798565247068,56.18243243243243,51.18243243243243,768.1395635302197,52.18428316831727,,48.90110938501354,17.690775904698665,0.0,0.0,0.21072635135135137,0.23987976630756774,Water Tank + DSM
2024-03-20 10:00:00,78.41702809759364,77.7,4.75,78.41702809759364,0.0,56.72297297297297,51.72297297297297,893.0324032258296,52.13238473027474,,47.9131745950913,27.186854128368307,5.498766629476957,0.0,0.20991554054054054,0.07963946588103143,Water Tank + DSM
2024-03-20 11:00:00,76.82158908791992,74.8,5.4,76.82158908791992,0.0,57.16216216216216,52.16216216216216,1040.4919321768525,52.08057552568712,,46.93835382362338,26.633722127845076,5.38689109684594,0.0,0.20925675675675676,0.0,Water Tank + DSM
2024-03-20 12:00:00,79.96296556503367,74.6,5.65,79.96296556503367,0.0,57.33108108108108,52.33108108108108,1106.1767291581743,52.02885540112767,,48.85774969041832,27.72282415220756,5.607171010048964,0.0,0.20900337837837837,0.0,Water Tank + DSM
2024-03-20 13:00:00,73.2793369738214,77.7,5.85,73.2793369738214,0.0,57.46621621621622,52.46621621621622,865.1774717126252,51.977224203433394,,44.77402104896878,25.40563820464351,5.138500942427466,0.0,0.20880067567567567,0.0,Water Tank + DSM
2024-03-20 14:00:00,79.38581754053257,72.4,6.2,79.38581754053257,0.0,57.7027027027027,52.7027027027027,1290.3461146604304,51.92568177970466,,48.50510952110819,27.522729357323733,5.566700178975826,0.0,0.20844594594594595,0.0,Water Tank + DSM
2024-03-20 15:00:00,77.16670638669406,75.7,6.2,77.16670638669406,0.0,57.7027027027027,52.7027027027027,1024.2912183367105,51.874227977304784,,47.149222123444346,26.75337284512643,5.4110914463337165,0.0,0.20844594594594595,0.0,Water Tank + DSM
2024-03-20 16:00:00,96.99288258955677,77.0,6.0,96.99288258955677,0.0,57.567567567567565,52.567567567567565,1192.376687047294,51.82286264385945,,59.2631094385638,33.62702482387435,6.8013445423672945,0.0,0.20864864864864865,0.0,Water Tank + DSM
2024-03-20 17:00:00,113.85437533180686,78.0,5.6,113.85437533180686,0.0,57.2972972972973,52.2972972972973,1313.7824475457962,51.771585627256414,,69.56556115463546,39.472833504606044,7.983707810442967,0.0,0.20905405405405406,0.0,Water Tank + DSM
2024-03-20 18:00:00,103.07133431948675,80.9,5.15,103.07133431948675,0.0,56.99324324324325,51.99324324324325,1029.9544337967973,51.720396775644865,,62.977072159026896,35.734398496621395,7.22757833804019,0.0,0.20951013513513514,0.002553124546985327,Water Tank + DSM
2024-03-20 19:00:00,88.73711563963434,75.2,4.7,88.73711563963434,0.0,56.689189189189186,51.689189189189186,1145.1981609245393,51.669295937435166,,54.21879683345302,30.7647851135654,6.2224328326749285,0.0,0.20996621621621622,0.101110729229954,Water Tank + DSM
2024-03-20 20:00:00,79.80669912554194,75.4,4.2,79.80669912554194,0.0,56.351351351351354,51.351351351351354,1000.8660386674336,51.61828296129827,,48.76227015771528,27.668647234276758,5.596213279264843,0.0,0.21047297297297296,0.18977748385705315,Water Tank + DSM
2024-03-20 21:00:00,96.56724120018684,79.5,3.95,96.56724120018684,0.0,56.18243243243243,51.18243243243243,989.3440732972452,51.567357696165374,,59.00304053900798,33.47945674275051,6.771497674604355,0.0,0.21072635135135137,0.2894338339954056,Water Tank + DSM
2024-03-20 22:00:00,100.62492781994993,80.5,3.4,100.62492781994993,0.0,55.81081081081081,50.81081081081081,973.6425166114345,51.51651999122737,,61.48230623144042,34.886239643179195,7.056031178601213,0.0,0.2112837837837838,0.43868456338108974,Water Tank + DSM
2024-03-20 23:00:00,101.67230428265975,77.4,2.8,142.72034260965728,41.04803832699752,54.92884000241911,50.4054054054054,1517.4726313999572,55.7361279216744,,62.122258197767806,76.29739898865935,7.129475414902552,0.0,0.21260673999637134,0.7719908168316499,Water Tank + DSM
2024-03-21 00:00:00,120.17736720729715,80.9,2.35,160.0911535562011,39.91378634890397,55.835065662247615,50.101351351351354,1525.9956434574406,59.83048109262651,,64.79720231098719,36.767175250701456,13.681305994015142,39.91378634890394,0.21124740150662857,0.452906915774143,Water Tank + DSM
2024-03-21 01:00:00,129.0327062749848,86.2,2.15,170.86225565849736,41.82954938351254,57.04282184772133,49.96621621621622,1400.0780308675508,64.11709754307296,,69.57182177915693,39.47638590302373,14.689420968416371,41.82954938351254,0.209435767228418,0.0,Water Tank + DSM
2024-03-21 02:00:00,132.947257611818,80.0,2.35,158.16874133606228,25.221483724244287,57.62354562762826,50.101351351351354,1688.7418442388885,66.66855437303245,,71.6824685741728,40.674007371806205,15.135063737209231,25.221483724244266,0.20856468155855762,0.0,Water Tank + DSM
2024-03-21 03:00:00,123.79794676261646,81.9,2.3,147.99084755878724,24.192900796170782,58.56783915689089,50.06756756756757,1515.3557723961626,69.10861764996523,,66.74934547555141,37.87485871983514,14.093482245859265,24.192900796170758,0.20714824126466366,0.0,Water Tank + DSM
2024-03-21 04:00:00,147.5862893898671,84.0,1.85,171.24379538160167,23.65750599173458,58.73201768322757,49.76351351351351,1619.1002334561979,71.48878681375649,,79.57553800814537,45.15268633933342,16.801609426017098,23.65750599173458,0.20690197347515865,0.0,Water Tank + DSM
2024-03-21 05:00:00,147.8529820317765,87.0,1.15,172.49577417489573,24.642792143119227,59.397583983208214,49.29054054054054,1493.006833231458,73.96736607978124,,79.71933327903733,45.23427853369596,16.831970414322168,24.642792143119237,0.2059036240251877,0.0,Water Tank + DSM
2024-03-21 06:00:00,153.88682595055363,83.6,-0.05,153.88682595055363,0.0,53.479729729729726,48.479729729729726,1220.515652936275,73.87801411095413,,82.97265970982455,47.08027834174956,17.518878996955063,0.0,0.2147804054054054,1.7525171233304853,Water Tank + DSM
2024-03-21 07:00:00,130.2615118882526,87.7,-1.45,0.0,-130.2615118882526,87.7,47.53378378378379,0.0,56.27835134616915,,70.23436887745079,0.0,0.0,0.0,0.16344999999999998,0.0,Water Tank + DSM
2024-03-21 08:00:00,126.22304185545751,82.1,-0.65,73.54396814651011,-52.67907370894739,53.07432432432433,48.07432432432433,605.2927843188909,50.73976668799506,,68.05690763143679,0.3072822719770585,0.0,0.0,0.2153885135135135,1.6030160811026235,Water Tank + DSM
2024-03-21 09:00:00,102.71522832379583,82.0,0.75,102.71522832379583,0.0,54.02027027027027,49.02027027027027,876.9848617366464,50.690351931563846,,55.38197070531354,31.424792275425244,11.693370404087647,0.0,0.2139695945945946,0.9901398276098634,Water Tank + DSM
2024-03-21 10:00:00,83.38107537671715,79.5,1.85,83.38107537671715,0.0,54.76351351351351,49.76351351351351,805.2491118568468,50.641022138179785,,44.957387032562245,25.509683580267,9.492319833993182,0.0,0.21285472972972974,0.6032795313964109,Water Tank + DSM
2024-03-21 11:00:00,58.70784949674266,74.5,3.15,58.70784949674266,0.0,55.64189189189189,50.64189189189189,743.7017905582729,50.591777161758635,,31.654083372633878,17.961133957238804,6.683455228554498,0.0,0.21153716216216217,0.2579380036986255,Water Tank + DSM
2024-03-21 12:00:00,55.2564119384364,72.6,5.05,55.2564119384364,0.0,56.92567567567568,51.92567567567568,842.160035017166,50.54261685646726,,29.79313814703627,16.905197947638868,6.290534544304751,0.0,0.20961148648648648,0.01328612917367806,Water Tank + DSM
2024-03-21 13:00:00,65.6034676682692,75.2,6.5,65.6034676682692,0.0,57.9054054054054,52.9054054054054,906.1856609246682,50.49354107672332,,35.3720610260218,20.07078577992446,7.468470447433561,0.0,0.2081418918918919,0.0,Water Tank + DSM
2024-03-21 14:00:00,66.53967311720423,73.9,7.45,66.53967311720423,0.0,58.54729729729729,53.54729729729729,1035.372436073668,50.44454967719475,,35.87684404206717,20.357209343791364,7.575050525844254,0.0,0.20717905405405407,0.0,Water Tank + DSM
2024-03-21 15:00:00,75.19026067696589,71.5,6.8,75.19026067696589,0.0,58.108108108108105,53.108108108108105,1341.2830356378631,50.39564251279936,,40.54106564422547,23.003778129764758,8.559856052736626,0.0,0.20783783783783785,0.0,Water Tank + DSM
2024-03-21 16:00:00,62.89647072186626,77.0,7.0,62.89647072186626,0.0,58.24324324324324,53.24324324324324,801.0678578344211,50.346819438704436,,33.91250310037067,19.242604621987866,7.160298830687122,0.0,0.20763513513513515,0.0,Water Tank + DSM
2024-03-21 17:00:00,74.98839638599823,71.2,6.9,74.98839638599823,0.0,58.17567567567568,53.17567567567568,1375.4336341456246,50.2980803103263,,40.4322245071199,22.942019581251504,8.536875293562314,0.0,0.2077364864864865,0.0,Water Tank + DSM
2024-03-21 18:00:00,61.04085908542006,74.9,6.4,61.04085908542006,0.0,57.83783783783784,52.83783783783784,854.6481324571461,50.249424983329845,,32.91199488978537,18.674897075884164,6.949051145750868,0.0,0.20824324324324325,0.0,Water Tank + DSM
2024-03-21 19:00:00,76.84141246418598,74.5,5.6,76.84141246418598,0.0,57.2972972972973,52.2972972972973,1067.0860227897958,50.20085331362815,,41.431333245263005,23.50893303985288,8.7478274933537,0.0,0.20905405405405406,0.0,Water Tank + DSM
2024-03-21 20:00:00,86.81453884687237,77.1,4.55,86.81453884687237,0.0,56.58783783783784,51.58783783783784,1011.0713340108182,50.152365157382,,46.80864099387821,26.56012058065765,9.883194301008585,0.0,0.21011824324324324,0.11575650407945537,Water Tank + DSM
2024-03-21 21:00:00,97.73789780833637,79.0,4.45,97.73789780833637,0.0,56.520270270270274,51.520270270270274,1038.6582721911564,50.10396037099953,,52.69829490284269,29.902023158450856,11.126738072245255,0.0,0.21021959459459458,0.1516856326257488,Water Tank + DSM
2024-03-21 22:00:00,101.19328567526112,77.6,5.25,101.19328567526112,0.0,57.060810810810814,52.060810810810814,1176.9802574850237,50.0556388111357,,54.561370054837354,30.95916772913551,11.520108469966319,0.0,0.20940878378378378,0.0,Water Tank + DSM
2024-03-21 23:00:00,96.47454398539062,77.4,5.3,139.835044708409,43.360500723018376,55.81968954436714,52.09459459459459,1548.1872311001207,54.518331253483936,,52.01712010963417,72.87601224045642,10.982914566770923,0.0,0.2112704656834493,0.3683781044238701,Water Tank + DSM
2024-03-22 00:00:00,78.59873173566397,77.1,5.3,114.41984296121107,35.8211112255471,56.87577704871627,52.09459459459459,1351.74653901775,58.1890043294033,,48.12938636447277,27.309536832753597,0.04174405438086157,35.8211112255471,0.20968633442692558,0.035872646506017444,Water Tank + DSM
2024-03-22 01:00:00,81.48934849923543,72.8,5.4,104.68756171882914,23.19821321959371,57.71498476881472,52.16216216216216,1658.0442157243656,60.540166364458706,,49.899435422178186,28.313896613514668,0.04327927079858406,23.19821321959371,0.2084275228467779,0.0,Water Tank + DSM
2024-03-22 02:00:00,67.54985456224077,77.9,5.65,95.10630742161149,27.556452859370722,58.927748105324326,52.33108108108108,1197.7091295811042,63.34068736652312,,41.363683322829445,23.470547176496105,0.03587595804661043,27.556452859370722,0.20660837784201352,0.0,Water Tank + DSM
2024-03-22 03:00:00,80.0587969692143,73.6,5.2,96.36973553941196,16.310938570197667,58.908796538218965,52.027027027027025,1567.181170543677,64.96648698963129,,49.02344714880209,27.816844067785905,0.042519500004003535,16.310938570197663,0.20663680519267155,0.0,Water Tank + DSM
2024-03-22 04:00:00,71.29288693178192,76.9,4.35,90.25851159982662,18.9656246680447,59.594769031391415,51.45270270270271,1246.1065041742013,66.86566667669486,,43.655703144399055,24.77108317885746,0.03786389529868893,18.965624668044697,0.20560784645291288,0.0,Water Tank + DSM
2024-03-22 05:00:00,87.72348822128355,76.9,3.9,103.68285771302054,15.959369491736991,59.493210470235326,51.148648648648646,1423.0527858587586,68.44883081537989,,53.716867494004035,30.47998078052616,0.046590243658175164,15.959369491736993,0.205760184294647,0.0,Water Tank + DSM
2024-03-22 06:00:00,91.22453350670685,79.2,3.4,108.32177424276358,17.097240736056726,59.957839905004796,50.81081081081081,1344.9169984550717,70.1476492888817,,55.860708208741634,31.696437115940824,0.04844966074490476,17.097240736056733,0.2050632401424928,0.0,Water Tank + DSM
2024-03-22 07:00:00,96.18819142149606,79.7,1.6,0.0,-96.18819142149606,79.7,49.5945945945946,0.0,57.33909957159147,,58.90016958790742,0.0,0.0,0.0,0.17545,0.0,Water Tank + DSM
2024-03-22 08:00:00,106.06052437845308,79.2,2.55,59.84023242022036,-46.22029195823272,55.236486486486484,50.236486486486484,596.5454716232473,52.470550627164364,,64.94542396684677,0.0,0.0,0.0,0.21214527027027028,0.6871927968383931,Water Tank + DSM
2024-03-22 09:00:00,93.35670655674086,81.4,3.85,93.35670655674086,0.0,56.11486486486487,51.11486486486487,882.025252461265,52.41815998482154,,57.16632953690919,32.437271696319776,0.0495820651207077,0.0,0.2108277027027027,0.3035995609189888,Water Tank + DSM
2024-03-22 10:00:00,90.8106661552717,74.8,3.9,90.8106661552717,0.0,56.148648648648646,51.148648648648646,1163.1275274247744,52.36585942222289,,55.60727941643168,31.55263675901008,0.04822985438361544,0.0,0.21077702702702703,0.2840479948569088,Water Tank + DSM
2024-03-22 11:00:00,62.45754124440629,77.4,4.15,62.45754124440629,0.0,56.317567567567565,51.317567567567565,707.7256603398149,52.313648784486524,,38.245440702995964,21.70119651337058,0.033171413082971876,0.0,0.21052364864864864,0.15659957477037598,Water Tank + DSM
2024-03-22 12:00:00,73.07412520181043,72.5,5.9,73.07412520181043,0.0,57.5,52.5,1163.7860360218256,52.26152791699694,,44.74643200238758,25.389983650519667,0.03880991701643635,0.0,0.20875,0.0,Water Tank + DSM
2024-03-22 13:00:00,66.34589556558706,75.4,6.7,66.34589556558706,0.0,58.04054054054053,53.04054054054053,913.0165265960783,52.20949666540436,,40.626447410272895,23.052225381243517,0.035236531318992695,0.0,0.2079391891891892,0.0,Water Tank + DSM
2024-03-22 14:00:00,81.16980276836833,75.5,4.35,81.16980276836833,0.0,56.45270270270271,51.45270270270271,1018.0331175133277,52.15755487562448,,49.70376381778456,28.20286879265602,0.04310955897153639,0.0,0.21032094594594594,0.16321641361785827,Water Tank + DSM
2024-03-22 15:00:00,68.99557757907749,77.9,3.8,68.99557757907749,0.0,56.08108108108108,51.08108108108108,755.4205625772644,52.10570239383787,,42.24896175056994,23.972871133974763,0.03664378646956081,0.0,0.2108783783783784,0.232940221543683,Water Tank + DSM
2024-03-22 16:00:00,85.84025246934586,74.0,4.45,85.84025246934586,0.0,56.520270270270274,51.520270270270274,1173.1594653652685,52.05393906648965,,52.56368118782767,29.825640754973755,0.04559005073005952,0.0,0.21021959459459458,0.1512981634190164,Water Tank + DSM
2024-03-22 17:00:00,89.69546153141654,79.6,4.6,89.69546153141654,0.0,56.621621621621614,51.621621621621614,932.5065012842632,52.002264740288865,,54.9243916263655,31.165153130728953,0.047637565405969313,0.0,0.2100675675675676,0.12469321342202148,Water Tank + DSM
2024-03-22 18:00:00,108.56622446219609,80.0,2.35,108.56622446219609,0.0,55.101351351351354,50.101351351351354,1041.6450013584742,51.950679262208176,,66.47977197451618,37.72189754555576,0.05765989193205208,0.0,0.21234797297297298,0.7573303753313116,Water Tank + DSM
2024-03-22 19:00:00,112.18751012363407,80.7,1.9,98.20998554311284,-13.977524580521232,54.79729729729729,49.79729729729729,905.7562555224163,50.44526285431149,,68.69724104668431,25.062190611568116,0.0,0.0,0.21280405405405406,0.9079175911305061,Water Tank + DSM
2024-03-22 20:00:00,103.0411362490091,82.8,1.5,103.0411362490091,0.0,54.52702702702703,49.52702702702703,870.6426479873479,50.396354463689256,,63.09652265944346,35.80217700134019,0.05472549874609075,0.0,0.21320945945945946,0.9362159713522809,Water Tank + DSM
2024-03-22 21:00:00,101.64830288335385,78.2,1.45,101.64830288335385,0.0,54.49324324324324,49.49324324324324,1024.3037540993987,50.34753016547587,,62.24363084151437,35.318229827368285,0.05398576019719239,0.0,0.21326013513513514,0.9361778530622367,Water Tank + DSM
2024-03-22 22:00:00,98.70345911272942,81.7,-0.05,98.70345911272942,0.0,53.479729729729726,48.479729729729726,835.5491086612509,50.298789815083985,,60.44037625343706,34.295028591869446,0.05242174363115525,0.0,0.2147804054054054,1.2765987578935436,Water Tank + DSM
2024-03-22 23:00:00,97.04459528257816,82.7,0.45,148.41701546417343,51.37242018159528,53.53389424902439,48.817567567567565,1215.8440532152513,55.59456945317432,,59.42458253203313,85.09106793538203,0.0515407153956213,0.0,0.2146991586264634,1.2358313235816278,Water Tank + DSM
2024-03-23 00:00:00,87.79659626966912,78.5,0.4,124.13213027170801,36.33553400203888,54.99450438544346,48.783783783783775,1261.7587781374336,59.3169091320297,,49.068466718582485,27.84238903504981,9.070612738494948,36.335534002038884,0.2125082434218348,0.5904395689027834,Water Tank + DSM
2024-03-23 01:00:00,80.84244420171066,79.2,0.05,112.39481365318383,31.552369451473172,56.16969895649942,48.5472972972973,1166.0192149248826,62.53524113980671,,45.181874369894075,25.63706200061345,8.352151852616087,31.55236945147317,0.21074545156525087,0.2250873446198118,Water Tank + DSM
2024-03-23 02:00:00,86.47225404916203,81.3,-0.15,116.25728923486439,29.785035185702352,57.22847548324124,48.41216216216216,1153.9063285459208,65.56417837611119,,48.32830770408757,27.422408615699105,8.933789718858042,29.785035185702355,0.20915728677513815,0.0,Water Tank + DSM
2024-03-23 03:00:00,98.0622099647412,80.0,0.3,120.99307617949478,22.93086621475358,57.839865441828934,48.71621621621622,1304.452423607367,67.87484701413942,,54.80579533204362,31.09785931892997,10.131193789552814,22.93086621475358,0.2082402018372566,0.0,Water Tank + DSM
2024-03-23 04:00:00,110.20952974218808,82.3,-0.05,133.12668360870555,22.917153866517474,58.326633749210735,48.479729729729726,1326.6996189488643,70.18011628423386,,61.59478695068052,34.950063360394296,11.386181319746466,22.917153866517467,0.2075100493761839,0.0,Water Tank + DSM
2024-03-23 05:00:00,127.74910410556032,84.6,-0.35,150.6610924074402,22.911988301879898,58.657771596968885,48.27702702702703,1387.4782342709996,72.48088461861235,,71.39744511141103,40.512279592948886,13.19826394490338,22.911988301879887,0.20701334260454668,0.0,Water Tank + DSM
2024-03-23 06:00:00,146.07748867175957,84.9,-0.15,165.82282896013317,19.74534028837361,58.86139596354073,48.41216216216216,1521.4304974555998,74.44826076365554,,81.64095985234209,46.32464630371187,15.091841664153016,19.745340288373598,0.20670790605468892,0.0,Water Tank + DSM
2024-03-23 07:00:00,139.7530099601848,87.0,0.05,0.0,-139.7530099601848,87.0,48.5472972972973,0.0,55.67974949800297,,78.10628440526557,0.0,0.0,0.0,0.1645,0.0,Water Tank + DSM
2024-03-23 08:00:00,131.16121543409582,82.6,0.25,84.03512149585158,-47.12609393824424,53.682432432432435,48.682432432432435,694.2243607988411,50.71988353199732,,73.3044332895186,8.019029946377977,0.0,0.0,0.21447635135135135,1.459154462641362,Water Tank + DSM
2024-03-23 09:00:00,109.59290833535701,81.8,1.15,109.59290833535701,0.0,54.29054054054054,49.29054054054054,951.7024149059238,50.670502962388895,,61.250164627440085,34.754518045134034,11.322475729492703,0.0,0.21356418918918918,0.9957290276596003,Water Tank + DSM
2024-03-23 10:00:00,104.1558527979529,79.9,2.25,104.1558527979529,0.0,55.03378378378378,50.03378378378378,1000.6328343629968,50.6212072970473,,58.21145936983815,33.030298406680075,10.76075207148206,0.0,0.21244932432432434,0.6867378922955235,Water Tank + DSM
2024-03-23 11:00:00,96.81258276277023,78.9,3.55,96.81258276277023,0.0,55.91216216216217,50.91216216216217,1006.0844984350501,50.57199638998931,,54.107393647060185,30.701572809152417,10.002089873248902,0.0,0.21113175675675674,0.35316042069635023,Water Tank + DSM
2024-03-23 12:00:00,95.64448302124309,77.1,5.0,95.64448302124309,0.0,56.891891891891895,51.891891891891895,1130.667850203595,50.522870095482695,,53.45455668382463,30.331140596319862,9.881408880528129,0.0,0.20966216216216216,0.03467322595707451,Water Tank + DSM
2024-03-23 13:00:00,92.70822071345233,76.7,6.2,92.70822071345233,0.0,57.7027027027027,52.7027027027027,1165.8084605731533,50.473828268045835,,51.81351482743738,29.399981975644423,9.578052037276443,0.0,0.20844594594594595,0.0,Water Tank + DSM
2024-03-23 14:00:00,87.38655326509858,75.4,7.1,87.38655326509858,0.0,58.310810810810814,53.310810810810814,1221.585666631573,50.42487076244722,,48.83929859159545,27.712354644886354,9.028249577978288,0.0,0.2075337837837838,0.0,Water Tank + DSM
2024-03-23 15:00:00,89.33506839409505,73.5,7.9,89.33506839409505,0.0,58.851351351351354,53.851351351351354,1456.8847178970832,50.37599743370503,,49.92830037321517,28.3302751402956,9.229558363297695,0.0,0.20672297297297296,0.0,Water Tank + DSM
2024-03-23 16:00:00,81.2081895373927,76.0,7.65,81.2081895373927,0.0,58.682432432432435,53.682432432432435,1120.246804094778,50.32720813708674,,45.38628505998812,25.753048546293837,8.389938446195329,0.0,0.20697635135135134,0.0,Water Tank + DSM
2024-03-23 17:00:00,74.54308784809271,73.2,7.3,74.54308784809271,0.0,58.44594594594595,53.44594594594595,1206.9708588986512,50.27850272810875,,41.66123950796176,23.63938626237489,7.701340495306263,0.0,0.2073310810810811,0.0,Water Tank + DSM
2024-03-23 18:00:00,62.55697758141255,72.9,6.45,62.55697758141255,0.0,57.87162162162162,52.87162162162162,994.4075494076575,50.229881062535746,,34.96234595519383,19.838305591355716,6.463008155678721,0.0,0.20819256756756757,0.0,Water Tank + DSM
2024-03-23 19:00:00,68.62152439273693,74.7,5.4,68.62152439273693,0.0,57.16216216216216,52.16216216216216,934.7276450607197,50.18134299638053,,38.351748574638655,21.76151763847806,7.089560412796252,0.0,0.20925675675675676,0.0,Water Tank + DSM
2024-03-23 20:00:00,72.45286748036052,77.2,4.1,72.45286748036052,0.0,56.28378378378378,51.28378378378378,827.5099638280542,50.132888385903385,,40.493040364642546,22.976527665116382,7.485391582713132,0.0,0.21057432432432432,0.1740106329183291,Water Tank + DSM
2024-03-23 21:00:00,78.95447701609709,76.4,3.05,78.95447701609709,0.0,55.57432432432432,50.57432432432432,905.6876306809569,50.08451708761177,,44.126712109064385,25.038342698263676,8.157098514203206,0.0,0.2116385135135135,0.37746228060861875,Water Tank + DSM
2024-03-23 22:00:00,76.84843908525296,78.8,2.1,76.84843908525296,0.0,54.932432432432435,49.932432432432435,769.1794380236348,50.036228958259855,,42.94967271906017,24.37046797550075,7.9395154267610355,0.0,0.21260135135135136,0.5328081021094213,Water Tank + DSM
2024-03-23 23:00:00,94.37595449430594,78.6,1.35,139.6683437696225,45.29238927531657,53.80374231727236,49.42567567567568,1345.7981716837528,54.69993523314755,,52.74559127456887,75.22124930211913,9.750352193771862,0.0,0.21429438652409147,1.0115310080481166,Water Tank + DSM
2024-03-24 00:00:00,106.61032989456099,82.4,1.0,150.54078477798672,43.93045488342573,55.067846294557214,49.189189189189186,1315.9569249342842,59.21393667196283,,54.178901953961585,30.742147993851074,18.654367454839996,46.6837590886944,0.21239823055816417,0.6280917970030098,Water Tank + DSM
2024-03-24 01:00:00,104.33714752319308,83.0,0.6,142.07286790694044,37.73572038374736,56.27781105963286,48.91891891891892,1270.2670388927236,63.07571922787437,,53.02368064526082,30.08665326883972,18.25661257227561,40.430317683328575,0.21058328341055071,0.22975869443739913,Water Tank + DSM
2024-03-24 02:00:00,97.69945424897952,78.8,0.15,122.66819539271638,24.968741143736864,56.92715474826426,48.61486486486487,1339.8917890824866,65.60267293511873,,49.650434042799695,28.17260845558871,17.095168183986395,27.491914259345933,0.20960926787760362,0.021700790199819745,Water Tank + DSM
2024-03-24 03:00:00,112.68335339591818,81.2,0.25,137.45444993855807,24.77109654263991,57.598598037253566,48.682432432432435,1391.4230352114023,68.10472035398513,,57.26518585505776,32.49336466707125,19.71700755799172,27.681241845403715,0.20860210294411966,0.0,Water Tank + DSM
2024-03-24 04:00:00,136.6712065132701,87.4,-0.25,167.30443664969283,30.63323013642271,58.26423168034607,48.3445945945946,1371.8915087751043,71.2123221484891,,69.45570757482355,39.41050047668492,23.914332779162823,34.162882544442596,0.2076036524794809,0.0,Water Tank + DSM
2024-03-24 05:00:00,148.4064713898312,85.8,-1.05,171.5857215556311,23.179250165799882,58.244229160446324,47.804054054054056,1487.6384683523593,73.53911986301613,,75.4195177026019,42.794480715176704,25.96773551606231,27.011975964236367,0.2076336562593305,0.0,Water Tank + DSM
2024-03-24 06:00:00,128.82153430757174,84.7,-0.55,146.57490899736175,17.753374689790018,59.477353256817274,48.14189189189189,1388.33699240247,75.2974460749974,,65.46653859632134,37.146969495311325,22.540819819677903,21.08030250709428,0.2057839701147741,0.0,Water Tank + DSM
2024-03-24 07:00:00,122.86106593688127,82.8,-0.95,0.0,-122.86106593688127,82.8,47.871621621621614,0.0,57.28981107595188,,62.43745471885177,0.0,0.0,0.0,0.1708,0.0,Water Tank + DSM
2024-03-24 08:00:00,114.66744430228391,83.5,0.05,60.240861205430704,-54.42658309685321,53.5472972972973,48.5472972972973,480.458556353763,51.56766547260361,,58.273492149485804,1.6644781207489352,0.0,0.0,0.21467905405405405,1.2072062630427258,Water Tank + DSM
2024-03-24 09:00:00,107.23987507584516,81.6,1.0,92.63413589707076,-14.605739178774396,54.189189189189186,49.189189189189186,807.327876356318,49.997537079384095,,54.49883405328177,30.923683602557986,6.928347028118475,0.0,0.21371621621621623,0.9191154716012936,Water Tank + DSM
2024-03-24 10:00:00,96.16464611212179,79.3,1.4,96.16464611212179,0.0,54.45945945945947,49.45945945945947,924.8156527552238,49.949398502252585,,48.87045128083659,27.73003127819781,16.826611891308765,2.483535364730045,0.2133108108108108,0.7449441762808583,Water Tank + DSM
2024-03-24 11:00:00,88.01103368941119,79.6,1.7,88.01103368941119,0.0,54.66216216216216,49.66216216216216,843.1000232207175,49.90134269392325,,44.72682121743147,25.378856115046386,15.399916350942076,2.272961254380863,0.21300675675675676,0.6273843300499172,Water Tank + DSM
2024-03-24 12:00:00,76.41672870727973,78.3,2.65,76.41672870727973,0.0,55.304054054054056,50.304054054054056,793.8490677051092,49.853369512084576,,38.83464628961262,22.03552306280794,13.371178369040413,1.973528275456194,0.2120439189189189,0.3951687656226792,Water Tank + DSM
2024-03-24 13:00:00,63.9228272732866,74.7,3.65,63.9228272732866,0.0,55.97972972972973,50.97972972972973,815.7266233378273,49.8054788146697,,32.48530039147833,18.432782434537916,11.185031599541007,1.650862438173379,0.2110304054054054,0.19886271726134638,Water Tank + DSM
2024-03-24 14:00:00,62.03490935635018,74.8,3.85,62.03490935635018,0.0,56.11486486486487,51.11486486486487,793.1232567318392,49.75767045985608,,31.525868788368324,17.888382543269376,10.854689177920712,1.6021053210624572,0.2108277027027027,0.16742792478146856,Water Tank + DSM
2024-03-24 15:00:00,64.96319560235216,76.6,4.4,64.96319560235216,0.0,56.48648648648649,51.48648648648649,771.5786722583395,49.70994430606496,,33.01401101222396,18.732782980187487,11.367072243425714,1.6777308523155876,0.21027027027027026,0.10171884474036476,Water Tank + DSM
2024-03-24 16:00:00,72.60766487199118,74.7,4.75,72.60766487199118,0.0,56.72297297297297,51.72297297297297,964.8623816496213,49.662300211961075,,36.898896758844046,20.937141655881625,12.704679386130502,1.8751558992876831,0.20991554054054054,0.06133195001807963,Water Tank + DSM
2024-03-24 17:00:00,61.52927316245197,76.4,4.35,61.52927316245197,0.0,56.45270270270271,51.45270270270271,736.8829371268477,49.614738036452096,,31.268906692850198,17.742577322337784,10.766214417840965,1.589046827946707,0.21032094594594594,0.10268032873462855,Water Tank + DSM
2024-03-24 18:00:00,80.45607588185874,74.0,3.95,80.45607588185874,0.0,56.18243243243243,51.18243243243243,1078.726153697138,49.567257638688346,,40.88742480315789,23.20030895890512,14.0779716652134,2.0778479185274414,0.21072635135135137,0.20056939464251886,Water Tank + DSM
2024-03-24 19:00:00,107.79548297535904,81.0,2.8,107.79548297535904,0.0,55.4054054054054,50.4054054054054,1006.1276488300075,49.51985887806232,,54.781191550368405,31.083898661364213,18.861742116200745,2.783911811158984,0.2118918918918919,0.5241227515900119,Water Tank + DSM
2024-03-24 20:00:00,139.23086891536727,85.5,1.6,139.23086891536727,0.0,54.5945945945946,49.5945945945946,1076.2219975905252,49.47254161420825,,70.7565167783559,40.148604565260506,24.3622151096676,3.595757908891434,0.2131081081081081,1.0211886475578926,Water Tank + DSM
2024-03-24 21:00:00,149.30781979597685,84.6,0.5,149.30781979597685,0.0,53.851351351351354,48.851351351351354,1159.9981480920835,49.42530570700168,,75.87757900839864,43.054393484634936,26.12545085555806,3.8560039025330286,0.21422297297297296,1.433471019645151,Water Tank + DSM
2024-03-24 22:00:00,141.7647959948358,85.5,0.0,141.7647959948358,0.0,53.513513513513516,48.513513513513516,1058.772457128995,49.37815101655912,,72.04424740382896,40.87928761782859,24.80559434778575,3.661198772742478,0.21472972972972973,1.5070877700152319,Water Tank + DSM
2024-03-24 23:00:00,137.87617672681264,84.8,-0.3,194.03293465965936,56.15675793284673,53.028903604688956,48.31081081081081,1459.1639937833265,55.17324329616455,,70.06806815115355,95.91472354419113,24.12517498514596,3.560771808545614,0.21545664459296657,1.6694823171687265,Water Tank + DSM
2024-03-25 00:00:00,130.62460141979403,84.2,-0.5,176.65759246714376,46.03299104734972,54.45560658761042,48.17567567567567,1418.9988998905508,59.90516442638589,,60.13361395429202,34.12096578034801,20.704637610486568,54.8842922627209,0.21331659011858436,0.9180214272508729,Water Tank + DSM
2024-03-25 01:00:00,118.96052747215684,84.0,-0.65,157.18639109837653,38.22586362621969,55.807898289785,48.07432432432433,1332.105887453868,63.816749673255806,,54.76400583853286,31.074147158886795,18.855824894330404,46.286791276529364,0.2112881525653225,0.39170559011003525,Water Tank + DSM
2024-03-25 02:00:00,120.73483139802273,82.1,-0.9,149.75878010605672,29.023948708033984,56.56356091396242,47.9054054054054,1401.1123595367374,66.76430533124817,,55.58081451129362,31.537620064299492,19.137060736557824,37.20510561320648,0.21015465862905638,0.1455458393191997,Water Tank + DSM
2024-03-25 03:00:00,123.53503228657196,84.2,0.2,151.2202648362773,27.68523254970534,58.00356889533771,48.64864864864865,1379.1345755613027,69.56752226867673,,56.86989939573536,32.269071549377934,19.58090626032444,36.05613488765771,0.20799464665699344,0.0,Water Tank + DSM
2024-03-25 04:00:00,125.38620048033822,84.3,0.05,148.79258686643328,23.406386386095065,58.674123318062335,48.5472972972973,1387.190143128105,71.92077765384317,,57.72209287474671,32.7526224724554,19.87432546460445,31.902726406576186,0.2069888150229065,0.0,Water Tank + DSM
2024-03-25 05:00:00,127.65144849004776,82.1,-0.15,143.84734504928684,16.195896559239074,58.81949273641535,48.41216216216216,1476.1604340053932,73.5198569860804,,58.76490983147627,33.34433681250458,20.23337834307551,24.845732875544474,0.206770760895377,0.0,Water Tank + DSM
2024-03-25 06:00:00,122.88112086940714,85.7,-1.15,142.2492907515557,19.368169882148543,59.63256508768077,47.736486486486484,1303.7095676697268,75.44620855537224,,56.568868377897296,32.0982607767827,19.477258105424077,27.694762290282313,0.20555115236847885,0.0,Water Tank + DSM
2024-03-25 07:00:00,124.31666522492326,84.6,-2.35,0.0,-124.31666522492326,84.6,46.92567567567568,0.0,57.389753051445325,,57.22972758168115,0.0,0.0,0.0,0.1681,0.0,Water Tank + DSM
2024-03-25 08:00:00,123.86238127073389,83.2,-1.2,63.32708734337981,-60.53529392735408,52.7027027027027,47.7027027027027,496.0539774013031,51.03201026008095,,57.020595950809714,0.0,0.0,0.0,0.21594594594594596,1.470206717218175,Water Tank + DSM
2024-03-25 09:00:00,125.70233105577003,85.0,-0.2,108.57778748808221,-17.12454356768782,53.378378378378386,48.378378378378386,820.2715067847329,49.20081872530616,,57.86762498566256,32.83520018315604,11.317651597464817,0.0,0.21493243243243243,1.2574478510398,Water Tank + DSM
2024-03-25 10:00:00,122.94431938079423,83.3,0.5,122.94431938079423,0.0,53.851351351351354,48.851351351351354,997.3414583402149,49.154050014667924,,56.59796209259522,32.114769108451995,19.48727537829281,8.330874825492897,0.21422297297297296,1.069242581154703,Water Tank + DSM
2024-03-25 11:00:00,108.50011593890355,81.0,1.1,108.50011593890355,0.0,54.25675675675675,49.25675675675675,969.2078070913803,49.10736171750243,,49.94850904767828,28.341741929741286,17.197798552442983,7.352115892714236,0.21361486486486486,0.8221254597307063,Water Tank + DSM
2024-03-25 12:00:00,102.65287504203378,80.0,1.6,102.65287504203378,0.0,54.5945945945946,49.5945945945946,965.2632321912074,49.06075369554786,,47.256705796465965,26.81436114248545,16.270982298268677,6.955898871613426,0.2131081081081081,0.6820292133868326,Water Tank + DSM
2024-03-25 13:00:00,86.48935672500369,80.8,1.9,86.48935672500369,0.0,54.79729729729729,49.79729729729729,794.5933981573733,49.0142258107801,,39.815758531901686,22.59222496453085,13.708985663430658,5.860636817075795,0.21280405405405406,0.5262136735702697,Water Tank + DSM
2024-03-25 14:00:00,84.37142064720506,76.2,2.0,84.37142064720506,0.0,54.864864864864856,49.864864864864856,944.714845068692,48.96777792541241,,38.8407572756459,22.038990553477703,13.373282445994077,5.717122578749042,0.21270270270270272,0.4975815932069252,Water Tank + DSM
2024-03-25 15:00:00,74.91297105878405,79.9,1.05,74.91297105878405,0.0,54.222972972972975,49.222972972972975,696.9683540871827,48.921409901894954,,34.48651810496811,19.568311743867536,11.874071968360136,5.0762051296043404,0.21366554054054054,0.5746199570733196,Water Tank + DSM
2024-03-25 16:00:00,93.83615242937006,79.1,0.75,93.83615242937006,0.0,54.02027027027027,49.02027027027027,893.8159823518355,48.87512160291431,,43.197888482045,24.51131035961866,14.873488682033821,6.358465717913213,0.2139695945945946,0.7723081954289946,Water Tank + DSM
2024-03-25 17:00:00,109.91372401627478,81.9,0.85,109.91372401627478,0.0,54.08783783783784,49.08783783783784,944.0998869608458,48.82891289139326,,50.599269788636455,28.71099605423654,17.42186234017595,7.447903904752515,0.21386824324324324,0.8841196734690122,Water Tank + DSM
2024-03-25 18:00:00,124.43627487914094,84.1,1.0,124.43627487914094,0.0,54.189189189189186,49.189189189189186,993.8471387105312,48.78278363049022,,57.284790415892736,32.50448867085884,19.72375761508807,8.43197176567307,0.21371621621621623,0.966100249176138,Water Tank + DSM
2024-03-25 19:00:00,119.39257202408919,82.8,0.95,119.39257202408919,0.0,54.15540540540541,49.15540540540541,995.715812558034,48.73673368359893,,54.96289946205069,31.187003215187346,18.9243060669588,8.090203578626754,0.21376689189189188,0.9380830002779716,Water Tank + DSM
2024-03-25 20:00:00,107.89528447459733,80.4,1.05,107.89528447459733,0.0,54.222972972972975,49.222972972972975,984.6523438194527,48.69076291434792,,49.67007220357176,28.18375152462497,17.10192980989551,7.311131687465613,0.21366554054054054,0.8276107976622155,Water Tank + DSM
2024-03-25 21:00:00,107.76633910600077,82.1,-0.5,107.76633910600077,0.0,53.17567567567567,48.17567567567567,890.0628678347222,48.64487118660028,,49.61071163188695,28.150069197853476,17.081491338892928,7.302394173357476,0.2152364864864865,1.1383647074451912,Water Tank + DSM
2024-03-25 22:00:00,141.24228714987183,85.1,-2.85,141.24228714987183,0.0,51.58783783783784,46.58783783783784,1006.8460454630977,48.599058364453086,,65.02151261840798,36.89445322088136,22.38759268107699,9.5707700871271,0.21761824324324325,2.1114418219193833,Water Tank + DSM
2024-03-25 23:00:00,156.1713409321139,91.8,-3.2,156.1713409321139,0.0,51.351351351351354,46.351351351351354,922.3549832061154,48.553324312237244,,71.89416866548069,40.79413006352907,24.753920655050404,10.582383140493915,0.21797297297297297,2.4366293920679123,Water Tank + DSM
2024-03-26 00:00:00,166.31531236241494,87.7,-3.4,166.31531236241494,0.0,51.21621621621622,46.21621621621622,1089.0131865175326,48.50766889451681,,78.79451613254116,44.709519548934786,27.129783077031593,19.88225386805928,0.21817567567567567,2.7343826679508876,Water Tank + DSM
2024-03-26 01:00:00,132.28949498021194,88.1,-3.5,195.05236075840983,62.7628657781979,51.35880164178776,46.148648648648646,1268.4269601998653,54.991512068954954,,62.67424567420437,35.56256894162631,21.579403911784812,78.5774849248852,0.21796179753731837,2.1213471107970743,Water Tank + DSM
2024-03-26 02:00:00,119.74454892060012,83.3,-3.7,164.6393333167489,44.894784396148765,53.02228568959187,46.013513513513516,1299.1757130744095,59.60533442879054,,56.73087858048796,32.19018847271106,19.53303992715844,59.209711188744215,0.2154665714656122,1.3539553654297987,Water Tank + DSM
2024-03-26 03:00:00,116.16741712719183,84.1,-2.8,155.0263189018986,38.85890177470679,54.88096691086941,46.62162162162163,1267.6296940705365,63.58329214144596,,55.036155678547686,31.228570197311385,18.949528955049953,52.74619841451708,0.2126785496336959,0.6997406098883094,Water Tank + DSM
2024-03-26 04:00:00,129.20922692006192,86.9,-3.0,166.20737792115617,36.99815100109424,55.992357052259166,46.486486486486484,1284.7877789513254,67.36083061243059,,61.21491984358476,34.734519478861635,21.076942634443856,52.44453783841893,0.21101146442161126,0.3700966936614517,Water Tank + DSM
2024-03-26 05:00:00,142.1680144194098,86.5,-3.4,172.55289153731644,30.38487711790666,56.534187129244536,46.21621621621622,1375.7309526276922,70.44387445967186,,67.35435088076139,38.21815038934608,23.1908135030056,47.380429207813904,0.2101987193061332,0.1882471412498296,Water Tank + DSM
2024-03-26 06:00:00,145.50015942524726,87.8,-3.35,173.06441018269635,27.564250757449077,57.49075271158962,46.25,1364.1635926026147,73.22817884273363,,68.93300740786636,39.113910377781416,23.734361597919406,44.95814592226745,0.20876387093261556,0.0,Water Tank + DSM
2024-03-26 07:00:00,154.54674266018066,88.2,-3.65,0.0,-154.54674266018066,88.2,46.0472972972973,0.0,54.48987419118666,,73.2189696474468,0.0,0.0,0.0,0.1627,0.0,Water Tank + DSM
2024-03-26 08:00:00,134.200409011723,88.7,-3.25,83.91722170567002,-50.28318730605298,51.317567567567565,46.317567567567565,536.2710046721102,49.20352443694637,,63.57957149384804,23.727258406050836,0.0,0.0,0.21802364864864865,2.167719714580793,Water Tank + DSM
2024-03-26 09:00:00,116.56986478428249,81.9,-2.3,103.6052888524665,-12.96457593181599,51.95945945945946,46.95945945945946,826.6526553925571,47.80815532534258,,55.2268216368332,31.336757718571658,19.01517725574843,0.9708315305831938,0.2170608108108108,1.6702382003139553,Water Tank + DSM
2024-03-26 10:00:00,101.23748213512508,82.1,-1.2,101.23748213512508,0.0,52.7027027027027,47.7027027027027,822.687136723674,47.76378114084813,,47.962862264488926,27.215047864878315,16.51411941917796,12.102489495300047,0.21594594594594596,1.236664070278985,Water Tank + DSM
2024-03-26 11:00:00,101.57586632957226,82.7,0.05,101.57586632957226,0.0,53.5472972972973,48.5472972972973,832.3624643247153,47.71948325271133,,48.12317714163184,27.30601360063522,16.569317522477334,12.142941816636984,0.21467905405405405,0.9969301426773189,Water Tank + DSM
2024-03-26 12:00:00,97.92356853101946,79.6,1.45,97.92356853101946,0.0,54.49324324324324,49.49324324324324,931.7456903144531,47.6752615297493,,46.39284315301018,26.324188911714813,15.973545277576989,11.706325903158465,0.21326013513513514,0.6977734382337885,Water Tank + DSM
2024-03-26 13:00:00,90.54965483974472,78.5,2.8,90.54965483974472,0.0,55.4054054054054,50.4054054054054,936.6497729958772,47.6311158410047,,42.89933462962773,24.34190517818945,14.770693441318489,10.824807407184945,0.2118918918918919,0.410442282672655,Water Tank + DSM
2024-03-26 14:00:00,84.09770721246791,78.3,3.65,84.09770721246791,0.0,55.97972972972973,50.97972972972973,900.0890587619142,47.58704605574535,,39.84262214667862,22.60746789473686,13.718235089372147,10.053505842423373,0.2110304054054054,0.24390145719520745,Water Tank + DSM
2024-03-26 15:00:00,86.0006843565049,76.3,3.7,86.0006843565049,0.0,56.013513513513516,51.013513513513516,1012.7350647561842,47.54305204346383,,40.744187740043465,23.119033502340677,14.02865363343123,10.280998273188926,0.21097972972972973,0.241161543650527,Water Tank + DSM
2024-03-26 16:00:00,89.27676568987094,78.3,3.8,89.27676568987094,0.0,56.08108108108108,51.08108108108108,959.8785795519955,47.49913367387716,,42.296283213435146,23.99972223951994,14.563056477369361,10.672639186086094,0.2108783783783784,0.23320112906866952,Water Tank + DSM
2024-03-26 17:00:00,96.51376709880063,79.0,3.85,96.51376709880063,0.0,56.11486486486487,51.11486486486487,1007.4802980157895,47.45529081692635,,45.72492737233581,25.945200688690875,15.743574828707914,11.53779042929994,0.2108277027027027,0.2428364386125387,Water Tank + DSM
2024-03-26 18:00:00,103.76339041882909,78.3,3.6,103.76339041882909,0.0,55.945945945945944,50.945945945945944,1108.8904235877415,47.41152334277597,,49.15955136173776,27.89407220836746,16.926152098766956,12.404450565695068,0.2110810810810811,0.31090094644990973,Water Tank + DSM
2024-03-26 19:00:00,86.26747311159107,80.9,2.7,86.26747311159107,0.0,55.33783783783783,50.33783783783783,806.2138739380258,47.367831121813914,,40.87058314265564,23.190752677752315,14.072172903846374,10.31289167904808,0.21199324324324326,0.40760122107135105,Water Tank + DSM
2024-03-26 20:00:00,88.76338019693095,76.2,1.45,88.76338019693095,0.0,54.49324324324324,49.49324324324324,976.8765143501777,47.3242140246509,,42.0530586965156,23.861711984139948,14.47931171051346,10.611266239976542,0.21326013513513514,0.6325007341786739,Water Tank + DSM
2024-03-26 21:00:00,98.31369732697549,81.1,0.4,98.31369732697549,0.0,53.783783783783775,48.783783783783775,859.7937097183624,47.280671922120085,,46.57767285551973,26.429064829522012,16.03718409384742,11.752964060837753,0.21432432432432433,0.8988232005092207,Water Tank + DSM
2024-03-26 22:00:00,113.70644233130507,85.5,-0.4,113.70644233130507,0.0,53.24324324324324,48.24324324324324,842.102871333893,47.237204685276794,,53.87022985066163,30.567001522826544,18.548088393612275,13.59309807829665,0.21513513513513513,1.214264099877076,Water Tank + DSM
2024-03-26 23:00:00,110.66417374846147,81.2,-0.1,164.50639208514704,53.84221833668558,52.41980216747164,48.445945945945944,1365.7075780243583,52.795189127761915,,52.42890687489115,83.59138556184168,18.05182568910097,13.22940843697781,0.21637029674879255,1.440808593781247,Water Tank + DSM
2024-03-27 00:00:00,98.78749628788233,80.5,0.2,142.72284082982586,43.93534454194352,54.107925732413186,48.64864864864865,1292.0658096038674,57.31297416270488,,61.580209441203614,34.94179180195441,4.369629867767721,43.93534454194352,0.21383811140138023,1.0685672347050692,Water Tank + DSM
2024-03-27 01:00:00,102.27086315437572,81.7,0.75,140.95606618040853,38.6852030260328,55.71069169007459,49.02027027027027,1295.826320294243,61.2768027973331,,63.751602271872244,36.17388173633377,4.523708313645786,38.68520302603281,0.2114339624648881,0.49317282348110714,Water Tank + DSM
2024-03-27 02:00:00,104.30500006804141,81.1,1.35,135.7651855209231,31.4601854528817,57.02485573519356,49.42567567567568,1347.3126831662307,64.48217488590578,,65.01960259461129,36.8933694367493,4.613683520499699,31.46018545288169,0.20946271639720965,0.0,Water Tank + DSM
2024-03-27 03:00:00,120.7930730954752,80.5,0.95,146.22881927388656,25.43574617841137,57.34101569899851,49.15540540540541,1508.5174906602144,67.05529442215537,,75.29761376469271,42.72531008297339,5.342994203226736,25.435746178411364,0.20898847645150223,0.0,Water Tank + DSM
2024-03-27 04:00:00,124.19667174773556,85.8,0.95,153.95617664428607,29.759504896550506,58.56919096335304,49.15540540540541,1350.7577723600257,70.07380414556202,,77.41928225246572,43.92918547159666,5.493544291928956,29.75950489655051,0.20714621355497045,0.0,Water Tank + DSM
2024-03-27 05:00:00,119.71730517725629,82.2,1.05,138.99524890670463,19.277943729448346,59.06599943608465,49.222972972972975,1435.419300988832,71.99669414613089,,74.62702268582788,42.34480384445018,5.295410168780342,19.27794372944834,0.206401000845873,0.0,Water Tank + DSM
2024-03-27 06:00:00,89.03675884598147,79.0,1.45,100.20114446539394,11.164385619412476,60.314130870972285,49.49324324324324,1281.1007485893776,73.07219899666046,,55.501986220234144,31.49289138020929,3.938329195517387,11.16438561941247,0.20452880369354157,0.0,Water Tank + DSM
2024-03-27 07:00:00,88.00160660949689,77.3,1.85,0.0,-88.00160660949689,77.3,49.76351351351351,0.0,59.174093769199686,,54.856713347435665,0.0,0.0,0.0,0.17905000000000001,0.0,Water Tank + DSM
2024-03-27 08:00:00,83.76794637651247,81.4,1.85,31.890482036645565,-51.877464339866904,54.76351351351351,49.76351351351351,286.0124390747509,53.713724695790624,,52.21761737226968,0.0,0.0,0.0,0.21285472972972974,0.7007039736576203,Water Tank + DSM
2024-03-27 09:00:00,107.84037433637516,76.8,3.05,86.95052939947966,-20.889844936895503,55.57432432432432,50.57432432432432,978.6141308814011,51.486278939502334,,67.22341477811472,22.024072186823947,0.0,0.0,0.2116385135135135,0.5750327237100901,Water Tank + DSM
2024-03-27 10:00:00,97.8948227409979,81.4,4.7,97.8948227409979,0.0,56.689189189189186,51.689189189189186,946.3973262063163,51.435580640254564,,61.02375213592308,34.62604725538294,4.330144577227862,0.0,0.20996621621621622,0.1138010512805064,Water Tank + DSM
2024-03-27 11:00:00,100.88066106697987,75.7,6.1,100.88066106697987,0.0,57.63513513513513,52.63513513513513,1334.055747749921,51.384969510959706,,62.885005395502816,35.68215804937171,4.462216031812714,0.0,0.20854729729729732,0.0,Water Tank + DSM
2024-03-27 12:00:00,77.37450703419965,74.3,7.35,77.37450703419965,0.0,58.47972972972973,53.47972972972973,1168.3817707919359,51.33444540173897,,48.232200709801354,27.36787566403276,3.422477232899716,0.0,0.2072804054054054,0.0,Water Tank + DSM
2024-03-27 13:00:00,78.35500449228829,72.9,7.9,78.35500449228829,0.0,58.851351351351354,53.851351351351354,1332.3949094200595,51.28400816297122,,48.84340396015717,27.71468410973968,3.465847205205209,0.0,0.20672297297297296,0.0,Water Tank + DSM
2024-03-27 14:00:00,51.80723482370915,74.1,8.45,51.80723482370915,0.0,59.222972972972975,54.222972972972975,831.9074943882467,51.23365764529259,,32.2945766508404,18.324562126462745,2.2915697751103346,0.0,0.20616554054054054,0.0,Water Tank + DSM
2024-03-27 15:00:00,38.64516982874381,65.7,8.8,38.64516982874381,0.0,59.45945945945947,54.45945945945947,1479.359712377812,51.18339369959607,,24.089867051695283,13.669052552683972,1.7093771446189454,0.0,0.2058108108108108,0.0,Water Tank + DSM
2024-03-27 16:00:00,39.02461468326158,69.2,8.2,39.02461468326158,0.0,59.05405405405405,54.05405405405405,918.8547303202607,51.13321617703098,,24.326397933543916,13.803264711156393,1.726160985001334,0.0,0.20641891891891892,0.0,Water Tank + DSM
2024-03-27 17:00:00,73.80267467554611,74.6,7.9,73.80267467554611,0.0,58.851351351351354,53.851351351351354,1119.5141400241473,51.08312492900256,,46.00566199792053,26.104494899084017,3.264485726448851,0.0,0.20672297297297296,0.0,Water Tank + DSM
2024-03-27 18:00:00,77.25050290304793,76.5,7.3,77.25050290304793,0.0,58.44594594594595,53.44594594594595,1022.1799380501208,51.03311980717164,,48.154901449724505,27.32401458144535,3.416992205182968,0.0,0.2073310810810811,0.0,Water Tank + DSM
2024-03-27 19:00:00,58.06169528212164,71.5,6.45,58.06169528212164,0.0,57.87162162162162,52.87162162162162,1017.7621727208364,50.98320066345398,,36.193359385938535,20.536806219931208,2.568220953172469,0.0,0.20819256756756757,0.0,Water Tank + DSM
2024-03-27 20:00:00,53.28434714481768,71.6,5.4,53.28434714481768,0.0,57.16216216216216,52.16216216216216,881.6541689204942,50.933367350020006,,33.21534992195328,18.847026538779335,2.356906324358979,0.0,0.20925675675675676,0.0,Water Tank + DSM
2024-03-27 21:00:00,74.47363085548304,77.5,4.3,74.47363085548304,0.0,56.41891891891892,51.41891891891892,843.9377723219253,50.88361971929434,,46.42390948509218,26.341816544318046,3.294163876761234,0.0,0.21037162162162162,0.16185633306964559,Water Tank + DSM
2024-03-27 22:00:00,97.38411752940235,79.1,3.7,97.38411752940235,0.0,56.013513513513516,51.013513513513516,1007.6995534691091,50.83395762395528,,60.70539875037801,34.44540743914808,4.307554747238554,0.0,0.21097972972972973,0.3593103331441284,Water Tank + DSM
2024-03-27 23:00:00,99.17349840743249,79.4,2.9,144.47058747666657,45.29708906923407,54.80292978625664,50.472972972972975,1403.3368161708086,55.49678126501936,,61.82082786215618,80.37541237773796,4.386703753168084,0.0,0.21279560532061503,0.8149481969093932,Water Tank + DSM
2024-03-28 00:00:00,81.18405091022012,79.1,2.75,118.62495820783512,37.440907297615,56.06669785759429,50.37162162162163,1230.512874075224,59.33428454610423,,56.36343452001111,27.09236629064642,0.0,37.440907297615,0.21089995321360855,0.31562468514522124,Water Tank + DSM
2024-03-28 01:00:00,76.4257956174446,75.0,2.8,101.29658625136625,24.870790633921636,57.00523907605062,50.4054054054054,1344.9324491954717,61.857480957723645,,53.059933307433816,25.5044633238575,0.0,24.870790633921644,0.20949214138592406,0.0,Water Tank + DSM
2024-03-28 02:00:00,71.59344029286153,78.1,3.0,97.38154631449737,25.78810602163584,58.236186850250945,50.54054054054054,1171.3044482080497,64.47177034589322,,49.70498686338692,23.89183203689521,0.0,25.78810602163584,0.2076457197246236,0.0,Water Tank + DSM
2024-03-28 03:00:00,79.1072628302746,76.9,4.15,98.8559858439754,19.7487230137008,59.15983909074942,51.317567567567565,1331.3359614635463,66.45326881117869,,54.921588398223015,26.399310170151093,0.0,19.748723013700797,0.20626024136387586,0.0,Water Tank + DSM
2024-03-28 04:00:00,63.47152565244785,75.9,4.35,78.49938566209579,15.027860009647934,60.177641225954396,51.45270270270271,1192.8588915048892,67.94023413280559,,44.066206845889084,21.1814242172264,0.0,15.027860009647938,0.2047335381610684,0.0,Water Tank + DSM
2024-03-28 05:00:00,73.00597287858184,73.3,3.95,81.56089209657164,8.554919217989795,59.69338599147045,51.18243243243243,1432.0377045850837,68.75124240296846,,50.68566209466694,24.363215883608273,0.0,8.554919217989791,0.20545992101279434,0.0,Water Tank + DSM
2024-03-28 06:00:00,87.6136766777595,80.1,3.1,105.65809634892516,18.04441967116566,60.188386778099655,50.60810810810811,1267.7469151191108,70.5480789401575,,60.827313654813686,29.23803128830209,0.0,18.044419671165656,0.20471741983285052,0.0,Water Tank + DSM
2024-03-28 07:00:00,99.62509797950304,80.4,3.35,0.0,-99.62509797950304,80.4,50.777027027027025,0.0,57.088313416881554,,69.16645108935457,0.0,0.0,0.0,0.1744,0.0,Water Tank + DSM
2024-03-28 08:00:00,90.19868543218922,77.1,3.0,50.62095516296566,-39.577730269223565,55.54054054054054,50.54054054054054,560.9100785607073,52.91106990267371,,62.622000788929256,0.0,0.0,0.0,0.2116891891891892,0.5483656285300832,Water Tank + DSM
2024-03-28 09:00:00,73.60204877227167,76.8,4.25,73.60204877227167,0.0,56.385135135135144,51.385135135135144,861.2796182182177,52.857921837595384,,51.09949811573588,24.562135576180992,0.0,0.0,0.21042229729729728,0.18851571602156345,Water Tank + DSM
2024-03-28 10:00:00,68.66664119682439,74.6,5.4,68.66664119682439,0.0,57.16216216216216,52.16216216216216,940.7060690161459,52.80486515456339,,47.673005860306056,22.915114168299805,0.0,0.0,0.20925675675675676,0.0,Water Tank + DSM
2024-03-28 11:00:00,68.64437819404652,73.4,6.25,68.64437819404652,0.0,57.736486486486484,52.736486486486484,1046.9273976962454,52.751899696456675,,47.657549384739475,22.90768466189768,0.0,0.0,0.20839527027027027,0.0,Water Tank + DSM
2024-03-28 12:00:00,73.64580395972122,74.8,6.85,73.64580395972122,0.0,58.141891891891895,53.141891891891895,1056.1439298427013,52.69902530642439,,51.1298759130381,24.576737355129055,0.0,0.0,0.20778716216216217,0.0,Water Tank + DSM
2024-03-28 13:00:00,83.90651025229698,74.5,7.1,83.90651025229698,0.0,58.310810810810814,53.310810810810814,1238.1445103740307,52.646241827885326,,58.25354910705279,28.0008928408737,0.0,0.0,0.2075337837837838,0.0,Water Tank + DSM
2024-03-28 14:00:00,82.69827861650009,74.9,7.75,82.69827861650009,0.0,58.75,53.75,1223.276743153872,52.59354910452756,,57.414713351436774,27.597687363024907,0.0,0.0,0.206875,0.0,Water Tank + DSM
2024-03-28 15:00:00,69.89595030547441,72.1,9.8,69.89595030547441,0.0,60.13513513513513,55.13513513513513,1395.5486855258887,52.540946980307865,,48.526475016789426,23.325353522982976,0.0,0.0,0.20479729729729731,0.0,Water Tank + DSM
2024-03-28 16:00:00,79.4999450982944,68.4,10.5,79.4999450982944,0.0,60.60810810810811,55.60810810810811,2437.38809976808,52.48843529945134,,55.19421486921766,26.530354281916335,0.0,0.0,0.20408783783783782,0.0,Water Tank + DSM
2024-03-28 17:00:00,83.59060011978742,75.0,10.6,83.59060011978742,0.0,60.67567567567568,55.67567567567568,1394.0683700529773,52.43601390645093,,58.03422302183932,27.895468771380788,0.0,0.0,0.20398648648648648,0.0,Water Tank + DSM
2024-03-28 18:00:00,82.60376832284251,73.1,9.9,82.60376832284251,0.0,60.2027027027027,55.2027027027027,1530.036971092108,52.383682646066944,,57.3490979419036,27.566147824589713,0.0,0.0,0.20469594594594595,0.0,Water Tank + DSM
2024-03-28 19:00:00,64.49709476765867,69.5,8.85,64.49709476765867,0.0,59.49324324324324,54.49324324324324,1539.740685022465,52.3314413633266,,44.77822598047077,21.52367240285085,0.0,0.0,0.20576013513513514,0.0,Water Tank + DSM
2024-03-28 20:00:00,41.738219299653984,72.6,7.9,41.738219299653984,0.0,58.851351351351354,53.851351351351354,725.2281933568514,52.279289903523576,,28.977482203733665,13.9286856581728,0.0,0.0,0.20672297297297296,0.0,Water Tank + DSM
2024-03-28 21:00:00,55.624543078055474,70.2,6.15,55.624543078055474,0.0,57.66891891891892,52.66891891891892,1060.4219102822249,52.22722811221758,,38.61830318066615,18.562765456075635,0.0,0.0,0.20849662162162164,0.0,Water Tank + DSM
2024-03-28 22:00:00,75.35325491773851,76.1,5.15,75.35325491773851,0.0,56.99324324324325,51.99324324324325,942.1408135654598,52.175255835233834,,52.31530333615061,25.146539998126954,0.0,0.0,0.20951013513513514,0.0021208906757880213,Water Tank + DSM
2024-03-28 23:00:00,119.94022849292378,80.0,5.0,164.06472792093564,44.12449942801185,56.287943768607725,51.891891891891895,1653.1132671978146,56.71378512687661,,83.27058257356612,84.15039819607946,0.0,0.0,0.2105680843470884,0.3557600232790363,Water Tank + DSM
2024-03-29 00:00:00,118.8872592679269,82.9,4.65,160.422096640265,41.53483737233812,57.26827903337442,51.6554054054054,1495.3434172233003,60.975100422648715,,75.95410775006847,43.09781736030145,2.7277275987816156,41.5348373723381,0.20909758144993837,0.0,Water Tank + DSM
2024-03-29 01:00:00,107.09385108225821,75.9,5.05,130.79322974118523,23.69937865892702,58.160618430110695,51.92567567567568,1761.510268876021,63.37361002794886,,68.41959310492791,38.8225892562034,2.4571417917755998,23.699378658927003,0.20775907235483396,0.0,Water Tank + DSM
2024-03-29 02:00:00,88.18356001929264,76.8,5.1,109.51215588558036,21.328595866287714,59.06114816234339,51.95945945945946,1474.952479258751,65.5213557628021,,56.33827931381145,31.967420119659113,2.0232675217228437,21.3285958662877,0.2064082777564849,0.0,Water Tank + DSM
2024-03-29 03:00:00,107.02376127884224,78.0,4.7,126.85380530895284,19.830044030110603,59.20982952427094,51.689189189189186,1612.8946677407687,67.50950971391597,,68.37481447588374,38.797181003333904,2.455533664106174,19.83004403011058,0.20618525571359358,0.0,Water Tank + DSM
2024-03-29 04:00:00,97.50554233404424,81.0,4.75,118.94140240553895,21.435860071494723,60.298020769992775,51.72297297297297,1372.648609245716,69.66130345735056,,62.29386154809624,35.34673169359081,2.237149384185476,21.435860071494698,0.20455296884501084,0.0,Water Tank + DSM
2024-03-29 05:00:00,116.86254097569507,75.0,4.3,125.38645602473525,8.523915049040182,59.36305903071199,51.41891891891892,1915.6392168047253,70.46612715964588,,74.66056568106394,42.363836783223675,2.6812728314710816,8.523915049040179,0.205955411453932,0.0,Water Tank + DSM
2024-03-29 06:00:00,98.67270461975757,83.5,4.0,119.38922583753508,20.716521217777515,61.16599681476882,51.21621621621622,1277.1307431774965,72.53800237707287,,63.03953245141061,35.76983966436288,2.2639285428489155,20.716521217777505,0.20325100477784677,0.0,Water Tank + DSM
2024-03-29 07:00:00,97.52972293821632,76.8,4.05,0.0,-97.52972293821632,76.8,51.25,0.0,57.80265932097295,,62.309309933617584,0.0,0.0,0.0,0.17980000000000002,0.0,Water Tank + DSM
2024-03-29 08:00:00,71.15997659358491,74.8,4.1,35.33083820113822,-35.829138392446694,56.28378378378378,51.28378378378378,455.82954763827746,54.01404525910683,,45.46233602291156,0.0,0.0,0.0,0.21057432432432432,0.19536517372007975,Water Tank + DSM
2024-03-29 09:00:00,65.49198515612908,76.5,4.3,51.92679780796625,-13.565187348162825,56.41891891891892,51.41891891891892,617.7392946991644,52.54790133760893,,41.84119751725565,11.6789467054973,0.0,0.0,0.21037162162162162,0.14587876972232366,Water Tank + DSM
2024-03-29 10:00:00,76.08191173981368,74.9,4.65,76.08191173981368,0.0,56.6554054054054,51.6554054054054,996.2032981270219,52.495377699526884,,48.60683775284892,27.580451906924015,1.745609510208836,0.0,0.2100168918918919,0.1004979212998098,Water Tank + DSM
2024-03-29 11:00:00,59.855510025883326,76.5,5.45,59.855510025883326,0.0,57.195945945945944,52.195945945945944,740.7239495612515,52.44294436986002,,38.24019399501564,21.6982194306429,1.3733139080008896,0.0,0.20920608108108107,0.0,Water Tank + DSM
2024-03-29 12:00:00,61.205941992316866,70.7,6.35,61.205941992316866,0.0,57.80405405405405,52.80405405405405,1133.81228482587,52.39060119333331,,39.10295133099286,22.187764488752983,1.4042979728014435,0.0,0.20829391891891894,0.0,Water Tank + DSM
2024-03-29 13:00:00,57.67135807661703,72.8,7.75,57.67135807661703,0.0,58.75,53.75,980.5836107924066,52.3383480149387,,36.84479373498249,20.906442562572565,1.3232011239344341,0.0,0.206875,0.0,Water Tank + DSM
2024-03-29 14:00:00,85.63721021730875,73.6,8.05,85.63721021730875,0.0,58.95270270270271,53.95270270270271,1396.708545767148,52.28618467993465,,54.71147987020254,31.044342917130415,1.9648445361666667,0.0,0.20657094594594594,0.0,Water Tank + DSM
2024-03-29 15:00:00,92.75283303843477,78.2,5.95,92.75283303843477,0.0,57.53378378378378,52.53378378378378,1072.1782445587967,52.234111033845664,,59.25747399768644,33.6238271666459,2.1281040887143803,0.0,0.20869932432432434,0.0,Water Tank + DSM
2024-03-29 16:00:00,102.0526999371236,75.6,6.6,102.0526999371236,0.0,57.972972972972975,52.972972972972975,1383.0765075893576,52.18212692246188,,65.19892724367668,36.99512168165818,2.341478539103386,0.0,0.20804054054054053,0.0,Water Tank + DSM
2024-03-29 17:00:00,82.25216750982871,77.0,6.75,82.25216750982871,0.0,58.07432432432432,53.07432432432432,1038.2375545228497,52.130232191838566,,52.54886042615346,29.81723117057211,1.88717873351376,0.0,0.2078885135135135,0.0,Water Tank + DSM
2024-03-29 18:00:00,79.66934126439185,72.5,6.75,79.66934126439185,0.0,58.07432432432432,53.07432432432432,1319.3372921593214,52.078426688295714,,50.898757091669914,28.880930893446784,1.8279188390901002,0.0,0.2078885135135135,0.0,Water Tank + DSM
2024-03-29 19:00:00,50.23895347994071,74.9,6.65,50.23895347994071,0.0,58.006756756756765,53.006756756756765,710.4415034309178,52.02671025841744,,32.09641562403757,18.21212175958778,1.152673388090374,0.0,0.20798986486486484,0.0,Water Tank + DSM
2024-03-29 20:00:00,58.17450020078541,70.2,5.8,58.17450020078541,0.0,57.432432432432435,52.432432432432435,1088.4920762391007,51.97508274905178,,37.16623870181917,21.088836601321617,1.3347451250885924,0.0,0.20885135135135136,0.0,Water Tank + DSM
2024-03-29 21:00:00,62.9749329924681,75.8,5.1,62.9749329924681,0.0,56.95945945945946,51.95945945945946,798.5003877991157,51.92354400731006,,40.233115604790996,22.829041371625006,1.4448853797517065,0.0,0.20956081081081082,0.009786433525489656,Water Tank + DSM
2024-03-29 22:00:00,89.6867334189277,77.8,4.5,89.6867334189277,0.0,56.554054054054056,51.554054054054056,1008.4466094875788,51.87209388056644,,57.29861934575394,32.512335470868756,2.0577560581159533,0.0,0.21016891891891892,0.15331252203323276,Water Tank + DSM
2024-03-29 23:00:00,79.53262879401736,78.2,4.35,121.28526387265816,41.7526350786408,55.680452177858726,51.45270270270271,1286.8283120965955,56.164391880747246,,50.81141490067701,70.58400633789839,1.8247821330979324,0.0,0.2114793217332119,0.40228855123263024,Water Tank + DSM
2024-03-30 00:00:00,74.48301349686598,74.0,4.05,102.78719654404281,28.304183047176828,56.65189870989969,51.25,1415.614523669229,59.05022506483082,,48.11583134233506,26.500455861633814,0.0,28.304183047176835,0.21002215193515048,0.10049509778709453,Water Tank + DSM
2024-03-30 01:00:00,75.35318252717688,77.0,3.8,103.8422245261263,28.489041998949418,57.52103121887091,51.08108108108108,1273.6958919902775,61.950327975302315,,48.67795825337264,26.81005498896887,0.0,28.489041998949418,0.20871845317169363,0.0,Water Tank + DSM
2024-03-30 02:00:00,89.39910696651145,80.5,1.45,118.84257181023186,29.443464843720406,57.497284186559604,49.49324324324324,1234.3693608681579,64.94473623705524,,57.75158859727166,31.80748169292589,0.0,29.443464843720406,0.20875407372016058,0.0,Water Tank + DSM
2024-03-30 03:00:00,100.4839164874907,78.8,2.35,122.49414765098213,22.010231163491426,58.27859976661361,50.101351351351354,1426.0883297140272,67.16069333923464,,64.91234647122356,35.751367575815,0.0,22.010231163491426,0.2075821003500796,0.0,Water Tank + DSM
2024-03-30 04:00:00,96.50270664455768,80.3,3.2,117.38170369331954,20.878997048761853,59.51732367422575,50.67567567567568,1349.3873520885563,69.2551546003129,,62.34049535581359,34.33488520264964,0.0,20.87899704876186,0.20572401448866137,0.0,Water Tank + DSM
2024-03-30 05:00:00,108.66981693645775,78.2,3.15,122.90640567953125,14.23658874307349,59.425637747593655,50.64189189189189,1563.990629847049,70.65498407670627,,70.20041668879358,38.66384497637973,0.0,14.236588743073497,0.2058615433786095,0.0,Water Tank + DSM
2024-03-30 06:00:00,107.47966828287227,83.9,-0.55,128.53096496274793,21.05129667987566,59.29361269097705,48.14189189189189,1247.942824638741,72.76136233194244,,69.43158378046026,38.240399678151405,0.0,21.051296679875662,0.20605958096353444,0.0,Water Tank + DSM
2024-03-30 07:00:00,121.41621991431938,82.4,-0.4,0.0,-121.41621991431938,82.4,48.24324324324324,0.0,56.485028626536526,,78.43455957736016,0.0,0.0,0.0,0.1714,0.0,Water Tank + DSM
2024-03-30 08:00:00,120.81058139720118,82.7,2.0,75.59731654549904,-45.21326485170213,54.864864864864856,49.864864864864856,648.8044525968023,51.72276943122611,,78.04331868395421,0.0,0.0,0.0,0.21270270270270272,0.9997981907079582,Water Tank + DSM
2024-03-30 09:00:00,110.3147785628391,81.3,3.15,110.3147785628391,0.0,55.64189189189189,50.64189189189189,1027.093173898435,51.671664513505284,,71.26305758453162,39.249109064490696,0.0,0.0,0.21153716216216217,0.5806976178847661,Water Tank + DSM
2024-03-30 10:00:00,117.44161390633167,76.4,4.35,117.44161390633167,0.0,56.45270270270271,51.45270270270271,1406.4967282764214,51.620647464871524,,75.86697452200234,41.78477963669846,0.0,0.0,0.21032094594594594,0.24913074066008595,Water Tank + DSM
2024-03-30 11:00:00,92.4470323645269,82.0,5.45,92.4470323645269,0.0,57.195945945945944,52.195945945945944,890.371153898213,51.569718134243956,,59.7205404093664,32.89190898295571,0.0,0.0,0.20920608108108107,0.0,Water Tank + DSM
2024-03-30 12:00:00,95.20208138333739,72.0,6.85,95.20208138333739,0.0,58.141891891891895,53.141891891891895,1641.13109551794,51.51887637080142,,61.500294848739735,33.87213321787737,0.0,0.0,0.20778716216216217,0.0,Water Tank + DSM
2024-03-30 13:00:00,54.387687077910854,74.1,8.25,54.387687077910854,0.0,59.08783783783783,54.08783783783783,865.4821576608067,51.46812202398216,,35.1343031878076,19.35070069211383,0.0,0.0,0.20636824324324327,0.0,Water Tank + DSM
2024-03-30 14:00:00,60.95907246895105,68.4,9.2,60.95907246895105,0.0,59.729729729729726,54.729729729729726,1679.6024163724605,51.41745494348324,,39.3794009129967,21.688746648221304,0.0,0.0,0.20540540540540542,0.0,Water Tank + DSM
2024-03-30 15:00:00,52.988605403020465,71.0,10.15,52.988605403020465,0.0,60.37162162162163,55.37162162162163,1191.012332095851,51.36687497926017,,34.23050009576421,18.852918708926303,0.0,0.0,0.20444256756756757,0.0,Water Tank + DSM
2024-03-30 16:00:00,48.7411027300299,69.7,10.95,48.7411027300299,0.0,60.91216216216217,55.91216216216217,1324.9945510180623,51.31638198152638,,31.48662451065068,17.341691493173354,0.0,0.0,0.20363175675675674,0.0,Water Tank + DSM
2024-03-30 17:00:00,39.99066650560609,65.6,11.15,39.99066650560609,0.0,61.04729729729729,56.04729729729729,2098.4089365255104,51.26597580075295,,25.833865662971256,14.22835681391602,0.0,0.0,0.20342905405405406,0.0,Water Tank + DSM
2024-03-30 18:00:00,53.27590113333816,68.3,10.65,53.27590113333816,0.0,60.70945945945946,55.70945945945946,1676.7135583080478,51.215656287667954,,34.416092383943045,18.955136214140968,0.0,0.0,0.2039358108108108,0.0,Water Tank + DSM
2024-03-30 19:00:00,60.726578556186325,74.6,9.3,60.726578556186325,0.0,59.7972972972973,54.7972972972973,980.0281987886864,51.16542329325618,,39.22921045520624,21.606027187983848,0.0,0.0,0.20530405405405405,0.0,Water Tank + DSM
2024-03-30 20:00:00,72.88829145026097,70.1,8.2,72.88829145026097,0.0,59.05405405405405,54.05405405405405,1576.3608217750175,51.11527666875861,,47.085645083348936,25.93306661107122,0.0,0.0,0.20641891891891892,0.0,Water Tank + DSM
2024-03-30 21:00:00,68.06074479008284,74.5,6.9,68.06074479008284,0.0,58.17567567567568,53.17567567567568,996.0066973612236,51.065216265672056,,43.96706260402756,24.215464419889585,0.0,0.0,0.2077364864864865,0.0,Water Tank + DSM
2024-03-30 22:00:00,84.42063421456164,76.5,5.35,84.42063421456164,0.0,57.12837837837837,52.12837837837837,1041.0783352413373,51.015241935748584,,54.53550825856052,30.036181214771315,0.0,0.0,0.20930743243243244,0.0,Water Tank + DSM
2024-03-30 23:00:00,77.63576129330794,77.7,3.85,119.9525752379287,42.31681394462077,55.175224717082266,51.11486486486487,1272.3984028152265,55.36770646443129,,50.15249814885334,69.93899206076551,0.0,0.0,0.2122371629243766,0.5491022339916299,Water Tank + DSM
2024-03-31 00:00:00,91.11344682291457,76.5,1.95,124.63948038046317,33.5260335575486,55.49419193956665,49.83108108108108,1417.6624943876573,58.798155004298096,,52.49757190721678,29.788129081333082,9.704504263658215,33.5260335575486,0.21175871209065003,0.4743076015863993,Water Tank + DSM
2024-03-31 01:00:00,95.63561947209377,82.7,1.55,133.55419915115561,37.91857967906184,56.65336670211496,49.560810810810814,1225.083426671558,62.67967586032884,,55.103148713992006,31.266583330392905,10.186161420589757,37.91857967906185,0.21001994994682757,0.11460351697548567,Water Tank + DSM
2024-03-31 02:00:00,118.98510730147544,80.0,2.2,146.4819188442095,27.49681154273406,57.423885928997954,50.0,1550.1530281029422,65.47031364005197,,68.55661205077104,38.900336433779096,12.673118199152572,27.496811542734065,0.20886417110650307,0.0,Water Tank + DSM
2024-03-31 03:00:00,110.79908979193915,82.2,2.4,137.3640044465404,26.564914654601246,58.60942038712804,50.13513513513513,1391.154141650008,68.15920518669006,,63.84000810452962,36.224044901201566,11.801224482102494,26.564914654601253,0.20708586941930796,0.0,Water Tank + DSM
2024-03-31 04:00:00,110.75271534531805,79.8,2.75,129.258993270655,18.506277925336935,59.16109498532527,50.37162162162163,1496.2515522771164,70.00510820933502,,63.813288164377646,36.20888349473311,11.796285134172502,18.506277925336946,0.2062583575220121,0.0,Water Tank + DSM
2024-03-31 05:00:00,103.56394914462149,79.9,2.4,119.3067351044123,15.74278595979081,59.71633403602015,50.13513513513513,1412.1898288034986,71.56034270702402,,59.671278574083836,33.85862781910193,11.03060877488942,15.742785959790808,0.2054254989459698,0.0,Water Tank + DSM
2024-03-31 06:00:00,93.65547252473375,80.1,2.75,107.25330276186239,13.597830237128626,60.65797339116848,50.37162162162163,1317.9418126249511,72.88975671485305,,53.962231424824715,30.619204980382623,9.975255729241328,13.597830237128633,0.20401303991324726,0.0,Water Tank + DSM
2024-03-31 07:00:00,105.6831739884752,77.4,2.5,0.0,-105.6831739884752,77.4,50.2027027027027,0.0,57.461303455740044,,60.89232950023308,0.0,0.0,0.0,0.1789,0.0,Water Tank + DSM
2024-03-31 08:00:00,97.87098432648149,82.7,2.75,53.397137108592815,-44.473847217888675,55.37162162162163,50.37162162162163,466.772097188478,52.774161387906155,,56.39111696976621,0.0,0.0,0.0,0.21194256756756755,0.5509564536370379,Water Tank + DSM
2024-03-31 09:00:00,99.60681054005624,77.7,3.3,86.59335359722357,-13.013456942832676,55.74324324324324,50.74324324324324,942.143691998013,51.3676059465807,,57.391262004808986,30.160579211983737,0.0,0.0,0.21138513513513513,0.4327611378200465,Water Tank + DSM
2024-03-31 10:00:00,93.08922040823118,76.8,4.0,93.08922040823118,0.0,56.21621621621622,51.21621621621622,1080.376074480133,51.31711169203187,,53.63596936098814,30.434077628415135,9.91494414768537,0.0,0.2106756756756757,0.2522340180759979,Water Tank + DSM
2024-03-31 11:00:00,95.9509063029148,79.8,4.5,95.9509063029148,0.0,56.554054054054056,51.554054054054056,986.0583920835016,51.26670425660429,,55.2848100784731,31.36966147244141,10.219742659151885,0.0,0.21016891891891892,0.1479242215613192,Water Tank + DSM
2024-03-31 12:00:00,94.3497092261441,77.6,4.35,94.3497092261441,0.0,56.45270270270271,51.45270270270271,1065.8263949455115,51.21638349102238,,54.36223540254442,30.84617490848559,10.049198964446983,0.0,0.21032094594594594,0.1785138270651101,Water Tank + DSM
2024-03-31 13:00:00,84.34230107789155,75.5,5.15,84.34230107789155,0.0,56.99324324324325,51.99324324324325,1088.7192569546705,51.16614924626721,,48.59618607407549,27.57440794011358,8.983308709722689,0.0,0.20951013513513514,0.0019701156516499733,Water Tank + DSM
2024-03-31 14:00:00,86.44379132913656,76.4,5.55,86.44379132913656,0.0,57.26351351351351,52.26351351351351,1079.1265538040238,51.11600137357612,,49.80701871650061,28.26145760237601,9.207138691074183,0.0,0.20910472972972974,0.0,Water Tank + DSM
2024-03-31 15:00:00,88.04011797328496,77.8,4.85,88.04011797328496,0.0,56.79054054054053,51.79054054054053,1001.0747630227372,51.065939724442146,,50.72678715585583,28.78335185388297,9.37716363541021,0.0,0.2098141891891892,0.0637512325066859,Water Tank + DSM
2024-03-31 16:00:00,94.61804640944669,76.1,4.9,94.61804640944669,0.0,56.82432432432432,51.82432432432432,1172.6411828754046,51.01596415061373,,54.516845408718225,30.933903591048487,10.07777959036183,0.0,0.20976351351351352,0.0574637019172981,Water Tank + DSM
2024-03-31 17:00:00,78.586561830698,78.8,4.6,78.586561830698,0.0,56.621621621621614,51.621621621621614,846.4850185761976,50.96607450409417,,45.27985521902611,25.692658213455484,8.370264224933786,0.0,0.2100675675675676,0.1027975091458992,Water Tank + DSM
2024-03-31 18:00:00,83.27238747413665,73.8,4.7,83.27238747413665,0.0,56.689189189189186,51.689189189189186,1162.6023671744738,50.916270637141196,,47.97972529571422,27.224616272189213,8.869352082117924,0.0,0.20996621621621622,0.08947570392984637,Water Tank + DSM
2024-03-31 19:00:00,84.59414896941585,77.7,4.3,84.59414896941585,0.0,56.41891891891892,51.41891891891892,949.6146703886455,50.866552402266656,,48.74129531158108,27.656745704331506,9.010133059171801,0.0,0.21037162162162162,0.16993586743767444,Water Tank + DSM
2024-03-31 20:00:00,103.30636501236069,79.9,3.6,103.30636501236069,0.0,55.945945945945944,50.945945945945944,1030.2647271548458,50.816919652235896,,59.52286424033789,33.77441467989318,11.003173457744257,0.0,0.2110810810810811,0.37644189816862417,Water Tank + DSM
2024-03-31 21:00:00,82.7596214942422,79.4,3.7,82.7596214942422,0.0,56.013513513513516,51.013513513513516,845.3845218729077,50.767372240067495,,47.684280771994224,27.056975383492524,8.814737315454384,0.0,0.21097972972972973,0.2822393915963976,Water Tank + DSM
2024-03-31 22:00:00,72.02871223101226,72.8,3.85,72.02871223101226,0.0,56.11486486486487,51.11486486486487,1031.2802433452755,50.71791001903269,,41.50136595184549,23.54867094063201,7.67178686928869,0.0,0.2108277027027027,0.22040590296047538,Water Tank + DSM
2024-03-31 23:00:00,55.45436642648816,76.3,4.75,96.02380893736223,40.569442510874076,55.247870073549116,51.72297297297297,1089.8616304929635,54.889101200443235,,31.951591017096206,58.69938801108462,5.906451288910909,0.0,0.21212819488967632,0.335900032912641,Water Tank + DSM
