date,network_load_mw,T_supply,temperature,modified_load_mw,tes_charge_mw,T_return_primary,T_secondary_return,m_dot_primary,T_water,T_pcm,Q_primary_kw,Waste heat,Electricity,Biomass,Fossil fuel,eta_el_chp,fgc_recovery_mw,scenario
2024-01-01 00:00:00,161.0239619511116,89.5,-4.65,279.55951274833353,118.53555079722193,26.71327644558302,28.114652327237756,1063.6707833593798,52.54041426330902,,33.83092137108272,67.6765796037128,43.51760800446341,9.526687577664267,132.30340298859286,0.2549300853316255,8.121189552445536,Water Tank + DSM
2024-01-01 01:00:00,162.1072324620258,89.6,-4.9,256.0007038223029,93.89347136027712,29.097031907204062,29.775008771611404,1010.8000505475455,53.76945075457515,,30.979949838983945,68.13186614663425,43.81036779552526,9.590777291980883,107.75394522172016,0.2513544521391939,8.175823937596109,Water Tank + DSM
2024-01-01 02:00:00,170.25519777269795,89.9,-5.0,255.49957140746335,85.2443736347654,29.147738084015458,29.475739039853845,1004.6817185989743,54.36405090254325,,30.919305251517518,71.5563653098297,46.01240006530292,10.072836725669312,99.8015138848532,0.2512783928739768,8.586763837179564,Water Tank + DSM
2024-01-01 03:00:00,161.24543441102315,91.2,-4.75,236.74585676109857,75.50042235007541,31.045298773705504,31.203983579454643,940.18558689913,54.651714725770695,,28.64982266664822,67.76966201443987,43.57746215025286,9.53979058983133,89.28721085412661,0.24843205183944175,8.132359441732785,Water Tank + DSM
2024-01-01 04:00:00,157.6596157822401,87.6,-4.7,228.77780994651886,71.11819416427875,31.851531175875884,31.928301889885823,980.3513034495562,54.790884679691196,,27.685568713652447,66.2625823417326,42.608375018302524,9.327642202891528,84.59838841820749,0.24722270323618617,7.951509881007912,Water Tank + DSM
2024-01-01 05:00:00,138.1156625314401,88.9,-4.55,199.46910505476723,61.35344252332712,34.817079458818036,34.8542206488757,881.0818990225305,54.858214230751614,,24.138772967253626,58.0484762427249,37.32651456647676,8.171360029749023,73.16259194435222,0.24277438081177294,6.965817149126988,Water Tank + DSM
2024-01-01 06:00:00,148.4551929049548,87.2,-4.7,213.58150102846236,65.12630812350756,33.38914220254679,33.40711087740789,948.1880883616979,54.89078784537382,,25.846585925754034,62.39406581777599,40.12082930257463,8.783079393592217,77.81950687598534,0.24491628669617982,7.487287898133118,Water Tank + DSM
2024-01-01 07:00:00,148.65829453731442,89.7,-4.7,97.38613415114447,-51.27216038616994,33.3923439677318,30.062044028651556,413.17159187288576,48.85361996123217,,11.785192407553737,62.4794271740827,10.409218099591332,0.0,0.0,0.2449114840484023,7.497531260889924,Water Tank + DSM
2024-01-01 08:00:00,169.30844011032147,89.1,-4.75,110.86327577747156,-58.44516433284991,25.0,25.0,413.17159187288576,42.313276408535316,,13.416129999999999,71.1584535982628,11.804383516343677,0.0,0.0,0.2575,8.539014431791536,Water Tank + DSM
2024-01-01 09:00:00,168.8457241140026,91.6,-5.0,115.1871164864213,-53.65860762758129,25.0,25.0,413.17159187288576,39.37440096723329,,13.93938,70.96397921333683,16.398949854783506,0.0,0.0,0.2575,8.515677505600419,Water Tank + DSM
2024-01-01 10:00:00,168.54853108439727,90.0,-5.2,296.49193432798285,127.94340324358558,25.0,25.0,1089.6833192251931,47.39981607763272,,35.88,70.83907228965887,52.1905342463288,12.02910541004889,133.65800957996177,0.2575,8.500688674759063,Water Tank + DSM
2024-01-01 11:00:00,157.64499637374703,89.4,-5.35,296.49193432798285,138.8469379542358,25.0,26.743541422657604,1099.8356482862973,51.28246158576801,,35.88,66.25643796700318,49.24379424781107,11.38401776332883,143.62927152548593,0.2575,7.9507725560403815,Water Tank + DSM
2024-01-01 12:00:00,171.49460376929275,89.5,-5.15,281.8500720705615,110.35546830126876,26.48151034434796,27.517697184120294,1068.4419611923374,53.160861137002286,,34.108113628159856,72.07727386016914,52.98672653162893,12.203404400770602,116.32196940398407,0.25527773448347807,8.649272863220297,Water Tank + DSM
2024-01-01 13:00:00,159.31035075549272,92.5,-4.85,245.87133215313105,86.56098139763833,30.121954054796113,30.623254750609092,941.622666859079,54.06961906164009,,29.75414295046386,66.95636788438294,49.693865394336,11.482545402996536,91.48570590683524,0.24981706891780583,8.034764146125953,Water Tank + DSM
2024-01-01 14:00:00,153.42543252754655,86.4,-4.55,228.4789742945883,75.05354176704176,31.881768320701546,32.124294453997884,1001.1640709122272,54.50927044733664,,27.649405088440954,64.48300223066828,48.103433998418446,11.13437500215417,79.47509467780745,0.24717734751894768,7.737960267680192,Water Tank + DSM
2024-01-01 15:00:00,137.48061457515902,87.7,-4.3,201.34467164738035,63.86405707222133,34.627303646177715,34.74463626873929,906.2953766697527,54.72197103096228,,24.365744839171448,57.78157265244756,43.79425958147545,10.191029072302761,66.92229800055402,0.24305904453073343,6.933788718293707,Water Tank + DSM
2024-01-01 16:00:00,144.78668344815065,89.0,-4.4,209.6847684331711,64.89808498502043,33.783426040735186,33.8401908278122,907.1898948628103,54.82487423961025,,25.375022455280718,60.85223211009613,45.7687647260265,10.623279246317368,68.58100857004905,0.24432486093889721,7.302267853211536,Water Tank + DSM
2024-01-01 17:00:00,155.05019902964,87.7,-4.3,95.639801530735,-59.410397498905,32.40205543605371,28.75900993284975,413.17159187288576,48.22076118230893,,11.573859797233961,65.16587351382397,4.923113392001078,0.0,0.0,0.24639691684591944,7.819904821658875,Water Tank + DSM
2024-01-01 18:00:00,155.46913237970423,89.9,-4.5,110.97161790933012,-44.497514470374114,25.737357699351474,25.0,413.17159187288576,42.3924697804268,,13.429241033525738,65.34194653966891,20.00982046853443,0.0,0.0,0.25639396345097276,7.841033584760269,Water Tank + DSM
2024-01-01 19:00:00,165.77270432982328,89.4,-4.8,111.38213666254556,-54.39056766727772,25.0,25.0,413.17159187288576,39.2144486759255,,13.478920000000002,69.67242318945178,14.391930814900462,0.0,0.0,0.2575,8.360690782734213,Water Tank + DSM
2024-01-01 20:00:00,165.3166472256262,90.4,-5.15,113.11167294612545,-52.20497427950076,25.0,25.0,413.17159187288576,37.76706269658023,,13.688220000000003,69.48074746279562,16.388296746902736,0.0,0.0,0.2575,8.337689695535476,Water Tank + DSM
2024-01-01 21:00:00,167.6994820579987,90.5,-5.4,296.49193432798285,128.79245226998415,25.0,25.0,1081.3651259486649,46.62219590088717,,35.88,70.4822264306558,100.04193459110395,27.37506088899894,70.95741490987798,0.2575,8.457867171678696,Water Tank + DSM
2024-01-01 22:00:00,156.99141318144717,90.5,-5.7,296.49193432798285,139.50052114653568,25.0,26.28187242678424,1081.3651259486649,50.90625382022024,,35.88,65.98174422325613,97.14802030525351,26.74153762009572,80.74992371846803,0.2575,7.917809306790736,Water Tank + DSM
2024-01-01 23:00:00,160.32109054116677,88.8,-6.0,269.598365823537,109.27727528237023,27.72117707674596,28.864491455443254,1054.4533536168801,52.97885417898999,,32.62547221621184,67.38117057048612,98.04788385578281,26.938531878317384,50.81137154322995,0.2534182343848811,8.085740468458335,Water Tank + DSM
2024-01-02 00:00:00,148.6681882717684,91.8,-6.3,251.90136175726732,103.23317348549892,31.478979503991113,32.59093432549528,997.614174287284,54.994605931024566,,30.483867564007888,49.733773472765044,31.979968125514365,7.000917078075361,128.58303110455185,0.24778153074401332,5.968052816731805,Water Tank + DSM
2024-01-02 01:00:00,156.55942305128886,88.8,-6.55,223.81653886233815,67.25711581104929,32.35352841523678,32.33265869143072,947.2315429145619,54.956773294740266,,27.08518001537681,52.373617863870756,33.67744920504896,7.372522335240777,93.95253148408,0.24646970737714483,6.28483414366449,Water Tank + DSM
2024-01-02 02:00:00,160.2197124300378,91.0,-6.8,229.4219255876133,69.2022131575755,31.786357499982707,31.776260858466102,925.5799093351956,54.938470102530324,,27.763516430020687,53.59808965520445,34.46481292437114,7.544888614269734,96.52175572469467,0.24732046375002595,6.431770758624534,Water Tank + DSM
2024-01-02 03:00:00,186.84784643451542,92.7,-6.6,267.6611922992516,80.81334586473616,27.917186475316228,27.912301783460123,987.0209676721496,54.92961513290684,,32.3910449755218,62.5059642985696,40.1927826171775,8.798831103758102,112.67333123620713,0.25312422028702564,7.500715715828353,Water Tank + DSM
2024-01-02 04:00:00,213.9105097556783,94.4,-6.9,296.4919343279828,82.58142457230448,25.000000000000014,25.0,1020.5967687267658,54.92533115412686,,35.879999999999995,71.55920146269,46.014223777274445,10.073235964850442,119.05594564209015,0.25749999999999995,8.587104175522798,Water Tank + DSM
2024-01-02 05:00:00,208.24408060590676,96.6,-7.1,296.49193432798285,88.24785372207609,25.0,25.0,989.2376501346029,54.923258592055234,,35.88,69.66361837251976,44.79531995055989,9.80639878153977,123.75617500275436,0.2575,8.359634204702372,Water Tank + DSM
2024-01-02 06:00:00,192.60699819288786,92.1,-7.3,276.04282106519787,83.43582287231001,27.069106531595963,27.068553413486498,1014.045663642219,54.92225589952071,,33.40534858821124,64.43256576103299,41.43163197562983,9.07003467709225,116.27781844232044,0.25439634020260604,7.731907891323958,Water Tank + DSM
2024-01-02 07:00:00,179.11075813886225,91.7,-7.55,108.40753663401068,-70.70322150485157,29.019882986425618,25.0,413.17159187288576,47.19142461693929,,13.11894849094112,59.91768632795639,6.800434472556681,0.0,0.0,0.25147017552036155,7.190122359354767,Water Tank + DSM
2024-01-02 08:00:00,201.58626973285013,94.4,-7.8,120.02981808044505,-81.55645165240507,25.0,25.0,413.17159187288576,41.986756452948164,,14.525420000000002,67.43638965846682,5.6726632343233305,0.0,0.0,0.2575,8.092366759016018,Water Tank + DSM
2024-01-02 09:00:00,224.60490489156987,97.2,-8.1,124.87251967446876,-99.73238521710111,25.0,25.0,413.17159187288576,39.721108600629535,,15.111460000000001,75.13678340069275,0.0,0.0,0.0,0.2575,9.01641400808313,Water Tank + DSM
2024-01-02 10:00:00,213.3091638651122,96.8,-8.25,296.49193432798285,83.18277046287065,25.0,25.0,986.4821135047014,47.56755105668665,,35.88,71.35803401289554,54.29438375944006,12.080932754517164,109.10922423237695,0.2575,8.562964081547465,Water Tank + DSM
2024-01-02 11:00:00,197.61128555014136,92.6,-8.45,296.49193432798285,98.88064877784149,25.0,25.0,1047.7724223319165,51.36361071687489,,35.88,66.10664342829632,50.917617996792345,11.341705717029294,122.13041034552793,0.2575,7.932797211395558,Water Tank + DSM
2024-01-02 12:00:00,193.05381362623322,94.4,-8.6,296.4919343279828,103.43812070174957,25.000000000000014,25.0,1020.5967687267658,53.20012057779719,,35.879999999999995,64.58203834023406,49.937261616898354,11.127090314798037,125.91077409507183,0.25749999999999995,7.749844600828088,Water Tank + DSM
2024-01-02 13:00:00,210.7745001883627,96.1,-8.65,296.4919343279828,85.71743413962008,25.0,25.0,996.1943143408938,54.08861253292563,,35.879999999999995,70.51011630706687,53.749153037699024,11.961573189918889,111.21169482152159,0.2575,8.461213956848024,Water Tank + DSM
2024-01-02 14:00:00,216.43104768439613,96.3,-8.7,296.4919343279828,80.06088664358666,25.0,25.0,993.3999403876235,54.51845936964859,,35.879999999999995,72.40239370060986,54.96593122492576,12.22794503737514,106.51966216424933,0.2575,8.688287244073182,Water Tank + DSM
2024-01-02 15:00:00,204.87560906277088,95.3,-8.4,296.4919343279828,91.61632526521191,25.0,25.004779630016674,1007.5308072494674,54.72641657395892,,35.879999999999995,68.53676801789288,52.48024438706384,11.683789165623322,116.1047483709489,0.2575,8.224412162147146,Water Tank + DSM
2024-01-02 16:00:00,202.13525868856283,93.7,-8.55,291.60653072694834,89.47127203838551,25.494320725328436,25.54981961594067,1021.356797335037,54.82702496543684,,35.28879241250721,67.62004221171213,51.890768463272316,11.55474363168816,113.49242980228954,0.25675851891200735,8.114405065405455,Water Tank + DSM
2024-01-02 17:00:00,206.72792316199894,95.8,-8.75,122.4511688774569,-84.27675428454205,25.0,25.0,413.17159187288576,45.80698100868344,,14.81844,69.15642021707767,5.177223824633671,0.0,0.0,0.2575,8.29877042604932,Water Tank + DSM
2024-01-02 18:00:00,204.4069888524935,96.6,-8.9,123.83479790432081,-80.57219094817269,25.0,25.0,413.17159187288576,41.51523686429728,,14.98588,68.38000111534552,7.877487385047559,0.0,0.0,0.2575,8.205600133841463,Water Tank + DSM
2024-01-02 19:00:00,212.0429212867162,93.7,-9.1,118.8191426819391,-93.2237786047771,25.0,25.0,413.17159187288576,39.17756791742092,,14.378910000000001,70.93443954868914,0.0,0.0,0.0,0.2575,8.512132745842697,Water Tank + DSM
2024-01-02 20:00:00,213.0907565614929,97.6,-9.1,125.56433418790073,-87.52642237359217,25.0,25.0,413.17159187288576,38.3980890832418,,15.19518,71.28497050489649,4.680840105323178,0.0,0.0,0.2575,8.55419646058758,Water Tank + DSM
2024-01-02 21:00:00,214.22459223462377,96.9,-9.05,296.4919343279828,82.26734209335902,25.000000000000014,25.0,985.1100938753484,46.92748250998876,,35.879999999999995,71.66427106124517,119.75529739548509,18.68185704816979,36.5280762130511,0.25749999999999995,8.59971252734942,Water Tank + DSM
2024-01-02 22:00:00,210.38521650395805,93.8,-8.95,296.49193432798285,86.1067178240248,25.0,25.0,1029.4973219424064,51.05394956744538,,35.88,70.37988974816489,118.92941046623758,22.340433164375796,35.87341276924491,0.2575,8.445586769779785,Water Tank + DSM
2024-01-02 23:00:00,209.00996867002087,96.7,-9.0,296.49193432798285,87.48196565796198,25.0,25.0,987.8579602459911,53.050308455391395,,35.88,69.91982989920167,118.63358132884603,23.650919355899013,35.638915146138814,0.2575,8.390379587904201,Water Tank + DSM
2024-01-03 00:00:00,223.61651992855175,96.7,-9.1,296.49193432798285,72.8754143994311,25.0,25.0,987.8579602459911,54.01613436748228,,35.88,69.63334111763297,44.775850974477905,9.802136717030825,115.80794048467104,0.2575,8.356000934115956,Water Tank + DSM
2024-01-03 01:00:00,230.25787119239382,96.9,-9.2,296.4919343279828,66.23406313558897,25.000000000000014,25.0,985.1100938753484,54.483394887671615,,35.879999999999995,71.70143285873017,46.10568185885965,10.093257574715244,110.44167384546773,0.25749999999999995,8.604171943047621,Water Tank + DSM
2024-01-03 02:00:00,223.6541798323274,98.3,-9.3,296.49193432798285,72.83775449565545,25.0,25.0,966.2948942651782,54.709452597445534,,35.88,69.64506826966496,44.78339180482314,9.803787523177332,115.77751097157372,0.2575,8.357408192359795,Water Tank + DSM
2024-01-03 03:00:00,219.84732595729108,95.5,-9.25,296.49193432798285,76.64460837069177,25.000000000000014,25.0,1004.6725638246462,54.81881789996997,,35.88,68.45962832743669,44.021126468412824,9.63691567418877,118.85348032455008,0.25749999999999995,8.215155399292401,Water Tank + DSM
2024-01-03 04:00:00,184.12827612289252,96.2,-9.4,264.95676516428307,80.82848904139055,28.190829042467172,28.220016071508596,930.6969873420571,54.87172814757101,,32.06376846520928,57.33685089439592,36.86892298699745,8.071186049243888,116.17959825372478,0.25271375643629923,6.880422107327511,Water Tank + DSM
2024-01-03 05:00:00,195.22266552688868,91.2,-9.5,280.2905535605864,85.0678880336977,26.639307403499984,26.65342790513695,1037.148769670039,54.89732579359388,,33.91938834541402,60.79160192131984,39.090407905754255,8.557503973182133,122.5490284379987,0.25504103889475005,7.29499223055838,Water Tank + DSM
2024-01-03 06:00:00,202.3647292535899,97.9,-9.65,290.24539568175095,87.88066642816105,25.632044712486703,25.638876122637967,959.4455829929254,54.909709774233185,,35.12407452386591,63.01561363532094,40.520498943657785,8.87057335246252,126.73302411706615,0.25655193293126993,7.561873636238513,Water Tank + DSM
2024-01-03 07:00:00,238.0689032428763,97.9,-9.75,126.08319507297469,-111.98570816990161,25.0,25.0,413.17159187288576,46.036236878406584,,15.257970000000002,74.13375878628594,0.0,0.0,0.0,0.2575,8.896051054354311,Water Tank + DSM
2024-01-03 08:00:00,221.37496461893684,98.6,-9.85,127.2938704714806,-94.08109414745624,25.0,25.0,413.17159187288576,41.80639082387662,,15.40448,68.93532924642447,2.4519640729257333,0.0,0.0,0.2575,8.272239509570936,Water Tank + DSM
2024-01-03 09:00:00,221.56756344696714,94.8,-9.95,120.72163259387699,-100.84593085309015,25.0,25.0,413.17159187288576,39.41755915145281,,14.60914,68.99530379524303,0.0,0.0,0.0,0.2575,8.279436455429165,Water Tank + DSM
2024-01-03 10:00:00,218.99965635750362,98.1,-9.95,296.49193432798285,77.49227797047922,25.0,25.0,968.9386559457943,47.420695736540594,,35.88,68.19566721036043,53.41641843302858,11.732033541705057,107.84110417168131,0.2575,8.18348006524325,Water Tank + DSM
2024-01-03 11:00:00,221.46775288063384,98.2,-9.95,296.4919343279828,75.02418144734895,25.0,25.0,967.6149692573435,51.29256303382457,,35.879999999999995,68.96422316124134,53.91061770840241,11.840221521547875,105.8468618092098,0.2575,8.275706779348958,Water Tank + DSM
2024-01-03 12:00:00,221.76144990021592,95.3,-9.95,296.4919343279828,74.73048442776687,25.0,25.0,1007.5308072494674,53.16574815423228,,35.879999999999995,69.05567930569939,53.96942612731823,11.853095607685377,105.60955219319877,0.2575,8.286681516683926,Water Tank + DSM
2024-01-03 13:00:00,216.10039882815747,98.0,-9.8,296.49193432798285,80.39153549982538,25.0,25.0,970.2659691731172,54.07198336993256,,35.88,67.29284934791747,52.83588563915398,11.604945799307439,110.18372818599802,0.2575,8.075141921750095,Water Tank + DSM
2024-01-03 14:00:00,205.3386380010561,96.9,-9.7,296.4919343279828,91.1532963269267,25.000000000000014,25.0,985.1100938753484,54.51041428486345,,35.879999999999995,63.94167760560002,50.681004599187766,11.133208510054665,118.87931976236477,0.25749999999999995,7.673001312672002,Water Tank + DSM
2024-01-03 15:00:00,201.0944041907663,92.8,-9.45,292.25364950854873,91.15924531778242,25.428843182096035,25.54585008969264,1036.3029023999336,54.72252441238548,,35.36710355421314,62.62003920075708,49.83116049710132,10.947164294355403,118.07041089374597,0.2568567352268559,7.514404704090849,Water Tank + DSM
2024-01-03 16:00:00,191.33043545784247,97.2,-9.75,276.2021571247637,84.87172166692122,27.052984400659042,27.109591608878333,940.629604806701,54.8251419620729,,33.42463065681179,59.579576154203885,47.87607234420212,10.519164804641884,109.90828583841046,0.25442052339901144,7.149549138504465,Water Tank + DSM
2024-01-03 17:00:00,193.7584975263102,95.1,-9.95,118.11960737036912,-75.63889015594108,26.804464085669267,25.0,413.17159187288576,46.50962066138959,,14.294255666869422,60.335665526860346,8.8516951033148,0.0,0.0,0.2547933038714961,7.240279863223241,Water Tank + DSM
2024-01-03 18:00:00,193.08505917125078,93.7,-10.1,118.8191426819391,-74.26591648931168,25.0,25.0,413.17159187288576,41.5938194818486,,14.378910000000001,60.12595936242074,9.93100835514215,0.0,0.0,0.2575,7.215115123490487,Water Tank + DSM
2024-01-03 19:00:00,199.6662478013021,97.3,-10.1,125.04547330282675,-74.62077449847534,25.0,25.0,413.17159187288576,39.54002022823574,,15.132390000000001,62.17531668621002,12.44595211546779,0.0,0.0,0.2575,7.461038002345202,Water Tank + DSM
2024-01-03 20:00:00,226.61261151482876,96.5,-10.1,123.66184427596284,-102.95076723886592,25.0,25.0,413.17159187288576,38.47430846447721,,14.964950000000002,70.56631274027316,0.0,0.0,0.0,0.2575,8.46795752883278,Water Tank + DSM
2024-01-03 21:00:00,225.71117846148732,99.2,-10.2,296.49193432798285,70.78075586649553,25.0,25.0,954.5743362484845,46.96435696870716,,35.88,70.2856098864854,111.37596703443786,14.494018929382381,43.33468323415569,0.2575,8.434273186378249,Water Tank + DSM
2024-01-03 22:00:00,233.86854517070765,97.2,-10.3,296.49193432798285,62.6233891572752,25.0,25.0,981.0168386376392,51.07178919935704,,35.88,72.82578312085221,109.45205427346333,10.251529959901124,44.90083031104593,0.2575,8.739093974502264,Water Tank + DSM
2024-01-03 23:00:00,226.66061301285652,98.3,-10.35,296.49193432798285,69.83132131512633,25.0,25.0,966.2948942651782,53.058939157449274,,35.88,70.58126022576033,115.12338002799203,10.028899466423082,43.51696683134212,0.2575,8.469751227091239,Water Tank + DSM
2024-01-04 00:00:00,234.0831981765849,97.8,-10.35,296.49193432798285,62.40873615139796,25.0,25.0,972.9315350224939,54.02030984702025,,35.88,69.64584718379957,44.783892664650544,9.80389716925658,111.79781666172687,0.2575,8.357501662055949,Water Tank + DSM
2024-01-04 01:00:00,220.05250268767458,98.7,-10.35,296.49193432798285,76.43943164030827,25.0,25.0,961.0504172271038,54.485414958490296,,35.88,65.47134990456333,42.099594237081426,9.21626210250283,122.86818370965719,0.2575,7.856561988547599,Water Tank + DSM
2024-01-04 02:00:00,215.4668958575744,95.6,-10.45,296.4919343279828,81.02503847040839,25.0,25.0,1003.2495148673875,54.710429895041024,,35.879999999999995,64.10701245949294,41.22229366326332,9.024207234100745,126.4862759693622,0.2575,7.692841495139152,Water Tank + DSM
2024-01-04 03:00:00,203.87249094850898,96.6,-9.8,294.2474747867572,90.37498383824823,25.22710157829212,25.287152776764326,984.8728985443073,54.81929071041868,,35.60838651236263,60.65737507084658,39.00409693234553,8.538609146101916,133.38992445650405,0.2571593476325618,7.278885008501589,Water Tank + DSM
2024-01-04 04:00:00,215.95583024261325,96.1,-9.9,296.4919343279828,80.53610408536954,25.0,25.0,996.1943143408938,54.87195689030141,,35.879999999999995,64.25248317131069,41.31583469991269,9.044684835529527,126.100501571435,0.2575,7.710297980557281,Water Tank + DSM
2024-01-04 05:00:00,218.00810481929327,97.8,-10.1,296.49193432798285,78.48382950868958,25.0,25.0,972.9315350224939,54.89743645789256,,35.88,64.86308830085454,41.70846793918985,9.130638415579611,124.48123523749311,0.2575,7.783570596102545,Water Tank + DSM
2024-01-04 06:00:00,215.30709780624392,97.3,-10.25,296.49193432798285,81.18483652173893,25.0,25.0,979.6599688746551,54.909763312926984,,35.88,64.05946837794448,41.19172171775613,9.017514555278451,126.61235832095849,0.2575,7.687136205353338,Water Tank + DSM
2024-01-04 07:00:00,207.4376100641242,95.8,-10.3,122.4511688774569,-84.98644118666729,25.0,25.0,413.17159187288576,45.8470093023996,,14.81844,61.71809084648662,7.154787462664814,0.0,0.0,0.2575,7.406170901578394,Water Tank + DSM
2024-01-04 08:00:00,219.81429277291704,96.3,-10.3,123.31593701924685,-96.4983557536702,25.0,25.0,413.17159187288576,41.50756609070641,,14.92309,65.40047625173347,1.1404427482965858,0.0,0.0,0.2575,7.848057150208016,Water Tank + DSM
2024-01-04 09:00:00,211.53198681709796,99.8,-10.35,129.36931401177648,-82.16267280532148,25.0,25.0,413.17159187288576,39.72359313759771,,15.65564,62.936274551561425,11.797227513317111,0.0,0.0,0.2575,7.55235294618737,Water Tank + DSM
2024-01-04 10:00:00,222.3281575099762,94.4,-10.6,296.4919343279828,74.1637768180066,25.000000000000014,25.0,1020.5967687267658,47.56875306009292,,35.879999999999995,66.14841647419185,49.82904993074094,11.222543758204383,111.86760935084828,0.25749999999999995,7.937809976903021,Water Tank + DSM
2024-01-04 11:00:00,220.91807255668107,98.8,-10.8,296.49193432798285,75.57386177130178,25.0,25.0,959.7481808893978,51.36419223858582,,35.88,65.72887948077089,49.559277927930346,11.163486431622603,112.9801812838704,0.2575,7.887465537692506,Water Tank + DSM
2024-01-04 12:00:00,241.60634219059358,99.9,-10.95,296.49193432798285,54.88559213738927,25.0,25.0,945.6530807695267,53.200401914354615,,35.88,71.88417843705813,53.51727770715229,12.02995472016558,96.65691786367982,0.2575,8.626101412446975,Water Tank + DSM
2024-01-04 13:00:00,252.50295717870105,98.7,-10.9,296.49193432798285,43.988977149281794,25.0,25.0,961.0504172271038,54.08874864178806,,35.88,75.12620515317442,55.601975967585744,12.48632789717505,88.05937345872337,0.2575,9.01514461838093,Water Tank + DSM
2024-01-04 14:00:00,247.4327531335332,101.0,-10.8,296.49193432798285,49.05918119444965,25.0,25.0,931.9659967057573,54.51852521826277,,35.88,73.61768741729632,54.63196412771254,12.273977077153887,92.05981804340364,0.2575,8.83412249007556,Water Tank + DSM
2024-01-04 15:00:00,244.69594063358002,98.4,-10.25,296.4919343279828,51.79599369440277,25.0,25.0,964.978416207596,54.72644843110556,,35.879999999999995,72.80341442962695,54.108367738924656,12.159353607677719,94.21919203450705,0.2575,8.736409731555234,Water Tank + DSM
2024-01-04 16:00:00,224.5242006995589,98.0,-10.6,296.49193432798285,71.96773362842396,25.0,25.0,970.2659691731172,54.82704037772464,,35.88,66.80179650993163,50.249188425324476,11.314518670447647,110.13490806166398,0.2575,8.016215581191796,Water Tank + DSM
2024-01-04 17:00:00,224.66228317348643,97.1,-11.05,124.69956604611075,-99.96271712737568,25.0,25.0,413.17159187288576,45.92414537981294,,15.09053,66.84287964171054,0.0,0.0,0.0,0.2575,8.021145557005264,Water Tank + DSM
2024-01-04 18:00:00,231.67413264463698,99.3,-11.6,128.50454586998654,-103.16958677465044,25.0,25.0,413.17159187288576,41.81524615227529,,15.55099,68.92908745392253,0.0,0.0,0.0,0.2575,8.271490494470703,Water Tank + DSM
2024-01-04 19:00:00,238.23230334809776,100.2,-11.85,130.06112852520846,-108.1711748228893,25.0,25.0,413.17159187288576,39.90849510358368,,15.739360000000001,70.88031401856449,0.0,0.0,0.0,0.2575,8.505637682227738,Water Tank + DSM
2024-01-04 20:00:00,228.87706594219807,98.9,-11.75,127.81273135655461,-101.06433458564346,25.0,25.0,413.17159187288576,38.868863987488965,,15.467270000000003,68.09688727194279,0.600036012577327,0.0,0.0,0.2575,8.171626472633134,Water Tank + DSM
2024-01-04 21:00:00,213.12990174032652,97.6,-11.75,296.49193432798285,83.36203258765633,25.0,25.0,975.6117871850904,47.155240456733424,,35.88,63.41169585229031,116.48473752523199,16.578813044700382,44.96815644269683,0.2575,7.609403502274836,Water Tank + DSM
2024-01-04 22:00:00,215.0607680263247,97.1,-12.0,296.49193432798285,81.43116630165815,25.0,25.0,982.3774722557221,51.16413743395516,,35.88,63.98617885378081,116.85414339961983,14.7288155039303,45.37554881941028,0.2575,7.678341462453697,Water Tank + DSM
2024-01-04 23:00:00,207.7951264262215,99.3,-11.85,296.49193432798285,88.69680790176136,25.0,25.0,953.2895794029281,53.10361665429076,,35.88,61.82446127424176,115.46410893284295,21.690156737023074,43.84257524103327,0.2575,7.418935352909012,Water Tank + DSM
2024-01-05 00:00:00,211.07982515826168,95.9,-11.5,296.49193432798285,85.41210916972116,25.0,25.0,999.0044534504591,54.04192453984797,,35.88,64.87194208383252,41.714161126689106,9.131884743700883,125.87105047356067,0.2575,7.784633050059902,Water Tank + DSM
2024-01-05 01:00:00,185.0891559134552,97.2,-11.15,274.0081939090534,88.91903799559819,27.274976599605342,27.525388923015225,936.1203918137933,54.495872011348354,,33.15912798687202,56.88413373357938,36.57781536813329,8.007458021358895,124.39619119801822,0.254087535100592,6.826096048029525,Water Tank + DSM
2024-01-05 02:00:00,209.41395093678676,93.5,-10.9,296.49193432798285,87.07798339119608,25.0,25.0,1034.0060693377745,54.71548895164423,,35.88,64.35996280806117,41.38494659545998,9.05981451445654,127.21761655037658,0.2575,7.72319553696734,Water Tank + DSM
2024-01-05 03:00:00,228.31338408892543,101.6,-12.7,296.49193432798285,68.17855023905742,25.0,25.0,924.6660019534929,54.82173825028118,,35.88,70.1683953853743,45.11990325993657,9.877455163614787,111.94075157122603,0.2575,8.420207446244916,Water Tank + DSM
2024-01-05 04:00:00,256.29039928635405,101.9,-12.5,296.49193432798285,40.2015350416288,25.0,25.0,921.0587223619967,54.87314099473992,,35.88,78.76667477188275,50.64879603267956,11.087816589981008,89.32625936660693,0.2575,9.45200097262593,Water Tank + DSM
2024-01-05 05:00:00,265.0972096422418,100.2,-12.65,296.49193432798285,31.39472468574104,25.0,25.0,941.8805285856057,54.89800932019512,,35.88,81.47330431794235,52.389221513524326,11.4688230507799,82.20750339012636,0.2575,9.776796518153082,Water Tank + DSM
2024-01-05 06:00:00,267.865957593713,103.4,-12.75,296.49193432798285,28.62597673426984,25.0,25.0,903.43642537803,54.91004046011692,,35.88,82.32423384954444,52.936388908988405,11.588606583660107,79.96945803313434,0.2575,9.878908061945333,Water Tank + DSM
2024-01-05 07:00:00,271.51117494236206,102.6,-12.8,134.2120156058002,-137.29915933656187,25.0,25.0,413.17159187288576,46.45996416937754,,16.24168,83.44453195736807,0.0,0.0,0.0,0.2575,10.013343834884168,Water Tank + DSM
2024-01-05 08:00:00,252.5267586789798,101.0,-12.7,131.4447575520724,-121.08200112690741,25.0,25.0,413.17159187288576,42.227677119114006,,15.9068,77.60998120667402,0.0,0.0,0.0,0.2575,9.313197744800881,Water Tank + DSM
2024-01-05 09:00:00,232.98130243415898,99.2,-12.15,128.33159224162858,-104.64971019253039,25.0,25.0,413.17159187288576,40.01790591558531,,15.530060000000002,71.60300396682922,0.0,0.0,0.0,0.2575,8.592360476019504,Water Tank + DSM
2024-01-05 10:00:00,228.99364555976044,97.8,-11.45,296.49193432798285,67.49828876822241,25.0,25.0,972.9315350224939,47.711139736635,,35.88,70.37746265508983,55.9403506148262,12.246220960439476,98.36553181089835,0.2575,8.445295518610779,Water Tank + DSM
2024-01-05 11:00:00,224.457528651931,99.4,-11.4,296.49193432798285,72.03440567605185,25.0,25.0,952.0082762048058,51.43307801988058,,35.88,68.98336109607266,55.043911026434344,12.049976261282684,102.03218387250848,0.2575,8.27800333152872,Water Tank + DSM
2024-01-05 12:00:00,227.4596431920734,97.5,-10.95,296.4919343279828,69.03229113590939,25.0,25.0,976.9574586156903,53.23372842340604,,35.879999999999995,69.90601204308348,55.63719695299972,12.179855864638496,99.60550270633229,0.2575,8.388721445170017,Water Tank + DSM
2024-01-05 13:00:00,220.82672526052295,97.6,-10.1,296.49193432798285,75.6652090674599,25.0,25.0,975.6117871850904,54.10487179789777,,35.88,67.86749288295182,54.32638192304909,11.89289787602006,104.96704931158682,0.2575,8.144099145954218,Water Tank + DSM
2024-01-05 14:00:00,214.3398090622784,96.7,-9.35,296.49193432798285,82.15212526570446,25.0,25.0,987.8579602459911,54.5263255000906,,35.88,65.87384497463242,53.0444201471853,11.612256317690168,110.21057921504492,0.2575,7.90486139695589,Water Tank + DSM
2024-01-05 15:00:00,214.96380212211574,95.1,-9.3,296.4919343279828,81.52813220586705,25.0,25.0,1010.4053601945443,54.73022215854327,,35.879999999999995,66.06561906582341,53.16773532910983,11.639251946945745,109.70619066294782,0.2575,7.927874287898809,Water Tank + DSM
2024-01-05 16:00:00,203.24646460682746,96.9,-8.9,293.1571157283286,89.91065112150116,25.337427587082203,25.39184281343225,978.6226714133765,54.82886608339634,,35.47643660584969,62.46448646066526,50.85212366550313,11.132328200858554,115.84277693005487,0.2569938586193767,7.4957383752798314,Water Tank + DSM
2024-01-05 17:00:00,198.5935814235735,93.5,-8.05,116.55525709439686,-82.03832432917665,26.108955243688975,25.0,413.17159187288576,46.0717390097868,,14.1049456674959,61.034498691059255,3.8655956270218326,0.0,0.0,0.25583656713446656,7.32413984292711,Water Tank + DSM
2024-01-05 18:00:00,173.60836432974463,92.8,-7.25,117.2625600267172,-56.345804303027435,25.0,25.0,413.17159187288576,41.30086645118431,,14.19054,53.355699663025234,18.75047487278404,0.0,0.0,0.2575,6.402683959563027,Water Tank + DSM
2024-01-05 19:00:00,169.32891334989634,90.4,-6.75,113.11167294612545,-56.21724040377089,25.0,25.0,413.17159187288576,38.77645853365104,,13.688220000000003,52.04048019140036,17.027913414442672,0.0,0.0,0.2575,6.244857622968043,Water Tank + DSM
2024-01-05 20:00:00,190.90498286644325,91.8,-6.85,115.53302374313729,-75.37195912330596,25.0,25.0,413.17159187288576,37.681334797233134,,13.98124,58.671533306139,7.206169786210374,0.0,0.0,0.2575,7.040583996736679,Water Tank + DSM
2024-01-05 21:00:00,193.6737241933427,97.8,-8.2,296.49193432798285,102.81821013464014,25.0,25.0,972.9315350224939,46.58072128072821,,35.88,59.52246080178699,95.84027659533177,24.39968586497271,66.35402724114135,0.2575,7.1426952962144385,Water Tank + DSM
2024-01-05 22:00:00,198.829703989865,91.4,-7.4,296.4919343279828,97.66223033811778,25.0,25.0,1066.7080685186377,50.88618865904832,,35.879999999999995,61.107067111246565,96.8592151501502,24.622747510998764,62.186325143801604,0.2575,7.332848053349587,Water Tank + DSM
2024-01-05 23:00:00,164.04763483135062,92.6,-6.55,275.1228505638761,111.07521573252549,27.162192082480193,28.311220142635786,1004.3814798084364,52.96914677983089,,33.29401826935369,50.41736536303243,89.98548936366129,23.117981025310996,68.93242186964373,0.25425671187627974,6.0500838435638915,Water Tank + DSM
2024-01-06 00:00:00,149.16393422555365,88.1,-4.35,253.0074548385738,103.84352061302016,31.39757905468509,32.52096747244741,1065.9393431497915,55.0056253556929,,30.617721524815387,51.583755725786574,33.169549557874284,7.261335128927811,125.35994684989272,0.24790363141797236,6.190050687094389,Water Tank + DSM
2024-01-06 01:00:00,147.52382768362253,87.7,-6.3,210.7934696265338,63.26964194291128,33.67124411620402,33.647236541579375,932.0365875566371,54.96210442329899,,25.509192037019993,51.01657535700313,32.80483944543842,7.181494359710096,84.54948799293578,0.24449313382569396,6.121989042840375,Water Tank + DSM
2024-01-06 02:00:00,146.3438975778623,91.6,-5.7,209.53716962766902,63.19327204980672,33.79836055885319,33.78674584478603,866.0075787180858,54.941049269098926,,25.357160771611586,50.6085328454869,32.542458660692816,7.124055086797916,84.30291690999894,0.24430245916172022,6.073023941458428,Water Tank + DSM
2024-01-06 03:00:00,161.72226822593012,87.8,-4.25,231.72486148230337,70.00259325637325,31.55333909765316,31.547719971815926,984.184818767203,54.93086291752041,,28.04220643920682,55.92666902290236,35.96214338527995,7.872677758841633,93.3305194954415,0.24766999135352025,6.711200282748283,Water Tank + DSM
2024-01-06 04:00:00,162.35201042522678,89.2,-4.2,232.72559559930608,70.3735851740793,31.45208162642337,31.449363128577293,962.7390605556168,54.92593482449887,,28.163310374797653,56.14444598049868,36.10217901250248,7.903333756068189,93.7923497357606,0.24782187756036494,6.737333517659842,Water Tank + DSM
2024-01-06 05:00:00,175.05342899319993,91.0,-4.7,250.9278573914793,75.87442839827938,29.610318696167298,29.60900350395533,976.4595909419781,54.923550643995966,,30.366058839383918,60.5368406715007,38.92659052211467,8.521641776124685,101.12533245896445,0.25058452195574904,7.264420880580084,Water Tank + DSM
2024-01-06 06:00:00,187.30569595465764,91.7,-6.15,268.46302566629663,81.157329711639,27.83605441664531,27.83541813489993,1004.2214886398688,54.922397192418345,,32.48807891769222,64.7739101032527,41.65112429285746,9.118084991156172,108.17558457115754,0.253245918375032,7.772869212390324,Water Tank + DSM
2024-01-06 07:00:00,178.64610091212938,94.4,-8.05,112.96082039392887,-65.68528051820051,29.087221386234432,25.0,413.17159187288576,47.46342791218197,,13.669964563861136,61.77925568040437,8.505881145394067,0.0,0.0,0.25136916792064834,7.413510681648524,Water Tank + DSM
2024-01-06 08:00:00,186.25105285747694,91.0,-7.05,114.14939471627338,-72.10165814120356,25.0,25.0,413.17159187288576,41.811939549174205,,13.8138,64.40919424760494,5.247816053928844,0.0,0.0,0.2575,7.729103309712593,Water Tank + DSM
2024-01-06 09:00:00,180.2957990474033,94.0,-7.25,119.33800356701308,-60.95779548039023,25.0,25.0,413.17159187288576,39.34814702702919,,14.4417,62.34975300653804,13.918480610137411,0.0,0.0,0.2575,7.4819703607845645,Water Tank + DSM
2024-01-06 10:00:00,172.81367237151454,92.9,-7.6,296.49193432798285,123.6782619564683,25.0,25.0,1043.143089096282,47.38711458598373,,35.88,59.76228977849778,45.11155443343161,10.308332770826821,140.02734725780564,0.2575,7.1714747734197335,Water Tank + DSM
2024-01-06 11:00:00,176.97406249824763,90.0,-7.75,296.49193432798285,119.51787182973521,25.0,25.0,1089.6833192251931,51.2763166837512,,35.88,61.20103265649709,46.036699423775545,10.510861533118721,136.46708026233233,0.2575,7.34412391877965,Water Tank + DSM
2024-01-06 12:00:00,191.04229338769062,95.5,-8.2,296.49193432798285,105.44964094029223,25.000000000000014,25.0,1004.6725638246462,53.157888271937345,,35.88,66.0660973215096,49.16504867322204,11.195706295961394,124.42814723089754,0.25749999999999995,7.927931678581151,Water Tank + DSM
2024-01-06 13:00:00,223.24708011694548,96.3,-8.4,296.4919343279828,73.2448542110373,25.0,25.0,993.3999403876235,54.06818080816257,,35.879999999999995,77.20313162184482,56.32641965048199,12.763442829667708,96.86879923810307,0.2575,9.264375794621378,Water Tank + DSM
2024-01-06 14:00:00,239.4048260611764,96.9,-8.4,296.4919343279828,57.08710826680638,25.000000000000014,25.0,985.1100938753484,54.50857462932257,,35.879999999999995,82.790790758042,59.91941387943748,13.550005673013764,83.04175709682676,0.25749999999999995,9.934894890965039,Water Tank + DSM
2024-01-06 15:00:00,239.6751906162986,99.6,-9.55,296.49193432798285,56.81674371168424,25.0,25.0,949.4559751962139,54.72163439857013,,35.88,82.88428801822585,59.97953478303511,13.563167082652885,82.81039177457919,0.2575,9.946114562187102,Water Tank + DSM
2024-01-06 16:00:00,235.20978578964306,97.0,-9.4,296.49193432798285,61.28214853833978,25.0,25.0,983.7418854116327,54.82471137896974,,35.88,81.340065193916,58.98656374440754,13.34579013358658,86.6316760631882,0.2575,9.76080782326992,Water Tank + DSM
2024-01-06 17:00:00,229.0017018785519,96.8,-9.55,124.1807051610368,-104.8209967175151,25.0,25.0,413.17159187288576,45.89598241372023,,15.02774,79.19319044394678,0.0,0.0,0.0,0.2575,9.503182853273612,Water Tank + DSM
2024-01-06 18:00:00,216.2037268324256,99.0,-10.45,127.98568498491257,-88.21804184751302,25.0,25.0,413.17159187288576,41.774584874772934,,15.4882,74.76740466676394,1.570683278852421,0.0,0.0,0.2575,8.972088560011672,Water Tank + DSM
2024-01-06 19:00:00,196.81124013519585,94.7,-9.85,120.54867896551902,-76.26256116967683,25.0,25.0,413.17159187288576,39.393159562345076,,14.588210000000002,68.06110999909423,5.472525459865452,0.0,0.0,0.2575,8.167333199891306,Water Tank + DSM
2024-01-06 20:00:00,181.8724291073421,92.8,-9.4,117.2625600267172,-64.6098690806249,25.0,25.0,413.17159187288576,38.06981159163777,,14.19054,62.89498198768596,10.921176495849352,0.0,0.0,0.2575,7.547397838522316,Water Tank + DSM
2024-01-06 21:00:00,203.52305724468115,95.7,-10.05,296.4919343279828,92.96887708330163,25.0,25.0,1001.8304915083105,46.76866391797016,,35.879999999999995,70.38218537196767,115.932298324731,27.699941140121325,33.85912070211985,0.2575,8.44586224463612,Water Tank + DSM
2024-01-06 22:00:00,217.28381637793888,99.6,-10.7,296.49193432798285,79.20811795004397,25.0,25.0,949.4559751962139,50.97711412847719,,35.88,75.14092039338378,118.99227515086096,19.110621687227038,31.342504016370825,0.2575,9.016910447206053,Water Tank + DSM
2024-01-06 23:00:00,226.64190561324142,96.5,-10.85,296.49193432798285,69.85002871474143,25.0,25.0,990.6211992956302,53.01313595180478,,35.88,78.37712753474291,120.24833685243075,11.032980857343452,32.692378822200155,0.2575,9.40525530416915,Water Tank + DSM
2024-01-07 00:00:00,217.94876149613387,97.8,-10.4,296.49193432798285,78.54317283184895,25.0,25.0,972.9315350224939,53.9981505433322,,35.88,69.00199678753116,44.36988194894365,9.713263724009767,124.52679553735541,0.2575,8.280239614503738,Water Tank + DSM
2024-01-07 01:00:00,222.97308071932315,97.4,-9.95,296.49193432798285,73.5188536086597,25.0,25.0,978.3068473706844,54.47469442631292,,35.88,70.59268285758797,45.39272993062704,9.937181204950878,120.56252546482513,0.2575,8.471121942910557,Water Tank + DSM
2024-01-07 02:00:00,207.04683974686634,97.0,-10.05,296.49193432798285,89.4450945811165,25.0,25.0,983.7418854116327,54.70524336879529,,35.88,65.55047742877481,42.15047506766067,9.227400715097778,133.12859016939603,0.2575,7.866057291452978,Water Tank + DSM
2024-01-07 03:00:00,208.0202249532683,94.5,-10.15,296.4919343279828,88.4717093747145,25.0,25.0,1019.1282841674469,54.81678150154241,,35.879999999999995,65.85864858985006,42.348636261156,9.270781311298135,132.36057331549603,0.2575,7.903037830782008,Water Tank + DSM
2024-01-07 04:00:00,207.0150276391097,98.2,-10.8,296.4919343279828,89.4769066888731,25.0,25.0,967.6149692573435,54.87074295078073,,35.879999999999995,65.54040580027754,42.14399877728847,9.22598295346364,133.15369044291,0.2575,7.864848696033305,Water Tank + DSM
2024-01-07 05:00:00,237.69165049649357,97.6,-11.4,296.49193432798285,58.80028383148928,25.0,25.0,975.6117871850904,54.8968491615643,,35.88,75.25254280590606,48.38912779491097,10.593139738068912,108.94933309265585,0.2575,9.030305136708728,Water Tank + DSM
2024-01-07 06:00:00,246.1429579432541,101.5,-11.55,296.49193432798285,50.34897638472876,25.0,25.0,925.8747156815366,54.909479182645924,,35.88,77.92820421039701,50.10964004353709,10.96978687971614,102.2811132410362,0.2575,9.35138450524764,Water Tank + DSM
2024-01-07 07:00:00,245.5581585520035,100.1,-11.25,129.88817489685044,-115.66998365515306,25.0,25.0,413.17159187288576,46.23439086770016,,15.71843,77.74305828233842,0.0,0.0,0.0,0.2575,9.32916699388061,Water Tank + DSM
2024-01-07 08:00:00,242.56113975491726,97.4,-11.15,125.21842693118475,-117.34271282373251,25.0,25.0,413.17159187288576,41.794111637004086,,15.153320000000003,76.79421012193085,0.0,0.0,0.0,0.2575,9.2153052146317,Water Tank + DSM
2024-01-07 09:00:00,232.19367036306457,100.3,-10.55,130.23408215356645,-101.95958820949812,25.0,25.0,413.17159187288576,39.90728242798282,,15.760290000000001,73.51189695455761,4.647442138675686,0.0,0.0,0.2575,8.821427634546913,Water Tank + DSM
2024-01-07 10:00:00,217.4095858484219,97.4,-10.25,296.49193432798285,79.08234847956095,25.0,25.0,978.3068473706844,47.65762078698246,,35.88,68.83129521503336,54.40250635375684,11.982233997885583,112.51682490624754,0.2575,8.259755425804004,Water Tank + DSM
2024-01-07 11:00:00,199.39573422513135,93.7,-10.1,296.49193432798285,97.0962001028515,25.000000000000014,25.0,1030.995862440139,51.40718588762199,,35.88,63.128157820222306,50.735256930156126,11.179415526695022,126.73004857078246,0.25749999999999995,7.575378938426676,Water Tank + DSM
2024-01-07 12:00:00,208.6491847713244,96.3,-9.95,296.4919343279828,87.84274955665839,25.0,25.0,993.3999403876235,53.22120197217246,,35.879999999999995,66.05777559129332,52.619069003858854,11.591811563705079,119.42892468944059,0.2575,7.926933070955198,Water Tank + DSM
2024-01-07 13:00:00,214.4536286249037,98.9,-9.7,296.49193432798285,82.03830570307915,25.0,25.0,958.4494688719559,54.098811579336385,,35.88,67.89544703933771,53.800734303513025,11.850496648832406,114.84912351951809,0.2575,8.147453644720526,Water Tank + DSM
2024-01-07 14:00:00,216.45273124014153,94.6,-9.65,296.49193432798285,80.03920308784132,25.0,25.0,1017.6640193913443,54.52339360435038,,35.88,68.52835759724897,54.20771044980097,11.939590116397293,113.27179884776407,0.2575,8.223402911669876,Water Tank + DSM
2024-01-07 15:00:00,194.93976319007842,97.0,-10.5,283.3288269290499,88.38906373897149,26.331885209164415,26.445196173506,957.7850054386685,54.72880372576819,,34.28706528983936,61.71740927118084,49.82811294165165,10.980827466304573,117.08277522490738,0.2555021721862534,7.4060891125417,Water Tank + DSM
2024-01-07 16:00:00,197.05924445025562,95.4,-10.95,284.3280231640616,87.268778713806,26.23078334574174,26.2856024797892,981.9911736080107,54.828179854513856,,34.40798311849288,62.38843138712241,50.259595702377176,11.075285816500624,116.4096660677319,0.2556538249813874,7.486611766454688,Water Tank + DSM
2024-01-07 17:00:00,191.14452263381182,96.0,-11.2,119.01712977976749,-72.12739285404433,27.185525906736935,25.0,413.17159187288576,46.75409493113823,,14.402869427719962,60.515846230061825,15.63275105275283,0.0,0.0,0.2542217111398946,7.261901547607419,Water Tank + DSM
2024-01-07 18:00:00,187.93301107330967,96.0,-10.7,122.79707613417288,-65.13593493913679,25.0,25.0,413.17159187288576,41.91937221903409,,14.8603,59.49909023264444,21.149708349884612,0.0,0.0,0.2575,7.139890827917333,Water Tank + DSM
2024-01-07 19:00:00,185.5087461239847,94.0,-9.7,119.33800356701308,-66.17074255697163,25.0,25.0,413.17159187288576,39.40012227906547,,14.4417,58.73157441334296,19.001848482948432,0.0,0.0,0.2575,7.047788929601156,Water Tank + DSM
2024-01-07 20:00:00,197.20559644694745,94.1,-9.05,119.51095719537105,-77.6946392515764,25.0,25.0,413.17159187288576,38.19033702508964,,14.462629999999999,62.434766039066545,12.848324182252355,0.0,0.0,0.2575,7.492171924687986,Water Tank + DSM
2024-01-07 21:00:00,197.6920450613812,96.3,-7.6,296.4919343279828,98.79988926660158,25.0,25.0,993.3999403876235,46.82697336693581,,35.879999999999995,62.588774373411,92.72911167336241,25.477678188305866,71.35940588735025,0.2575,7.510652924809319,Water Tank + DSM
2024-01-07 22:00:00,197.5028968307241,92.0,-6.75,296.49193432798285,98.98903749725875,25.0,25.0,1057.1554589498141,51.005323874265294,,35.88,62.52889054789818,92.69060498671044,25.469248470079023,71.5086469360889,0.2575,7.5034668657477805,Water Tank + DSM
2024-01-07 23:00:00,178.69262547766104,91.4,-5.25,294.8768454358351,116.18421995817405,25.163419847741398,26.27852340241289,1063.5148208104092,53.02678364993169,,35.684549862101285,56.57360879008158,88.86122089829576,24.630936175399025,84.73516990589341,0.2572548702283879,6.788833054809789,Water Tank + DSM
2024-01-08 00:00:00,151.69341381288515,89.4,-3.35,236.3098887087733,84.61647489588813,31.08941141238286,31.628891520027477,968.1334962266308,54.004753214109996,,28.59706395079011,96.54330504106517,56.801936830893496,0.0,84.61647489588813,0.24836588288142572,11.58519660492782,Water Tank + DSM
2024-01-08 01:00:00,118.07693882248131,82.1,-0.8,178.59806094728822,60.52112212480691,36.928878299631485,37.18987539297317,944.5319220157545,54.47788875703407,,21.613061553640744,75.14853569790057,44.2141728608797,0.0,60.52112212480691,0.23960668255055279,9.017824283748068,Water Tank + DSM
2024-01-08 02:00:00,100.71606243433938,79.2,1.7,149.10892460389096,48.39286216955158,39.91268321259509,40.038951969806966,906.6758440679753,54.706788765968554,,18.04443087773627,64.0994311732436,37.71335401092891,0.0,48.39286216955158,0.23513097518110737,6.571723718098026,Water Tank + DSM
2024-01-08 03:00:00,96.52214600728725,81.7,1.95,140.85251796064267,44.330371953355424,40.74809278236588,40.809180815353855,821.6583224304554,54.81752915500462,,17.04528103229041,61.43026747815352,36.14293265923258,0.0,44.330371953355424,0.23387786082645118,5.9901540444563866,Water Tank + DSM
2024-01-08 04:00:00,107.72228813490304,78.7,2.35,155.76591487558744,48.0436267406844,39.239107694921906,39.268661702237296,942.9883009496149,54.87110466083768,,18.850027196873402,68.55845261652404,40.33685083694995,0.0,48.0436267406844,0.23614133845761714,7.305955761149298,Water Tank + DSM
2024-01-08 05:00:00,114.20877458212588,80.8,2.5,164.50726335724704,50.29848877512116,38.354630162525716,38.36892820595051,925.8817667975966,54.897024154621796,,19.907862325619245,72.68669275548898,42.7657301413875,0.0,50.29848877512116,0.23746805475621144,8.131621612133728,Water Tank + DSM
2024-01-08 06:00:00,107.3684937554181,82.5,2.5,154.47459852978542,47.106104774367324,39.36976720328886,39.376684507043834,855.6103883788087,54.90956384318987,,18.693758424866527,68.3332847740852,40.20437174316795,0.0,47.106104774367324,0.2359453491950667,7.228390309986473,Water Tank + DSM
2024-01-08 07:00:00,98.99661964254506,77.4,2.25,63.65901065735307,-35.337608985191984,40.59301811605377,38.333472585949565,413.17159187288576,50.81345960133938,,7.703701308309948,63.00511411770141,1.7318958407992753,0.0,0.0,0.23411047282591935,6.202342595550551,Water Tank + DSM
2024-01-08 08:00:00,83.55054673911333,79.4,2.2,70.33908005624853,-13.211466682864796,38.73067104515645,37.30047738567865,413.17159187288576,48.2208044690551,,8.512090550248757,53.17466142684191,18.074221724911084,0.0,0.0,0.23690399343226531,5.828792290016432,Water Tank + DSM
2024-01-08 09:00:00,91.7003165896257,79.7,2.2,77.38044844691713,-14.319868142708572,34.95942463216189,33.39857624908314,413.17159187288576,45.39129844776266,,9.364202424488518,58.361476707187705,20.017519746273145,0.0,0.0,0.24256086305175717,7.003377204862524,Water Tank + DSM
2024-01-08 10:00:00,89.15469443846045,79.1,2.2,222.38814756564173,133.2334531271813,32.49805760453167,35.21179038081837,1140.0093008841384,50.31075335057401,,26.91232310498014,56.741348517822885,37.87481284552256,0.0,128.7428142835552,0.2462529135932025,6.8089618221387465,Water Tank + DSM
2024-01-08 11:00:00,86.49076107529316,78.7,2.35,169.96141934669123,83.47065827139807,37.802761255689546,39.11564815676407,992.7894157532381,52.690754785780015,,20.567897538195304,55.045922692634655,36.8772970614623,0.0,78.98001942777196,0.2382958581164657,6.340378318988185,Water Tank + DSM
2024-01-08 12:00:00,90.40232946342421,79.1,2.25,152.03033765247847,61.628008189054256,39.61708531831756,40.252251768778336,919.8602046938692,53.842184556656775,,18.397965959292204,57.53538964174122,38.34199256080946,0.0,57.13736934542816,0.23557437202252365,6.0007966159184605,Water Tank + DSM
2024-01-08 13:00:00,96.95196218184435,79.7,2.4,150.01177372547411,53.05981154362976,39.821330057545914,40.12861960355384,898.6394024942811,54.399239059922884,,18.153689251175088,61.70381840570425,40.79451712720993,0.0,48.569172700003676,0.23526800491368113,6.3599371834843,Water Tank + DSM
2024-01-08 14:00:00,109.31097931437354,80.0,2.4,162.1705465585932,52.85956724421966,38.59106662451078,38.73973138005204,935.5752244100545,54.6687385356684,,19.62508431708511,69.56955450486879,45.4223786329164,0.0,48.368928400593575,0.23711340006323384,7.684207763055573,Water Tank + DSM
2024-01-08 15:00:00,110.74354287949157,81.5,2.3,161.5545635016023,50.81102062211073,38.653393755775284,38.72531683232397,900.7485627280583,54.7991206921742,,19.550541068092766,70.48129099877158,45.95880525215281,0.0,46.32038177848464,0.23701990936633707,7.758554961234492,Water Tank + DSM
2024-01-08 16:00:00,120.49474993907921,80.5,1.8,174.20294288274232,53.70819294366311,37.37359036991168,37.408386303362064,964.9681069917715,54.8621987619481,,21.081185917585632,76.6873202126279,49.61016646488735,0.0,49.21755410003702,0.23893961444513248,9.03058055956072,Water Tank + DSM
2024-01-08 17:00:00,108.67141021199623,82.5,1.8,74.9814191377767,-33.689991074219535,39.1465185786241,36.8149924387583,413.17159187288576,50.63560806738084,,9.073883661493976,69.16250904789321,7.0022606394906575,0.0,0.0,0.23628022213206384,7.408749422053825,Water Tank + DSM
2024-01-08 18:00:00,98.38483694169443,79.7,1.7,74.87588691326438,-23.50895002843005,36.40753621989259,34.49844221543255,413.17159187288576,47.17480236748445,,9.061112669176481,62.61575295545659,13.331471401951063,0.0,0.0,0.2403886956701611,7.513890354654791,Water Tank + DSM
2024-01-08 19:00:00,85.84033906940061,78.4,1.85,75.47545520145378,-10.36488386794683,34.760872033727985,33.38671821512137,413.17159187288576,44.683736261332584,,9.133669483340734,54.63197004603021,21.77822238040371,0.0,0.0,0.242858691949408,6.555836405523626,Water Tank + DSM
2024-01-08 20:00:00,93.80170350297911,79.9,1.9,84.36944135648756,-9.432262146491553,31.118461180904205,29.674575161009514,413.17159187288576,42.06625961744905,,10.209976074836751,59.698877143276704,25.691994754857447,0.0,0.0,0.2483223082286437,7.163865257193204,Water Tank + DSM
2024-01-08 21:00:00,110.47018991454003,80.9,2.15,285.7149843268019,175.2447944122619,26.09044618960116,29.751004787525773,1245.3101473614286,48.70212041367287,,34.57582635723701,70.3073190509074,77.50932845582662,0.0,139.10127473810505,0.2558643307155983,8.436878286108886,Water Tank + DSM
2024-01-08 22:00:00,122.59286211756384,81.4,2.3,237.45872561250692,114.86586349494308,30.973168428606158,32.744123725246354,1124.9344773310283,51.912508257621695,,28.736090559387037,78.02263648619842,82.0486900760165,0.0,78.7223438207862,0.24854024735709077,9.36271637834381,Water Tank + DSM
2024-01-08 23:00:00,118.86269008648654,81.2,3.15,229.79352809214586,110.93083800565933,34.72300073687941,36.424692947797766,1181.1375825184082,54.99733597655909,,27.808485942910977,75.64861689497108,80.65191884678573,0.0,74.78731833150255,0.2429154988946809,9.077834027396529,Water Tank + DSM
2024-01-09 00:00:00,115.82535713636265,79.4,3.05,165.57021869522808,49.74486155886542,38.24707694961384,38.225429828087556,961.1303918838339,54.95809407365149,,20.036495968261846,85.01160587167095,35.48493399228132,0.0,49.74486155886541,0.23762938457557925,9.565296619807208,Water Tank + DSM
2024-01-09 01:00:00,114.54722367505259,80.0,3.15,164.13127120364808,49.58404752859549,38.3926742483911,38.38220150673202,942.3718531144187,54.93910908708581,,19.86236159892424,84.07350232724274,35.09335754797546,0.0,49.58404752859548,0.23741098862741333,9.386298269289925,Water Tank + DSM
2024-01-09 02:00:00,104.2128621300756,80.8,3.35,149.54847035233436,45.335608222258756,39.86820857120834,39.86314192446157,872.8145928747805,54.9299242696281,,18.097622548834828,76.48845625168765,31.92726208889441,0.0,45.33560822225874,0.23519768714318748,7.8623056752850085,Water Tank + DSM
2024-01-09 03:00:00,96.26235202571328,76.9,3.5,138.2759437249086,42.0135916991953,41.00879878520276,41.006347573276386,920.3635562831136,54.92548071253421,,16.733476652897505,70.65307056256727,29.49149730272487,0.0,42.01359169919528,0.23348680182219586,6.778964806855687,Water Tank + DSM
2024-01-09 04:00:00,109.10589882531951,78.6,3.0,156.6765542037791,47.57065537845958,39.14696630191009,39.145780420950096,948.6901339346072,54.9233309474749,,18.960228302915535,80.07976749247214,33.42632143518353,0.0,47.570655378459556,0.23627955054713487,8.57800072546986,Water Tank + DSM
2024-01-09 05:00:00,124.45327064235573,83.7,3.05,178.63309766594907,54.17982702359333,36.9253331726377,36.92475945086518,912.3300980966925,54.922290904619025,,21.61730152552531,91.34418105728273,38.128232047393986,0.0,54.17982702359331,0.23961200024104345,10.961301726873925,Water Tank + DSM
2024-01-09 06:00:00,130.80218356294617,80.4,3.0,187.717587581986,56.91540401903984,36.00613549497128,36.005857931975186,1010.1428359667219,54.921787738406806,,22.716661948014355,96.0040525764645,40.073322150976885,0.0,56.91540401903982,0.2409907967575431,11.52048630917574,Water Tank + DSM
2024-01-09 07:00:00,114.71184091768136,79.9,2.95,71.89239302879723,-42.81944788888413,38.33256154187759,35.66404978465546,413.17159187288576,50.08430950105465,,8.700064869285022,84.19432540515962,0.0,0.0,0.0,0.2375011576871836,9.430154328143697,Water Tank + DSM
2024-01-09 08:00:00,94.07579010658809,80.5,3.0,76.13523016144302,-17.94055994514507,36.47939697231811,34.78390110968488,413.17159187288576,47.010714522576116,,9.21351221369382,69.04821352022002,10.881049456618303,0.0,0.0,0.24028090454152284,8.2857856224264,Water Tank + DSM
2024-01-09 09:00:00,81.89162794367036,75.7,3.7,70.10185345351418,-11.789774490156177,35.16783301451584,33.80155462520994,413.17159187288576,44.533924995026126,,8.483382550061835,60.10548096770102,13.299023713853913,0.0,0.0,0.24224825047822623,7.212657716124122,Water Tank + DSM
2024-01-09 10:00:00,64.33046125075062,76.6,3.85,195.38148260047026,131.05102134971963,35.230678142056604,38.18855342772905,1128.2511243258436,49.895961450183904,,23.644108942100303,47.216222359263554,24.34252252037404,0.0,126.41715527223805,0.2421539827869151,5.665946683111627,Water Tank + DSM
2024-01-09 11:00:00,79.60237797761667,76.6,3.45,164.21558326614326,84.61320528852659,38.38414328487404,39.81514480112696,1026.5297570805178,52.49008106526758,,19.872564631290647,58.425254628085504,29.0213162697466,0.0,79.97933921104502,0.23742378507268894,6.525817012207136,Water Tank + DSM
2024-01-09 12:00:00,82.12206922666758,78.8,3.65,142.1790114053438,60.05694217867622,40.613873942884695,41.3061835035471,889.4686881845045,53.74509986897019,,17.20580676430991,60.27461650080937,29.79326362103545,0.0,55.42307610119465,0.23407918908567296,5.926004784159268,Water Tank + DSM
2024-01-09 13:00:00,90.4856241740126,77.2,3.8,141.72922653712087,51.243602363108266,40.65938461108304,40.994319635498414,926.583016985651,54.35227009677649,,17.151376005144684,66.41316210471103,32.355571241619366,0.0,46.609736285626695,0.23401092308337543,6.511391632289268,Water Tank + DSM
2024-01-09 14:00:00,83.82325386074612,77.8,3.95,126.20630259439149,42.38304873364537,42.230043588155695,42.39208305280327,847.6147129398674,54.64601524581069,,15.27286786856579,61.52322424269585,30.314448497486033,0.0,37.749182656163796,0.23165493461776646,5.4521720422844435,Water Tank + DSM
2024-01-09 15:00:00,73.20323249026167,77.3,3.8,108.12448911431107,34.921256624049406,44.05961917385221,44.13801285080224,777.067693706071,54.78812730702436,,13.084695468072756,53.72851422912397,27.060836623148475,0.0,30.28739054656783,0.22891057123922168,4.171604612087786,Water Tank + DSM
2024-01-09 16:00:00,80.98392657749105,75.2,3.7,117.8405769478137,36.856650370322654,43.07651440351253,43.114440772864036,876.3406822315396,54.85688023114514,,14.260488773399013,59.43926112863794,29.44457558088305,0.0,32.22278429284111,0.2303852283947312,4.965610177142685,Water Tank + DSM
2024-01-09 17:00:00,69.17348004784407,79.7,3.55,60.268713478776604,-8.904766569067462,44.85325289734382,43.721495398006375,413.17159187288576,52.805230183815304,,7.293424168585939,50.77082227923518,12.287625444231356,0.0,0.0,0.22772012065398428,3.7002020305186303,Water Tank + DSM
2024-01-09 18:00:00,76.21736432880243,75.2,3.5,57.796016235345945,-18.421348093456487,41.78294088186677,40.29212272400733,413.17159187288576,50.102674958050855,,6.994190473425285,55.94077753863061,4.929049514979884,0.0,0.0,0.23232558867719985,5.107524713518088,Water Tank + DSM
2024-01-09 19:00:00,57.4546461305832,76.3,4.0,59.67975172042964,2.225105589846443,41.793784497599056,41.129762263616435,413.17159187288576,48.89893542146637,,7.222150904652517,42.1696237603576,19.82724708890827,0.0,0.0,0.23230932325360143,3.8474423193309892,Water Tank + DSM
2024-01-09 20:00:00,65.80635389646118,76.0,3.45,63.33172703435899,-2.474626862102184,39.382250123558485,38.480909858367156,413.17159187288576,47.26498574689151,,7.66409504913921,48.29947396329986,17.686192685723135,0.0,0.0,0.23592662481466228,5.105568308694697,Water Tank + DSM
2024-01-09 21:00:00,76.25642378686211,77.1,3.2,185.43546635900307,109.17904257214096,36.23704780239936,38.417236278295796,1084.086252887414,51.217231517190704,,22.440490828330375,55.969445762379074,43.36659691822278,0.0,89.17480974642409,0.24064442829640095,6.716333491485488,Water Tank + DSM
2024-01-09 22:00:00,99.38409094003194,79.3,3.0,179.43048435609657,80.04639341606463,36.84465104292431,37.89941255698711,1009.6354491245221,53.129303238840876,,21.713797352662528,72.94431355788024,50.45212432444937,0.0,60.042160590347805,0.23973302343561353,8.753317626945627,Water Tank + DSM
2024-01-09 23:00:00,94.11389387097371,81.1,3.0,171.2360752583855,77.1221813874118,39.51888027664538,40.553316365516245,983.7842402726976,55.004529028759734,,20.72215014616338,69.0761802995183,48.837515919644936,0.0,57.11794856169497,0.23572167958503193,7.245173867087453,Water Tank + DSM
2024-01-10 00:00:00,87.80439039083197,76.3,2.95,125.45004202639655,37.645651635564576,42.30656444559916,42.282869056997654,881.6100417731914,54.96157402720309,,15.181348923063409,70.184612030941,28.29615199586559,0.0,37.645651635564576,0.23154015333160127,6.187518442723547,Water Tank + DSM
2024-01-10 01:00:00,60.9320305979446,78.1,2.9,87.46713323476554,26.535102636820938,46.1497963578994,46.1383326774727,653.9914009700783,54.940792666793506,,10.584843555952322,48.704750511207855,19.63617071471859,0.0,26.535102636820938,0.22577530546315092,3.170738768305852,Water Tank + DSM
2024-01-10 02:00:00,67.23836432839639,75.3,3.45,96.68587137437274,29.44750704597635,45.21701501659559,45.21146895988661,767.790730700727,54.930738774934035,,11.700450040151676,53.74558712813868,21.668472026523496,0.0,29.44750704597635,0.2271744774751066,3.799700676330669,Water Tank + DSM
2024-01-10 03:00:00,70.72184379894281,76.9,3.75,101.76401265543758,31.04216885649477,44.70319247778946,44.70050933032945,755.0612591859573,54.925874765093994,,12.31498179656381,56.53003394303938,22.79107038560682,0.0,31.04216885649477,0.22794521128331582,4.170833679729503,Water Tank + DSM
2024-01-10 04:00:00,92.45318883185959,78.1,3.7,132.87170235709274,40.41851352523315,41.55561717134856,41.55431908143172,868.5856367518625,54.92352158763248,,16.079481863067123,73.90053231170675,29.7942901493217,0.0,40.41851352523315,0.23266657424297715,6.848088673578749,Water Tank + DSM
2024-01-10 05:00:00,79.86646377159236,79.6,3.45,114.90532801989444,35.038864248302076,43.37351225621016,43.37288424844791,757.7304024402466,54.922383135131874,,13.905279341572646,63.839595595867806,25.73804781508098,0.0,35.038864248302076,0.22993973161568476,5.219456801733553,Water Tank + DSM
2024-01-10 06:00:00,84.36244337527984,74.5,3.55,121.34247761010141,36.980034234821574,42.722180920186084,42.721877093968544,912.1989040204293,54.92183235895061,,14.684271619457446,67.4333633195462,27.186938031959425,0.0,36.980034234821574,0.23091672861972087,5.776808168519044,Water Tank + DSM
2024-01-10 07:00:00,69.09457085919193,79.1,3.55,59.098917919855985,-9.995652939335947,44.92961659669293,43.76743233414177,413.17159187288576,52.81502467385475,,7.151861246312169,55.2293071862508,12.27100673927782,0.0,0.0,0.2276055751049606,3.9998334770224173,Water Tank + DSM
2024-01-10 08:00:00,76.7673918598852,76.5,3.55,60.16504609073559,-16.6023457691496,41.71319230944244,40.267866165851814,413.17159187288576,50.194937373668346,,7.280878849633698,61.362416962646925,8.136984220211584,0.0,0.0,0.23243021153583635,5.628212805214743,Water Tank + DSM
2024-01-10 09:00:00,72.23337238118383,76.0,3.6,62.697767302758,-9.535605078425824,39.74879908678045,38.56431989044269,413.17159187288576,48.047713431569264,,7.587376351136852,57.73824285658068,13.74257583000119,0.0,0.0,0.23537680136982933,5.97632416737082,Water Tank + DSM
2024-01-10 10:00:00,85.20879565789255,78.1,3.7,190.49493419362912,105.28613853573657,35.725114702489535,37.68241652322655,1073.929250528774,51.59591026305012,,23.05276281582252,68.1098774019545,30.040658197522127,0.0,102.70516683667148,0.24141232794626571,8.17318528823454,Water Tank + DSM
2024-01-10 11:00:00,93.64763715319062,78.8,3.9,167.48912664081203,73.84148948762142,38.052915720580756,38.99984606845798,981.9533506903485,53.31250564163403,,20.26871279818542,74.85528971791932,32.76018896992533,0.0,71.26051778855633,0.23792062641912887,8.509736898274571,Water Tank + DSM
2024-01-10 12:00:00,82.78591765371603,77.3,4.1,134.9997445094552,52.213826855739185,41.34029507594123,41.79841404064602,896.8454377167968,54.14298372211462,,16.337007089174293,66.17320029543951,29.259853001239176,0.0,49.6328551566741,0.23298955738608815,6.21751674304333,Water Tank + DSM
2024-01-10 13:00:00,75.31112974906314,75.6,4.05,116.10870332279802,40.79757357373488,43.251750903177296,43.47338598572871,857.4617821596324,54.54476381005106,,14.050905919799957,60.198384152801495,26.85100153327204,0.0,38.216601874669784,0.23012237364523405,4.965734283353636,Water Tank + DSM
2024-01-10 14:00:00,69.44183067298789,76.9,4.4,103.74916385309547,34.30733318010758,44.50232854513402,44.60955420833969,765.0178778184259,54.739142497287226,,12.555215060019714,55.5068820910673,24.959540547932065,0.0,31.72636148104248,0.22824650718229897,4.16224065514886,Water Tank + DSM
2024-01-10 15:00:00,83.03682001263826,75.9,4.3,121.25880375481246,38.2219837421742,42.730647307861545,42.782522411376505,873.3273461562812,54.83318168734692,,14.674145819797593,66.37375387414123,29.340709678821966,0.0,35.641012043109114,0.23090402903820767,5.6826630211878735,Water Tank + DSM
2024-01-10 16:00:00,93.43234859447233,77.9,4.5,135.1872623242549,41.75491372978256,41.32132142508378,41.34641827488849,882.8939420762187,54.87867725783781,,16.35969957559981,74.68320328919877,32.6908093209881,0.0,39.173942030717484,0.23301801786237433,7.02560363589884,Water Tank + DSM
2024-01-10 17:00:00,107.96085176278362,79.0,4.3,68.72181746263124,-39.23903430015238,39.26575555825483,36.78348451434503,413.17159187288576,50.37881619422269,,8.316377361657265,86.29625992246586,0.0,0.0,0.0,0.23610136666261775,9.182393807240318,Water Tank + DSM
2024-01-10 18:00:00,102.45618843666276,78.6,4.5,74.4358522752046,-28.02033616145816,35.56195969873917,33.47313136695982,413.17159187288576,46.592188097419374,,9.007861835053891,81.89622185847992,4.997555859845193,0.0,0.0,0.24165706045189125,9.82754662301759,Water Tank + DSM
2024-01-10 19:00:00,102.62905882248093,76.8,4.55,77.91503590556668,-24.714022916914246,31.750331689894715,29.756977567712518,413.17159187288576,42.97863565220529,,9.428895577305036,82.03440220352056,8.359578923578347,0.0,0.0,0.24737450246515794,9.844128264422467,Water Tank + DSM
2024-01-10 20:00:00,85.54576287549645,79.0,4.4,241.07456857447792,155.52880569898147,30.60730589981597,34.008059655500816,1190.069633306553,49.14352221835788,,29.173662143820103,68.37922513421944,53.96653003488572,0.0,129.13055440451816,0.24908904115027605,8.205507016106333,Water Tank + DSM
2024-01-10 21:00:00,101.58447792287875,75.4,4.3,203.06999962578465,101.4855217029059,34.452729455923794,36.097992798959346,1184.7360019760822,52.12605568297821,,24.57453557071515,81.19943820175277,59.13522281640856,0.0,75.08727040844259,0.24332090581611432,9.74393258421033,Water Tank + DSM
2024-01-10 22:00:00,82.90425912884936,80.2,4.35,146.89464601274742,63.990386883898054,40.13673098605264,40.93269907501279,875.911765147508,53.568986671590295,,17.776469740681044,66.26779409060661,53.115269737079714,0.0,37.59213558943475,0.23479490352092103,6.704949832264623,Water Tank + DSM
2024-01-10 23:00:00,73.25038947967734,75.2,4.45,132.8489014422466,59.598511962569276,42.9757709203563,43.76363343095496,984.8638738495486,54.99722386737247,,16.07672260816013,58.551174307603574,50.00417971384361,0.0,33.20026066810597,0.23053634361946557,4.9268104882318875,Water Tank + DSM
2024-01-11 00:00:00,68.59234746896631,73.1,4.7,98.06334440913739,29.470996940171077,45.07763789951953,45.05602270179269,835.9931827699473,54.95803983592995,,11.867145072174644,47.03549757438773,19.633219601106806,0.0,29.470996940171077,0.2273835431507207,3.364645401948729,Water Tank + DSM
2024-01-11 01:00:00,70.74058561256136,78.9,4.8,101.52098132705153,30.78039571449017,44.72778316309126,44.71732586596616,709.7140936493145,54.939082847216234,,12.285571336942855,48.50859849192067,20.248110806685652,0.0,30.78039571449017,0.22790832525536311,3.5718482348843685,Water Tank + DSM
2024-01-11 02:00:00,87.55686185690789,75.4,4.7,125.74306963639937,38.18620777949148,42.27691497698879,42.27185580221074,906.8888340632013,54.92991157494376,,15.216809687521407,60.039941997244725,25.06144139764562,0.0,38.18620777949148,0.2315846275345168,5.303839024812572,Water Tank + DSM
2024-01-11 03:00:00,65.70938773815544,75.8,5.45,94.60811353729348,28.898725799138035,45.42724918452889,45.4248015874941,744.1235199011705,54.92547457092552,,11.449009975303449,45.05857958820913,18.808028693013654,0.0,28.898725799138035,0.22685912622320667,3.128710282040503,Water Tank + DSM
2024-01-11 04:00:00,91.56126841001915,74.0,5.3,131.60087640181416,40.03960799179501,41.68420339661897,41.68301926452088,972.847330397966,54.92332797620315,,15.925692737643715,62.78586427087653,26.207624552623873,0.0,40.03960799179501,0.23247369490507155,5.769693160441399,Water Tank + DSM
2024-01-11 05:00:00,107.89716155050573,80.3,5.0,154.97023688560202,47.07307533509629,39.31961693290056,39.319044057216445,903.3853828344028,54.9222894671364,,18.75373814825093,73.98779700152772,30.883454863760193,0.0,47.07307533509629,0.23602057460064915,7.848795559666809,Water Tank + DSM
2024-01-11 06:00:00,132.5977460231589,79.7,4.75,190.28391715967356,57.68617113651467,35.74646607932552,35.746188925661684,1034.2107805471578,54.92178704296174,,23.02722656912668,90.92560892836228,37.953514675413366,0.0,57.68617113651467,0.24138030088101173,10.911073071403475,Water Tank + DSM
2024-01-11 07:00:00,115.77032233649952,79.9,4.25,72.15714107786461,-43.61318125863491,38.17948695675274,35.47510025287396,413.17159187288576,50.01927470064525,,8.732103379951653,79.38662134151582,0.0,0.0,0.0,0.23773076956487088,8.964581654503979,Water Tank + DSM
2024-01-11 08:00:00,111.35227902911572,78.0,3.8,76.24505632010501,-35.10722270901071,33.915896622713035,31.5138442485593,413.17159187288576,45.66483404528729,,9.226802836866163,76.35705794361623,0.0,0.0,0.0,0.24412615506593044,9.162846953233945,Water Tank + DSM
2024-01-11 09:00:00,99.33168565386899,79.9,3.55,84.05575352784794,-15.275932126021047,31.299832240660372,29.61907924071903,413.17159187288576,42.6179649289809,,10.172015112029786,68.11423478028998,13.15582257770684,0.0,0.0,0.24805025163900946,8.173708173634797,Water Tank + DSM
2024-01-11 10:00:00,108.26082876738785,78.2,3.5,277.10470623583154,168.84387746844368,26.961661601631114,30.465118625243043,1291.9617025222897,48.96903198399871,,33.53385272444919,74.23717275740607,36.722214659662356,0.0,163.10921030961012,0.25455750759755336,8.908460730888727,Water Tank + DSM
2024-01-11 11:00:00,95.88244601105788,79.8,3.8,196.64484422196773,100.76239821090985,35.10284718189633,36.79779772196814,1051.0018501049638,52.04163840171257,,23.796994770451995,65.74900441802069,33.179144391196395,0.0,95.02773105207629,0.2423457292271555,7.889880530162483,Water Tank + DSM
2024-01-11 12:00:00,109.66504109882025,77.3,3.7,185.97691020474738,76.31186910592713,36.182262786378104,37.0022692297076,1080.5144956027168,53.52814612024111,,22.50601370749179,75.20007646527081,37.12414301008174,0.0,70.57720194709356,0.24072660582043284,9.024009175832498,Water Tank + DSM
2024-01-11 13:00:00,96.47362778006666,80.8,3.65,152.43177433942995,55.958146559363286,39.57646667337586,39.973180648919566,883.3464497606125,54.24730923352037,,18.446545858642473,66.15439262367752,33.34835862461175,0.0,50.223479400529726,0.2356352999899362,6.915859587487341,Water Tank + DSM
2024-01-11 14:00:00,97.38237058707558,77.3,3.6,146.6230634874028,49.240692900327204,40.164210572567555,40.35613830639449,943.2143614298662,54.595235838310224,,17.74360415520921,66.77754041890569,33.60846850201469,0.0,43.50602574149364,0.23475368414114867,6.745515653847331,Water Tank + DSM
2024-01-11 15:00:00,79.90763310262311,77.6,3.55,118.2086386910137,38.301005588390595,43.03927274187669,43.13212617604536,817.0847768975653,54.76356054808102,,14.305029800715484,54.7946734826939,28.606666243254377,0.0,32.56633842955703,0.23044109088718498,4.589840950138869,Water Tank + DSM
2024-01-11 16:00:00,85.42967084551529,77.4,3.55,124.43747093158093,39.00780008606564,42.409019620015016,42.45394152924097,849.563491643508,54.84499498721088,,15.058812534462042,58.581273627542345,30.18724168136506,0.0,33.27313292723208,0.23138647056997746,5.128549284804012,Water Tank + DSM
2024-01-11 17:00:00,84.23470426199351,78.4,3.65,61.80797818377383,-22.426726078219687,42.663265957138584,40.95701154941579,413.17159187288576,51.75189691769465,,7.479698435170896,57.761854990993385,1.6838126018895672,0.0,0.0,0.23100510106429212,4.968698116969196,Water Tank + DSM
2024-01-11 18:00:00,93.20131910916031,77.0,3.9,66.97897797464402,-26.222341134516284,38.27344733352061,36.34955853022141,413.17159187288576,48.26427120577588,,8.105467473094137,63.910488278186214,0.45471589448923666,0.0,0.0,0.2375898289997191,7.180938748091207,Water Tank + DSM
2024-01-11 19:00:00,87.98997018755057,79.4,3.25,75.85838026600041,-12.131589921550159,35.5394687199137,34.08727019632697,413.17159187288576,45.63172565481357,,9.180009196922065,60.3369352710878,13.053820275536587,0.0,0.0,0.24169079692012946,7.2404322325305355,Water Tank + DSM
2024-01-11 20:00:00,98.65247675540884,77.5,3.4,79.79224521784498,-18.860231537563863,31.364948671278455,29.589571939511323,413.17159187288576,42.41332263306138,,9.65606624310142,67.64848415832039,9.377112886438184,0.0,0.0,0.24795257699308232,8.117818098998447,Water Tank + DSM
2024-01-11 21:00:00,107.68018315603565,79.3,3.7,278.2973090032257,170.61712584719004,26.840990248115496,30.402720458858166,1267.3299389673655,48.87002732441458,,33.67817566325388,73.83900946001067,70.74920196462755,0.0,130.68927291929506,0.25473851462782676,8.860681135201279,Water Tank + DSM
2024-01-11 22:00:00,111.65844265625793,81.3,3.2,220.17122473133915,108.51278207508122,32.72237293094963,34.445515673561175,1082.7421351439802,51.99374056820104,,26.644041974584244,76.56700204194773,71.88790103646481,0.0,68.58492914718627,0.24591644060357556,9.188040245033728,Water Tank + DSM
2024-01-11 23:00:00,124.59195758941964,78.0,3.75,236.5760697708742,111.98411218145456,33.975686370967125,35.63690846205759,1283.7456792011862,55.005204052036014,,28.62927587766707,85.43583847508289,75.5898670467671,0.0,72.05625925355962,0.2440364704435493,10.252300617009945,Water Tank + DSM
2024-01-12 00:00:00,120.72886511457487,82.2,3.45,172.50081787123247,51.7719527566576,37.54581680993621,37.52192920419054,922.8471701276512,54.96190059923151,,20.87520309531629,89.8720348253651,37.51373933982838,0.0,51.77195275665759,0.23868127478509568,10.49032217493867,Water Tank + DSM
2024-01-12 01:00:00,138.76738329119038,80.3,3.4,198.7104183948974,59.94303510370702,34.89384579597889,34.88228912210312,1045.458249883975,54.9409506602931,,24.046960428009246,103.30012704033167,43.118797155224165,0.0,59.94303510370701,0.24265923130603168,12.3960152448398,Water Tank + DSM
2024-01-12 02:00:00,116.92725664693509,81.7,3.65,167.7023730274459,50.77511638051081,38.031338770727075,38.02574772437056,917.4240191859889,54.93081521119847,,20.29451883021042,87.0420712680014,36.33247627575683,0.0,50.7751163805108,0.2379529918439094,9.906429375461693,Water Tank + DSM
2024-01-12 03:00:00,91.15719580043852,77.0,4.35,130.9705719940397,39.81337619360117,41.74797960785417,41.74527469468477,887.5452162614203,54.92591174447943,,15.849416389006416,67.85852470148504,28.325018039074696,0.0,39.81337619360117,0.23237803058821874,6.209877615167888,Water Tank + DSM
2024-01-12 04:00:00,66.47035974778883,74.6,4.1,95.73526663822061,29.264906890431774,45.31320023711163,45.31189161708109,780.9096854145829,54.923539478027294,,11.585412516414491,49.48134383967334,20.65414718374702,0.0,29.264906890431774,0.22703019964433255,3.4696713447173533,Water Tank + DSM
2024-01-12 05:00:00,63.449655556324174,76.7,3.7,91.44135743949292,27.991701883168744,45.74767167139804,45.74703856923277,705.7487489378125,54.92239179039271,,11.065784681007946,47.23269491851601,19.715532300274123,0.0,27.991701883168744,0.22637849249290296,3.18886674640699,Water Tank + DSM
2024-01-12 06:00:00,70.40458390672885,77.0,3.65,101.3930613760214,30.988477469292548,44.740726511919966,44.74042022106218,750.8521515474295,54.92183654631152,,12.270091091743726,52.4100281297766,21.87661754709275,0.0,30.988477469292548,0.22788891023212005,3.8550532101653943,Water Tank + DSM
2024-01-12 07:00:00,57.05789340909417,76.3,3.75,51.24560130363789,-5.8122921054562795,46.67032308014572,45.776898342271195,413.17159187288576,53.302236140023965,,6.201491379325501,42.47458947499887,11.917145992028711,0.0,0.0,0.2249945153797814,2.6324927194810877,Water Tank + DSM
2024-01-12 08:00:00,70.28644948924,73.9,3.9,53.20459176104966,-17.081857728190336,43.137655048829885,41.758179693350854,413.17159187288576,50.80152315158276,,6.438558798279907,52.32208743330309,4.758052244947059,0.0,0.0,0.23029351742675516,4.351840947394383,Water Tank + DSM
2024-01-12 09:00:00,61.616590275945335,79.3,4.0,64.7006606643443,3.0840703883989633,41.890746850119314,41.19958825710598,413.17159187288576,49.54859082208782,,7.829756684270028,45.86813884024069,20.672225757534562,0.0,1.557793732822518,0.23216387972482103,4.158199927506427,Water Tank + DSM
2024-01-12 10:00:00,88.00941782472053,74.2,4.1,179.66446745066773,91.6550496259472,36.82097588679217,38.35089338482595,1148.246186539782,52.322025333535045,,21.742112839396565,65.51528051056378,28.87319453303137,0.0,90.12877297037076,0.23976853616981175,7.861833661267654,Water Tank + DSM
2024-01-12 11:00:00,97.67926989080507,79.0,4.15,166.07511301578865,68.39584312498357,38.19599013117762,38.936154623586404,972.3049320284715,53.66379555972864,,20.097595803111563,72.7136359396033,31.877880359552933,0.0,66.86956646940713,0.23770601480323356,8.203847566837545,Water Tank + DSM
2024-01-12 12:00:00,107.02161918350504,81.2,4.15,166.16690427453682,59.14528509103178,38.186702398718104,38.54478933904449,922.8743298274725,54.31293558177304,,20.108703931133157,79.66819432286515,34.78080217411132,0.0,57.619008435455335,0.23771994640192284,8.992928694916912,Water Tank + DSM
2024-01-12 13:00:00,102.46512392524998,76.1,4.1,153.2390211313076,50.77389720605761,39.494786867106534,39.668027083500895,1000.0626443464927,54.62698545409375,,18.54423490694059,76.276283861826,33.3649752692603,0.0,49.247620550481166,0.2357578196993402,8.011395635918078,Water Tank + DSM
2024-01-12 14:00:00,80.74138716610307,78.1,4.1,119.08650177321091,38.345114607107845,42.950447754021255,43.03426028443357,809.3633167357035,54.77892081311543,,14.411264486190579,60.10487013485791,26.614819890128,0.0,36.81883795153141,0.23057432836896813,5.0666790791847225,Water Tank + DSM
2024-01-12 15:00:00,95.44335022169962,77.0,3.9,138.59775877014684,43.15440854844722,40.97623651203661,41.01678448871499,919.1108667249937,54.85242618712006,,16.77242113160422,71.04919015708175,31.18311935461831,0.0,41.62813189287078,0.2335356452319451,6.830852514530489,Water Tank + DSM
2024-01-12 16:00:00,83.46203868412974,79.3,3.75,120.74695935949799,37.284920675368255,42.78243735703856,42.802054213904974,789.9056063757224,54.887987626158036,,14.612204920981885,62.13015619833353,27.460200253679858,0.0,35.7586440197918,0.23082634396444215,5.300036326600714,Water Tank + DSM
2024-01-12 17:00:00,88.07315468196013,76.3,3.4,59.061665970095845,-29.01148871186429,42.15115528895039,40.2082398131095,413.17159187288576,51.36587036137257,,7.1473531980226825,65.56272700190668,0.0,0.0,0.0,0.23177326706657442,5.8411845125055075,Water Tank + DSM
2024-01-12 18:00:00,93.05457646454252,78.8,2.95,70.72308702335093,-22.331489441191593,37.90864218646863,36.098664124660424,413.17159187288576,48.08474204691591,,8.558561190372115,69.27095793325194,6.583096333768616,0.0,0.0,0.23813703672029704,7.934859863938751,Water Tank + DSM
2024-01-12 19:00:00,102.584825624249,81.2,2.75,82.93250575691145,-19.652319867337553,33.249282490187085,31.40095360138872,413.17159187288576,44.734091351511424,,10.036085174803844,76.36539126170825,12.223573317259582,0.0,0.0,0.24512607626471938,9.16384695140499,Water Tank + DSM
2024-01-12 20:00:00,88.31311975268893,78.1,3.55,79.79638325144414,-8.516736501244793,31.962556103028536,30.61267209623583,413.17159187288576,42.287021561342264,,9.656567007636127,65.74135991767992,18.924549818686565,0.0,0.0,0.2470561658454572,7.88896319012159,Water Tank + DSM
2024-01-12 21:00:00,88.85922237005911,75.4,3.5,252.6456114655421,163.78638909548297,29.436510857722432,33.03420609687739,1313.1052742500035,48.808923657870615,,30.573933014163973,66.14788534471792,57.12804359410583,0.0,134.26932074550555,0.2508452337134164,7.93774624136615,Water Tank + DSM
2024-01-12 22:00:00,79.55294488969236,81.1,2.95,174.88819540358077,95.33525051388841,37.30425433326115,39.044796731104725,953.9582043476778,51.9641789974693,,21.16411181741967,59.22017925706198,54.23633027193324,0.0,65.81818216391099,0.23904361850010827,6.998313533914659,Water Tank + DSM
2024-01-12 23:00:00,96.13732856741969,76.7,2.95,196.50093492833926,100.36360636091958,38.06113396936749,39.73944325755254,1214.9013782080037,55.00661815299042,,23.779579573417738,71.56579607394691,59.38954898071128,0.0,70.84653801094215,0.23790829904594876,8.13225014532028,Water Tank + DSM
2024-01-13 00:00:00,89.22300574667106,79.4,2.75,127.45695717728572,38.23395143061465,42.10349836670855,42.07920808677879,816.3872712795475,54.96258473240632,,15.424215953416574,61.74786873045186,32.37150421823417,0.0,38.23395143061465,0.23184475244993719,5.518963364372653,Water Tank + DSM
2024-01-13 01:00:00,100.71542757410768,79.3,3.45,144.31773565053672,43.60230807642904,40.397470999238976,40.38571951411789,886.2222449777913,54.941281639633345,,17.464624684910184,69.70133934553493,36.541134893094856,0.0,43.60230807642904,0.23440379350114154,6.943311047256774,Water Tank + DSM
2024-01-13 02:00:00,122.44833339173933,78.8,3.25,175.5901246270391,53.14179123529979,37.23323089462536,37.22754559980987,1009.1473730712149,54.930975336927915,,21.249055850028075,84.74186173466617,44.426173583087625,0.0,53.14179123529978,0.23915015365806197,10.050436886812372,Water Tank + DSM
2024-01-13 03:00:00,126.3435317193092,83.9,2.55,181.2592114484271,54.9156797291179,36.6596146003841,36.65686409040121,916.6159925024232,54.925989212303286,,21.93510093794062,87.43758121863833,45.839412557011016,0.0,54.9156797291179,0.24001057809942383,10.4925097462366,Water Tank + DSM
2024-01-13 04:00:00,125.66359121815083,81.0,2.4,180.3366817531309,54.673090534980076,36.752959098680876,36.75162841919787,973.6449563430148,54.92357695647474,,21.823460917977677,86.96702010652727,45.592719491504006,0.0,54.673090534980076,0.23987056135197868,10.436042412783273,Water Tank + DSM
2024-01-13 05:00:00,108.57985638416046,79.4,2.4,155.94352072554895,47.363664341388485,39.22113696829516,39.22049319390511,927.1936912428416,54.922409922230585,,18.871520185918992,75.14401316871805,39.394472866503406,0.0,47.363664341388485,0.23616829454755725,8.015850706675575,Water Tank + DSM
2024-01-13 06:00:00,103.43103575167265,80.4,2.7,148.59608056049038,45.165044808817726,39.964574409355265,39.96426295534205,877.9021485711825,54.921845318380974,,17.982369006411105,71.5807090873224,37.526400081590204,0.0,45.165044808817726,0.23505313838596711,7.316447060296009,Water Tank + DSM
2024-01-13 07:00:00,104.68930906052813,79.8,2.65,69.21250912819417,-35.47679993233396,39.782042709775425,37.448249147686624,413.17159187288576,50.6911442407026,,8.375758460844004,72.45151246871531,2.5061214173354287,0.0,0.0,0.23532693593533688,7.4848022837910815,Water Tank + DSM
2024-01-13 08:00:00,101.21808844265554,79.3,2.75,74.79667202994186,-26.421416412713683,36.053337446541946,34.02553237264035,413.17159187288576,47.01513910861255,,9.051526472438772,70.04921192690878,10.302091717982456,0.0,0.0,0.24091999383018708,8.405905431229053,Water Tank + DSM
2024-01-13 09:00:00,94.5441431660243,79.5,2.85,79.83107966647381,-14.713063499550486,33.34249499453428,31.736074926863967,413.17159187288576,44.10302073537728,,9.660765797643977,65.43042674469112,19.58903273332026,0.0,0.0,0.24498625750819858,7.851651209362934,Water Tank + DSM
2024-01-13 10:00:00,93.67867955950436,78.0,3.1,241.5862044591038,147.90752489959945,30.55553694841577,33.63611494539785,1216.4306959450353,49.68749267129245,,29.235577809694743,64.83147210603985,39.46032675301898,0.0,142.4352906249853,0.24916669457737634,7.779776652724783,Water Tank + DSM
2024-01-13 11:00:00,85.73789763492049,78.3,3.7,175.04511151533444,89.30721388041395,37.28837706036575,38.77874137895958,1019.6328218455691,52.38922517721508,,21.18310103580257,59.33595717922241,36.57928667354,0.0,83.83497960579979,0.23906743440945138,7.017648088074696,Water Tank + DSM
2024-01-13 12:00:00,72.49908928920533,77.4,3.45,129.42209117524098,56.92300188603565,41.90465983819249,42.62568875040103,871.0394927666263,53.69630642273354,,15.662026833521788,50.17387848620181,31.776039611627358,0.0,51.4507676114215,0.23214301024271128,4.544350577918473,Water Tank + DSM
2024-01-13 13:00:00,82.70518361425177,75.2,3.35,131.09122717006525,48.38604355581349,41.73577133214181,42.084600598754385,935.8227220661644,54.32866413343986,,15.864017486758398,57.23713047328351,35.478970517508245,0.0,42.913809281199335,0.2323963430017873,5.242083887017402,Water Tank + DSM
2024-01-13 14:00:00,83.16386300421853,81.2,2.8,125.49716463364365,42.33330162942512,42.301796429833004,42.470557841733616,770.7351131888691,54.634594828766396,,15.187051469919728,57.5545651362834,35.645386585683354,0.0,36.86106735481097,0.2315473053552505,5.075692288593178,Water Tank + DSM
2024-01-13 15:00:00,101.1280517108294,77.9,3.05,148.1490258387729,47.020974127943504,40.00980883261849,40.0914545455005,934.0557099775506,54.782602180868494,,17.92826863618829,69.98690090912592,42.1630756685229,0.0,41.54873985332935,0.23498528675107228,7.134544953951817,Water Tank + DSM
2024-01-13 16:00:00,82.51551200837177,78.9,3.2,120.08420719198399,37.56869518361222,42.849496736142704,42.88899642008664,795.7476034330344,54.85420720975548,,14.532001903573335,57.10586592639048,35.410154687572444,0.0,32.09646090899807,0.23072575489578595,4.848460453060713,Water Tank + DSM
2024-01-13 17:00:00,79.51166618433524,76.7,3.7,57.67050969253385,-21.841156491801392,43.3555074674907,41.724353172403234,413.17159187288576,51.89725062791036,,6.979002287054197,55.02701780782612,7.006921599101396,0.0,0.0,0.22996673879876395,4.504894401390836,Water Tank + DSM
2024-01-13 18:00:00,68.46585487653094,76.7,3.7,60.02190055672288,-8.443954319808057,41.99595757743464,40.888186050141115,413.17159187288576,49.88908235181507,,7.263556079042932,47.38262944691183,16.396530389185532,0.0,0.0,0.23200606363384804,4.265585893884959,Water Tank + DSM
2024-01-13 19:00:00,83.70667194328593,76.4,3.55,66.78826515672976,-16.91840678655616,37.783715513335565,36.24567138751479,413.17159187288576,47.10091588913829,,8.082388343058868,57.93022267925404,13.451685111043066,0.0,0.0,0.23832442672999665,6.679221836282193,Water Tank + DSM
2024-01-13 20:00:00,102.23900039123053,79.9,3.5,82.2991739895072,-19.939826401723337,32.315468371002126,30.463810354181042,413.17159187288576,43.74423015029971,,9.959442469949257,70.75574648555101,17.154084577130313,0.0,0.0,0.24652679744349681,8.490689578266121,Water Tank + DSM
2024-01-13 21:00:00,113.64411090604625,81.1,2.9,273.6678335907731,160.02372268472686,27.309415342674527,30.492161226363645,1215.3972952322495,49.513912035979565,,33.11793925016127,78.64879224243433,76.381525049106,0.0,124.87406137733083,0.25403587698598823,9.437855069092118,Water Tank + DSM
2024-01-13 22:00:00,103.90642236567552,79.4,2.65,202.72806226049525,98.82163989481973,34.48732776964161,36.027120271194434,1078.3152559468667,52.3052479542645,,24.53315598750864,71.90970618837287,72.84853909977056,0.0,63.67197858742372,0.24326900834553758,8.629164742604742,Water Tank + DSM
2024-01-13 23:00:00,81.00734243362935,79.0,2.25,168.18785154913715,87.1805091155078,40.59024873133738,42.07607359552172,1046.053517234513,54.998751337022945,,20.35326906028924,56.06211878802497,64.54039417223234,0.0,52.03084780811186,0.23411462690299392,5.519792549434243,Water Tank + DSM
2024-01-14 00:00:00,91.60112074132395,77.2,2.1,130.93363651372957,39.332515772405614,41.75171685761044,41.72966670324679,882.382324781865,54.95877881616909,,15.844946638297916,53.18041383889482,34.19623770154605,7.486093281615107,42.57558736391555,0.23237242471358435,4.865460047069522,Water Tank + DSM
2024-01-14 01:00:00,93.73132467451222,82.9,1.1,134.37329065052703,40.6419659760148,41.40368167635734,41.39301394993868,773.5780924778395,54.93944036122224,,16.26119671507663,54.41713589874934,34.99147862723062,7.660184004781516,43.96045590088067,0.232894477485464,5.092241842426905,Water Tank + DSM
2024-01-14 02:00:00,102.0579745579916,80.5,0.95,146.46531401573438,44.40733945774278,40.18017216747832,40.17501118832752,867.7945015438651,54.93008453797811,,17.724514087695937,59.25129822243423,38.09995695553732,8.340678711031932,48.020628414225506,0.23472974174878253,5.97957980972845,Water Tank + DSM
2024-01-14 03:00:00,96.35768289480579,80.0,0.8,138.41061183724543,42.052928942439635,40.99517263588014,40.992675786528224,847.7187798790554,54.92555824935704,,16.749773527487356,55.94190782199706,35.97194228601259,7.874822892045529,45.46440318523121,0.2335072410461798,5.372043462663417,Water Tank + DSM
2024-01-14 04:00:00,99.44620514948768,82.0,0.75,142.86962915917746,43.42342400968978,40.543995034839625,40.54278707477931,823.2907686246043,54.92336845930362,,17.28938193833181,57.73499605416453,37.124939545356945,8.127232093087786,46.94424515460268,0.23418400744774057,5.7005242903850775,Water Tank + DSM
2024-01-14 05:00:00,95.72204519190967,81.2,0.9,137.56849935437882,41.84645416246914,41.08038026401768,41.07979586051482,819.1491177673564,54.92230905260652,,16.64786520423486,55.57287875534318,35.734648049824344,7.822875458447752,45.2354241109893,0.23337942960397348,5.308194584513484,Water Tank + DSM
2024-01-14 06:00:00,84.0724503356044,79.1,0.9,120.92873597293998,36.856285637335574,42.76404461925424,42.763761888504,795.0486523844074,54.92179651828937,,14.634202635371928,48.80953055064937,31.385658522088075,6.870813375783934,39.83281008491285,0.23085393307111865,4.169101794445147,Water Tank + DSM
2024-01-14 07:00:00,90.52277627678336,79.8,0.55,65.66926739248879,-24.85350888429457,41.83070845292558,39.97706191877124,413.17159187288576,51.56150599513674,,7.946972720802677,52.55436467682076,19.54302396922475,0.0,0.0,0.23225393732061164,4.783274879123783,Water Tank + DSM
2024-01-14 08:00:00,97.97086741846515,82.7,0.65,78.35957985170617,-19.611287566758975,37.393300975731634,35.60071989291353,413.17159187288576,48.31191492500086,,9.48269210577937,56.87846645656847,28.438131738857475,0.0,0.0,0.23891004853640255,6.691193836655291,Water Tank + DSM
2024-01-14 09:00:00,113.77474104757361,80.6,0.9,84.300696334288,-29.474044713285608,31.858208842084952,29.58934558214342,413.17159187288576,44.19891950206876,,10.20165688935162,66.05364393312995,26.326321079458545,0.0,0.0,0.24721268673687258,7.926437271975594,Water Tank + DSM
2024-01-14 10:00:00,113.7321092954862,82.8,0.75,269.2998814866468,155.56777219116063,27.751378674394815,30.80464889146802,1168.6662214844685,49.73388789329761,,32.58935110542381,66.0288934257089,45.21056411649855,11.059236050280651,155.07742924516174,0.25337293198840777,7.923467211085068,Water Tank + DSM
2024-01-14 11:00:00,131.64421628598922,83.2,0.05,240.19838797056752,108.55417168457831,30.695960649149672,32.17311363505327,1092.8942667145154,52.41167089470622,,29.067631063616997,76.42803761491069,51.89745466353131,12.523101368914062,108.69799396335901,0.2489560590262755,9.171364513789282,Water Tank + DSM
2024-01-14 12:00:00,122.85749740377845,85.2,-0.3,201.17523014685497,78.31773274307652,34.64444827787666,35.35908563016956,950.6188648770421,53.70716552011294,,24.34523985965951,71.32677528689209,48.61722484667942,11.805007565484384,78.15046757927067,0.24303332758318502,8.55921303442705,Water Tank + DSM
2024-01-14 13:00:00,124.95506576393315,81.9,-0.3,191.36973183628365,66.4146660723505,35.63659988558864,35.98233695559145,988.1809476738615,54.33391769666151,,23.158626536835992,72.54455027201926,49.40028236451972,11.97643114940565,66.32166380298322,0.24154510017161704,8.70534603264231,Water Tank + DSM
2024-01-14 14:00:00,123.33895684188934,84.0,-0.45,182.8656690344797,59.52671219259037,36.49706809573529,36.664333522305284,919.6287498461679,54.63713646971129,,22.129506557500598,71.60629383380684,48.796961745704756,11.844354794381179,59.376492752827694,0.24025439785639707,8.59275526005682,Water Tank + DSM
2024-01-14 15:00:00,128.2895005959917,85.4,-1.0,186.94452430791137,58.655023711919654,36.08435650383213,36.16527846839155,905.5841665238952,54.78383181082063,,22.62310962141678,74.48040676430455,50.6450829214844,12.248937533522366,58.68007470205482,0.2408734652442518,8.937648811716544,Water Tank + DSM
2024-01-14 16:00:00,143.9478762252105,83.8,-1.45,207.87452552517396,63.92664929996346,33.96659219452283,34.00574173356648,996.5095382740898,54.854802097016126,,25.155955735350698,83.5711131799855,56.49061767808375,13.528616861135868,64.5060737820531,0.24405011170821575,10.02853358159826,Water Tank + DSM
2024-01-14 17:00:00,125.43735268905468,89.3,-3.25,90.94854786397384,-34.488804825080834,36.714489810110834,34.153142419182345,413.17159187288576,50.21159142785516,,11.006147282743802,72.82454922901324,27.031442109130783,0.0,0.0,0.23992826528483374,8.738945907481588,Water Tank + DSM
2024-01-14 18:00:00,124.496099640863,82.1,-1.5,86.291062202331,-38.20503743853199,32.20739987268696,29.553999773303897,413.17159187288576,45.401507604535084,,10.442521206646617,72.27809055880428,22.853575710280197,0.0,0.0,0.24668890019096956,8.673370867056514,Water Tank + DSM
2024-01-14 19:00:00,106.23609790911613,83.9,-1.75,93.15625945675303,-13.079838452363092,30.03801378949245,28.335374215285167,413.17159187288576,42.3149625053836,,11.273313713859231,61.676970824303545,39.02323002435382,0.0,0.0,0.24994297931576132,7.4012364989164245,Water Tank + DSM
2024-01-14 20:00:00,120.18613933144105,87.2,-5.3,107.57715683866977,-12.60898249277129,25.0,25.0,413.17159187288576,38.97868559420087,,13.018460000000001,69.7758780200349,44.867505503728935,1.4683223907887228,0.0,0.2575,8.373105362404187,Water Tank + DSM
2024-01-14 21:00:00,129.49089447812662,86.5,-3.55,296.49193432798285,167.00103984985623,25.0,25.0,1151.6978170672774,47.20837146143915,,35.88,75.17789412383013,69.4488022845953,27.18704202876802,133.87348579652328,0.2575,9.021347294859616,Water Tank + DSM
2024-01-14 22:00:00,145.7866434624304,86.7,-2.95,285.371354589972,139.5847111275416,26.12521574287169,28.321525494360774,1125.4320445439353,51.189841880881026,,34.53424197152547,84.63863726525187,75.53227922551201,28.518810635996953,107.03409630994815,0.2558121763856925,10.156636471830225,Water Tank + DSM
2024-01-14 23:00:00,148.89083369656407,89.1,-3.45,286.4888981589547,137.59806446239065,29.65776900137239,31.75597079631962,1151.3661895314688,54.9934621921501,,34.669481614202375,86.44082177947924,76.69112560488132,28.77250030123834,105.15735126042692,0.25051334649794144,10.372898613537508,Water Tank + DSM
2024-01-15 00:00:00,155.4480370914585,86.6,-2.9,222.23938934299548,66.79135225153698,32.513109436175924,32.49256539924297,981.5892563850424,54.956219961044454,,26.894321114333597,60.03694592476413,38.605146622920046,8.451272660224308,99.53097050360877,0.24623033584573611,7.204433510971696,Water Tank + DSM
2024-01-15 01:00:00,141.57547075211477,90.5,-6.35,202.78003159258242,61.20456084046765,34.48206934679058,34.472130270541,864.7665867054781,54.938202403157895,,24.539445061238467,54.67910075195656,35.15992809467671,7.697060237703561,91.02241478708581,0.24327689597981414,6.561492090234787,Water Tank + DSM
2024-01-15 02:00:00,133.45457040997061,87.9,-5.65,191.35126852794286,57.89669811797225,35.63846806204167,35.63365959927373,874.6815897727209,54.929485621629,,23.156392197798176,51.542656806930395,33.143122001241494,7.255549721893128,86.00417230013903,0.2415422979069375,6.185118816831648,Water Tank + DSM
2024-01-15 03:00:00,143.51999257158744,85.3,-3.25,205.82346496880638,62.30347239721894,34.1741250464046,34.171798742268265,961.7338622742651,54.92526849738273,,24.907746444500106,55.43011153028192,35.64284541776934,7.802778421075991,92.53087093020524,0.2437388124303931,6.651613383633831,Water Tank + DSM
2024-01-15 04:00:00,165.2970552237734,93.0,-7.05,236.99010356245108,71.69304833867767,31.020585102970472,31.019459651616106,913.4473383872694,54.9232282791153,,28.67938021684732,63.84082135532949,41.051126618576795,8.986736080857364,106.50701310449801,0.2484691223455443,7.660898562639539,Water Tank + DSM
2024-01-15 05:00:00,175.89891397097617,92.5,-5.9,252.16301939586697,76.2641054248908,29.485341063249162,29.48479657694092,955.9618962921227,54.922241234310434,,30.515532088354004,67.93545794397492,43.68407277260538,9.563129328750732,113.31097589116453,0.25077198840512627,8.15225495327699,Water Tank + DSM
2024-01-15 06:00:00,173.7277782160068,88.3,-4.5,249.06966930507565,75.34189108906884,29.798336096095767,29.79807267703395,1017.0759890205106,54.92176370822295,,30.14119002906947,67.096924615698,43.14487642296257,9.445090782938717,111.93148877711315,0.25030249585585634,8.051630953883759,Water Tank + DSM
2024-01-15 07:00:00,152.8269238141563,90.3,-3.85,99.4129375249446,-53.41398628921169,32.82046720917953,29.377147597717062,413.17159187288576,48.67971375674095,,12.030466213118723,59.02462284216715,25.03655690993506,0.0,0.0,0.2457692991862307,7.082954741060057,Water Tank + DSM
2024-01-15 08:00:00,153.2265748370267,87.1,-4.25,104.77423380765626,-48.452341029370444,26.52062112117812,25.0,413.17159187288576,42.69494336988621,,12.679263999337419,59.17897555898358,30.203354763650438,0.0,0.0,0.2552190683182328,7.10147706707803,Water Tank + DSM
2024-01-15 09:00:00,151.70034170234499,88.4,-4.55,109.65260037896566,-42.04774132337933,25.0,25.0,413.17159187288576,39.27066279822387,,13.269620000000002,58.58951571188652,35.82449422928549,0.0,0.0,0.2575,7.030741885426382,Water Tank + DSM
2024-01-15 10:00:00,180.41738593496376,92.6,-7.55,296.49193432798285,116.07454839301909,25.0,25.0,1047.7724223319165,47.349628201942046,,35.88,69.68057651890348,46.42177163260829,11.586413736900912,150.6798998004436,0.2575,8.361669182268416,Water Tank + DSM
2024-01-15 11:00:00,187.24689163301633,94.5,-6.6,296.4919343279828,109.24504269496646,25.0,25.0,1019.1282841674469,51.258181006205135,,35.879999999999995,72.31825964413723,48.11786296813455,11.95771475728523,145.28878736607066,0.2575,8.678191157296467,Water Tank + DSM
2024-01-15 12:00:00,168.12562309253295,90.4,-5.3,277.2749084779732,109.14928538544027,26.944439995667967,27.987540883927462,1043.8585804511986,53.14911434485785,,33.55444976518112,64.93326729005254,43.36914185570726,10.918145155322893,141.16581270324684,0.25458334000649807,7.791992074806305,Water Tank + DSM
2024-01-15 13:00:00,160.13204908236037,87.4,-5.6,247.16184232600614,87.02979324364577,29.991376117578348,30.49602178669578,1028.5018164531311,54.06393603725726,,29.910314163376302,61.84599916126958,41.38395695097724,10.48355701414293,117.36275757500721,0.2500129358236325,7.421519899352349,Water Tank + DSM
2024-01-15 14:00:00,178.69386060988924,92.3,-5.65,264.6501495350665,85.95628892517723,28.221853390219973,28.46599780062684,986.6496767762699,54.50652103577487,,32.02666334529691,69.01491872947395,45.993738258062244,11.492710511491662,120.1986408232704,0.25266721991467006,8.281790247536874,Water Tank + DSM
2024-01-15 15:00:00,195.7099711495402,95.0,-6.5,284.59640265175926,88.88643150221907,26.20362785279663,26.32174338767706,988.2450441482396,54.72064088288851,,34.440461088055244,75.5868596007361,50.21964843760697,12.41782859260643,126.71262385032352,0.25569455822080506,9.070423152088331,Water Tank + DSM
2024-01-15 16:00:00,184.03168515284952,91.7,-6.75,265.78900189483915,81.75731674198963,28.106620674461226,28.16376422960895,998.4489818299468,54.82423072231268,,32.16448167334438,71.07648662983306,47.31937416176401,11.78291302204799,117.12389214977071,0.2528400689883082,8.529178395579967,Water Tank + DSM
2024-01-15 17:00:00,177.64318215655527,90.9,-7.0,106.82637633271666,-70.8168058238386,29.134093527311897,25.0,413.17159187288576,47.12042697824982,,12.927604224733622,68.60912701497314,20.37265077187042,0.0,0.0,0.25129885970903215,8.233095241796777,Water Tank + DSM
2024-01-15 18:00:00,198.05520685151143,94.1,-7.15,119.51095719537105,-78.54424965614038,25.0,25.0,413.17159187288576,41.92537202943248,,14.462629999999999,76.49263359219046,23.1232980059111,0.0,0.0,0.2575,9.179116031062854,Water Tank + DSM
2024-01-15 19:00:00,213.61872104553547,96.0,-7.15,122.79707613417288,-90.82164491136258,25.0,25.0,413.17159187288576,39.58326635704028,,14.8603,82.5035545246701,18.83511114497393,0.0,0.0,0.2575,9.90042654296041,Water Tank + DSM
2024-01-15 20:00:00,191.32892062329927,94.1,-7.15,119.51095719537105,-71.81796342792822,25.0,25.0,413.17159187288576,38.27894098163378,,14.462629999999999,73.89481576114208,26.39678419636377,0.0,0.0,0.2575,8.86737789133705,Water Tank + DSM
2024-01-15 21:00:00,181.04406174426282,89.5,-6.9,296.49193432798285,115.44787258372003,25.0,25.0,1098.1304767385668,46.869839405532794,,35.88,69.92261046400314,83.77937549110779,28.137831239052502,96.46589370705439,0.2575,8.390713255680378,Water Tank + DSM
2024-01-15 22:00:00,180.9820408627817,94.0,-7.2,296.49193432798285,115.50989346520115,25.0,25.0,1026.5132717338777,51.02606219495284,,35.88,69.8986568369432,83.7639727541671,28.134459338127712,96.51485208854301,0.2575,8.387838820433185,Water Tank + DSM
2024-01-15 23:00:00,196.93671112836014,94.9,-8.3,296.4919343279829,99.55522319962276,25.0,25.0,1013.296362655759,53.0368167194435,,35.88000000000001,76.06064957679627,87.72627679124304,29.0018698962877,83.92046750817643,0.2575,9.127277949215552,Water Tank + DSM
2024-01-16 00:00:00,213.55117902476172,94.8,-9.95,296.49193432798285,82.94075530322112,25.0,25.0,1014.748076642372,54.009607150228824,,35.88,70.57021500821911,45.37828258315081,9.934018453778574,124.9429655481487,0.2575,8.468425800986294,Water Tank + DSM
2024-01-16 01:00:00,222.4080901057387,99.7,-10.75,296.49193432798285,74.08384422224415,25.0,25.0,948.1849497943448,54.48023706089241,,35.88,73.4970736757648,47.26032048938879,10.346026097677834,117.82807173461417,0.2575,8.819648841091775,Water Tank + DSM
2024-01-16 02:00:00,245.85775161270615,98.3,-10.8,296.49193432798285,50.634182715276694,25.0,25.0,966.2948942651782,54.7079248606505,,35.88,81.24625896227998,52.24322609169885,11.43686236095159,98.99059554681008,0.2575,9.7495510754736,Water Tank + DSM
2024-01-16 03:00:00,225.7345821341822,100.2,-11.05,296.49193432798285,70.75735219380064,25.0,25.0,941.8805285856057,54.81807879048804,,35.88,74.59634767060969,47.96717912611777,10.500768550273115,115.15584918009644,0.2575,8.951561720473162,Water Tank + DSM
2024-01-16 04:00:00,227.16282425430134,95.7,-10.8,296.4919343279828,69.32911007368145,25.0,25.0,1001.8304915083105,54.87137057103814,,35.879999999999995,75.06832517951828,48.270671594854775,10.56720781622576,114.00852016981753,0.2575,9.008199021542193,Water Tank + DSM
2024-01-16 05:00:00,204.4002351569959,98.9,-11.3,293.41116838919925,89.01093323220334,25.31172172819132,25.32594405200594,952.5083133656456,54.897152800309414,,35.50718081308318,67.54619013874509,43.43376455880463,9.508332931146377,129.2132945133897,0.25703241740771304,8.105542816649411,Water Tank + DSM
2024-01-16 06:00:00,211.88064439430966,94.9,-10.0,296.4919343279829,84.61128993367325,25.0,25.0,1013.296362655759,54.90962608116686,,35.88000000000001,70.01816941152396,45.02330447967333,9.856308174105228,126.28493188368384,0.2575,8.402180329382874,Water Tank + DSM
2024-01-16 07:00:00,215.08395713117056,96.5,-9.7,123.66184427596284,-91.42211285520773,25.0,25.0,413.17159187288576,45.91002740309834,,14.964950000000002,71.07673752438194,6.590879947612507,0.0,0.0,0.2575,8.529208502925833,Water Tank + DSM
2024-01-16 08:00:00,208.0922615848962,98.4,-9.55,126.94796321476464,-81.14429837013155,25.0,25.0,413.17159187288576,41.72730733036934,,15.362620000000001,68.76625878937398,13.68260368748922,0.0,0.0,0.2575,8.251951054724877,Water Tank + DSM
2024-01-16 09:00:00,191.5737167690898,93.1,-9.3,117.78142091179117,-73.79229585729863,25.0,25.0,413.17159187288576,39.226093856949966,,14.25333,63.30753332319805,13.507164192374908,0.0,0.0,0.2575,7.596903998783765,Water Tank + DSM
2024-01-16 10:00:00,182.5139670555608,92.7,-8.95,296.49193432798285,113.97796727242203,25.0,25.0,1046.2247525795797,47.32806602761726,,35.88,60.313644513386066,45.7009164723346,10.532870515298692,140.9151446748537,0.2575,7.2376373416063275,Water Tank + DSM
2024-01-16 11:00:00,189.68978019749056,95.7,-8.2,296.4919343279828,106.80215413049223,25.0,25.0,1001.8304915083105,51.247749361469495,,35.879999999999995,62.68496682870829,47.22573163844808,10.866676493323904,135.15070286621307,0.2575,7.522196019444995,Water Tank + DSM
2024-01-16 12:00:00,207.4662890829942,93.5,-7.8,296.49193432798285,89.02564524498865,25.0,25.0,1034.0060693377745,53.14406758054497,,35.88,68.55939964558375,51.00312798546025,11.693607855252257,120.87055802346279,0.2575,8.22712795747005,Water Tank + DSM
2024-01-16 13:00:00,188.9589578068845,95.4,-7.7,288.41270313397746,99.45374532709295,25.817482392462125,26.32356515961391,990.1819898228299,54.061494444327735,,34.90229105861531,62.44345894533618,47.070436476368144,10.832679944356718,127.65855261478191,0.25627377641130683,7.493215073440342,Water Tank + DSM
2024-01-16 14:00:00,186.1105569862606,91.3,-7.2,275.27462515873947,89.16406817247886,27.146835044669974,27.391674714094744,1025.0590140735776,54.50533980842523,,33.31238528657472,61.50217517786183,46.465169214727965,10.700177438657345,116.80863912396008,0.25427974743299503,7.380261021343419,Water Tank + DSM
2024-01-16 15:00:00,177.57623182635268,92.2,-6.75,258.6903518569339,81.1141200305812,28.824884736584337,28.943336633418113,975.1293882365978,54.72006941250349,,31.305437855045135,58.681918393351545,44.651678788070605,10.303175914169195,107.08012137030926,0.2517626728951235,7.041830207202185,Water Tank + DSM
2024-01-16 16:00:00,185.23331052088665,92.7,-6.35,267.5120780002848,82.27876747939817,27.932274335898814,27.98958062085047,986.7008991498362,54.823954248523734,,32.37299989426502,61.212279931395095,46.278759857577114,10.659369503925568,109.7507976346004,0.2531015884961518,7.345473591767411,Water Tank + DSM
2024-01-16 17:00:00,170.9564946411454,92.6,-6.85,108.09459522906347,-62.86189941208194,30.100822471719013,26.162309526244776,413.17159187288576,47.684217798160645,,13.08107785666921,56.49435717926048,15.042365984333536,0.0,0.0,0.24984876629242148,6.7793228615112575,Water Tank + DSM
2024-01-16 18:00:00,193.5891014397951,89.7,-7.25,111.90099754761953,-81.68810389217556,25.0,25.0,413.17159187288576,41.80159939681636,,13.541710000000002,63.97353821338623,6.52975977001978,0.0,0.0,0.2575,7.676824585606347,Water Tank + DSM
2024-01-16 19:00:00,197.85492600330187,98.2,-7.65,126.60205595804865,-71.25287004525322,25.0,25.0,413.17159187288576,39.72165148153768,,15.320760000000002,65.38322444414737,18.908914669064558,0.0,0.0,0.2575,7.845986933297685,Water Tank + DSM
2024-01-16 20:00:00,206.68564654972445,94.4,-8.15,120.02981808044505,-86.6558284692794,25.0,25.0,413.17159187288576,38.37292704823924,,14.525420000000002,68.30142817631351,7.530084129352815,0.0,0.0,0.2575,8.19617138115762,Water Tank + DSM
2024-01-16 21:00:00,187.6686487756225,92.5,-8.75,296.49193432798285,108.82328555236035,25.0,25.0,1049.324677772408,46.91530927522964,,35.88,62.01706286464466,94.49166549631055,25.421690994347493,74.4298635426473,0.2575,7.442047543757359,Water Tank + DSM
2024-01-16 22:00:00,190.70703191354073,94.9,-8.45,296.4919343279829,105.78490241444217,25.0,25.0,1013.296362655759,51.048060232799536,,35.88000000000001,63.021128270883295,95.1373028056337,25.56303113725643,71.98908332102434,0.2575,7.562535392505995,Water Tank + DSM
2024-01-16 23:00:00,208.53285088235867,95.2,-8.5,296.4919343279828,87.95908344562412,25.0,25.0,1008.9660363196232,53.047459232218,,35.879999999999995,68.91185611922361,98.92517723525376,26.39225631596369,57.66932692482029,0.2575,8.269422734306833,Water Tank + DSM
2024-01-17 00:00:00,214.49635349666033,95.6,-8.05,296.4919343279828,81.99558083132246,25.0,25.0,1003.2495148673875,54.014755931176666,,35.879999999999995,68.30466038742743,43.92147849409038,9.61510116823018,141.62334148673415,0.2575,8.196559246491292,Water Tank + DSM
2024-01-17 01:00:00,211.4726606783035,96.3,-8.65,296.4919343279828,85.01927364967929,25.0,25.0,993.3999403876235,54.48272800883022,,35.879999999999995,67.34178942152552,43.30233016392418,9.479559878710752,143.80647907545966,0.2575,8.081014730583062,Water Tank + DSM
2024-01-17 02:00:00,188.51226874150692,95.1,-9.25,274.54420353923,86.0319347977231,27.220741434855427,27.34563218453359,966.2198712433814,54.709129965643655,,33.223993243912915,60.03023494500834,38.60083130751775,8.450327969936355,138.43638950236794,0.25416888784771685,7.203628193401,Water Tank + DSM
2024-01-17 03:00:00,184.99359708302464,91.1,-8.2,267.2775817966136,82.28398471358898,27.956001410046984,28.016422771630776,1011.1864217423694,54.81866181272726,,32.34462231358381,58.90974189825246,37.880328328998814,8.292598556719929,133.7102852069538,0.2530659978849295,7.069169027790295,Water Tank + DSM
2024-01-17 04:00:00,173.33713962354068,95.7,-8.8,249.53502951828486,76.19788989474418,29.751249464791886,29.78048094066219,903.9111099167776,54.87165263354172,,30.19750564010891,55.197835587906056,35.493486607552136,7.770081432726702,124.38381616191072,0.2503731258028122,6.623740270548726,Water Tank + DSM
2024-01-17 05:00:00,206.19865749784054,92.9,-9.45,295.97878361494054,89.7801261171,25.051922226573083,25.066064231307127,1042.1345851536746,54.89728926038001,,35.8179010170186,65.66232499123933,42.22239564059871,9.243145257599217,147.10121338183004,0.25742211666014037,7.87947899894872,Water Tank + DSM
2024-01-17 06:00:00,201.7204578171957,99.1,-10.4,289.32492901967044,87.60447120247474,25.725180466499722,25.73202227971455,941.975451940616,54.90969209969338,,35.012684162066336,64.23627786574218,41.3054143131341,9.04240364927343,143.68066542183752,0.2564122293002504,7.708353343889062,Water Tank + DSM
2024-01-17 07:00:00,225.020131830914,95.9,-10.5,122.6241225058149,-102.39600932509912,25.0,25.0,413.17159187288576,45.855986920249954,,14.839370000000002,71.65587402530848,16.320483341294874,0.0,0.0,0.2575,8.59870488303702,Water Tank + DSM
2024-01-17 08:00:00,210.08327901395631,98.3,-10.5,126.77500958640664,-83.30826942754967,25.0,25.0,413.17159187288576,41.692150813254564,,15.34169,66.89935186403468,27.527813768478214,0.0,0.0,0.2575,8.027922223684163,Water Tank + DSM
2024-01-17 09:00:00,213.56762717508033,96.4,-10.75,123.48889064760485,-90.07873652747548,25.0,25.0,413.17159187288576,39.50648367650041,,14.944020000000002,68.0089148656306,22.595624824162364,0.0,0.0,0.2575,8.161069783875673,Water Tank + DSM
2024-01-17 10:00:00,202.2185247590801,96.9,-10.9,296.4919343279828,94.27340956890268,25.000000000000014,25.0,985.1100938753484,47.46371686416945,,35.879999999999995,64.3948833280777,46.1489444687263,11.14170112622419,143.66954713524547,0.25749999999999995,7.727385999369323,Water Tank + DSM
2024-01-17 11:00:00,213.71911610839527,96.2,-10.8,296.49193432798285,82.77281821958758,25.0,25.0,994.7951650229994,51.31337638561327,,35.88,68.05715531342307,48.503870169717906,11.65723133228832,135.36600085077032,0.2575,8.166858637610767,Water Tank + DSM
2024-01-17 12:00:00,210.49898324930732,98.6,-10.65,296.49193432798285,85.99295107867553,25.0,25.0,962.3561922505103,53.17581752332035,,35.88,67.03172957654301,47.84449767310926,11.51288434125309,137.6909701871678,0.2575,8.04380754918516,Water Tank + DSM
2024-01-17 13:00:00,221.60874981453293,95.8,-10.3,296.4919343279828,74.88318451344986,25.0,25.0,1000.415476689796,54.076854867558765,,35.879999999999995,70.56954651305865,50.11939589545373,12.010895275885266,129.66960345200772,0.2575,8.46834558156704,Water Tank + DSM
2024-01-17 14:00:00,210.45906515627985,98.0,-10.1,296.49193432798285,86.032869171703,25.0,25.0,970.2659691731172,54.51277108486895,,35.88,67.01901797682066,47.83632382010035,11.511094956507637,137.71979146452423,0.2575,8.042282157218478,Water Tank + DSM
2024-01-17 15:00:00,214.52484136018154,96.4,-10.7,296.4919343279828,81.96709296780125,25.0,25.0,992.0086239445034,54.723664617450154,,35.879999999999995,68.3137321213346,48.668854999257356,11.693349101581045,134.78425885876595,0.2575,8.19764785456015,Water Tank + DSM
2024-01-17 16:00:00,208.36776987931495,96.8,-10.5,296.49193432798285,88.1241644486679,25.0,25.0,986.4821135047014,54.82569358613369,,35.88,66.35306160351035,47.408098449204076,11.417349700083163,139.229728353797,0.2575,7.962367392421243,Water Tank + DSM
2024-01-17 17:00:00,212.22360057769538,96.8,-10.15,124.1807051610368,-88.04289541665858,25.0,25.0,413.17159187288576,45.89645759938737,,15.02774,67.58092026903492,23.922382163702366,0.0,0.0,0.2575,8.10971043228419,Water Tank + DSM
2024-01-17 18:00:00,205.71631127350236,96.7,-9.95,124.00775153267881,-81.70855974082355,25.0,25.0,413.17159187288576,41.567537148195264,,15.006810000000002,65.50872566656321,26.823591404699886,0.0,0.0,0.2575,7.861047079987585,Water Tank + DSM
2024-01-17 19:00:00,212.53254786999835,95.4,-10.35,121.75935436402496,-90.7731935059734,25.0,25.0,413.17159187288576,39.35607566305524,,14.734720000000003,67.67930208082035,21.35507899694208,0.0,0.0,0.2575,8.121516249698441,Water Tank + DSM
2024-01-17 20:00:00,210.42327495592784,98.3,-10.45,126.77500958640664,-83.6482653695212,25.0,25.0,413.17159187288576,38.54753450383487,,15.34169,67.00762087173989,27.367193446915607,0.0,0.0,0.2575,8.040914504608786,Water Tank + DSM
2024-01-17 21:00:00,223.80185743579304,96.6,-10.4,296.49193432798285,72.69007689218981,25.0,25.0,989.2376501346029,46.99978326739444,,35.88,71.26792421888564,81.12995623089122,27.443277555934515,82.1905965549723,0.2575,8.552150906266277,Water Tank + DSM
2024-01-17 22:00:00,218.98675261932533,98.2,-10.55,296.4919343279828,77.50518170865746,25.0,25.0,967.6149692573435,51.088928220526164,,35.879999999999995,69.73459232835626,80.1439883149071,27.22743370035731,85.66715219404561,0.2575,8.36815107940275,Water Tank + DSM
2024-01-17 23:00:00,227.44586869726916,97.6,-10.85,296.49193432798285,69.04606563071368,25.0,25.0,975.6117871850904,53.067230908422985,,35.88,72.42833066685336,81.8761244507422,27.606625493398646,79.55958261388338,0.2575,8.691399680022403,Water Tank + DSM
2024-01-18 00:00:00,219.89745656085836,98.4,-10.7,296.4919343279828,76.59447776712443,25.0,25.0,964.978416207596,54.02432134414903,,35.879999999999995,64.21643708613455,41.292656232354545,9.039610705100925,131.73856568682308,0.2575,7.705972450336145,Water Tank + DSM
2024-01-18 01:00:00,212.1640333245783,96.8,-10.75,296.49193432798285,84.32790100340455,25.0,25.0,986.4821135047014,54.487355695647636,,35.88,61.95805313536071,39.84046305018085,8.721702819456937,137.5326642145264,0.2575,7.434966376243285,Water Tank + DSM
2024-01-18 02:00:00,213.2636747593312,95.9,-10.55,296.49193432798285,83.22825956865165,25.0,25.0,999.0044534504591,54.711368811508635,,35.88,62.2791803376327,40.046955278214135,8.766907209907053,136.70878187633846,0.2575,7.473501640515924,Water Tank + DSM
2024-01-18 03:00:00,219.55632664540843,99.1,-11.4,296.49193432798285,76.93560768257441,25.0,25.0,955.8625607238537,54.81974495231836,,35.88,64.11681725379863,41.22859837307073,9.025587434055597,131.99414982860287,0.2575,7.694018070455835,Water Tank + DSM
2024-01-18 04:00:00,245.76708188563708,99.3,-12.7,296.49193432798285,50.724852442345764,25.0,25.0,953.2895794029281,54.872176649684214,,35.88,71.77111822293413,46.150491161883444,10.103067034611037,112.35631368445685,0.2575,8.612534186752097,Water Tank + DSM
2024-01-18 05:00:00,247.73375381633298,102.3,-12.45,296.4919343279829,48.758180511649925,25.0,25.0,916.2925711466696,54.89754277610396,,35.88000000000001,72.34544348472565,46.519795605991796,10.18391357515854,110.88282767574317,0.2575,8.681453218167078,Water Tank + DSM
2024-01-18 06:00:00,236.50579376718406,100.4,-12.8,296.49193432798285,59.98614056079879,25.0,25.0,939.382171745856,54.90981474901101,,35.88,69.06655339941783,44.41139334545085,9.72235122039505,119.29513161957561,0.2575,8.28798640793014,Water Tank + DSM
2024-01-18 07:00:00,215.77717815460977,96.4,-11.7,123.48889064760485,-92.28828750700492,25.0,25.0,413.17159187288576,45.901106609052064,,14.944020000000002,63.01319625201879,11.211728223336841,0.0,0.0,0.2575,7.561583550242254,Water Tank + DSM
2024-01-18 08:00:00,203.4664120472288,97.6,-11.6,125.56433418790073,-77.90207785932807,25.0,25.0,413.17159187288576,41.65089494321636,,15.19518,59.418095382819075,19.69293671814146,0.0,0.0,0.2575,7.13017144593829,Water Tank + DSM
2024-01-18 09:00:00,225.31641459773405,97.4,-11.95,125.21842693118475,-100.0979876665493,25.0,25.0,413.17159187288576,39.57664504892779,,15.153320000000003,65.79893005030907,7.977633002009696,0.0,0.0,0.2575,7.895871606037087,Water Tank + DSM
2024-01-18 10:00:00,237.41255487821735,100.9,-11.9,296.4919343279828,59.07937944976544,25.0,25.0,933.193883394434,47.49766049621244,,35.879999999999995,69.33135395122734,50.449815791087765,11.6522527938163,110.8549849294908,0.2575,8.31976247414728,Water Tank + DSM
2024-01-18 11:00:00,243.7211648304883,100.1,-11.7,296.49193432798285,52.77076949749454,25.0,25.0,943.1346970657465,51.32979810195673,,35.88,71.17365108570489,51.634455514244536,11.911589026943997,106.1283966490478,0.2575,8.540838130284586,Water Tank + DSM
2024-01-18 12:00:00,233.2165696703397,98.3,-11.45,296.49193432798285,63.27536465764314,25.0,25.0,966.2948942651782,53.1837622467172,,35.88,68.10600453459391,49.66188773837295,11.479762973348192,113.99873524192338,0.2575,8.17272054415127,Water Tank + DSM
2024-01-18 13:00:00,222.40251522561528,98.1,-10.85,296.49193432798285,74.08941910236757,25.0,25.0,968.9386559457943,54.080698474921846,,35.88,64.94798689420574,47.631209259195586,11.035215574515409,122.10092944781303,0.2575,7.793758427304689,Water Tank + DSM
2024-01-18 14:00:00,224.91845693660588,97.3,-10.75,296.49193432798285,71.57347739137697,25.0,25.0,979.6599688746551,54.514630598010385,,35.88,65.68271486752131,48.10365636157409,11.138641662200898,120.21591504758604,0.2575,7.881925784102557,Water Tank + DSM
2024-01-18 15:00:00,224.45437827282464,97.8,-9.9,296.49193432798285,72.0375560551582,25.0,25.0,972.9315350224939,54.724564238248156,,35.88,65.54719043362466,48.016511011973435,11.119564177073352,120.56361585489977,0.2575,7.865662852034959,Water Tank + DSM
2024-01-18 16:00:00,231.0814761989122,97.6,-10.15,296.49193432798285,65.41045812907063,25.0,25.0,975.6117871850904,54.82612881703479,,35.88,67.48249529658233,49.26095685850532,11.391992909507703,115.59840741313866,0.2575,8.097899435589879,Water Tank + DSM
2024-01-18 17:00:00,225.30716463713347,98.6,-10.7,127.2938704714806,-98.01329416565287,25.0,25.0,413.17159187288576,46.05888542796083,,15.40448,65.7962287934494,10.057889652466919,0.0,0.0,0.2575,7.895547455213927,Water Tank + DSM
2024-01-18 18:00:00,217.28340115345551,97.3,-10.85,125.04547330282675,-92.23792785062876,25.0,25.0,413.17159187288576,41.70019113537498,,15.132390000000001,63.45305706694502,11.984565137999482,0.0,0.0,0.2575,7.614366848033403,Water Tank + DSM
2024-01-18 19:00:00,216.80630397032246,96.3,-10.7,123.31593701924685,-93.49036695107561,25.0,25.0,413.17159187288576,39.50136146356026,,14.92309,63.313730847698125,10.503280863185818,0.0,0.0,0.2575,7.5976477017237745,Water Tank + DSM
2024-01-18 20:00:00,231.50984220144394,98.5,-10.65,127.12091684312263,-104.38892535832132,25.0,25.0,413.17159187288576,38.635847003856846,,15.383550000000001,67.6075905972813,6.657444394505525,0.0,0.0,0.2575,8.112910871673757,Water Tank + DSM
2024-01-18 21:00:00,244.76998038420572,100.2,-10.75,296.49193432798285,51.72195394377712,25.0,25.0,941.8805285856057,47.042508301153546,,35.88,71.47993565612971,97.68520797171958,10.062077886544577,61.381416272425064,0.2575,8.577592278735567,Water Tank + DSM
2024-01-18 22:00:00,249.90359695310104,98.7,-10.2,296.49193432798285,46.5883373748818,25.0,25.0,961.0504172271038,51.109598323957286,,35.88,72.97910063319058,93.51558920217782,10.273112138681213,62.66878270152625,0.2575,8.757492075982869,Water Tank + DSM
2024-01-18 23:00:00,233.91060546999157,99.0,-9.85,296.49193432798285,62.58132885799128,25.0,25.0,957.1542668869939,53.077230974853876,,35.88,68.30868312379138,106.50539406472608,9.615667440236995,58.658190936452776,0.2575,8.197041974854967,Water Tank + DSM
2024-01-19 00:00:00,212.54417751333182,96.2,-9.6,296.49193432798285,83.94775681465103,25.0,25.0,994.7951650229994,54.02915931358424,,35.88,72.92141920156897,46.89016133092128,10.264992446738901,133.06271767645893,0.2575,8.750570304188276,Water Tank + DSM
2024-01-19 01:00:00,188.70868585061663,93.7,-9.2,279.3075821975685,90.59889634695185,26.73876758260191,26.992814884868395,996.4604434654584,54.48969627492456,,33.80043397120812,64.74374103721026,41.631724884707936,9.113838156159794,134.20592349901239,0.25489184862609715,7.76924892446523,Water Tank + DSM
2024-01-19 02:00:00,196.16970358567488,93.7,-9.1,285.419757410225,89.2500538245501,26.120318191068534,26.24322468293595,1008.9477265002997,54.71250116908653,,34.54009944348204,67.30352888128985,43.27772775047828,9.47417402417271,134.58118181218236,0.2558195227133972,8.076423465754782,Water Tank + DSM
2024-01-19 03:00:00,187.788006071491,97.1,-8.7,271.2381850442221,83.45017897273112,27.555254935450428,27.614716325547384,931.7240080543462,54.82029277981423,,32.823915097201294,64.42786658273447,41.42861029515579,9.069373183798943,126.84445434844542,0.25366711759682437,7.731343989928136,Water Tank + DSM
2024-01-19 04:00:00,208.56463197536905,91.9,-9.0,296.4919343279828,87.92730235261374,25.0,25.0,1058.7356614295597,54.872441685191646,,35.879999999999995,71.55608371319826,46.01221899214742,10.072797085912896,136.12266510718786,0.2575,8.58673004558379,Water Tank + DSM
2024-01-19 05:00:00,191.1967756556772,97.9,-9.15,274.52948120405154,83.33270554837435,27.222231087706707,27.236148404996523,927.9123045171875,54.89767099862062,,33.22221161910278,65.59737552303186,42.1806316283791,9.23400245966866,127.51468344632653,0.25416665336843997,7.871685062763823,Water Tank + DSM
2024-01-19 06:00:00,223.89010003133,93.9,-9.1,296.4919343279828,72.60183429665278,25.0,25.0,1028.0031313445218,54.909876782260554,,35.879999999999995,76.81407239886283,49.39322748658531,10.812952923996534,124.33862440324268,0.2575,9.21768868786354,Water Tank + DSM
2024-01-19 07:00:00,209.60670118330557,98.5,-9.0,127.12091684312263,-82.48578434018295,25.0,25.0,413.17159187288576,46.09039009804056,,15.383550000000001,71.9136054596795,22.31561941764722,0.0,0.0,0.2575,8.62963265516154,Water Tank + DSM
2024-01-19 08:00:00,221.63649493848288,94.9,-8.95,120.89458622223499,-100.74190871624789,25.0,25.0,413.17159187288576,41.49914320842373,,14.630070000000002,76.04088687285619,10.074280186057301,0.0,0.0,0.2575,9.124906424742743,Water Tank + DSM
2024-01-19 09:00:00,225.1172307137785,96.1,-8.8,122.97002976253086,-102.14720095124764,25.0,25.0,413.17159187288576,39.38607159641246,,14.88123,77.2350865708663,10.409323509518849,0.0,0.0,0.2575,9.268210388503956,Water Tank + DSM
2024-01-19 10:00:00,222.20136891051777,99.1,-8.85,296.49193432798285,74.29056541746507,25.0,25.0,955.8625607238537,47.40546225485049,,35.88,76.23468852008422,56.30659104019962,12.995641156826919,116.08695386219344,0.2575,9.148162622410105,Water Tank + DSM
2024-01-19 11:00:00,212.62790030744202,94.2,-8.75,296.49193432798285,83.86403402054083,25.0,25.0,1023.5464703704849,51.28519317090238,,35.88,72.95014351214508,54.1945525334446,12.533282770681526,123.44817397531787,0.2575,8.754017221457408,Water Tank + DSM
2024-01-19 12:00:00,186.36490363204584,94.1,-8.7,296.49193432798285,110.12703069593701,25.0,25.369160050404297,1025.0277243073454,53.162182660762255,,35.88,63.939616795007176,48.40057517988698,11.26489016799656,143.64228620082145,0.2575,7.672754015400861,Water Tank + DSM
2024-01-19 13:00:00,181.5765534761085,93.9,-8.95,277.68233747854583,96.10578400243733,26.90321502931303,27.40413941288312,990.1364992303597,54.07025840654868,,33.60375482494162,62.2967899103088,47.34419944686198,11.033632935932626,128.5145418687932,0.25464517745603044,7.475614789237056,Water Tank + DSM
2024-01-19 14:00:00,182.06065230862913,93.5,-9.05,269.3996666714176,87.33901436278848,27.741282090992286,27.983626166785154,978.6885171386667,54.50957975839449,,32.601426619173246,62.4628785527465,47.45099829038983,11.0570128794222,119.85963836206162,0.25338807686351156,7.4955454263295795,Water Tank + DSM
2024-01-19 15:00:00,181.59004819437385,94.3,-8.8,264.3852124698526,82.79516427547875,28.24866056787367,28.365905112156653,956.2166635771795,54.72212067371259,,31.994601960823093,62.30141979017259,47.3471765668376,11.034284674233271,115.20704051735166,0.2526270091481895,7.47617037482071,Water Tank + DSM
2024-01-19 16:00:00,176.0960508897453,93.4,-8.45,254.43233761625177,78.33628672650647,29.255724204477445,29.312446379835528,947.5784554323295,54.82494663583455,,30.790153851444988,60.41649362926668,46.13512539244341,10.768947644095718,109.47860354902156,0.25111641369328386,7.249979235512002,Water Tank + DSM
2024-01-19 17:00:00,173.14150759237995,91.7,-8.05,107.08281055710323,-66.05869703527672,29.785825909672912,25.728464393677807,413.17159187288576,47.46976149131486,,12.958636637105462,59.40282441067399,20.51044861698857,0.0,0.0,0.25032126113549064,7.128338929280879,Water Tank + DSM
2024-01-19 18:00:00,177.86529519942854,92.9,-7.6,117.4355136550752,-60.42978154435335,25.0,25.0,413.17159187288576,41.98623303200367,,14.211470000000002,61.023500640636406,28.501214036744116,0.0,0.0,0.2575,7.3228200768763685,Water Tank + DSM
2024-01-19 19:00:00,176.84886401066612,93.5,-7.25,118.47323542522314,-58.37562858544298,25.0,25.0,413.17159187288576,39.38740876930721,,14.337050000000001,60.67477499840776,30.047160841919027,0.0,0.0,0.2575,7.280972999808931,Water Tank + DSM
2024-01-19 20:00:00,174.18715024913195,90.6,-6.8,113.4575802028414,-60.72957004629055,25.0,25.0,413.17159187288576,37.86876384596803,,13.73008,59.76157216561201,26.362387222387913,0.0,0.0,0.2575,7.171388659873441,Water Tank + DSM
2024-01-19 21:00:00,180.67534800234935,91.7,-6.65,296.49193432798285,115.8165863256335,25.0,25.0,1061.9102811040111,46.67139827925775,,35.88,61.98759686203244,73.34629744558737,25.311012299832022,107.4952724629106,0.2575,7.438511623443893,Water Tank + DSM
2024-01-19 22:00:00,176.31364687406565,94.5,-6.7,296.4919343279828,120.17828745391714,25.0,25.0,1019.1282841674469,50.930057622359136,,35.879999999999995,60.49114826424584,72.38404634101568,25.10036042660459,110.84906651647272,0.2575,7.2589377917095,Water Tank + DSM
2024-01-19 23:00:00,194.40020343671372,89.8,-6.85,296.49193432798285,102.09173089126912,25.0,25.0,1093.0465393462587,52.990370309206305,,35.88,66.69643409445881,76.37418883781594,25.973865260635872,96.94197291579465,0.2575,8.003572091335055,Water Tank + DSM
2024-01-20 00:00:00,175.79138565665872,95.3,-6.65,271.1118940326833,95.3205083760246,27.568033462983564,28.117882499537078,956.2152417443898,53.98713666819196,,32.80863197827166,65.20199916382394,41.92639547290266,9.178346173966514,129.01910552226875,0.25364794980552463,7.824239899658872,Water Tank + DSM
2024-01-20 01:00:00,188.02890887902177,90.6,-6.5,278.751320550377,90.72241167135522,26.795051911056134,27.061065427187003,1043.6703600708775,54.46936598258107,,33.73311791437687,69.74096434651045,44.84505520308831,9.817286609114895,126.76689945153328,0.2548074221334158,8.368915721581255,Water Tank + DSM
2024-01-20 02:00:00,181.913902291901,91.8,-6.3,265.2455176712487,83.33161537934771,28.161612142423635,28.290307813526127,995.7026440647996,54.7026655011291,,32.09871187766133,67.47287451440141,43.38662091443795,9.498012447283665,118.20387766760955,0.25275758178636454,8.096744941728168,Water Tank + DSM
2024-01-20 03:00:00,206.29115324411418,94.0,-6.5,296.49193432798285,90.20078108386866,25.0,25.0,1026.5132717338777,54.81553434532966,,35.88,76.5145319896255,49.200616066401004,10.770787260300176,129.74607758426177,0.2575,9.18174383875506,Water Tank + DSM
2024-01-20 04:00:00,213.46281352967046,96.5,-8.0,296.49193432798285,83.02912079831239,25.0,25.0,990.6211992956302,54.87013958442513,,35.88,79.1745405343864,50.91106316371674,11.14523098231216,123.94919962907917,0.2575,9.500944864126367,Water Tank + DSM
2024-01-20 05:00:00,203.95782701723172,94.3,-7.8,292.7910205722233,88.8331935549916,25.374470263160575,25.389043118193236,1014.7952292594987,54.89655725670478,,35.43213356525997,75.64908836094132,48.64411577038173,10.648960608970684,127.93119953408436,0.25693829460525913,9.077890603312957,Water Tank + DSM
2024-01-20 06:00:00,188.90060147870028,93.7,-8.8,271.0093286350504,82.10872715635011,27.578411357194966,27.585461613082646,979.1331103617914,54.90933796090524,,32.796220016794834,70.06427996259164,45.0529546318823,9.862799057903258,118.32031537573457,0.25363238296420754,8.407713595510996,Water Tank + DSM
2024-01-20 07:00:00,185.06991019970764,94.6,-9.6,114.93603405091076,-70.13387614879687,28.14517326863525,25.0,413.17159187288576,47.074900465025074,,13.908995234874643,68.64345533778565,19.145505980485417,0.0,0.0,0.25278224009704714,8.237214640534278,Water Tank + DSM
2024-01-20 08:00:00,209.93244747607412,94.6,-9.35,120.37572533716101,-89.5567221389131,25.0,25.0,413.17159187288576,41.94840693963346,,14.56728,77.86510820006164,11.716570636378435,0.0,0.0,0.2575,9.343812984007396,Water Tank + DSM
2024-01-20 09:00:00,214.58903054341852,99.2,-9.55,128.33159224162858,-86.25743830178993,25.0,25.0,413.17159187288576,39.882796753878374,,15.530060000000002,79.59226066620279,17.262231848611194,0.0,0.0,0.2575,9.551071279944335,Water Tank + DSM
2024-01-20 10:00:00,226.84660223920736,95.8,-9.95,296.4919343279828,69.64533208877543,25.0,25.0,1000.415476689796,47.64577477138482,,35.879999999999995,84.13866193879018,61.05051945906637,14.117429047387793,103.91021609512103,0.2575,10.09663943265482,Water Tank + DSM
2024-01-20 11:00:00,204.62807312353547,97.9,-10.65,296.49193432798285,91.86386120444737,25.0,25.0,971.5969238633409,51.401454859554676,,35.88,75.8976863562272,55.75138130704523,12.957364514428884,121.86953046568887,0.2575,9.107722362747262,Water Tank + DSM
2024-01-20 12:00:00,197.08859713187607,95.3,-10.45,296.4919343279828,99.40333719610672,25.0,25.0,1007.5308072494674,53.21842933672911,,35.879999999999995,73.10125292766332,53.95320984998559,12.563716552879082,127.96371513554854,0.2575,8.772150351319599,Water Tank + DSM
2024-01-20 13:00:00,185.16131367324948,94.1,-9.7,282.2499818870871,97.0886682138376,26.44104619302809,26.925953980129837,996.5736973210817,54.09747019569432,,34.15650875313841,68.6773573926741,51.108542568162804,11.940974226289129,123.3626274028957,0.25533843071045786,8.24128288712089,Water Tank + DSM
2024-01-20 14:00:00,181.56192973759144,93.7,-7.9,268.4179294245289,86.85599968693745,27.84061739828627,28.07521274513764,973.631559547497,54.5227446513553,,32.482621591649625,67.3423259434003,50.25008642833832,11.753044700328125,112.43996949586003,0.2532390739025706,8.081079113208036,Water Tank + DSM
2024-01-20 15:00:00,183.1494195756889,92.6,-7.55,266.4838412392014,83.3344216635125,28.03631461241568,28.149810370224095,986.01459473424,54.72848976637837,,32.24856772355086,67.93113472211016,50.628704109248375,11.835930054620574,109.22270775237092,0.2529455280813765,8.151736166653219,Water Tank + DSM
2024-01-20 16:00:00,169.98217771985574,93.1,-7.85,245.63111193219376,75.64893421233802,30.1462603032762,30.201168839244154,932.1002323256388,54.82802796292971,,29.72507267728167,63.04733174583284,47.4883056916988,11.148447539719536,99.0131058392198,0.24978060954508569,7.565679809499941,Water Tank + DSM
2024-01-20 17:00:00,168.9195316198062,91.0,-7.85,104.81080736020357,-64.10872425960264,30.399474671176158,26.450253319926965,413.17159187288576,47.66887931408075,,12.683689951322831,62.65319041821288,17.379570603188547,0.0,0.0,0.24940078799323576,7.518382850185545,Water Tank + DSM
2024-01-20 18:00:00,176.01448292331852,91.7,-6.55,115.36007011477932,-60.654412808539206,25.0,25.0,413.17159187288576,41.9744201417215,,13.960310000000002,65.28474717641777,24.256550104025134,0.0,0.0,0.2575,7.834169661170132,Water Tank + DSM
2024-01-20 19:00:00,168.41222450617155,92.7,-5.2,117.08960639835922,-51.32261810781233,25.0,25.0,413.17159187288576,39.30959720412981,,14.169610000000002,62.46502739830465,29.920947260020878,0.0,0.0,0.2575,7.495803287796558,Water Tank + DSM
2024-01-20 20:00:00,166.08852410895753,86.5,-3.7,106.36648144016382,-59.722042668793705,25.0,25.0,413.17159187288576,37.46162421362564,,12.87195,61.60315404319018,20.400548816829442,0.0,0.0,0.2575,7.392378485182821,Water Tank + DSM
2024-01-20 21:00:00,113.71773464593781,88.6,-3.05,296.49193432798285,182.77419968204504,25.0,25.987919828712425,1113.6700589565653,46.47442667804428,,35.88,42.17853799604277,66.69512102092463,23.066792134369454,147.87074015314195,0.2575,5.061424559525133,Water Tank + DSM
2024-01-20 22:00:00,109.77903936444517,79.9,-2.15,241.16095514178522,131.38191577734005,30.598565031282426,33.00387019847595,1168.5524524683015,50.834763996775735,,29.184116222586233,40.71765408815879,65.75573883560156,22.861146626586066,95.72342206358753,0.24910215245307638,4.8861184905790545,Water Tank + DSM
2024-01-20 23:00:00,92.30485741862896,84.6,-2.2,212.4400848635908,120.13522744496186,37.485957574473886,39.780632924011705,1077.1765084515368,54.994551576926014,,25.708457338585497,34.236383163741,61.588131531699545,21.948791960249753,81.12699383552221,0.23877106363828918,4.0085414013228595,Water Tank + DSM
2024-01-21 00:00:00,136.53320192319242,86.8,-5.3,195.194513345196,58.661311422003564,35.24959628791087,35.22874204177789,904.5577758289453,54.956746998568214,,23.621482839658608,73.67494088425065,46.495749975620896,0.0,58.66131142200356,0.2421256055681337,8.840992906110078,Water Tank + DSM
2024-01-21 01:00:00,155.42931466654792,89.7,-3.4,222.57548886212345,67.14617419557553,32.47910181436087,32.46901266084543,929.230468368885,54.93845738060716,,26.9349942300244,83.8715082370915,52.930733710349806,0.0,67.14617419557553,0.2462813472784587,10.06458098845098,Water Tank + DSM
2024-01-21 02:00:00,156.07294679397415,89.5,-3.7,223.67616032279906,67.60321352882491,32.367732363805295,32.36285129459719,935.2743263338996,54.929608978120186,,27.06819209288887,84.21881979407094,53.1499196523152,0.0,67.60321352882491,0.24644840145429206,10.106258375288512,Water Tank + DSM
2024-01-21 03:00:00,147.30557759752702,85.2,-3.0,211.232809512952,63.92723191542498,33.62679030459387,33.62442887391707,978.4485422832176,54.925328176479695,,25.562358795705734,79.48784301948378,50.16423265193789,0.0,63.92723191542498,0.2445598145431092,9.538541162338051,Water Tank + DSM
2024-01-21 04:00:00,151.14075175799357,87.8,-3.2,216.75655611974278,65.61580436174921,33.06787999703586,33.066737551681435,946.0862870996408,54.92325715148819,,26.230815523545118,81.55734864575724,51.47028346131046,0.0,65.61580436174921,0.24539818000444621,9.786881837490869,Water Tank + DSM
2024-01-21 05:00:00,175.50790542275786,90.5,-4.05,251.6038833986439,76.09597797588603,29.541916227611427,29.541363519712515,986.0224644618155,54.92225520258338,,30.447868191776735,94.7061548004601,59.768404859296666,0.0,76.09597797588603,0.25068712565858287,11.36473857605521,Water Tank + DSM
2024-01-21 06:00:00,171.13162620835124,91.1,-4.25,245.3589698298777,74.22734362152647,30.173796509574647,30.173529112958843,962.0521153840263,54.92177046598582,,29.692139374548727,92.3446624464189,58.2780832282913,0.0,74.22734362152647,0.24973930523563803,11.081359493570268,Water Tank + DSM
2024-01-21 07:00:00,137.54733072532596,87.3,-3.75,90.40259275900421,-47.144737966321756,35.03015540796669,31.955564228528953,413.17159187288576,49.34815143319292,,10.940078473112573,74.22217685684753,0.0,0.0,0.0,0.24245476688804996,8.906661222821702,Water Tank + DSM
2024-01-21 08:00:00,110.33817127587122,82.7,-2.65,85.28096076764788,-25.057210508223335,33.391430080247794,31.291221942882736,413.17159187288576,45.540894024295696,,10.320283684204139,59.53979055291798,12.517943023268586,0.0,0.0,0.2449128548796283,7.144774866350157,Water Tank + DSM
2024-01-21 09:00:00,110.7749978795405,83.6,-1.6,93.53159210543522,-17.243405774105284,29.521000332044014,27.642586283055703,413.17159187288576,42.13570494910247,,11.318734630503188,59.77550738771475,20.480507035429,0.0,0.0,0.250718499501934,7.173060886525769,Water Tank + DSM
2024-01-21 10:00:00,138.45115997933934,84.8,-0.35,296.49193432798285,158.0407743486435,25.000000000000007,25.754164858718482,1184.4383904621666,48.73571762967926,,35.88,74.70989388040603,53.516167652127166,0.0,151.67350841095384,0.2575,8.965187265648723,Water Tank + DSM
2024-01-21 11:00:00,135.3524518954924,85.5,0.8,255.36338074362504,120.01092884813264,29.16151828995735,30.92290656700067,1082.8149829567187,51.928762380058814,,30.902824125211016,73.03779411508008,52.460916956439,0.0,113.64366291044298,0.25125772256506396,8.76453529380961,Water Tank + DSM
2024-01-21 12:00:00,115.06696907952302,79.8,2.3,194.81320001079771,79.7462309312747,35.28817878782904,36.14032739171652,1045.5475585270833,53.47353740873881,,23.57533816975647,62.091506133671814,45.55278967413396,0.0,73.37896499358504,0.24206773181825644,7.450980736040617,Water Tank + DSM
2024-01-21 13:00:00,113.4279099353868,78.0,2.9,177.2034564658095,63.7755465304227,37.069988831151306,37.48225298242994,1034.2632697517142,54.22088988131209,,21.44429335794304,61.20705031011353,44.994615668928375,0.0,57.40828059273305,0.23939501675327304,7.319143177757079,Water Tank + DSM
2024-01-21 14:00:00,118.15909802231387,83.8,2.45,176.5793947191745,58.42029669686063,37.133133390012524,37.33258420135472,903.9245008943758,54.58245432137082,,21.36877246554502,63.76005571617376,46.605799873786836,0.0,52.05303075917097,0.23930029991498122,7.600275131751561,Water Tank + DSM
2024-01-21 15:00:00,114.66883149478299,81.0,2.0,168.0175515953065,53.348720100523494,37.99944799751852,38.095941049416666,933.4292310849136,54.7573769303305,,20.332660194967847,61.87666635399668,45.417205762417154,0.0,46.981454162833835,0.23800082800372221,7.054144900795859,Water Tank + DSM
2024-01-21 16:00:00,92.29565236092957,77.9,2.15,134.31181764358138,42.01616528265181,41.40990171135609,41.456584444817835,879.3058636990677,54.84200339171673,,16.253757553218115,49.80383259004023,37.79812316188874,0.0,35.64889934496216,0.23288514743296587,4.658679871379363,Water Tank + DSM
2024-01-21 17:00:00,95.17513678289453,79.1,2.7,65.76024319852208,-29.41489358437245,41.07810718234397,39.03600025924563,413.17159187288576,51.14007186673899,,7.957982166735406,51.35763665804072,2.996558732130225,0.0,0.0,0.23338283922648403,4.906264717424679,Water Tank + DSM
2024-01-21 18:00:00,103.7937893281234,80.8,2.9,77.25877286239044,-26.53501646573295,36.12977619730791,34.06662092904606,413.17159187288576,47.39998390067186,,9.349477841903454,56.00836415748693,8.811478083904667,0.0,0.0,0.24080533570403814,6.721003698898432,Water Tank + DSM
2024-01-21 19:00:00,113.05911596372907,79.2,2.7,83.27757154176423,-29.78154442196484,31.049769020519637,28.781515884599596,413.17159187288576,43.2880945105943,,10.077843344005242,61.00804469332857,8.720214229176314,0.0,0.0,0.24842534646922054,7.320965363199428,Water Tank + DSM
2024-01-21 20:00:00,94.47868954939854,81.4,2.15,250.78359060290248,156.30490105350395,29.624916070180568,32.93754946011629,1157.1218128674602,49.29323647362674,,30.348600380064042,50.98182544117875,64.74985944359264,0.0,123.72932204452948,0.25056262589472916,6.117819052941449,Water Tank + DSM
2024-01-21 21:00:00,87.82054039830346,78.4,1.35,181.9181970668671,94.09765666856363,36.59293633273406,38.195567595366995,1039.5066055465372,52.19848650091438,,22.01484814605007,47.38900890867401,62.48245756720608,0.0,61.522077659589165,0.24011059550089892,5.68668106904088,Water Tank + DSM
2024-01-21 22:00:00,84.34397985481861,79.5,0.7,148.23653461033777,63.89255475551916,40.00095441587728,40.776297371657314,896.5394984570055,53.60402824714024,,17.938858518610772,45.513015458627656,61.29853096526557,0.0,31.316975746544713,0.23499856837618407,4.642066946712561,Water Tank + DSM
2024-01-21 23:00:00,105.72431973782169,83.7,-1.5,178.61448062703397,72.89016088921228,38.31454600560328,39.08376085310103,940.1578075468531,54.99846095838752,,21.61504858276723,57.050101345264764,68.57950675423984,0.0,40.314581880237895,0.23752818099159506,6.39604226437569,Water Tank + DSM
2024-01-22 00:00:00,126.28399184875137,85.6,-2.3,180.50714908408958,54.223157235338206,36.735710670185334,36.71374320297336,882.4774083867891,54.95863833280604,,21.844090038458344,83.16111635662658,23.45824954762875,0.0,54.223157235338206,0.239896433994722,9.979333962795188,Water Tank + DSM
2024-01-22 01:00:00,135.49914353292164,85.2,-1.25,194.07151384951297,58.57237031659133,35.36322496029567,35.352597237402534,930.2777598545397,54.939372396252075,,23.48558294748638,89.22952051642766,25.170036803177517,0.0,58.57237031659133,0.2419551625595565,10.707542461971318,Water Tank + DSM
2024-01-22 02:00:00,150.06007270236736,84.8,-0.55,215.07319100074815,65.01311829838079,33.23820825127421,33.23306662557819,996.458128491124,54.930051656951704,,26.027102931476048,98.8182507045829,27.874844475960803,0.0,65.01311829838079,0.2451426876230887,11.858190084549948,Water Tank + DSM
2024-01-22 03:00:00,133.55202925959838,85.8,1.05,191.57111635834764,58.01908709874925,35.6162231570425,35.61373567077062,911.9425142142687,54.92554234172262,,23.182997104177172,87.9472978508865,24.808344938257125,0.0,58.01908709874925,0.24157566526443625,10.55367574210638,Water Tank + DSM
2024-01-22 04:00:00,118.3671852943869,79.7,1.45,169.9126786474615,51.54549335307459,37.807692995165716,37.80648956490484,968.9297372270051,54.923360763289814,,20.561999177781804,77.94770441579303,21.987640161167377,0.0,51.54549335307459,0.23828846050725142,8.97597764081986,Water Tank + DSM
2024-01-22 05:00:00,84.64422304441273,79.6,2.1,121.73555045233476,37.09132740792204,42.682408555741404,42.68182634372715,787.7435221786419,54.92230532932335,,14.731839367333283,55.7403038854149,15.723333400159811,0.0,37.09132740792204,0.2309763871663879,4.7884013880611445,Water Tank + DSM
2024-01-22 06:00:00,94.01737245233076,76.9,3.55,135.1425954898005,41.12522303746974,41.325840957922566,41.325559287400736,907.5245645510823,54.9217947169883,,16.354294214324614,61.91275343447169,17.46446998159995,0.0,41.12522303746974,0.23301123856311615,5.82258206438901,Water Tank + DSM
2024-01-22 07:00:00,100.55595469748768,79.4,4.0,67.48694959324558,-33.069005104242095,40.37974339482663,38.166158243122936,413.17159187288576,50.909007451235524,,8.166939707462788,66.21857075095403,0.0,0.0,0.0,0.23443038490776005,6.603417827452101,Water Tank + DSM
2024-01-22 08:00:00,99.51720846863977,78.8,4.55,73.12967830713893,-26.387530161500834,36.51717598443748,34.511183187634785,413.17159187288576,47.272543616082764,,8.849795066457236,65.53453079673965,0.0,0.0,0.0,0.24022423602334378,7.864143695608758,Water Tank + DSM
2024-01-22 09:00:00,104.77439589525798,75.5,4.95,75.02652982377809,-29.74786607147989,32.12043604631202,29.955457862276816,413.17159187288576,43.347871063575546,,9.079342735506895,68.99651809135426,0.0,0.0,0.0,0.24681934593053195,8.279582170962511,Water Tank + DSM
2024-01-22 10:00:00,87.69690244946308,79.3,5.4,240.4999166870091,152.803014237546,30.665451011463404,33.961062650141585,1181.3288586235562,49.32215599513828,,29.10412059028977,57.75056839706354,20.335238683128907,0.0,148.7581682803412,0.2490018234828049,6.930068207647624,Water Tank + DSM
2024-01-22 11:00:00,99.5403498875746,74.9,5.05,198.38297170347852,98.84262181590391,34.92697789707578,36.52137414318292,1185.5999814232,52.21247758408573,,24.00733443509737,65.54976999059569,22.535252647212285,0.0,94.79777585869913,0.24260953315438633,7.865972398871484,Water Tank + DSM
2024-01-22 12:00:00,94.0340867887973,77.5,5.35,161.94788685647336,67.91380006767606,38.61359604366255,39.38495495008398,994.8973594713839,53.61079704544937,,19.598139131779593,61.923760236358206,21.512420758902014,0.0,63.86895411047127,0.2370796059345062,6.83133162120641,Water Tank + DSM
2024-01-22 13:00:00,87.36842407197796,78.1,5.5,138.6012783451512,51.232854273173245,40.97588039020695,41.34905899243233,891.8911378059516,54.28729523288473,,16.772847053312486,57.53425730196137,20.27422122844412,0.0,47.188008315968446,0.23353617941468957,5.531614924003428,Water Tank + DSM
2024-01-22 14:00:00,81.6627481893841,73.2,5.5,123.76054133814438,42.097793148760275,42.47751351631316,42.65805498410401,962.3357382908381,54.614580814075914,,14.976893834489463,53.77692932222918,19.21434683951857,0.0,38.05294719155548,0.23128372972553027,4.685848375297534,Water Tank + DSM
2024-01-22 15:00:00,43.323824545415285,75.7,6.15,65.72988528049281,22.406060735077524,48.34924046792636,48.43658529798284,574.1088730347642,54.772919526056434,,7.954308400360078,28.529804619657963,12.0925887681958,0.0,18.36121477787273,0.22247613929811047,1.4808268755702285,Water Tank + DSM
2024-01-22 16:00:00,68.35972889362982,69.4,6.55,99.94768757742037,31.587958683790546,44.8869740449475,44.92923092604493,974.0395727706947,54.8495228020712,,12.095179042242789,45.01656374181845,16.74320586742703,0.0,27.543112726585747,0.22766953893257874,3.2717208300715326,Water Tank + DSM
2024-01-22 17:00:00,59.6426858526434,80.5,2.9,59.2812299401363,-0.36145591250710396,46.22420567122628,45.45561580725871,413.17159187288576,53.45622306099642,,7.17392375301234,39.27617638151534,10.717644359345519,0.0,0.0,0.2256636914931606,2.5393919922470958,Water Tank + DSM
2024-01-22 18:00:00,101.43688144975799,76.1,3.65,64.53457617399717,-36.902305275760824,38.786775185531475,36.4531320342082,413.17159187288576,49.22579464796079,,7.809657953668261,66.79868269606071,0.0,0.0,0.0,0.2368198372217028,7.299716551522214,Water Tank + DSM
2024-01-22 19:00:00,106.06023600175394,82.7,0.95,84.42258622318504,-21.6376497785689,33.88773336836738,31.93868263395624,413.17159187288576,45.692555386154446,,10.216407406000709,69.84327544473598,0.0,0.0,0.0,0.24416839994744893,8.381193053368317,Water Tank + DSM
2024-01-22 20:00:00,125.97571283812943,83.1,0.85,96.2065154041749,-29.76919743395453,27.474387332863124,25.048277940776615,413.17159187288576,41.29450416757137,,11.642440731231748,82.95810704169027,0.0,0.0,0.0,0.2537884190007053,9.954972845002832,Water Tank + DSM
2024-01-22 21:00:00,121.7339759886314,80.4,3.35,296.4919343279828,174.75795833935138,25.000000000000007,27.570082137640632,1278.5093095602447,48.32874996620983,,35.879999999999995,80.16481894134436,52.819911934382574,0.0,144.55109454638765,0.2575,9.619778272961323,Water Tank + DSM
2024-01-22 22:00:00,108.2845411670474,79.4,3.75,220.69854054441464,112.41399937736723,32.66901743435536,34.546292325663615,1128.2239757589061,51.73187397630777,,26.707855148510987,71.30803513403339,50.32157312120063,0.0,82.20713558440355,0.24599647384846696,8.556964216084006,Water Tank + DSM
2024-01-22 23:00:00,96.0575071442233,77.9,3.8,200.79398566461217,104.73647852038887,37.84037244392655,39.64551752605554,1197.414654978003,55.00424106497764,,24.299103521907604,63.25623233478129,48.0503049174027,0.0,74.52961472742511,0.23823944133411018,7.27179511280916,Water Tank + DSM
2024-01-23 00:00:00,89.05957027399032,78.2,3.05,127.24685923893968,38.18728896494936,42.124756746517996,42.10114335742341,842.6332252941647,54.96143471213094,,15.398790931164479,64.70788647705068,31.157941909829812,0.0,38.18728896494936,0.231812864880223,5.7752733105889655,Water Tank + DSM
2024-01-23 01:00:00,80.0254290167474,78.5,3.2,114.75783192645163,34.732402909704234,43.38843638159426,43.37701237201488,780.7876591785626,54.94072526703517,,13.887430087613266,58.14396319409677,27.997301816548575,0.0,34.732402909704234,0.2299173454276086,4.7485815242561396,Water Tank + DSM
2024-01-23 02:00:00,87.07382053979943,76.5,3.35,125.0364486148586,37.96262807505917,42.34841314672576,42.34288628252392,874.6343266304158,54.93070616735356,,15.131297876515998,63.26510309086827,30.463217303871893,0.0,37.96262807505917,0.23147738027991135,5.56160491630323,Water Tank + DSM
2024-01-23 03:00:00,90.11971024016273,81.5,0.85,129.4888189809957,39.36910874083296,41.897908105882536,41.89523424363715,781.1148936606638,54.92585898975102,,15.670101905364488,65.47815087839267,31.528837248541503,0.0,39.36910874083296,0.2321531378411762,5.933142309734245,Water Tank + DSM
2024-01-23 04:00:00,97.58437861348045,80.8,1.25,140.20563333611437,42.62125472263392,40.81354663283852,40.81225303505029,837.6321803529627,54.92351395562048,,16.966998227125128,70.90174445967159,34.14038930113324,0.0,42.62125472263392,0.2337796800507422,6.885886682081242,Water Tank + DSM
2024-01-23 05:00:00,81.27876851704727,79.6,1.5,116.92394608088337,35.6451775638361,43.16926203953251,43.16863620503389,766.7190807721045,54.92237944281233,,14.149562600719122,59.05460030870559,28.435788991183454,0.0,35.6451775638361,0.23024610694070125,4.900612213379096,Water Tank + DSM
2024-01-23 06:00:00,68.70717539268696,77.2,2.05,98.96715498683336,30.2599795941464,44.98618746127292,44.98588468646673,733.9217100239787,54.92183057262959,,11.976519796317591,49.92047560740604,24.037553438533017,0.0,30.2599795941464,0.22752071880809063,3.5984114147488446,Water Tank + DSM
2024-01-23 07:00:00,44.53068988587802,76.9,2.85,49.150035487931554,4.619345602053535,48.48195757177305,48.04294423959638,413.17159187288576,54.12598718368275,,5.947896280227902,32.35460060064625,15.579287485895781,0.0,4.619345602053535,0.22227706364234043,1.6535871639878512,Water Tank + DSM
2024-01-23 08:00:00,52.35451904352865,73.5,3.0,46.6029444004269,-5.751574643101748,46.55465930788958,45.721552396380375,413.17159187288576,52.6157309358299,,5.639659806858711,38.03914912689205,12.564919115590357,0.0,0.0,0.22516801103816564,2.3839912336102924,Water Tank + DSM
2024-01-23 09:00:00,65.51412036988793,77.2,3.9,58.905744569528245,-6.608375800359688,43.141307430913486,42.12222943215495,413.17159187288576,50.76834629237961,,7.1284843547098085,47.60050211893528,16.312071159788285,0.0,0.0,0.23028803885362978,3.9580843500028524,Water Tank + DSM
2024-01-23 10:00:00,68.57418246227212,79.2,3.25,139.83165173670068,71.25746927442856,40.851387284415914,42.03397170326053,871.0771188735993,52.91213538175118,,16.92174080783857,49.82384712135947,24.873878791079544,0.0,70.37461567132416,0.23372291907337614,4.827516066979818,Water Tank + DSM
2024-01-23 11:00:00,74.72639199805802,73.7,3.4,127.43751788653,52.71112588847198,42.10546529617661,42.677592222778564,963.5763146979897,53.949287100850654,,15.421863505772777,54.29384933448407,27.02626046935832,0.0,51.828272285367596,0.2318418020557351,4.852089738699789,Water Tank + DSM
2024-01-23 12:00:00,70.55503252250124,78.9,3.3,111.22534709755801,40.67031457505678,43.7458644684898,44.02265588813559,755.8369566975573,54.45105459923193,,13.4599460956862,51.26307055833577,25.566889221276128,0.0,39.78746097195239,0.2293812032972653,4.076686109649315,Water Tank + DSM
2024-01-23 13:00:00,84.90847031870653,78.4,3.25,126.78105927848996,41.87258895978343,42.171887872850874,42.30579782609249,836.0061048244241,54.69380656868382,,15.342422104070357,61.69182763199874,30.58851216067101,0.0,40.98973535667905,0.23174216819072369,5.488640024736204,Water Tank + DSM
2024-01-23 14:00:00,82.6274786457618,77.1,2.85,121.12180875071472,38.49433010495292,42.74450889951748,42.80929369523159,842.2227389436329,54.81124844936136,,14.657567356177097,60.03453072641158,29.790495666500103,0.0,37.611476501848536,0.2308832366507238,5.13493031095203,Water Tank + DSM
2024-01-23 15:00:00,95.74576750810122,79.7,1.9,138.71049386433987,42.96472635623864,40.96482961547648,40.9961720934187,855.4696833342672,54.86806609482979,,16.786063779890128,69.56586737968674,34.37999549309551,0.0,42.081872753134256,0.2335527555767853,6.69300321828266,Water Tank + DSM
2024-01-23 16:00:00,100.90255486572079,82.0,2.05,145.51932192661934,44.61676706089855,40.27589066564851,40.29105395994823,833.1714191338295,54.89555411544009,,17.610034763884382,73.31262710350487,36.18412367871039,0.0,43.73391345779416,0.23458616400152724,7.356530347605335,Water Tank + DSM
2024-01-23 17:00:00,110.68657499139091,79.3,1.5,69.89324574902443,-40.79332924236648,38.88844783275947,36.3278577780364,413.17159187288576,50.25371634538747,,8.458137868603444,80.42138881921166,0.0,0.0,0.0,0.2366673282508608,8.739337073766519,Water Tank + DSM
2024-01-23 18:00:00,111.17829214744779,83.3,-0.15,84.9626057797663,-26.215686367681485,34.17549964323065,32.03101183533178,413.17159187288576,46.366188747691254,,10.281757924671824,80.77865506039224,12.680602461324312,0.0,0.0,0.24373675053515403,9.693438607247067,Water Tank + DSM
2024-01-23 19:00:00,119.30892623606393,84.2,-0.45,95.27643862486887,-24.03248761119505,29.112148111943696,26.932734128598206,413.17159187288576,42.415346977524315,,11.529887400170185,86.6861184130002,17.70834475023299,0.0,0.0,0.25133177783208444,10.402334209560024,Water Tank + DSM
2024-01-23 20:00:00,126.93166259114837,83.0,-1.05,100.31310444763417,-26.618558143514193,25.0,25.0,413.17159187288576,38.648744016992694,,12.1394,92.22455922505232,17.789127154829863,0.0,0.0,0.2575,11.066947107006277,Water Tank + DSM
2024-01-23 21:00:00,127.1539043529622,84.7,0.0,296.49193432798285,169.33802997502065,25.0,25.0,1186.422374365788,47.048747795239706,,35.88,92.38603310876483,85.07575984965356,0.0,128.74770783014236,0.2575,11.08632397305178,Water Tank + DSM
2024-01-23 22:00:00,129.75128466713858,84.1,-0.35,264.0303200312319,134.27903536409332,28.284569717249866,30.52633331653294,1130.05687306757,51.112616952072266,,31.95165461816917,94.27320806357748,85.98446651304593,0.0,93.68871321921512,0.25257314542412523,11.312784967629298,Water Tank + DSM
2024-01-23 23:00:00,141.72342607874788,82.8,-0.2,277.912890513887,136.18946443513914,30.61706955470637,32.76326969519056,1272.275028145035,55.0032486663586,,33.63165522272745,102.97178997865169,90.17298084667216,0.0,95.59914229026083,0.24907439566794046,12.3566147974382,Water Tank + DSM
2024-01-24 00:00:00,145.36408363611685,87.2,-0.1,207.7301351291284,62.366051493011554,33.981202075534206,33.957871278218505,932.4707526982036,54.96095459590175,,25.138482317661087,86.02473611175814,42.03509204623456,0.0,62.366051493011554,0.2440281968866987,10.322968333410978,Water Tank + DSM
2024-01-24 01:00:00,130.3087350695163,84.4,0.25,186.63020844599578,56.321473376479474,36.11615998570032,36.10487269225159,923.3809592929034,54.940492989813976,,22.585072657102415,77.11515985938487,37.68152033199054,0.0,56.321473376479474,0.2408257600214495,9.253819183126184,Water Tank + DSM
2024-01-24 02:00:00,100.5329491072511,79.0,0.8,144.2752616332034,43.7423125259523,40.401768655844336,40.39630793404927,892.9460937084726,54.930593793090424,,17.45948468761018,59.494203803031745,29.071223535390235,0.0,43.7423125259523,0.2343973470162335,5.9249913501544,Water Tank + DSM
2024-01-24 03:00:00,107.02490428602904,79.3,2.2,153.65175090102855,46.62684661499951,39.45302555201479,39.45038368905106,921.17668662881,54.925804623787144,,18.594181439790308,63.336065679323845,30.948509359191608,0.0,46.62684661499951,0.23582046167197782,6.66813795666605,Water Tank + DSM
2024-01-24 04:00:00,107.87595830337867,83.7,2.6,154.91545518566627,47.03949688228761,39.325159920104575,39.32388180336817,833.9859274828149,54.92348765370806,,18.747108735554935,63.839709326558065,31.194609586020412,0.0,47.03949688228761,0.23601226011984314,6.770139918563533,Water Tank + DSM
2024-01-24 05:00:00,110.43450234583125,77.4,2.85,158.5951640301465,48.160661684315244,38.95283523753061,38.95221689266777,985.431402277196,54.92236671811202,,19.192409055913394,65.35382526618216,31.93446658259503,0.0,48.160661684315244,0.2365707471437041,7.076707514618546,Water Tank + DSM
2024-01-24 06:00:00,98.52638391231027,79.4,2.75,141.58651280785242,43.06012889554215,40.673824841599796,40.673525690232395,873.409790876592,54.92182441649935,,17.134105489446647,58.30674238155764,28.4909828696337,0.0,43.06012889554215,0.23398926273760032,5.71155653422216,Water Tank + DSM
2024-01-24 07:00:00,112.15045923898434,80.9,3.1,72.98121436415421,-39.16924487483013,38.70301630151799,36.17102883082262,413.17159187288576,50.33183741209977,,8.831828688092287,66.3693081504011,0.0,0.0,0.0,0.23694547554772302,7.286148895844507,Water Tank + DSM
2024-01-24 08:00:00,117.96211920823905,80.0,3.05,80.8167902765498,-37.14532893168925,33.272567309619966,30.730164687507546,413.17159187288576,45.72296982072792,,9.780051662096541,69.80857941136743,0.0,0.0,0.0,0.24509114903557006,8.377029529364092,Water Tank + DSM
2024-01-24 09:00:00,114.56387596213003,80.4,2.95,88.62984160413333,-25.934034357996694,29.155141799811297,26.980053192419334,413.17159187288576,41.77996909229035,,10.725548821299498,67.79753946822801,7.194527737826512,0.0,0.0,0.251267287300283,8.135704736187362,Water Tank + DSM
2024-01-24 10:00:00,110.63701580353406,80.5,2.75,288.78284866581805,178.145832862284,25.780029886442392,29.52211152080173,1260.7422890705468,48.56361485274694,,34.9470842558149,65.47367032227987,38.59845204483217,0.0,171.540408439488,0.2563299551703364,7.856840438673585,Water Tank + DSM
2024-01-24 11:00:00,97.90682615130335,79.7,2.45,203.54496189499065,105.6381357436873,34.404671257954675,36.21506688844291,1073.514011623823,51.845500135726056,,24.63201317548621,57.940095466009865,34.91724909282191,0.0,99.0327113208913,0.243392993113068,6.952811455921184,Water Tank + DSM
2024-01-24 12:00:00,95.53971091010783,78.2,2.55,167.72666839317048,72.18695748306266,38.028880488098274,38.90473854228845,997.445008794717,53.43325565701521,,20.297458936234467,56.5392648146111,34.23274777338473,0.0,65.58153306026664,0.23795667926785258,6.435678899478285,Water Tank + DSM
2024-01-24 13:00:00,92.46977117493633,80.1,2.65,147.64705362791366,55.17728245297734,40.06059998267089,40.484334617339066,880.9231027600965,54.20140182240945,,17.867522420725628,54.722510985252434,33.345009921527456,0.0,48.57185803018133,0.23490910002599366,5.561799021191265,Water Tank + DSM
2024-01-24 14:00:00,101.23110548174546,79.3,2.2,152.5775902972734,51.34648481552793,39.5617125494729,39.76671270875489,917.2387223590933,54.57302612067095,,18.464191790830412,59.90736444339296,35.87853460535831,0.0,44.74106039273192,0.23565743117579066,6.268091049404236,Water Tank + DSM
2024-01-24 15:00:00,115.93819882500871,81.9,0.2,169.9249798284055,53.986781003396786,37.80644832242562,37.90562611406055,920.6253323152482,54.752815625950156,,20.563487806378973,68.61084739584129,40.131400973395834,0.0,47.38135658060077,0.2382903275163616,7.901315070805497,Water Tank + DSM
2024-01-24 16:00:00,120.92344450261362,84.9,0.45,175.2732923870938,54.34984788448017,37.265288991652184,37.31327058536429,879.008320207091,54.83979666125856,,21.210714365983986,71.56105650624147,41.57298995252622,0.0,47.744423461684164,0.23910206651252172,8.473420617616341,Water Tank + DSM
2024-01-24 17:00:00,139.6826897001099,81.8,0.35,81.56601479411147,-58.11667490599844,34.639373438710884,31.223115204713523,413.17159187288576,48.64680357610138,,9.870719139277812,82.66255474022086,0.0,0.0,0.0,0.24304093984193367,9.919506568826503,Water Tank + DSM
2024-01-24 18:00:00,125.45275859493724,85.6,0.25,95.2900756225812,-30.162682972356038,30.504263340839543,28.071290268755604,413.17159187288576,44.23630987810037,,11.531537682762282,74.24145072614215,6.114629298210971,0.0,0.0,0.24924360498874068,8.908974087137057,Water Tank + DSM
2024-01-24 19:00:00,127.63562274370479,80.9,1.85,95.3353408646672,-32.300281879037584,25.778091445797088,25.0,413.17159187288576,39.67103681594198,,11.537015460394672,75.53324377204754,4.608251619790728,0.0,0.0,0.25633286283130435,9.063989252645705,Water Tank + DSM
2024-01-24 20:00:00,93.02552286140117,82.4,0.25,284.45426027785516,191.428737416454,26.218010271754466,30.560623700548227,1209.5284903130844,47.54332664122316,,34.423259714981675,55.05139822463049,64.17357605555138,0.0,154.15545418644444,0.2556729845923683,6.606167786955658,Water Tank + DSM
2024-01-24 21:00:00,113.96361202977842,77.3,1.85,236.5777663699759,122.61415434019749,31.062306695843787,33.163235842926255,1222.3020584629028,51.35189109656956,,28.62948119177083,67.44231041104757,70.22826634389115,0.0,85.34087111018792,0.24840653995623432,8.093077249325708,Water Tank + DSM
2024-01-24 22:00:00,114.35616343143059,86.6,0.0,199.49853407030216,85.14237063887157,34.81410173712032,35.83051808488779,920.2990442710575,53.194450698979765,,24.1423343224041,67.67461766255519,70.34178086473138,0.0,47.86908740886196,0.2427788473943195,8.120954119506623,Water Tank + DSM
2024-01-24 23:00:00,108.80126268940101,82.2,0.6,190.98098939497626,82.17972670557525,37.45999170343712,38.45853793530153,1019.7526782634174,55.00461535445142,,23.111582832845453,64.38729345903113,68.73546410368454,0.0,44.90644347556564,0.23881001244484432,7.548769490296183,Water Tank + DSM
2024-01-25 00:00:00,92.16185144614259,75.7,2.5,131.67710882356963,39.515257377427034,41.676489956933516,41.652769986545714,924.5532779052975,54.961615791031434,,15.934918011507524,53.21671066772391,26.761882777483546,0.0,39.51525737742703,0.23248526506459974,4.892800802254984,Water Tank + DSM
2024-01-25 01:00:00,86.27094817509844,81.1,2.65,123.68247743794406,37.41152926284562,42.48541227083179,42.47393669789102,765.169321864864,54.94081287187177,,14.967446924085186,49.81514602869423,25.051287120827208,0.0,37.41152926284562,0.2312718815937523,4.338277843648847,Water Tank + DSM
2024-01-25 02:00:00,96.1091855885104,79.2,2.75,137.94941717755344,41.84023158904304,41.04183778318717,41.03628597295446,863.6408894974783,54.93074855002421,,16.693962011308155,55.49600666348603,27.90810642581529,0.0,41.84023158904304,0.23343724332521926,5.3136856603274145,Water Tank + DSM
2024-01-25 03:00:00,94.1422350290161,77.0,3.2,135.2376109701146,41.09537594109848,41.316226988436746,41.31354105745804,905.3729149713816,54.92587949422135,,16.36579252182966,54.360236958561046,27.336944936801004,0.0,41.09537594109848,0.23302565951734489,5.1154417038771784,Water Tank + DSM
2024-01-25 04:00:00,71.82228191574923,80.2,3.25,103.38484315267975,31.56256123693052,44.53919167612355,44.5378922395578,692.5744504722173,54.92352387555466,,12.511126755356235,41.47210083382175,20.855695271745823,0.0,31.56256123693052,0.22819121248581467,3.1006553956723764,Water Tank + DSM
2024-01-25 05:00:00,74.68266468822436,74.4,3.05,107.49633826706943,32.81367357884507,44.12317748096085,44.12254882169826,848.1724304144861,54.9223842420143,,13.008679732770835,43.1237621233164,21.68629087344602,0.0,32.81367357884507,0.22881523377855872,3.33178218729125,Water Tank + DSM
2024-01-25 06:00:00,66.66000096135333,78.0,2.8,96.04117469287142,29.38117373151809,45.282247484011194,45.28194334260188,701.2530712703973,54.92183289445339,,11.622432009122614,38.491262150300635,19.35667636535252,0.0,29.38117373151809,0.2270766287739832,2.7061865034316197,Water Tank + DSM
2024-01-25 07:00:00,100.83954952499653,79.5,2.2,67.73076978956496,-33.10877973543157,40.338769077817965,38.120541511118844,413.17159187288576,50.90062985858142,,8.1964456320127,58.227444943110065,0.0,0.0,0.0,0.23449184638327306,5.820845437234784,Water Tank + DSM
2024-01-25 08:00:00,132.65225352176918,82.9,1.15,88.52298741648066,-44.12926610528852,31.716923786501685,28.79213661966938,413.17159187288576,45.59857554679284,,10.7126178514852,76.59694856732412,0.0,0.0,0.0,0.24742461432024748,9.191633828078894,Water Tank + DSM
2024-01-25 09:00:00,139.80495232759122,86.4,0.35,105.53548918823715,-34.26946313935407,25.38047112964098,25.0,413.17159187288576,40.65682539633704,,12.771387392566146,80.72710759592444,6.326984167144438,0.0,0.0,0.25692929330553854,9.687252911510932,Water Tank + DSM
2024-01-25 10:00:00,141.5009274107171,83.0,-0.35,296.49193432798285,154.99100691726574,25.0,25.0,1221.196823269613,48.02024497516479,,35.88,81.70640883480114,48.379681820565544,0.0,147.70024825579887,0.2575,9.804769060176136,Water Tank + DSM
2024-01-25 11:00:00,146.02292577396096,84.8,-0.75,277.68526381643227,131.6623380424713,26.902918933107944,28.86804257041057,1145.7686637310105,51.58262119607887,,33.6041089560029,84.31753127603484,49.692775993677124,0.0,124.37157938100442,0.2546456216003381,10.118103753124181,Water Tank + DSM
2024-01-25 12:00:00,144.97170459576844,87.3,0.3,240.97560754027776,96.00390294450932,30.617319093033977,31.568033586719988,1015.6018354676456,53.30607647436061,,29.161686364731377,83.71052813525759,49.387523250784504,0.0,88.71314428304244,0.24907402136044904,10.04526337623091,Water Tank + DSM
2024-01-25 13:00:00,139.82924208159346,81.8,0.85,216.59270122897095,76.76345914737749,33.084459357733465,33.544409068452566,1062.1285111240259,54.13987333130095,,26.210986608150783,80.74113314761036,47.8942592067958,0.0,69.47270048591061,0.24537331096339982,9.68893597771324,Water Tank + DSM
2024-01-25 14:00:00,102.25881176085342,82.2,1.2,154.65453396282174,52.395722201968326,39.351560762013065,39.574081548006774,862.2405143427036,54.54325902247869,,18.715533328632375,59.04696480498438,36.984588487660716,0.0,45.10496354050145,0.2359726588569804,6.252520623289919,Water Tank + DSM
2024-01-25 15:00:00,118.48489285220684,78.8,1.5,173.85904337366415,55.37415052145731,37.408387219599106,37.51604138057649,1003.4268391040165,54.73841449049528,,21.03956888535947,68.41633672145667,41.69630459677668,0.0,48.083391859990435,0.23888741917060136,8.042318261401808,Water Tank + DSM
2024-01-25 16:00:00,114.32507615079905,84.9,1.1,165.98487338365203,51.65979723285298,38.20512086510546,38.25720327315547,849.1805373874538,54.83282948222582,,20.086675445333874,66.01434762991863,40.48838043735427,0.0,44.36903857138611,0.2376923187023418,7.4443901092393965,Water Tank + DSM
2024-01-25 17:00:00,131.82130515552183,83.2,-1.05,82.03312998590759,-49.788175169614235,35.769292263640516,32.68942902423706,413.17159187288576,49.24965325888234,,9.927247129220042,76.11713682208976,0.0,0.0,0.0,0.24134606160453922,9.13405641865077,Water Tank + DSM
2024-01-25 18:00:00,119.35212756814987,83.7,-0.2,89.43541948426353,-29.916708083886334,31.989364997220736,29.63832504498706,413.17159187288576,44.987687924348826,,10.823035906081701,68.9171011726387,4.740664756422163,0.0,0.0,0.2470159525041689,8.270052140716643,Water Tank + DSM
2024-01-25 19:00:00,123.37912684906208,83.1,0.2,96.77615245774287,-26.602974391319208,27.14502907714102,25.0,413.17159187288576,40.81356429130115,,11.711375414154384,71.24239794379427,9.223755194863273,0.0,0.0,0.2542824563842885,8.549087753255312,Water Tank + DSM
2024-01-25 20:00:00,117.71524206814195,83.1,0.0,100.48605807599218,-17.22918399214977,25.0,25.0,413.17159187288576,37.88282366752505,,12.16033,67.97191983477224,16.95287138020428,0.0,0.0,0.2575,8.156630380172668,Water Tank + DSM
2024-01-25 21:00:00,119.61643556085927,82.7,-0.35,296.49193432798285,176.8754987671236,25.0,25.43613053070574,1227.5462001670287,46.67820033276683,,35.88,69.06971965582316,89.08823554201948,0.0,122.52138560339444,0.2575,8.28836635869878,Water Tank + DSM
2024-01-25 22:00:00,135.54899066564806,84.1,-0.5,275.9788607355616,140.42987006991356,27.07557824184142,29.422857572974944,1156.1540461061975,50.933348413195446,,33.39760842275767,78.26960184031459,93.71471781607974,0.0,86.07575690618441,0.2543866326372379,9.39235222083775,Water Tank + DSM
2024-01-25 23:00:00,159.54527105349797,86.8,-0.55,268.22174487376265,108.67647382026468,27.86046797714377,28.996066999249756,1087.14651039987,52.99196237317843,,32.458880299336066,92.12569403533782,100.68273801921711,0.0,54.32236065653552,0.2532092980342843,11.055083284240538,Water Tank + DSM
2024-01-26 00:00:00,155.2683372321808,87.7,-0.55,241.76350430883605,86.49516707665524,30.53759718386864,31.08699287014405,1010.3713944473496,53.98790689875886,,29.25703376809311,91.8447239720562,35.72044368821019,0.0,86.49516707665524,0.24919360422419704,11.021366876646743,Water Tank + DSM
2024-01-26 01:00:00,134.18012013337145,83.0,-0.25,211.87187198892948,77.69175185555804,34.58324608813402,35.139116827471454,1045.3901672256654,54.99558940083066,,25.63969500281047,79.37056785607562,30.868968591672303,0.0,77.69175185555804,0.24312513086779897,9.524468142729074,Water Tank + DSM
2024-01-26 02:00:00,102.95935444354063,81.9,0.2,147.19869051617934,44.23933607263871,40.10596679301099,40.08481701996196,841.3766186687147,54.95724909126571,,17.813263715558854,60.90278068134155,23.68643786708059,0.0,44.23933607263871,0.2348410498104835,6.173361595371316,Water Tank + DSM
2024-01-26 03:00:00,123.56322221446224,80.0,1.15,177.0257769192571,53.46255470479487,37.08796701463429,37.07773488704996,985.5035545813407,54.93870028990592,,21.422791450497396,73.09043324406142,28.42648539763401,0.0,53.46255470479487,0.23936804947804857,8.732274706022528,Water Tank + DSM
2024-01-26 04:00:00,124.1203282656941,85.9,1.3,178.005342139529,53.88501387383491,36.988851479924165,36.983901240758016,869.4126426229765,54.92972649611576,,21.541333630010705,73.41997404040573,28.554651098936205,0.0,53.88501387383491,0.23951672278011377,8.810396884848688,Water Tank + DSM
2024-01-26 05:00:00,137.79370756279417,80.6,1.9,197.63676690683548,59.84305934404131,35.0024812794866,35.000086384817834,1035.4456464310401,54.92538503094906,,23.917032389734025,81.50808633486201,31.700296785083044,0.0,59.84305934404131,0.2424962780807701,9.780970360183442,Water Tank + DSM
2024-01-26 06:00:00,117.30739679983365,81.8,2.3,168.39952609481986,51.09212929498621,37.96079859880428,37.9596399637804,917.6540945947228,54.923284657323975,,20.37888487583009,69.38997139416887,26.98729397309803,0.0,51.09212929498621,0.2380588021017936,7.926777843580743,Water Tank + DSM
2024-01-26 07:00:00,133.00888634966498,80.7,2.6,77.84988098748255,-55.15900536218243,35.68800358998881,32.43904769907159,413.17159187288576,49.03357726746783,,9.421010848615344,78.67775665265293,0.0,0.0,0.0,0.24146799461501678,9.44133079831835,Water Tank + DSM
2024-01-26 08:00:00,118.88519488992065,83.0,2.8,88.48166638356794,-30.403528506352714,31.840815180573607,29.481690053394537,413.17159187288576,44.756955127418045,,10.707617382705944,70.32327455597824,0.0,0.0,0.0,0.2472387772291396,8.438792946717388,Water Tank + DSM
2024-01-26 09:00:00,100.9746751009878,78.2,3.25,83.09669507904506,-17.877980021942733,30.154349921444584,28.379148553619913,413.17159187288576,41.53887000542895,,10.05595456144165,59.72879808038646,5.351870056805957,0.0,0.0,0.24976847511783312,7.167455769646375,Water Tank + DSM
2024-01-26 10:00:00,95.04513313248191,76.3,3.55,268.88088110126927,173.83574796878736,27.79377447038778,31.604510593510565,1324.229373292099,48.44697262630252,,32.53864573341623,56.22134024908516,27.28199184305864,0.0,168.41947830977233,0.2533093382944183,6.746560829890219,Water Tank + DSM
2024-01-26 11:00:00,102.34726357441333,80.8,4.0,211.04425882995176,108.69699525553843,33.645868464351665,35.48947870601492,1069.189210824109,51.78906935796148,,25.53954131663541,60.540715124880116,28.96189222651504,0.0,103.28072559652338,0.2445311973034725,7.264885814985615,Water Tank + DSM
2024-01-26 12:00:00,113.35288784114418,78.7,4.35,193.74393717114899,80.3910493300048,35.39637021388644,36.288297288695375,1068.8200590272295,53.40595480057424,,23.44594122419182,67.05079014040979,31.493804327083847,0.0,74.97477967098978,0.24190544467917033,8.046094816849175,Water Tank + DSM
2024-01-26 13:00:00,114.33928941240981,77.5,4.6,179.17397277824796,64.83468336583815,36.87060570288125,37.30211442896619,1053.5019683608673,54.18819383924964,,21.682755579354026,67.63426892078098,31.720732124524414,0.0,59.4184137068231,0.23969409144567813,8.11611227049372,Water Tank + DSM
2024-01-26 14:00:00,113.00213964322005,82.3,2.45,169.5319268619527,56.529787218732665,37.84621867577539,38.054979891738384,911.0528380254094,54.5666361812371,,20.515922463772636,66.84331466925906,31.413112529412604,0.0,51.113517559717636,0.2382306719863369,7.681813392967938,Water Tank + DSM
2024-01-26 15:00:00,124.99625574829034,79.1,3.5,182.93439883813457,57.93814308984423,36.490113794889574,36.591111162163585,1025.6183421763496,54.74972421331929,,22.13782390131208,73.93810490528574,34.17243330632257,0.0,52.52187343082919,0.24026482930766563,8.872572588634288,Water Tank + DSM
2024-01-26 16:00:00,111.76722786899155,80.8,3.6,162.21728300285787,50.450055133866314,38.58633768194741,38.6351995749443,918.004620984469,54.838301055212014,,19.630740132390905,66.1128364980125,31.12901341894635,0.0,45.033785474851285,0.2371204934770789,7.304276676978148,Water Tank + DSM
2024-01-26 17:00:00,116.09864181570542,78.9,3.3,70.65411594418926,-45.44452587151616,38.04852055144802,35.287499685218776,413.17159187288576,49.833122300757935,,8.550214648581932,68.67496555430407,0.0,0.0,0.0,0.23792721917282797,7.80895318999445,Water Tank + DSM
2024-01-26 18:00:00,107.57043313542052,80.3,3.1,79.59903368736465,-27.971399448055863,34.27666158086853,32.12650867019744,413.17159187288576,45.9353250044933,,9.632684731124217,63.63033774299703,0.0,0.0,0.0,0.24358500762869723,7.635640529159643,Water Tank + DSM
2024-01-26 19:00:00,99.76161980184433,79.3,3.4,82.65774274473046,-17.103877057113877,31.50814762345406,29.76936407976157,413.17159187288576,42.7832581157813,,10.002834702411064,59.01124850718489,5.84690212877825,0.0,0.0,0.2477377785648189,7.081349820862186,Water Tank + DSM
2024-01-26 20:00:00,88.73984801207243,76.3,4.5,247.57065728716603,158.8308092750936,29.950010915308695,33.40639965930335,1275.9989278972666,49.04899979132425,,29.9597869452908,52.491621867525154,47.03370779121413,0.0,132.21225373140794,0.25007498362703695,6.298994624103018,Water Tank + DSM
2024-01-26 21:00:00,81.41024326570881,77.6,3.7,175.17005919133663,93.75981592562782,37.27573445580869,38.94791365733691,1037.7534520421805,52.080326325469386,,21.19822159085281,48.15599532090097,45.347486773674646,0.0,67.1412603819421,0.23908639831628697,5.6990498355257095,Water Tank + DSM
2024-01-26 22:00:00,91.98392800098144,78.0,3.15,160.32374799869405,68.33981999771261,38.777931595804354,39.58692140833103,976.4907649090419,53.54686309516728,,19.401593811418,54.410568360003374,47.78002850688329,0.0,41.721264454026894,0.23683310260629348,5.948838591402868,Water Tank + DSM
2024-01-26 23:00:00,95.0446825417095,80.4,2.25,164.51874448702836,69.47406194531885,39.80183272299148,40.60466441479613,968.0766250886206,55.00223642333448,,19.90925171564595,56.221073714478976,48.48417406652834,0.0,42.855506401633136,0.2352972509155128,5.801396581407818,Water Tank + DSM
2024-01-27 00:00:00,106.73519464748912,80.0,1.6,152.5296334197378,45.79443877224867,39.56656497936894,39.543522424651854,901.1858502445816,54.960464879073825,,18.458388284674747,74.31221687089972,30.48956992223581,0.0,45.79443877224867,0.2356501525309466,7.77310322434724,Water Tank + DSM
2024-01-27 01:00:00,110.72981078882107,81.9,1.35,158.65178659024454,47.92197580142347,38.94710598622133,38.93595814273443,882.3752393510116,54.94025606788334,,19.1992612404793,77.09338743034871,31.630656782627806,0.0,47.92197580142347,0.236579341020668,8.35055251465957,Water Tank + DSM
2024-01-27 02:00:00,116.31007998370893,82.1,1.15,166.82713532794352,50.51705534423459,38.119898113984036,38.114504857206114,906.1732488929839,54.930479171745965,,20.1886018556751,80.97853680378702,33.22469526603853,0.0,50.51705534423459,0.23782015282902394,9.173298152615954,Water Tank + DSM
2024-01-27 03:00:00,113.3106467024083,81.1,1.65,162.6368081016892,49.326161399280906,38.54388879377287,38.54127956996136,912.9724726645727,54.92574917069941,,19.68150900264765,78.89024214872079,32.36788855800441,0.0,49.326161399280906,0.23718416680934068,8.736042493097864,Water Tank + DSM
2024-01-27 04:00:00,104.43067345867702,80.9,1.8,149.9918150458468,45.561141587169786,39.82334954043734,39.82208721431813,872.3149470244778,54.92346082585191,,18.15127394963695,72.70774068165227,29.83126916065835,0.0,45.561141587169786,0.23526497568934399,7.49325268435959,Water Tank + DSM
2024-01-27 05:00:00,100.73778723226319,80.2,1.35,144.7363573792418,43.99857014697862,40.355113516936406,40.35450281147517,867.7723750541717,54.92235373896344,,17.51528423374406,70.13664346256569,28.776373320659477,0.0,43.99857014697862,0.23446732972459539,7.0044988124250604,Water Tank + DSM
2024-01-27 06:00:00,85.28529814173162,80.5,1.45,122.6617622794971,37.37646413776548,42.588691487592996,42.588396032120215,772.9318463861503,54.92181813726865,,14.843924980838784,59.37816099309274,24.362274033593327,0.0,37.37646413776548,0.23111696276861052,5.1343019818249855,Water Tank + DSM
2024-01-27 07:00:00,86.09041248430681,78.1,1.45,61.62039769128922,-24.47001479301759,42.471723058770664,40.683787986617375,413.17159187288576,51.68064935548159,,7.4569983637993,59.93870554289112,0.12224514283050425,0.0,0.0,0.231292415411844,5.22483668175552,Water Tank + DSM
2024-01-27 08:00:00,74.88478383154084,79.3,2.55,66.49881397293827,-8.385969858602579,40.85107319558803,39.66591596940225,413.17159187288576,49.532196280842555,,8.047360380163425,52.13701361391406,13.005332797320285,0.0,0.0,0.23372339020661795,5.051740899910372,Water Tank + DSM
2024-01-27 09:00:00,85.77933965558935,76.5,3.5,68.096880811751,-17.682458843838347,37.12708746948059,35.54175040429589,413.17159187288576,46.65829717549182,,8.240750592637713,59.722127388078725,6.820941210380148,0.0,0.0,0.2393093687957791,7.121115682318956,Water Tank + DSM
2024-01-27 10:00:00,78.55064627198274,78.8,3.2,194.71043598480958,116.15978971282684,35.29857677989122,37.65152366084953,1069.267924910556,50.92371939050585,,23.5629021712501,54.68929606950625,26.048367805062913,0.0,112.54990089172266,0.24205213483016316,6.56271552834075,Water Tank + DSM
2024-01-27 11:00:00,66.96994444233677,77.1,3.4,136.00322529824444,69.03328085590768,41.23875968769564,42.377100634869294,905.9926565306666,52.9873039123787,,16.458443413516015,46.6264670399241,22.740268547365424,0.0,65.4233920348035,0.23314186046845653,4.409345711579893,Water Tank + DSM
2024-01-27 12:00:00,81.05446898129385,73.3,4.5,135.73905370398208,54.68458472268823,41.265489412555894,41.81621162498614,1012.2493343134016,53.98565316463419,,16.426474662583153,56.43253190465061,26.763600281291115,0.0,51.07469590158406,0.23310176588116616,5.327629624380013,Water Tank + DSM
2024-01-27 13:00:00,81.55274608749825,80.0,5.1,126.58446837046012,45.031722282961866,42.19177956823295,42.45821552137781,799.8249759924239,54.468648272861955,,15.318631636393391,56.77944724499693,26.90593622512335,0.0,41.421833461857695,0.23171233064765057,5.044815424786817,Water Tank + DSM
2024-01-27 14:00:00,107.99703447514898,75.9,4.95,159.60660951758882,51.60957504243984,38.85049395566052,38.97939399914155,1029.1276006009152,54.70231827766728,,19.31480922903003,75.19074728665517,34.4599111113069,0.0,47.999686221335665,0.23672425906650923,8.188049534145302,Water Tank + DSM
2024-01-27 15:00:00,82.06500374292663,77.2,6.15,120.23376730731434,38.1687635643877,42.834363766437875,42.89672479922376,835.8009153770969,54.81536636079604,,14.550100935340305,57.13609625950144,27.05226579949634,0.0,34.558874743283525,0.2307484543503432,4.856214932507322,Water Tank + DSM
2024-01-27 16:00:00,106.64564620863347,74.0,5.95,154.24849480525714,47.60284859662367,39.39264509961755,39.42281497625298,1064.7638651508294,54.8700583145611,,18.66639646085741,74.24987058455368,34.073878676737465,0.0,43.992959775519495,0.23591103235057367,7.844062936138221,Water Tank + DSM
2024-01-27 17:00:00,91.3243021864083,83.6,1.7,72.53146563273896,-18.792836553669346,41.66305636872276,39.97376247570254,413.17159187288576,51.80770626688488,,8.777402302026324,63.58269521195465,7.2945164165291345,0.0,0.0,0.23250541544691586,5.850985274342576,Water Tank + DSM
2024-01-27 18:00:00,101.06866315756778,76.8,3.1,68.50432260582032,-32.56434055174746,37.19150883609919,34.988218019839394,413.17159187288576,47.813580572902644,,8.29005720060444,70.36700912217592,0.0,0.0,0.0,0.23921273674585122,8.363185670560497,Water Tank + DSM
2024-01-27 19:00:00,72.00127090846128,77.4,4.35,69.17970798587159,-2.821562922589692,37.40100799118293,36.4139968549134,413.17159187288576,46.02432673926083,,8.371789027445415,50.12942615976993,17.746046394127994,0.0,0.0,0.2388984880132256,5.894917336271497,Water Tank + DSM
2024-01-27 20:00:00,104.41050851772788,76.1,3.7,78.13207264219854,-26.27843587552934,30.92484329240204,28.864927189304137,413.17159187288576,42.290110731953256,,9.455160298900251,72.69370125004818,3.547073044759589,0.0,0.0,0.24861273506139694,8.723244150005781,Water Tank + DSM
2024-01-27 21:00:00,104.1120963688511,83.3,3.1,274.41531677542366,170.30322040657256,27.23378260888586,30.830598187185373,1169.2513168079563,48.810418179242,,33.20839599977252,72.48593783707571,63.7512480333603,0.0,136.29223801354212,0.25414932608667123,8.698312540449084,Water Tank + DSM
2024-01-27 22:00:00,124.52394533170978,78.6,2.95,239.14842080414476,114.62447547243498,30.802199677418947,32.54231650085643,1195.254487101787,51.9649020375376,,28.94056918580694,86.69727414347075,69.58201920729783,0.0,80.61349307940456,0.2487967004838716,10.403672897216492,Water Tank + DSM
2024-01-27 23:00:00,110.36338850225619,81.5,2.15,216.82644644056802,106.46305793831183,36.004533857297204,37.682637255253084,1138.5311284167126,55.00696795524173,,26.23927330745379,76.83827333686277,65.53696837832484,0.0,72.45207554528142,0.2409931992140542,9.220592800423532,Water Tank + DSM
2024-01-28 00:00:00,117.77176849569406,81.9,1.35,168.25694203784775,50.48517354215369,37.97522570866431,37.95083582033273,915.0908841912294,54.962753964542145,,20.36163005243749,90.08894587609772,20.920743640103954,0.0,50.48517354215368,0.23803716143700354,10.283531168622698,Water Tank + DSM
2024-01-28 01:00:00,118.43650076029307,81.8,0.8,169.64398320766867,51.2074824473756,37.83488045715202,37.82308078211068,921.7878484387351,54.941363513079494,,20.529482973246196,90.59742961352029,21.03882536269853,0.0,51.20748244737559,0.238247679314272,10.417863412907233,Water Tank + DSM
2024-01-28 02:00:00,123.8606524567762,82.7,0.85,177.6078785661382,53.747226109362,37.029068112557866,37.02335950376112,929.0158630155236,54.93101494678779,,21.493234537380793,94.74660827365119,22.00236092437524,0.0,53.747226109361996,0.2394563978311632,11.353068362395495,Water Tank + DSM
2024-01-28 03:00:00,124.13024290443524,82.2,2.3,178.09546742117243,53.965224516737194,36.97973231634411,36.97697052720329,940.8502699235029,54.92600837530512,,21.552240149652445,94.95283018538852,22.050250437416747,0.0,53.965224516737194,0.23953040152548383,11.394339622246621,Water Tank + DSM
2024-01-28 04:00:00,117.71339441775795,80.0,3.05,168.97363938441913,51.260244966661176,37.90270798420791,37.90137184793899,958.882900690472,54.92358622741484,,20.448361250887345,90.04429290692755,20.910374184543183,0.0,51.260244966661176,0.23814593802368814,10.317612935994672,Water Tank + DSM
2024-01-28 05:00:00,112.11026036942087,80.3,2.15,160.98927418434607,48.8790138149252,38.710591532693314,38.70994511834449,924.7300592196904,54.92241440745329,,19.482132526898805,85.75820256061833,19.915044552461758,0.0,48.8790138149252,0.23693411270096004,9.410800776319046,Water Tank + DSM
2024-01-28 06:00:00,126.77907597269147,81.6,1.65,181.966323164316,55.187247191624536,36.588066780627216,36.5877540494185,965.7486948285086,54.92184748830361,,22.02067213036985,96.97904225615045,22.52078389610761,0.0,55.187247191624536,0.24011789982905918,11.637485070738053,Water Tank + DSM
2024-01-28 07:00:00,123.43406271095088,84.3,1.5,81.68384711577191,-41.75021559517897,37.0712440084242,34.32584760662816,413.17159187288576,49.944992763699275,,9.884978629036814,94.420290506551,0.0,0.0,0.0,0.2393931339873637,11.290073580952532,Water Tank + DSM
2024-01-28 08:00:00,97.12325454247627,80.2,1.5,76.6195529182476,-20.50370162422867,35.89936656104388,34.092689814965844,413.17159187288576,46.669849074551486,,9.272122578773518,74.29396478925688,0.0,0.0,0.0,0.24115095015843419,8.915275774710825,Water Tank + DSM
2024-01-28 09:00:00,70.59945045784636,74.4,4.0,183.23198699734436,112.632536539498,36.46000287535805,38.80966028004951,1153.7315619926985,50.9293081268363,,22.173836561071774,54.00470887394123,15.153104175725609,0.0,110.02057887983939,0.24030999568696293,6.480565064872948,Water Tank + DSM
2024-01-28 10:00:00,58.1073187717689,78.8,1.7,123.28104558915251,65.17372681738361,42.52603042623302,43.66277994541498,811.8989892480434,52.990007707971955,,14.918867610225309,44.44891303493026,12.934026650941718,0.0,62.561769157725,0.23121095436065048,3.8601132891275696,Water Tank + DSM
2024-01-28 11:00:00,64.50921850276687,75.2,4.45,112.06496149198915,47.55574298922228,43.66090960491139,44.21086189445808,848.8314424581732,53.98696124398843,,13.561552112525986,49.34601533488568,14.071247436471111,0.0,44.943785329563674,0.2295086355926329,3.949385755136813,Water Tank + DSM
2024-01-28 12:00:00,57.71744043097327,74.9,4.85,92.50482738632606,34.78738695535279,45.64006638872043,45.90612985800197,755.251917690339,54.4692811134514,,11.194480599090369,44.15067747991706,12.864769434863547,0.0,32.17542929569418,0.22653990041691935,3.0092925903892436,Water Tank + DSM
2024-01-28 13:00:00,62.1272141242064,74.2,5.4,94.04071703995137,31.913502915744978,45.48466017265187,45.6133800107754,782.352991679205,54.702624441976305,,11.380346433508365,47.52391258243692,13.648112897608423,0.0,29.30154525608637,0.22677300974102219,3.2835240198716797,Water Tank + DSM
2024-01-28 14:00:00,63.82365262203566,74.4,6.3,94.15921189999818,30.335559277962524,45.472670484603654,45.534944335167566,777.5982027314752,54.81551448116901,,11.394686100414031,48.821595023357865,13.949464871579902,0.0,27.723601618303913,0.22679099427309451,3.3766956798088823,Water Tank + DSM
2024-01-28 15:00:00,66.59766684859866,71.8,8.55,97.0082841311887,30.41061728259004,45.18439226506476,45.214519963487795,870.7093572274306,54.870129974268764,,11.739466850982556,50.94356381696986,14.4422352632383,0.0,27.798659622931428,0.22722341160240286,3.6115750000857374,Water Tank + DSM
2024-01-28 16:00:00,56.234001261247855,72.0,8.45,81.65620206512742,25.422200803879562,46.73776491591184,46.75234050749729,772.1793444433133,54.89655260737138,,9.881633160569441,43.01592784697117,12.601254239567414,0.0,22.810243144220955,0.22489335262613225,2.648637383554754,Water Tank + DSM
2024-01-28 17:00:00,64.12391043129125,70.5,8.3,43.02536901351252,-21.098541417778733,45.62317641324299,44.20319962329209,413.17159187288576,52.32241861663975,,5.206719176708243,49.05127578533005,0.0,0.0,0.0,0.2265652353801355,3.348286267890396,Water Tank + DSM
2024-01-28 18:00:00,68.56450554269432,74.1,7.85,54.81443721186934,-13.75006833082498,42.406859051021996,41.145063492953696,413.17159187288576,50.03503557040688,,6.633374400621095,52.448087582917026,0.0,0.0,0.0,0.231389711423467,4.592294007611107,Water Tank + DSM
2024-01-28 19:00:00,90.09086797222102,73.7,7.55,63.46289774077374,-26.62797023144728,37.00640857709307,35.11040417395206,413.17159187288576,46.59795870038913,,7.679968684814422,68.91457462470579,0.0,0.0,0.0,0.23949038713436038,8.267099088778785,Water Tank + DSM
2024-01-28 20:00:00,89.13409167015008,75.5,7.55,72.28130379433658,-16.852787875813505,33.70769735762679,32.10680811787029,413.17159187288576,43.695866612252736,,8.747128943048713,68.18269321039256,0.0,0.0,0.0,0.24443845396355982,8.181923185247106,Water Tank + DSM
2024-01-28 21:00:00,79.63055013577244,74.0,7.7,225.531785494892,145.90123535911957,32.17997428772486,35.37649199453715,1288.3214529107963,49.49051405952947,,27.292750751881073,60.91300498325943,38.70920575027052,0.0,121.33744278035839,0.24673003856841272,7.309560597991131,Water Tank + DSM
2024-01-28 22:00:00,73.96926276176208,70.9,8.45,160.171491813752,86.20222905198992,38.79333736243546,40.33979258566089,1191.7655626272128,52.29392815997179,,19.383168514527195,56.58243053115802,37.70354587662296,0.0,61.63843647322875,0.2368099939563468,6.181063343365355,Water Tank + DSM
2024-01-28 23:00:00,64.0105492642676,72.9,9.15,144.00698604673576,79.99643678246817,43.03694586229396,44.52599410944583,1151.9937302902288,54.99327489152337,,17.42701929166517,48.964560707761876,35.93449973995103,0.0,55.43264420370703,0.23044458120655906,4.102168871948838,Water Tank + DSM
2024-01-29 00:00:00,71.33208542238604,69.7,10.2,102.0181546486352,30.68606922624916,44.67747757996868,44.656986878072914,973.9735264633084,54.95612934617567,,12.345736814357458,62.43086786835532,20.27867032870927,0.0,30.68606922624916,0.22798378363004698,4.615834614058928,Water Tank + DSM
2024-01-29 01:00:00,67.48562786708725,71.2,9.75,96.88770045959376,29.402072592506514,45.19659330573066,45.18668003263768,890.1007685584123,54.93815856425257,,11.724874406346133,59.064392852601266,19.185178609864913,0.0,29.402072592506514,0.227205110041404,4.182966299936088,Water Tank + DSM
2024-01-29 02:00:00,67.50435783832602,72.7,8.55,97.0920767480239,29.587718909697884,45.17591386071708,45.17111788135454,842.6974081274619,54.929464412641515,,11.74960702258237,59.080785593016216,19.190503267202047,0.0,29.587718909697884,0.2272361292089244,4.191457788169974,Water Tank + DSM
2024-01-29 03:00:00,68.22107319264713,71.3,8.45,98.20237011252087,29.981296919873742,45.06357083523005,45.06125057048697,894.1657265404599,54.92525823660759,,11.883969281064864,59.70806518704306,19.394254977301927,0.0,29.981296919873742,0.2274046437471549,4.276206544023636,Water Tank + DSM
2024-01-29 04:00:00,70.20283133793869,74.4,6.5,101.07637637635443,30.87354503841574,44.772769710705596,44.7716471811718,815.0033365189636,54.92322331501663,,12.231767425996107,61.44252843991337,19.957639881327037,0.0,30.87354503841574,0.22784084543394162,4.50763166874805,Water Tank + DSM
2024-01-29 05:00:00,74.35462550361032,76.9,4.3,107.03045731037807,32.67583180676775,44.1703168027519,44.16977373000211,781.2074124396493,54.92223883271064,,12.952301103908727,65.07623845187818,21.137934340121753,0.0,32.67583180676775,0.22874452479587215,5.009445138037034,Water Tank + DSM
2024-01-29 06:00:00,58.197856581966064,76.4,3.75,83.94805552313707,25.750198941171007,46.50586786988889,46.5056051346978,670.8500667817158,54.92176254634404,,10.158982027612888,50.93560174184911,16.544800849083547,0.0,25.750198941171007,0.22524119819516666,3.207149608834093,Water Tank + DSM
2024-01-29 07:00:00,52.75247859400657,72.4,5.05,43.423669570114505,-9.328809023892063,47.2928831488672,46.351502242057606,413.17159187288576,53.21522719478514,,5.254919556942097,46.16972854963117,5.667950374010438,0.0,0.0,0.2240606752766992,2.6890497000981113,Water Tank + DSM
2024-01-29 08:00:00,60.1762179626491,75.6,4.55,53.76652248761004,-6.409695475039058,44.51275251171902,43.564839613435005,413.17159187288576,51.49685064877815,,6.506560899297208,52.667092097443266,10.697524627489322,0.0,0.0,0.22823087123242147,3.946002081053168,Water Tank + DSM
2024-01-29 09:00:00,88.88638062154295,77.3,4.45,66.8597003663716,-22.026680255171357,38.64241241358561,36.892535774663926,413.17159187288576,48.324674196519844,,8.091033081836532,77.79463969152896,3.2424198792650145,0.0,0.0,0.23703638137962157,8.568731471344751,Water Tank + DSM
2024-01-29 10:00:00,100.93872410979914,78.5,4.7,210.23978100752106,109.30105689772192,33.72726809745677,35.60570358994369,1121.7654943307323,51.72990214448833,,25.442187355441703,88.34302418588186,31.39291860233418,0.0,106.60354370100032,0.24440909785381484,10.601162902305823,Water Tank + DSM
2024-01-29 11:00:00,94.94890817892414,77.7,4.9,168.0247234488153,73.07581526989117,37.998722326495624,38.90749763928603,1011.0426625852382,53.3773300736959,,20.333528097511234,83.10065106974595,29.690101393603797,0.0,70.37830207316956,0.23800191651025657,9.474111274951447,Water Tank + DSM
2024-01-29 12:00:00,77.74566968790434,75.4,5.25,127.1552843788605,49.40961469095616,42.13402258306968,42.57368238104545,913.1348144560209,54.17434537587336,,15.387708990648665,68.04412913041114,24.799471884038518,0.0,46.71210149423456,0.2317989661253955,6.069254922044294,Water Tank + DSM
2024-01-29 13:00:00,67.04119637242057,74.3,5.55,103.97891621990264,36.93771984748207,44.47908146753699,44.6917861209706,832.9617256118115,54.55993638149057,,12.583018564825759,58.675420011617106,21.75634642202816,0.0,34.24020665076047,0.2282813777986945,4.408020922941045,Water Tank + DSM
2024-01-29 14:00:00,59.90099145225679,74.7,5.9,89.96292684936247,30.061935397105685,45.8972639960744,46.00016917366994,746.1576714950126,54.746482892212114,,10.88687226069502,52.426209894120234,19.72649042107086,0.0,27.36442220038408,0.2261541040058884,3.4924462088448553,Water Tank + DSM
2024-01-29 15:00:00,47.61964534343428,73.5,5.75,70.56610889417662,22.946463550742344,47.85989593064792,47.90968081031569,657.4718499008508,54.83673292438461,,8.539564466945084,41.67739901013597,16.235083048653994,0.0,20.248950354020742,0.2232101561040281,2.285614585755324,Water Tank + DSM
2024-01-29 16:00:00,38.45215130868012,71.9,5.5,56.57148171843217,18.119330409752045,49.27591696415065,49.300002576764584,597.3479035432947,54.880395324049104,,6.846003310875819,33.653876280095936,13.628898353921288,0.0,15.421817213030444,0.22108612455377402,1.5596720091939706,Water Tank + DSM
2024-01-29 17:00:00,62.20678655015654,73.9,4.75,48.454226913348236,-13.7525596368083,45.88426689664197,44.699107187164216,413.17159187288576,52.73193774769823,,5.863692938532838,54.444274951886,3.93192146576051,0.0,0.0,0.22617359965503706,3.631128176226034,Water Tank + DSM
2024-01-29 18:00:00,100.84514750956208,79.6,4.25,71.6926266965881,-29.152520812973975,38.14806437006667,36.04497271433417,413.17159187288576,48.91945309657065,,8.675890127345045,88.26112459847494,0.0,0.0,0.0,0.2377779034449,9.983358237335848,Water Tank + DSM
2024-01-29 19:00:00,123.06643701823803,81.3,3.65,86.78464679838801,-36.28179021985002,31.122014361701698,28.542412892628686,413.17159187288576,44.24315143370204,,10.502252394095834,107.7095170149575,0.0,0.0,0.0,0.24831697845744746,12.9251420417949,Water Tank + DSM
2024-01-29 20:00:00,113.4606878685287,79.2,3.75,88.83786879976586,-24.622819068762837,27.834862625787874,25.71207973918464,413.17159187288576,40.394970518338006,,10.750723252422599,99.30242710035547,7.632397793751743,0.0,0.0,0.2532477060613182,11.916291252042656,Water Tank + DSM
2024-01-29 21:00:00,88.58731114615054,78.7,3.1,270.95624363190086,182.36893248575032,27.583782667204098,31.720251398879263,1266.3134826691771,47.89356122711434,,32.7897959300239,77.53288978205802,65.48833408758003,0.0,142.06467744762153,0.2536243259991939,9.303946773846961,Water Tank + DSM
2024-01-29 22:00:00,83.00137106217278,77.4,2.35,188.86345926962022,105.86208820744744,35.89019254122131,37.891390176440126,1086.9210436894862,51.521332393125284,,22.855329720699313,72.6439946202474,63.90033288492123,0.0,65.55783316931868,0.24116471118816804,8.717279354429687,Water Tank + DSM
2024-01-29 23:00:00,90.27350425840754,78.9,2.8,196.417613852348,106.14410959394047,38.466293177332915,40.38340742389791,1160.4799702973867,54.99667718828186,,23.769496465378584,79.00867026384961,65.96769416841215,0.0,65.83985455581171,0.23730056023400062,8.78594118671378,Water Tank + DSM
2024-01-30 00:00:00,110.48233157583628,80.7,2.5,157.9401872736191,47.45785569778282,39.01910787574034,38.99764834833962,905.2247481850185,54.957775356013784,,19.11314698061456,53.63937693111511,34.49136159895211,4.708865105710772,47.45785569778282,0.2364713381863895,5.786903101265299,Water Tank + DSM
2024-01-30 01:00:00,122.53499495352075,81.8,1.95,175.55097757457906,53.01598262105831,37.237191918308724,37.226809933511305,941.0906932321727,54.93895489349116,,21.24431846570277,59.49096735936111,38.25406976106953,5.2225614153428666,53.01598262105831,0.23914421212253692,7.054251423103282,Water Tank + DSM
2024-01-30 02:00:00,130.4927796302472,82.9,0.95,187.11067940361104,56.61789977336383,36.067544401060125,36.062521661913934,954.4483283577244,54.92984967173385,,22.643216896332092,63.35448658205771,40.738402096354925,5.561729986901079,56.61789977336383,0.2408986833984098,7.602538389846925,Water Tank + DSM
2024-01-30 03:00:00,144.80479379929955,83.2,1.4,207.65617472020213,62.851380920902585,33.98868562571179,33.98625565600726,1008.0467200041273,54.925444622540745,,25.12953199164871,70.30299601073779,45.206454579255954,6.171722038587904,62.851380920902585,0.24401697156143232,8.436359521288534,Water Tank + DSM
2024-01-30 04:00:00,139.50775321477738,86.1,0.15,200.12889206156075,60.62113884678337,34.75032010413722,34.74914450003098,931.0496183876577,54.923313487362364,,24.21861715545189,67.73127298063892,43.5527771124687,5.9459569844274665,60.62113884678337,0.24287451984379418,8.12775275767667,Water Tank + DSM
2024-01-30 05:00:00,160.2665906623838,83.1,-0.6,229.81961193659265,69.55302127420885,31.74611832620409,31.745549576308953,1069.0907867675396,54.92228245752606,,27.81164248185991,77.80972707028307,50.03345649863635,6.830718954037593,69.55302127420885,0.24738082251069388,9.33716724843397,Water Tank + DSM
2024-01-30 06:00:00,131.41082330081042,89.5,-1.2,188.58757202892383,57.17674872811341,35.91810769257155,35.917832534938555,840.805992055444,54.92178365175622,,22.821943199684423,63.80019848713968,41.02500517354732,5.600857906670461,57.17674872811341,0.24112283846114269,7.65602381845676,Water Tank + DSM
2024-01-30 07:00:00,132.52161065821713,81.9,-1.8,79.80604341766508,-52.71556724055205,35.75697069478204,32.584261864279625,413.17159187288576,49.17029693655912,,9.65773603358212,64.33948780973475,0.0,0.0,0.0,0.24136454395782694,7.720738537168169,Water Tank + DSM
2024-01-30 08:00:00,113.99174843024177,84.5,-2.15,89.61556278475898,-24.376185645482792,32.68520800311444,30.559616521232687,413.17159187288576,45.31702459954386,,10.844835964948148,55.343205324098044,16.06921695592002,0.0,0.0,0.24597218799532833,6.641184638891765,Water Tank + DSM
2024-01-30 09:00:00,140.21582349594902,86.8,-2.6,106.81702317298495,-33.39880032296408,25.039501427580014,25.0,413.17159187288576,40.41179849884251,,12.926472351207503,68.07504241565863,16.35116413039601,0.0,0.0,0.25744074785862997,8.169005089879034,Water Tank + DSM
2024-01-30 10:00:00,146.37359765213398,88.2,-3.2,296.4919343279828,150.1183366758488,25.0,25.0,1120.7186036335054,47.901702498564845,,35.879999999999995,71.06465319150983,52.00423143897465,7.415927156447613,142.63298186036144,0.2575,8.52775838298118,Water Tank + DSM
2024-01-30 11:00:00,137.09077841259705,86.0,-2.5,266.09051671275427,128.99973830015722,28.07611244307221,30.074991799791515,1097.4189899874627,51.52527108920431,,32.20096951808564,66.55782723055381,49.10623797267271,7.020284314952436,121.51438348466985,0.25288583133539166,7.9869392676664575,Water Tank + DSM
2024-01-30 12:00:00,144.27020078388998,84.1,-1.45,240.53977500324712,96.26957421935714,30.66141801984139,31.62846331892055,1075.3076884096959,53.27833085226075,,29.108944048269702,70.04345011005582,51.347574207597255,7.326278323235428,88.78421940386978,0.2490078729702379,8.405214013206699,Water Tank + DSM
2024-01-30 13:00:00,134.7167365896244,87.7,-0.7,209.55984253223167,74.84310594260728,33.79606644202191,34.26391689399016,928.7276619558421,54.1264501733042,,25.359904535341794,65.40522552151717,48.365088380703966,6.919100328877519,67.35775112711993,0.24430590033696714,7.84862706258206,Water Tank + DSM
2024-01-30 14:00:00,127.29422784403371,82.3,-0.2,190.5691720406269,63.2749441965932,35.717603080242604,35.943946195312115,977.308309854815,54.53676498280797,,23.061746716029845,61.801583756354475,46.04786326910481,6.60274574140256,55.78958938110584,0.2414235953796361,7.416190050762537,Water Tank + DSM
2024-01-30 15:00:00,121.51144631483417,81.7,-0.4,178.24893894345556,56.73749262862138,36.96420357800278,37.07370695781962,951.8588582463229,54.73527271482259,,21.570812520708674,58.99403259653748,44.242542853374324,6.356277932763807,49.25213781313402,0.23955369463299583,7.079283911584497,Water Tank + DSM
2024-01-30 16:00:00,141.56499456262313,86.2,-0.2,204.9486943342405,63.38369977161739,34.26263713054091,34.31561417907021,942.6837861879761,54.831309510855476,,24.801885991873082,68.73006747131843,50.50303875431166,7.210979786379952,55.89834495613002,0.24360604430418864,8.247608096558213,Water Tank + DSM
2024-01-30 17:00:00,165.997850953276,88.6,-3.05,99.9234754075561,-66.07437554571989,30.825279483163897,26.85560444243822,413.17159187288576,47.63508241277417,,12.092249004173796,80.59226457332699,0.0,0.0,0.0,0.24876208077525416,9.671071748799239,Water Tank + DSM
2024-01-30 18:00:00,160.23724845053124,88.4,-2.6,109.65260037896566,-50.58464807156558,25.0,25.0,413.17159187288576,41.66067109070184,,13.269620000000002,77.79548137199716,6.269116473407266,0.0,0.0,0.2575,9.33545776463966,Water Tank + DSM
2024-01-30 19:00:00,142.19536561967075,87.0,-2.75,107.23124958195379,-34.96411603771696,25.0,25.0,413.17159187288576,38.64411936969085,,12.976600000000001,69.03611378888944,15.48820958882363,0.0,0.0,0.2575,8.284333654666732,Water Tank + DSM
2024-01-30 20:00:00,136.4005200694888,85.3,-3.45,104.29103789986793,-32.109482169620875,25.0,25.0,413.17159187288576,37.03152536571744,,12.62079,66.22270552450604,16.286774798287954,0.0,0.0,0.2575,7.946724662940723,Water Tank + DSM
2024-01-30 21:00:00,124.87436292973536,88.0,-3.6,296.4919343279828,171.61757139824743,25.000000000000007,25.0,1124.2764404704374,46.266347552302726,,35.879999999999995,60.626734851474744,103.96224013612039,16.662226466425555,95.29976692552742,0.2575,7.275208182176969,Water Tank + DSM
2024-01-30 22:00:00,139.59273516486581,85.6,-3.85,285.8287675422804,146.23603237741457,26.078933240784895,28.543490254122208,1147.191727201543,50.734096620473856,,34.58959584402127,67.77253187505323,108.55715311151681,17.289537896609257,69.91822790469459,0.25588160013882266,8.132703825006388,Water Tank + DSM
2024-01-30 23:00:00,145.54860051945545,88.4,-3.7,290.4386574982381,144.89005697878267,29.6853658417723,32.034714921930274,1181.7043587318688,54.99299674203004,,35.14746212120908,70.66411555317751,110.41650838262464,17.54338270729093,68.57225250606274,0.25047195123734156,8.479693866381302,Water Tank + DSM
2024-01-31 00:00:00,167.4631483439765,89.4,-3.95,239.4166388644537,71.95349052047717,30.77506051821213,30.754649021142534,975.602036284914,54.95599477919489,,28.973027620218307,96.58261630211102,42.378602544160884,0.0,71.95349052047717,0.2488374092226818,11.589913956253321,Water Tank + DSM
2024-01-31 01:00:00,163.2413302347219,89.8,-3.7,233.74827995360158,70.5069497188797,31.34860316014264,31.338728205847918,955.3319569188982,54.93809346159106,,28.287070620469404,94.14772693943226,41.31021971823703,0.0,70.5069497188797,0.24797709525978603,11.297727232731871,Water Tank + DSM
2024-01-31 02:00:00,162.86746412776728,87.2,-3.25,233.39085008793873,70.52338596017145,31.384769054483712,31.37999161351547,998.9226849187634,54.929432916382105,,28.24381621083748,93.93210357922771,41.21560831681504,0.0,70.52338596017145,0.24792284641827445,11.271852429507327,Water Tank + DSM
2024-01-31 03:00:00,143.2716097353106,89.1,-3.55,205.4689836208424,62.19737388553182,34.20999260031638,34.20768130433225,894.2393144091773,54.92524299891478,,24.86484885002161,82.63039986342774,36.25663714600317,0.0,62.19737388553182,0.24368501109952542,9.91564798361133,Water Tank + DSM
2024-01-31 04:00:00,149.51588031693248,85.3,-2.85,214.43504343760762,64.91916312067514,33.302778057996306,33.30165986749181,985.1818335323413,54.92321594311639,,25.949877442636428,86.23171750038378,37.836826362398426,0.0,64.91916312067514,0.24504583291300555,10.347806100046054,Water Tank + DSM
2024-01-31 05:00:00,143.52946056734672,87.7,-2.25,205.8989607794715,62.36950021212479,34.16648613937973,34.16594516582513,918.8173341293237,54.9222352662315,,24.916882577301845,82.77911262931084,36.32188945992775,0.0,62.36950021212479,0.24375027079093042,9.9334935155173,Water Tank + DSM
2024-01-31 06:00:00,137.11785119628902,86.4,-1.7,196.7448325953668,59.62698139907778,35.09273003922002,35.0924683196064,916.0627084428102,54.921760820903806,,23.809094873092864,79.08128409875009,34.69935311153451,0.0,59.62698139907778,0.24236090494116996,9.48975409185001,Water Tank + DSM
2024-01-31 07:00:00,126.83188145944447,81.9,-0.25,78.38297066580176,-48.44891079364271,36.57977664882525,33.599910266997334,413.17159187288576,49.519858905614655,,9.485522747400877,73.14895881875354,0.0,0.0,0.0,0.24013033502676212,8.777875058250425,Water Tank + DSM
2024-01-31 08:00:00,126.67822001467398,83.8,0.1,90.97344124325994,-35.70477877141404,31.200096715544152,28.592109421051003,413.17159187288576,44.79209941710688,,11.00915975743661,73.0603361903875,0.0,0.0,0.0,0.24819985492668378,8.7672403428465,Water Tank + DSM
2024-01-31 09:00:00,135.08569386421357,85.3,-0.35,103.84745042366623,-31.238243440547336,25.256477693132602,25.0,413.17159187288576,40.11484532771196,,12.567109218827346,77.90925864831358,2.946847346799089,0.0,0.0,0.2571152834603011,9.349111037797629,Water Tank + DSM
2024-01-31 10:00:00,118.31472428499232,83.9,-0.55,296.49193432798285,178.1772100429905,25.0,27.220818859429848,1202.5367699429123,47.758038416376436,,35.88,68.23677765233234,36.75471151076004,0.0,171.36348987975174,0.2575,8.188413318279881,Water Tank + DSM
2024-01-31 11:00:00,102.50600695844703,78.8,2.05,218.07992471203588,115.57391775358884,32.933977340092504,34.97376595219188,1135.8615101702128,51.455767307067674,,26.390963101249376,59.1192655616003,32.75412179929382,0.0,108.76019759035007,0.24559903398986124,7.094311867392036,Water Tank + DSM
2024-01-31 12:00:00,93.89229418473626,79.6,2.7,169.22384562574427,75.33155144100802,37.87739131832029,38.86422825863637,968.9266062643363,53.24470535827707,,20.478639983288932,54.151396964916145,30.574316190260063,0.0,68.51783127776925,0.23818391302251957,6.213095842358338,Water Tank + DSM
2024-01-31 13:00:00,86.34282999049186,77.9,4.45,140.7535513410125,54.41072135052063,40.75810654073551,41.23553206463339,905.3074564751103,54.110182370158995,,17.03330457728033,49.79732258634581,28.663831730406876,0.0,47.597001187281855,0.23386284018889675,4.852816848024322,Water Tank + DSM
2024-01-31 14:00:00,70.94267828319353,74.6,5.15,110.18925314800452,39.246574864810995,43.85069976040779,44.08167523523761,856.0611307514241,54.52889472165135,,13.334563086552281,40.91544643598741,24.766634557314017,0.0,32.43285470157221,0.2292239503593883,3.2280569377425086,Water Tank + DSM
2024-01-31 15:00:00,68.47946055674383,74.7,4.85,102.53052744809314,34.05106689134931,44.62563406517433,44.73737855159666,814.436985448068,54.73146513182439,,12.407741658051501,39.49481141929953,24.143287116153246,0.0,27.23734672811053,0.2280615489022385,2.9323394941760634,Water Tank + DSM
2024-01-31 16:00:00,82.07394129160379,76.6,5.4,119.9584810982575,37.884539806653706,42.86221810348898,42.916279385341454,849.405771906333,54.82946742607587,,14.516787148227186,47.3352857542528,27.583537114759007,0.0,31.070819643414936,0.23070667284476654,4.015295676015907,Water Tank + DSM
2024-01-31 17:00:00,109.45992845645877,77.0,5.45,65.72280340239568,-43.737125054063085,38.99975448542853,36.36972814863697,413.17159187288576,50.06175556066658,,7.953451386199808,63.12986692959749,0.0,0.0,0.0,0.2365003682718572,6.818118624209885,Water Tank + DSM
2024-01-31 18:00:00,114.08563897009664,80.2,4.8,80.66023058481386,-33.42540838528278,33.56308850493822,31.175623761996068,413.17159187288576,45.73375936384605,,9.761105575916432,65.79769700493834,0.0,0.0,0.0,0.24465536724259268,7.895723640592601,Water Tank + DSM
2024-01-31 19:00:00,99.1960190820335,78.8,3.95,82.00012192110205,-17.19589716093145,31.388377185488586,29.654064105483528,413.17159187288576,42.58979653191418,,9.923252655077238,57.210264732500654,7.9068714673385365,0.0,0.0,0.24791743422176712,6.865231767900078,Water Tank + DSM
2024-01-31 20:00:00,101.81592224427759,75.1,4.3,81.69372434041217,-20.122197903865413,27.865533099243503,26.016916014660953,413.17159187288576,39.23862339517877,,9.886173922328334,58.721266432695366,5.643569335829675,0.0,0.0,0.25320170035113476,7.046551971923443,Water Tank + DSM
2024-01-31 21:00:00,104.58342892040044,82.0,3.3,296.4919343279828,191.90850540758237,25.0,28.579878686284715,1242.6213289410096,47.33412773964758,,35.879999999999995,60.31739691308304,73.6611461929553,0.0,144.71347794433964,0.2575,7.238087629569964,Water Tank + DSM
2024-01-31 22:00:00,95.95802003123184,79.1,4.2,212.91072277705183,116.95270274581999,33.45701368643026,35.61751354290239,1114.3567773368484,51.25068197974061,,25.765411631029423,55.342782704348366,71.47838073852753,0.0,69.75767528257724,0.24481447947035462,6.641133924521803,Water Tank + DSM
2024-01-31 23:00:00,69.5642506236838,72.7,5.05,172.20814421872734,102.64389359504354,41.190542768685006,43.26275060796867,1305.6102181891752,55.00718044697624,,20.83978516505898,40.12045272510132,64.7991138405518,0.0,55.44886613180084,0.23321418584697248,3.8056954887509065,Water Tank + DSM
2024-02-01 00:00:00,61.09724479254327,76.8,3.25,87.2525351459537,26.15529035341043,46.17151007729263,46.14705968059663,680.5393548674738,54.96285676671088,,10.558873947558014,41.94351179189142,26.912205579717202,4.154601028985547,26.15529035341043,0.22574273488406105,2.7251093685687238,Water Tank + DSM
2024-02-01 01:00:00,91.52788885486365,79.1,2.2,131.1837178777449,39.65582902288125,41.726412827207504,41.71458387859887,838.5248294952725,54.94141324812409,,15.875210258659825,62.8342750725715,40.31634109694298,6.223879039201798,39.65582902288125,0.23241038075918874,5.758228666560859,Water Tank + DSM
2024-02-01 02:00:00,79.38864421124636,80.9,2.6,114.04557792339085,34.65693371214449,43.46050451437586,43.45478174321084,727.6947447170016,54.931039008290504,,13.801236600806469,54.50063330880479,34.969228497335514,5.398412711567414,34.65693371214449,0.2298092432284362,4.427466471889312,Water Tank + DSM
2024-02-01 03:00:00,79.99969070506884,74.2,3.45,115.02144803465322,35.021757329584375,43.361762862586154,43.35899422178037,891.0253560923735,54.92602001610928,,13.91933161634696,54.92011925953894,35.238383168979944,5.4399637569641905,35.021757329584375,0.22995735570612078,4.494081660459848,Water Tank + DSM
2024-02-01 04:00:00,79.01025464195646,78.4,3.25,113.65689530813337,34.64664066617691,43.499832661646224,43.49849321058478,777.981115583847,54.92359185916292,,13.75420013667112,54.24086730110134,34.80255489507198,5.372682292801934,34.64664066617691,0.22975025100753066,4.393564710853858,Water Tank + DSM
2024-02-01 05:00:00,77.42274917736667,80.5,2.8,111.41194392491862,33.98919474755195,43.72698400608024,43.72633598805554,723.7744987771089,54.922417132057674,,13.482527128728037,53.151038219613184,34.1032881185253,5.264732223054928,33.98919474755195,0.22940952399087966,4.232847482294198,Water Tank + DSM
2024-02-01 06:00:00,87.50684863060644,74.7,2.5,125.83629635502326,38.32944772441682,42.26748200011859,42.26716849306154,926.8853880505994,54.92184880645015,,15.228091527858167,60.073814291819794,38.54514729717397,5.950449068504819,38.32944772441682,0.23159877699982212,5.310231302254609,Water Tank + DSM
2024-02-01 07:00:00,90.50810536510123,81.3,2.2,68.2598119024508,-22.248293462650423,41.83288239714608,40.05430077420776,413.17159187288576,51.697635957834144,,8.260467714277326,62.13418947995167,23.77338583639488,0.0,0.0,0.23225067640428088,5.654379354002615,Water Tank + DSM
2024-02-01 08:00:00,111.11703733889856,81.9,1.9,80.02862260019269,-31.088414738705865,35.62827771236776,33.343504335657514,413.17159187288576,47.55579867448531,,9.68467147480143,76.28230670187187,25.41252113264256,0.0,0.0,0.24155758343144837,9.153876804224625,Water Tank + DSM
2024-02-01 09:00:00,96.36215588828743,80.0,1.15,80.21547791032253,-16.1466779779649,33.620239903676584,31.949813734697578,413.17159187288576,44.527650037826746,,9.707283788160492,66.15301942855773,32.851676555764584,0.0,0.0,0.24456964014448512,7.938362331426927,Water Tank + DSM
2024-02-01 10:00:00,77.81750684477257,78.9,1.55,214.71991634498454,136.90240950021197,33.2739537082187,36.23361582761227,1124.2431976649584,49.8929256652371,,25.98435136497044,53.42204099451736,37.79290774606022,6.738938501206467,131.9393104874033,0.24508906943767195,6.410644919342083,Water Tank + DSM
2024-02-01 11:00:00,58.109621910063,77.0,3.35,133.52697205090573,75.41735014084273,41.48931489280953,42.92118086801261,898.2779217307178,52.488612371545806,,16.1587793881998,39.89249629967842,29.11194917411088,5.398806072863871,70.45425112803407,0.2327660276607857,3.7125596894644377,Water Tank + DSM
2024-02-01 12:00:00,65.25313061677647,74.7,2.7,118.0835235199914,52.83039290321493,43.051932294114344,43.74466007459636,891.3389413530291,53.74438932415681,,14.289888976239245,44.79654463594781,32.258532551615914,5.88456330666799,47.86729389040627,0.23042210155882847,3.748951425431573,Water Tank + DSM
2024-02-01 13:00:00,77.95262690740849,80.3,1.55,123.82340863578358,45.87078172837509,42.47115240253295,42.80628975907469,781.9525853106358,54.351926339651136,,14.984501726570599,53.514801477575716,37.85242563292975,6.748126639774254,40.90768271556643,0.23129327139620057,4.665050369258411,Water Tank + DSM
2024-02-01 14:00:00,95.09476016365426,80.7,2.0,142.31954884284133,47.22478867918707,40.59965391651372,40.76179126817529,847.8464646019166,54.64584893826892,,17.222813915849596,65.28294701037183,45.4032180759189,7.913788441828182,42.2616896663784,0.23410051912522942,6.423977545919965,Water Tank + DSM
2024-02-01 15:00:00,108.7854384640437,79.6,0.9,158.98215370882144,50.19671524477775,38.91367838698571,38.99211942105936,933.4707720265015,54.78804684847844,,19.239240649165094,74.68165441004592,51.433708488324875,8.844751963136593,45.23361623196909,0.23662948241952145,8.104298521512465,Water Tank + DSM
2024-02-01 16:00:00,108.79575834395263,83.8,0.6,157.59155232639787,48.79579398244525,39.054383872169524,39.09233315260049,841.3626271049488,54.85684130580515,,19.07095688888525,74.68873905037825,51.438254204430564,8.845453713008197,43.83269496963659,0.23641842419174572,8.04201264041874,Water Tank + DSM
2024-02-01 17:00:00,120.53011282177205,81.0,1.6,75.36247342861118,-45.16763939316087,37.42619692683097,34.618444893834635,413.17159187288576,49.76694829006664,,9.119996983214278,82.74442203709653,16.11966935985378,0.0,0.0,0.23886070460975356,9.717738134143893,Water Tank + DSM
2024-02-01 18:00:00,104.78177305332508,81.7,1.3,81.4373365634954,-23.344436489829675,34.613773861435604,32.63107029370826,413.17159187288576,46.17270317046266,,9.85514713080153,71.93312151080528,29.93513594617521,0.0,0.0,0.2430793392078466,8.631974581296634,Water Tank + DSM
2024-02-01 19:00:00,110.18516170370418,79.4,2.1,85.02727334073246,-25.15788836297172,30.2381095279841,28.139051424005004,413.17159187288576,42.367530542140884,,10.28958367579293,75.64257021578204,30.869206171664267,0.0,0.0,0.24964283570802384,9.077108425893845,Water Tank + DSM
2024-02-01 20:00:00,119.73597915632956,82.0,1.65,98.49409751724212,-21.24188163908744,25.051731003079595,25.0,413.17159187288576,38.557468183883415,,11.91927270105544,82.1992459841677,39.641624993397336,0.0,0.0,0.2574224034953806,9.863909518100124,Water Tank + DSM
2024-02-01 21:00:00,122.25635770572573,83.8,1.05,296.4919343279828,174.23557662225704,25.0,25.53688942745168,1204.58190050404,47.004589119514144,,35.879999999999995,83.92949630503865,90.04040955190104,22.00917543963782,124.35106363068691,0.2575,10.07153955660464,Water Tank + DSM
2024-02-01 22:00:00,123.5733985668825,80.8,1.1,255.63697278397814,132.06357421709563,29.133835374301658,31.388173435586534,1182.0020196937494,51.09125326164723,,30.935932892335217,84.83365031522199,90.6205416762331,22.098733967776973,82.1790612255256,0.2512992469385475,10.180038037826638,Water Tank + DSM
2024-02-01 23:00:00,117.03123211898684,82.7,1.2,242.83260479848076,125.80137267949392,34.1666048020902,36.318888388444385,1195.2729759084175,54.99291304688909,,29.386411066856382,80.342425932133,87.73883843445313,21.653867893234477,75.91685968792386,0.24375009279686471,9.64109111185596,Water Tank + DSM
2024-02-02 00:00:00,121.4655304658932,81.8,1.85,173.67517279017608,52.20964232428288,37.426991831954396,37.406604167605174,935.0172945923285,54.9559542880105,,21.017317768982544,75.62581796017628,42.39670322572941,0.0,52.20964232428288,0.23885951225206842,8.881348515897962,Water Tank + DSM
2024-02-02 01:00:00,126.81668342072483,80.8,2.15,181.68859696909092,54.871913548366095,36.61616800326465,36.606304579090576,982.3473283654743,54.938073872209934,,21.987063068095484,78.95750652801067,44.264486150410136,0.0,54.871913548366095,0.24007574799510303,9.47490078336128,Water Tank + DSM
2024-02-02 02:00:00,111.85972745655417,82.9,2.2,160.48801661317444,48.62828915662027,38.76131037322175,38.75653851045358,868.6082501390565,54.92942343916232,,19.42147279362679,69.64513597608394,39.04386412915856,0.0,48.62828915662027,0.23685803444016737,7.621416114495378,Water Tank + DSM
2024-02-02 03:00:00,103.10814388192097,78.1,2.65,148.06527092648247,44.9571270445615,40.01828342190001,40.01597482461413,928.8326328263304,54.92523841389527,,17.918133027407592,64.19630070784031,35.98918441759152,0.0,44.9571270445615,0.23497257486714998,6.540980303898144,Water Tank + DSM
2024-02-02 04:00:00,83.56872977797242,78.5,2.75,120.17984013239169,36.61111035441927,42.83982029007433,42.838703405183146,805.098227463408,54.923213724912706,,14.543574933071103,52.03083970498701,29.169087079751712,0.0,36.61111035441927,0.23074026956488852,4.420596244085712,Water Tank + DSM
2024-02-02 05:00:00,103.10123250583905,79.5,1.55,148.11676381880042,45.01553131296137,40.01307320674512,40.01253286483805,896.0900521217227,54.9222341930785,,17.92436444473284,64.19199760664428,35.98677204957647,0.0,45.01553131296137,0.23498039018988232,6.542548584341152,Water Tank + DSM
2024-02-02 06:00:00,111.49839611679589,84.3,-0.05,160.12812681150055,48.62973069470466,38.7977251717379,38.797463757711384,840.6888551046501,54.921760301719104,,19.377920694601478,69.42016698266619,38.9177439243636,0.0,48.62973069470466,0.23680341224239315,7.581629748254017,Water Tank + DSM
2024-02-02 07:00:00,115.74189640045209,82.5,0.0,76.64687178412899,-39.0950246163231,38.18357107520137,35.609404353990826,413.17159187288576,50.25531075002781,,9.275428573960353,72.06221842503693,1.303883729538562,0.0,0.0,0.23772464338719795,8.13572166694813,Water Tank + DSM
2024-02-02 08:00:00,123.17302959780339,81.5,0.2,84.84680065676227,-38.32622894104112,32.44245696821048,29.801868271928807,413.17159187288576,45.4684514388446,,10.267743756553548,76.68892630063884,4.666465045821262,0.0,0.0,0.2463363145476843,9.20267115607666,Water Tank + DSM
2024-02-02 09:00:00,138.50227261088733,85.6,0.2,104.05108892429985,-34.451183686587484,25.438736017189203,25.0,413.17159187288576,40.546529719897784,,12.5917525516023,86.2330869948558,13.892076540820781,0.0,0.0,0.2568418959742162,10.347970439382696,Water Tank + DSM
2024-02-02 10:00:00,137.87357155931417,84.8,1.0,296.49193432798285,158.61836276866867,25.000000000000007,25.0,1184.4383904621666,47.96688461849759,,35.88,85.84165058408745,56.11470484868251,0.0,150.6274743941007,0.2575,10.300998070090493,Water Tank + DSM
2024-02-02 11:00:00,107.3889266120981,80.2,1.65,222.99481815237607,115.60589154027797,32.43667273872314,34.41699107483159,1115.3238121665047,51.55680579011213,,26.985739404487123,66.86156462458867,45.474250393731076,0.0,107.61500316570998,0.2463449908919153,8.023387754950638,Water Tank + DSM
2024-02-02 12:00:00,105.91639698995762,78.1,1.85,185.41077644639148,79.49437945643386,36.23954600654115,37.1976116002331,1058.1124257613033,53.29358714282589,,22.437502976176788,65.94475096792553,44.96027411468692,0.0,71.50349108186587,0.2406406809901883,7.9133701161510634,Water Tank + DSM
2024-02-02 13:00:00,112.5648516269977,83.8,1.75,177.7483867463569,65.18353511935922,37.01485104653172,37.47835717333965,907.6082339799332,54.13383107101714,,21.51023814834807,70.08415428810008,47.280871218039294,0.0,57.19264674479124,0.23947772343020243,8.403853576353198,Water Tank + DSM
2024-02-02 14:00:00,130.72731171999024,81.4,1.75,195.40297605181954,64.6756643318293,35.22850336606501,35.45274472386245,1011.0159276984726,54.540335814840574,,23.64670997418625,81.3923080946428,53.6203522828174,0.0,56.68477595726132,0.2421572449509025,9.767076971357135,Water Tank + DSM
2024-02-02 15:00:00,116.05213024174235,82.6,0.8,170.41089719623074,54.35876695448839,37.75728165262126,37.86576821544867,907.8335060031602,54.73700026096953,,20.622291143464977,72.25537353592733,48.49808169682839,0.0,46.36787857992041,0.2383640775210681,8.342338812218957,Water Tank + DSM
2024-02-02 16:00:00,102.43227202738773,81.1,1.55,149.0010088477843,46.56873682039658,39.92360247314947,39.9760875919951,864.4534997181113,54.832145286849,,18.031371442113233,63.77549521973775,43.744164396375446,0.0,38.57784844582859,0.23511459629027578,6.534334253063985,Water Tank + DSM
2024-02-02 17:00:00,85.79158880847235,77.8,2.8,61.181887625423144,-24.60970118304921,42.42526504573518,40.63706274568111,413.17159187288576,51.590492074310916,,7.4039320259276264,53.41481696789391,5.335259465666997,0.0,0.0,0.23136210243139724,4.671040799625726,Water Tank + DSM
2024-02-02 18:00:00,81.40566792645767,76.0,4.6,62.578274814219085,-18.827393112238582,39.81788840839421,38.25220822836265,413.17159187288576,48.75222697127816,,7.572915956123092,50.684092844442986,9.586692190253217,0.0,0.0,0.2352731673874087,5.2251584350351665,Water Tank + DSM
2024-02-02 19:00:00,76.58937852353495,76.8,5.4,67.666138408069,-8.923240115465944,37.676138274468855,36.45649410569804,413.17159187288576,46.54125596552027,,8.188624259153668,47.68541639498529,17.809752685459927,0.0,0.0,0.23848579258829672,5.528798356446429,Water Tank + DSM
2024-02-02 20:00:00,81.71246100824924,73.9,6.15,67.75582060631758,-13.95664040193165,34.72428495453565,33.298251870128055,413.17159187288576,43.95614312391637,,8.199477159015691,50.87510569941524,14.564528903655788,0.0,0.0,0.24291357256819654,6.1050126839298295,Water Tank + DSM
2024-02-02 21:00:00,74.62271408224561,76.2,5.55,215.8019847243846,141.179270642139,33.16446657678769,36.2868689019201,1197.9233220592653,49.616434203843795,,26.115297974161923,46.46094879125254,66.79760665943446,0.0,100.42820616391856,0.24525330013481847,5.575313854950305,Water Tank + DSM
2024-02-02 22:00:00,67.60987564041729,74.9,6.0,149.83783350654284,82.22795786612555,39.83892988392826,41.349528550227454,1020.9326516138916,52.3548475362259,,18.132639858821804,42.09467597828562,64.34982390948247,0.0,41.47689338790512,0.2352416051741076,4.334338115860082,Water Tank + DSM
2024-02-02 23:00:00,76.63782521704408,71.8,6.95,161.1508972103225,84.51307199327843,41.271752647634926,42.734784364384055,1261.0480413314801,55.00703150025585,,19.501691352959885,47.71557985625732,67.50096726240737,0.0,43.762007515058,0.2330923710285476,4.50289465524446,Water Tank + DSM
2024-02-03 00:00:00,83.57620331571485,77.5,6.1,119.38215537203857,35.80595205632372,42.92053257948225,42.896124596306265,824.7491780381343,54.96278470722151,,14.447043034939233,55.86423456045603,35.84415564686171,5.114334547979156,35.80595205632372,0.23061920113077664,4.719232022796615,Water Tank + DSM
2024-02-03 01:00:00,101.07535702164445,77.0,5.15,144.83018999788985,43.754832976245396,40.34561923316838,40.333810803954776,943.917394658463,54.94137838619501,,17.526639397130623,67.56106677410254,43.34919134170234,6.18517197308393,43.754832976245396,0.23448157115024743,6.751126386415442,Water Tank + DSM
2024-02-03 02:00:00,93.1014276202945,77.5,4.5,133.64497714727594,40.54354952698144,41.47737476061292,41.471661916602535,886.2945058761136,54.9310221423078,,16.173059786306954,62.23111105976142,39.92933311364459,5.69721797418766,40.54354952698144,0.23278393785908064,5.795941291268119,Water Tank + DSM
2024-02-03 03:00:00,75.89489673515031,76.4,5.55,109.15482028149417,33.259923546343856,43.955366978643085,43.95260314053246,803.7126957761342,54.926011856452604,,13.209381093542872,50.72987459286527,32.54979747166511,4.644287213210909,33.259923546343856,0.22906694953203538,3.9705155837003128,Water Tank + DSM
2024-02-03 04:00:00,70.08113655648735,74.9,3.7,100.89499551290173,30.81385895641438,44.791122405243186,44.78978527769554,800.5267252939261,54.92358791157218,,12.20981760332915,46.84382510253149,30.056392453608513,4.288521895383763,30.81385895641438,0.22781331639213523,3.431463160482021,Water Tank + DSM
2024-02-03 05:00:00,57.142856311079434,76.8,3.95,82.42685881387837,25.284002502798934,46.659787406962295,46.65914051303902,653.3158797615646,54.922415222238044,,9.974894261273098,38.19558441004628,24.507423817557584,3.496781052591927,25.284002502798934,0.22501031888955655,2.3697027774911708,Water Tank + DSM
2024-02-03 06:00:00,75.16253077332753,75.7,3.4,108.19314582584798,33.030615052520446,44.05267226870022,44.052359305476394,816.7017384123833,54.92184788249136,,13.093003966634539,50.24034453224731,32.23570041431406,4.59947105272842,33.030615052520446,0.22892099159694967,3.902869235954525,Water Tank + DSM
2024-02-03 07:00:00,84.90963695028563,79.0,3.1,62.88159391150103,-22.028043038784602,42.642512441921795,40.93933793610904,413.17159187288576,51.83433305930056,,7.609622145905769,56.7555319199576,19.58392776752559,0.0,0.0,0.23103623133711731,4.88920106035741,Water Tank + DSM
2024-02-03 08:00:00,102.54503079960321,79.7,2.85,73.84319416528015,-28.701836634323058,37.00462849126531,34.894126795539194,413.17159187288576,48.008415487328605,,8.936141256778173,68.5434301431239,21.552774988426485,0.0,0.0,0.23949305726310205,8.223308101168596,Water Tank + DSM
2024-02-03 09:00:00,115.02874145160837,80.4,2.1,84.79335232472584,-30.235389126882524,31.373360241269197,29.067346686039087,413.17159187288576,43.8280740073731,,10.26127570150236,76.88782618387285,26.137159421092733,0.0,0.0,0.2479399596380962,9.226539142064741,Water Tank + DSM
2024-02-03 10:00:00,100.40168689597566,82.6,1.75,253.91240785859742,153.51072096262175,29.308332356415818,32.4672031718985,1138.2178423584594,49.55447516830015,,30.727234501726684,67.11077034493158,47.5213533989886,7.466095462958323,147.72748747690815,0.2510375014653763,8.05329244139179,Water Tank + DSM
2024-02-03 11:00:00,91.3972901046932,77.1,2.4,184.44844310876994,93.05115300407674,36.336917964379,37.865159857638915,1080.9578427815707,52.32487214333559,,22.321046114602723,61.09202679751995,43.65954839603099,6.91508338336665,87.26791951836316,0.2404946230534315,7.331043215702393,Water Tank + DSM
2024-02-03 12:00:00,83.40218225336834,78.3,2.45,145.6413888836628,62.239206630294476,40.26353954142787,41.0028933867537,914.7143485613759,53.66517282845963,,17.624806708452272,55.747914925683176,40.23060715597769,6.425833397406092,56.455973144580895,0.2346046906878582,5.598136642809238,Water Tank + DSM
2024-02-03 13:00:00,99.74990491186325,80.6,2.3,155.76016373245582,56.01025882059257,39.239689613935454,39.59738436828617,899.649580526365,54.31360189574913,,18.8493312217332,66.6751044472455,47.241817191797054,7.426210531759615,50.22702533487898,0.23614046557909682,7.105023300038115,Water Tank + DSM
2024-02-03 14:00:00,97.19042224681496,80.8,1.95,145.69354584110508,48.503123594290116,40.25826213404471,40.431312613323186,858.4968932775986,54.62730781261737,,17.631118487682524,64.96428803921188,46.14410646336312,7.269586395947158,42.719890108576536,0.23461260679893292,6.525690486005399,Water Tank + DSM
2024-02-03 15:00:00,106.62835857158319,78.4,1.7,156.08238113284344,49.454022561260246,39.20708662919141,39.290807365976804,951.3648691671914,54.779076768147874,,18.888324391487078,71.27281926815277,50.19184786808128,7.847128350384244,43.67078907554667,0.23618937005621288,7.6089065935892375,Water Tank + DSM
2024-02-03 16:00:00,117.42361041910097,83.4,1.25,170.01159890499028,52.58798848588931,37.79768392786144,37.83818749535867,890.6199669060176,54.852501637186855,,20.573970022277717,78.48861105365417,54.82171464975096,8.507729422071296,46.80475500017573,0.23830347410820785,9.042978705092493,Water Tank + DSM
2024-02-03 17:00:00,133.49080612329857,82.9,2.05,81.89782014715038,-51.592985976148185,35.54752701363786,32.39517419104699,413.17159187288576,49.13791629407664,,9.910872596045598,89.22828998064934,13.82733292788675,0.0,0.0,0.2416787094795432,10.70739479767792,Water Tank + DSM
2024-02-03 18:00:00,109.34792599947203,82.0,1.3,84.1862150140766,-25.16171098539543,33.32440075797495,31.23354968062023,413.17159187288576,45.34762136400046,,10.187802921355845,73.09063997150113,28.426819926410467,0.0,0.0,0.24501339886303758,8.770876796580136,Water Tank + DSM
2024-02-03 19:00:00,97.1459178864197,78.3,1.55,81.29042316863786,-15.855494717781838,31.29871766761783,29.62849010739624,413.17159187288576,42.31983276530659,,9.837368392167589,64.93454031283225,31.753154244040218,0.0,0.0,0.24805192349857325,7.792144837539871,Water Tank + DSM
2024-02-03 20:00:00,95.25144996720502,80.3,2.15,261.4574550144189,166.20600504721386,28.544900409480462,32.13325245093522,1206.8371119756068,48.82479751261035,,31.64029911026138,63.66823488129121,66.60965527694916,13.343771505920474,132.93279852738374,0.2521826493857793,7.640188185754945,Water Tank + DSM
2024-02-03 21:00:00,105.29662406759739,81.2,1.75,211.5255772906665,106.22895322306908,33.59716712664355,35.33318934402501,1061.5265635135895,51.97185866885756,,25.59778811653433,70.38265764616717,70.91782877215012,13.958472567992313,72.95574670323897,0.2446042493100347,8.44591891754006,Water Tank + DSM
2024-02-03 22:00:00,116.69743494087889,80.1,1.8,196.7176269566298,80.02019201575091,35.095482792558684,35.93535945583622,1044.2102349291633,53.494387123030215,,23.805802580099815,78.00321885302735,75.80740766219162,14.656130018450304,46.746985495920775,0.24235677581116197,9.360386262363281,Water Tank + DSM
2024-02-03 23:00:00,113.14095266084405,83.0,1.7,191.20314701528886,78.06219435444481,37.13233730527472,37.958781214796296,995.8391637854077,54.9925646805706,,23.138467258672694,75.62598523365074,74.28210381560129,14.438495817895085,44.78898783461466,0.23930149404208792,9.015069393470688,Water Tank + DSM
2024-02-04 00:00:00,134.69263817614052,80.6,1.6,192.58351631621764,57.89087814007712,35.513785298808884,35.49349683397055,1020.4133063765514,54.955785750569994,,23.305512782624575,69.47374200784637,44.57642070087341,16.375301969461308,59.34351316852335,0.24172932205178668,8.336849040941562,Water Tank + DSM
2024-02-04 01:00:00,132.41916519344534,84.7,1.4,189.69763381159817,57.27846861815283,35.80578809927229,35.795972667199585,926.8410048641153,54.93799233485302,,22.95627743327034,68.30109680911602,43.8240166385507,16.0989037407596,58.70658466370877,0.24129131785109156,8.196131617093922,Water Tank + DSM
2024-02-04 02:00:00,138.27930953349875,83.4,0.7,198.2491237953731,59.96981426187435,34.94052105551705,34.9357724110266,977.3121824852252,54.929383991900316,,23.99113681760161,71.32372790107819,45.763426713275464,16.811352724255737,61.461130873217556,0.24258921841672443,8.558847348129381,Water Tank + DSM
2024-02-04 03:00:00,130.67415364314272,82.6,0.65,187.46449882936267,56.79034518621995,36.03174382254993,36.02944645812118,961.6783428026919,54.92521932955726,,22.686034388230286,67.40102918932601,43.24650646392298,15.886753385229145,58.19964160705596,0.2409523842661751,8.088123502719121,Water Tank + DSM
2024-02-04 04:00:00,137.6614893046953,84.0,0.4,197.49233801034012,59.830848705644826,35.01709505609636,35.015983605591046,963.1778568313186,54.92320449202963,,23.899554312908766,71.00505953312336,45.558959603494465,16.736241025899453,61.315502240833354,0.24247435741585546,8.520607143974804,Water Tank + DSM
2024-02-04 05:00:00,144.2382582595652,84.9,0.5,206.9121261022244,62.67386784265918,34.06397083908504,34.06343312629978,972.3331647921677,54.92222972626754,,25.0394908764543,74.39732176662666,47.73553602039813,17.535813883612256,64.22945060669946,0.24390404374137245,8.9276786119952,Water Tank + DSM
2024-02-04 06:00:00,135.50078033571035,84.3,0.2,194.43368186290004,58.9329015271897,35.32657964504877,35.32631950297494,948.444319005887,54.921758140704,,23.529410744521677,69.89057740924518,44.84387470117287,16.473552119405678,60.394252218383734,0.24201013053242684,8.386869289109422,Water Tank + DSM
2024-02-04 07:00:00,116.8447840959505,82.2,0.45,76.40386835872643,-40.440915737224074,38.024073143709344,35.39761243182821,413.17159187288576,50.1605100402978,,9.246021491021635,60.267914380212474,13.694364413908687,0.0,0.0,0.23796389028443599,6.861837210360597,Water Tank + DSM
2024-02-04 08:00:00,99.38835163921031,81.3,0.4,78.71584284035303,-20.67250879885728,35.787313398582086,33.94769043016731,413.17159187288576,46.82564143776879,,9.52580530567677,51.26397993138977,25.375043099819344,0.0,0.0,0.24131902990212686,6.151677591766772,Water Tank + DSM
2024-02-04 09:00:00,80.57091423188463,80.8,0.2,78.9122428580371,-1.6586713738475254,35.17375693865194,34.11510667629699,413.17159187288576,44.906520193034126,,9.54957267274015,41.55804641202598,26.664879518936385,9.005706443976655,0.0,0.24223936459202208,4.986965569443117,Water Tank + DSM
2024-02-04 10:00:00,89.7921841515883,78.9,-0.15,228.09037722949645,138.29819307790814,31.921087811733162,34.772864259919544,1159.8578953050578,50.07622067067256,,27.60237897716714,46.31432809201233,32.037563949578626,12.850681867905443,135.01150510520253,0.24711836828240025,5.55771937104148,Water Tank + DSM
2024-02-04 11:00:00,97.21181022231126,83.7,-0.35,187.60242656069744,90.39061633838618,36.01778785457589,37.39745941853141,939.9025586281728,52.57728934584904,,22.702725725927237,50.14133151559964,34.4930832537532,13.752725357837605,87.18394765162114,0.24097331821813617,6.0169597818719565,Water Tank + DSM
2024-02-04 12:00:00,114.59879532136507,82.6,-0.2,187.73462683445194,73.13583151308687,36.00441140903573,36.67188786063417,962.499156682962,53.787290688287804,,22.718723954793273,59.10944538895244,40.247292043410226,15.866553813429958,70.11667822386663,0.2409933828864464,7.093133446674292,Water Tank + DSM
2024-02-04 13:00:00,121.03348843837455,82.2,0.15,184.9729183693477,63.93942993097315,36.28384988395045,36.6067708059133,962.3730607871172,54.372681750610546,,22.384515538795263,62.428425665559494,42.37684857559225,16.648853754233322,60.98967360914207,0.2405742251740743,7.491411079867139,Water Tank + DSM
2024-02-04 14:00:00,122.60532131417001,84.8,0.0,181.43400965571962,58.82868834154961,36.64192796000158,36.798155077215384,900.016315577631,54.65589027594708,,21.95625415983811,63.2391686517475,42.89704540662685,16.839949855217096,55.89588394467273,0.24003710805999762,7.588700238209699,Water Tank + DSM
2024-02-04 15:00:00,142.80137185835767,82.6,0.1,207.5003336649877,64.69896180663002,34.00445412095611,34.08003582066326,1020.0538760341273,54.792904784684325,,25.110672871336494,73.65618344990938,49.58091215498257,19.295291370015335,61.983968055190154,0.24399331881856584,8.838742013989126,Water Tank + DSM
2024-02-04 16:00:00,132.25005606865656,86.5,-0.2,191.0656969554906,58.815640886834046,35.66736310498097,35.70392905737448,897.9266470096375,54.8591915448805,,23.121833726442755,68.2138712274819,46.08896264713783,18.012511668235707,55.98685315882751,0.24149895534252855,8.185664547297828,Water Tank + DSM
2024-02-04 17:00:00,130.2106319289683,83.6,-1.2,82.27648956875976,-47.93414236020854,36.028584268576964,33.02186834541511,413.17159187288576,49.40861677981499,,9.95669731258684,67.16194716953903,12.393659968924517,0.0,0.0,0.24095712359713456,8.059433660344684,Water Tank + DSM
2024-02-04 18:00:00,108.26172663186564,83.8,-1.85,86.5595143666119,-21.70221226525375,33.75218360643713,31.773990045957873,413.17159187288576,45.8225474015597,,10.475007971172708,55.840819269650005,28.456457171360967,0.0,0.0,0.2443717245903443,6.700898312358,Water Tank + DSM
2024-02-04 19:00:00,121.5628070681825,83.6,-2.1,95.74270384136302,-25.82010322681947,28.242558383806244,25.984321215461076,413.17159187288576,41.728814957966726,,11.586312530269353,62.70144538233966,30.50108104778294,0.0,0.0,0.25263616242429066,7.524173445880758,Water Tank + DSM
2024-02-04 20:00:00,141.03337119280312,86.9,-1.95,107.05829595359579,-33.97507523920733,25.0,25.0,413.17159187288576,38.66807487502046,,12.955670000000001,72.74425816749111,31.36700330758932,0.0,0.0,0.2575,8.729310980098933,Water Tank + DSM
2024-02-04 21:00:00,149.9457749569584,88.0,-2.25,296.4919343279828,146.5461593710244,25.000000000000007,25.0,1124.2764404704374,47.05809994314202,,35.879999999999995,77.34122833724136,76.07657313925725,43.04862205162752,96.89224265935566,0.2575,9.280947400468964,Water Tank + DSM
2024-02-04 22:00:00,140.49922240012543,86.3,-3.2,279.2994283941186,138.80020599399316,26.739592610453172,28.978693126514177,1120.2453844641575,51.11714146258603,,33.79944723789801,72.46874707854977,72.95024413829415,41.90015430473973,89.0444099715623,0.25489061108432026,8.696249649425972,Water Tank + DSM
2024-02-04 23:00:00,151.01792249170654,86.5,-4.0,254.21755669862648,103.19963420691994,29.27745642307341,30.360719212767954,1061.3024280655118,53.08088029802423,,30.764162118004204,77.89423629841913,76.43139950697483,43.1789687422488,53.55728040682329,0.2510838153653899,9.347308355810295,Water Tank + DSM
2024-02-05 00:00:00,149.18946033577396,92.0,-4.7,250.73323980757016,101.5437794717962,31.505621075880605,32.562515256184184,990.1424175983344,54.99681811713467,,30.34250717371555,67.17491971240219,43.10142789356653,15.833458271769352,105.97240445511375,0.24774156838617908,8.060990365488262,Water Tank + DSM
2024-02-05 01:00:00,170.9120001837854,87.3,-5.05,244.30815829726504,73.3961581134796,30.28012097350933,30.258621315727087,1023.5579934234347,54.95784353650911,,29.564975315682844,76.9558376603286,49.37715596991298,18.13886863699381,78.46960735218023,0.24957981853973601,9.234700519239432,Water Tank + DSM
2024-02-05 02:00:00,148.7133930564271,91.8,-5.25,212.96589185309807,64.25249879667098,33.45143150327529,33.44103010365092,871.9279987989945,54.93898787878728,,25.772087922082754,66.96056287247629,42.963890164915504,15.782933312532096,68.66699192749499,0.24482285274508708,8.035267544697156,Water Tank + DSM
2024-02-05 03:00:00,159.84182277593604,86.5,-3.35,229.05759958639234,69.2157768104563,31.823221167324622,31.81818903540692,1000.7890849487576,54.92986562981329,,27.719427483879755,71.97131477982045,46.17893772956591,16.96399212994181,73.9606125926311,0.24726516824901307,8.636557773578454,Water Tank + DSM
2024-02-05 04:00:00,152.05477763130733,88.3,-3.45,218.01808758755013,65.9633099562428,32.94023421766583,32.93779970379737,940.803788850312,54.92545234295951,,26.383479875671664,68.46507425042928,43.92922944555061,16.13755402848098,70.47699065148242,0.24558964867350125,8.215808910051514,Water Tank + DSM
2024-02-05 05:00:00,158.90990089476216,88.1,-2.45,227.85941880182514,68.94951790706298,31.944456922416876,31.9432791198726,969.3377575209189,54.92331722245258,,27.57442952078942,71.55170217846648,45.90970179511417,16.865087380337478,73.66668998889206,0.2470833146163747,8.586204261415979,Water Tank + DSM
2024-02-05 06:00:00,150.7347076150375,87.3,-2.6,216.19609016989054,65.46138255485303,33.124589730248935,33.12401991676326,953.3368988963692,54.9222842645393,,26.162990682622286,67.870691797687,43.54785597256762,15.997455167131255,69.93587753924805,0.2453131154046266,8.14448301572244,Water Tank + DSM
2024-02-05 07:00:00,155.52568461474016,86.1,-2.7,92.82299752267413,-62.70268709206603,32.43070239466533,28.68709092139461,413.17159187288576,48.13586521203315,,11.232983988796546,70.02790514623491,3.351935190289737,0.0,0.0,0.246353946408002,8.40334861754819,Water Tank + DSM
2024-02-05 08:00:00,154.48895254667966,89.6,-3.15,110.35442559262039,-44.13452695405927,25.79421191661728,25.0,413.17159187288576,42.348516215263544,,13.354551445852003,69.56110009661214,21.47977612743023,0.0,0.0,0.25630868212507407,8.347332011593457,Water Tank + DSM
2024-02-05 09:00:00,188.55481928614466,87.3,-2.8,107.75011046702775,-80.80470881911691,25.0,25.0,413.17159187288576,39.00393073901307,,13.039390000000001,84.89979666409498,0.0,0.0,0.0,0.2575,10.187975599691397,Water Tank + DSM
2024-02-05 10:00:00,159.018075867888,92.9,-2.6,296.49193432798285,137.47385846009485,25.0,25.0,1043.143089096282,47.22058490420302,,35.88,71.60040967508364,54.45573866824202,20.656076005205552,129.89994894707127,0.2575,8.592049161010037,Water Tank + DSM
2024-02-05 11:00:00,138.94024241696977,83.0,-2.2,275.46540019949447,136.5251577825247,27.127531817296784,29.320363713768202,1177.79573201457,51.195750667907454,,33.33547194651305,62.56004685703405,48.65517280523728,18.525218118749216,128.35524641634404,0.25430870227405483,7.507205622844086,Water Tank + DSM
2024-02-05 12:00:00,110.64332184952707,82.5,-1.85,195.73508519036633,85.09176334083926,35.19489950369018,36.25577782534833,988.4654313516078,53.11891093865039,,23.686900193586546,49.8189097623087,40.48008001582288,15.522069571822398,76.08187005439504,0.24220765074446474,5.978269171477043,Water Tank + DSM
2024-02-05 13:00:00,120.61850962821264,85.8,-0.8,190.9854482808305,70.36693865261786,35.67548292195091,36.188729201875645,910.2293874478186,54.04932381872046,,23.11212242534672,54.31039620271283,43.361951401376146,16.58073497011132,61.65315452636864,0.24148677561707363,6.517247544325539,Water Tank + DSM
2024-02-05 14:00:00,137.20902980435088,83.7,-0.6,205.5021901321853,68.29316032783441,34.206632659539096,34.45493799152557,991.9053395992041,54.49945173607069,,24.86886733919125,61.78054093217827,48.15501860249878,18.34148474643344,60.071858659614854,0.24369005101069136,7.413664911861392,Water Tank + DSM
2024-02-05 15:00:00,118.86035390904715,84.3,0.0,174.82862294058438,55.96826903153723,37.31028206515862,37.43041062780879,888.8131568400528,54.71722080001874,,21.156902650070297,53.518758716988096,42.854013228098225,16.39414212935684,47.20229480871594,0.23903457690226207,6.3226155801619734,Water Tank + DSM
2024-02-05 16:00:00,119.60211964993445,82.0,-0.7,173.7365691166753,54.13444946674085,37.42077955572789,37.47889700108817,931.0211506564983,54.82257610766543,,21.024747651349443,53.85275050151074,43.068312298037995,16.472865632205732,45.39049424100198,0.23886883066640816,6.326369241596784,Water Tank + DSM
2024-02-05 17:00:00,119.15928531941077,83.9,-0.6,80.09452086103113,-39.06476445837964,37.59017601917747,34.974781244251304,413.17159187288576,50.08138833828483,,9.692646159186157,53.65335732365573,11.544378351097837,0.0,0.0,0.23861473597123378,6.2484133297939985,Water Tank + DSM
2024-02-05 18:00:00,125.61059121619749,85.0,-0.9,91.81066447113213,-33.79992674506536,31.9160229000245,29.375579992263226,413.17159187288576,45.47607331717967,,11.110476407024873,56.55816008037486,19.549204480446345,0.0,0.0,0.24712596564996325,6.786979209644983,Water Tank + DSM
2024-02-05 19:00:00,131.9094536575288,83.8,-1.3,99.27574869961327,-32.63370495791551,26.39978836978991,25.0,413.17159187288576,40.79630752325265,,12.013864294202971,59.394322754491284,23.390669140831697,0.0,0.0,0.2554003174453151,7.1273187305389545,Water Tank + DSM
2024-02-05 20:00:00,122.45869723603825,86.5,-2.3,106.36648144016382,-16.092215795874424,25.0,25.0,413.17159187288576,38.18088534380203,,12.87195,55.138969846810944,35.378804219680916,0.5394437940296424,0.0,0.2575,6.616676381617313,Water Tank + DSM
2024-02-05 21:00:00,138.23034143926773,84.8,-3.1,296.49193432798285,158.26159288871511,25.000000000000007,25.0,1184.4383904621666,46.822400702794354,,35.88,62.24040268730811,77.91642693384188,40.96722411602672,98.08691337849999,0.2575,7.468848322476973,Water Tank + DSM
2024-02-05 22:00:00,155.9687323079109,89.0,-3.95,296.4919343279828,140.5232020200719,25.0,26.57296418575778,1106.7096210880866,51.003111648025936,,35.879999999999995,70.22739439400434,83.0411185390798,42.84979726157518,80.87507901584536,0.2575,8.42728732728052,Water Tank + DSM
2024-02-05 23:00:00,164.44641658397393,91.9,-4.75,274.5372536604338,110.09083707645988,27.2214446457686,28.337178145843325,1014.0088603470724,53.02571338874856,,33.22315220366077,74.04460614146899,85.49035521241285,43.74953280538754,50.6943704848322,0.2541678330313471,8.885352736976278,Water Tank + DSM
2024-02-06 00:00:00,157.23431171759626,88.3,-5.55,244.23981833687722,87.00550661928096,30.287035828769326,30.82682070005001,1005.7549714367933,54.004235428460504,,29.556705148791885,57.75933274050998,37.06010704521886,13.614158210646297,109.01471413511408,0.24956944625684602,6.9311199288611975,Water Tank + DSM
2024-02-06 01:00:00,161.93648524683445,89.3,-6.35,241.28962367155174,79.35313842471729,30.58554593886851,30.846690474946367,981.7352726558389,54.477638255583564,,29.19968705711327,59.486655501757475,38.1684087411728,14.021296663199449,102.0205426906741,0.24912168109169724,7.138398660210896,Water Tank + DSM
2024-02-06 02:00:00,157.87957796118766,94.4,-6.95,230.8126008159719,72.93302285478424,31.64564454283154,31.771984631914616,878.6510196197302,54.7066675749375,,27.931809126773476,57.99636845658672,37.21219621582631,13.670028692300587,95.03255288675919,0.2475315331857527,6.959564214790406,Water Tank + DSM
2024-02-06 03:00:00,173.20942333475276,86.7,-4.45,250.45933673628184,77.24991340152908,29.657725111076296,29.718847653976354,1048.9170985580265,54.817470523543705,,30.309360767152754,63.6277197190429,40.82543879834462,14.997365823621545,101.49527117508768,0.25051341233338553,7.635326366285148,Water Tank + DSM
2024-02-06 04:00:00,160.85486420655965,91.7,-5.35,231.70645726633958,70.85159305977993,31.555201294950923,31.58477199794535,920.3241900656,54.87107629530453,,28.0399792512387,59.08932677063054,37.913470801119736,13.927644331177207,93.36759511798164,0.24766719805757362,7.090719212475665,Water Tank + DSM
2024-02-06 05:00:00,174.66947052871112,91.4,-6.15,250.92125348545355,76.25178295674243,29.610986900451575,29.625293021141207,970.123367727572,54.897010431554726,,30.365259667059917,64.16406163304036,41.16957173414016,15.123784245125245,100.70151394454231,0.25058351964932263,7.699687395964844,Water Tank + DSM
2024-02-06 06:00:00,185.7837140941984,90.9,-6.4,266.55002517531807,80.76631108111968,28.029617910571147,28.036539122056197,1012.8226479369715,54.909557204056085,,32.25657697895691,68.24683011560313,43.78919751278946,16.08611281475683,106.77178197290228,0.2529555731341433,8.189619613872376,Water Tank + DSM
2024-02-06 07:00:00,197.66276720348475,95.2,-7.15,119.12309576554782,-78.53967143793693,26.324257469187316,25.0,413.17159187288576,46.355454236517936,,14.415692911699097,72.6105480197066,12.832346546387093,0.0,0.0,0.255513613796219,8.71326576236479,Water Tank + DSM
2024-02-06 08:00:00,210.039775460293,94.7,-7.5,120.54867896551902,-89.49109649477397,25.0,25.0,413.17159187288576,41.609355435837855,,14.588210000000002,77.15718755676271,7.602344077290049,0.0,0.0,0.2575,9.258862506811525,Water Tank + DSM
2024-02-06 09:00:00,190.59341315245794,94.7,-8.35,120.54867896551902,-70.04473418693892,25.0,25.0,413.17159187288576,39.313222595837054,,14.588210000000002,70.01365190693508,18.0593889144656,0.0,0.0,0.2575,8.401638228832208,Water Tank + DSM
2024-02-06 10:00:00,195.07531302800734,93.6,-10.65,296.4919343279828,101.41662129997545,25.0,25.0,1032.4987718606058,47.37021836516188,,35.879999999999995,71.6600581104771,53.302383349286046,20.590881099633858,117.69929267585,0.2575,8.599206973257251,Water Tank + DSM
2024-02-06 11:00:00,179.1431513056342,96.9,-9.4,296.4919343279828,117.34878302234858,25.000000000000014,25.0,985.1100938753484,51.268142398063034,,35.879999999999995,65.80744858685756,49.54717488083565,19.211392310217697,131.40131614345515,0.25749999999999995,7.896893830422907,Water Tank + DSM
2024-02-06 12:00:00,179.2371768269914,90.6,-7.05,293.0576953779811,113.82051855098968,25.34748725537364,26.387751574344254,1072.8936275758092,53.15393360377716,,35.46440524257313,65.84198844851272,49.569336684124096,19.219533525131997,127.88621309461739,0.25697876911693956,7.901038613821528,Water Tank + DSM
2024-02-06 13:00:00,157.9551441843572,90.2,-5.65,244.0028625886317,86.04771840427449,30.31101176748577,30.81428512216755,973.3044774828195,54.06626756450389,,29.528029926087026,58.02412737625454,44.55316432797545,17.376825300216375,97.13441512183132,0.24953348234877135,6.962895285150545,Water Tank + DSM
2024-02-06 14:00:00,171.8609281570065,89.3,-4.7,254.8611087966932,83.0001806396867,29.212339768262,29.45582026154982,1013.2556893932799,54.50764901403725,,30.842041637158648,63.13235594748704,47.830755821489134,18.58085984572157,96.0333690725765,0.251181490347607,7.575882713698444,Water Tank + DSM
2024-02-06 15:00:00,165.0442937824378,90.7,-3.25,240.7562034660215,75.71190968358371,30.639519097370027,30.75731343331129,957.6117294780266,54.72118659169904,,29.13513515954545,60.62829529615625,46.22407597629499,17.990640460234076,87.79092520808884,0.24904072135394495,7.2753954355387505,Water Tank + DSM
2024-02-06 16:00:00,151.62915135375596,87.3,-3.5,219.47214778807827,67.84299643432232,32.79310776677362,32.850095927888624,961.8974396634667,54.824494732813434,,26.559443110938755,55.70030173778299,43.062128631578325,16.829088191856066,78.04419883812885,0.24581033834983956,6.68403620853396,Water Tank + DSM
2024-02-06 17:00:00,152.58618287489682,86.4,-4.35,92.77576223717284,-59.81042063772398,32.75801334844511,29.133871969550142,413.17159187288576,48.25465107293692,,11.22726780617044,56.05186305712158,10.72439804895194,0.0,0.0,0.24586297997733234,6.726223566854589,Water Tank + DSM
2024-02-06 18:00:00,166.33898236996671,92.0,-4.8,115.87893099985328,-50.46005137011343,25.0,25.0,413.17159187288576,42.28484905675256,,14.023100000000001,61.10389345348933,26.432166135656697,0.0,0.0,0.2575,7.332467214418719,Water Tank + DSM
2024-02-06 19:00:00,189.21469394098725,91.3,-5.25,114.66825560134735,-74.54643833963989,25.0,25.0,413.17159187288576,39.33361178159189,,13.87659,69.50718546954515,12.920355039186454,0.0,0.0,0.2575,8.340862256345417,Water Tank + DSM
2024-02-06 20:00:00,192.78914370122234,91.9,-5.65,115.7059773714953,-77.08316632972705,25.0,25.0,413.17159187288576,37.95989411539936,,14.002170000000001,70.82024386507187,12.035959920873978,0.0,0.0,0.2575,8.498429263808625,Water Tank + DSM
2024-02-06 21:00:00,203.43178706474447,93.5,-5.9,296.49193432798285,93.06014726323838,25.0,25.0,1034.0060693377745,46.71548653218862,,35.88,74.72977208799767,99.40154497830076,46.47811622115877,41.21930363799373,0.2575,8.967572650559719,Water Tank + DSM
2024-02-06 22:00:00,190.39652415113056,93.9,-5.9,296.4919343279828,106.09541017685223,25.0,25.0,1028.0031313445218,50.95138724267767,,35.879999999999995,69.9413255984062,96.32913518641791,45.34945588179181,52.42992787474897,0.2575,8.392959071808743,Water Tank + DSM
2024-02-06 23:00:00,166.1579433850012,89.6,-6.05,277.4946563370895,111.3367129520883,26.922205206082772,28.05266755748583,1057.6493144184326,53.00068944577192,,33.58104257352501,61.03738957874723,90.61610481789174,43.25075446130101,54.278383706188364,0.25461669219087585,7.324486749449668,Water Tank + DSM
2024-02-07 00:00:00,160.13291523005617,88.8,-6.1,248.62997311907404,88.49705788901787,29.842825959234695,30.389736556432798,1007.4363118712248,53.992129001757675,,30.08798015275531,55.42075540111467,35.55960621843683,13.062944053976675,125.41625664292658,0.250235761061148,6.6504906481337605,Water Tank + DSM
2024-02-07 01:00:00,168.76208709957066,93.1,-6.4,251.16479307971622,82.40270598014556,29.586344787186537,29.850936704782303,944.6967715078921,54.47178124225642,,30.394731634524902,58.40724461107801,37.47582658593784,13.766874218500774,121.31139022412077,0.2506204828192202,7.008869353329362,Water Tank + DSM
2024-02-07 02:00:00,179.92570577963818,92.0,-7.05,262.3800090855688,82.45430330593064,28.451553444757018,28.57956135540214,986.3398506700383,54.70383398861545,,31.751942080070613,62.27088613268825,39.95485398430669,14.677553487957296,123.93679853854701,0.2523226698328645,7.472506335922589,Water Tank + DSM
2024-02-07 03:00:00,162.96175221384289,91.2,-6.3,235.84081321650578,72.8790610026629,31.136873967477044,31.19880339199092,938.0193731110791,54.8160996522487,,28.54029873489746,56.39979386002759,36.18778643394773,13.29370822387852,110.45045793017502,0.24829468904878443,6.767975263203311,Water Tank + DSM
2024-02-07 04:00:00,169.94877596056548,89.7,-6.4,244.7175181730987,74.76874221253323,30.238700635034206,30.268661702294,983.1763886499386,54.87041307636788,,29.614514040499095,58.8179483880494,37.73934635350191,13.863679114473488,113.95102168741508,0.24964194904744869,7.058153806565928,Water Tank + DSM
2024-02-07 05:00:00,178.77096392089652,93.4,-6.95,256.7898851967964,78.01892127589986,29.01718001751113,29.03167499398461,952.8152382826353,54.89668957039177,,31.075452699056697,61.871238964504194,39.6984284660314,14.583354688941766,119.23518676973272,0.2514742299737333,7.424548675740502,Water Tank + DSM
2024-02-07 06:00:00,194.80730687852457,93.8,-7.5,279.450205074306,84.64289819578141,26.724336544834145,26.731349123563234,995.2684373130535,54.90940197343735,,33.817693492378375,67.42129242669382,43.2595079601367,15.891529529729024,129.5563981531719,0.2549134951827488,8.090555091203258,Water Tank + DSM
2024-02-07 07:00:00,186.9327658570294,94.5,-8.75,115.22890624148019,-71.70385961554922,27.8758375956286,25.0,413.17159187288576,46.95149082462023,,13.944437191234936,64.69597507878098,28.154159697752583,0.0,0.0,0.2531862436065571,7.763517009453717,Water Tank + DSM
2024-02-07 08:00:00,203.00461529800648,93.7,-9.7,118.8191426819391,-84.18547261606739,25.0,25.0,413.17159187288576,41.80759349613268,,14.378910000000001,70.25831705845631,24.25800278097437,0.0,0.0,0.2575,8.430998047014759,Water Tank + DSM
2024-02-07 09:00:00,212.3848094444495,98.9,-10.2,127.81273135655461,-84.5720780878949,25.0,25.0,413.17159187288576,39.78763588176553,,15.467270000000003,73.50472923210673,28.882223548964156,0.0,0.0,0.2575,8.820567507852806,Water Tank + DSM
2024-02-07 10:00:00,235.06469721557616,97.5,-10.45,296.4919343279828,61.42723711240663,25.0,25.0,976.9574586156903,47.59973653814997,,35.879999999999995,81.35406183735255,55.9462679895318,22.685181266134965,108.3655078938425,0.2575,9.762487420482307,Water Tank + DSM
2024-02-07 11:00:00,202.85194314739132,98.4,-10.0,296.4919343279828,93.63999118059147,25.0,25.0,964.978416207596,51.379181850992154,,35.879999999999995,70.20547841560983,48.79300503774984,20.05740543620848,133.15149983666714,0.2575,8.42465740987318,Water Tank + DSM
2024-02-07 12:00:00,192.80464164399643,91.7,-9.15,296.49193432798285,103.68729268398641,25.0,25.0,1061.9102811040111,53.20765379484647,,35.88,66.7281855788378,46.561870454923174,19.23779044797371,140.88236114654302,0.2575,8.007382269460535,Water Tank + DSM
2024-02-07 13:00:00,167.08741850038422,93.9,-8.0,256.5242848307133,89.43686633032911,29.044054310063302,29.53203050081905,944.8861107439425,54.092257056098084,,31.043311045164295,57.82765484541303,40.85102501940041,17.1398916701615,120.70273984084483,0.25143391853490504,6.939318581449563,Water Tank + DSM
2024-02-07 14:00:00,178.12083493329467,91.3,-7.05,263.5512516663029,85.43041673300823,28.33304338308649,28.569123204385672,999.8921436885649,54.52022256710693,,31.893680113828562,61.64623438284592,43.301139307488285,18.0399496087825,119.24008265269885,0.2525004349253703,7.39754812594151,Water Tank + DSM
2024-02-07 15:00:00,181.06391951436018,92.4,-6.9,263.52805722575533,82.46413771139515,28.33539027059291,28.44960420783099,982.6739684115479,54.72726959783339,,31.89087323637089,62.66481304581283,43.95468969480178,18.280033598843808,116.9523419843145,0.2524969145941106,7.51977756549754,Water Tank + DSM
2024-02-07 16:00:00,189.32409392375342,93.5,-6.55,273.28768788193867,83.96359395818524,27.347879698512344,27.403135685185124,986.9089185485599,54.827437653038544,,33.07193588057925,65.52359510730125,45.78896935474331,18.95386256168367,120.35621007750245,0.2539781804522315,7.862831412876149,Water Tank + DSM
2024-02-07 17:00:00,190.78861302920646,92.7,-6.7,113.22192377496525,-77.56668925424121,27.23625411048816,25.0,413.17159187288576,46.47788965474353,,13.70156201467483,66.03045376910082,24.35109341634639,0.0,0.0,0.2541456188342678,7.923654452292098,Water Tank + DSM
2024-02-07 18:00:00,187.13495177783855,93.0,-7.4,117.60846728343317,-69.52648449440538,25.0,25.0,413.17159187288576,41.51538372723441,,14.2324,64.76595005205,30.439540954110193,0.0,0.0,0.2575,7.771914006246,Water Tank + DSM
2024-02-07 19:00:00,175.86252944292517,93.7,-7.9,118.8191426819391,-57.04338676098607,25.0,25.0,413.17159187288576,39.17763896878899,,14.378910000000001,60.864652432483275,36.900998970881886,0.0,0.0,0.2575,7.303758291897993,Water Tank + DSM
2024-02-07 20:00:00,171.84297696765535,91.6,-8.35,115.1871164864213,-56.65586048123404,25.0,25.0,413.17159187288576,37.857399235472904,,13.93938,59.47351661113241,35.14131180270734,0.0,0.0,0.2575,7.1368219933358885,Water Tank + DSM
2024-02-07 21:00:00,185.091291174304,93.0,-8.6,296.49193432798285,111.40064315367886,25.0,25.0,1041.609055141729,46.66590015196044,,35.88,64.05865502611067,61.27928470656781,43.01929226556148,105.97638414324783,0.2575,7.6870386031332805,Water Tank + DSM
2024-02-07 22:00:00,197.738082668999,97.1,-9.0,296.49193432798285,98.75385165898385,25.0,25.0,982.3774722557221,50.92739766284793,,35.88,68.43561111305533,64.08767000844,44.050962297423226,96.24535427145898,0.2575,8.21227333356664,Water Tank + DSM
2024-02-07 23:00:00,218.12362223193696,94.8,-9.4,296.49193432798285,78.36831209604588,25.0,25.0,1014.748076642372,52.989083437473695,,35.88,75.49088766387702,68.6145454379357,45.71392560785951,80.55977152719571,0.2575,9.058906519665241,Water Tank + DSM
2024-02-08 00:00:00,217.10639987994097,97.7,-9.4,296.49193432798285,79.38553444804188,25.0,25.0,974.2698177391685,53.98651408771688,,35.88,82.52482359406325,52.95038310127097,19.451505954245093,115.1658897032505,0.2575,9.902978831287587,Water Tank + DSM
2024-02-08 01:00:00,230.0936382065931,97.2,-9.45,296.49193432798285,66.39829612138973,25.0,25.0,981.0168386376392,54.46906478205104,,35.88,87.46143325860429,56.11785879615618,20.61508908113483,104.31902126605644,0.2575,10.495371991032515,Water Tank + DSM
2024-02-08 02:00:00,221.7601832310454,97.6,-9.7,296.49193432798285,74.73175109693744,25.0,25.0,975.6117871850904,54.70251978220129,,35.88,84.29378411437617,54.08540082275485,19.868458630968735,111.27907601160967,0.2575,10.11525409372514,Water Tank + DSM
2024-02-08 03:00:00,208.31598300390462,95.7,-9.0,296.4919343279828,88.17595132407817,25.0,25.0,1001.8304915083105,54.815463847426095,,35.879999999999995,79.18347758853632,50.80647605171649,18.663934301363962,122.50759645908815,0.2575,9.502017310624359,Water Tank + DSM
2024-02-08 04:00:00,193.68621662601169,94.0,-8.7,278.65064106516536,84.96442443915367,26.805238982630932,26.835381099332317,990.6617816750631,54.87010547798142,,33.72093417677341,73.6225227284971,47.238401896279775,17.35318994759933,116.88500182769839,0.2547921415260536,8.834702727419652,Water Tank + DSM
2024-02-08 05:00:00,192.99767166267128,93.5,-8.0,277.1265084561801,84.12883679350881,26.95945558340691,26.974038150464988,994.9299311883302,54.89654075622117,,33.53649112224534,73.36079828523947,47.07047170347345,17.291500211775844,115.93593810114974,0.2545608166248896,8.803295794228736,Water Tank + DSM
2024-02-08 06:00:00,175.90680303662458,94.9,-8.0,252.43804938639465,76.53124634977007,29.457512651206414,29.46456760571111,921.5009641800183,54.909329978074744,,30.54881486915713,66.8643480690608,42.90215588328985,15.760255011143306,105.52167642432798,0.2508137310231904,8.023721768287295,Water Tank + DSM
2024-02-08 07:00:00,186.80228677044943,90.0,-7.95,107.41348211969245,-79.38880465075698,27.894635030517275,25.0,413.17159187288576,46.55389900665581,,12.998652888112735,71.00585598224579,13.69316177850601,0.0,0.0,0.2531580474542241,8.520702717869495,Water Tank + DSM
2024-02-08 08:00:00,173.20116655785816,95.5,-7.65,121.93230799238293,-51.26885856547523,25.0,25.0,413.17159187288576,41.77745833423959,,14.755650000000001,65.83590223216545,35.03578710976227,0.0,0.0,0.2575,7.900308267859854,Water Tank + DSM
2024-02-08 09:00:00,185.78894250625876,91.4,-6.85,114.84120922970534,-70.94773327655342,25.0,25.0,413.17159187288576,39.097151401931015,,13.897520000000002,70.62067131385908,21.629292456257655,0.0,0.0,0.2575,8.474480557663087,Water Tank + DSM
2024-02-08 10:00:00,168.75561352504891,91.5,-6.4,296.4919343279828,127.73632080293388,25.0,25.0,1065.1039962351513,47.26568447639521,,35.879999999999995,64.14609262722745,45.64060145581674,18.612399781453046,147.5727845527339,0.2575,7.697531115267293,Water Tank + DSM
2024-02-08 11:00:00,168.30205413017143,90.8,-5.9,296.49193432798285,128.18988019781142,25.0,25.10641813302814,1076.434889812121,51.217569558143296,,35.88,63.97368910032824,45.52998222150941,18.571763424003695,147.95159480946063,0.2575,7.676842692039387,Water Tank + DSM
2024-02-08 12:00:00,151.33833935327377,90.3,-5.45,253.68297653273282,102.34463717945906,29.33154695006585,30.38621220483097,994.0012371287601,53.12946678093412,,30.699469847721243,57.52557163240633,41.39267813119172,17.051910489353155,119.31063622721389,0.25100267957490124,6.90306859588876,Water Tank + DSM
2024-02-08 13:00:00,144.96310011105749,86.6,-4.35,225.6757348914728,80.71263478041533,32.16540902844652,32.675649465566565,990.4001043762075,54.054430669028335,,27.310170801977968,55.10226446999754,39.837812128050935,16.48072509754397,96.62795855996256,0.24675188645733023,6.612271736399705,Water Tank + DSM
2024-02-08 14:00:00,145.41402861545046,87.5,-3.15,217.17874865083124,71.76472003538078,33.02516120955396,33.27201233363924,952.4060571078077,54.50192239822784,,26.281907193373467,55.27366796293531,39.94778971080343,16.52112574208042,87.75435936753631,0.24546225818566908,6.632840155552238,Water Tank + DSM
2024-02-08 15:00:00,135.67390803570706,89.1,-3.8,198.83504979635737,63.16114176065031,34.881235193089225,35.000660219075215,876.080671794911,54.718416090878414,,24.062042709065288,51.57132785194489,37.572258098491716,15.64846600677684,77.54555446307724,0.24267814721036618,6.188559342233387,Water Tank + DSM
2024-02-08 16:00:00,122.98224658052987,83.8,-3.2,178.55581693724824,55.57357035671836,36.933152683364966,36.9909297620986,910.1417548810739,54.82315438188844,,21.607949390695506,46.74707060626598,34.47687105962555,14.511364896440329,67.86632589981605,0.23960027097495257,5.609648472751918,Water Tank + DSM
2024-02-08 17:00:00,124.3992105120146,84.9,-3.1,83.13366448260041,-41.265546029414196,36.832974594481904,34.08966807087012,413.17159187288576,49.85008818855352,,10.06042841737494,47.28567609440264,20.72150636109175,0.0,0.0,0.23975053810827715,5.674281131328317,Water Tank + DSM
2024-02-08 18:00:00,149.81412999726913,89.1,-3.4,105.35558232273713,-44.458547674532,28.184491419477055,25.039202219772214,413.17159187288576,44.148307781338936,,12.749615945903452,56.94620083405925,30.192539633468925,0.0,0.0,0.2527232628707844,6.83354410008711,Water Tank + DSM
2024-02-08 19:00:00,167.1993610290641,89.3,-3.75,111.20918303418755,-55.99017799487656,25.0,25.0,413.17159187288576,40.05490002065674,,13.45799,63.55454183568014,27.323819811940147,0.0,0.0,0.2575,7.6265450202816165,Water Tank + DSM
2024-02-08 20:00:00,157.32066030287584,89.3,-4.3,111.20918303418755,-46.11147726868829,25.0,25.0,413.17159187288576,38.07453501319634,,13.45799,59.799525699729955,32.28004927047339,0.0,0.0,0.2575,7.175943083967595,Water Tank + DSM
2024-02-08 21:00:00,160.84771927165406,88.1,-4.65,296.4919343279828,135.64421505632873,25.000000000000007,25.0,1122.494702846871,46.77094907970262,,35.879999999999995,61.14020436864641,61.52467990851227,40.44207309338172,113.82649162100465,0.2575,7.336824524237569,Water Tank + DSM
2024-02-08 22:00:00,149.70495366954611,90.8,-4.9,295.2946899131145,145.58973624356838,25.12114101021824,27.4420095494769,1074.0656166805518,50.97821967539456,,35.735115351778994,56.90470156369702,58.8070552426085,39.443744294341165,121.93562239327082,0.25731828848467264,6.828564187643642,Water Tank + DSM
2024-02-08 23:00:00,156.2532220033419,87.5,-4.9,263.073104028587,106.81988202524511,28.38142388680572,29.504245533407953,1063.0489422788066,53.01367080847122,,31.835817031380362,59.393779220513785,60.40412155256597,40.03043211448493,84.24495961020331,0.2524278641697914,7.1272535064616545,Water Tank + DSM
2024-02-09 00:00:00,140.48737142060145,89.8,-5.25,239.563191891653,99.07582047105154,32.6968773230923,33.790248536310344,1002.2152542892302,54.99573419454208,,28.990762748925366,53.83136961318131,34.5398089901415,12.688318023030492,124.03110554233747,0.24595468401536155,6.459764353581757,Water Tank + DSM
2024-02-09 01:00:00,151.48756420999086,88.1,-5.45,216.55641209266133,65.06884788267047,33.08813120834133,33.06694020436788,940.4060727171831,54.95731914155542,,26.206595074823777,58.04637796499277,37.24428380491141,13.681816178879341,91.97813738953275,0.24536780318748802,6.965565355799133,Water Tank + DSM
2024-02-09 02:00:00,142.6960554743863,90.2,-5.55,204.3707688558978,61.67471338151151,34.32111347455876,34.3108613997117,873.719062794377,54.93873417979684,,24.73194828442773,54.67768402888825,35.08282950910974,12.887798484537003,87.02233507093791,0.24351832978816187,6.56132208346659,Water Tank + DSM
2024-02-09 03:00:00,159.57837147048775,87.8,-4.9,228.6835679981661,69.10519652767834,31.861066876929574,31.856106987402814,976.6108758702143,54.9297428918325,,27.674164015192233,61.14658000952294,39.233465711639234,14.412549016615205,97.45168568886429,0.24720839968460565,7.337589601142753,Water Tank + DSM
2024-02-09 04:00:00,164.56310239541838,91.2,-5.15,235.89687759613858,71.3337752007202,31.131201194648344,31.128801631195596,938.1537546122775,54.925392963094005,,28.54708337120058,63.05660857742059,40.45899689122758,14.862752124518753,100.56572032835649,0.2483031982080275,7.566793029290471,Water Tank + DSM
2024-02-09 05:00:00,171.64038607433295,91.2,-5.5,246.05510636762776,74.4147202932948,30.10335919336287,30.102198299610553,962.0902770763175,54.92328849484596,,29.776382404738012,65.76845285014444,42.19899689241565,15.50194712937385,104.90382917844002,0.2498449612099557,7.892214342017334,Water Tank + DSM
2024-02-09 06:00:00,178.2886989609169,90.0,-5.9,255.57803475789282,77.28933579697593,29.139798911848025,29.139237278729908,1003.2078443671825,54.92227036630336,,30.928800501429766,68.31592586983889,43.833531405285264,16.102399023153243,108.95940879049705,0.251290301632228,8.197911104380665,Water Tank + DSM
2024-02-09 07:00:00,169.75929621867135,93.4,-6.35,109.0087402887032,-60.75055592996816,30.372273248254594,26.509153238364775,413.17159187288576,47.919206233067065,,13.191703209140316,65.04766462361722,26.47297961070025,0.0,0.0,0.2494415901276181,7.805719754834066,Water Tank + DSM
2024-02-09 08:00:00,177.8877928332916,90.2,-6.6,112.76576568940946,-65.12202714388214,25.0,25.0,413.17159187288576,41.96034567999231,,13.646360000000001,68.16230831889351,26.277987854171958,0.0,0.0,0.2575,8.179476998267221,Water Tank + DSM
2024-02-09 09:00:00,166.54116775752885,92.4,-7.0,116.57074551328525,-49.97042224424361,25.0,25.0,413.17159187288576,39.27575185669848,,14.106820000000003,63.814555477202816,35.5996159713456,0.0,0.0,0.2575,7.657746657264338,Water Tank + DSM
2024-02-09 10:00:00,182.9830556109614,91.9,-7.4,296.4919343279828,113.50887871702139,25.0,25.0,1058.7356614295597,47.35209025652183,,35.879999999999995,70.11469002471854,47.70668761653648,19.84349430196327,139.9766941037399,0.2575,8.413762802966225,Water Tank + DSM
2024-02-09 11:00:00,187.55971061493523,93.9,-7.15,296.4919343279828,108.93222371304756,25.0,25.0,1028.0031313445218,51.259372132772846,,35.879999999999995,71.86835374993223,48.8318904589882,20.256841449005115,136.21300704942726,0.2575,8.624202449991866,Water Tank + DSM
2024-02-09 12:00:00,198.37180130393952,93.0,-6.6,296.49193432798285,98.12013302404333,25.0,25.0,1041.609055141729,53.149690604422524,,35.88,76.01128591732615,51.49011904854761,21.23335089443571,127.32150753265655,0.2575,9.121354310079138,Water Tank + DSM
2024-02-09 13:00:00,185.58037827383552,92.8,-5.6,283.5282810938282,97.94790281999266,26.31170380032808,26.816185375892456,1018.7132547223331,54.06421482802127,,34.31120225480762,71.10992137438394,48.345257672722184,20.078075215690426,124.8770901209175,0.2555324442995079,8.533190564926073,Water Tank + DSM
2024-02-09 14:00:00,148.82933088106225,89.7,-4.9,221.9633866327536,73.13405575169136,32.54103627110323,32.785101294078046,927.6790990619094,54.50665591299838,,26.860920619760538,57.02780711837039,39.30975402354592,16.758851770311104,93.53502023030133,0.24618844559334516,6.843336854204447,Water Tank + DSM
2024-02-09 15:00:00,130.62818850859944,84.3,-4.8,191.57665182334952,60.948463314750086,35.61566306103033,35.73374018876896,940.0568002000991,54.720706135643525,,23.183666979007725,50.05356870443633,34.834875074710766,15.114989546475677,78.11629237389228,0.2415765054084545,6.006428244532359,Water Tank + DSM
2024-02-09 16:00:00,144.50870052758182,88.4,-4.55,209.29996119002956,64.79126066244774,33.82236206548882,33.879487039502166,916.1259559935934,54.8242622911864,,25.328454969675377,55.372245859246235,38.24749664327624,16.368627856014996,84.42473578547751,0.24426645690176677,6.644669503109548,Water Tank + DSM
2024-02-09 17:00:00,173.05551334444476,92.8,-5.25,108.96497522939751,-64.09053811504725,29.797577753121693,25.797850207125336,413.17159187288576,47.573556010155535,,13.18640697627163,66.31069546139675,24.826617262789362,0.0,0.0,0.25030363337031747,7.957283455367611,Water Tank + DSM
2024-02-09 18:00:00,170.17456307648956,91.4,-6.65,114.84120922970534,-55.33335384678422,25.0,25.0,413.17159187288576,41.901267113895535,,13.897520000000002,65.20678485973004,32.10354876324992,0.0,0.0,0.2575,7.824814183167604,Water Tank + DSM
2024-02-09 19:00:00,169.66758509183566,90.1,-7.7,112.59281206105146,-57.0747730307842,25.0,25.0,413.17159187288576,39.03989239844111,,13.62543,65.01252313355721,30.10164067968573,0.0,0.0,0.2575,7.801502776026865,Water Tank + DSM
2024-02-09 20:00:00,181.72437399482237,94.7,-8.1,120.54867896551902,-61.175695029303355,25.0,25.0,413.17159187288576,38.070132489813666,,14.588210000000002,69.63239361174885,32.195582696338725,0.0,0.0,0.2575,8.355887233409861,Water Tank + DSM
2024-02-09 21:00:00,193.6560612053695,94.8,-8.1,296.49193432798285,102.83587312261335,25.0,25.0,1014.748076642372,46.768819166495526,,35.88,74.20432814112992,71.13951749773588,46.14219350278704,85.05602572226815,0.2575,8.90451937693559,Water Tank + DSM
2024-02-09 22:00:00,188.47486980511687,92.8,-8.2,296.49193432798285,108.01706452286598,25.0,25.0,1044.6816482247427,50.97718923674027,,35.88,72.21902066129522,69.86568512763398,45.67424678586984,89.31686316404934,0.2575,8.666282479355427,Water Tank + DSM
2024-02-09 23:00:00,177.79508543982445,93.8,-8.35,293.8720889121609,116.07700347233646,25.265084318913427,26.388199389434977,1024.3473146137858,53.013172288711466,,35.562959154579545,68.12678508350844,67.2399849789087,44.709686775429304,95.47971299696275,0.25710237352162985,8.175214210021013,Water Tank + DSM
2024-02-10 00:00:00,189.58891968683645,92.9,-8.45,290.6067254700644,101.01780578322797,25.595484211527463,26.138840240305218,1031.4833753721741,53.99816812289984,,35.16780088301316,61.62529541539344,39.54062376461503,14.525384587321577,135.59704060987679,0.2566067736827088,7.395035449847213,Water Tank + DSM
2024-02-10 01:00:00,193.5480807758658,95.4,-8.5,286.53059614982885,92.98251537396305,26.007919982787918,26.270792222470384,986.4200105048121,54.47470293119751,,34.67452770058565,62.91220855415481,40.36634553835264,14.828716330317437,128.28386392561342,0.2559881200258181,7.549465026498576,Water Tank + DSM
2024-02-10 02:00:00,189.79879822198683,94.9,-8.75,276.4622936936704,86.66349547168358,27.026662952539752,27.153838893793427,973.0552063735313,54.7052474834051,,33.45611110876246,61.6935157879308,39.58439598615813,14.541464463955288,121.28101016808444,0.25446000557119036,7.403221894551696,Water Tank + DSM
2024-02-10 03:00:00,185.37032060205973,92.0,-8.15,267.8543863291947,82.48406572713498,27.89763848689816,27.959165409837226,998.2182590970078,54.81678349216483,,32.41442436966981,60.25405275380807,38.66079365903483,14.202175961905484,116.29386777979607,0.25315354226965275,7.230486330456968,Water Tank + DSM
2024-02-10 04:00:00,179.39370040538932,94.5,-8.55,258.2099586349199,78.81625822953055,28.87349245568835,28.903258795210043,939.9277488051605,54.870743913831376,,31.247303022996736,58.31137073518695,37.414311053559274,13.744276275402767,111.53598100123087,0.2516897613164675,6.997364488222433,Water Tank + DSM
2024-02-10 05:00:00,205.77670920240968,93.9,-9.0,295.3846931339203,89.6079839315106,25.11203419714323,25.12643496555803,1025.8321258443025,54.89684962748215,,35.74600710021671,66.88708662485448,42.916745617481425,15.76561460034506,127.13971923080302,0.25733194870428516,8.026450394982536,Water Tank + DSM
2024-02-10 06:00:00,217.13558763268892,98.0,-9.25,296.49193432798285,79.35634669529392,25.0,25.0,970.2659691731172,54.90947940805407,,35.88,70.57925513348752,45.285750826971295,16.635876839050635,118.95983452768152,0.2575,8.469510616018502,Water Tank + DSM
2024-02-10 07:00:00,225.14112039224216,97.5,-9.6,125.39138055954272,-99.7497398326994,25.0,25.0,413.17159187288576,46.00007714722858,,15.17425,73.1814289423788,5.518486810691208,0.0,0.0,0.2575,8.781771473085454,Water Tank + DSM
2024-02-10 08:00:00,215.1048965703701,96.0,-9.8,122.79707613417288,-92.30782043619722,25.0,25.0,413.17159187288576,41.55458314314477,,14.8603,69.91918524744405,8.267813925143876,0.0,0.0,0.2575,8.390302229693287,Water Tank + DSM
2024-02-10 09:00:00,216.65715717442822,96.4,-9.8,123.48889064760485,-93.16826652682337,25.0,25.0,413.17159187288576,39.43992930030068,,14.944020000000002,70.42374278405941,8.133151382156264,0.0,0.0,0.2575,8.450849134087129,Water Tank + DSM
2024-02-10 10:00:00,214.1612401617495,97.9,-9.75,296.49193432798285,82.33069416623334,25.0,25.0,971.5969238633409,47.431518274284194,,35.88,69.61245263328108,52.88571661624924,20.00290666750064,109.57648403766241,0.2575,8.353494315993728,Water Tank + DSM
2024-02-10 11:00:00,215.2648958161765,95.1,-9.2,296.4919343279828,81.22703851180628,25.0,25.0,1010.4053601945443,51.297798909723674,,35.879999999999995,69.97119251034394,53.115894798969364,20.08746341722528,108.67412478866468,0.2575,8.396543101241274,Water Tank + DSM
2024-02-10 12:00:00,212.0502365923247,95.6,-8.4,296.4919343279828,84.4416977356581,25.0,25.0,1003.2495148673875,53.168281238161434,,35.879999999999995,68.92627741373957,52.44544617195184,19.841171800496003,111.30246042159757,0.2575,8.271153289648748,Water Tank + DSM
2024-02-10 13:00:00,203.48131963700374,95.8,-7.6,296.4919343279828,93.01061469097905,25.0,25.0,1000.415476689796,54.07320886005411,,35.879999999999995,66.14097730425067,50.65831471954291,19.184662894392986,118.30848756195712,0.2575,7.93691727651008,Water Tank + DSM
2024-02-10 14:00:00,206.71451646331906,92.2,-7.45,296.49193432798285,89.77741786466379,25.0,25.0,1054.009162941035,54.51100716930001,,35.88,67.19191799153826,51.33262954488952,19.43237477241999,115.66499541080225,0.2575,8.06303015898459,Water Tank + DSM
2024-02-10 15:00:00,205.1681147728846,95.4,-7.05,296.49193432798285,91.32381955509825,25.0,25.0,1006.0996555346243,54.72281124615827,,35.88,66.68926487678186,51.010112345406384,19.313896966242567,116.9293479852958,0.2575,8.002711785213823,Water Tank + DSM
2024-02-10 16:00:00,211.554548154272,95.4,-7.45,296.49193432798285,84.93738617371085,25.0,25.0,1006.0996555346243,54.82528073045362,,35.88,68.76515541104317,52.34206549935831,19.803194553671155,111.70773995321954,0.2575,8.25181864932518,Water Tank + DSM
2024-02-10 17:00:00,195.6205524523164,93.5,-7.45,115.81784556409752,-79.80270688821886,26.535318967480293,25.0,413.17159187288576,46.251147090020346,,14.015707740106375,63.585859100359016,11.662719844041924,0.0,0.0,0.25519702154877955,7.630303092043082,Water Tank + DSM
2024-02-10 18:00:00,187.43221245449496,92.6,-7.7,116.91665277000122,-70.51555968449374,25.0,25.0,413.17159187288576,41.369638814714776,,14.14868,60.924264360745845,17.12128154005493,0.0,0.0,0.2575,7.310911723289501,Water Tank + DSM
2024-02-10 19:00:00,184.98025240119628,94.1,-7.9,119.51095719537105,-65.46929520582523,25.0,25.0,413.17159187288576,39.1431767754507,,14.462629999999999,60.127262284459604,21.02109402380799,0.0,0.0,0.2575,7.215271474135152,Water Tank + DSM
2024-02-10 20:00:00,183.120841727794,93.4,-8.0,118.30028179686515,-64.82055993092884,25.0,25.0,413.17159187288576,38.0029439090189,,14.316120000000002,59.52286656219785,20.800432966973254,0.0,0.0,0.2575,7.142743987463742,Water Tank + DSM
2024-02-10 21:00:00,185.67876021487655,92.5,-8.05,296.49193432798285,110.8131741131063,25.0,25.0,1049.324677772408,46.73631375240389,,35.88,60.354310101595274,86.59079578437624,41.79718686787297,69.24217886462468,0.2575,7.242517212191432,Water Tank + DSM
2024-02-10 22:00:00,177.96220375579696,94.6,-7.9,296.49193432798285,118.52973057218588,25.0,25.0,1017.6640193913443,50.96146332122355,,35.88,57.846067150657895,84.98143245127179,41.20598169384141,75.55130804212918,0.2575,6.941528058078947,Water Tank + DSM
2024-02-10 23:00:00,180.56753282743088,91.6,-7.7,296.4919343279829,115.92440150055202,25.0,25.97600985980309,1063.504740985549,53.00556418939174,,35.88000000000001,58.69292135479048,85.52479931456034,41.4055893861291,73.42116647574366,0.2575,7.043150562574858,Water Tank + DSM
2024-02-11 00:00:00,171.68358213341702,92.7,-7.65,265.0906360773578,93.40705394394075,28.177283556309693,28.722806039452994,981.4824086969895,53.9944873721545,,32.079968866653616,70.51057253579766,45.241682028012605,16.619688013679873,110.75246583661178,0.25273407466553544,8.461268704295719,Water Tank + DSM
2024-02-11 01:00:00,167.100345615597,92.5,-7.45,248.76643398806954,81.66608837247253,29.829018413072795,30.09293876979284,948.2570053436183,54.472922207066574,,30.104493977964943,68.62823395150991,44.033917566077896,16.17601157081605,98.54845001761703,0.25025647238039084,8.23538807418119,Water Tank + DSM
2024-02-11 02:00:00,171.83224995172603,90.3,-7.2,250.8011262958573,78.96887634413127,29.623141752812252,29.75082476651667,987.4319442003449,54.70438598023636,,30.35072246363655,70.57163051732597,45.28085864630164,16.634079679599623,96.32930833663775,0.25056528737078165,8.468595662079117,Water Tank + DSM
2024-02-11 03:00:00,168.33493590100892,92.8,-6.45,243.5150037485983,75.18006784758938,30.36037488164324,30.422147123054405,931.6788007162595,54.816366702333696,,29.46899164155469,69.13528108315633,44.35925409758197,16.295525068340357,92.18716172835626,0.24945943767753515,8.29623372997876,Water Tank + DSM
2024-02-11 04:00:00,187.34909876507078,90.8,-6.1,269.58436512621444,82.23526636114366,27.72259371197628,27.752478735036554,1020.9903800441248,54.8705422735245,,32.62377792047637,76.94441165448859,49.36982470448039,18.136175471338305,101.16338543589318,0.2534161094320356,9.233329398538629,Water Tank + DSM
2024-02-11 05:00:00,177.18060342241472,93.3,-5.95,254.51557874861697,77.33497532620225,29.247301601088196,29.261759787854782,949.2436838031995,54.896752075166056,,30.80022728509853,72.76820319280183,46.69024505406122,17.151822640022313,95.23575831059682,0.2511290475983677,8.73218438313622,Water Tank + DSM
2024-02-11 06:00:00,173.6034399571871,90.3,-5.7,249.1438693170452,75.54042935985808,29.79082830211772,29.79782308221729,983.6254861816217,54.909432212855215,,30.150169350667205,71.29905954579121,45.74759876229008,16.80553827184192,93.07980694403466,0.25031375754682345,8.555887145494946,Water Tank + DSM
2024-02-11 07:00:00,152.54218774157803,89.6,-5.45,98.15237185018609,-54.38981589139195,32.849313251165604,29.38146610309836,413.17159187288576,48.622918741877655,,11.877918736531038,62.64918788311007,15.986021157770807,0.0,0.0,0.2457260301232516,7.517902545973209,Water Tank + DSM
2024-02-11 08:00:00,153.28298682637137,88.6,-5.3,107.48087701068933,-45.802109815682044,26.455668001240856,25.0,413.17159187288576,42.77505171205229,,13.006808687340289,62.95343460812413,24.915497313282543,0.0,0.0,0.2553164979981387,7.554412152974894,Water Tank + DSM
2024-02-11 09:00:00,155.4818096144283,90.0,-5.15,112.41985843269347,-43.06195118173483,25.0,25.0,413.17159187288576,39.45361183771539,,13.604500000000002,63.856492732634656,28.6700900295207,0.0,0.0,0.2575,7.662779127916158,Water Tank + DSM
2024-02-11 10:00:00,166.0390115570785,89.7,-4.9,296.49193432798285,130.4529227709043,25.0,25.0,1094.7359466713688,47.43813780009093,,35.88,68.1923432787505,47.46787991660811,19.263015951785945,140.32466774663408,0.2575,8.18308119345006,Water Tank + DSM
2024-02-11 11:00:00,160.26098408504328,89.8,-4.1,296.49193432798285,136.23095024293957,25.0,26.392635776988843,1093.0465393462587,51.30100139480213,,35.88,65.81930317719805,45.94526675587038,18.703678752932117,145.51893371285607,0.2575,7.898316381263765,Water Tank + DSM
2024-02-11 12:00:00,170.10082449085897,87.3,-3.15,279.674776912591,109.57395242173206,26.701613649643683,27.7325211616194,1102.5366034582926,53.16983058036166,,33.84487007502616,69.86053281635931,48.538239976223835,19.65621641330067,119.85606755337253,0.2549475795255345,8.383263937963116,Water Tank + DSM
2024-02-11 13:00:00,160.50038028819455,89.6,-2.25,247.48354139532617,86.98316110713162,29.958825579225675,30.457572169353934,991.29042485254,54.07395842209568,,29.9492446072461,65.91762337262581,46.00835191967636,18.726853305551494,96.29533108164921,0.2500617616311615,7.910114804715096,Water Tank + DSM
2024-02-11 14:00:00,147.65035850762746,86.0,-1.65,220.18203872748006,72.5316802198526,32.721278736313394,32.96256920929466,987.2539313560598,54.51136980271568,,26.64535063136918,60.640110044990635,42.622142287833555,17.482917512109964,80.54559605822033,0.2459180818955299,7.276813205398876,Water Tank + DSM
2024-02-11 15:00:00,119.88263298747512,83.8,-1.85,176.17193269027698,56.289299702801856,37.174361698278766,37.291096516127936,902.6361119926785,54.72298668593095,,21.319463408858606,49.235884899447576,35.30485199709618,14.794885673190151,61.49780671590763,0.23923845745258185,5.856797072889756,Water Tank + DSM
2024-02-11 16:00:00,123.27289314111401,84.0,-2.1,178.9260532987494,55.653160157635384,36.89569098691035,36.95216655981595,907.4312285610631,54.825365607115565,,21.65275357965522,50.62826721992253,36.19824593702445,15.123077019960293,61.204189490333,0.23965646351963446,6.075392066390703,Water Tank + DSM
2024-02-11 17:00:00,127.18976592845254,87.4,-2.6,88.15165313077392,-39.03811279767862,36.43162543181098,33.717911369009364,413.17159187288576,49.905944628110845,,10.667680797121964,52.23692973356057,19.64130155860411,0.0,0.0,0.24035256185228354,6.268431568027268,Water Tank + DSM
2024-02-11 18:00:00,146.09498618045714,85.7,-3.3,98.44832281712364,-47.6466633633335,28.77819746148991,25.587119975661167,413.17159187288576,44.12115921368555,,11.913733271310162,60.00131749457723,19.75473616656927,0.0,0.0,0.2518327038077651,7.2001580993492675,Water Tank + DSM
2024-02-11 19:00:00,152.58673198641702,88.9,-3.65,110.51736852075561,-42.06936346566141,25.0,25.0,413.17159187288576,40.00571743239241,,13.374270000000003,62.66748223698912,28.327024216494614,0.0,0.0,0.2575,7.520097868438695,Water Tank + DSM
2024-02-11 20:00:00,170.21236717884923,89.6,-3.75,111.72804391926151,-58.484323259587725,25.0,25.0,413.17159187288576,38.07777699648556,,13.52078,69.90634347975904,20.043708845368844,0.0,0.0,0.2575,8.388761217571085,Water Tank + DSM
2024-02-11 21:00:00,157.12290279289022,89.4,-3.6,296.49193432798285,139.36903153509263,25.0,25.0,1099.8356482862973,46.772517530889544,,35.88,64.53049089926202,73.17383075933353,41.887363020905504,96.79700266952412,0.2575,7.743658907911442,Water Tank + DSM
2024-02-11 22:00:00,155.8660402166708,86.2,-3.5,296.49193432798285,140.62589411131205,25.0,26.5521365342573,1157.3433946019209,50.97897848224403,,35.88,64.01429652151903,72.84262508247365,41.765693472581404,97.92688281209378,0.2575,7.6817155825822825,Water Tank + DSM
2024-02-11 23:00:00,148.94178087642976,89.0,-3.25,290.7569415458199,141.81516066939017,29.43953779934121,31.658469750704523,1166.1993864223525,55.001458426667924,,35.18597929589418,61.17049815478103,71.01795940706131,41.09539624013441,98.41658259264031,0.2508406933009882,7.340459778573723,Water Tank + DSM
2024-02-12 00:00:00,148.8553623183803,87.6,-3.0,212.73775325988822,63.882390941507936,33.474515294110304,33.45169427886107,938.9523337792988,54.96008848916485,,25.74447970824408,68.7741076671522,44.127514483844834,16.210394721543413,68.93245320612301,0.24478822705883455,8.252892920058262,Water Tank + DSM
2024-02-12 01:00:00,137.48035253457584,85.6,-2.7,196.88883334969623,59.408480815120384,35.07815958340079,35.067118919319284,930.9850325653283,54.940073972805465,,23.826521138252655,63.51862922551544,40.755443090708816,14.971652658879274,64.07263486135398,0.24238276062489883,7.622235507061852,Water Tank + DSM
2024-02-12 02:00:00,134.6091365002996,86.1,-2.55,192.98294023610683,58.37380373580723,35.47337031206115,35.4680289080075,910.6273258963902,54.930391075289094,,23.353849106774867,62.19207089666855,39.904283783005944,14.658976350001044,62.94054899862566,0.24178994453190827,7.463048507600226,Water Tank + DSM
2024-02-12 03:00:00,130.06535490673102,85.9,-1.55,186.58441754616564,56.51906263943462,36.12079325506065,36.11820911727203,895.4228555792281,54.92570655018596,,22.57953126694747,60.09275435432102,38.557299805010096,14.16415713749132,60.93165571312832,0.24081881011740902,7.211130522518523,Water Tank + DSM
2024-02-12 04:00:00,130.9200357027172,83.6,-1.3,187.8522712143952,56.93223551167799,35.99250777527821,35.99125758561959,942.631440437938,54.92344020631473,,22.732960700767258,60.487633706792586,38.81066615081414,14.257232138942905,61.37382445874083,0.24101123833708268,7.25851604481511,Water Tank + DSM
2024-02-12 05:00:00,139.33510176081762,85.5,-1.45,199.90193900302606,60.566837242208436,34.77328393879084,34.77267910487315,941.4148285757738,54.92234376336067,,24.191152409206158,64.3755598795035,41.30527530414181,15.173635419853307,65.29391545141395,0.24284007409181374,7.725067185540419,Water Tank + DSM
2024-02-12 06:00:00,154.7364939929584,87.6,-1.55,221.9252813256038,67.1887873326454,32.54489188767198,32.544599272815105,962.9637422841288,54.92181331113458,,26.856309302344318,71.49130627318583,45.87094998465178,16.85085176903878,72.43837268249202,0.24618266216849202,8.578956752782299,Water Tank + DSM
2024-02-12 07:00:00,154.81800600894675,87.0,-1.75,94.20339048782597,-60.61461552112078,32.53257345209431,28.85771316010003,413.17159187288576,48.2600264032375,,11.400032376476661,71.52896642916838,7.392577517069299,0.0,0.0,0.24620113982185854,8.583475971500203,Water Tank + DSM
2024-02-12 08:00:00,146.62749872520766,86.0,-2.15,101.94705076488549,-44.68044796032217,27.05526913036524,25.0,413.17159187288576,42.61991622988083,,12.337132171014556,67.74479083073975,19.728885731366844,0.0,0.0,0.25441709630445214,8.129374899688768,Water Tank + DSM
2024-02-12 09:00:00,135.36305107587012,86.6,-2.35,106.53943506852181,-28.823616007348306,25.0,25.0,413.17159187288576,39.072147871744185,,12.89288,62.540394271685585,30.637562844309933,0.0,0.0,0.2575,7.504847312602269,Water Tank + DSM
2024-02-12 10:00:00,130.53706029283967,85.2,-2.35,296.49193432798285,165.95487403514318,25.0,25.0,1176.5683679341785,47.25358792527208,,35.88,60.31069152840835,43.820773379890376,17.6132821435633,161.86207542892421,0.2575,7.237282983409002,Water Tank + DSM
2024-02-12 11:00:00,114.38027159675002,85.1,-2.25,240.036785259984,125.65651366323397,30.712312127069282,32.89574620470765,1054.3334402989897,51.21171732255973,,29.048074696025147,52.845937098106624,39.031164755149,15.853802887209735,121.01558036008036,0.2489315318093961,6.341512451772794,Water Tank + DSM
2024-02-12 12:00:00,119.91180009861255,83.1,-2.05,208.82429812440213,88.91249802578959,33.87049117227605,34.92682288811052,1013.3426075687901,53.12663550605445,,25.27089255795785,55.40161215627039,40.67096194002744,16.45618804171207,84.45922718180324,0.24419426324158594,6.648193458752447,Water Tank + DSM
2024-02-12 13:00:00,129.3546143215461,86.0,-1.9,203.39522109968578,74.04060677813968,34.41982250943587,34.930869169971956,942.0168874933672,54.053060915994664,,24.613892278714715,59.76437821275904,43.47024249600446,17.484513413750463,69.90769254768944,0.2433702662358462,7.171725385531085,Water Tank + DSM
2024-02-12 14:00:00,141.16817028199736,86.8,-1.95,211.1238747191726,69.95570443717523,33.637812674631654,33.88505384455032,948.7139409380757,54.50125972029897,,25.54917604114054,65.22247362095973,46.97231896561481,18.77101328988096,66.22357652867954,0.24454328098805253,7.826696834515167,Water Tank + DSM
2024-02-12 15:00:00,129.45498979190052,85.2,-1.75,189.95318343066742,60.49819363876691,35.7799307733742,35.89954450108862,918.2141960362724,54.71809549145164,,22.987202795044468,59.81075365599319,43.499998360710315,17.495444333332156,56.368684743315924,0.2413301038399387,7.177290438719183,Water Tank + DSM
2024-02-12 16:00:00,121.46737196155608,83.1,-1.2,176.3938443757392,54.926472414183124,37.15190796583927,37.209776337285916,917.1000543290606,54.82299927789605,,21.34631807285623,56.12031697899118,41.13210434594147,16.625590295841867,50.52597585150312,0.2392721380512411,6.683287298311739,Water Tank + DSM
2024-02-12 17:00:00,132.2647101499575,84.4,-1.0,84.23647945804427,-48.02823069191322,35.69533837608399,32.66059847919658,413.17159187288576,49.321622651960105,,10.193885677885623,61.10889977186032,10.071934186767699,0.0,0.0,0.241456992435874,7.333067972623239,Water Tank + DSM
2024-02-12 18:00:00,147.4586801903091,87.0,-1.25,102.04841251263166,-45.41026767767745,27.99666281565043,25.0,413.17159187288576,43.62358611697527,,12.349398472684365,68.12881302974904,19.364180639914018,0.0,0.0,0.25300500577652435,8.175457563569886,Water Tank + DSM
2024-02-12 19:00:00,146.910142625847,86.1,-1.15,105.67466692673186,-41.23547569911513,25.0,25.0,413.17159187288576,39.51265671791343,,12.78823,67.87537787679092,23.298015503753412,0.0,0.0,0.2575,8.14504534521491,Water Tank + DSM
2024-02-12 20:00:00,153.1443153085449,84.4,-1.1,102.73445524464606,-50.40986006389883,25.0,25.0,413.17159187288576,37.37060965544568,,12.432420000000002,70.7556883783263,16.862127751832343,0.0,0.0,0.2575,8.490682605399156,Water Tank + DSM
2024-02-12 21:00:00,170.09627194068486,88.3,-1.3,296.49193432798285,126.39566238729799,25.0,25.0,1118.9481161080182,46.430394405491256,,35.88,78.58782604827528,96.47155283930726,47.49762928963392,57.14498554822693,0.2575,9.430539125793032,Water Tank + DSM
2024-02-12 22:00:00,167.0400389921876,89.9,-1.65,296.4919343279828,129.4518953357952,25.0,25.0,1091.36233820705,50.813461459412956,,35.879999999999995,77.17578626292791,95.56554608482865,47.16480458191422,60.09753283539019,0.2575,9.261094351551348,Water Tank + DSM
2024-02-12 23:00:00,147.7927565413024,84.0,-1.4,292.25854494194533,144.46578840064294,29.44018866683649,31.749599401518857,1279.6615882657175,54.999961346437175,,35.36769597555731,68.28316288033164,89.85977424095317,45.06876960550163,74.45844321094998,0.2508397169997453,8.193979545639797,Water Tank + DSM
2024-02-13 00:00:00,131.1794079283362,84.6,-1.5,187.48911514458538,56.309707216249194,36.02925306522679,36.00685835303501,922.1510247232304,54.95936421113647,,22.68901333398877,63.22061011439958,40.5642251587238,14.901408091706807,66.6440630673451,0.2409561204021598,7.586473213727949,Water Tank + DSM
2024-02-13 01:00:00,129.41892466606927,86.7,-1.9,185.37416097399236,55.95523630792309,36.24325087687586,36.23241645554049,877.6688978459172,54.939723571636826,,22.433071951256473,62.37216272700547,40.019836061634926,14.701424878304973,66.15090072269155,0.2406351236846862,7.484659527240655,Water Tank + DSM
2024-02-13 02:00:00,140.43149819767797,84.2,-2.1,201.3080387778287,60.87654058015073,34.63101027681184,34.625768651705556,970.1789025494228,54.93022155340087,,24.361311708933044,67.6795629401421,43.42522200877398,15.9524051573445,71.93977907159271,0.24305348458478224,8.121547552817052,Water Tank + DSM
2024-02-13 03:00:00,136.460613787498,87.2,-2.05,195.72654421031763,59.26593042281962,35.195763707305176,35.19322784194566,899.1078329878206,54.92562453655941,,23.685866606063016,65.76583471808397,42.197317020959105,15.501330022797363,70.01634136620018,0.24220635443904223,7.891900166170075,Water Tank + DSM
2024-02-13 04:00:00,148.41479671894706,86.3,-2.3,212.85754420706914,64.44274748812208,33.46239446383014,33.46116762806998,962.3802348681351,54.92340052863646,,25.75897622125916,71.52703421029558,45.893874092513975,16.859273019168818,76.13491279885108,0.2448064083042548,8.583244105235469,Water Tank + DSM
2024-02-13 05:00:00,137.25655167768926,86.9,-2.4,196.93155449163035,59.67500281394109,35.073836921939765,35.073243386491725,907.751609822518,54.92232456754873,,23.831691041360042,66.14942906284995,42.4434425699303,15.591745092545747,70.48811799972151,0.24238924461709035,7.937931487541993,Water Tank + DSM
2024-02-13 06:00:00,129.8640803132953,85.3,-2.45,186.3764667837007,56.5123864704054,36.14183437676296,36.14154722803488,905.7246381954691,54.92180402432112,,22.554366085391507,62.58670106086404,40.15749024219517,14.751992616552936,66.74312038990948,0.24078724843485555,7.5104041273036835,Water Tank + DSM
2024-02-13 07:00:00,109.79407387804962,84.9,-2.4,79.31001683244335,-30.484057045606264,39.043768138658166,36.79050052864541,413.17159187288576,50.83708039630386,,9.597709328578848,52.91416120209803,24.588983599116006,0.0,0.0,0.23643434779201275,5.700833683759742,Water Tank + DSM
2024-02-13 08:00:00,128.16524520008747,82.9,-2.5,87.51061022650775,-40.65463497357972,32.302269812245314,29.532762687719387,413.17159187288576,45.816517752415656,,10.590104928297057,61.76796438536817,23.633440956503442,0.0,0.0,0.24654659528163203,7.412155726244181,Water Tank + DSM
2024-02-13 09:00:00,143.96572121633722,89.1,-2.65,110.86327577747156,-33.10244543886566,25.0,25.0,413.17159187288576,40.84394540364703,,13.416129999999999,69.38284655034148,39.11119721001333,0.0,0.0,0.2575,8.325941586040978,Water Tank + DSM
2024-02-13 10:00:00,167.65274318816918,88.3,-2.7,296.49193432798285,128.83919113981366,25.0,25.0,1118.9481161080182,48.11077246139076,,35.88,80.79857104934592,54.04047829524624,22.143549566026618,136.75028803050748,0.2575,9.69582852592151,Water Tank + DSM
2024-02-13 11:00:00,158.12721111361284,87.9,-2.75,294.09067672864876,135.96346561503591,25.242966906142993,27.18231226959652,1121.2751729048173,51.62641782627468,,35.589411580252985,76.20783566695478,51.094925834451196,21.061490704995997,143.12413803222339,0.2571355496407855,9.144940280034572,Water Tank + DSM
2024-02-13 12:00:00,129.22875476561467,87.3,-2.75,218.042083847608,88.81332908199334,32.937806199502816,33.87604932593979,958.1734337771823,53.327265009428515,,26.38638378539463,62.28051223610904,42.158740585923844,17.778752216824515,93.69737183478466,0.2455932907007458,7.473661468333084,Water Tank + DSM
2024-02-13 13:00:00,115.19836112654207,82.2,-2.4,181.1795010011087,65.98113987456662,36.66767995779415,37.1215960992382,950.5830266802473,54.15012421170698,,21.925454770478204,55.51870365642756,37.82016294154397,16.184960747531363,69.75986371422228,0.2399984800633088,6.662244438771308,Water Tank + DSM
2024-02-13 14:00:00,106.13008808076255,84.6,-2.15,160.08626218567736,53.956174104914794,38.80196116816573,39.02156295117682,835.0413074538868,54.54821833414239,,19.372854442873784,51.14833971217692,35.016007354634,15.154844516056933,57.0204964840822,0.2367970582477514,5.584796833596278,Water Tank + DSM
2024-02-13 15:00:00,113.29673914595175,84.4,-1.4,166.3948391720893,53.098100026137544,38.16363921845968,38.26988118409727,859.7199097199973,54.7408137743815,,20.13628749472223,54.60223586839217,37.23212993083253,15.968944791853199,56.72701347594586,0.23775454117231049,6.171044485774779,Water Tank + DSM
2024-02-13 16:00:00,102.89681976208615,82.7,-1.2,149.62727649719767,46.73045673511152,39.86023471400626,39.91163391080591,834.3811119059965,54.83399024072562,,18.107159282048514,49.59009822444319,34.01619323633117,14.787559349524503,49.5400611986017,0.2352096479289906,5.099775864457986,Water Tank + DSM
2024-02-13 17:00:00,97.651432830048,81.9,-1.35,71.23617376419894,-26.415259065849057,40.71198073696959,38.7255467223907,413.17159187288576,51.232982566895984,,8.620652431752266,47.062136196205394,22.56699598042971,0.0,0.0,0.23393202889454562,4.599293885538924,Water Tank + DSM
2024-02-13 18:00:00,109.66644969851484,83.6,-1.75,83.40964892171516,-26.25680077679968,35.37340324478838,33.24572251797838,413.17159187288576,47.375922846577815,,10.093826700865792,52.85265399892522,28.75222319217218,0.0,0.0,0.24193989513281744,6.342318479871026,Water Tank + DSM
2024-02-13 19:00:00,127.8404827690658,85.8,-2.0,98.4312335965298,-29.409249172536008,28.888078272176617,26.44816391917165,413.17159187288576,42.95284599420098,,11.911665217633434,61.61144836387001,34.715924936603685,0.0,0.0,0.25166788259173506,7.393373803664401,Water Tank + DSM
2024-02-13 20:00:00,147.27445122377776,86.4,-2.45,106.19352781180585,-41.08092341197191,25.0,25.0,413.17159187288576,39.21519306339888,,12.851020000000002,70.97745604795782,32.79238824950408,0.0,0.0,0.2575,8.517294725754939,Water Tank + DSM
2024-02-13 21:00:00,167.99156356959372,88.4,-2.85,296.49193432798285,128.50037075838912,25.0,25.0,1117.1832137166805,47.322792292049165,,35.88,80.9618621601318,67.19345046896755,44.58136514454473,100.99063322837011,0.2575,9.715423459215815,Water Tank + DSM
2024-02-13 22:00:00,176.70140055523436,90.8,-3.15,296.49193432798285,119.79053377274849,25.0,25.0,1076.434889812121,51.24519796126989,,35.88,85.15948141246126,69.8867679199376,45.57076460429968,92.96695999538053,0.2575,10.219137769495351,Water Tank + DSM
2024-02-13 23:00:00,170.14624507916028,89.0,-3.55,280.2912034154953,110.14495833633504,26.639241649106655,27.686039541466112,1073.7393179790997,53.14283322912658,,33.91946698766844,82.00028946963324,67.85973633867613,44.82612755801167,82.80496730706112,0.25504113752634,9.84003473635599,Water Tank + DSM
2024-02-14 00:00:00,170.8474905744406,87.8,-3.8,262.53900984926094,91.69151927482034,28.43546524012651,28.941899496645945,1056.4952538939021,54.06089727285135,,31.771183572808695,78.92472007301326,50.640449528052834,18.602943884969246,104.00077973533826,0.25234680213981026,9.47096640876159,Water Tank + DSM
2024-02-14 01:00:00,154.41607216028692,91.7,-4.15,229.9810482524756,75.56497609218869,31.72978368463125,31.974793402408093,916.1302211071394,54.50505090060945,,27.831178713181036,71.33406074065051,45.77005657069352,16.813788225256673,86.69038182756248,0.24740532447305313,8.560087288878062,Water Tank + DSM
2024-02-14 02:00:00,141.45887896857138,86.4,-4.6,207.07232519894026,65.61344623036888,34.047761383295395,34.16629554845567,944.9037641182192,54.71992964071378,,25.05887738557871,65.34835476305805,41.929449455867896,15.402927948399611,75.80530904218078,0.2439283579250569,7.841802571566967,Water Tank + DSM
2024-02-14 03:00:00,121.2995594396021,86.1,-4.95,176.13587059137035,54.83631115176824,37.17801057651773,37.23535666236987,860.0911459497072,54.8238866278083,,21.315099350484804,56.03555394089391,35.95407926053073,13.207855087243491,63.575730536084976,0.2392329841352234,6.664416945332216,Water Tank + DSM
2024-02-14 04:00:00,144.28218436961873,88.4,-5.15,207.95647253987002,63.67428817025129,33.958300534088785,33.98604421084323,912.5182192883547,54.87418036631646,,25.165872561229822,66.65260914636255,42.766297888252225,15.710347107845385,74.0695651582049,0.24406254919886683,7.998313097563506,Water Tank + DSM
2024-02-14 05:00:00,165.08253992604438,91.6,-5.35,237.1884139436729,72.10587401762854,31.000519425804114,31.013941642654945,935.0295697027801,54.89851216164663,,28.703378766738286,76.26154302177552,48.93167586470996,17.975219983077906,83.9997799485918,0.24849922086129383,9.151385162613062,Water Tank + DSM
2024-02-14 06:00:00,163.9253510160374,90.6,-5.4,235.29402401359545,71.36867299755804,31.192199843793006,31.198693428143244,946.1678830694119,54.91028373165815,,28.47412898682357,75.72696794264024,48.588676582750374,17.849218013222877,83.17920550789097,0.2482117002343105,9.087236153116828,Water Tank + DSM
2024-02-14 07:00:00,150.78601746440057,88.4,-5.45,95.63620314054509,-55.14981432385548,33.10413598806297,29.63611134958643,413.17159187288576,48.62344850605833,,11.573424337698421,69.65712039017036,16.826659254407847,0.0,0.0,0.24534379601790554,8.358854446820441,Water Tank + DSM
2024-02-14 08:00:00,138.7630860866833,89.0,-5.4,104.54006492304458,-34.22302116363872,28.5560151495283,25.842119719183387,413.17159187288576,43.70369874396268,,12.650926029203728,64.10300607305119,32.014404343765875,0.0,0.0,0.25216597727570755,7.692360728766142,Water Tank + DSM
2024-02-14 09:00:00,136.39390929949218,88.2,-5.45,109.30669312224967,-27.08721617724251,25.0,25.0,413.17159187288576,39.740668182205916,,13.227760000000002,63.00854097962877,38.01930214597468,0.0,0.0,0.2575,7.561024917555453,Water Tank + DSM
2024-02-14 10:00:00,150.7522251968297,87.6,-5.0,296.49193432798285,145.73970913115315,25.0,25.0,1131.4603154894178,47.5770138596076,,35.88,69.6415097116073,47.497798877667,19.72765568778541,150.47459768110775,0.2575,8.356981165392876,Water Tank + DSM
2024-02-14 11:00:00,150.39202128520665,90.6,-3.65,288.31029406571025,137.9182727805036,25.827844468769456,27.919180967509025,1063.34103776962,51.368188761592805,,34.88989801535174,69.47510988449561,47.39103179583851,19.68843443184223,142.62720927373113,0.2562582332968458,8.337013186139473,Water Tank + DSM
2024-02-14 12:00:00,164.16020893657324,85.6,-2.15,270.5201094964143,106.35990055984107,27.627912110705672,28.639687595354292,1114.7600300042986,53.20233540712572,,32.737017115596025,75.83546292593147,51.47202361788694,21.187600860420833,112.06081069751677,0.2535581318339415,9.100255551111776,Water Tank + DSM
2024-02-14 13:00:00,131.53985998806633,87.1,-0.8,205.77034586647704,74.23048587841072,34.179499806677555,34.66899044194973,928.8800237595663,54.08968405346701,,24.901318231213644,60.76616398107424,41.80311288961039,17.63569313876317,77.58115738998733,0.24373075028998367,7.291939677728909,Water Tank + DSM
2024-02-14 14:00:00,131.5969295790418,80.8,0.45,197.08218893899647,65.48525935995465,35.058595247891446,35.29540774795156,1029.2921373049767,54.518977764567694,,23.849920083521834,60.79252785377308,41.82002873503289,17.641907232952583,68.84004263493694,0.24241210712816283,7.2951033424527685,Water Tank + DSM
2024-02-14 15:00:00,116.5017264701558,84.1,-0.2,171.2645675278628,54.76284105770699,37.67090456446536,37.78547296709381,881.2072786505537,54.72666737017027,,20.725598140899432,53.819146648065505,37.34569979650995,15.99824705730333,57.03004156429771,0.23849364315330196,6.241652530916954,Water Tank + DSM
2024-02-14 16:00:00,133.1241310414973,83.6,-0.15,192.9696010092559,59.84546996775862,35.47472001759845,35.53014749240448,957.8916901936763,54.82714629907132,,23.352234858952254,61.498033960500926,42.27270245191697,17.808198484943343,63.310285415375304,0.24178791997360233,7.379764075260111,Water Tank + DSM
2024-02-14 17:00:00,131.2162722512061,84.6,-0.05,84.31297952514508,-46.903292726061025,35.85110682810947,32.86163523792559,413.17159187288576,49.40783206162867,,10.203143340876688,60.61667936491229,15.731722851274682,0.0,0.0,0.2412233397578358,7.274001523789474,Water Tank + DSM
2024-02-14 18:00:00,139.81151691790993,83.8,-0.25,94.45208942712475,-45.35942749078518,29.188778296329197,26.14131108343306,413.17159187288576,43.88338335664137,,11.4301287025783,64.58733926162924,21.378457908666334,0.0,0.0,0.2512168325555062,7.750480711395508,Water Tank + DSM
2024-02-14 19:00:00,140.42895841816724,85.9,-0.9,105.3287596700159,-35.10019874815134,25.0,25.0,413.17159187288576,39.62032085270806,,12.746370000000002,64.87257258525267,31.932417307210535,0.0,0.0,0.2575,7.784708710230319,Water Tank + DSM
2024-02-14 20:00:00,128.80532133840867,85.7,-1.3,104.98285241329991,-23.822468925108765,25.0,25.0,413.17159187288576,37.53985380352733,,12.70451,59.50291629316612,37.66169893045842,0.0,0.0,0.2575,7.140349955179935,Water Tank + DSM
2024-02-14 21:00:00,124.57714087810079,81.4,-0.25,296.49193432798285,171.91479344988204,25.0,25.0,1255.8407047808075,46.512273663110705,,35.88,57.549665717896,61.302070948926925,40.903667060711086,129.17493589553996,0.2575,6.90595988614752,Water Tank + DSM
2024-02-14 22:00:00,115.74144877418577,84.4,-0.15,249.30871024786367,133.5672614736779,29.774149170741808,32.16867716973945,1090.2849407377862,50.853074130836475,,30.1701175917928,53.46792870432845,58.683106991485836,39.941581613384145,90.19080788218976,0.2503387762438873,6.416151444519413,Water Tank + DSM
2024-02-14 23:00:00,118.3227721894523,83.0,-0.15,249.44534124602995,131.12256905657767,33.74164765255504,36.0311090756965,1209.751842769994,55.00340990497341,,30.186652005200425,54.660397070605434,59.44823018812658,40.22265225996901,87.93209526581435,0.24438752852116744,6.559247648472652,Water Tank + DSM
2024-02-15 00:00:00,119.89880749238209,81.9,-0.2,171.33218611482187,51.433378622439776,37.66406270007073,37.640685989040406,925.2615146375589,54.96103260213257,,20.733781010715408,61.68062589997424,39.57612545038831,9.349109648050936,51.433378622439776,0.2385039059498939,7.155916290133772,Water Tank + DSM
2024-02-15 01:00:00,131.9073376703089,85.3,-0.85,188.9142471499232,57.00690947961431,35.88505366143174,35.87374415521576,913.2867560421674,54.9405307287393,,22.86147582092764,67.8582824839258,43.539893787505434,10.28547480207884,57.00690947961431,0.2411724195078524,8.142993898071097,Water Tank + DSM
2024-02-15 02:00:00,135.3912044353514,86.3,-1.3,194.09620004847207,58.70499561312067,35.36072713191309,35.355255663720506,910.2591803096982,54.930612050945854,,23.48857035023196,69.65051951375276,44.68984641029963,10.557129316971762,58.70499561312067,0.24195890930213038,8.35806234165033,Water Tank + DSM
2024-02-15 03:00:00,128.17749642478492,82.9,-0.55,183.88400377241834,55.70650734763342,36.39402973751687,36.39138267551343,944.5740663035792,54.92581345682312,,22.25274043392983,65.93950658162106,42.3087500578043,9.994640426795815,55.70650734763342,0.2404089553937247,7.912740789794527,Water Tank + DSM
2024-02-15 04:00:00,107.6811606613427,84.4,-1.5,154.63695252028265,46.955791858939946,39.3533397084703,39.352059076471065,820.0710105994173,54.92349192707549,,18.71340570866952,55.39539154840468,35.543332015603944,8.39643862276316,46.955791858939946,0.23596999043729455,5.865261938225836,Water Tank + DSM
2024-02-15 05:00:00,95.58957790896915,82.1,-1.1,137.37794968039782,41.78837177142867,41.09966068806155,41.099041126330334,800.442897716571,54.9223687855404,,16.624805817078393,49.17500947884056,31.55214973522895,7.453597444150067,41.78837177142867,0.23335050896790768,4.691396018288127,Water Tank + DSM
2024-02-15 06:00:00,94.57901167902953,80.3,-0.3,135.9446936289051,41.365681949875565,41.244682108769794,41.24438236868912,831.5394524929685,54.92182541670823,,16.451360197911328,48.65513477049524,31.21858264871262,7.374798541242519,41.365681949875565,0.2331329768368453,4.599462692098803,Water Tank + DSM
2024-02-15 07:00:00,112.0220371275859,83.6,-0.8,77.6188397252621,-34.4031974023238,38.72158925940431,36.32818088537975,413.17159187288576,50.58305460518565,,9.393051368006677,57.62850781529799,11.307886947046846,0.0,0.0,0.23691761611089354,6.320145217293873,Water Tank + DSM
2024-02-15 08:00:00,125.97017108151374,85.2,-0.6,91.37885965414934,-34.5913114273644,32.36568798140055,29.797720367806157,413.17159187288576,45.92784279606866,,11.058221505492867,64.8039722791094,16.811370254396735,0.0,0.0,0.2464514680278992,7.7764766734931285,Water Tank + DSM
2024-02-15 09:00:00,146.05321212082345,84.0,-1.5,102.04264073121408,-44.01057138960937,25.0,25.0,413.17159187288576,40.438188173038796,,12.348700000000001,75.1354723764577,15.587083410648042,0.0,0.0,0.2575,9.016256685174923,Water Tank + DSM
2024-02-15 10:00:00,147.19147563136494,89.2,-2.8,296.4919343279828,149.30045869661785,25.000000000000014,25.0,1103.261927564448,47.91446965746816,,35.879999999999995,75.72103954962381,54.51766833079414,13.616251339431209,141.2286672523823,0.25749999999999995,9.086524745954856,Water Tank + DSM
2024-02-15 11:00:00,148.87476980461236,88.0,-4.0,282.8066584511027,133.93188864649034,26.38471988196563,28.379963709497012,1096.4831929081622,51.53144776062699,,34.223875021169114,76.58699176675722,55.073289047660566,13.74750620446909,125.8600972022548,0.25542292017705154,9.190439012010865,Water Tank + DSM
2024-02-15 12:00:00,125.53991988528162,83.9,-0.95,213.7083960073815,88.16847612209989,33.3763025636669,34.34158901652103,1010.4788666694018,53.281319087165045,,25.861942133854395,64.58263427222809,47.37093597936928,11.927971255962646,80.09668467786435,0.24493554615449967,7.74991611266737,Water Tank + DSM
2024-02-15 13:00:00,127.13965897776289,82.1,0.25,198.7007388398751,71.56107986211221,34.89482520424283,35.361824737435995,1005.5661556098528,54.12789586261358,,24.04578905572559,65.40560249488676,47.89897688599757,12.05271091348452,63.48928841787667,0.24265776219363577,7.848672299386411,Water Tank + DSM
2024-02-15 14:00:00,116.53421906715057,86.0,-1.0,175.17609536493882,58.641876297788244,37.27512369650262,37.501055142404326,858.8649358433238,54.537464398230846,,21.19895205898287,59.94975030325678,44.39833973090647,11.225751724616606,50.57008485355271,0.23908731445524609,7.095008454943768,Water Tank + DSM
2024-02-15 15:00:00,115.41371132973663,80.6,0.55,169.5268126151985,54.11310128546188,37.846736151581176,37.956040368435964,947.2615243992408,54.73561108761857,,20.515303562708915,59.373317392747246,44.02848321847333,11.13838013254103,46.041309841226344,0.23822989577262824,6.823156881475214,Water Tank + DSM
2024-02-15 16:00:00,97.8780824634043,81.1,1.2,142.50564311066535,44.62756064726105,40.5808243046817,40.63370499941877,840.1798017564092,54.83147321349243,,17.245334131600693,50.35230553577982,38.2403335080643,9.771039452115296,36.55576920302551,0.23412876354297746,4.960460107537903,Water Tank + DSM
2024-02-15 17:00:00,105.23132975442937,81.2,0.6,71.92573170613704,-33.305598048292325,39.61328546327992,37.33527428903303,413.17159187288576,50.70189445108298,,8.704099352535513,54.135102919619804,9.634508326693574,0.0,0.0,0.23558007180508012,5.6473894852763475,Water Tank + DSM
2024-02-15 18:00:00,116.0719190667724,83.2,-0.9,85.2385033883851,-30.833415678387297,33.915978498032295,31.578075420952274,413.17159187288576,46.46374364443777,,10.315145700361843,59.71192514074467,16.530240786917123,0.0,0.0,0.24412603225295157,7.165431016889361,Water Tank + DSM
2024-02-15 19:00:00,129.40293995764043,86.1,-2.25,100.91854252409087,-28.48439743354956,27.74994196293847,25.317952489777642,413.17159187288576,42.05503301461022,,12.21266714715698,66.56992256066576,24.319040667859653,0.0,0.0,0.2533750870555923,7.9883907072798905,Water Tank + DSM
2024-02-15 20:00:00,148.86463910588273,86.6,-2.85,106.53943506852181,-42.32520403736092,25.0,25.0,413.17159187288576,38.79886091421979,,12.89288,76.58178013995696,18.419665894413637,0.0,0.0,0.2575,9.189813616794835,Water Tank + DSM
2024-02-15 21:00:00,149.6196663627851,88.6,-2.85,296.49193432798285,146.87226796519775,25.0,25.0,1113.6700589565653,47.12137340883053,,35.88,76.97019562757752,95.22775127100289,29.642262618775057,83.05521619611812,0.2575,9.236423475309302,Water Tank + DSM
2024-02-15 22:00:00,153.37374542278351,86.5,-2.65,296.49193432798285,143.11818890519933,25.0,27.162080473452313,1151.6978170672774,51.147752768538474,,35.88,78.9014404075842,96.46689540376343,29.934986937668796,79.30113713611972,0.2575,9.468172848910104,Water Tank + DSM
2024-02-15 23:00:00,142.62817609555455,86.8,-2.15,278.5571516358178,135.92897554026322,30.52136358047295,32.6488892221597,1182.4193347291969,55.00453135053802,,33.70962054447311,73.37350017517483,92.92000441606712,29.097101157383772,72.11192377118368,0.24921795462929058,8.804820021020978,Water Tank + DSM
2024-02-16 00:00:00,150.0354345453217,85.6,-1.75,214.39400666229383,64.35857211697214,33.306930289867985,33.28323424012543,979.4207032926105,54.96157515046486,,25.944911373317893,83.83816357692913,53.79306112475926,3.9011334422126747,64.35857211697214,0.24503960456519802,10.060579629231496,Water Tank + DSM
2024-02-16 01:00:00,136.66702396845935,86.7,-0.95,195.71168722806632,59.04466325960698,35.19726698417693,35.18580298389435,907.7939024620198,54.94079321022049,,23.68406868692439,76.3680416280506,49.000008540339245,3.5535358648225577,59.04466325960698,0.24220409952373462,9.164164995366072,Water Tank + DSM
2024-02-16 02:00:00,126.82354142330686,82.4,0.0,181.84823670813373,55.02469528482686,36.600015145069236,36.594468933616,948.515726373374,54.93073903784061,,22.0063818864972,70.86761099785937,45.470768532226785,3.2975914003625224,55.02469528482686,0.24009997728239615,8.504113319743125,Water Tank + DSM
2024-02-16 03:00:00,116.41492424396918,82.0,0.35,167.0710418595188,50.65611761554962,38.095218872830834,38.09253565050648,909.0549592953432,54.92587489228654,,20.218118228094326,65.05138930106182,41.73890757651903,3.0269526363361625,50.65611761554962,0.23785717169075374,7.378693660529086,Water Tank + DSM
2024-02-16 04:00:00,113.12341888184577,83.2,0.8,162.4147163244473,49.29129744260155,38.566360748473286,38.56506262233758,869.2883412191053,54.92352164916747,,19.65463254482595,63.2121320229374,40.55878536289827,2.9413688428655393,49.29129744260155,0.23715045887729008,6.9913778281842465,Water Tank + DSM
2024-02-16 05:00:00,117.77855679565545,80.8,1.2,169.09134946812094,51.31279267246549,37.890797702334446,37.890169677049684,941.39464869671,54.92238316490214,,20.462605948008004,65.81337229043734,42.22781854229767,3.0624090108012636,51.31279267246549,0.23816380344649835,7.545846269937263,Water Tank + DSM
2024-02-16 06:00:00,130.62033933064572,82.2,1.2,187.45677411633116,56.83643478568544,36.03252543366347,36.032221598968626,969.9867380655326,54.92183237335326,,22.68509958133849,72.98922023629473,46.832056167556296,3.3963135144719625,56.83643478568544,0.2409512118495048,8.758706428355366,Water Tank + DSM
2024-02-16 07:00:00,125.41584491199168,85.5,1.15,84.25499917683997,-41.16084573515171,36.7846304661248,34.0317227688238,413.17159187288576,49.93136117190889,,10.19612684344008,70.08100554868686,7.066202628865888,0.0,0.0,0.2398230543008128,8.409720665842423,Water Tank + DSM
2024-02-16 08:00:00,135.9132239661128,79.9,1.0,85.82639623428561,-50.0868277318272,30.276064931903655,27.14045734917743,413.17159187288576,44.24713160040252,,10.386289609752566,75.94682641250812,2.1768525880152936,0.0,0.0,0.24958590260214453,9.113619169500975,Water Tank + DSM
2024-02-16 09:00:00,112.6488892015715,84.8,0.6,98.31334146608182,-14.335547735489683,27.956242283285977,26.139168831175777,413.17159187288576,40.95314076207704,,11.897398490108246,62.94697001585885,28.982132191551152,0.0,0.0,0.25306563657507103,7.553636401903063,Water Tank + DSM
2024-02-16 10:00:00,132.91906766844744,81.2,0.7,296.49193432798285,163.5728666595354,25.0,25.708375186093615,1260.3098887835863,48.16360049110457,,35.88,74.27372454681029,54.503322758444234,4.150651965833237,156.0312080022162,0.2575,8.912846945617234,Water Tank + DSM
2024-02-16 11:00:00,124.56372582237056,84.1,0.9,245.59781815867552,121.03409233630497,30.14962907351884,32.07393132163088,1087.5039557392483,51.65197569579921,,29.72104362807147,69.60485070007275,51.50763433319757,3.933401263719909,113.49243367898579,0.24977555638972174,8.352582084008729,Water Tank + DSM
2024-02-16 12:00:00,134.26387765120182,82.8,1.0,224.98596482103102,90.7220871698292,32.23520216518109,33.1661675267417,1062.9379854117449,53.339629746447336,,27.22669821044341,75.02518969006611,54.985485161097465,4.185618926891759,83.18042851251002,0.24664719675222835,9.003022762807932,Water Tank + DSM
2024-02-16 13:00:00,119.84743114404579,83.2,0.6,187.70200283119962,67.85457168715384,36.007712409785675,36.45810761421677,950.1641775628555,54.15610619394526,,22.714775957896332,66.96943669992899,49.81667426978093,3.8107709334336017,60.31291302983466,0.2409884313853215,8.036332403991478,Water Tank + DSM
2024-02-16 14:00:00,108.92950088468874,80.7,1.5,164.0282146628869,55.098713778198174,38.40310183803142,38.621000213793195,926.4261692562814,54.55111237964006,,19.849890201714427,60.86861641184577,45.902206387061916,3.526889309178649,47.557055120879,0.2373953472429529,6.791804764026152,Water Tank + DSM
2024-02-16 15:00:00,92.62206690146411,79.7,2.1,136.81687288382616,44.194805982362055,41.156432228694854,41.26185009658623,847.9856898129362,54.74221389544653,,16.55690705448096,51.75620025529731,40.055408957468096,3.102872967562923,36.65314732504288,0.23326535165695772,4.920017197980262,Water Tank + DSM
2024-02-16 16:00:00,91.69305664512345,78.3,2.5,133.6004123757708,41.90735573064734,41.48188396639683,41.53288446987425,866.8561058565548,54.83466761051759,,16.1676667761894,51.23707946178766,39.72232560514996,3.0787173873151494,34.36569707332818,0.23277717405040477,4.7706176658658,Water Tank + DSM
2024-02-16 17:00:00,92.01561859803942,79.7,2.4,66.02039535072376,-25.995223247315664,41.52768989727656,39.62286592991751,413.17159187288576,51.3816026340761,,7.989464504500018,51.417323561151356,9.388198133664385,0.0,0.0,0.23270846515408516,4.773268648741213,Water Tank + DSM
2024-02-16 18:00:00,101.16034114986363,79.7,2.2,74.27986997556698,-26.880471174296645,36.752147051914996,34.7113906911979,413.17159187288576,47.68211940864576,,8.988985622034193,56.52729473222081,12.019435520734657,0.0,0.0,0.2398717794221275,6.783275367866498,Water Tank + DSM
2024-02-16 19:00:00,89.55158328770494,80.6,2.0,79.33126635426692,-10.220316933438028,34.731481884807735,33.31534812800959,413.17159187288576,45.11495206859176,,9.60028084150974,50.04044751828064,24.215591394741256,0.0,0.0,0.2429027771727884,6.004853702193676,Water Tank + DSM
2024-02-16 20:00:00,90.70748856027673,77.6,2.15,78.87178101631015,-11.835707543966578,31.997151557262193,30.522066208127953,413.17159187288576,42.440917279214624,,9.544676179065023,50.68635477089059,23.04468927387413,0.0,0.0,0.2470042726641067,6.08236257250687,Water Tank + DSM
2024-02-16 21:00:00,98.82900613805323,79.7,2.45,265.3740065044278,166.5450003663746,28.14861123228384,31.70248369313238,1229.7555403426575,48.88337744119504,,32.114260966188525,55.224570168086316,73.15089886924915,7.426966130941032,123.97055719962424,0.2527770831515742,6.626948420170357,Water Tank + DSM
2024-02-16 22:00:00,118.66258224391538,81.8,2.45,230.04998130460547,111.38739906069009,31.722808818456272,33.44215003094,1097.4456386104184,52.00019927098934,,27.839520653126304,66.3073560640838,80.26194417010396,7.942667153567633,68.81295589393963,0.2474157867723156,7.956882727690058,Water Tank + DSM
2024-02-16 23:00:00,120.05380189459686,81.4,2.35,229.72445225202637,109.67065035742951,34.6384373164238,36.289150898079924,1173.5969836949077,54.992612928434,,27.800126723463386,67.08475442333632,80.76074609602145,7.978840831613655,67.09620719067905,0.24304234402536432,8.050170530800358,Water Tank + DSM
2024-02-17 00:00:00,132.66780611378277,80.4,1.9,189.68903954331134,57.021233429528564,35.806657694761256,35.78635549103892,1016.1854897961272,54.9558090925838,,22.95523739706554,74.84582228066348,48.02330729945209,14.152414813756225,57.021233429528564,0.2412900134578581,8.981498673679619,Water Tank + DSM
2024-02-17 01:00:00,120.03132532593317,84.8,1.9,171.99202969656275,51.960704370629585,37.597297620956205,37.58747554209753,870.4468034297244,54.938003627572925,,20.81363204533638,67.71682977671529,43.44913352033599,12.804410929962977,51.960704370629585,0.2386040535685657,7.883336965259864,Water Tank + DSM
2024-02-17 02:00:00,118.95693501703349,79.1,2.15,170.63242528418587,51.675490267152384,37.73486673380157,37.730114873637774,985.4348380916447,54.92938945524744,,20.649099386373326,67.11070212242208,43.06022397645169,12.689799723455295,51.675490267152384,0.23839769989929765,7.757379719859644,Water Tank + DSM
2024-02-17 03:00:00,85.32202386639237,80.2,1.95,122.64471824178547,37.3226943753931,42.59041605771497,42.588117137563614,779.024465037931,54.92522197269035,,14.8418623949729,48.13524261834533,30.88500436973206,9.101776157139195,37.3226943753931,0.23111437591342754,4.161652914547818,Water Tank + DSM
2024-02-17 04:00:00,88.8676349283833,78.4,1.5,127.75348560454184,38.88585067615854,42.07349467423764,42.072382471083486,840.1366180587056,54.92320577076084,,15.46010036961179,50.135533293194726,32.16845040371783,9.480006264257288,38.88585067615854,0.23188975798864356,4.490089828264844,Water Tank + DSM
2024-02-17 05:00:00,106.9847683511576,80.4,1.35,153.6674027444899,46.68263439333229,39.45144184854946,39.4509037716374,896.4868274834846,54.92223034490968,,18.596075549134852,60.356488837097096,38.726519698998615,11.41266193216941,46.68263439333229,0.2358228372271758,6.355016125051042,Water Tank + DSM
2024-02-17 06:00:00,117.78431988918045,84.4,1.2,169.1123484375749,51.32802854839444,37.88867295959887,37.88841264136275,868.5950814517503,54.92175843999916,,20.465147140319747,66.44915998922639,42.635758853537276,12.564710327675066,51.32802854839444,0.2381669905606017,7.619589768684259,Water Tank + DSM
2024-02-17 07:00:00,109.37806336988402,81.1,0.95,72.63380545308826,-36.74425791679576,39.10388454253971,36.67580757937205,413.17159187288576,50.52014040846883,,8.789786965246439,61.70668930308781,14.51655864886148,0.0,0.0,0.23634417318619044,6.625860217594137,Water Tank + DSM
2024-02-17 08:00:00,102.90927738686949,79.2,0.85,75.34247507204614,-27.56680231482335,35.63775976986288,33.55628139188975,413.17159187288576,46.746836308266616,,9.1175768801677,58.05726130515205,20.662371145612276,0.0,0.0,0.24154336034520568,6.966871356618246,Water Tank + DSM
2024-02-17 09:00:00,110.0843323773963,83.6,0.65,91.27312225735984,-18.81121012003645,30.826824251158705,28.911048398504917,413.17159187288576,43.27391775365445,,11.045425684232482,62.105137775004714,32.78060449883795,0.0,0.0,0.24875976362326194,7.452616533000565,Water Tank + DSM
2024-02-17 10:00:00,129.6698740063359,82.7,0.7,296.49193432798285,166.82206032164694,25.0,27.838183312456255,1227.5462001670287,49.28637784751264,,35.88,73.15450996989065,50.419045694402264,16.28897898637995,160.8847552965287,0.2575,8.778541196386879,Water Tank + DSM
2024-02-17 11:00:00,119.17767954787008,82.9,1.15,226.80330734214888,107.6256277942788,32.05131764988354,33.65590194964992,1065.5417131499148,52.19516834060644,,27.446624090739284,67.23523727837585,46.62106415325605,15.16971808479053,101.68832276916056,0.2469230235251747,8.068228473405101,Water Tank + DSM
2024-02-17 12:00:00,107.11776355668104,81.4,0.8,180.8188565336639,73.70109297698286,36.70417111580108,37.48045893870003,966.4457906356441,53.60242294198934,,21.88181134550191,60.4315193649122,42.25559623292477,13.883219583564255,67.76378795186463,0.23994374332629836,7.251782323789463,Water Tank + DSM
2024-02-17 13:00:00,98.74894163399152,80.3,0.7,154.94969383525822,56.200752201266695,39.32169554428576,39.697258725396864,903.3114467870789,54.283243894139446,,18.75125212903423,55.710167767472406,39.22623652087058,12.990470673170883,50.26344717614846,0.23601745668357135,5.909167842433771,Water Tank + DSM
2024-02-17 14:00:00,106.8989526219505,81.3,1.0,159.86953473418728,52.970582112236784,38.8238903432694,39.00558545537301,899.1284790027441,54.61262080179431,,19.3466271494498,60.30807506584946,42.17639069642835,13.859877800770047,47.03327708711855,0.2367641644850959,6.576997113499323,Water Tank + DSM
2024-02-17 15:00:00,116.16717607588083,83.3,0.5,169.8609297627861,53.69375368690527,37.812929112444195,37.900832068385405,892.0851322217666,54.77197128440454,,20.555736781516753,65.53683271105695,45.53131723125288,14.848570888783506,47.75644866178703,0.23828060633133372,7.544759129837614,Water Tank + DSM
2024-02-17 16:00:00,123.89104723311524,82.5,0.25,179.32543474898105,55.43438751586581,36.855280297378094,36.89780719627889,938.5385676230618,54.84906404870581,,21.70108476433581,69.89432911419563,48.32721662079369,15.672519303905686,49.497082490747566,0.23971707955393287,8.387319493703474,Water Tank + DSM
2024-02-17 17:00:00,115.39563834376239,83.7,-0.05,78.76144023868838,-36.634198105074006,38.16094945422993,35.66183800636478,413.17159187288576,50.318674700018754,,9.531323279229676,65.10156225869538,17.446798279117132,0.0,0.0,0.23775857581865512,7.358709732000957,Water Tank + DSM
2024-02-17 18:00:00,120.49680395326732,81.8,0.15,84.5866950634818,-35.91010888978552,32.89284733339095,30.354684620213185,413.17159187288576,45.71749321576041,,10.236267053121274,67.97943403344823,20.56158546915025,0.0,0.0,0.2456607289999136,8.157532084013786,Water Tank + DSM
2024-02-17 19:00:00,117.93197924865152,83.8,-0.05,95.36216527494017,-22.569813973711348,28.662581849075895,26.54264053594586,413.17159187288576,41.87446350492054,,11.540261618988415,66.53246344091359,32.69985682898565,0.0,0.0,0.25200612722638616,7.98389561290963,Water Tank + DSM
2024-02-17 20:00:00,119.05205627110895,83.4,-0.35,101.00491896106614,-18.047137310042814,25.0,25.0,413.17159187288576,38.42311626594836,,12.223120000000002,67.16436569526763,37.747465650151206,0.0,0.0,0.2575,8.059723883432117,Water Tank + DSM
2024-02-17 21:00:00,120.99940808437624,82.8,-0.8,296.49193432798285,175.49252624360662,25.0,25.62257073593291,1225.4224178137986,46.939590504052624,,35.88,68.26298300117776,72.8273716808819,35.4540028726984,123.91839509212618,0.2575,8.19155796014133,Water Tank + DSM
2024-02-17 22:00:00,123.85097472022841,85.4,-1.65,256.67608520287,132.8251104826416,29.0286946640243,31.301541491862096,1087.7474938942203,51.059807339051936,,31.061681181826952,69.87172181958721,73.85958638955763,35.75819538994736,81.25097933116119,0.25145695800396356,8.384606618350464,Water Tank + DSM
2024-02-17 23:00:00,142.39916494010757,85.7,-2.55,279.7022211914102,137.30305625130265,30.46653694525252,32.63644430980381,1209.7466204801399,54.99341551022749,,33.848191247071746,80.3358622127311,80.5736903223084,37.73683429056396,85.72892509982208,0.24930019458212122,9.640303465527731,Water Tank + DSM
2024-02-18 00:00:00,154.66968361056908,88.5,-3.3,221.12738564232825,66.45770203175917,32.62562551893423,32.60509477497375,945.4327301057122,54.95619737662301,,26.759751879354663,66.69402267112947,42.7928700383821,15.720108478891175,78.36064168946928,0.24606156172159865,8.003282720535536,Water Tank + DSM
2024-02-18 01:00:00,166.90825124914826,89.5,-3.7,238.98724030549818,72.07898905634991,30.818508434587528,30.808575789394684,972.9137608483891,54.938191476956405,,28.921063912233322,71.97132904750184,46.17894688413495,16.963995492904342,84.92377412744817,0.2487722373481187,8.636559485700221,Water Tank + DSM
2024-02-18 02:00:00,146.5768585962,89.4,-4.1,210.10646335590368,63.52960475970369,33.74075760285457,33.73595225139158,901.7847730933548,54.92948033560124,,25.426053906985935,63.20437271270069,40.553806758500926,14.897580856432958,74.8097435843237,0.24438886359571815,7.584524725524082,Water Tank + DSM
2024-02-18 03:00:00,131.4491974727135,84.2,-3.0,188.57128138608712,57.122083913373615,35.91975603179606,35.91743123288957,933.054200194497,54.92526594003567,,22.81997178597192,56.681280724801724,36.368396784611214,13.360056059447714,67.23804089374472,0.2411203659523059,6.801753686976207,Water Tank + DSM
2024-02-18 04:00:00,125.28205694978185,86.6,-3.95,179.79852040512043,54.51646345533858,36.807411981107194,36.80628725797358,862.6252966693968,54.923227041886825,,21.758335270595797,54.02199158519208,34.662117721089416,12.73324855740905,64.15781481299503,0.2397888820283392,6.482638990223049,Water Tank + DSM
2024-02-18 05:00:00,144.34286769940553,89.0,-5.3,207.06141673246415,62.71854903305862,34.04886513674158,34.04832100274196,900.1674216854458,54.92224063574706,,25.057557296457066,62.24106926473446,39.93572259435305,14.670525505838935,73.8267662617997,0.24392670229488764,7.468928311768135,Water Tank + DSM
2024-02-18 06:00:00,158.7753211759453,90.9,-6.85,227.69881166919404,68.92349049324875,31.960707664582436,31.960444415965362,922.9042012222677,54.92176341864176,,27.554993633159405,68.46438566969923,43.92878763165917,16.137391726623342,81.14238835980956,0.24705893850312635,8.215726280363908,Water Tank + DSM
2024-02-18 07:00:00,178.45222970233056,92.0,-7.4,108.76253847746393,-69.68969122486662,29.114624590389848,25.0,413.17159187288576,47.258473988949326,,13.161909073231405,76.94912652338003,11.553622342007309,0.0,0.0,0.25132806311441525,9.233895182805604,Water Tank + DSM
2024-02-18 08:00:00,193.14519711567553,94.4,-7.25,120.02981808044505,-73.11537903523048,25.0,25.0,413.17159187288576,42.01919451870263,,14.525420000000002,83.28477730442833,14.817149683403798,0.0,0.0,0.2575,9.9941732765314,Water Tank + DSM
2024-02-18 09:00:00,189.36997569718213,94.2,-7.4,119.68391082372908,-69.68606487345305,25.0,25.0,413.17159187288576,39.466439822455456,,14.483560000000002,81.65689072060702,16.527732182379076,0.0,0.0,0.2575,9.798826886472844,Water Tank + DSM
2024-02-18 10:00:00,179.0691560577779,90.2,-5.9,296.4919343279828,117.4227782702049,25.0,25.0,1086.340732356404,47.444343898672045,,35.879999999999995,77.21514698308575,57.5653814962719,22.27247822269494,119.10909799144336,0.2575,9.265817637970288,Water Tank + DSM
2024-02-18 11:00:00,165.23660235010055,90.6,-4.9,296.49193432798285,131.2553319778823,25.0,25.67751809653493,1079.7167035005725,51.30400386638117,,35.88,71.25050912359247,53.73829231309388,20.86658380467651,131.87713764406473,0.2575,8.550061094831095,Water Tank + DSM
2024-02-18 12:00:00,159.96419874012915,88.9,-4.0,265.157287329342,105.19308858921286,28.170539569954514,29.2005921091721,1043.0495038604433,53.17128315728502,,32.0880346743344,68.97703317351463,52.27956247538711,20.330714364987646,105.40914504484806,0.25274419064506826,8.277243980821755,Water Tank + DSM
2024-02-18 13:00:00,156.62488455292083,87.0,-3.05,241.93011653151123,85.3052319785904,30.520738827530597,31.01907178719946,1023.2970066270123,54.07466116970299,,29.277196362273408,67.53711107043173,51.35566559595516,19.991317658130818,85.2643042965419,0.2492188917587041,8.10445332845181,Water Tank + DSM
2024-02-18 14:00:00,142.23017169776196,87.9,-2.15,212.42826811136194,70.19809641360001,33.505829988983315,33.746920350141906,932.9550719592133,54.511709787601625,,25.707027333175965,61.33006853245397,47.37304235608614,18.528287267667643,69.04939250478668,0.24474125501652502,7.359608223894476,Water Tank + DSM
2024-02-18 15:00:00,139.09041983527806,84.5,-2.0,203.62138458383228,64.53096474855423,34.39693856643831,34.513576571442485,970.867356364473,54.72315116848695,,24.641261474539785,59.976198290982076,46.504358912326495,18.209173406936404,63.14063445189994,0.24340459215034255,7.197143794917848,Water Tank + DSM
2024-02-18 16:00:00,119.24386794263098,85.4,-1.7,173.1659261088287,53.922058166197715,37.4785190361431,37.534947771601345,863.2428400076565,54.82544518274481,,20.955691232772853,51.41830671861254,41.01336096090884,16.192036361063273,51.00439359124633,0.23878222144578537,6.022568974806901,Water Tank + DSM
2024-02-18 17:00:00,118.44836110124552,83.7,-1.85,79.56583542284065,-38.882525678404875,37.695856474227625,35.09446967974138,413.17159187288576,50.109651080955935,,9.628667239944159,51.07528182791718,15.043039490956112,0.0,0.0,0.23845621528865857,5.915787426152321,Water Tank + DSM
2024-02-18 18:00:00,111.59148467258561,85.0,-2.75,88.25533107286627,-23.33615359971934,33.971679917468975,31.90496064866583,413.17159187288576,46.363102294542095,,10.680227393273745,48.11857653628673,27.467705762366723,0.0,0.0,0.24404248012379653,5.774229184354407,Water Tank + DSM
2024-02-18 19:00:00,119.62727915290344,85.4,-3.55,97.4368465711703,-22.190432581733134,29.063022570714992,26.93263047023335,413.17159187288576,42.501127395906146,,11.791329375949354,51.583634760626644,32.27185442685765,0.0,0.0,0.2514054661439275,6.190036171275197,Water Tank + DSM
2024-02-18 20:00:00,135.88570295259277,87.2,-4.4,107.57715683866977,-28.308546113923,25.0,25.0,413.17159187288576,39.06875100091402,,13.018460000000001,58.59431494164703,33.555655822066605,0.0,0.0,0.2575,7.031317792997643,Water Tank + DSM
2024-02-18 21:00:00,150.9513703880539,89.9,-5.05,296.4919343279828,145.5405639399289,25.0,25.0,1091.36233820705,47.25194454046406,,35.879999999999995,65.09067506885998,69.14872881433396,41.29465374671699,103.8202762835634,0.2575,7.810881008263197,Water Tank + DSM
2024-02-18 22:00:00,160.04753940106966,89.9,-5.5,296.4919343279828,136.44439492691313,25.0,26.290329850281964,1091.36233820705,51.21092226329421,,35.879999999999995,69.01296991173274,71.66538992939263,42.219157891866494,95.42412260872382,0.2575,8.281556389407928,Water Tank + DSM
2024-02-18 23:00:00,157.20870895527437,89.7,-5.35,262.1389231849235,104.93021422964912,28.475947285472287,29.532505399457488,1022.845909837871,53.12625086136708,,31.72276704657515,67.78885787056461,70.87996320909372,41.930628675802154,63.69147358136446,0.25228607907179157,8.134662944467753,Water Tank + DSM
2024-02-19 00:00:00,174.2014863483139,89.5,-5.2,267.4966073480638,93.29512099974988,27.933839705856293,28.44499589639813,1037.9513199356225,54.052874827306816,,32.371127711795886,74.72652936232551,47.946765412391095,17.613409729674498,115.60232758655698,0.25309924044121557,8.967183523479061,Water Tank + DSM
2024-02-19 01:00:00,166.0917961547369,93.1,-5.2,246.74791334829806,80.65611719356116,30.033258772360817,30.280552932209435,934.6604670455978,54.50116969175867,,29.86022250825648,71.24774732048925,45.714675311270284,16.79344372849705,101.92484507220496,0.24995011184145877,8.54972967845871,Water Tank + DSM
2024-02-19 02:00:00,156.0900760094031,88.0,-5.15,228.02238475179266,71.93230874238955,31.9279675075864,32.0476068714967,971.4757422757413,54.718051936208354,,27.59415086092667,66.95734860012678,42.961827792105886,15.782175692763616,91.92027580674682,0.2471080487386204,8.034881832015213,Water Tank + DSM
2024-02-19 03:00:00,131.48476361948528,87.0,-4.6,190.71167495796547,59.22691133848019,35.70318418034961,35.76106495442702,888.15271701564,54.82297820614245,,23.07899172030187,56.402504107594794,36.18952540945513,13.294347042532046,76.0640683947222,0.24144522372947558,6.768300492911375,Water Tank + DSM
2024-02-19 04:00:00,139.9161842420797,87.7,-4.55,201.72532606449786,61.809141822418155,34.58878781761257,34.6167901731777,907.3503027670237,54.873740877610636,,24.411809770135367,60.01929759155303,38.51016775963818,14.146843017979965,79.72597647264126,0.24311681827358114,7.202315710986364,Water Tank + DSM
2024-02-19 05:00:00,157.25716748262903,89.5,-4.9,226.00831020857817,68.75114272594914,32.13175799663759,32.145305360675025,941.1387228405022,54.89829953976652,,27.35041743602144,67.45799125864093,43.283055023024446,15.900179624537396,88.88856058515724,0.24680236300504363,8.094958951036912,Water Tank + DSM
2024-02-19 06:00:00,172.35867538220077,91.0,-5.3,247.34949050071714,74.99081511851637,29.972389276489096,29.978943406263504,968.2453696720543,54.91018086652575,,29.933022425319045,73.93602595931132,47.43955490033531,17.427084197780996,97.062042289859,0.25004141608526637,8.872323115117359,Water Tank + DSM
2024-02-19 07:00:00,182.21664677747697,91.3,-5.35,108.51344965052282,-73.70319712695415,28.55864517515929,25.0,413.17159187288576,46.95357543714989,,13.131765564839162,78.1647613413341,18.20703851671952,0.0,0.0,0.2521620322372611,9.379771360960092,Water Tank + DSM
2024-02-19 08:00:00,177.45699317773614,91.7,-5.25,115.36007011477932,-62.09692306295682,25.0,25.0,413.17159187288576,41.6283606112782,,13.960310000000002,76.12303137719148,27.41253915155444,0.0,0.0,0.2575,9.134763765262976,Water Tank + DSM
2024-02-19 09:00:00,169.15756551656588,90.2,-5.5,112.76576568940946,-56.39179982715642,25.0,25.0,413.17159187288576,38.91687401406428,,13.646360000000001,72.56285839696285,28.931423832667157,0.0,0.0,0.2575,8.707543007635543,Water Tank + DSM
2024-02-19 10:00:00,174.3356146017604,89.7,-5.5,296.49193432798285,122.15631972622245,25.0,25.0,1094.7359466713688,47.178467406550176,,35.88,74.78406583391131,53.05533454489432,21.446243633735953,135.58977768454866,0.2575,8.974087900069357,Water Tank + DSM
2024-02-19 11:00:00,146.9399293012615,92.6,-5.0,287.3152370392856,140.3753077380241,25.92852751385938,28.133352633975864,1029.483492910227,51.17537448663502,,34.7694810934242,63.032246002044666,45.51501715754255,18.676282021249524,150.30063712410924,0.25610720872921094,7.56386952024536,Water Tank + DSM
2024-02-19 12:00:00,143.50718096212188,83.7,-4.1,242.90727632408024,99.40009536195836,30.421866681671002,31.488547249726775,1089.161546978753,53.10905306991687,,29.395447448721484,61.559713390897564,44.57019640551173,18.329198857589073,108.88584740592717,0.24936719997749351,7.387165606907708,Water Tank + DSM
2024-02-19 13:00:00,125.23366461449221,87.2,-3.05,197.67910435214893,72.44543973765671,34.998197441674016,35.51425081202369,904.6405294548426,54.04455464363957,,23.922155859757883,53.72099464900492,39.540641147714275,16.481574377570844,79.59119392753765,0.24250270383748898,6.44651935788059,Water Tank + DSM
2024-02-19 14:00:00,162.4955166922174,86.9,-2.35,241.69014436657528,79.19462767435789,30.545019976912943,30.794683361645536,1024.5364571121063,54.49714443907102,,29.24815610761212,69.70506540379336,49.79649669667125,20.24909830454364,91.11191309241029,0.2491824700346306,8.364607848455202,Water Tank + DSM
2024-02-19 15:00:00,146.30279639530588,90.4,-3.1,214.07365508930738,67.7708586940015,33.33934448424186,33.46013006429514,896.2460274760414,54.71610454419788,,25.906143996846737,62.758937594621564,45.33965434854053,18.611861888217966,77.61460062837003,0.24499098327363722,7.531072511354588,Water Tank + DSM
2024-02-19 16:00:00,139.39183376823655,83.6,-2.6,202.03213518590297,62.64030141766642,34.5577438917027,34.61617919796289,984.1261880759942,54.82203607009863,,24.448938305523576,59.794369022336085,43.43749891462334,17.913098525581375,71.59906656872847,0.24316338416244596,7.17532428268033,Water Tank + DSM
2024-02-19 17:00:00,114.7522721807384,85.6,-2.5,81.93338662230542,-32.81888555843298,38.22696284537338,35.845474657684605,413.17159187288576,50.50487417291882,,9.915176676463352,49.22483278565041,25.062260666689546,0.0,0.0,0.23765955573193992,5.544597688891787,Water Tank + DSM
2024-02-19 18:00:00,116.78924400807342,86.3,-4.2,91.12023654488179,-25.669007463191633,33.61522118965,31.417046217178328,413.17159187288576,46.52002248079313,,11.026924205006255,50.09862461289824,32.144768695883165,1.0948204332939078,0.0,0.244577168215525,6.011834953547789,Water Tank + DSM
2024-02-19 19:00:00,120.98252118565559,84.9,-3.7,96.63965173713093,-24.342869448524652,29.023952382715972,26.81486285998137,413.17159187288576,42.515384891444235,,11.694856766297548,51.897398301363936,33.29891543341823,3.3819043780099918,0.0,0.25146407142592603,6.227687796163672,Water Tank + DSM
2024-02-19 20:00:00,136.05036553466024,87.1,-3.3,107.40420321031175,-28.646162324348495,25.0,25.0,413.17159187288576,39.0666366174894,,12.99753,58.360992480586305,37.44614984235783,2.5316109316534288,0.0,0.2575,7.0033190976703565,Water Tank + DSM
2024-02-19 21:00:00,160.81358442093992,88.3,-2.9,296.49193432798285,135.67834990704293,25.0,25.0,1118.9481161080182,47.250921615021184,,35.88,68.98357350444324,58.26972110756038,39.30178032458957,119.22136078881041,0.2575,8.278028820533189,Water Tank + DSM
2024-02-19 22:00:00,156.52365716792784,89.5,-3.3,296.49193432798285,139.968277160055,25.0,26.799209762829324,1098.1304767385668,51.21042737837908,,35.88,67.1433402116373,57.08897265386972,38.868028305581426,122.96194546454979,0.2575,8.057200825396475,Water Tank + DSM
2024-02-19 23:00:00,152.6360344641936,85.8,-2.8,255.60829947595383,102.97226501176021,29.136736631102053,30.19343566669459,1077.6410940023327,53.12601143914826,,30.93246298920195,65.47568192576382,56.01895346117966,38.47495306270808,85.46810746756873,0.2512948950533469,7.857081831091659,Water Tank + DSM
2024-02-20 00:00:00,135.7586497288136,86.9,-2.05,230.78955479685223,95.03090506803863,33.493069186021785,34.52844263565978,1032.3317979268124,55.0029364767092,,27.9290202105492,71.56440607018858,45.91785299016392,11.38416603796622,95.03090506803863,0.24476039622096732,8.58772872842263,Water Tank + DSM
2024-02-20 01:00:00,140.05278737841218,84.9,-1.65,200.14202749349334,60.08924011508117,34.74899101922004,34.72574911988005,953.365421487345,54.96080356050692,,24.220206741012827,73.82803649882811,47.370265648272046,11.744254887483827,60.08924011508117,0.24287651347116995,8.859364379859374,Water Tank + DSM
2024-02-20 02:00:00,140.90421580901864,85.3,-1.0,201.77533756832716,60.87112175930852,34.58372749407197,34.572483208906455,950.4330542767744,54.940419919837,,24.41786191708993,74.27686219110879,47.65824557136593,11.815652199130865,60.87112175930852,0.24312440875889205,8.913223462933056,Water Tank + DSM
2024-02-20 03:00:00,138.84260969503057,86.1,-0.85,199.0302309956965,60.18762130066594,34.86148613653076,34.85604622187344,927.9472695196322,54.93055844229373,,24.08566258070922,73.19009816249668,46.96094542397329,11.642774328340247,60.18762130066594,0.24270777079520386,8.782811779499601,Water Tank + DSM
2024-02-20 04:00:00,141.4185586534863,83.9,-0.9,202.8093787449721,61.39082009148581,34.479099908267116,34.476468111666165,980.3432430788273,54.92578752129334,,24.54299650971253,74.54799511895025,47.83221252791702,11.858782889908621,61.39082009148581,0.24328135013759933,8.94575941427403,Water Tank + DSM
2024-02-20 05:00:00,119.87443317097679,85.2,-0.3,172.06449603390755,52.19006286293076,37.589965245708726,37.588691999015545,863.3632217741573,54.923479379628816,,20.822401566132363,63.19113095200963,40.545310450711455,10.05218049569217,52.19006286293076,0.2386150521314369,7.359252287648867,Water Tank + DSM
2024-02-20 06:00:00,125.03860429592369,81.5,-0.45,179.46822134392923,54.42961704800554,36.84083269407935,36.84021670531287,960.0143250676344,54.922362715164375,,21.718364097881096,65.91339461727063,42.29199584427598,10.485226799940945,54.42961704800554,0.23973875095888098,7.909607354072474,Water Tank + DSM
2024-02-20 07:00:00,127.41709998046409,84.2,-0.1,82.50623768561962,-44.91086229484446,36.495746282441,33.61035596664047,413.17159187288576,49.69172701675483,,9.9845003030851,67.16720519467881,8.870293470732406,0.0,0.0,0.2402563805763385,8.060064623361457,Water Tank + DSM
2024-02-20 08:00:00,145.9278933117802,86.5,-1.3,100.16065579016332,-45.76723752161688,28.5881442378042,25.453295801225188,413.17159187288576,44.00887362541938,,12.120951411027582,76.92506543629027,15.827091355328491,0.0,0.0,0.2521177836432937,9.231007852354832,Water Tank + DSM
2024-02-20 09:00:00,127.6251694187605,85.2,-0.45,103.16309155483559,-24.462077863924918,25.55216691649722,25.0,413.17159187288576,39.85253850027782,,12.484291464377133,67.2768878248669,29.406901395302263,0.0,0.0,0.2566717496252542,8.073226538984029,Water Tank + DSM
2024-02-20 10:00:00,109.14943383412059,79.8,0.8,296.4919343279828,187.3425004938622,25.000000000000007,28.35865788564064,1292.5075866722184,47.631136018023135,,35.879999999999995,57.537508076572486,42.74038181502242,11.554520172635842,179.1182020881203,0.2575,6.904500969188698,Water Tank + DSM
2024-02-20 11:00:00,95.52081175623088,80.5,1.6,209.3504890035252,113.82967724729433,33.81724950008867,35.89317437215992,1071.3177964109836,51.394372722468624,,25.334569597893957,50.353256859375584,38.13075240075591,10.41167957343048,105.60537884155245,0.24427412574986698,6.04239082312507,Water Tank + DSM
2024-02-20 12:00:00,102.76253791677061,79.8,2.7,182.50844627862662,79.74590836185601,36.533213034044934,37.5375324703479,1007.694988306563,53.21500304321445,,22.086277211282262,54.170691937267186,40.580132369538205,11.018941159913172,71.52160995611413,0.2402001804489326,6.5004830324720615,Water Tank + DSM
2024-02-20 13:00:00,98.88717719572584,79.0,3.5,158.97616344606791,60.088986250342074,38.914284500885614,39.40016794672032,947.4213083397359,54.095812576376055,,19.238515736940805,52.127817403207615,39.26936326400974,10.693969233678533,51.864687844600184,0.2366285732486716,5.656613250865179,Water Tank + DSM
2024-02-20 14:00:00,108.00250724999913,77.4,4.3,163.29919073250866,55.296683482509536,38.476866805570644,38.711934169999275,1002.2521950882491,54.521942705523,,19.761667300537507,56.93291220026758,42.35245510548751,11.458343592409992,47.07238507676765,0.23728469979164404,6.32745549499385,Water Tank + DSM
2024-02-20 15:00:00,100.7303787102595,81.5,2.95,148.69399818943094,47.96361947917144,39.95466679121086,40.06839090816346,855.0115248658142,54.7281017900132,,17.99421851771181,53.09945067975218,39.892792094103946,10.84853258654627,39.73932107342956,0.23506799981318371,5.430586980240244,Water Tank + DSM
2024-02-20 16:00:00,107.3123783646718,80.1,0.45,156.0638659872824,48.75148762261061,39.20896005069979,39.263979065389805,911.7483398766445,54.82784026239698,,18.88608377936306,56.56911465301008,42.11903177103312,11.400472202013454,40.52718921686872,0.23618655992395032,6.038540272129478,Water Tank + DSM
2024-02-20 17:00:00,87.86139242565648,81.9,0.45,68.79813033585683,-19.06326208979965,42.12163224384385,40.467320788087264,413.17159187288576,51.82890437861599,,8.325612371363484,46.315637184091344,18.021926888361048,0.0,0.0,0.23181755163423423,4.134606497313669,Water Tank + DSM
2024-02-20 18:00:00,106.02499970120746,80.0,0.05,75.24185224223564,-30.783147458971825,36.495938849865894,34.28267861848799,413.17159187288576,47.81670612844494,,9.105399998723069,55.89048025570063,13.968671761918834,0.0,0.0,0.24025609172520115,6.706857630684076,Water Tank + DSM
2024-02-20 19:00:00,113.9588886619937,84.3,-0.15,91.60252107489814,-22.356367587095562,31.33636926003446,29.270159606153577,413.17159187288576,44.071081171985846,,11.085287913874788,60.072785047621274,25.744246403824057,0.0,0.0,0.2479954461099483,7.208734205714554,Water Tank + DSM
2024-02-20 20:00:00,146.14298185847164,83.9,0.05,101.86968710285612,-44.273294755615524,25.0,25.0,413.17159187288576,39.53088647151298,,12.327770000000003,77.03844814985747,17.41182029237578,0.0,0.0,0.2575,9.244613777982897,Water Tank + DSM
2024-02-20 21:00:00,149.10288943065126,82.6,4.55,296.4919343279828,147.38904489733153,25.000000000000007,25.0,1229.677356764541,47.475522783382104,,35.879999999999995,78.59874672272056,90.15286147160361,30.79698025543503,89.37365798677295,0.2575,9.431849606726468,Water Tank + DSM
2024-02-20 22:00:00,148.2556919357495,84.7,0.05,286.2599790025267,138.00428706677718,26.03530188927205,28.15553861340451,1165.694026457072,51.31908801530094,,34.64177894043063,78.15215134431995,89.86631258427862,30.72593773278047,79.98890015621862,0.25594704716609196,9.378258161318394,Water Tank + DSM
2024-02-20 23:00:00,131.64866052215575,84.0,-0.35,259.36167132263165,127.7130108004759,32.280518061224825,34.30723879056066,1197.9878296683667,54.99312744751182,,31.38667764486886,69.39784845403008,84.24929128526237,29.333339888092667,69.69762388991734,0.24657922290816275,8.32774181448361,Water Tank + DSM
2024-02-21 00:00:00,118.05587081969338,82.7,0.5,168.79978313695878,50.7439123172654,37.92029931408888,37.899850597807266,900.516083725102,54.9560580136874,,20.427322020349703,70.41160130937683,41.058435448364314,0.0,50.74391231726537,0.23811955102886667,8.060593666791705,Water Tank + DSM
2024-02-21 01:00:00,109.13722996562319,81.3,0.8,156.41913693199996,47.281906966376766,39.17301260286892,39.163119642152786,887.0135588285737,54.93812405404201,,18.92907692696877,65.09229122612466,37.956637653375694,0.0,47.28190696637674,0.23624048109569662,6.962396732031062,Water Tank + DSM
2024-02-21 02:00:00,109.4543857358454,80.0,2.4,157.04967566054103,47.59528992469562,39.10921268231086,39.10442652994885,917.5132553038185,54.929447716818025,,19.00538163195621,65.281451201743,38.06694067878502,0.0,47.59528992469559,0.2363361809765337,7.007619355442915,Water Tank + DSM
2024-02-21 03:00:00,99.66292657436124,82.8,0.45,143.14093933033544,43.478012755974206,40.51654300599038,40.51422749548855,808.7124925050776,54.925250159272856,,17.322214564835505,59.441569509044825,34.661587000600726,0.0,43.478012755974184,0.23422518549101443,5.878815327952644,Water Tank + DSM
2024-02-21 04:00:00,111.15951872354779,80.7,-0.85,159.61397785095414,48.45445912740635,38.84974840417878,38.84862817471711,911.1158962589438,54.923219407252745,,19.315700908602178,66.29843700072064,38.65996576275887,0.0,48.45445912740633,0.23672537739373184,7.219999871836693,Water Tank + DSM
2024-02-21 05:00:00,114.2729713920099,85.6,-1.7,164.08396352490115,49.81099213289126,38.397460990282156,38.39691903029285,830.4271780640036,54.922236942158975,,19.85663665562254,68.1553813988708,39.74278777340525,0.0,49.810992132891236,0.23740380851457676,7.607178847168151,Water Tank + DSM
2024-02-21 06:00:00,149.32791508243616,84.8,-1.25,214.1961023702989,64.86818728786272,33.32695487763057,33.32669268078601,994.1055037534794,54.921761631707,,25.920961966353843,89.06306436215807,51.93448254187344,0.0,64.86818728786272,0.24500956768355414,10.687567723458967,Water Tank + DSM
2024-02-21 07:00:00,145.64694304255576,88.6,-1.9,94.67687621307343,-50.970066829482334,33.85880890043806,30.574326592397963,413.17159187288576,48.96765195124157,,11.457331297138312,86.86763660491529,0.0,0.0,0.0,0.2442117866493429,10.424116392589834,Water Tank + DSM
2024-02-21 08:00:00,135.14336931647546,84.6,-1.4,95.42943116882779,-39.71393814764767,29.423689404594533,26.596391755345103,413.17159187288576,43.84232664145226,,11.548401807618363,80.60303120757796,7.287327158586905,0.0,0.0,0.2508644658931082,9.672363744909353,Water Tank + DSM
2024-02-21 09:00:00,116.92743803012932,81.8,-0.15,94.8950059856153,-22.032432044514024,26.93268852088155,25.0,413.17159187288576,40.05207487664628,,11.483728292579492,69.73857455406564,18.63354782729622,0.0,0.0,0.2546009672186777,8.368628946487876,Water Tank + DSM
2024-02-21 10:00:00,112.21149111259169,83.4,0.05,296.49193432798285,184.28044321539116,25.0,28.058550977842827,1212.8324614663964,47.727670465744445,,35.88,66.92586077839077,47.0544474734879,0.0,176.25182505832638,0.2575,8.031103293406892,Water Tank + DSM
2024-02-21 11:00:00,111.68280916770874,81.8,1.0,231.49603716332226,119.81322799561352,31.57649227240981,33.624928350381296,1101.1267048829438,51.441075482970014,,28.014515242197866,66.61054107371113,46.87057814656688,0.0,111.78460983854873,0.2476352615913853,7.993264928845336,Water Tank + DSM
2024-02-21 12:00:00,89.62486248837827,79.8,2.15,163.26980075964354,73.64493827126527,38.47984057680645,39.470861106888705,943.940565872122,53.23759754590172,,19.75811067013948,53.4546062057145,39.199085203704485,0.0,65.61632011420049,0.23728023913479032,5.939926973003181,Water Tank + DSM
2024-02-21 13:00:00,80.01937496257302,76.1,3.45,131.7859730062034,51.76659804363037,41.665474731556756,42.144924249950854,914.2729346004746,54.10674365510039,,15.94809222105812,47.725642848338055,35.85841026064563,0.0,43.73797988656558,0.23250178790266487,4.391100457263224,Water Tank + DSM
2024-02-21 14:00:00,71.01018771961301,77.2,4.05,110.31972634308397,39.30953862347096,43.83749806619896,44.0694527368749,789.9422449832326,54.52723109286801,,13.350352312826045,42.352328536492706,32.72512150262822,0.0,31.280920466406172,0.22924375290070156,3.3447756375753728,Water Tank + DSM
2024-02-21 15:00:00,78.86425920393886,76.2,4.25,117.38948734160515,38.52522813766629,43.122157089263595,43.23437530449634,847.7988080054686,54.73066027865057,,14.205900121240742,47.036701674143096,35.45667466306823,0.0,30.496609980601505,0.2303167643661046,3.9166077412375793,Water Tank + DSM
2024-02-21 16:00:00,88.83076749726789,77.2,4.0,129.62365843707883,40.792890939810945,41.88426461945292,41.938555088333445,876.8328188749431,54.8290780431571,,15.686419515134308,52.98098723591982,38.92290835874121,0.0,32.76427278274616,0.23217360307082063,4.805079499549838,Water Tank + DSM
2024-02-21 17:00:00,93.7761121197705,80.1,3.1,67.16221098817303,-26.613901131597473,41.26750389927837,39.323178826981405,413.17159187288576,51.30440546185069,,8.127641433881037,55.93051978757874,6.000321433824375,0.0,0.0,0.23309874415108245,5.279560106816501,Water Tank + DSM
2024-02-21 18:00:00,101.36263570253892,79.2,1.9,73.5992149570787,-27.763420745460223,36.64569474730038,34.57711543148424,413.17159187288576,47.55448478212535,,8.906616089390031,60.45532037669916,7.489304984927728,0.0,0.0,0.24003145787904942,7.254638445203899,Water Tank + DSM
2024-02-21 19:00:00,105.16458853266408,81.3,0.95,84.66780758052681,-20.49678095213727,32.34594891454013,30.44187677842078,413.17159187288576,44.10278272539004,,10.24608289218675,62.72290423350447,16.078219001205966,0.0,0.0,0.2464810766281898,7.526748508020536,Water Tank + DSM
2024-02-21 20:00:00,108.91836320396722,82.6,0.95,93.82494095107684,-15.093422252890377,28.351389062002056,26.558658190129037,413.17159187288576,40.85292011764844,,11.35423426932297,64.96175337947125,22.78709612964473,0.0,0.0,0.25247291640699693,7.79541040553655,Water Tank + DSM
2024-02-21 21:00:00,129.14910775779776,80.1,1.8,296.49193432798285,167.34282657018508,25.0,26.181891452220135,1285.4703402838034,48.11511437174997,,35.88,77.02789723005338,93.63914943303755,0.0,118.62020917633882,0.2575,9.243347667606406,Water Tank + DSM
2024-02-21 22:00:00,120.56228163082409,84.0,2.6,240.35792827713172,119.79564664630763,30.679817851849727,32.61792682888698,1076.8807251333365,51.628518415281086,,29.086937849187734,71.90649010673603,90.65275287526583,0.0,71.07302925246134,0.2489802732222254,8.628778812808322,Water Tank + DSM
2024-02-21 23:00:00,105.78567967286845,78.9,3.35,216.62430935345475,110.8386296805863,36.33016251402642,38.19074680436565,1215.6427795069799,55.001385703167685,,26.214811668380662,63.093339193131754,85.51362549918213,0.0,62.116012286739945,0.24050475622896036,7.57120070317581,Water Tank + DSM
2024-02-22 00:00:00,69.55537085327923,74.9,4.4,99.39861803268332,29.843247179404088,44.9425306535259,44.919730346753006,792.6400251990273,54.960053305991465,,12.028733338383025,55.92623804744216,17.505722486007418,0.0,29.843247179404088,0.22758620401971116,4.045973405523884,Water Tank + DSM
2024-02-22 01:00:00,55.03186888570508,74.4,5.3,79.04933111022925,24.017462224524166,47.00153643746842,46.990505792017906,689.2436379822195,54.94005695140678,,9.566162420787775,44.24856573606303,13.85044192534962,0.0,24.017462224524166,0.22449769534379738,2.654506033237858,Water Tank + DSM
2024-02-22 02:00:00,58.986118745106666,74.4,5.15,84.89858499504756,25.91246624994089,46.40969026484899,46.40435370774618,724.5919813039985,54.93038284044314,,10.274010443240616,47.42799409972521,14.845649050692039,0.0,25.91246624994089,0.22538546460272652,3.0136628857980274,Water Tank + DSM
2024-02-22 03:00:00,72.49030431309953,75.8,4.25,104.29511017691908,31.804805863819553,44.44708795401362,44.44450616114944,794.6700384940403,54.92570256621914,,12.621282806999712,58.286081511918134,18.244387667893797,0.0,31.804805863819553,0.22832936806897958,4.389960328345807,Water Tank + DSM
2024-02-22 04:00:00,71.39678457121649,77.7,4.6,102.77844783332657,31.38166326211008,44.60054868950008,44.59929963430116,741.7918135356414,54.923438278896576,,12.437743767357906,57.406833157062366,17.96917019871007,0.0,31.38166326211008,0.22809917696574988,4.270879395725923,Water Tank + DSM
2024-02-22 05:00:00,73.1074232182553,74.3,5.0,105.24576357655558,32.13834035830027,44.35089780957095,44.35029352449775,839.5017226340761,54.92234283088784,,12.736326219753142,58.7822781157163,18.39970439127543,0.0,32.13834035830027,0.22847365328564356,4.461258257231498,Water Tank + DSM
2024-02-22 06:00:00,76.83617050769413,75.2,5.35,110.58591806474405,33.749747557049915,43.810563938402524,43.8102715890732,841.622021344613,54.921812860010064,,13.382565529670583,61.7803903530559,19.338156943085686,0.0,33.749747557049915,0.22928415409239622,4.889091050532985,Water Tank + DSM
2024-02-22 07:00:00,83.0667442111309,77.9,5.25,60.518221156458736,-22.54852305467216,42.90899013740584,41.213593443828806,413.17159187288576,51.848397655201204,,7.32361836424096,66.79010482709079,0.0,0.0,0.0,0.23063651479389125,5.646840155053407,Water Tank + DSM
2024-02-22 08:00:00,94.04518841387376,76.0,4.5,65.29360833513488,-28.751580078738883,38.24791063649374,36.24084422257983,413.17159187288576,48.20998756689938,,7.90151230378186,75.61736110278947,0.0,0.0,0.0,0.2376281340452594,8.507901076992182,Water Tank + DSM
2024-02-22 09:00:00,73.27802182675572,78.3,4.35,70.37003066688146,-2.907991159874257,37.61277572204193,36.607258067518146,413.17159187288576,46.38718511610722,,8.515836041376623,58.9194485207118,15.534649554797493,0.0,0.0,0.23858083641693711,6.853707376827867,Water Tank + DSM
2024-02-22 10:00:00,75.03685334481402,75.1,3.7,192.36775029050645,117.33089694569243,35.535617193784404,37.96576494711827,1161.525227411488,50.792557076146934,,23.279401836233863,60.33364312506182,22.27698914160425,0.0,113.93921191163751,0.2416965742093234,7.240037175007418,Water Tank + DSM
2024-02-22 11:00:00,60.06989322269787,76.5,4.3,127.43758301768312,67.36768979498525,42.10545870599871,43.28114895115005,885.1335045744373,52.92384840712733,,15.421871387625547,48.29940674090518,18.510098862065867,0.0,63.976004760930344,0.23184181194100195,4.316385049069059,Water Tank + DSM
2024-02-22 12:00:00,72.64751136488837,74.7,5.0,124.35050821299286,51.70299684810449,42.41781878537361,42.986610353971756,920.2068661996864,53.9549537890827,,15.04828873269316,58.41248438912549,21.675638633201714,0.0,48.31131181404958,0.2313732718219396,5.110688595352577,Water Tank + DSM
2024-02-22 13:00:00,62.7866181307607,75.9,5.65,100.06630316247032,37.27968503170962,44.874972141558246,45.150149935915735,770.5067566034976,54.453796107466395,,12.109533318696341,50.48379885978601,19.19384523172712,0.0,33.8879999976547,0.22768754178766262,3.672704805449253,Water Tank + DSM
2024-02-22 14:00:00,85.15943226944282,72.9,6.1,127.11265322359688,41.95322095415406,42.13833613939224,42.271465430837374,987.1422440423189,54.695132893177394,,15.382549977286883,68.47273794474133,24.824643698303444,0.0,38.56153592009915,0.23179249579091166,6.105712889701368,Water Tank + DSM
2024-02-22 15:00:00,67.62604933888561,77.9,6.4,99.66784322567592,32.041793886790316,44.915289589420446,44.97969670585246,721.8436840326012,54.81189011683483,,12.061313651053148,54.37496036808605,20.411835139339903,0.0,28.650108852735404,0.22762706561586935,3.942633897810361,Water Tank + DSM
2024-02-22 16:00:00,86.70703506200618,72.0,6.0,125.78550498918474,39.07846992717856,42.27262123258577,42.303780991659494,1010.8221662970216,54.86837652952998,,15.221945005827418,69.71709335709845,25.214144964313984,0.0,35.686784893123644,0.23159106815112135,6.160500242599003,Water Tank + DSM
2024-02-22 17:00:00,78.76884812467839,76.9,5.95,57.806117312783385,-20.962730811895,43.47710054331283,41.88035117030459,413.17159187288576,51.973789192027,,6.995412856284626,63.334366518382154,0.0,0.0,0.0,0.22978434918503077,5.138785623486337,Water Tank + DSM
2024-02-22 18:00:00,96.95599967707211,77.3,5.35,68.05318695728863,-28.902812719783483,37.95235080444338,35.90493742547447,413.17159187288576,48.262238123600774,,8.235462976630002,77.95780903110546,0.0,0.0,0.0,0.23807147379333493,8.909477990872155,Water Tank + DSM
2024-02-22 19:00:00,89.77337983387307,76.2,5.4,70.77344598208238,-18.999933851790686,35.279525157118314,33.60790087885812,413.17159187288576,45.231917554381724,,8.564655384615138,72.18259854445053,3.5942649099088975,0.0,0.0,0.24208071226432254,8.661911825334064,Water Tank + DSM
2024-02-22 20:00:00,98.78120758417346,76.3,5.0,78.44048238460952,-20.340725199563934,30.946523967540806,29.1272752614069,413.17159187288576,41.933983415461164,,9.492482533593709,79.4253738021128,4.52056711456807,0.0,0.0,0.2485802140486888,9.531044856253537,Water Tank + DSM
2024-02-22 21:00:00,118.01773227728876,79.3,5.1,296.49193432798285,178.4742020506941,25.0,28.564895827417573,1304.4091298275791,48.63812601657109,,35.88,94.89256844135963,65.47239876851523,0.0,142.7045515290705,0.2575,11.387108212963156,Water Tank + DSM
2024-02-22 22:00:00,114.6136639684044,80.3,5.15,226.68688308324852,112.07321911484412,32.06309782790062,33.852275933569004,1122.6587300044862,51.881548169572035,,27.43253499783086,92.15551546849858,64.6156615473962,0.0,76.30356859322053,0.24690535325814908,11.05866185621983,Water Tank + DSM
2024-02-22 23:00:00,98.14058498607898,75.2,5.5,200.78395796748907,102.6433729814101,37.68879918769413,39.40797683235212,1278.7004558069657,54.99807348360425,,24.297890019174076,78.91027897219409,60.469710693896076,0.0,66.8737224597865,0.2384668012184588,9.143113460322706,Water Tank + DSM
2024-02-23 00:00:00,69.77138919047286,75.3,5.9,99.74009804995991,29.96870885948705,44.90797861573938,44.88612148442085,783.9908259060539,54.9584508749355,,12.0700575755757,58.63885347580803,19.23473798894395,0.0,29.968708859487037,0.22763803207639094,4.254373621067974,Water Tank + DSM
2024-02-23 01:00:00,59.23258209913104,73.7,6.15,85.0690554718673,25.836473372736265,46.39244151804518,46.38186717496544,744.1997407794298,54.93928170530973,,10.294639944417963,49.78159017620636,16.32937526835096,0.0,25.83647337273625,0.22541133772293223,3.168366774712898,Water Tank + DSM
2024-02-23 02:00:00,61.53499821497244,72.2,6.5,88.54924375005902,27.01424553508658,46.04030496302424,46.03518916214723,808.6357834917706,54.93000778124247,,10.71579526422301,51.71663895226827,16.964110669832387,0.0,27.014245535086566,0.22593954255546364,3.40079154752545,Water Tank + DSM
2024-02-23 03:00:00,69.46802764621756,75.6,6.05,99.97921498289487,30.51118733667731,44.88378400145989,44.88130900907351,777.5758889135175,54.9255211149296,,12.098994334253984,58.38389548586149,19.151106576593214,0.0,30.511187336677295,0.22767432399781018,4.2443513312573335,Water Tank + DSM
2024-02-23 04:00:00,68.45924117923191,75.7,5.7,98.58174459751163,30.12250341827972,45.02518451428166,45.02398712848425,767.7420297146871,54.923350493900486,,11.929879320919138,57.53606828172682,18.87300198953547,0.0,30.12250341827972,0.2274622232285775,4.13390280868422,Water Tank + DSM
2024-02-23 05:00:00,70.77763549685541,73.1,5.25,101.91677203753395,31.139136540678535,44.687735796064615,44.68715650832385,856.9206163671103,54.92230036105716,,12.333467987906722,59.48454582055206,19.512142298649934,0.0,31.139136540678535,0.22796839630590307,4.394336665162424,Water Tank + DSM
2024-02-23 06:00:00,72.31791300965453,77.0,5.0,104.12859882973567,31.810685820081133,44.463936103447516,44.463655847670886,764.5498161326311,54.92179231337228,,12.601132420276773,60.77906078482401,19.936769566828204,0.0,31.810685820081133,0.22830409584482872,4.571581137426008,Water Tank + DSM
2024-02-23 07:00:00,81.7220258575811,76.5,5.15,57.760565609514984,-23.961460248066118,43.103438067249655,41.38401983136408,413.17159187288576,51.80483085555157,,6.989900412524648,68.68267861095192,0.0,0.0,0.0,0.23034484289912552,5.726718582145685,Water Tank + DSM
2024-02-23 08:00:00,71.68179949050928,75.2,4.95,58.39180994906726,-13.289989541442019,41.43845911563976,40.151776926120334,413.17159187288576,49.47233332266894,,7.0662905070966,60.24444383257573,6.471414778772253,0.0,0.0,0.23284231132654037,5.624978254537029,Water Tank + DSM
2024-02-23 09:00:00,72.66733842352181,74.9,5.15,62.153590686456624,-10.513747737065188,38.96343638087353,37.74597775868072,413.17159187288576,47.26532427584908,,7.521522765483171,61.07273281690223,9.519352236257674,0.0,0.0,0.2365548454286897,6.609253385075819,Water Tank + DSM
2024-02-23 10:00:00,90.49660403507748,76.6,5.25,205.78495953797542,115.28835550289794,34.17802114876417,36.35811322640035,1158.8400138492361,51.21739529537768,,24.903086706078064,76.05720863009178,28.25781705331232,0.0,111.97885161491398,0.24373296827685376,9.126865035611011,Water Tank + DSM
2024-02-23 11:00:00,98.55608957420748,78.3,5.5,178.24544121146272,79.68935163725524,36.96455748968683,38.01927236687581,1030.1408655723135,53.12938247370081,,21.570389242334553,82.83074427418313,30.479674672452514,0.0,76.37984774927128,0.23955316376546976,9.939689312901976,Water Tank + DSM
2024-02-23 12:00:00,101.18090333035374,76.0,5.65,163.10067500094365,61.91977167058991,38.49695326073999,39.00721770487756,1038.938842095981,54.05438988171747,,19.73764390015497,85.03674978781513,31.20328940128385,0.0,58.61026778260595,0.23725457010889,9.44063373527221,Water Tank + DSM
2024-02-23 13:00:00,78.97310164170433,77.0,5.45,122.21817104149989,43.245069399795554,42.63357546452167,42.88043820305151,849.5759418282099,54.50190266558257,,14.790243744432084,66.37236536964829,25.080991253751385,0.0,39.935565511811596,0.2310496368032175,5.721201469945486,Water Tank + DSM
2024-02-23 14:00:00,70.94640075488576,73.4,6.0,106.32317656982964,35.37677581494388,44.24188172496318,44.361312369944606,871.1024316896347,54.71840654434835,,12.86670945694404,59.62638334668232,22.868171783408073,0.0,32.067271926959926,0.22863717741255524,4.564322706297953,Water Tank + DSM
2024-02-23 15:00:00,67.44292290866275,74.0,6.1,99.1760939922994,31.73317108363665,44.965046345990345,45.02282614315874,815.9933860614686,54.82314976333706,,12.00180457019555,56.681911028386224,21.902324905424866,0.0,28.42366719565269,0.22755243048101448,4.092985033483962,Water Tank + DSM
2024-02-23 16:00:00,63.010257320397834,75.4,6.35,91.80550364363002,28.795246323232185,45.710826196498786,45.73877970006848,738.7055829996841,54.873823875905664,,11.109851868987453,52.95650967185117,20.68031740102899,0.0,25.48574243524822,0.2264337607052518,3.5870114502739248,Water Tank + DSM
2024-02-23 17:00:00,70.2945455627416,72.6,5.95,48.24010156623861,-22.054443996502997,44.7080719588095,43.184498371526615,413.17159187288576,52.1118896061621,,5.837780539021171,59.07853642055568,0.0,0.0,0.0,0.22793789206178575,4.357134710761937,Water Tank + DSM
2024-02-23 18:00:00,73.04451732841041,76.2,5.25,59.931119290440805,-13.113398037969603,41.54844636714316,40.24981782808959,413.17159187288576,49.75773573028951,,7.252570175356938,61.38973006741632,7.023683488460701,0.0,0.0,0.23267733044928526,5.691400239859726,Water Tank + DSM
2024-02-23 19:00:00,87.17943096680628,77.5,4.7,69.78652857686522,-17.392902389941057,37.150150598507935,35.55570845051615,413.17159187288576,46.86733093040342,,8.44522347973229,73.26931479909419,6.64092482960811,0.0,0.0,0.2392747741022381,8.726309187075202,Water Tank + DSM
2024-02-23 20:00:00,91.66609266094785,76.5,4.75,74.17825386139774,-17.48783879955012,33.61090043866611,31.960333595958407,413.17159187288576,43.87518328133126,,8.976688538187185,77.04009678768348,7.782881695783622,0.0,0.0,0.24458364934200083,9.244811614522018,Water Tank + DSM
2024-02-23 21:00:00,89.0783994816223,78.5,3.75,237.26296661565982,148.18456713403754,30.992975948560193,34.13843210054616,1193.0891774444483,49.57726633964883,,28.71240076552201,74.8652889912015,54.73721571677517,0.0,118.0046906702616,0.2485105360771597,8.983834678944179,Water Tank + DSM
2024-02-23 22:00:00,89.59081321409575,77.4,4.2,181.64128162527444,92.0504684111787,36.6209555207319,38.14270748390692,1064.089819600832,52.33589836912513,,21.981337197204653,75.29594336294511,54.87847912001853,0.0,61.87059194740276,0.24006856671890214,9.035513203553414,Water Tank + DSM
2024-02-23 23:00:00,80.09664630399,78.6,2.45,166.28170796929905,86.18506166530905,40.752600842989125,42.22102845483158,1049.564691736701,54.99786401203068,,20.12259691131626,67.31664025925149,52.261105221375885,0.0,56.00518520153305,0.23387109873551631,6.5623219452058015,Water Tank + DSM
2024-02-24 00:00:00,80.2520505524943,77.8,2.35,114.72169861158417,34.46964805908988,43.39209246569139,43.37029498272729,796.5042220901172,54.958349533901675,,13.883057411033098,58.06268284661574,20.788305570071653,0.0,34.46964805908986,0.2299118613014629,4.740669716223802,Water Tank + DSM
2024-02-24 01:00:00,92.275821372761,78.0,3.6,132.29724891910155,40.02142754634055,41.61374220324461,41.603196717664765,868.5887440567022,54.939232677153015,,16.009964324919444,66.76192961914373,23.90291535506047,0.0,40.02142754634054,0.2325793866951331,6.163297560773908,Water Tank + DSM
2024-02-24 02:00:00,103.43227316820041,79.4,4.35,148.43158877179687,44.99931560359646,39.98121821341688,39.97611637361738,899.5471118094043,54.92998406172768,,17.96246301675341,74.833667572661,26.79285682577296,0.0,44.99931560359645,0.2350281726798747,7.641467152252912,Water Tank + DSM
2024-02-24 03:00:00,98.04029779846347,77.1,5.65,140.81648944034274,42.776191641879265,40.751738263014275,40.74927002490968,925.4876813469185,54.92550963957708,,17.040921037434927,70.93255160547442,25.396131996429553,0.0,42.77619164187926,0.2338723926054786,6.915183984947972,Water Tank + DSM
2024-02-24 04:00:00,84.56035501931598,75.7,4.95,121.59444423375487,37.03408921443889,42.69668613319723,42.69549201507899,880.1505372935804,54.923344942196884,,14.71476338469611,61.17975853678887,21.904318795012365,0.0,37.034089214438886,0.23095497080020416,5.250439731881382,Water Tank + DSM
2024-02-24 05:00:00,75.50567998529647,77.0,3.95,108.67440483101856,33.168724845722096,44.00397694689377,44.0033992400357,786.8037987159184,54.922297675177774,,13.15124357151505,54.62866456274083,19.558816715638446,0.0,33.16872484572209,0.22899403457965933,4.259732304106722,Water Tank + DSM
2024-02-24 06:00:00,77.04072885612663,76.7,4.1,110.8787302410664,33.83800138493977,43.78093626805938,43.78065677710387,804.6398644688484,54.92179101396067,,13.418000223400984,55.739278623409184,19.95645222491353,0.0,33.838001384939766,0.22932859559791094,4.420926458971448,Water Tank + DSM
2024-02-24 07:00:00,83.77011715177969,76.9,3.95,58.96464994665985,-24.80546720511984,42.80724895079321,41.038300486937864,413.17159187288576,51.715041156577385,,7.135612794598983,60.60801824653757,0.0,0.0,0.0,0.23078912657381018,5.161167087353342,Water Tank + DSM
2024-02-24 08:00:00,98.7484807666484,78.7,3.5,71.37038634894085,-27.378094417707544,37.434380407900974,35.40885259892367,413.17159187288576,48.04316425044775,,8.636894180626328,71.44492484448841,0.0,0.0,0.0,0.23884842938814854,8.38718532776019,Water Tank + DSM
2024-02-24 09:00:00,123.53495370710796,80.4,3.25,86.86082265873759,-36.67413104837037,30.177970266719274,27.581905619388,413.17159187288576,43.3370181372684,,10.511470823175658,89.37803817081695,0.0,0.0,0.0,0.2497330445999211,10.725364580498033,Water Tank + DSM
2024-02-24 10:00:00,113.5199987346566,82.4,3.35,277.5149483167125,163.99494958205588,26.92015199883425,30.218854076870404,1194.9559464182428,49.31690541744269,,33.58349820939424,82.13217778114112,35.06877251011553,0.0,158.33213499779478,0.2546197720017486,9.855861333736936,Water Tank + DSM
2024-02-24 11:00:00,107.01925835115217,76.6,3.65,209.12412559799327,102.1048672468411,33.84015367176993,35.43604505306023,1168.3387425952005,52.20993738751961,,25.307176208563163,77.42886584634256,33.384835755931306,0.0,96.44205266257998,0.2442397694923451,9.291463901561109,Water Tank + DSM
2024-02-24 12:00:00,88.48000223618627,78.0,4.5,154.03479254185763,65.55479030567136,39.41426817653705,40.18635041998505,953.6584525916604,53.60956811427862,,18.64053526086169,64.01563913618729,28.58246972906407,0.0,59.891975721410255,0.23587859773519443,6.754571174139414,Water Tank + DSM
2024-02-24 13:00:00,89.04076044899534,77.3,4.9,141.00361791256609,51.96285746357074,40.73280400708106,41.1063325552243,921.1691236043953,54.28670068369016,,17.063566407531056,64.42134996899237,28.727727239601784,0.0,46.300042879309636,0.2339007939893784,6.287728356444129,Water Tank + DSM
2024-02-24 14:00:00,70.12800345060607,75.3,5.25,107.28033376460807,37.152330314002015,44.145033505774904,44.32574427520655,822.609277946498,54.61429317490363,,12.982539927093221,50.73789386048727,23.828610407716575,0.0,31.489515729740894,0.22878244974133766,3.913403553384678,Water Tank + DSM
2024-02-24 15:00:00,64.76773324867186,72.5,6.45,96.38152680501761,31.613793556345755,45.24780957126484,45.33523630839352,844.8763683208246,54.77278036802844,,11.663619752767255,46.85971671031603,22.440098411713823,0.0,25.950978972084645,0.22712828564310275,3.3042258852973028,Water Tank + DSM
2024-02-24 16:00:00,83.89703154874329,75.0,6.25,122.15581954808479,38.25878799934152,42.639884387584594,42.682180894809974,901.7888748307136,54.84945547828981,,14.782698272448828,60.69984132555967,27.395307601575173,0.0,32.595973415080394,0.2310401734186231,5.229940434541843,Water Tank + DSM
2024-02-24 17:00:00,97.65775802544219,78.3,6.15,64.98467750853737,-32.67308051690482,40.72653124684489,38.560134785078986,413.17159187288576,50.9222118718466,,7.8641270100353635,70.65578253397734,0.0,0.0,0.0,0.23391020312973265,6.898888015778416,Water Tank + DSM
2024-02-24 18:00:00,92.34956176027863,76.3,5.3,66.99023184220944,-25.359329918069193,37.56694046363169,35.67893059470241,413.17159187288576,47.49962749381899,,8.106829360961887,66.81528108747315,0.0,0.0,0.0,0.23864958930455246,7.790552011872296,Water Tank + DSM
2024-02-24 19:00:00,78.34805070956041,75.5,4.55,68.0240356973506,-10.324015012209813,36.16920576158697,34.888449149545906,413.17159187288576,45.17787184806419,,8.231935234099847,56.685131266822,9.9710828420741,0.0,0.0,0.24074619135761954,6.802215752018639,Water Tank + DSM
2024-02-24 20:00:00,71.50981528596925,77.7,3.7,199.27843697290635,127.7686216869371,34.83637186374903,37.61087921318553,1110.6370462029397,50.207498899902404,,24.11569925095617,51.73764030681529,43.319430609188856,0.0,102.97292824321443,0.24274544220437647,6.208516836817834,Water Tank + DSM
2024-02-24 21:00:00,82.68398897005989,76.9,3.05,165.54104433174652,82.85705536168663,38.250028904804225,39.59231816328994,1023.1923706350049,52.64080092998811,,20.032965429854148,59.822200118379996,46.2139627169508,0.0,58.061361917963964,0.23762495664279365,6.729987138423853,Water Tank + DSM
2024-02-24 22:00:00,92.76328801678899,79.2,2.8,155.89844499965866,63.135156982869674,39.22569787407417,39.875089000686984,931.6690507132607,53.81801719445352,,18.866065342607293,67.1146137057888,48.82488103085079,0.0,38.33946353914702,0.23616145318888876,7.157492526428956,Water Tank + DSM
2024-02-24 23:00:00,98.744828973684,80.7,2.55,164.71450370825227,65.96967473456827,39.53788455533427,40.19414857967193,955.9494588578173,55.00769264823356,,19.93294153666396,71.44228275752299,50.37432556635832,0.0,41.17398129084556,0.2356931731669986,7.485200334853908,Water Tank + DSM
2024-02-25 00:00:00,72.59901537967384,78.8,2.2,103.68642812136312,31.087412741689278,44.50867634665596,44.484080097414754,722.3346371021424,54.963104566467464,,12.547623089399472,52.0020206814009,22.129906155967376,0.0,31.087412741689274,0.22823698548001606,3.897444425755614,Water Tank + DSM
2024-02-25 01:00:00,71.75009253511146,74.7,1.95,102.91376838064538,31.163675845533916,44.58685652472411,44.57495701356866,816.4285129919051,54.94153313209256,,12.454119596429964,51.393944895676036,21.87113428715382,0.0,31.163675845533913,0.22811971521291383,3.827762470502697,Water Tank + DSM
2024-02-25 02:00:00,71.65358675778356,81.4,1.5,102.9890289600232,31.335442202239648,44.5792414191515,44.573484510268784,668.1885168379137,54.93109700740273,,12.463227262694804,51.32481867678402,21.84171703149813,0.0,31.335442202239644,0.22813113787127276,3.82495909194095,Water Tank + DSM
2024-02-25 03:00:00,93.28835756608572,78.2,2.9,134.0137591060128,40.72540153992708,41.4400602252709,41.43727506885136,870.9142050921764,54.926048075716096,,16.21768797057601,66.82161010194277,28.43650960808776,0.0,40.72540153992707,0.23283990966209367,6.238441373019955,Water Tank + DSM
2024-02-25 04:00:00,85.89829585675308,79.0,1.95,123.50138053254246,37.603084675789376,42.50373623358768,42.50238879237584,808.3960477829467,54.92360543422474,,14.945531464629141,61.52817547564974,26.183843077294455,0.0,37.603084675789376,0.2312443956496185,5.3515719645667215,Water Tank + DSM
2024-02-25 05:00:00,99.0396475743564,80.4,0.9,142.30785479373375,43.26820721937736,40.6008371577173,40.600185274107965,854.1924155912538,54.922423699587476,,17.22139875937011,70.94120732224559,30.18963955748397,0.0,43.26820721937736,0.23409874426342406,6.98025846663386,Water Tank + DSM
2024-02-25 06:00:00,105.3685040081774,82.6,0.8,151.36507923878173,45.996575230604336,39.68439828740772,39.684082910205085,842.5802255801062,54.9218519837799,,18.31745964826037,75.47451016994951,32.11882548683284,0.0,45.996575230604336,0.23547340256888843,7.84131934533505,Water Tank + DSM
2024-02-25 07:00:00,120.48849077814012,81.4,0.65,75.93143913080411,-44.55705164733601,37.49722683953379,34.70749486199069,413.17159187288576,49.86462572540342,,9.18885042248558,86.3048204792853,0.0,0.0,0.0,0.23875415974069933,10.099100018773559,Water Tank + DSM
2024-02-25 08:00:00,126.05007220384257,83.6,0.7,89.87413524417201,-36.175936959670565,31.635704080087272,29.02169015359211,413.17159187288576,45.125941158122664,,10.876127136037734,90.28853115095438,2.2471222820521675,0.0,0.0,0.2475464438798691,10.834623738114527,Water Tank + DSM
2024-02-25 09:00:00,126.44682289672627,83.9,0.5,98.6879581108648,-27.758864785861476,26.839642811890343,25.0,413.17159187288576,40.82280209772744,,11.942732759471353,90.57272009799175,10.785133501038572,0.0,0.0,0.2547405357821645,10.86872641175901,Water Tank + DSM
2024-02-25 10:00:00,110.29526110693755,81.2,0.95,296.49193432798285,186.1966732210453,25.0,28.88692724918634,1260.3098887835863,48.10054346256312,,35.88,79.00350189527937,40.81080096561897,0.0,179.0064904549925,0.2575,9.480420227433523,Water Tank + DSM
2024-02-25 11:00:00,95.92425351494617,79.2,2.1,205.2879258321633,109.36367231721712,34.22831260511747,36.17057074063586,1090.498316859582,51.621469100781404,,24.842938124279506,68.70967862366874,36.4301761360086,0.0,102.17348955116432,0.2436575310923238,8.245161434840247,Water Tank + DSM
2024-02-25 12:00:00,88.31349635613047,78.7,3.35,159.6126833173186,71.29918696118814,38.84987938922279,39.789531696520655,956.838264322315,53.324870847065185,,19.315544250489545,63.25816183512752,34.110236384489546,0.0,64.10900419513534,0.23672518091616582,6.8888596015417685,Water Tank + DSM
2024-02-25 13:00:00,69.97446989296516,76.7,4.45,116.56672155867612,46.59225166571096,43.2054071565675,43.66000505087596,831.3820721354464,54.14896593096787,,14.106333040745266,50.1220823934594,28.520065050908663,0.0,39.40206889965816,0.23019188926514875,4.148482314496494,Water Tank + DSM
2024-02-25 14:00:00,78.44823251615776,72.8,5.3,120.53329839299289,42.08506587683513,42.80405625540651,43.02398786617857,959.9426479129668,54.54765796518366,,14.586348718533818,56.19176222143014,31.103069388618977,0.0,34.89488311078234,0.23079391561689025,4.7861705724299775,Water Tank + DSM
2024-02-25 15:00:00,82.77232834741082,77.7,6.35,122.77323188165813,40.000903534247314,42.57741263755476,42.68381417179498,835.0605418111863,54.74054267139298,,14.857414485484512,59.289073110141416,32.421156616863016,0.0,32.810720768194514,0.23113388104366786,5.130611019416505,Water Tank + DSM
2024-02-25 16:00:00,95.05695533217971,76.4,5.8,138.42479586116323,43.36784052898352,40.99373745107992,41.04521384616896,933.9735607557529,54.83385908279967,,16.751490008508416,68.08844074872933,36.16580302717941,0.0,36.17765776293072,0.23350939382338012,6.539048755024499,Water Tank + DSM
2024-02-25 17:00:00,68.92869707790351,75.7,4.8,53.329159261058074,-15.599537816845434,44.86563140804764,43.54447624999806,413.17159187288576,52.43886895096552,,6.4536333462956295,49.373004747261625,5.411568047466083,0.0,0.0,0.22770155288792854,3.5946614285729175,Water Tank + DSM
2024-02-25 18:00:00,69.7819127900955,75.1,3.35,56.64706571250578,-13.134847077589725,42.34725219684074,41.08804051779622,413.17159187288576,50.156169960746865,,6.855150115201232,49.984155475395696,8.136339223665185,0.0,0.0,0.2314791217047389,4.39443134600925,Water Tank + DSM
2024-02-25 19:00:00,76.01903994309514,79.7,2.2,70.1109704878809,-5.908069455214232,39.16256163949279,38.03566895068285,413.17159187288576,48.11333884216712,,8.48448584885416,54.45175346562441,17.26434150944517,0.0,0.0,0.23625615754076082,5.8276787763876605,Water Tank + DSM
2024-02-25 20:00:00,97.71748369262738,79.5,1.8,78.72541773561846,-18.99206595700892,33.981777293120565,32.21246255282893,413.17159187288576,44.905924998843055,,9.526964012549866,69.99415324496503,10.79454661075,0.0,0.0,0.24402733406031915,8.399298389395804,Water Tank + DSM
2024-02-25 21:00:00,84.45623411837647,81.4,1.1,220.46983003128747,136.013595912911,32.69215909387256,35.54410502736657,1081.3121040491458,50.075932719455004,,26.680177723728416,60.49523964379668,60.39953492625999,0.0,101.35832935656836,0.24596176135919115,7.259428757255601,Water Tank + DSM
2024-02-25 22:00:00,89.63845470308159,78.3,0.7,176.78102144393057,87.14256674084898,37.11273215462516,38.49248571450976,1025.3530578118946,52.57715003685554,,21.393172343068315,64.20721756267169,61.979198983951235,0.0,52.48730018450637,0.23933090176806227,7.6614367996506445,Water Tank + DSM
2024-02-25 23:00:00,89.79220430169947,81.9,0.2,175.643569815142,85.85136551344253,39.59171474151581,40.93075894525975,991.7623273279995,55.00456943155475,,21.255523524615846,64.3173470150516,62.026065517486735,0.0,51.19609895709986,0.2356124278877263,6.717928343441608,Water Tank + DSM
2024-02-26 00:00:00,108.41672454678606,82.4,-0.1,154.9099099917555,46.493185444969455,39.32572100051878,39.302014106966055,859.1360858633982,54.96159357382199,,18.746437683379536,64.00064825221602,41.06472084513875,0.09690174907717151,46.493185444969455,0.23601141849922183,6.7869918801439555,Water Tank + DSM
2024-02-26 01:00:00,110.58923378359306,82.5,0.1,158.43971133777393,47.85047755418087,38.968564436983364,38.95709519053342,869.4844693805014,54.940802123325156,,19.1735969333679,65.28312565660924,41.887596519679775,0.09884351540347353,47.85047755418087,0.23654715334452495,7.062890841776805,Water Tank + DSM
2024-02-26 02:00:00,109.2221687352032,82.4,0.15,156.6913109819508,47.46914224674761,39.14547316400685,39.139924414490714,865.394487717061,54.93074334994475,,18.962014095847817,64.47611871496214,41.36979684602288,0.09762164677716137,47.46914224674761,0.2362817902539897,6.907143551261829,Water Tank + DSM
2024-02-26 03:00:00,118.55542691855703,80.4,1.95,170.13032189903373,51.5748949804767,37.78567115648749,37.782986706264275,953.7330811783551,54.925876978455484,,20.588337296840965,69.98573521128205,44.904930779253235,0.10596361658243364,51.5748949804767,0.23832149326526877,8.068373584227395,Water Tank + DSM
2024-02-26 04:00:00,110.56411665637889,82.6,2.2,158.75680199057416,48.192685334195275,38.93648019291929,38.93518147273382,868.5891012644615,54.9235226584429,,19.211969689268532,65.26829849381991,41.87808297071587,0.09882106597448533,48.192685334195275,0.23659527971062105,7.0738512157054325,Water Tank + DSM
2024-02-26 05:00:00,100.98232358411994,79.0,2.3,145.08525091667016,44.10292733255022,40.31981135552492,40.31918304284263,896.0566302125596,54.92238365318326,,17.5575056187922,59.611966681484745,38.24881212386974,0.09025695825144914,44.10292733255022,0.23452028296671262,5.966033098291972,Water Tank + DSM
2024-02-26 06:00:00,73.30463631908981,78.1,2.45,105.53805418327887,32.233417864189065,44.32132291330414,44.32101893956818,746.3924229363554,54.92183260958063,,12.77169779568826,43.27325201832769,27.765406487619988,0.06551892712567961,32.233417864189065,0.22851801563004379,3.2918855329895207,Water Tank + DSM
2024-02-26 07:00:00,73.96931856314112,77.2,2.05,57.032068019899505,-16.93725054324161,44.224647842685876,42.8027886159413,413.17159187288576,52.344286137341996,,6.901741206525847,43.665627776577644,11.146028922865472,0.0,0.0,0.22866302823597118,3.3470626320958603,Water Tank + DSM
2024-02-26 08:00:00,71.76325879318959,79.3,2.05,64.57027578880985,-7.192983004379741,41.9661340372933,40.85333196286016,413.17159187288576,50.32699848515852,,7.813978145994512,42.36334479440635,20.052741185540768,0.0,0.0,0.23205079894406005,3.821309084226202,Water Tank + DSM
2024-02-26 09:00:00,96.25048930911409,78.3,1.65,72.45444561735782,-23.796043691756267,36.407588545417966,34.516786380216985,413.17159187288576,46.899352232319984,,8.76808171744402,56.818666456926294,12.746531561388238,0.0,0.0,0.24038861718187304,6.8182399748311555,Water Tank + DSM
2024-02-26 10:00:00,99.58185918914528,82.5,1.55,222.3870248558294,122.80516566668412,32.49817120389295,34.782476133918074,1062.4887297793655,51.0403403154963,,26.912187240144025,58.78524341063139,41.12621867174588,0.10445394954032768,119.38186014958572,0.24625274319416057,7.054229209275766,Water Tank + DSM
2024-02-26 11:00:00,117.02408536708785,79.9,2.15,206.39074943190934,89.36666406482149,34.11672539426342,35.22185779598563,1076.9217594571307,53.043724384633414,,24.976396428460948,69.08175243187897,47.73276532687831,0.12004363122004752,85.9433585477231,0.24382491190860486,8.289810291825475,Water Tank + DSM
2024-02-26 12:00:00,117.86550138985046,80.9,2.75,187.7937729736239,69.92827158377344,35.99842681394318,36.53308294031369,999.1263346279318,54.0129490353341,,22.725881530523957,69.57845781688044,48.05146628592142,0.12079568017419268,66.50496606667504,0.24100235977908524,8.349414938025653,Water Tank + DSM
2024-02-26 13:00:00,108.98207437888856,81.5,2.95,165.51818698463265,56.536112605744094,38.25234168412138,38.51100496557075,914.2898520455553,54.481853843951505,,20.030199345790834,64.3343860209514,44.686713736180884,0.1128557648266291,53.1128070886457,0.23762148747381792,7.236714522495807,Water Tank + DSM
2024-02-26 14:00:00,97.37356847716326,77.4,3.05,144.29246352617858,46.91889504901532,40.40002811342308,40.52516778707531,931.6290670503063,54.70870705015667,,17.461566376345992,57.48164345696183,40.28979014089388,0.10248020210093156,43.49558953191693,0.2343999578298654,5.725161992278826,Water Tank + DSM
2024-02-26 15:00:00,97.20802643482789,78.4,2.95,141.81385698611606,44.60583055128818,40.65082143220396,40.71136322164558,897.4534661011679,54.8184572088665,,17.161617567084065,57.38392054505179,40.227088211970525,0.10233224233259176,41.18252503418978,0.23402376785169407,5.6290797834676285,Water Tank + DSM
2024-02-26 16:00:00,108.93548243363944,81.8,2.55,157.490706030188,48.55522359654856,39.06458782221341,39.09387756032616,880.3752179314557,54.87155364747684,,19.058752964632763,64.30688182626427,44.66906622622995,0.11281412142699292,45.13191807945016,0.2364031182666799,6.92022258853358,Water Tank + DSM
2024-02-26 17:00:00,119.32457249348367,80.6,2.0,74.34368423884271,-44.98088825464096,37.61525030457203,34.82773069618027,413.17159187288576,49.818337972000556,,8.996708111253074,70.43977784724441,0.32202086500679883,0.0,0.0,0.23857712454314195,8.19274477302231,Water Tank + DSM
2024-02-26 18:00:00,119.92354191409841,81.4,1.8,84.61684705891493,-35.30669485518348,32.47541376132925,29.96200835150542,413.17159187288576,45.26203652841136,,10.23991589975379,70.79336195857823,10.223619707119767,0.0,0.0,0.24628687935800614,8.495203435029387,Water Tank + DSM
2024-02-26 19:00:00,129.79226698601062,83.0,1.3,97.73275438718606,-32.059512598824554,26.491931730456184,25.0,413.17159187288576,40.6598088480816,,11.827138688815522,76.61907570030556,17.217573862318243,0.0,0.0,0.25526210240431574,9.194289084036667,Water Tank + DSM
2024-02-26 20:00:00,132.48136428261316,83.8,0.55,101.69673347449809,-30.784630808115068,25.0,25.0,413.17159187288576,37.87152224076185,,12.30684,78.20650578468866,19.513401531116074,0.0,0.0,0.2575,9.38478069416264,Water Tank + DSM
2024-02-26 21:00:00,139.32272506574853,83.1,0.4,296.49193432798285,157.16920926223432,25.0,25.0,1219.094935449872,46.672732773362824,,35.88,82.24510339846367,108.28372936302179,0.309990527188535,101.47092088341667,0.2575,9.86941240781564,Water Tank + DSM
2024-02-26 22:00:00,133.9502804431315,85.5,-0.1,273.74793351433834,139.79765307120684,27.301310576815023,29.650146830044573,1123.6690541312487,50.930703242239375,,33.12763255012923,79.07363755697128,106.24882248305478,0.3051886916513695,84.09936469238927,0.25404803413477745,9.488836506836552,Water Tank + DSM
2024-02-26 23:00:00,137.317537102175,83.6,-0.55,274.9216556247165,137.60411852254148,31.072320136235618,33.313668120291936,1250.320949877269,54.99381897176959,,33.269670644405956,81.06139922299889,107.52422953206487,0.30819831088878025,81.90583014372392,0.24839151979564658,9.727367906759866,Water Tank + DSM
2024-02-27 00:00:00,123.8657802757282,84.5,-0.5,177.09678684299945,53.23100656727125,37.08078200396241,37.0601363717779,892.1894223391242,54.95639256878721,,21.431384723260955,70.56553522053981,45.276947722462154,3.2835352967134677,53.23100656727125,0.23937882699405638,8.433661674390004,Water Tank + DSM
2024-02-27 01:00:00,134.64586488711922,82.9,-0.15,192.8741567047066,58.228291817587376,35.48437737688875,35.47438914949352,971.7473355231449,54.93828590970153,,23.340684657241063,76.70687981653857,49.21741720731239,3.5693025864707035,58.228291817587376,0.24177343393466688,9.204825577984629,Water Tank + DSM
2024-02-27 02:00:00,127.57918803780325,86.2,-1.05,182.95302769546606,55.37383965766281,36.48822886766141,36.48339662587742,879.186762630819,54.929526021571206,,22.14007827427696,72.6810396450841,46.634318327494405,3.3819733433694616,55.37383965766281,0.2402676566985079,8.72172475741009,Water Tank + DSM
2024-02-27 03:00:00,119.41835570884595,84.1,-1.75,171.37569751976912,51.95734181092317,37.65966007727637,37.657322269001185,881.5655725678406,54.92528804262145,,20.739046547577463,68.0318661618505,43.651270241836954,3.1656393329346,51.95734181092317,0.23851050988408545,7.894556502884567,Water Tank + DSM
2024-02-27 04:00:00,120.07229360673732,82.6,-1.9,172.35222529285377,52.279931686116456,37.56085188116493,37.55972086418028,914.1711333507843,54.92323773497925,,20.857221150126747,68.40441035979586,43.89030568770953,3.18297445297183,52.279931686116456,0.2386587221782526,7.9783407897938865,Water Tank + DSM
2024-02-27 05:00:00,120.90578600599555,87.4,-2.4,173.56376121289074,52.65797520689519,37.438264810850555,37.43771763192529,829.8934096184405,54.92224580899811,,21.00383528622274,68.87924559778479,44.194974109482516,3.205069350419815,52.65797520689519,0.23884260278372416,8.084385374473522,Water Tank + DSM
2024-02-27 06:00:00,129.37990886522564,85.3,-3.0,185.68524103442542,56.30533216919977,36.211774803726875,36.21151008199386,903.6512037280979,54.9217659214282,,22.470717334742655,73.70689867319483,47.29254001377824,3.429708322176414,56.30533216919977,0.24068233779440967,8.84482784078338,Water Tank + DSM
2024-02-27 07:00:00,136.9733505233516,85.3,-3.15,86.79996440904776,-50.17338611430384,35.11315787756478,31.958593692523024,413.17159187288576,49.20317182036435,,10.504106056225691,78.03283335490288,3.525803826311119,0.0,0.0,0.24233026318365283,9.363940002588345,Water Tank + DSM
2024-02-27 08:00:00,153.4017486733888,89.5,-3.2,108.06359556714527,-45.338153106243524,27.018746155779613,25.0,413.17159187288576,43.37610957255559,,13.07732642959533,87.39198570265314,14.801644947615301,0.0,0.0,0.2544718807663306,10.487038284318377,Water Tank + DSM
2024-02-27 09:00:00,156.2207484276697,88.4,-2.75,109.65260037896566,-46.56814804870403,25.0,25.0,413.17159187288576,39.60020673591511,,13.269620000000002,88.99795166035827,14.6768139123622,0.0,0.0,0.2575,10.679754199242993,Water Tank + DSM
2024-02-27 10:00:00,111.47960437052622,84.8,-1.8,296.49193432798285,185.01232995745664,25.000000000000007,27.841198053091713,1184.4383904621666,47.509059492636545,,35.88,63.509210785003994,50.0523256311078,3.8008158253280238,174.86378086679582,0.2575,7.621105294200479,Water Tank + DSM
2024-02-27 11:00:00,97.7890898098333,78.4,-0.55,213.79892534159973,116.00983553176643,33.36714251675802,35.47782945097366,1134.166430295476,51.335312864950865,,25.872897549957408,55.70981303956232,45.04799989499031,3.437896480775091,105.86128644110562,0.24494928622486298,6.6851775647474785,Water Tank + DSM
2024-02-27 12:00:00,96.27252128402426,82.7,0.85,173.81625446543816,77.5437331814139,37.41271673786978,38.43385384186742,916.8850564294652,53.18643025447419,,21.034390781507746,54.845833742906564,44.4936450626247,3.397694043319858,67.39518409075308,0.23888092489319535,6.445685287620065,Water Tank + DSM
2024-02-27 13:00:00,117.94349951316573,81.4,2.0,186.49488081395995,68.55138130079422,36.12985286733057,36.623872595343016,984.1375101636885,54.08198924034528,,22.568695970672643,67.19165011033222,52.415088307008176,3.9721660385012307,58.4028322101334,0.24080522069900415,8.062998013239866,Water Tank + DSM
2024-02-27 14:00:00,112.55453918471478,79.9,2.95,169.9418188798001,57.387279695085326,37.80474449347329,38.0437481402021,964.4237310023292,54.515255062228675,,20.565525585805954,64.12159420778272,50.44524906225021,3.829311075559342,47.238730604424504,0.23829288325979006,7.384982305825276,Water Tank + DSM
2024-02-27 15:00:00,103.63292371529158,80.1,2.75,152.9085675348024,49.275643819510805,39.52822321645487,39.643851682102344,900.3441941375693,54.72486635012136,,18.50424503311998,59.03900748180979,47.184110139863456,3.5928096041089876,39.127094728849976,0.2357076651753177,6.189098161465389,Water Tank + DSM
2024-02-27 16:00:00,97.87317514998544,79.1,2.65,142.60482024532953,44.73164509534409,40.57078924572919,40.62672957237682,884.1885134645129,54.826274976864724,,17.257336062107896,55.75771591490714,45.07873580560114,3.440125483666052,34.58309600468327,0.23414381613140622,5.496331595656615,Water Tank + DSM
2024-02-27 17:00:00,86.6431394075329,79.5,2.05,64.34524163412667,-22.297897773406234,42.29624645922954,40.563991492402565,413.17159187288576,51.68604309259762,,7.786745616083257,49.360037064881446,11.669778291457867,0.0,0.0,0.2315556303111557,4.354666918591869,Water Tank + DSM
2024-02-27 18:00:00,84.84058253120853,78.6,1.8,67.76894933180151,-17.071633199407017,39.416694061179676,37.859034882887805,413.17159187288576,48.86231846189084,,8.201065932995093,48.33313205156665,16.189366393642203,0.0,0.0,0.2358749589082305,5.099137487064593,Water Tank + DSM
2024-02-27 19:00:00,92.69627857562186,79.6,1.6,76.34708260833835,-16.349195967283507,35.456906077558244,33.82500282926901,413.17159187288576,45.904004177646755,,9.239149557967059,52.80847136376351,19.99155974177583,0.0,0.0,0.24181464088366264,6.337016563651621,Water Tank + DSM
2024-02-27 20:00:00,105.16864444722151,81.6,1.45,88.04224901972417,-17.126395427497343,30.694881757849586,28.888758058668785,413.17159187288576,42.62986305193992,,10.654441248082081,59.91389766662664,24.104040948559266,0.0,0.0,0.24895767736322563,7.189667719995197,Water Tank + DSM
2024-02-27 21:00:00,116.61272063014084,81.1,1.8,288.92409369500604,172.3113730648652,25.765738263686305,29.265807221587874,1247.3559862557997,48.97478822128073,,34.964177036631185,66.43351397352507,85.35058876740325,8.328051737024253,124.34971773079197,0.25635139260447054,7.972021676823008,Water Tank + DSM
2024-02-27 22:00:00,99.52408555907788,81.4,2.15,201.7927839484781,102.26869838940023,34.58196221365814,36.27527362878366,1029.6584788968619,52.04442323321589,,24.41997319246487,56.6982289150226,79.10414011113659,7.875052237860023,54.30704305532692,0.2431270566795128,6.803787469802712,Water Tank + DSM
2024-02-27 23:00:00,82.53065021115815,77.4,2.3,175.3556508175494,92.82500060639124,40.10912855442129,41.73857973033637,1123.3575514769857,54.99829240054626,,21.220680979380887,47.0171785240893,72.89249003183241,7.42457637073108,44.86334527231793,0.23483630716836806,4.764966709105299,Water Tank + DSM
2024-02-28 00:00:00,72.93630705189194,77.8,1.7,104.26140694894342,31.325099897051473,44.450498154164805,44.428578684863446,746.8527872314079,54.95855678557935,,12.617204207618895,50.99248165709465,19.022133483319195,0.0,31.325099897051473,0.2283242527687528,3.83958145607656,Water Tank + DSM
2024-02-28 01:00:00,77.92482169924115,79.7,1.95,111.78397261454741,33.85915091530626,43.68934095614648,43.678736454341525,741.5650375850215,54.9393329442151,,13.52754821644881,54.48013755760688,20.3231616727209,0.0,33.85915091530626,0.22946598856578027,4.350999214149263,Water Tank + DSM
2024-02-28 02:00:00,94.24655681018689,79.0,1.65,135.30187320336626,41.05531639317937,41.30972473062012,41.304594339140976,857.581247728081,54.930032570303595,,16.373569222178343,65.89126888435081,24.579947305408535,0.0,41.05531639317937,0.23303541290406982,6.203112879865137,Water Tank + DSM
2024-02-28 03:00:00,86.72258553717693,81.2,1.55,124.64012108754875,37.917535550371824,42.388514830591944,42.38603277936377,767.1819500382317,54.92553310772195,,15.083336262612036,60.63098107111533,22.617660048692507,0.0,37.917535550371824,0.23141722775411208,5.315452084363573,Water Tank + DSM
2024-02-28 04:00:00,105.34141910186712,78.3,1.75,151.29563753883556,45.954218436968446,39.6914246201918,39.69022381937098,936.1456096600538,54.92335629593823,,18.309056154250605,73.64809925819985,27.473539811281253,0.0,45.954218436968446,0.23546286306971229,7.648462065540889,Water Tank + DSM
2024-02-28 05:00:00,94.22642576115024,82.6,1.8,135.43099905998102,41.20457329883078,41.2966593644164,41.296078424508735,783.3100148808657,54.92230316804665,,16.389195400157988,65.87719452015233,24.57469703270605,0.0,41.20457329883078,0.2330550109533754,6.20695215399932,Water Tank + DSM
2024-02-28 06:00:00,118.78552436688189,78.2,2.5,170.54260452885654,51.757080161974656,37.74395508443744,37.7436740293528,1007.0481696614823,54.92179367137619,,20.638229719012823,83.04737266307032,30.979825984132823,0.0,51.757080161974656,0.23838406737334383,9.594983628717266,Water Tank + DSM
2024-02-28 07:00:00,112.48458384992969,83.1,1.95,76.86981844442164,-35.61476540550805,38.654665620942154,36.22072503805843,413.17159187288576,50.5095460697524,,9.302408485536807,78.64215108385692,0.0,0.0,0.0,0.23701800156858677,8.656299347530448,Water Tank + DSM
2024-02-28 08:00:00,109.4772969705212,81.1,2.05,80.28970709714926,-29.187589873371934,34.677321355201215,32.468223487159804,413.17159187288576,46.504893352030955,,9.716266640356386,76.53964511345241,0.0,0.0,0.0,0.24298401796719818,9.184757413614289,Water Tank + DSM
2024-02-28 09:00:00,110.8195118267705,77.2,2.9,80.80642188221097,-30.013089944559525,30.478562208042895,28.231894476077905,413.17159187288576,42.43213398324498,,9.778796929856624,77.47803737930263,0.0,0.0,0.0,0.24928215668793566,9.297364485516317,Water Tank + DSM
2024-02-28 10:00:00,104.26791166737078,82.3,3.15,273.23439151133186,168.96647984396108,27.35327239535527,30.90964595524281,1187.939451533315,48.879128137679395,,33.065486215155104,72.89757033269004,33.392918250608545,0.0,162.7671255936869,0.2539700914069671,8.747708439922805,Water Tank + DSM
2024-02-28 11:00:00,109.45761394769944,78.3,3.8,216.93573690714476,107.47812295944532,33.04974991321336,34.77030114172932,1145.2779349091506,51.998143484593136,,26.25249910379682,76.52588398102381,34.746417125248065,0.0,101.27876870917113,0.24542537513017995,9.183106077722858,Water Tank + DSM
2024-02-28 12:00:00,83.35910027679252,76.3,5.15,148.80889418432994,65.44979390753743,39.94304124782202,40.775433143695174,977.7821797954707,53.507103552067726,,18.008122667604862,58.279443580712446,27.93980145150667,0.0,59.250439657263236,0.23508543812826696,5.964420391536574,Water Tank + DSM
2024-02-28 13:00:00,77.81249189833183,74.3,6.35,125.96823065635897,48.15573875802714,42.25413246651647,42.65683844633952,939.0522815207808,54.237128970982674,,15.24405757004631,54.40160362102659,26.493219780190223,0.0,41.95638450775295,0.2316188013002253,4.813193043628417,Water Tank + DSM
2024-02-28 14:00:00,84.44510928367633,74.3,7.0,128.23303930314435,43.78793001946802,42.02497190079126,42.21979852871645,949.1483186084004,54.590310691128415,,15.518133606653658,59.03871281987975,28.223037731598755,0.0,37.588575769193824,0.23196254214881312,5.304638300512888,Water Tank + DSM
2024-02-28 15:00:00,82.21548958787866,79.0,3.65,121.5558280483616,39.34033846048294,42.70059344205683,42.79484934301312,799.9761457769114,54.76117779275691,,14.710090243300035,57.4799028658829,27.641542380588916,0.0,33.14098421020875,0.23094910983691475,4.931570999942054,Water Tank + DSM
2024-02-28 16:00:00,80.91694381888644,75.7,4.3,118.01118533905654,37.0942415201701,43.05925170208733,43.104852115951175,863.7018345243416,54.84384222512584,,14.281134964303556,56.57204128112891,27.302875508760646,0.0,30.894887269895918,0.230411122446869,4.731939529196059,Water Tank + DSM
2024-02-28 17:00:00,76.42018537104207,75.9,4.95,55.53156763851858,-20.888617732523485,43.79222165170427,42.22659802620208,413.17159187288576,52.005679644146525,,6.720158008298299,53.42819040717462,0.0,0.0,0.0,0.2293116675224436,4.234006178691017,Water Tank + DSM
2024-02-28 18:00:00,89.9939193685681,77.7,4.05,66.94849371098951,-23.04542565757859,38.991073019633085,37.197902955451084,413.17159187288576,48.75502086856685,,8.101778416990797,62.91809207431933,0.42541371050210586,0.0,0.0,0.23651339047055037,6.798523955462515,Water Tank + DSM
2024-02-28 19:00:00,100.08654386250292,78.8,3.85,76.99747814188692,-23.089065720616006,34.2808541035561,32.36410965836326,413.17159187288576,45.280346449354944,,9.317857236125707,69.97422077319573,3.013977800384783,0.0,0.0,0.24357871884466584,8.396906492783488,Water Tank + DSM
2024-02-28 20:00:00,100.98587509071545,79.1,3.65,83.75085478832905,-17.235020302386403,30.676121539944553,28.918907759601396,413.17159187288576,42.094869226787175,,10.135117761689605,70.60297664269228,9.102573052027324,0.0,0.0,0.24898581769008318,8.472357197123074,Water Tank + DSM
2024-02-28 21:00:00,92.16400805155902,78.1,3.85,259.2680445302842,167.1040364787252,28.766431948518477,32.41884377936739,1255.4726065193481,48.715961563277965,,31.375347389571903,64.43528168583823,66.26872103029274,0.0,124.87212419811516,0.2518503520772223,7.732233802300588,Water Tank + DSM
2024-02-28 22:00:00,85.491006966743,77.4,3.45,184.29394654819333,98.80293958145033,36.352550419365684,38.11956436117782,1072.5700561270144,51.919204519011586,,22.302349698438643,59.76993874253347,64.52837081926006,0.0,56.5710273008403,0.24047117437095147,7.172392649104016,Water Tank + DSM
2024-02-28 23:00:00,72.35590788357788,79.0,2.15,163.25732996858463,90.90142208500674,41.455345575301706,43.155130983467984,1038.7842450263151,55.0005755858315,,19.75660151615791,50.5867030381828,61.102674918604905,0.0,48.66950980439674,0.23281698163704745,4.718116903280321,Water Tank + DSM
2024-02-29 00:00:00,82.83604372495897,74.9,4.45,118.38808331122549,35.55203958626652,43.021115962608626,42.99854634186722,887.1675649058877,54.95966137630391,,14.326745308720085,72.31266042860307,17.209334561192648,0.0,35.55203958626652,0.23046832605608705,6.065101767400213,Water Tank + DSM
2024-02-29 01:00:00,79.25096701158208,79.7,3.2,113.66845476607254,34.417487754490466,43.498663038806534,43.487743997811606,750.0947438988259,54.93986733828149,,13.755599005587394,69.18302719979157,16.464528534568586,0.0,34.417487754490466,0.2297520054417902,5.604380173318793,Water Tank + DSM
2024-02-29 02:00:00,87.41722982607172,77.1,3.55,125.53574677983532,38.11851695376362,42.297892565168446,42.292610001601446,861.7129964355765,54.93029110680207,,15.191720492058542,76.31185860361425,18.1610840745193,0.0,38.1185169537636,0.23155316115224733,6.731670862452067,Water Tank + DSM
2024-02-29 03:00:00,80.42251205130312,76.4,4.65,115.63315882141264,35.21064677010952,43.29986801325619,43.29731234212609,834.552072830203,54.92565818605877,,13.993357856145607,70.20574068083913,16.70791908819048,0.0,35.21064677010952,0.23005019798011572,5.7709674813276335,Water Tank + DSM
2024-02-29 04:00:00,82.58198346754614,76.8,4.85,118.76538008777267,36.18339662022653,42.98293987083038,42.98170345316262,838.9861455787925,54.92341680805328,,14.372403914486869,72.09087565597804,17.156553093465423,0.0,36.18339662022653,0.23052559019375443,6.063012833006008,Water Tank + DSM
2024-02-29 05:00:00,83.72446585439833,76.4,4.9,120.42042963760527,36.695963783206935,42.815476676232805,42.814878505117925,856.5678302576113,54.922332443428445,,14.572689895225567,73.0882185657917,17.3939058295629,0.0,36.695963783206935,0.2307767849856508,6.220329245634401,Water Tank + DSM
2024-02-29 06:00:00,74.43708567860946,76.4,4.85,107.15711841159514,32.72003273298567,44.157500828364185,44.15721143692957,793.94991220003,54.921807834622356,,12.967629009276436,64.98069509263958,15.464436175352686,0.0,32.72003273298567,0.22876374875745373,5.007087137397259,Water Tank + DSM
2024-02-29 07:00:00,76.49416351234163,75.2,4.6,54.20455126544196,-22.289612246899672,43.85948880052053,42.25262948452236,413.17159187288576,52.00889319199794,,6.559568994051054,66.77644443286381,0.0,0.0,0.0,0.2292107667992192,5.264859695588792,Water Tank + DSM
2024-02-29 08:00:00,71.78538036499096,76.7,5.0,60.659088756273015,-11.126291608717942,41.62754194741892,40.401636199587394,413.17159187288576,49.78657119542815,,7.340665470405221,62.66585897447474,3.7872480987726096,0.0,0.0,0.23255868707887162,5.7799697304844475,Water Tank + DSM
2024-02-29 09:00:00,75.54648025741565,74.7,5.75,61.98432715130879,-13.562153106106862,38.86130280712594,37.520483842464614,413.17159187288576,47.35593451405552,,7.501039322468542,65.94915362652263,2.132761754713231,0.0,0.0,0.2367080457893111,7.177390366546958,Water Tank + DSM
2024-02-29 10:00:00,79.41497570340759,74.6,6.05,189.05098774410212,109.63601204069452,35.8712178117832,38.02550805142082,1166.127093633643,51.26123196046275,,22.878023497107296,69.32620044064184,19.397190376567604,0.0,106.73742329443557,0.2411931732823252,8.31914405287702,Water Tank + DSM
2024-02-29 11:00:00,82.98081784382555,75.9,6.7,155.55117649686844,72.57035865304289,39.26083560929561,40.30306771904781,1014.2114653538366,53.150590377397094,,18.824040611282456,72.43904263163549,20.138000386647334,0.0,69.67176990678394,0.23610874658605657,7.710048513286953,Water Tank + DSM
2024-02-29 12:00:00,74.91450263433045,73.9,7.35,125.34970972571938,50.43520709138893,42.31671638793492,42.82094174745808,948.1276857972058,54.06465013254448,,15.169207200029842,65.3974616190147,18.4622091383696,0.0,47.53661834512998,0.23152492541809763,5.761496858766803,Water Tank + DSM
2024-02-29 13:00:00,60.86303307910571,71.4,7.85,96.23287491654125,35.36984183743554,45.26285064367849,45.50679171093914,879.5611061392804,54.50686651059718,,11.645630630160527,53.13107248720657,15.542991491336869,0.0,32.471253091176585,0.22710572403448226,3.741643999463329,Water Tank + DSM
2024-02-29 14:00:00,69.05083941172016,71.9,8.0,103.56487936487345,34.514039953153286,44.52097503769103,44.63899219643237,903.6396983067453,54.720808021441286,,12.532913854921528,60.2787105486211,17.244022735272992,0.0,31.615451206894335,0.22821853744346346,4.513317201792238,Water Tank + DSM
2024-02-29 15:00:00,70.80642503585554,75.0,7.95,103.95965992477215,33.153234888916614,44.481029880923764,44.538125842312276,813.7589013380691,54.824311582896506,,12.58068826241518,61.811268857573594,17.608748753054336,0.0,30.254646142657663,0.22827845517861436,4.6428805671009075,Water Tank + DSM
2024-02-29 16:00:00,72.85381815768628,71.5,8.1,105.86297298072222,33.00915482303594,44.28844659258602,44.3160692606933,929.3761590391973,54.87438595692348,,12.811017875267122,63.59856381910488,18.034098294479307,0.0,30.11056607677699,0.22856733011112096,4.850619243728269,Water Tank + DSM
2024-02-29 17:00:00,65.6140640653633,72.5,7.8,46.895496093058526,-18.71856797230477,45.3855089434774,44.015570666597746,413.17159187288576,52.39096178500994,,5.675062978130181,57.27853867397593,0.0,0.0,0.0,0.2269217365847839,3.991566450957464,Water Tank + DSM
2024-02-29 18:00:00,72.2344995193528,73.9,7.55,55.26791912743624,-16.96658039191656,41.944660495332705,40.54508150966928,413.17159187288576,49.85380493483733,,6.688252558326867,63.05792261538428,0.0,0.0,0.0,0.23208300925700096,5.696150600601889,Water Tank + DSM
2024-02-29 19:00:00,70.26045102369197,73.8,7.1,58.98932230021291,-11.271128723479059,39.692983651020484,38.48319317064301,413.17159187288576,47.660696695856245,,7.138598521841413,61.334654674072574,3.325604216854332,0.0,0.0,0.23546052452346927,6.369119227219122,Water Tank + DSM
2024-02-29 20:00:00,58.74025025124002,72.8,7.05,156.48956315371754,97.74931290247753,39.16588665303047,41.23339393526112,1111.4915638474731,51.408673993048055,,18.93759956297556,51.27796522987784,27.25327405563811,0.0,82.69942970575349,0.2362511700204543,5.486982264669624,Water Tank + DSM
2024-02-29 21:00:00,56.68727532815006,71.9,7.25,116.51383862405564,59.82656329590558,43.21075802063809,44.21100507975756,970.1954041750724,53.221921908246635,,14.099933407316845,49.48579757186218,26.826764885131336,0.0,44.77668009918155,0.23018386296904286,4.094229823560766,Water Tank + DSM
2024-02-29 22:00:00,65.91371542574186,73.3,7.15,111.78032176685636,45.866606341114505,43.689710360565456,44.17362361585406,901.8275030688801,54.09915987989483,,13.527106408763714,57.54012271512075,28.743574130336988,0.0,30.816723144390465,0.22946543445915182,4.595254195361184,Water Tank + DSM
2024-02-29 23:00:00,85.47466637673017,74.8,6.9,131.06809563078946,45.59342925405929,41.73811185509683,41.972226053693056,947.0439043727592,54.52356210997658,,15.86121822130419,74.61607588927241,32.80739627964626,0.0,30.54354605733522,0.23239283221735474,6.832693224202091,Water Tank + DSM
2024-03-01 00:00:00,75.19692056836409,76.5,6.45,112.18418861392367,36.987268045559574,43.648845824268776,43.762108805568324,815.7964192574728,54.72888524773357,,13.575980394174545,53.149715667790424,23.219295738194702,0.0,36.98726804555957,0.22952673126359685,4.257660289661684,Water Tank + DSM
2024-03-01 01:00:00,87.27436739538886,72.2,6.1,127.41670964067666,40.14234224528779,42.107570740889685,42.16236666104224,1011.5093779385957,54.828219294329536,,15.419345393895938,61.686140563882255,26.948568260519085,0.0,40.14234224528779,0.23183864388866549,5.511938907690911,Water Tank + DSM
2024-03-01 02:00:00,72.61133154553718,78.3,5.75,105.47777778305321,32.86644623751603,44.327421871816675,44.35393179439612,741.708474905207,54.876276483212024,,12.764403441307259,51.322203046817144,22.42091788276288,0.0,32.86644623751603,0.22850886719227498,3.9023077669276707,Water Tank + DSM
2024-03-01 03:00:00,91.60982631551578,73.3,6.8,132.1565058701934,40.546679554677624,41.62798303403421,41.64080836835129,996.8127912528907,54.89952624985731,,15.992932291295089,64.75047361306132,28.28727072421508,0.0,40.546679554677624,0.23255802544894869,5.972072273605793,Water Tank + DSM
2024-03-01 04:00:00,67.47919578755109,75.3,6.85,97.43791943279136,29.95872364524027,45.14092039431288,45.14712521063597,771.8105209995693,54.91077434117579,,11.791459208401799,47.694773170117934,20.836217644607427,0.0,29.95872364524027,0.22728861940853068,3.393696670797714,Water Tank + DSM
2024-03-01 05:00:00,56.05757461970395,72.4,6.9,81.00235262990184,24.944778010197886,46.80392348815506,46.806925339385685,756.0055939363202,54.91621609722601,,9.80250750816656,39.62189049157265,17.309450887386785,0.0,24.944778010197886,0.22479411476776742,2.423926961976098,Water Tank + DSM
2024-03-01 06:00:00,36.62214817886273,71.0,6.8,53.170404550202484,16.548256371339754,49.62004880462771,49.621501081430395,594.1061268843685,54.91884878468133,,6.4344216296652625,25.8847935279564,11.30818233919471,0.0,16.548256371339754,0.22056992679305845,1.146171077631641,Water Tank + DSM
2024-03-01 07:00:00,40.13370237036969,71.4,6.9,38.54297070719251,-1.5907316631771806,49.11485277694556,48.55159180840209,413.17159187288576,53.89776927476177,,4.664281313785295,28.366784883718818,10.801747940546738,0.0,0.0,0.22132772083458166,1.3420576503170283,Water Tank + DSM
2024-03-01 08:00:00,57.9256786271205,73.1,6.9,47.699296706483175,-10.226381920637323,45.5207597381234,44.49044524957764,413.17159187288576,52.03001512210362,,5.772334986810771,40.94227962561681,7.659901888763564,0.0,0.0,0.22671886039281489,2.8199175881483423,Water Tank + DSM
2024-03-01 09:00:00,68.5701952910457,74.3,7.1,55.667490038860215,-12.902705252185491,42.113632724931186,40.876321975285094,413.17159187288576,49.78701813771501,,6.736606670671903,48.465899340792994,8.270391082804405,0.0,0.0,0.2318295509126032,4.32888706742136,Water Tank + DSM
2024-03-01 10:00:00,66.93694923324487,73.1,7.35,147.190158526801,80.25320929355614,40.10683008692126,41.56885389993653,1065.750402666712,52.43737497380938,,17.81223121604217,47.311509467756444,22.43448416674418,0.0,78.48750794812756,0.2348397548696181,4.7954482096982565,Water Tank + DSM
2024-03-01 11:00:00,69.54739349298832,71.7,8.0,124.72749971567293,55.180106222684614,42.37967358217935,43.08699153549429,1016.2351014399053,53.719600992409106,,15.093910395713504,49.15658994609654,23.240536819125744,0.0,53.41440487725604,0.23143048962673096,4.312112343593352,Water Tank + DSM
2024-03-01 12:00:00,66.79895531282162,73.7,8.3,108.12696020592823,41.32800489310661,44.05936914091731,44.40156513158987,871.4597375534897,54.33993390018346,,13.084994507462898,47.21397438814222,22.39187442123648,0.0,39.56230354767804,0.22891094628862405,3.6658716836827976,Water Tank + DSM
2024-03-01 13:00:00,71.79344708980756,71.4,8.55,109.13456893989395,37.341121850086395,43.95741607400679,44.122968348600665,950.0317340788098,54.64004707125144,,13.206930375487886,50.744116524888156,23.934072968135588,0.0,35.575420504657814,0.22906387588898983,3.9710063911573976,Water Tank + DSM
2024-03-01 14:00:00,93.26690322133413,72.9,7.8,136.8595606766621,43.59265745532798,41.152112941602,41.23220609397746,1029.8194521408784,54.78523994159521,,16.56207292184401,65.92170729814072,30.564644069591438,0.0,41.8269561098994,0.233271830587597,6.26831863174623,Water Tank + DSM
2024-03-01 15:00:00,97.95143580454346,79.8,6.3,142.11999852526168,44.168562720718214,40.61984505439731,40.6585936193033,866.5424069918619,54.85548334185534,,17.19866531494082,69.23276808297324,32.01113345536167,0.0,42.40286137528964,0.23407023241840402,6.80426081107247,Water Tank + DSM
2024-03-01 16:00:00,91.33076160087099,74.4,6.3,131.96315138294207,40.63238978207109,41.64754725803473,41.66629357076864,962.5196968595008,54.889466658449486,,15.969533479390469,64.55322869765553,29.96680250192124,0.0,38.86668843664252,0.23252867911294792,5.946302357532197,Water Tank + DSM
2024-03-01 17:00:00,67.52142247136126,72.4,6.95,47.173527380528945,-20.347895090832317,45.12475412722404,43.68443867637366,413.17159187288576,52.278462742295204,,5.708708961172011,47.72461928909649,0.5013613039263234,0.0,0.0,0.22731286880916396,3.4004495294558827,Water Tank + DSM
2024-03-01 18:00:00,74.04150232475268,74.6,6.8,57.12513234555312,-16.916369979199565,41.570839011649966,40.15048408454164,413.17159187288576,49.70364326450699,,6.913003394861661,52.333057875673866,5.946155858087714,0.0,0.0,0.23264374148252506,4.844731049858471,Water Tank + DSM
2024-03-01 19:00:00,84.73476721693469,75.8,6.25,66.32841369522112,-18.40635352171357,37.449596874642886,35.85622425736588,413.17159187288576,46.81517730995032,,8.026739374137245,59.89113318360004,7.758037312993377,0.0,0.0,0.23882560468803568,7.0253747842430005,Water Tank + DSM
2024-03-01 20:00:00,83.58402042332985,75.4,6.0,70.34448163813668,-13.239538785193162,34.72754790634783,33.29884901247366,413.17159187288576,44.22523188882169,,8.5127442232014,59.077777205410555,12.569524598355752,0.0,0.0,0.24290867814047826,7.089333264649267,Water Tank + DSM
2024-03-01 21:00:00,91.27315354800302,75.1,6.05,236.94027534897128,145.66712180096826,31.02562688060864,34.07140447925601,1284.261670162548,49.746617661020416,,28.673350250792065,64.5125109181645,55.27333521410505,0.0,118.57709953598871,0.24846155967908704,7.741501310179739,Water Tank + DSM
2024-03-01 22:00:00,101.29407765906782,77.8,5.7,196.69451265342073,95.4004349943529,35.09782157151348,36.571349675604154,1100.3807628499187,52.417829476510256,,23.803005400469882,71.5953710034706,58.36759490913184,0.0,68.31041272937335,0.2423532676427298,8.591444520416472,Water Tank + DSM
2024-03-01 23:00:00,99.82407059559739,77.8,5.6,193.06426920586767,93.24019861027028,37.98162067957328,39.409379184780946,1158.2947875357304,55.00607016102055,,23.3636911398866,70.55635960695915,57.913686311732235,0.0,66.15017634529073,0.2380275689806401,8.051205662841497,Water Tank + DSM
2024-03-02 00:00:00,82.83017032846064,75.1,5.65,118.32538549314182,35.495215164681184,43.02745992790661,43.003325692153645,881.3437875924664,54.96231961732742,,14.31915792622369,55.00779072992219,27.88657728098335,0.0,35.495215164681184,0.2304588101081401,4.6115913615069895,Water Tank + DSM
2024-03-02 01:00:00,75.83990307071552,75.0,5.1,108.7669053864074,32.92700231569188,43.99461744553683,43.98294145360999,838.0317138641162,54.941153378620506,,13.162437535137954,50.36553106855157,25.533151864558036,0.0,32.92700231569188,0.22900807383169475,3.930137994631279,Water Tank + DSM
2024-03-02 02:00:00,72.26733747104174,76.8,5.15,103.86998793541626,31.60265046437452,44.49010317894374,44.48445440726226,767.9895064838238,54.930913285054125,,12.569836597983286,47.99297840933954,24.330370000273334,0.0,31.60265046437452,0.22826484523158438,3.6023232482161105,Water Tank + DSM
2024-03-02 03:00:00,86.04728492565295,74.8,5.2,123.66624062264924,37.618955696996295,42.48705516361384,42.48432232329421,914.2719494785575,54.925959191995844,,14.96548202431785,57.144287199925536,28.969688839013752,0.0,37.618955696996295,0.23126941725457925,4.975991327082763,Water Tank + DSM
2024-03-02 04:00:00,87.62836903372491,78.0,4.85,125.97497350722122,38.34660447349631,42.25345020335026,42.25212807233952,841.8814123845673,54.92356243283819,,15.244873556793088,58.1942903980156,29.501995171267346,0.0,38.34660447349631,0.2316198246949746,5.148990007410196,Water Tank + DSM
2024-03-02 05:00:00,125.42955374536888,77.7,4.45,180.02616670623036,54.59661296086148,36.78437800195772,36.78373836326497,1051.1077844539946,54.92240289578629,,21.78588390965857,83.29818249090404,42.22858567076531,0.0,54.59661296086148,0.23982343299706343,9.995781898908485,Water Tank + DSM
2024-03-02 06:00:00,134.5614089252966,85.6,1.45,193.089369787774,58.527960862477386,35.46260143041433,35.46229197722555,920.0201615506311,54.92184191903131,,23.366728689224463,89.36267779160754,45.30302321186865,0.0,58.527960862477386,0.2418060978543785,10.723521334992904,Water Tank + DSM
2024-03-02 07:00:00,124.578376843247,81.3,3.15,76.78146317918556,-47.796913664061435,36.90575172192479,33.97243088792963,413.17159187288576,49.60431777501382,,9.291716164601143,82.73291308821666,0.0,0.0,0.0,0.2396413724171128,9.927949570586,Water Tank + DSM
2024-03-02 08:00:00,92.64041023148712,76.8,3.2,70.20709251741606,-22.433317714071066,36.20698487568174,34.40038606083712,413.17159187288576,46.32931535960957,,8.496118065519811,61.52280357434939,8.756090070771986,0.0,0.0,0.2406895226864774,7.382736428921927,Water Tank + DSM
2024-03-02 09:00:00,61.33142391642974,77.8,3.2,173.35113685258497,112.01971293615523,37.459778822095515,39.906405354336954,1026.5714811622245,50.76456005081783,,20.978104528773763,40.730401960840815,24.940246071983466,0.0,107.72802385754785,0.23881033176685673,4.775286377878704,Water Tank + DSM
2024-03-02 10:00:00,47.33388962901902,74.3,4.0,109.51129149632371,62.17740186730469,43.919298083652315,45.1029606587112,861.1164251480292,52.910303621824696,,13.252519491951833,31.434593033206212,20.227671896399883,0.0,57.88571278869731,0.22912105287452153,2.4671192479744204,Water Tank + DSM
2024-03-02 11:00:00,44.71035831490502,72.2,5.25,84.55507601426835,39.84471769936333,46.44444759963697,47.01709613145498,784.2772029803574,53.94840090688404,,10.232440670834183,29.692297189458635,19.34440305305451,0.0,35.553028620755946,0.22533332860054453,1.8805115932228946,Water Tank + DSM
2024-03-02 12:00:00,42.75388251155229,74.1,6.7,71.49919215310312,28.745309641550833,47.76548358910736,48.04252735808604,648.5994307743604,54.45062586414763,,8.652481627427596,28.3929951219606,18.685712946874403,0.0,24.453620562943453,0.22335177461633896,1.5731734764488385,Water Tank + DSM
2024-03-02 13:00:00,68.77208679276588,70.6,7.65,103.72230092013316,34.95021412736729,44.505046622408855,44.63907866067538,949.546840594363,54.69359914933835,,12.551964239599009,45.671770845757436,27.445306963442196,0.0,30.658525048759902,0.22824243006638673,3.4239998843385937,Water Tank + DSM
2024-03-02 14:00:00,73.692209385364,74.6,8.3,108.35308665860543,34.66087727324144,44.03648894488199,44.10133280456566,846.9130408460996,54.811148101182624,,13.112359221921142,48.93924057165519,29.101773180598528,0.0,30.369188194634056,0.22894526658267703,3.8065463170783915,Water Tank + DSM
2024-03-02 15:00:00,80.60378577041078,73.3,8.65,117.06974307089759,36.46595730048681,43.154509834855034,43.18588088757534,927.7331844873886,54.86801754701013,,14.167206237513382,53.529241363575466,31.428705604263968,0.0,32.17426822187942,0.23026823524771745,4.446831509082331,Water Tank + DSM
2024-03-02 16:00:00,65.36657223832707,71.5,8.15,94.7298456781825,29.363273439855433,45.41493193807513,45.4301090566733,867.552232225933,54.89553062830934,,11.463741402062148,43.41015733952627,26.298766464644746,0.0,25.071584361248043,0.22687760209288732,3.017457764143676,Water Tank + DSM
2024-03-02 17:00:00,72.07503956724216,72.3,7.45,48.129034340549055,-23.946005226693103,44.47228988054032,42.87236230815654,413.17159187288576,51.99518185083085,,5.8243397280029106,47.8652727338826,0.31962350437828135,0.0,0.0,0.22829156517918953,3.59785356959375,Water Tank + DSM
2024-03-02 18:00:00,94.74370839994202,76.4,6.8,65.90626772802808,-28.83744067191394,38.29367730891933,36.27542463496072,413.17159187288576,48.33649330980083,,7.975653339243187,62.91961086128601,3.0600881597285863,0.0,0.0,0.237559484036621,7.061967266210642,Water Tank + DSM
2024-03-02 19:00:00,95.52480947413919,78.4,5.6,75.88854348958522,-19.636265984553972,34.52202865585076,32.761099752678945,413.17159187288576,45.144281312396856,,9.183659402330438,63.4383426743195,12.524237502138533,0.0,0.0,0.24321695701622387,7.61260112091834,Water Tank + DSM
2024-03-02 20:00:00,78.37051077841137,74.9,4.75,209.4160929507371,131.04558217232574,33.810611483372234,36.594683950136876,1217.5341476283083,50.19124800937144,,25.34250866588681,52.046116037198324,52.0005198143198,0.0,105.43019831397257,0.24428408277494165,6.245533924463798,Water Tank + DSM
2024-03-02 21:00:00,63.49452399619417,74.9,4.65,138.2750275617252,74.78050356553103,41.00889148551706,42.35580828778934,974.6725962525168,52.63293885104823,,16.733365783321595,42.1669238953451,46.99219551185669,0.0,49.16511970717788,0.23348666277172442,4.045775134394443,Water Tank + DSM
2024-03-02 22:00:00,76.80151205680274,76.4,4.5,133.1627094727309,56.361197415928174,41.526172142805265,42.17780204608566,912.1867922885191,53.814213569960515,,16.114698117204906,51.0041387843264,51.4722822901134,0.0,30.745813557574976,0.2327107417857921,4.735375581318817,Water Tank + DSM
2024-03-02 23:00:00,82.58823436757443,78.2,4.1,141.66021282624487,59.07197845867044,41.87059127137982,42.52793840183132,931.5160373369629,55.00585247855394,,17.14302430427348,54.847120256184205,53.420508139257606,0.0,33.456594600317246,0.23219411309293025,4.978826999661564,Water Tank + DSM
2024-03-03 00:00:00,89.68312462819773,76.4,4.2,128.12215127801124,38.43902664981351,42.036191905010035,42.012119655715246,890.6841278284985,54.96221430391501,,15.504714481608001,65.58353539874153,34.39722784584785,0.0,38.43902664981351,0.23194571214248494,5.888276627386496,Water Tank + DSM
2024-03-03 01:00:00,102.68470718730197,78.0,4.25,147.13599797840286,44.45129079110089,40.11231022403065,40.100664220763605,927.7299785488462,54.941102428651945,,17.805676972059345,75.09134139390169,39.38387833886043,0.0,44.45129079110089,0.234831534663954,7.608715669929705,Water Tank + DSM
2024-03-03 02:00:00,96.1712912044834,80.7,4.15,138.0353201880393,41.8640289835559,41.033145842475804,41.0275115791199,831.3104570962361,54.93088863577885,,16.704357572398944,70.3282061948678,36.88571099082676,0.0,41.8640289835559,0.2334502812362863,6.737521268842463,Water Tank + DSM
2024-03-03 03:00:00,90.5754835318243,75.5,3.7,130.13843157167446,39.562948039850156,41.83217823109004,41.82945240980732,923.4030929086424,54.92594726683103,,15.748714835616312,66.23610021499879,34.73948479391435,0.0,39.562948039850156,0.23225173265336493,6.027944176372562,Water Tank + DSM
2024-03-03 04:00:00,64.04003682267894,77.7,3.35,92.26136607231582,28.22132924963688,45.66470058133974,45.66338184609504,688.0054353276796,54.92355666351826,,11.165018104717674,46.8312409866275,24.562031563668114,0.0,28.22132924963688,0.2265029491279904,3.185076832385144,Water Tank + DSM
2024-03-03 05:00:00,70.9082129447263,76.2,3.2,102.10136282903531,31.19314988430901,44.66905831076441,44.66842031492197,773.562438238182,54.922400104625495,,12.355806260325771,51.85380541770063,27.19626425721987,0.0,31.19314988430901,0.2279964125338534,3.8364375058238083,Water Tank + DSM
2024-03-03 06:00:00,74.05918549272734,77.6,2.9,106.61633424518435,32.55714875245701,44.21221909592548,44.21191043753737,762.8461650546018,54.92184056868522,,12.90218596127313,54.15805073139829,28.40479396800924,0.0,32.55714875245701,0.22868167135611178,4.155367721669246,Water Tank + DSM
2024-03-03 07:00:00,82.74708755733609,78.9,2.6,62.16775715354397,-20.57933040379212,42.95524547605018,41.320395007982754,413.17159187288576,51.95818356429042,,7.5232371218626986,60.5113455676034,11.157637237443481,0.0,0.0,0.23056713178592472,5.0992019664653325,Water Tank + DSM
2024-03-03 08:00:00,96.97010262613802,79.0,2.0,71.02391656138224,-25.94618606475578,37.93470565741899,35.97211370978589,413.17159187288576,48.4003967905268,,8.594966105902206,70.91236154590173,11.245902503685848,0.0,0.0,0.2380979415138715,8.111790272400837,Water Tank + DSM
2024-03-03 09:00:00,100.44614151563259,81.3,1.9,82.02459644707132,-18.421545068561272,33.87422626757976,32.08744826100459,413.17159187288576,45.161325537273434,,9.926214442195556,73.45432159135818,20.103749743291942,0.0,0.0,0.24418866059863037,8.814518590962981,Water Tank + DSM
2024-03-03 10:00:00,103.79501737526822,79.5,2.75,245.5857292097213,141.79071183445308,30.150852271949013,32.930071287958185,1188.8422910924555,50.19949389849325,,29.719580682748994,75.90328977123524,44.44880454084935,0.0,137.15163601037386,0.24977372159207648,9.108394772548229,Water Tank + DSM
2024-03-03 11:00:00,87.08977263739293,77.7,4.25,171.91714353748844,84.82737090009552,37.60487484148776,38.94944357471742,1024.302868905141,52.636928160500624,,20.804569689580642,63.68706721929914,38.04164475631303,0.0,80.18829507601629,0.23859268773776837,7.4113118381813345,Water Tank + DSM
2024-03-03 12:00:00,73.12649165854936,74.5,5.9,127.87074415567092,54.744252497121565,42.06163007987069,42.71212400207151,941.7008154765201,53.81614357285916,,15.474290424474656,53.47598976013317,32.68614271179726,0.0,50.105176673042344,0.23190755488019396,4.793064701291498,Water Tank + DSM
2024-03-03 13:00:00,58.05826896315081,72.5,7.45,94.68016008990432,36.62189112675351,45.419959284440296,45.73466416516722,835.2383881399309,54.38664059524806,,11.45772869580941,42.45688978300016,26.90684932260778,0.0,31.982815302674286,0.22687006107333957,2.9499150740590356,Water Tank + DSM
2024-03-03 14:00:00,51.001842792925906,70.8,8.55,78.9564737720884,27.954630979162495,47.010932039242675,47.16318428722413,792.886627558002,54.66264347745569,,9.55492528106576,37.29666173070898,24.200414865056395,0.0,23.31555515508327,0.22448360194113598,2.2353533324245736,Water Tank + DSM
2024-03-03 15:00:00,52.19471793697529,69.7,9.5,77.93364142273175,25.738923485756466,47.11442548013593,47.1880841630323,824.3176569790476,54.79617194122913,,9.43114712575743,38.16898826438379,24.65793235557227,0.0,21.099847661677238,0.22432836177979612,2.2639342670122993,Water Tank + DSM
2024-03-03 16:00:00,37.70314927986446,70.8,9.55,55.90183415826376,18.1986848783993,49.343674041086274,49.37930965000478,622.4027103965111,54.8607721747306,,6.764965846860816,27.571584238296833,19.099809899325223,0.0,13.55960905432007,0.22098448893837058,1.2665822167922913,Water Tank + DSM
2024-03-03 17:00:00,45.78249599752587,67.5,9.0,33.311098259196626,-12.471397738329244,48.23986734163953,47.29419632728582,413.17159187288576,53.14645971601657,,4.031145765394847,33.47985431310925,5.088103591571752,0.0,0.0,0.2226401989875407,1.7597277909925138,Water Tank + DSM
2024-03-03 18:00:00,41.75914028196647,72.9,7.8,44.60924005782994,2.8500997758634767,47.10739854876302,46.652932232314974,413.17159187288576,52.322603156465306,,5.398391483743901,30.5376520527951,18.866475976853895,0.0,0.0,0.22433890217685548,1.812580926089104,Water Tank + DSM
2024-03-03 19:00:00,63.255280801036456,73.2,6.15,51.92959473532506,-11.325686065711395,43.17484514875975,42.04824301422128,413.17159187288576,50.28029875468233,,6.284264910364585,46.257364077921046,12.935358753887026,0.0,0.0,0.23023773227686037,3.8370913283247394,Water Tank + DSM
2024-03-03 20:00:00,53.439571273860146,75.2,5.35,56.465806480248766,3.0262352063886198,42.55205441115558,41.960478821271565,413.17159187288576,49.207890497882396,,6.833215011745138,39.079325445701855,23.52254503849993,0.0,0.0,0.23117191838326662,3.3876958061294613,Water Tank + DSM
2024-03-03 21:00:00,61.1424128322243,73.5,5.0,144.63184825217422,83.48943541994993,40.365688083894305,41.992622152518834,1042.7657444043589,52.157196652999616,,17.502637051662415,44.71226457564645,40.24876481369809,0.0,66.69134222316889,0.23445146787415855,4.462546532560477,Water Tank + DSM
2024-03-03 22:00:00,68.31764563186525,76.0,4.7,125.73889770444899,57.42125207258374,42.27733710637587,43.06443760730721,890.7350944551956,53.58405247762147,,15.216304820774463,49.95937361940859,43.00076658080251,0.0,40.623158875802744,0.2315839943404362,4.413210097051026,Water Tank + DSM
2024-03-03 23:00:00,87.74068045614246,77.3,4.55,153.41031582667418,65.66963537053172,40.89530140292764,41.67887383004093,1006.6949736982709,55.00451260986226,,18.564964151004798,64.16306352461581,50.450312491231685,0.0,48.871542173750726,0.23365704789560854,6.199960794772468,Water Tank + DSM
2024-03-04 00:00:00,82.00407002470452,78.2,4.15,117.16007145855414,35.156001433849625,43.14537012036048,43.12167940714381,798.4266378754475,54.96156608384345,,14.17813733604887,61.87327844849159,28.114512666028556,0.0,35.15600143384962,0.23028194481945927,5.143388234062364,Water Tank + DSM
2024-03-04 01:00:00,83.60492093255472,75.4,4.1,119.87253779135776,36.26761685880304,42.87091412152008,42.85945270301524,880.3363135372327,54.94078882384591,,14.506386710661987,63.0811440330424,28.663353023728103,0.0,36.26761685880303,0.23069362881771988,5.347673408133702,Water Tank + DSM
2024-03-04 02:00:00,86.59608041762836,77.8,4.35,124.35300835389978,37.756927936271424,42.41756581313888,42.4120208507335,839.5940741452049,54.930736915740084,,15.048591287485904,65.33801791318095,29.68885079723959,0.0,37.756927936271424,0.2313736512802917,5.7167240767134855,Water Tank + DSM
2024-03-04 03:00:00,88.65018251470748,77.6,5.4,127.3881862690422,38.73800375433471,42.11045682664771,42.10777420860494,857.49090259144,54.92587386562762,,15.415893635329338,66.88786819470866,30.393085104247145,0.0,38.73800375433471,0.23183431476002844,5.975578807551671,Water Tank + DSM
2024-03-04 04:00:00,81.00928785272215,74.3,5.8,116.51546653930112,35.50617868657896,43.21059330297899,43.20929546919087,895.3068768435473,54.92352115247633,,14.100130409637126,61.12270065029062,27.773458667541504,0.0,35.50617868657896,0.23018411004553152,5.057074666122766,Water Tank + DSM
2024-03-04 05:00:00,51.171902240481785,74.7,6.15,73.89350680526444,22.721604564782652,47.523219192513764,47.522591308664936,649.5446977743521,54.92238292460608,,8.942229845753547,38.609953812176386,17.54392304249516,0.0,22.721604564782652,0.22371517121122936,2.1953884155909793,Water Tank + DSM
2024-03-04 06:00:00,46.13536105516655,70.8,6.35,66.70625782786432,20.570896772697772,48.25044797804789,48.25014421177888,706.6907963718487,54.92183225709955,,8.072464218254728,34.809809318343035,15.817180688062491,0.0,20.570896772697772,0.22262432803292817,1.8274214250304543,Water Tank + DSM
2024-03-04 07:00:00,47.80183406048895,72.6,6.5,42.53120350994951,-5.270630550539437,48.00889779894305,47.245247678501556,413.17159187288576,53.537487283318114,,5.146917690681218,36.067187741805974,11.117888565013502,0.0,0.0,0.22298665330158543,1.9457026265477149,Water Tank + DSM
2024-03-04 08:00:00,75.93366623174262,74.7,6.45,55.59382444405569,-20.33984178768693,42.55622541032548,41.0132655634244,413.17159187288576,50.74040960123886,,6.727692021618878,57.29306939223914,5.693476075769997,0.0,0.0,0.2311656618845118,4.965169079112495,Water Tank + DSM
2024-03-04 09:00:00,80.39593035503606,77.3,5.45,66.04436540469521,-14.351564950340844,39.11383065986186,37.68983877159087,413.17159187288576,48.158997040086156,,7.992365242890912,60.65991338581254,13.21160845779458,0.0,0.0,0.2363292540102072,6.509840897860531,Water Tank + DSM
2024-03-04 10:00:00,100.13439907865903,74.3,5.65,210.72759401597423,110.5931949373152,33.67790962068483,35.6035227305688,1239.2528219874455,51.6497485750618,,25.501220093660944,75.5528787119926,37.18479837830898,0.0,107.73876370241754,0.24448313556897275,9.066345445439111,Water Tank + DSM
2024-03-04 11:00:00,89.1526916456501,78.3,6.9,160.53261892746352,71.37992728181342,38.756797368739164,39.688396917005456,969.8224353108387,53.33855227939943,,19.42687034698796,67.26701873409476,33.4197980237298,0.0,68.52549604691576,0.23686480394689124,7.362995119001456,Water Tank + DSM
2024-03-04 12:00:00,76.6028145652614,72.8,7.95,125.90509721947342,49.30228265421202,42.260520509114855,42.7112225290976,984.8780489346537,54.15558492214362,,15.236417471098635,57.79795166394442,29.117161849361924,0.0,46.447851419314354,0.2316092192363277,5.111470338995279,Water Tank + DSM
2024-03-04 13:00:00,60.6980514229079,68.9,8.8,95.09835978578721,34.40030836287931,45.37764450476535,45.59569131596715,965.8128810000308,54.550860191610994,,11.508337172300642,45.79757365505193,23.664326829329724,0.0,31.545877127981644,0.22693353324285198,3.193654091029239,Water Tank + DSM
2024-03-04 14:00:00,46.03310233736037,73.3,8.8,70.23188724059668,24.19878490323631,47.89371354403469,47.99920322406118,660.3800188035801,54.74209188845939,,8.499118601334512,34.73265360986782,18.636553248236964,0.0,21.344353668338645,0.22315942968394797,1.8977129588836439,Water Tank + DSM
2024-03-04 15:00:00,61.09019183140009,69.3,8.5,89.86234198699317,28.77215015559308,45.90744149340807,45.9584767391462,917.700111782444,54.83460858430223,,10.874699973883946,46.09344936802852,23.798769381731013,0.0,25.91771892069542,0.22613883775988788,3.067765703312935,Water Tank + DSM
2024-03-04 16:00:00,44.00055278961513,72.5,8.2,64.52255339486108,20.52200060524595,48.471402160624834,48.496092692503346,641.48114081732,54.87936758163763,,7.8082030158927,33.199065044201376,17.93970807961059,0.0,17.66756937034829,0.22229289675906275,1.6988488464315088,Water Tank + DSM
2024-03-04 17:00:00,46.133798989222825,70.8,7.8,39.07427429369596,-7.059524695526868,48.207658535606065,47.41319845755058,413.17159187288576,53.43917031526353,,4.728577068497651,34.80863071658508,8.757120449327259,0.0,0.0,0.22268851219659092,1.8362962030092442,Water Tank + DSM
2024-03-04 18:00:00,56.77474183313947,71.1,7.05,44.745515940644474,-12.029225892494999,45.22860524207825,44.160982185968244,413.17159187288576,51.50378318959321,,5.414882922833021,42.837378793818225,7.435590889128548,0.0,0.0,0.22715709213688262,3.02553417705996,Water Tank + DSM
2024-03-04 19:00:00,68.59945752741224,76.8,5.8,60.90878702467789,-7.690670502734349,41.58316898989527,40.495668445515,413.17159187288576,49.5323621522639,,7.37088273041492,51.75930091921487,15.82816602520991,0.0,0.0,0.2326252465151571,4.787786372836164,Water Tank + DSM
2024-03-04 20:00:00,100.72417094337057,75.7,5.05,70.45095867639246,-30.273212266978106,34.965983983539935,32.83434438432542,413.17159187288576,45.66812578786706,,8.525629552245093,75.99787026906274,4.2593539691795215,0.0,0.0,0.2425510240246901,9.11974443228753,Water Tank + DSM
2024-03-04 21:00:00,87.55061683251478,79.7,4.6,217.35961029502218,129.8089934625074,33.00686105127807,35.6417654928829,1112.0557304641657,50.44468068190825,,26.30379418267144,66.05822969498276,55.69399082457558,0.0,104.13110946183478,0.2454897084230829,7.9269875633979305,Water Tank + DSM
2024-03-04 22:00:00,78.30919258937033,75.7,4.1,156.94426493934458,78.63507234997425,39.11987847543964,40.39462872247746,1024.9462301199687,52.75554798890636,,18.992625343374193,59.08543901173425,52.525634194743006,0.0,52.95718834930162,0.23632018228684054,6.338728979170848,Water Tank + DSM
2024-03-04 23:00:00,59.61354069055598,74.6,4.2,128.9378234005411,69.32428270998513,44.13444572971318,45.37067387113804,1011.0485875558813,54.996582421061305,,15.603423122106792,44.97929433668428,46.11596279732909,0.0,43.64639870931249,0.22879833140543024,3.4721013139668973,Water Tank + DSM
2024-03-05 00:00:00,93.370137068666,76.1,4.45,133.48344624636945,40.11330917770346,41.49371897260026,41.472286430764534,921.4531444582857,54.95772950822673,,16.153512108770087,55.02972186285449,31.224919526901456,2.94054580340663,40.11330917770346,0.2327594215410996,5.119837992390391,Water Tank + DSM
2024-03-05 01:00:00,114.51809845570033,82.4,4.1,164.09324688218837,49.57514842648804,38.39652167056931,38.38615274121902,890.8497798599361,54.938932712619255,,19.85776008199911,67.4937330513465,38.29723850596152,3.6065676285809487,49.57514842648804,0.23740521749414603,7.533709201158628,Water Tank + DSM
2024-03-05 02:00:00,124.15296221207508,79.0,4.0,178.04968729912665,53.896725087051564,36.98436449517382,36.97934807217112,1012.3508560828436,54.92983894076712,,21.546700063772114,73.17224964503939,41.5193377219476,3.9100025283751596,53.896725087051564,0.23952345325723928,8.780669957404726,Water Tank + DSM
2024-03-05 03:00:00,104.13869455038702,78.3,4.15,149.53408347377217,45.395388923385156,39.86966428148877,39.867237367494894,929.537234063954,54.925439430966364,,18.095881519339436,61.37640552090103,34.82614954909013,3.2796846063017195,45.395388923385156,0.23519550357776686,6.3083905906111255,Water Tank + DSM
2024-03-05 04:00:00,93.95021744114084,78.4,4.15,135.01563937253226,41.06542193139143,41.338686782975714,41.33751265720309,870.2901125570023,54.923310975711246,,16.338930607561046,55.371604851972464,31.41891049144659,2.958814523561394,41.06542193139143,0.23299196982553644,5.203152281496255,Water Tank + DSM
2024-03-05 05:00:00,115.0274983707374,77.4,3.5,165.161469478321,50.133971107583605,38.28843549967021,38.287867464983584,1008.7982629031727,54.922281242405006,,19.987031142394436,67.7939589749824,38.46759245266662,3.6226103787518773,50.133971107583605,0.23756734675049468,7.611186216558572,Water Tank + DSM
2024-03-05 06:00:00,116.20281063884914,83.4,3.2,166.85146651449472,50.648655875645574,38.1174362068897,38.11716139527009,880.2373582359787,54.921783063888235,,20.191546296559927,68.4866548330663,38.8606413668369,3.659624992483746,50.648655875645574,0.23782384568966544,7.759221773172601,Water Tank + DSM
2024-03-05 07:00:00,123.5368683687486,79.4,3.2,73.23494445061478,-50.301923918133824,37.05631218847366,34.06383831825249,413.17159187288576,49.49702629305464,,8.862533858952464,72.80914133328078,0.0,0.0,0.0,0.23941553171728952,8.712496707457502,Water Tank + DSM
2024-03-05 08:00:00,107.49810275459107,78.9,3.5,77.74088189154668,-29.757220863044395,33.95102574047544,31.750662079372958,413.17159187288576,45.50820694607742,,9.407820312518492,63.35634584127548,9.577868685286184,0.0,0.0,0.24407346138928684,7.602761500953057,Water Tank + DSM
2024-03-05 09:00:00,89.78379969689279,79.8,3.6,81.76557966156537,-8.018220035327417,32.523987095360624,31.169760907455135,413.17159187288576,43.05326564978551,,9.894869500941022,52.916035899965706,24.834953281871638,0.0,0.0,0.24621401935695908,6.3499243079958845,Water Tank + DSM
2024-03-05 10:00:00,74.92149486113156,74.9,4.35,225.15221473020057,150.230719869069,32.21838046887968,35.597882861081615,1260.1902325061012,49.17962774322991,,27.246816959219906,44.15661316557021,30.260713443202356,3.081226456661694,144.30362389612753,0.24667242929668048,5.298793579868425,Water Tank + DSM
2024-03-05 11:00:00,58.83326075430931,74.4,5.25,141.61080533714863,82.77754458283933,40.67136684596987,42.30634891260622,1002.9942118279747,52.1435233095165,,17.137045252220037,34.67466234105947,24.88047270363873,2.574552794479444,76.85044860989785,0.2339929497310452,3.397139046642142,Water Tank + DSM
2024-03-05 12:00:00,73.06576579499047,74.5,5.95,132.6603034097669,59.59453761477643,41.57700719139801,42.3680012633036,962.592459087801,53.57743739978118,,16.05389939908798,43.0628988628113,29.640118972923556,3.0227831846582713,53.667441641834955,0.23263448921290297,3.984952676872161,Water Tank + DSM
2024-03-05 13:00:00,64.70868583471852,75.6,6.7,106.54444551410316,41.83575967938464,44.21949302712811,44.60217099929506,811.0948314012414,54.27115604548758,,12.893486339554789,38.13747195183664,26.845337285418207,2.7595900784101897,35.90866370644316,0.22867076045930784,2.9244973572489257,Water Tank + DSM
2024-03-05 14:00:00,63.40837093856278,70.7,7.4,97.82989874985435,34.42152781129157,45.101258676234295,45.286395879638405,912.9642427226183,54.60677277641176,,11.838894623223783,37.37110307506234,26.410484887566042,2.718638703259204,28.494431838350092,0.22734811198564855,2.6680145308437107,Water Tank + DSM
2024-03-05 15:00:00,51.750736551392826,73.1,7.25,77.85125285816017,26.10051630676734,47.12276181799534,47.21233003612457,715.9346889804373,54.76914204639372,,9.421176865677577,30.500422597930456,22.511929021189594,2.351499819767671,20.17342033382586,0.22431585727300699,1.8075596319093388,Water Tank + DSM
2024-03-05 16:00:00,50.543043830711,72.7,7.3,74.52044687709441,23.977403046383415,47.45978339552478,47.503115937830366,705.3150468684996,54.84769528109655,,9.018099058952362,29.788642615578713,22.108051408920677,2.313465434544546,18.05030707344193,0.22381032490671282,1.7051406174355328,Water Tank + DSM
2024-03-05 17:00:00,50.46793996314559,71.0,6.85,40.55901312913986,-9.908926834005726,47.549197889512705,46.619380053685404,413.17159187288576,53.16212146515099,,4.908252881724991,29.744378517091747,8.558012459816556,0.0,0.0,0.22367620316573095,1.686649411586782,Water Tank + DSM
2024-03-05 18:00:00,65.00110613702367,74.6,5.55,53.335633121867,-11.665473015156671,43.76188828865177,42.6034086362253,413.17159187288576,51.06202949746103,,6.454416781185184,38.30981621958758,12.11935913650815,0.0,0.0,0.22935716756702235,3.042897760536725,Water Tank + DSM
2024-03-05 19:00:00,76.05641804609057,78.8,3.75,66.99701988862432,-9.059398157466248,40.063015685366366,38.84446543523423,413.17159187288576,48.85304154746203,,8.10765081705282,44.825504838697654,18.770730355573658,0.0,0.0,0.23490547647195045,4.555253234091338,Water Tank + DSM
2024-03-05 20:00:00,102.31440584709642,77.1,2.45,74.44496787115595,-27.86943797594047,34.056689155393016,31.974983534274465,413.17159187288576,45.079325500875235,,9.008964959776241,60.301221280078934,9.568862914517744,0.0,0.0,0.24391496626691048,7.236146553609472,Water Tank + DSM
2024-03-05 21:00:00,108.83373141788256,83.3,1.55,253.5977445790848,144.76401316120223,29.34017099110507,32.14274003573021,1122.7306994344694,50.159822795053906,,30.68915549463834,64.14352765508104,64.95861472100208,8.196169675959275,111.43304389681572,0.2509897435133424,7.697223318609725,Water Tank + DSM
2024-03-05 22:00:00,129.925011316949,82.6,0.9,233.53166477505204,103.60665345810304,31.370520975111937,32.72638630577285,1088.996820878624,52.61773552940893,,28.260856913766137,76.57413237534273,72.01197822933,8.860406406703966,70.27568419371651,0.2479442185373321,9.188895885041127,Water Tank + DSM
2024-03-05 23:00:00,122.69578425281613,83.0,0.4,221.66682959049427,98.97104533767815,34.87389930424398,36.184047826486434,1100.3245690029742,54.992772831341114,,26.82503274071795,72.31343010894156,69.59437405302634,8.632733255815513,65.64007607329168,0.24268915104363403,8.677611613072987,Water Tank + DSM
2024-03-06 00:00:00,114.06295830826298,83.4,-0.3,163.09640044655478,49.033442138291804,38.49738577379286,38.47703803670707,867.7078488834062,54.9558864526076,,19.737126614543747,52.93184803459602,30.03454568441289,18.224993635717354,54.96966380152928,0.23725392133931072,5.876265386786105,Water Tank + DSM
2024-03-06 01:00:00,110.37619800214624,82.3,-0.9,158.1916328775824,47.81543487543617,38.993665807186275,38.98382169957189,872.6354703084618,54.93804105386734,,19.143575694605214,51.22097678280932,29.063764525622606,17.635922616414103,53.55978507820189,0.2365095012892206,5.533812153801705,Water Tank + DSM
2024-03-06 02:00:00,116.60274036279287,83.7,-1.4,167.26731256014324,50.66457219735037,38.07535957705579,38.07059705951811,875.8150433751074,54.92940756185398,,20.241869945841273,54.11045465452998,30.703309683493774,18.63080032762185,56.73297269827199,0.2378869606344163,6.144125384754045,Water Tank + DSM
2024-03-06 03:00:00,122.50044293358832,85.6,-1.45,175.78195469021296,53.28151175662464,37.213820916717324,37.21151684059531,867.8681231948382,54.925230732553054,,21.272270183606082,56.84733173417676,32.256266225414386,19.57313597639236,59.65684862219384,0.239179268624924,6.748748916595198,Water Tank + DSM
2024-03-06 04:00:00,131.0091093253915,84.1,-1.65,187.98428260915188,56.97517328376037,35.97915044111775,35.97803574353732,933.2307261594647,54.923210008727494,,22.74893607242317,60.79584791425707,34.49673002933739,20.93265174855011,63.793329891245946,0.2410312743383234,7.295501749710848,Water Tank + DSM
2024-03-06 05:00:00,121.95814032605362,85.8,-1.85,175.06811717250446,53.109976846450834,37.28604927456387,37.285509990864,862.0673447116867,54.92223239521138,,21.18588506762162,56.59567177693443,32.11346953942315,19.486486798451157,59.45709045238672,0.2390709260881542,6.694345708100649,Water Tank + DSM
2024-03-06 06:00:00,133.33310815131716,84.3,-2.1,191.33550069046248,58.00239253914532,35.640063502151975,35.63980260007948,939.3442804522248,54.921759431922275,,23.15448405142624,61.874318563370196,35.1086749581998,21.303980569405716,64.94149789616722,0.24153990474677203,7.424918227604423,Water Tank + DSM
2024-03-06 07:00:00,138.10437261682355,86.9,-2.3,89.85012437036359,-48.254248246459966,34.94958691910973,31.836231127652553,413.17159187288576,49.277867908661285,,10.873221457830336,64.08846283392744,17.364526508368716,0.0,0.0,0.24257561962133542,7.690615540071293,Water Tank + DSM
2024-03-06 08:00:00,131.95249385421945,87.3,-2.5,98.76454919605726,-33.187944658162195,30.19535863819614,27.594802936811895,413.17159187288576,44.563580412486296,,11.952001437025547,61.23363321510079,29.50783251741998,0.0,0.0,0.2497069620427058,7.3480359858120945,Water Tank + DSM
2024-03-06 09:00:00,124.69536806032386,83.1,-2.15,97.83887938506317,-26.856488675260692,26.530571353755995,25.0,413.17159187288576,40.34732845647389,,11.839981415658869,57.86590467826692,32.39114494183808,0.0,0.0,0.255204142969366,6.94390856139203,Water Tank + DSM
2024-03-06 10:00:00,99.37129447248552,84.3,-0.9,286.8401477641238,187.46885329163828,25.97659856269636,30.126633672591794,1174.8917908370229,47.87051229631757,,34.71198811901516,46.1140613572676,27.92892282901805,20.382812123766048,186.37229672554815,0.2560351021559555,5.533687362872112,Water Tank + DSM
2024-03-06 11:00:00,87.70049002339542,80.0,0.25,195.80748933024682,108.1069993068514,35.18757342178061,37.19533438571626,1043.8344199522628,51.510181464931016,,23.69566218755039,40.698129167685124,24.855819039681627,18.51804954033794,106.40305465241396,0.24221863986732908,4.883775500122215,Water Tank + DSM
2024-03-06 12:00:00,72.79985739287636,77.9,1.4,138.53961096848002,65.73975357560366,40.98212009215476,41.95346225711426,896.4745956879552,53.27103058665477,,16.76538436978291,33.783368813263905,20.932251405581805,16.137224609202523,63.26032966366546,0.23352681986176788,3.2468276671998324,Water Tank + DSM
2024-03-06 13:00:00,101.45878956280636,78.4,2.6,162.09792766071752,60.63913809791116,38.59841443631958,39.068343685057805,972.9216448630268,54.12291835057935,,19.61629633416178,47.08278051493846,28.478592656858098,20.716352348392434,59.65122182802987,0.23710237834552064,5.198386885329753,Water Tank + DSM
2024-03-06 14:00:00,114.85242988588656,82.9,3.65,172.82158401475888,57.96915412887232,37.513360667992245,37.74070949190423,909.6424744813052,54.53505630911948,,20.914020641081283,53.29820877250945,32.00534584764401,22.856389861600974,57.67828814608426,0.23872995899801164,6.23161782835166,Water Tank + DSM
2024-03-06 15:00:00,124.53898731453182,77.2,5.25,182.5929518743019,58.053964559770066,36.52466248822316,36.634652423671824,1072.392135535556,54.734446069206086,,22.096503664085105,57.79333491508903,34.5559666269953,24.404109209822376,58.267219747456274,0.24021300626766526,6.935200189810683,Water Tank + DSM
2024-03-06 16:00:00,100.63214926563842,77.6,5.75,146.45341888812638,45.82126962248796,40.1813757544462,40.23458819553933,935.0018595358574,54.83090958488957,,17.72307459768235,46.69917132894213,28.260925447992904,20.584271659110318,44.79033219909167,0.2347279363683307,4.7124948909613025,Water Tank + DSM
2024-03-06 17:00:00,96.28393340840134,76.2,5.8,61.04110677832455,-35.24282663007679,40.906663076198704,38.68336562921098,413.17159187288576,50.80051586979514,,7.386895418151612,44.681346222610294,10.505426079954805,0.0,0.0,0.23364000538570195,4.314431753816902,Water Tank + DSM
2024-03-06 18:00:00,97.49168524523128,76.6,5.0,69.00571574814059,-28.485969497090693,36.70160850438572,34.660363897999325,413.17159187288576,47.100147552592844,,8.350733340032068,45.24181333339498,17.836133223907318,0.0,0.0,0.2399475872434214,5.429017600007397,Water Tank + DSM
2024-03-06 19:00:00,95.29419332524017,79.9,3.4,80.56347116458038,-14.730722160659795,33.319033801461984,31.702794002373132,413.17159187288576,44.17022796978627,,9.749396225354008,44.222049247916274,25.09243881919255,5.454827607818899,0.0,0.24502144929780703,5.306645909749953,Water Tank + DSM
2024-03-06 20:00:00,111.98069134717636,78.9,2.2,88.07495569729143,-23.90573564988493,27.97597109498709,25.892110284311602,413.17159187288576,40.392604995470634,,10.658399249819205,51.96555503302556,29.300659072951227,0.0,0.0,0.2530360433575194,6.235866603963067,Water Tank + DSM
2024-03-06 21:00:00,124.47416978628434,84.7,-0.7,296.49193432798285,172.0177645416985,25.0,26.528727188619033,1186.422374365788,47.89241680198382,,35.88,57.76325581135491,44.512179031524646,49.94244899976273,136.70567019877248,0.2575,6.931590697362589,Water Tank + DSM
2024-03-06 22:00:00,141.90776434081297,85.7,-0.5,273.0669857118574,131.15922137104442,27.3702110483261,29.371734565833794,1118.3547000054148,51.52077872742313,,33.04522758620198,65.85345784840152,49.10271481858034,52.7279909015016,96.75443018067213,0.25394468342751086,7.902414941808183,Water Tank + DSM
2024-03-06 23:00:00,148.577697545227,84.3,-0.05,279.7546048520276,131.17690730680062,30.033990505568703,31.951262411941663,1231.5445691336295,54.99640932828681,,33.85453046080858,68.9486948649867,50.85901166122889,53.793713656759145,97.1192419719,0.24994901424164695,8.273843383798404,Water Tank + DSM
2024-03-07 00:00:00,143.46019497382272,86.1,-0.7,205.0765876869665,61.61639271314377,34.24969647301349,34.22831322043926,944.8558481302799,54.95764576702778,,24.81736301827587,65.84276126614746,37.36044545324536,22.670357253525143,64.96243969716407,0.24362545529047977,7.9011313519376944,Water Tank + DSM
2024-03-07 01:00:00,158.72257000347747,85.7,-1.75,227.2735056337183,68.55093563024082,32.003741486373215,31.993396402858597,1011.126659494945,54.93889219915229,,27.503525182297636,72.84760965364154,41.335130764989415,25.08220044475105,72.25296027026725,0.2469943877704402,8.741713158436985,Water Tank + DSM
2024-03-07 02:00:00,150.39404925123827,89.2,-2.45,215.5552742389226,65.16122498768434,33.18942953094236,33.18442464440544,919.3681065035593,54.92981934060585,,26.085442280992936,69.02513608395273,39.1661859554063,23.76608247292539,68.6689962897067,0.24521585570358645,8.283016330074329,Water Tank + DSM
2024-03-07 03:00:00,169.24785138712448,85.6,-2.2,242.59181969865202,73.34396831152753,30.453785589631504,30.4513642569074,1050.8995912901971,54.925429948531196,,29.35727243480072,77.67831261991697,44.07616426968774,26.745462433239872,77.29148324965473,0.24931932161555276,9.321397514390036,Water Tank + DSM
2024-03-07 04:00:00,160.74562746737843,90.0,-2.5,230.4833602288012,69.73773276142276,31.678958156024805,31.67778673043551,944.093655997364,54.923306388168555,,27.891966045394344,73.77611591733115,41.861983025594824,25.401894945789568,73.48694293139233,0.24748156276596278,8.85313391007974,Water Tank + DSM
2024-03-07 05:00:00,162.12648054564198,87.8,-2.85,232.47793771546787,70.35145716982589,31.47714044136883,31.47657371301403,986.0474724679239,54.922279022980625,,28.133340032122884,74.40987484671447,42.22158999614736,25.620104830451837,74.1328741779274,0.24778428933794674,8.929184981605736,Water Tank + DSM
2024-03-07 06:00:00,135.83628544290144,86.6,-3.2,194.9127167781366,59.076431335235156,35.27810936375876,35.27783518413429,907.2736629703669,54.92178199014466,,23.587381200944527,62.34367738960071,35.374998157412286,21.465585764359954,62.24465924200524,0.24208283595436186,7.481241286752084,Water Tank + DSM
2024-03-07 07:00:00,124.19502281205294,85.3,-3.25,83.60382764298431,-40.59119516906863,36.96113111548257,34.23966042417207,413.17159187288576,49.98829979461903,,10.117325257529497,57.00078156836372,14.274820414836437,0.0,0.0,0.23955830332677613,6.840093788203647,Water Tank + DSM
2024-03-07 08:00:00,116.61316938904545,85.6,-2.95,90.7589555806341,-25.85421380841136,33.12411010841838,30.923134808916327,413.17159187288576,45.998371669522705,,10.983203754308033,53.52099984231005,25.662343168838156,0.0,0.0,0.24531383483737243,6.422519981077206,Water Tank + DSM
2024-03-07 09:00:00,120.3030867712227,84.4,-2.3,96.50715780282266,-23.795928968400034,28.60055900587049,26.415927989999762,413.17159187288576,42.038072462551895,,11.678823000071308,55.21453127331665,29.350734111412326,0.0,0.0,0.25209916149119427,6.625743752797997,Water Tank + DSM
2024-03-07 10:00:00,107.33542995654612,84.5,-1.25,281.51319064006685,174.17776068352072,26.515597082450114,30.184182150878428,1159.813970144198,48.68848364487736,,34.06734588938968,49.26287107944979,29.720845266081497,21.037780506367056,170.8370365254796,0.25522660437632483,5.911544529533974,Water Tank + DSM
2024-03-07 11:00:00,115.16572791862964,80.4,0.25,226.97823517165423,111.81250725302459,32.033617893911924,33.80845634665292,1121.0923480480808,51.90591087438592,,27.467792998881347,52.8566793790575,31.760041016153206,22.275166613603098,108.65441594923819,0.24694957315913213,6.342801525486901,Water Tank + DSM
2024-03-07 12:00:00,104.75916828623063,82.5,2.0,180.30657428573667,75.54740599950604,36.756005468302604,37.61466118285513,941.6255888513748,53.46248199358151,,21.819817459910084,48.08046517132551,29.04992547801993,20.630665679461426,72.14659344834944,0.23986599179754609,5.769655820559061,Water Tank + DSM
2024-03-07 13:00:00,106.29550870919671,78.6,3.4,167.11870270977693,60.823194000580216,38.09039639591933,38.50580864653574,985.5254369973244,54.21554134078045,,20.223885910480487,48.78558686526539,29.45002504975348,20.87344651673847,57.458214854220216,0.237864405406121,5.535096655287678,Water Tank + DSM
2024-03-07 14:00:00,79.6687050291792,77.4,4.25,121.61969491502724,41.950989885848045,42.69413118869297,42.895105030755055,837.1470763206045,54.57986673099893,,14.717819098323215,36.56489890158407,22.515772334823833,16.665734739575324,37.96497062335074,0.23095880321696055,3.138555880708598,Water Tank + DSM
2024-03-07 15:00:00,69.67900733695808,75.3,4.2,103.74122518935347,34.06221785239539,44.503131804463145,44.60036168907362,804.7214809530269,54.756125070333724,,12.554254361862078,31.980008434999114,19.914217556561194,15.087108587710045,29.843200176363023,0.22824530229330528,2.397899701826044,Water Tank + DSM
2024-03-07 16:00:00,50.489689672342074,75.7,4.4,74.57283783041477,24.083148158072696,47.45448231169202,47.501521520199745,630.7131811013438,54.841397749699865,,9.024439155216347,23.1728430600871,14.91686302191344,12.054708645777676,19.416561325252193,0.22381827653246197,1.3271806999106774,Water Tank + DSM
2024-03-07 17:00:00,78.41529907653079,73.7,4.0,52.229832471768454,-26.185466604762333,43.501250793270465,41.758760422174866,413.17159187288576,51.68261112409951,,6.320598208968493,35.98963334499636,8.4563002207918,0.0,0.0,0.2297481238100943,2.914890207397539,Water Tank + DSM
2024-03-07 18:00:00,76.67579636342413,82.3,2.6,72.13199703777842,-4.543799325645708,40.59402498080282,39.497206940222256,413.17159187288576,49.6942993292259,,8.72906057151797,35.19126790375466,19.96820029515901,9.361301763827631,0.0,0.23410896252879576,3.464082372737246,Water Tank + DSM
2024-03-07 19:00:00,89.18394464802154,76.7,2.8,69.01398307277837,-20.169961575243164,36.79682842274404,35.09787342542324,413.17159187288576,46.614433631225175,,8.351733811119674,40.932031197256364,19.22910278418302,0.0,0.0,0.23980475736588394,4.911843743670763,Water Tank + DSM
2024-03-07 20:00:00,89.81791758956086,77.9,2.0,76.57473508328927,-13.243182506271594,33.625279769910236,32.11969597944942,413.17159187288576,43.88511126599563,,9.26669894415779,41.223000612476994,23.390721108675347,3.045232912450974,0.0,0.24456208034513466,4.94676007349724,Water Tank + DSM
2024-03-07 21:00:00,111.83962777055905,83.2,1.65,269.6964311562063,157.85680338564725,27.71125451346697,30.8538836090735,1161.1038613351423,49.58206943637735,,32.63733960189351,51.330126190999515,38.57185029768339,40.6471788853807,128.0455090797181,0.2534331182297995,6.159615142919941,Water Tank + DSM
2024-03-07 22:00:00,134.81042611422882,83.2,0.3,246.2241385875731,111.41371247334428,30.086255973978997,31.606640225004323,1107.4509155512121,52.33822207720523,,29.796837855121122,61.87284706009525,44.55399230364381,44.27714889165806,82.13818608918876,0.24987061603903152,7.424741647211431,Water Tank + DSM
2024-03-07 23:00:00,136.84713271361287,85.7,-1.85,247.36961945992175,110.52248674630889,32.54786721260419,34.01563313388466,1111.79941508066,54.99898820742934,,29.93545833325664,62.80761775671184,45.08439912362917,44.599000303034416,81.29446424276257,0.2461781991810937,7.53691413080542,Water Tank + DSM
2024-03-08 00:00:00,150.088130587774,86.9,-2.5,214.5241059484242,64.43597536065019,33.293766428959735,33.271648824250825,956.008122901415,54.95889341258641,,25.96065535096416,69.24887977460045,39.29314241636276,23.84311978580027,68.56183258992193,0.2450593503565604,8.309865572952054,Water Tank + DSM
2024-03-08 01:00:00,152.48891615605274,88.3,-2.7,218.35169849296273,65.86278233690999,32.90647840172749,32.89577804325478,941.6692190147389,54.9394958022504,,26.42385183153392,70.35657370436863,39.92166919510331,24.22451049045039,70.0546361140368,0.24564028239740876,8.442788844524236,Water Tank + DSM
2024-03-08 02:00:00,133.93691166137052,86.9,-2.75,192.02787408996156,58.09096242859104,35.57000695227634,35.56483018594238,893.7042937776238,54.9301113599999,,23.238271685077503,61.79689930640695,35.06474578707779,21.277324302567752,61.772829696044454,0.2416449895715855,7.415627916768834,Water Tank + DSM
2024-03-08 03:00:00,126.93789810508461,82.6,-1.7,182.117250902009,55.17935279692439,36.572795430527755,36.5702909434356,945.2294903729195,54.92557122568295,,22.03893666508881,58.56763762927122,33.23240078175198,20.165455442908847,58.6688202352515,0.24014080685420836,7.028116515512545,Water Tank + DSM
2024-03-08 04:00:00,123.3872975393814,85.5,-0.9,177.08741020861876,53.70011266923737,37.081730761749235,37.08051910659808,873.7339309844473,54.923374737168736,,21.430250008947926,56.92943272433226,32.30285190173442,19.601404213354204,57.091975647072545,0.23937740385737616,6.803614611504801,Water Tank + DSM
2024-03-08 05:00:00,145.71457568654165,84.4,-0.5,209.02047659231374,63.30590090577209,33.850641208901195,33.85005501773659,987.8112287857348,54.92231208979834,,25.29463311415417,67.23097351940903,38.14814370842428,23.148333376032355,67.31153101890749,0.2442240381866482,8.067716822329084,Water Tank + DSM
2024-03-08 06:00:00,129.1474321837117,86.8,-1.3,185.35231767981068,56.204885496098996,36.24546105108156,36.245177455471776,875.8679662426459,54.921797987663716,,22.43042858290645,59.587090394586646,33.810857831522,20.51646378381628,59.75509206227003,0.24063180842337767,7.150450847350397,Water Tank + DSM
2024-03-08 07:00:00,119.74792760674264,82.3,-1.1,77.30288588199579,-42.445041724746844,37.6042705053926,34.88438325017967,413.17159187288576,49.991186245169246,,9.35481618322133,55.25027068844289,11.220090733153455,0.0,0.0,0.2385935942419111,6.429715828661247,Water Tank + DSM
2024-03-08 08:00:00,110.12772925421086,82.7,-0.7,84.11617307488959,-26.011556179321275,34.0648982831509,31.939418500454046,413.17159187288576,46.13811639644152,,10.179326789336518,50.81162549702527,23.34227645754711,0.0,0.0,0.24390265257527366,6.097395059643032,Water Tank + DSM
2024-03-08 09:00:00,108.81465564071523,84.0,-0.25,92.70016903064906,-16.114486610066166,30.40172055900868,28.579538037895865,413.17159187288576,42.83486383759097,,11.218119886999483,50.205788936598644,28.487727472743842,4.163163531883535,0.0,0.24939741916148697,6.024694672391837,Water Tank + DSM
2024-03-08 10:00:00,90.49941556805888,80.9,0.35,249.57550411034288,159.076088542284,29.747154116415913,33.18884780496995,1165.5554310184925,49.07396631594911,,30.20240367676658,41.75535482920202,25.522731009496244,17.92262690452578,156.18811830825533,0.25037926882537614,5.010642579504243,Water Tank + DSM
2024-03-08 11:00:00,84.5793187452039,77.7,0.9,179.45272818144585,94.87340943624194,36.842400341697,38.507470167546415,1049.2476193487976,52.09240497353369,,21.71648919133039,39.02389251080019,23.972846906948515,16.982155615170115,91.82269832337825,0.2397363994874545,4.682867101296022,Water Tank + DSM
2024-03-08 12:00:00,97.4540274165568,81.5,1.35,168.0225370637159,70.5685096471591,37.99894355191658,38.80449389306824,922.7169741509505,53.552706669363275,,20.333263511907766,44.96413008604352,27.343451627065267,19.027442073574132,67.87171865868129,0.23800158467212512,5.126195843423272,Water Tank + DSM
2024-03-08 13:00:00,114.84511605490552,82.5,1.5,178.44656950170324,63.60145344679772,36.944206687494216,37.33392689144932,935.7619146614844,54.25919147318211,,21.594728801756922,52.988171704458686,31.896446723786724,21.790204245277774,61.38273589758815,0.23958368996875867,6.3585806045350415,Water Tank + DSM
2024-03-08 14:00:00,114.82554569200319,80.6,1.6,171.4363636077455,56.61081791574232,37.65352168891374,37.84206587989958,953.6217887981721,54.600984391352604,,20.746388060059168,52.97914217159382,31.89132319367378,21.78709528186338,54.39156238579473,0.2385197174666294,6.149758949776171,Water Tank + DSM
2024-03-08 15:00:00,108.29226787679158,80.5,2.55,158.72068673525277,50.428418858461185,38.94013444969393,39.031350947052104,912.3472681185751,54.76634166199739,,19.20759919816607,49.964765430489244,30.180908022044722,20.74921357241732,48.02956637171782,0.23658979832545912,5.4141416755632985,Water Tank + DSM
2024-03-08 16:00:00,107.46660940443525,80.4,2.4,155.90637424394728,48.43976483951204,39.2248955678354,39.269025537296635,904.5445022574588,54.84634047268502,,18.867024900868866,49.58381642364125,29.964750249844332,20.61804881087717,46.01821536158262,0.2361626566482469,5.2881450904530105,Water Tank + DSM
2024-03-08 17:00:00,105.54477654314607,79.7,2.4,69.38411297152562,-36.16066357162045,39.5828231415243,37.21886884840595,413.17159187288576,50.56096402039631,,8.396525116478966,48.697105580904356,11.139315030334878,0.0,0.0,0.23562576528771356,5.08899660239085,Water Tank + DSM
2024-03-08 18:00:00,116.77649130391349,80.6,1.9,81.16168060209884,-35.61481070181465,33.6731552887081,31.189218868942884,413.17159187288576,46.05808396335314,,9.821788598073393,53.87928529148532,16.718670127798426,0.0,0.0,0.24449026706693786,6.4655142349782375,Water Tank + DSM
2024-03-08 19:00:00,111.94230762251011,83.7,1.2,93.1020139012955,-18.840293721214607,29.869378008891914,27.930309333372,413.17159187288576,42.54294017836814,,11.266749182738923,51.648850391331344,29.306548216717427,2.02019549033632,0.0,0.25019593298666215,6.197862046959762,Water Tank + DSM
2024-03-08 20:00:00,120.02811920277959,80.0,1.0,94.80471754292368,-25.22340165985591,25.18489236508465,25.0,413.17159187288576,38.51866309529283,,11.472802027987784,55.37954776099906,28.567298892753257,0.0,0.0,0.25722266145237305,6.645545731319888,Water Tank + DSM
2024-03-08 21:00:00,99.22244315909886,83.1,0.9,296.49193432798285,197.26949116888397,25.0,28.84021868801566,1219.094935449872,46.98581546097605,,35.88,45.78005609343148,41.31366115539048,47.41911250931879,153.00333718895413,0.2575,5.493606731211778,Water Tank + DSM
2024-03-08 22:00:00,101.34207629507158,79.8,0.8,224.04830106336107,122.70622476828949,32.33007797620057,34.58976195540631,1127.5191135631283,51.0821706833642,,27.11322674046412,46.75802963220771,41.8685820965472,47.75583911498061,78.49833857851203,0.24650488303569915,5.610963555864926,Water Tank + DSM
2024-03-08 23:00:00,104.73255743659972,80.6,0.75,225.64604199761425,120.91348456101453,35.93611364550755,38.0996529064265,1206.9019424514022,55.00423475597947,,27.306577513566733,48.32235733772487,42.756211636820126,48.294453645472586,76.79880121861555,0.2410958295317387,5.798682880526984,Water Tank + DSM
2024-03-09 00:00:00,104.35110847884859,83.7,1.0,149.10241835624538,44.75130987739679,39.91334153549285,39.889729942925364,813.4739683485561,54.961431659877206,,18.04364352355056,53.41709139380838,30.309882072267623,18.392068042936977,50.273943520019195,0.23512998769676074,5.476317580880208,Water Tank + DSM
2024-03-09 01:00:00,109.26067892341312,79.7,0.85,156.54246879423775,47.281789870824625,39.160533491504495,39.14911035107362,922.4756804562135,54.940723790373916,,18.944001944160625,55.93028916395762,31.73591868433106,19.25738854594175,53.06425552963948,0.23625919976274326,5.986599122105346,Water Tank + DSM
2024-03-09 02:00:00,119.98225550725951,81.6,0.7,172.07098546152434,52.088729954264835,37.58930862471516,37.58378218100195,934.0072145902886,54.93070545295413,,20.823186884840673,61.41863945188125,34.85011389147675,21.147085444538977,58.43861976800282,0.23861603706292728,7.153069530542163,Water Tank + DSM
2024-03-09 03:00:00,139.5518495039368,86.0,0.75,200.13992374636743,60.58807424243062,34.74920388306715,34.74653022425153,932.8974156517113,54.92585864412905,,24.219952155851686,71.4362694157462,40.53430924778841,24.596261113166346,67.97365691802659,0.24287619417539927,8.572352329889544,Water Tank + DSM
2024-03-09 04:00:00,135.0082592775677,83.7,0.75,193.6938791924639,58.68561991489619,35.40143523990125,35.40014174053107,958.0373650053999,54.923513788410744,,23.43988345307811,69.1104160739279,39.21457545718982,23.79544527305917,65.83073955556884,0.24189784714014814,8.293249928871345,Water Tank + DSM
2024-03-09 05:00:00,109.46378229208963,80.6,0.8,157.20749992624667,47.743717634157036,39.093243519500746,39.09261773261616,904.8055172373802,54.92237936191731,,19.02448075067711,56.034257309242655,31.794912203832705,19.293185875082777,53.53693224919415,0.23636013472074888,6.0203508012134614,Water Tank + DSM
2024-03-09 06:00:00,100.32980006137018,80.8,0.85,144.16392813783597,43.83412807646579,40.41303373416289,40.41273098239202,852.7390506533093,54.921830533493065,,17.44601165394119,51.35859290356306,29.141850551695004,17.68330529844836,49.14393970428201,0.23438044939875566,5.111299487713571,Water Tank + DSM
2024-03-09 07:00:00,119.8871950217794,82.3,0.3,77.33766308941776,-42.549531932361646,37.584162683572295,34.859553614772175,413.17159187288576,49.98265908710859,,9.359024750328318,61.369978208940445,19.748160375019083,0.0,0.0,0.23862375597464155,7.149297078105006,Water Tank + DSM
2024-03-09 08:00:00,116.78189643424355,85.1,0.1,89.94614517181385,-26.835751262429696,33.09406868433089,30.86280222009229,413.17159187288576,45.937819137171886,,10.884841424369544,59.780383034787704,33.848316371409304,0.0,0.0,0.24535889697350366,7.173645964174524,Water Tank + DSM
2024-03-09 09:00:00,107.09801878536156,80.4,0.6,86.39089543030383,-20.707123355057732,30.44967733230397,28.516801318171545,413.17159187288576,42.433901409037546,,10.454602534348782,54.823228434732464,31.10775119572193,3.8371024581783697,0.0,0.24932548400154406,6.5787874121678955,Water Tank + DSM
2024-03-09 10:00:00,97.73311047409636,79.7,1.05,263.8770312093878,166.14392073529143,28.300079969377798,31.855950243600535,1226.4219705687892,48.87998320719543,,31.933104356624163,50.02935350182856,29.469511880939468,21.279381346862927,166.18066181524327,0.2525498800459333,6.0035224202194275,Water Tank + DSM
2024-03-09 11:00:00,86.35550208094831,81.9,1.7,183.9084934267604,97.55299134581209,36.39155179614579,38.11185953821294,965.4072055532168,51.99855716186342,,22.255704051809637,44.20518204606544,26.164765302893677,19.274057677732138,96.98758872263961,0.2404126723057813,5.304621845527853,Water Tank + DSM
2024-03-09 12:00:00,81.37474559861303,76.3,2.75,145.96865832450808,64.59391272589505,40.23042537510961,41.06269947376555,966.7615549771103,53.50730368653717,,17.664411251368907,41.65554430761117,24.71805195398024,18.39619050924893,63.764910666971204,0.23465436193733558,4.191274552841481,Water Tank + DSM
2024-03-09 13:00:00,68.79307234705938,76.6,3.55,113.07520851836289,44.282136171303506,43.558689587156415,43.961338577424385,817.5435758312117,54.23722579478406,,13.68380725376093,35.21501483205221,21.063572015190772,16.178648272182244,42.787266993262314,0.22966196561926538,2.8400156733030286,Water Tank + DSM
2024-03-09 14:00:00,81.1825150125462,77.4,4.0,123.56900548924217,42.38649047669597,42.49689372468237,42.69169278141818,845.7582595952063,54.59035753387642,,14.95371510527989,41.557141914629426,24.66221654907364,18.36230952733688,41.54731488806814,0.23125465941297643,3.6162458741179635,Water Tank + DSM
2024-03-09 15:00:00,77.14452246866351,78.2,3.5,114.30766352750037,37.16314105883686,43.433985856655525,43.52822841884324,785.4548419493968,54.76120045498468,,13.832952915439995,39.490102858615764,23.489338947695902,17.650606175963127,36.11026047179949,0.2298490212150167,3.2143397634126574,Water Tank + DSM
2024-03-09 16:00:00,82.86613931172373,75.7,3.6,120.79685741057622,37.930718098852495,42.77738851300933,42.82298247366058,876.5206155253371,54.84385318896952,,14.618243338440845,42.418985304440966,25.151243016601946,18.659051297698547,37.18064592591151,0.23083391723048602,3.619852485944584,Water Tank + DSM
2024-03-09 17:00:00,90.02754535380399,79.3,3.2,64.81543815456003,-25.21210719924396,41.82438369179449,39.96659294918151,413.17159187288576,51.47605004453073,,7.843646493307413,46.08489251553218,21.569438724999,0.0,0.0,0.23226342446230827,4.19619987852365,Water Tank + DSM
2024-03-09 18:00:00,99.67338565528844,80.4,2.65,74.95527858171138,-24.71810707357706,37.0616327779118,35.10131365395146,413.17159187288576,47.92238344562657,,9.070720259583062,51.0225758853156,27.075763903719693,0.0,0.0,0.2394075508331323,6.103841127709707,Water Tank + DSM
2024-03-09 19:00:00,114.58809887741974,78.9,2.15,82.23763013543154,-32.350468741988195,31.35105239121606,28.98973854388939,413.17159187288576,43.64179359359158,,9.95199473451848,58.65738313281614,27.193622890620098,0.0,0.0,0.2479734214131759,7.038885975937937,Water Tank + DSM
2024-03-09 20:00:00,115.64975123964432,83.5,1.75,97.86247246517581,-17.787278774468504,26.916930078729475,25.0,413.17159187288576,40.10156839279755,,11.84283653452192,59.20084052476994,33.59169224801495,8.716793307006736,0.0,0.2546246048819058,7.104100862972392,Water Tank + DSM
2024-03-09 21:00:00,115.64824968764135,81.5,1.5,296.4919343279828,180.84368464034145,25.0,27.596938868411993,1253.6179778696912,47.75161511851606,,35.879999999999995,59.200071883768,40.297395856543076,51.608006704805405,149.03326614813383,0.2575,7.10400862605216,Water Tank + DSM
2024-03-09 22:00:00,118.02970595630842,79.9,1.0,240.33072015619817,122.30101419988975,30.682570856344974,32.72418854310625,1166.5171794806088,51.45265975583924,,29.08364525581143,60.41913384686666,40.98911499317492,52.02774259810914,90.61663088545352,0.24897614371548255,7.250296061623999,Water Tank + DSM
2024-03-09 23:00:00,113.058352458467,84.8,0.7,230.26486665181633,117.20651419334934,35.1025552911541,37.05656321119785,1106.8643402196649,54.99488540399046,,27.865525024123446,57.87430947445522,39.54513284046333,51.15153272232884,85.25902908271019,0.24234616706326886,6.944917136934626,Water Tank + DSM
2024-03-10 00:00:00,125.39798822161839,81.3,0.55,179.27616202297997,53.878173801361584,36.860265869020644,36.839316563521244,963.722215022106,54.95690850200876,,21.69512202065131,57.840477442989105,32.81979614681647,19.915086520242912,66.44603720159567,0.23970960119646903,6.940857293158692,Water Tank + DSM
2024-03-10 01:00:00,109.19484073750081,83.0,0.2,156.49307194463606,47.298231207135245,39.16553162236903,39.15539647972822,852.8647168948334,54.938535514959035,,18.93802417964664,50.366690982362634,28.579026379236875,17.34178300379282,58.242153528870205,0.23625170256644645,5.389578945665144,Water Tank + DSM
2024-03-10 02:00:00,121.38461669877567,82.2,-0.05,174.0969430946215,52.712326395845835,37.38431576671154,37.379412448252936,928.0297315696924,54.92964677902969,,21.068358343013003,55.98928885272989,31.769396239217087,19.277702761150735,64.87795443498041,0.2389235263499327,6.589609263489163,Water Tank + DSM
2024-03-10 03:00:00,118.12002960294832,84.5,-0.3,169.51886589363355,51.398836290685225,37.84754022622654,37.84516803150188,868.0490520305584,54.92534646432268,,20.514341889433055,54.48348099285291,30.914971981634697,18.75923723081568,63.23727499241181,0.2382286896606602,6.260956068304597,Water Tank + DSM
2024-03-10 04:00:00,121.42268374499785,83.1,-0.7,174.28169882204034,52.859015077042486,37.3656215926689,37.3644739397356,910.3528995007027,54.92326599903193,,21.090716575167995,56.0068474767522,31.779359339220857,19.283748380620683,65.02845834035853,0.23895156761099665,6.597957820561377,Water Tank + DSM
2024-03-10 05:00:00,117.96246808957768,83.7,-1.05,169.35673208293784,51.394263993360155,37.863945442550204,37.8633902152573,882.6652179358172,54.92225948296957,,20.494721250709958,54.410804921336585,30.873734184898524,18.734214092761096,63.2169112808443,0.2382040818361747,6.247248788936727,Water Tank + DSM
2024-03-10 06:00:00,120.71047995787953,84.7,-1.5,173.29428733108108,52.58380737320155,37.46553103808406,37.46526242260122,876.4476587736667,54.92177253680981,,20.971224878451462,55.67833975770629,31.59295775942115,19.17063970765346,64.68187086371124,0.2388017034428739,6.525880799087543,Water Tank + DSM
2024-03-10 07:00:00,136.27021971170763,84.5,-1.75,85.24045721158171,-51.02976250012591,35.21484881765775,32.04434459588583,413.17159187288576,49.174282336421655,,10.315382142464234,62.855351040052504,19.9348492976397,0.0,0.0,0.24217772677351337,7.5426421248063,Water Tank + DSM
2024-03-10 08:00:00,127.35135043922163,87.5,-2.0,98.13877575483315,-29.212574684388485,30.757174372948388,28.32772730787021,413.17159187288576,44.770180584084336,,11.876273403741903,58.74147597484425,33.331039992844765,3.7763719270308123,0.0,0.24886423844057742,7.048977116981311,Water Tank + DSM
2024-03-10 09:00:00,129.12998371684986,83.1,-1.7,98.59074075551177,-30.53924296133809,26.095852881766298,25.0,413.17159187288576,40.26258811810654,,11.930967991846314,59.56187986993855,33.79655289635751,2.9104387583828206,0.0,0.25585622067735053,7.147425584392626,Water Tank + DSM
2024-03-10 10:00:00,115.78504481254119,84.2,-0.95,296.49193432798285,180.70688951544167,25.000000000000007,27.69232437559626,1196.4428336087426,47.829515451968234,,35.88,53.40645705479277,31.42745382306459,22.366123889802765,187.2099839184038,0.2575,6.408774846575132,Water Tank + DSM
2024-03-10 11:00:00,119.02132879913165,83.5,-0.25,240.9781073520327,121.95677855290106,30.61706615410388,32.63650122857373,1088.5861990937353,51.490347448699936,,29.16198887969176,54.899209957611845,32.27447044764864,22.880094460711128,128.78422564799692,0.24907440076884418,6.587905194913421,Water Tank + DSM
2024-03-10 12:00:00,120.778503057195,81.8,0.7,207.30931755455634,86.53081449736135,34.02378174052839,35.000771766963425,1036.591940566377,53.26143501396869,,25.087557038328047,55.70971576777914,32.734366987951596,23.15916016086119,93.53437228098531,0.24396432738920742,6.685165892133496,Water Tank + DSM
2024-03-10 13:00:00,100.10415935731037,82.4,1.65,160.2566502753093,60.152490917998946,38.784720757560486,39.25738240626643,877.7648375431843,54.118276072681574,,19.39347397395766,46.173566684522754,27.323373116979305,19.875763438381238,65.08398732970971,0.23682291886365928,5.046386464667904,Water Tank + DSM
2024-03-10 14:00:00,102.09021963976208,77.1,2.4,154.6270200479258,52.53680040816373,39.35434470771718,39.58301544960038,978.6315049961839,54.53281040418133,,18.712203729570255,47.08964736968132,27.843174866032538,20.191179681658937,57.6673473364615,0.23596848293842423,4.985566111923293,Water Tank + DSM
2024-03-10 15:00:00,81.073161877461,80.9,2.25,120.49143029721388,39.41826841975288,42.808292602935545,42.91892207400981,755.6601081378304,54.73335951447968,,14.581282046889088,37.395419633986265,22.342484136086107,16.85335481163434,42.442405869099446,0.23078756109559667,3.1842291206158335,Water Tank + DSM
2024-03-10 16:00:00,90.55031660284419,77.6,2.4,132.0546546721622,41.50433806931801,41.63828866325094,41.6918105076696,877.2313406102395,54.83038391652603,,15.980606758751877,41.7668067821474,24.822893036978602,18.358469518803123,45.47831201684663,0.2325425670051236,3.849657775470727,Water Tank + DSM
2024-03-10 17:00:00,76.30295291061663,79.3,2.05,61.4059455110076,-14.897007399609024,43.79571709249959,42.403771038869465,413.17159187288576,52.30706404589773,,7.4310464125398346,35.195135817171895,19.970395023409523,4.868421323216206,0.0,0.22930642436125062,2.7883591817870292,Water Tank + DSM
2024-03-10 18:00:00,90.02153610307877,78.8,1.35,68.3366358487003,-21.684900254378476,39.28846358559592,37.5338548892326,413.17159187288576,49.12630931968957,,8.269764571534774,41.522904013030235,23.560892049598095,1.6341744012115775,0.0,0.23606730462160613,4.412606558751541,Water Tank + DSM
2024-03-10 19:00:00,97.09207319134205,82.2,0.15,81.48676914254388,-15.605304048798175,35.08519245524147,33.42025511516468,413.17159187288576,46.108110832319745,,9.861129219117961,44.784226198205495,25.41142880203142,9.545314361250108,0.0,0.2423722113171378,5.374107143784658,Water Tank + DSM
2024-03-10 20:00:00,130.42693951332888,83.1,-0.85,96.60113578534677,-33.825803727982105,27.246221907877043,25.0,413.17159187288576,41.39861012310071,,11.690195754681335,60.16010750943003,34.09583865371606,0.0,0.0,0.25413066713818444,7.219212901131603,Water Tank + DSM
2024-03-10 21:00:00,140.8924462855513,87.8,-1.45,296.49193432798285,155.59948804243155,25.0,25.0,1127.8569386884963,48.37911577471266,,35.88,64.98737720468517,39.51021787542262,47.15730047893135,142.30367024777578,0.2575,7.7984852645622205,Water Tank + DSM
2024-03-10 22:00:00,153.9056527919164,85.9,-1.85,285.4049420680914,131.49928927617498,26.12181725466032,27.984750163678484,1140.5637295674487,51.75624063864949,,34.53830656342627,70.98978671752461,42.9161001452444,49.2239933912772,119.50770454052163,0.25581727411800953,8.518774406102951,Water Tank + DSM
2024-03-10 23:00:00,133.7538869386873,86.9,-2.35,254.12927417223116,120.37538723354388,32.41322018548485,34.202757353515906,1114.203017612215,55.000313699918124,,30.753478599566364,61.694679397221115,37.64187799319122,46.023589890437435,106.3641158656833,0.24638016972177273,7.403361527666533,Water Tank + DSM
2024-03-11 00:00:00,141.37011440749518,84.7,-2.7,202.0507438892238,60.68062948172863,34.555861003721645,34.53336595664925,962.5893471606255,54.959534677541164,,24.451190239548914,59.5656012115134,33.79866445693375,20.509064831403162,74.1452129552167,0.24316620849441753,7.147872145381608,Water Tank + DSM
2024-03-11 01:00:00,154.18944908482902,88.3,-3.0,220.77585483438952,66.5864057495605,32.6611945277913,32.65031156506984,947.9262580093025,54.939806042214535,,26.717211344761612,64.96696472025305,36.86350169736659,22.368811264337754,81.2719474330703,0.24600820820831304,7.796035766430365,Water Tank + DSM
2024-03-11 02:00:00,173.16828718521572,90.1,-3.2,248.09642021327642,74.9281330280607,29.896812544772715,29.89154743564819,984.4684177393431,54.930261452149225,,30.023412196451844,72.9636046500116,41.4009485504437,25.122138745587204,91.42128554150787,0.25015478118284096,8.755632558001393,Water Tank + DSM
2024-03-11 03:00:00,157.0631733771125,89.0,-3.35,225.17244681621005,68.10927343909756,32.216333321858095,32.21378609507782,947.3110220199227,54.92564383932369,,27.249265347057726,66.17779429270843,37.55054961766932,22.785712658702725,83.06851866154423,0.24667550001721286,7.94133531512501,Water Tank + DSM
2024-03-11 04:00:00,140.38340583416445,85.5,-3.55,201.37845346265675,60.9950476284923,34.62388549431268,34.62265316196842,945.5834037301288,54.92340986719281,,24.36983294880204,59.1498564153991,33.56276288660145,20.365919512571413,74.36565353108217,0.24306417175853098,7.097982769847892,Water Tank + DSM
2024-03-11 05:00:00,135.44040052440357,87.2,-3.7,194.33572034897247,58.8953198245689,35.33649170361619,35.33589550895522,895.1411438538867,54.922329085483724,,23.51755592247504,57.06714548104338,32.380992760902295,19.648820168167962,71.7951366365358,0.24199526244457573,6.848057457725206,Water Tank + DSM
2024-03-11 06:00:00,143.2786742907657,88.4,-3.9,205.5492882859257,62.270613995160005,34.20186711805677,34.20157868281814,906.0088250150478,54.92180621006975,,24.874566926804103,60.369763515347245,34.254961570089414,20.785946395407436,75.91697537814579,0.24369719932291484,7.244371621841669,Water Tank + DSM
2024-03-11 07:00:00,170.21049793291942,87.4,-4.05,98.74517971073202,-71.4653182221874,30.306557874378207,26.129887502876855,413.17159187288576,47.35033796675055,,11.949657436892643,71.71735472082119,10.132968301121707,0.0,0.0,0.2495401631884327,8.606082566498545,Water Tank + DSM
2024-03-11 08:00:00,164.06611076103633,92.8,-4.05,117.2625600267172,-46.80355073431913,25.0,25.0,413.17159187288576,41.919444609282195,,14.19054,69.12844745775878,31.84913918331496,0.0,0.0,0.2575,8.295413694931055,Water Tank + DSM
2024-03-11 09:00:00,163.68384578247486,86.9,-3.55,107.05829595359579,-56.62554982887907,25.0,25.0,413.17159187288576,38.76030030500952,,12.955670000000001,68.96738199236285,21.843883664343537,0.0,0.0,0.2575,8.276085839083542,Water Tank + DSM
2024-03-11 10:00:00,128.23944804279284,86.1,-2.35,296.4919343279828,168.25248628518995,25.0,25.0,1159.2375736438225,47.102718027883675,,35.879999999999995,54.03305963015196,34.60411092512634,23.764216157707633,171.36167881522246,0.2575,6.483967155618235,Water Tank + DSM
2024-03-11 11:00:00,124.50319623495865,83.5,-1.15,255.99607577262904,131.49287953767038,29.09750018803785,31.32389542247622,1124.1266084449103,51.138727412212425,,30.979389775106743,52.45880833846985,33.71085055175209,23.22218483181903,134.2462183955502,0.2513537497179432,6.2950570006163815,Water Tank + DSM
2024-03-11 12:00:00,127.10682061602051,83.4,-0.05,219.82917614280527,92.72235552678475,32.75698249859023,33.834098552702436,1036.9708151046095,53.091323445101736,,26.602648931686087,53.55583264404459,34.33332318110674,23.599901872309648,95.72367266465213,0.24586452625211466,6.42669991728535,Water Tank + DSM
2024-03-11 13:00:00,124.27713221753585,83.7,1.2,196.48719933390944,72.2100671163736,35.11879819470371,35.639900187773186,966.1994461104898,54.03597716232523,,23.777917359134374,52.36355737848785,33.65680333036669,23.18938892153202,74.941874847638,0.24232180270794446,6.283626885418542,Water Tank + DSM
2024-03-11 14:00:00,112.27695756327756,80.1,2.25,169.9998244869966,57.72286692371904,37.79887530104538,38.05098117779309,960.0576984924512,54.492994707395084,,20.572545139949735,47.307342909680976,30.787810274346544,21.44848094388879,59.31173610672031,0.23830168704843194,5.450125142309948,Water Tank + DSM
2024-03-11 15:00:00,85.28860691176479,78.4,3.1,126.90987434633139,41.621267434566604,42.15885395324695,42.280821195621805,836.5545530982401,54.7140969300334,,15.35801067191665,35.93593432730759,24.335454967571845,17.533185016426692,40.639671836648134,0.23176171907012957,3.1999826980685904,Water Tank + DSM
2024-03-11 16:00:00,91.64951705312687,76.4,3.5,133.81606500869026,42.16654795556339,41.460063544865804,41.51907053194773,914.9280028369475,54.82106479895435,,16.193764000340497,38.616072476807155,25.85621675240637,18.455984853030692,41.7907876568854,0.2328099046827013,3.6005478746186386,Water Tank + DSM
2024-03-11 17:00:00,93.16322959622896,80.3,3.5,67.3686835693821,-25.79454602684686,41.348123587243684,39.43491738257227,413.17159187288576,51.35280450232389,,8.152627733189897,39.253867799172006,18.86756350429312,0.0,0.0,0.23297781461913447,3.6863801250918895,Water Tank + DSM
2024-03-11 18:00:00,106.34048005266666,79.0,2.75,74.41465575798244,-31.92582429468422,35.97421530587699,33.72454086212615,413.17159187288576,47.274594566272974,,9.005296736479947,44.80603735807835,19.053410627614454,0.0,0.0,0.2410386770411845,5.376724482969402,Water Tank + DSM
2024-03-11 19:00:00,84.5123776481591,80.9,1.3,79.29455263127167,-5.217825016887431,35.0527093799137,33.842819062147555,413.17159187288576,45.08130534206907,,9.595837926784064,35.60887395136868,20.20515797528672,12.260510925569625,2.8314290150259467,0.24242093593012945,4.273064874164242,Water Tank + DSM
2024-03-11 20:00:00,93.80429662792426,78.9,0.05,81.95294351366654,-11.85135311425772,31.515655252958705,30.001933307275596,413.17159187288576,42.33723012867483,,9.917543355555743,39.52397823460493,22.426663228178036,10.691418365283727,0.0,0.24772651712056193,4.742877388152591,Water Tank + DSM
2024-03-11 21:00:00,98.80966161110722,83.8,-0.75,266.3711050503514,167.56144343924416,28.047721619736684,31.63111965201858,1141.366885956385,48.833214247920075,,32.23492494279493,41.63296411012702,36.0864238482519,36.99475624580846,141.84925161165302,0.25292841757039497,4.995955693215242,Water Tank + DSM
2024-03-11 22:00:00,107.91899735146889,84.0,-1.25,215.19043245060354,107.27143509913465,33.22634538726871,34.959970886075794,1012.4773347629343,51.9759306326244,,26.04129091682663,45.47113784498114,38.26427723264243,38.31627995011544,82.42684822452944,0.24516048191909695,5.456536541397737,Water Tank + DSM
2024-03-11 23:00:00,121.20302146641524,82.0,-1.65,231.90843497916288,110.70541351274764,34.447972553283435,36.11426613609062,1165.0599752971111,54.996587716878835,,28.06442160361677,51.06829595885383,41.440212086912325,40.24344053095818,87.12604349326894,0.24332804117007484,6.128195515062459,Water Tank + DSM
2024-03-12 00:00:00,123.15674723377158,87.5,-2.05,176.0560346310129,52.89928739724131,37.186088633737576,37.16465458388432,835.9178737554553,54.95773207031002,,21.305437994049868,55.54028615278162,31.514623496440244,19.123106395204307,66.42718210138126,0.23922086704939363,6.602821842528404,Water Tank + DSM
2024-03-12 01:00:00,157.72226569344772,85.2,-2.35,225.84296345429274,68.12069776084502,32.148488308845934,32.13811864992626,1016.9733594668625,54.93893395213912,,27.33040798262026,71.12837880210772,40.35960620898495,24.490251127072703,85.44536937424294,0.2467772675367311,8.535405456252926,Water Tank + DSM
2024-03-12 02:00:00,160.96504125524922,89.6,-2.5,230.66349739069338,69.69845613544416,31.660731303179666,31.655714527215842,951.0572035176039,54.929839540439055,,27.91376536139713,72.59078087651322,41.18940119146893,24.993771587599237,87.37932363201152,0.2475089030452305,8.710893705181586,Water Tank + DSM
2024-03-12 03:00:00,158.9402795385295,88.0,-1.9,227.85947865355527,68.91919911502578,31.944450866427843,31.94202378167357,971.0671528265367,54.92543972108383,,27.574436763752306,71.67766935267319,40.671284201489435,24.679377657884032,86.37766090569409,0.24708332370035824,8.601320322320785,Water Tank + DSM
2024-03-12 04:00:00,154.25103756017208,84.7,-2.2,221.2008430807623,66.94980552059022,32.618192860916004,32.617018652530575,1014.6155379803947,54.923311116068255,,26.768641338344462,69.5629509375851,39.47135241739379,23.95125780023,83.89318735705154,0.246072710708626,8.347554112510212,Water Tank + DSM
2024-03-12 05:00:00,159.5510087940404,88.7,-2.45,228.79688690840834,69.24587811436794,31.84960090799867,31.849032833344523,961.4293351478562,54.92228131030885,,27.68787731403359,71.95309135248101,40.82756392613297,24.77420835773704,86.7714241797257,0.247225598638002,8.634370962297723,Water Tank + DSM
2024-03-12 06:00:00,162.81566677324793,90.0,-3.15,233.47309100680607,70.65742423355815,31.376447655887794,31.376172824932198,951.4051057174345,54.92178309673973,,28.253768603558207,73.42536179180962,41.662958408126585,25.281126600404132,88.54156981034924,0.2479353285161683,8.811043415017155,Water Tank + DSM
2024-03-12 07:00:00,144.39819828520916,85.9,-2.85,89.69475570493815,-54.703442580271016,34.039419475327534,30.66303308734628,413.17159187288576,48.80106969589121,,10.854419503813949,65.11959298083366,20.529143466266444,0.0,0.0,0.2439408707870087,7.814351157700039,Water Tank + DSM
2024-03-12 08:00:00,108.97811541177113,85.6,-3.25,90.90263720817529,-18.075478203595836,33.04103487668991,31.158661022509506,413.17159187288576,45.388702285661935,,11.000591400308801,49.14611542047033,27.886448397622257,10.816520375743679,0.0,0.24543844768496514,5.897533850456439,Water Tank + DSM
2024-03-12 09:00:00,111.56382331885987,82.1,-2.15,91.39780944082582,-20.16601387803405,29.254731410638545,27.282680812502274,413.17159187288576,41.813768869827065,,11.060514715753353,50.31219815887379,28.548106106143848,9.411500952856697,0.0,0.2511179028840422,6.037463779064855,Water Tank + DSM
2024-03-12 10:00:00,102.65598524865136,84.8,-0.9,277.0418810293106,174.38589578065927,26.968018456497674,30.700475390584177,1144.400740466513,48.5799669731823,,33.52624992602879,46.29500960417027,27.441602167969698,18.542566438144295,181.88629509247008,0.2545479723152535,5.5554011525004325,Water Tank + DSM
2024-03-12 11:00:00,115.80968694147558,81.2,0.1,228.97109363869174,113.16140669721617,31.831974115147304,33.63771337599383,1107.9895729299612,51.853411189058924,,27.70895895828383,52.226965200570206,30.80750753446164,20.585001323869175,122.10664679499246,0.24725203882727903,6.2672358240684245,Water Tank + DSM
2024-03-12 12:00:00,100.06502184083341,82.1,1.15,174.11630305909046,74.05128121825705,37.3823568637303,38.25596219548496,930.1678134996104,53.43708297501247,,21.070701190978564,45.12655678031933,26.77859962751249,18.140255805339617,81.2670815864411,0.23892646470440454,5.311660121309498,Water Tank + DSM
2024-03-12 13:00:00,95.14439844496026,79.4,1.95,151.43195052957486,56.2875520846146,39.67763203682373,40.100276818503,910.7164102425601,54.203253454857844,,18.32555208395882,42.9074917465692,25.519459570862843,17.37620830616849,62.96285689187135,0.2354835519447644,4.459556162466122,Water Tank + DSM
2024-03-12 14:00:00,81.57555190534175,78.0,2.65,124.46650598510122,42.89095407975947,42.40608176065104,42.610554655890766,835.36730900062,54.57392192883907,,15.062326214261356,36.78831730829743,22.047322643071414,15.26931199828865,48.07581738569782,0.23139087735902344,3.2213141697631134,Water Tank + DSM
2024-03-12 15:00:00,71.52835334138268,77.7,3.2,106.44316378530725,34.914810443924566,44.229741035630475,44.32866374022791,759.7303531778033,54.75324901232483,,12.881229721385953,32.257308688713785,19.476341458125674,13.7092379347245,38.99606028736352,0.22865538844655428,2.471605112690893,Water Tank + DSM
2024-03-12 16:00:00,71.68692086684896,76.1,3.45,104.89749597458419,33.210575107735224,44.38613663683559,44.43399482103844,790.1631033833637,54.84000633086912,,12.694180582344638,32.32881825629126,19.516917358156114,13.733859433167938,37.309242468575256,0.22842079504474663,2.4467477770645982,Water Tank + DSM
2024-03-12 17:00:00,72.65797486590202,77.5,3.35,57.36445778931272,-15.293517076589296,44.33246351410664,42.97408699145653,413.17159187288576,52.37754130755947,,6.94196538649748,32.76673674787692,18.59247482045241,3.9693789523191025,0.0,0.22850130472884003,2.4904429996643613,Water Tank + DSM
2024-03-12 18:00:00,85.97647616311833,78.7,2.2,67.03004085787656,-18.946435305241778,39.94392330230061,38.317890450280515,413.17159187288576,49.429868877944614,,8.111646852828484,38.77301240705368,22.000550815849657,3.847427643989615,0.0,0.23508411504654908,3.967892840493345,Water Tank + DSM
2024-03-12 19:00:00,95.59482768444664,79.5,2.55,75.91751360479245,-19.677314079654195,35.60527843471792,33.841563377253614,413.17159187288576,46.232606139909876,,9.18716522361354,43.11062287348315,24.46179417976951,5.666541567099927,0.0,0.24159208234792312,5.173274744817978,Water Tank + DSM
2024-03-12 20:00:00,100.61693888981499,80.7,1.8,84.77886701669232,-15.838071873122672,31.681735496631596,29.968580940976544,413.17159187288576,43.12699948190174,,10.259522760555008,45.375456101887565,25.74690398779338,10.837233021606924,0.0,0.2474773967550526,5.445054732226509,Water Tank + DSM
2024-03-12 21:00:00,120.00440944915802,82.2,-0.8,288.8584481395055,168.85403869034752,25.772380490462147,29.130886707960947,1222.9089416418121,49.215299708869765,,34.95623293340727,54.118669014133665,33.44479774086655,34.96594310972904,162.96652989570526,0.2563414292643068,6.494240281696039,Water Tank + DSM
2024-03-12 22:00:00,128.69439112812537,86.4,-1.15,241.10757813725994,112.41318700913456,30.603965886922524,32.22879013589113,1032.3056529642647,52.160781182816834,,29.177656799240673,58.03761036288607,35.66848021831773,36.315275955487245,107.48021103363885,0.24909405116961622,6.964513243546328,Water Tank + DSM
2024-03-12 23:00:00,157.74953499102674,85.7,-2.25,253.524384176947,95.77484918592026,29.347593830681205,30.13367361409234,1074.7514702897688,53.58578665067073,,30.680277778505285,71.14067650097311,43.10341123136373,40.82679984596132,94.03337457449425,0.2509786092539782,8.536881180116774,Water Tank + DSM
2024-03-13 00:00:00,156.77232973715124,89.9,-3.2,238.04428844407576,81.27195870692452,30.91391931281863,31.29421978302638,964.0709598473271,54.27519536071513,,28.806952501868917,79.36973136020889,45.03590770040202,18.14893163136055,81.27195870692452,0.24862912103077206,9.524367763225065,Water Tank + DSM
2024-03-13 01:00:00,162.3872366300036,88.0,-3.4,239.25594754380668,76.86871091380308,30.791319778789763,30.975306761653812,999.0830467846869,54.60872697179088,,28.95358154456744,82.21241190495472,46.64889915748392,18.79894787775868,76.86871091380308,0.24881302033181535,9.865489428594564,Water Tank + DSM
2024-03-13 02:00:00,140.0084810380436,87.8,-3.5,203.97470042070154,63.966219382657926,34.36118894265815,34.45020069130237,911.8434710870091,54.770087473864635,,24.68401802458086,70.88263309457628,40.22016538170122,16.208245131206574,63.96621938265792,0.24345821658601277,8.505915971349154,Water Tank + DSM
2024-03-13 03:00:00,137.20624729538673,84.0,-1.4,198.37485954237758,61.16861224699085,34.9277987114213,34.97086203727929,965.7214286615161,54.848152672978806,,24.006352741140127,69.46393542174019,39.415169114816365,15.883841273103297,61.16861224699085,0.24260830193286803,8.335672250608823,Water Tank + DSM
2024-03-13 04:00:00,130.71303405853945,85.8,-1.3,188.32288319283774,57.60984913429829,35.94488975361002,35.965723520637354,902.3898246515691,54.88592012681297,,22.789911854682426,66.17659134043964,37.54986703948218,15.132146868223499,57.60984913429829,0.24108266536958498,7.941190960852757,Water Tank + DSM
2024-03-13 05:00:00,142.08849189765533,84.9,-1.35,204.2080470663905,62.11955516873516,34.33757818445477,34.34765743030729,964.8188072073212,54.90419178416227,,24.712256491392093,71.93568820596292,40.817689047046784,16.449040014760786,62.11955516873516,0.24349363272331784,8.632282584715549,Water Tank + DSM
2024-03-13 06:00:00,150.63743604655062,86.2,-1.3,216.24608230194374,65.60864625539313,33.11953136680644,33.12440764274935,973.2272839858489,54.913031497417926,,26.169040485299497,76.26379509605562,43.27353989949669,17.438718506741843,65.60864625539313,0.24532070294979033,9.151655411526674,Water Tank + DSM
2024-03-13 07:00:00,144.06981252250912,87.5,-1.3,92.39501428351691,-51.67479823899221,34.07815787924838,30.79288410536056,413.17159187288576,48.957487047627026,,11.181191555873315,72.93877903198272,6.390473687847674,0.0,0.0,0.24388276318112742,8.752653483837927,Water Tank + DSM
2024-03-13 08:00:00,140.56792310927202,83.5,-1.35,94.90130852444574,-45.66661458482628,28.629044458082586,25.563720411669227,413.17159187288576,43.40066747401086,,11.484490994923314,71.16586398729468,10.987271032299585,0.0,0.0,0.25205643331287614,8.53990367847536,Water Tank + DSM
2024-03-13 09:00:00,127.5286713930668,85.1,-0.8,103.94513064315196,-23.583540749914846,25.0,25.0,413.17159187288576,39.3146893725658,,12.57893,64.56443178565215,27.81506145032118,0.0,0.0,0.2575,7.747731814278257,Water Tank + DSM
2024-03-13 10:00:00,129.34079886369295,83.6,0.25,296.4919343279828,167.15113546428984,25.0,25.053959934719266,1208.6931015296511,47.37092798254603,,35.879999999999995,65.48186454164423,42.3849534920875,18.381497382495144,158.51363878045174,0.2575,7.857823744997307,Water Tank + DSM
2024-03-13 11:00:00,107.85511091663813,81.3,1.8,229.55099193417547,121.69588101753735,31.77329815519601,33.9233189099202,1107.236877737628,51.26848570650396,,27.77913540638558,54.604222528502014,36.212770805987525,15.894181653644058,113.05838433369925,0.247340052767206,6.552506703420241,Water Tank + DSM
2024-03-13 12:00:00,85.70208673991851,76.7,4.05,159.36887253395966,73.66678579404115,38.87454894226593,39.914715501988226,1006.5147893635365,53.15409969424821,,19.286039465049946,43.38872563137465,29.848882779444455,13.329610967699313,65.02928911020305,0.2366881765866011,4.7186413373335965,Water Tank + DSM
2024-03-13 13:00:00,65.44402805547864,74.5,5.75,111.77931038622411,46.33528233074547,43.68981269528507,44.19303875465552,866.6981377393679,54.066347918032356,,13.526984016439055,33.13260021460532,24.029360529367445,10.984413172498964,37.69778564690738,0.2294652809570724,2.646006688491809,Water Tank + DSM
2024-03-13 14:00:00,58.81119232253222,73.1,6.55,93.283493364532,34.472301041999785,45.561278480377744,45.80473609249047,809.2110475329793,54.50768788857047,,11.28871093746822,29.774568914292274,22.12394917034932,10.216555206484683,25.834804358161684,0.22665808227943338,2.043498013064345,Water Tank + DSM
2024-03-13 15:00:00,54.561997980628846,73.4,6.3,82.8485226855238,28.28652470489496,46.617122110929756,46.734905377102,738.9725451245649,54.72120539895446,,10.025921955328013,27.623312924286605,20.903285265539843,9.724642266689326,19.649028021056857,0.22507431683360538,1.720856909906662,Water Tank + DSM
2024-03-13 16:00:00,60.92851421210574,73.4,6.0,89.8376860765508,28.909171864445057,45.90993625710189,45.96691906273203,780.6989342986029,54.82450383164567,,10.87171623650614,30.846513624562892,22.732191156360173,10.461669444946793,20.271675180606962,0.22613509561434716,2.052538814055465,Water Tank + DSM
2024-03-13 17:00:00,63.110617045827055,75.3,5.55,51.19830970866935,-11.912307337157706,45.69766659147736,44.55428893010361,413.17159187288576,52.75178875403709,,6.195768382403789,31.951255233003558,13.52352183534202,0.0,0.0,0.22645350011278398,2.16674243678526,Water Tank + DSM
2024-03-13 18:00:00,77.32650637395096,75.2,4.75,58.16586318413638,-19.160643189814586,41.56909919938706,40.043382072589594,413.17159187288576,49.98596867576198,,7.038947537568289,39.148388291569525,12.004696315673252,0.0,0.0,0.23264635120091942,3.624569377386518,Water Tank + DSM
2024-03-13 19:00:00,79.97806796301091,77.5,4.6,67.59059008208048,-12.387477880930433,38.419819535570916,37.05795107756277,413.17159187288576,47.517173471873235,,8.179481771205008,40.49080459272158,19.846535498728475,0.0,0.0,0.23737027069664363,4.513958738896205,Water Tank + DSM
2024-03-13 20:00:00,85.92159851872066,76.3,5.0,71.27161033151351,-14.649988187207143,35.09149168007554,33.59293237990665,413.17159187288576,44.80058510297095,,8.624940791360189,43.49985870532424,19.979479950670797,0.0,0.0,0.2423627624798867,5.219983044638909,Water Tank + DSM
2024-03-13 21:00:00,77.61092258523249,75.6,5.65,211.72722005627205,134.11629747103956,33.57676426819184,36.45870640279814,1203.6160820129226,50.0249699383516,,25.62218993524257,39.29238078260255,42.04591542309686,28.758351751714507,94.59199967704735,0.24463485359771225,4.715085693912306,Water Tank + DSM
2024-03-13 22:00:00,79.22975041394862,75.0,5.55,162.40800451096942,83.1782540970208,38.5670398711779,39.961305405073524,1064.9120657467229,52.552494562912884,,19.653820314071236,40.111950984174804,42.510955272916895,28.945757243714084,43.65395630302861,0.23714944019323314,4.4362919590833645,Water Tank + DSM
2024-03-13 23:00:00,73.85206450687757,77.2,4.35,153.10472807596662,79.25266356908905,41.87226666852803,43.218331674303165,1035.317619280379,54.99264126786009,,18.527983419909233,37.389369221822754,40.96611016818021,28.323203161459922,39.72836577509683,0.23219159999720795,3.393698442118082,Water Tank + DSM
2024-03-14 00:00:00,83.06026069706274,73.8,6.45,118.78696175930658,35.72670106224383,42.980756168439,42.96044589488596,920.7623900991537,54.95582280302042,,14.375015622546961,62.24505435758474,35.319037557686336,3.3261013717309575,35.72670106224383,0.2305288657473415,5.235771566086493,Water Tank + DSM
2024-03-14 01:00:00,80.43353794884119,76.9,5.5,115.39658623295514,34.96304828411395,43.32380518264263,43.31397919965048,821.0361156081506,54.9380102605962,,13.964729001559414,60.276597975757646,34.202097656228176,3.220915738280067,34.96304828411395,0.23001429222603606,4.9461269810639426,Water Tank + DSM
2024-03-14 02:00:00,94.95941539320684,77.3,3.6,136.3338015674278,41.37438617422096,41.205310925934285,41.20055717697515,902.3208978279806,54.92939266426248,,16.498448132582595,71.16223719152919,40.37881810846776,3.8025963216039393,41.37438617422096,0.23319203361109858,6.743912461530714,Water Tank + DSM
2024-03-14 03:00:00,83.34847416537868,80.2,2.55,119.82398212629457,36.47550796091589,42.87582713864885,42.87352730471016,766.9275381820445,54.92522352519171,,14.500510742175978,62.46104047238087,35.44159222133238,3.3376427177882886,36.47550796091589,0.2306862592920267,5.293263196390546,Water Tank + DSM
2024-03-14 04:00:00,95.64774684880783,76.9,2.8,137.4439743920791,41.79622754327127,41.09298009705347,41.09186745181472,916.9767056982653,54.92320652185128,,16.632795803924054,71.67807025670801,40.671511682127196,3.830160167171799,41.79622754327127,0.2333605298544198,6.841106941069525,Water Tank + DSM
2024-03-14 05:00:00,90.10764834909267,80.6,2.65,129.54569895135054,39.438050602257874,41.89215280898209,41.891614518192256,799.5115768074069,54.92223070828252,,15.676985240457421,67.52634078503134,38.3157407593947,3.608310042156735,39.438050602257874,0.23216177078652686,6.121065827693124,Water Tank + DSM
2024-03-14 06:00:00,97.96184662055327,79.9,1.55,140.78098964882562,42.81914302827235,40.755330245197285,40.75506982348845,859.1562551590399,54.92175861579666,,17.036625026744048,73.41224812795883,41.655517463768106,3.922826989555093,42.81914302827235,0.23386700463220408,7.15534636077795,Water Tank + DSM
2024-03-14 07:00:00,84.11817826794638,80.0,1.05,64.41332533290101,-19.704852935045366,42.75688116841678,41.13024951143683,413.17159187288576,51.973000672522744,,7.794984771450368,63.037853900384924,19.43249937246111,0.0,0.0,0.23086467824737483,5.387133863946984,Water Tank + DSM
2024-03-14 08:00:00,72.35885297102631,78.6,1.8,64.15072179294627,-8.208131178080038,41.508715820541674,40.35963787118314,413.17159187288576,49.88995211259073,,7.763205778760627,54.22545870474601,25.458003533889105,0.0,0.0,0.2327369262691875,5.040131943340216,Water Tank + DSM
2024-03-14 09:00:00,65.56553991658542,75.5,4.0,60.692727294705975,-4.872812621879447,40.40809249223702,39.44011752938573,413.17159187288576,48.135207055005054,,7.344736241374793,49.134574847735486,25.632622562100188,0.0,0.0,0.2343878612616445,4.891417927841307,Water Tank + DSM
2024-03-14 10:00:00,75.36046652923622,74.9,5.35,175.5544622961736,100.19399576693738,37.23683932305829,39.169226781550115,1113.5145236540468,51.638239129451456,,21.244740169622286,56.47485688292735,33.75164735135072,3.652879573917305,97.85215314300847,0.23914474101541255,6.696730024707484,Water Tank + DSM
2024-03-14 11:00:00,68.27725207925069,75.6,7.35,130.81005571195917,62.53280363270848,41.76422115747113,42.69909809311626,923.5613054953469,53.33298408178156,,15.829991495664531,51.166721984653776,30.739709812403984,3.3692362395400197,60.19096100877956,0.2323536682637933,4.677389161532069,Water Tank + DSM
2024-03-14 12:00:00,46.31807506220672,69.0,9.55,82.67553385273767,36.357458790530956,46.63462567302613,47.08691327247232,883.083179448468,54.15289106305072,,10.00498769506075,34.7105953652238,21.402187978352174,2.4898933602194435,34.01561616660203,0.2250480614904608,2.158729884436014,Water Tank + DSM
2024-03-14 13:00:00,32.729052937065276,64.8,10.65,55.150171957486045,22.421119020420768,49.419729621061634,49.63854352566571,856.6110584689112,54.549556919473325,,6.674003373210285,24.527032085416252,15.623838876360093,1.9457286206484574,20.079276396491846,0.22087040556840756,1.11552920880211,Water Tank + DSM
2024-03-14 14:00:00,36.54149035745067,71.2,9.2,56.678840306984426,20.137349949533757,49.26505407958731,49.3709148745919,617.2842038946102,54.74146137357119,,6.85899532081358,27.38405868845424,17.244970562040937,2.098395530518038,17.795507325604845,0.22110241888061904,1.2708852782196047,Water Tank + DSM
2024-03-14 15:00:00,67.89706550196892,73.2,5.8,99.5973268838212,31.700261381852272,44.92242465790194,44.973639446739384,841.4073283847061,54.834303545152885,,12.052780109149277,50.88181155973665,30.57804617338753,3.3540118821205005,29.358418757923346,0.22761636301314708,3.687173475930931,Water Tank + DSM
2024-03-14 16:00:00,66.08696782606107,76.1,6.15,96.09267182532054,30.005703999259467,45.27703683982631,45.30181423353047,744.7605393113585,54.87922000560988,,11.628663939567742,49.52533100834095,29.808353094387456,3.2815275398817687,27.66386137533055,0.22708444474026054,3.4835017854371326,Water Tank + DSM
2024-03-14 17:00:00,70.59739704453705,73.1,6.8,49.171285967983735,-21.426111076553312,44.669670763884746,43.160417512694075,413.17159187288576,52.14324564179895,,5.950467909118922,52.90543010174537,11.420477580227136,0.0,0.0,0.2279954938541729,3.9140482291968173,Water Tank + DSM
2024-03-14 18:00:00,71.5071961580703,73.0,7.05,53.95785777476795,-17.54933838330235,41.802124426622214,40.394936696589895,413.17159187288576,49.5922956594813,,6.529715357507971,53.587230216518684,15.720549127169226,0.0,0.0,0.2322968133600667,4.886472342915607,Water Tank + DSM
2024-03-14 19:00:00,80.91444115387007,75.2,7.25,64.52773359236717,-16.386707561502902,37.89073149549443,36.40262368516965,413.17159187288576,46.89465375185353,,7.808829897993017,60.63698507166304,21.260053880675507,0.0,0.0,0.23816390275675836,6.952370574228629,Water Tank + DSM
2024-03-14 20:00:00,74.37091330285375,75.1,6.6,67.38378559025755,-6.987127712596205,36.13939175489139,35.00403249973333,413.17159187288576,44.836474441404945,,8.154455305701232,55.73328932885298,27.61515083524933,0.0,0.0,0.24079091236766292,6.687994719462357,Water Tank + DSM
2024-03-14 21:00:00,57.82316011779761,72.4,6.2,183.09077877489202,125.2676186570944,36.474290773891184,39.34601319255285,1217.480173297315,50.04233297524675,,22.156748234426146,43.332463857616055,45.38353275068366,7.767028514056507,99.020224289942,0.24028856383916322,5.199895662913926,Water Tank + DSM
2024-03-14 22:00:00,39.53262307841638,73.3,5.75,105.49911447235773,65.96649139394135,44.32526295750898,45.714584256911905,869.821397506691,52.56089469129019,,12.766985502819256,29.625602565691853,37.605996787965424,7.034594256978226,39.719097026788944,0.22851210556373652,2.2529803334729492,Water Tank + DSM
2024-03-14 23:00:00,74.80526658394443,72.5,5.5,154.3840772350152,79.57881065107078,41.74281803830323,43.08649105443294,1199.1036925355618,54.99670519729717,,18.682803981658093,56.05879208269686,52.60469544693408,8.447067405554108,53.33141628391843,0.23238577294254517,5.131795148151795,Water Tank + DSM
2024-03-15 00:00:00,77.98252543482137,80.3,5.3,111.48942271414766,33.506897279326296,43.719144454956734,43.69767695181187,728.0824860494013,54.95778890659976,,13.491903231871751,53.724254543559084,30.4841723341101,9.931264215443775,33.506897279326296,0.2294212833175649,4.281024383148856,Water Tank + DSM
2024-03-15 01:00:00,105.56276352998384,74.4,5.25,151.29320887488208,45.73044534489824,39.69167036016031,39.681284516747894,1041.3254836749832,54.938961449179686,,18.30876224924827,72.72502072206554,41.26557145424295,13.443674593546243,45.73044534489824,0.23546249445975953,7.552491790330096,Water Tank + DSM
2024-03-15 02:00:00,78.14028492197517,78.8,4.6,112.28558632568313,34.14530140370796,43.63858608024006,43.633561474320146,762.8839119522816,54.92985284333485,,13.588251048032888,53.83293928795859,30.54584214240268,9.951355269698317,34.14530140370796,0.2295421208796399,4.31570510606233,Water Tank + DSM
2024-03-15 03:00:00,77.3020163470641,74.7,5.45,111.17750829753915,33.87549195047505,43.75070495092592,43.748274078088016,858.1573986933669,54.92544615694143,,13.4541568786926,53.25543357057798,30.2181543231461,9.844599728575153,33.87549195047505,0.22937394257361113,4.233581714057714,Water Tank + DSM
2024-03-15 04:00:00,68.32591496875042,74.6,4.8,98.39192835222805,30.066013383477625,45.0443907276696,45.043214686633036,795.280496158349,54.92331422969581,,11.906908689707159,47.07155644466504,26.709303849540195,8.701471394174778,30.066013383477625,0.2274334139084956,3.376614820157166,Water Tank + DSM
2024-03-15 05:00:00,72.76563238933389,77.3,4.2,104.75848355014972,31.99285116081583,44.40020235751864,44.39963339623935,760.6708124671569,54.92228281666233,,12.677357980407711,50.1301969218096,28.444835113873726,9.26688020210798,31.99285116081583,0.22839969646372205,3.7897820219552583,Water Tank + DSM
2024-03-15 06:00:00,90.42498336330218,76.6,4.3,130.00838042355807,39.58339706025589,41.845337221240435,41.8450619613411,893.6326855231625,54.92178382550409,,15.732976683396448,62.296197721469305,35.34805728316506,11.515841484367526,39.58339706025589,0.23223199416813936,5.664467213206783,Water Tank + DSM
2024-03-15 07:00:00,98.10608014601392,78.7,4.2,65.66353162705302,-32.442548518960905,40.73402481320679,38.56867403341987,413.17159187288576,50.996435831400916,,7.94627860659582,67.58791142818974,18.402176439076804,0.0,0.0,0.23389896278018982,6.59629974130867,Water Tank + DSM
2024-03-15 08:00:00,96.66139249700619,79.2,3.85,72.95598699375255,-23.705405503253644,37.01760250629504,35.12388121266919,413.17159187288576,47.563497782418246,,8.828775795432449,66.59262733654924,26.390591689341317,0.0,0.0,0.23947359624055745,7.984082097534539,Water Tank + DSM
2024-03-15 09:00:00,77.41758123121886,76.6,3.95,69.58333106435666,-7.834250166862205,36.36763729967617,35.169883284387275,413.17159187288576,45.3922092479084,,8.420633513177778,53.335049320619525,30.26332982656436,2.0250670306865235,0.0,0.24044854405048574,6.400205918474343,Water Tank + DSM
2024-03-15 10:00:00,59.68574717523976,74.9,4.15,180.26052641466313,120.57477923942338,36.76066473883331,39.47413815902212,1129.089299681273,50.31119398997344,,21.814244972355358,41.11911298057641,25.570619190938,9.932436543715767,116.00462179734647,0.23985900289175002,4.93429355766917,Water Tank + DSM
2024-03-15 11:00:00,44.83110825520066,75.5,4.0,110.41482646185027,65.5837182066496,43.82787553272446,45.14063695894512,832.8196713558682,52.690967964358485,,13.361860862861542,30.88535358328858,19.76378784924296,8.040662160707026,61.013560764572695,0.2292581867009133,2.4409543296893497,Water Tank + DSM
2024-03-15 12:00:00,54.07176030285577,73.5,4.05,100.10260852424011,46.03084822138434,44.87129864920655,45.50640439571979,835.3039259316384,53.842287691116354,,12.113926815548972,37.2514867649027,23.376053904100445,9.217481666058234,41.46069077930743,0.22769305202619017,2.7108729470672377,Water Tank + DSM
2024-03-15 13:00:00,62.776410283370986,76.4,4.5,101.1651998633143,38.388789579943314,44.76378226686556,45.07104244468432,763.9190917615399,54.399288955727755,,12.242516408828788,43.248353738089584,26.77879123063035,10.326040004960817,33.818632137866395,0.22785432659970167,3.1751776376332974,Water Tank + DSM
2024-03-15 14:00:00,71.9087258269608,76.7,4.65,108.71272172989549,36.80399590293469,44.0000999207989,44.14875046819432,794.2088447030309,54.66876267494593,,13.155880494724514,49.53985099468961,30.3487074302916,11.489062593117428,32.23383846085777,0.22899985011880164,3.8640786772168556,Water Tank + DSM
2024-03-15 15:00:00,63.83582150644608,75.1,4.35,94.51126235728017,30.675440850834093,45.43704889596787,45.50896509870472,761.1495309029629,54.79913237060532,,11.437289520422429,43.97821056046655,27.192925988601274,10.460958599998612,26.10528340875718,0.2268444266560482,3.051107390121025,Water Tank + DSM
2024-03-15 16:00:00,65.3319734548933,75.0,4.3,95.36119185807175,30.029218403178447,45.35105031701313,45.38584292495644,768.3571435649374,54.86220441189983,,11.540143820852293,45.008949789108264,27.777787194110704,10.651497188273746,25.459060961101535,0.2269734245244803,3.1458419482644273,Water Tank + DSM
2024-03-15 17:00:00,71.53349162173592,77.5,4.0,57.04481021272997,-14.488681409005949,44.51728043851434,43.19589727261102,413.17159187288576,52.46680094741782,,6.903283204218949,49.28134208076888,22.58446126861467,0.0,0.0,0.2282240793422285,3.6909910368472807,Water Tank + DSM
2024-03-15 18:00:00,82.52148823766593,77.0,3.6,63.0712915276671,-19.450196709998835,40.532831241262954,38.934886843244556,413.17159187288576,49.570047268520916,,7.6325784212036645,56.8512678279337,23.317615094604633,0.0,0.0,0.23420075313810557,5.6170765288244535,Water Tank + DSM
2024-03-15 19:00:00,81.91081959310641,77.9,3.5,69.48517463734042,-12.42564495576599,37.7243903310801,36.33786009189599,413.17159187288576,47.056545186571675,,8.408755103704937,56.43056181053872,30.025680049783688,0.0,0.0,0.23841341450337986,6.526400897146812,Water Tank + DSM
2024-03-15 20:00:00,92.21947780160562,78.3,3.0,77.10257866670385,-15.116899134901772,33.72008606658876,32.130712797621165,413.17159187288576,44.17532925081595,,9.330575986262971,63.5324730978162,32.67701921978047,0.0,0.0,0.24441987090011685,7.623896771737945,Water Tank + DSM
2024-03-15 21:00:00,92.76907769897439,80.0,2.5,239.57152236638032,146.80244466740595,30.759388911264942,33.819376601475994,1162.2847367018715,49.722475077660945,,28.991770862127144,63.91110721640515,48.0504381150804,31.18582548440262,115.6449365660023,0.24886091663310259,7.6693328659686175,Water Tank + DSM
2024-03-15 22:00:00,95.11122570322804,79.2,2.05,188.09624760426672,92.98502190103868,35.96782146563969,37.4482243229264,1039.3786385759956,52.40614944606373,,22.762485527094935,65.52467583139419,48.96600789171368,31.484103727281017,61.82751379963504,0.24104826780154048,7.862961099767302,Water Tank + DSM
2024-03-15 23:00:00,79.24752086871548,79.9,1.65,163.7705814802835,84.52306061156803,40.945649477723904,42.37673394542061,1004.3398599255567,55.00041943552856,,19.81871269729846,54.59574384591272,42.76472229168612,29.46382234669097,53.36555251016448,0.23358152578341415,5.258995252360085,Water Tank + DSM
2024-03-16 00:00:00,84.9713834058717,77.7,1.5,121.4415699801339,36.4701865742622,42.71215443798948,42.68962928203376,829.1840666367387,54.9595858317665,,14.696263292164579,42.825197720476226,24.29983847416361,14.745167321456309,42.39858677693706,0.23093176834301576,3.6712788671563747,Water Tank + DSM
2024-03-16 01:00:00,90.99044532139906,80.8,1.55,130.4479012563604,39.457455934961345,41.800865100897745,41.78996757168731,799.0664542711731,54.939830790307965,,15.786165339326299,45.85877804237122,26.02115012581312,15.789661026339584,45.805802317745815,0.23229870234865338,4.182082522643931,Water Tank + DSM
2024-03-16 02:00:00,107.00596274957726,81.4,1.25,153.533388789486,46.52742603990873,39.46500180814576,39.45972965184524,874.6352633398934,54.93027342512166,,18.579857837457677,53.93052729448554,30.601215448816788,18.56884943957505,53.99316504314327,0.23580249728778135,5.674030191567299,Water Tank + DSM
2024-03-16 03:00:00,125.3790579097119,81.3,1.0,179.88767014643312,54.50861223672122,36.798391525810686,36.79584088965083,965.6649412108443,54.925649631772664,,21.76912373513042,63.19048519362361,35.8554931452166,21.75715062393006,63.25623058221417,0.23980241271128397,7.582858223234832,Water Tank + DSM
2024-03-16 04:00:00,126.93187823421722,84.9,1.0,182.15274252342493,55.22086428920771,36.56920427502165,36.56797029324091,900.3524381084244,54.9234126695433,,22.043231687074112,63.97309970165949,36.299563625799955,22.02661305454181,64.07682193621048,0.24014619358746753,7.676771964199139,Water Tank + DSM
2024-03-16 05:00:00,127.90288197947264,82.0,0.9,183.56266184563628,55.659779866163646,36.42654413904793,36.425947146399935,962.2172982278298,54.922330441243304,,22.21385320969868,64.46248125237827,36.57724810287631,22.19511228474926,64.58348383633353,0.24036018379142812,7.735497750285392,Water Tank + DSM
2024-03-16 06:00:00,117.28404549357386,81.8,0.7,168.39633984690292,51.11229435332906,37.9611209935356,37.96083217223587,917.6434802531317,54.92180686597773,,20.378499291731423,59.110635091443605,33.54050795521544,20.352415197003097,59.295128752452,0.2380583185096966,6.75240137700758,Water Tank + DSM
2024-03-16 07:00:00,135.8470576081358,83.3,0.4,83.05911320276634,-52.78794440536946,35.27607937380445,32.060259358313274,413.17159187288576,49.09216819263198,,10.05140658706273,68.46631028736817,19.112790060750235,0.0,0.0,0.24208588093929334,8.215957234484181,Water Tank + DSM
2024-03-16 08:00:00,139.7777023999107,86.3,0.25,99.3134245804878,-40.464277819422904,28.87800456494453,25.971874359130947,413.17159187288576,43.82393522064411,,12.01842364455711,70.44733770659563,33.51685685874465,0.0,0.0,0.2516829931525832,8.453680524791475,Water Tank + DSM
2024-03-16 09:00:00,114.81126383784033,82.7,0.55,95.95410083347393,-18.8571630043664,27.22033082829446,25.24689576995274,413.17159187288576,40.24649205528458,,11.61189475763797,57.86436418138287,32.83334994027311,9.076457943582211,0.0,0.2541695037575583,6.9437237017659434,Water Tank + DSM
2024-03-16 10:00:00,97.53138317102645,77.8,0.95,285.2070192756681,187.67563610464163,26.141843714355275,30.320592626789352,1318.9310241875303,47.82172827770313,,34.5143549176311,49.1553815041466,29.762607650670713,21.115879757300604,188.41827474065002,0.25578723442846707,5.898645780497591,Water Tank + DSM
2024-03-16 11:00:00,84.75958354979035,82.0,1.3,192.08632170220642,107.32673815241607,35.564093036367225,37.585745557925094,988.1964373507772,51.48658006261889,,23.2453447285048,42.71845153899384,26.11017014311596,18.8995768696366,107.17829632782522,0.24165386044544918,5.12621418467926,Water Tank + DSM
2024-03-16 12:00:00,84.27304783126584,79.2,1.7,155.17097194221057,70.89792411094473,39.299305919341606,40.277368732773596,929.0322839570988,53.259612376205574,,18.77803012046744,42.47323970992002,25.971032248707626,18.815147850242607,70.71553699398957,0.2360510411209876,4.510834936318599,Water Tank + DSM
2024-03-16 13:00:00,92.65029013759919,76.7,2.15,149.62118887225432,56.97089873465514,39.86085067932321,40.33403133565152,970.2514137844191,54.11739429196037,,18.106422587529444,46.69533241620722,28.36672862016112,20.268858906225397,57.37298656674842,0.2352087239810152,4.801909649160091,Water Tank + DSM
2024-03-16 14:00:00,110.89055342379852,82.8,2.3,167.2136496644273,56.32309624062877,38.08078936007882,38.30971119459538,893.2610000804052,54.53238380419749,,20.235375925345735,55.88834364416201,33.58301949145027,23.434109645497696,57.99779581832859,0.23787881595988178,6.344180074321208,Water Tank + DSM
2024-03-16 15:00:00,118.54795689237012,82.1,2.55,174.05665840785667,55.50870151548655,37.388391899863976,37.499142847979805,929.9746867752256,54.733153128082414,,21.063483287762686,59.74764079130459,35.77285870507114,24.76290636347823,57.71765333735904,0.23891741215020404,7.030483896640599,Water Tank + DSM
2024-03-16 16:00:00,95.74877729533661,77.9,2.6,139.48661671129312,43.737839415956515,40.8862990292689,40.939879643518566,900.2659083929218,54.83028406808118,,16.8799863609944,48.25695610462762,29.25282384927665,20.80654241510733,44.35610675646354,0.23367055145609666,4.665588962565997,Water Tank + DSM
2024-03-16 17:00:00,85.21508059468565,78.1,2.45,61.55977160805604,-23.655308986629606,42.50677643337098,40.753121508741955,413.17159187288576,51.651258339317216,,7.449661692495453,42.94802001518962,21.447080349041485,0.0,0.0,0.23123983534994352,3.734731534945206,Water Tank + DSM
2024-03-16 18:00:00,87.53311214703751,80.3,2.2,71.44277667576988,-16.090335471267636,38.99252506926697,37.429874217852344,413.17159187288576,48.818484803341875,,8.645654503002424,44.11629756432167,25.032433285849944,5.206501558269034,0.0,0.23651121239609954,4.766538734557686,Water Tank + DSM
2024-03-16 19:00:00,96.92735864178177,79.1,1.75,76.61640201219382,-20.31095662958795,34.801188382351526,33.00323377182359,413.17159187288576,45.559152601924175,,9.271741271573825,48.8509558392217,27.71896919074835,3.271503882383481,0.0,0.2427982174264727,5.862114700706604,Water Tank + DSM
2024-03-16 20:00:00,93.91548217197025,80.9,1.35,84.61337157990062,-9.302110592069639,31.977423247367383,30.535280061663116,413.17159187288576,42.94483536794191,,10.239495314326009,47.33298355067809,26.857642603055105,13.547559313497622,0.0,0.24703386512894893,5.67995802608137,Water Tank + DSM
2024-03-16 21:00:00,104.32246875990333,81.1,0.45,268.24530662783,163.9228378679267,27.85808392368334,31.268462523934637,1203.5918312028073,49.127169852771324,,32.46173162727473,52.578058309244156,35.17338539167471,41.572142376682166,142.39280211849047,0.253212874114475,6.309366997109299,Water Tank + DSM
2024-03-16 22:00:00,101.04568988338373,83.1,-0.6,202.4615459858678,101.41585610248406,34.514294736742904,36.164214519228445,995.4852132972849,52.118144511042715,,24.500903494855486,50.926576390879454,34.23630287961713,41.003519731351,79.65720154307878,0.24322855789488565,6.111189166905534,Water Tank + DSM
2024-03-16 23:00:00,118.83483002463007,82.6,-1.5,225.9117494735314,107.07691944890132,34.93266601524057,36.52378588537485,1132.188481212163,55.00252668547448,,27.33873212936603,59.8922235686738,39.32358302853229,44.090486629778404,86.55940205581746,0.24260100097713916,7.187066828240856,Water Tank + DSM
2024-03-17 00:00:00,134.76442132073853,86.0,-1.2,192.58765754766168,57.82323622692314,35.513366275797004,35.490241067101074,911.2820429213983,54.96060530607711,,23.306013934146787,61.00716392814204,34.61663478816478,21.005410081220862,65.7341051281303,0.2417299505863045,7.320859671377045,Water Tank + DSM
2024-03-17 01:00:00,147.44090619168628,86.9,-1.35,211.1198897805846,63.67898358889832,33.638215883433645,33.627028052470024,946.922021384604,54.940324005586966,,25.548693803413364,66.74574376231013,37.872815038669565,22.981263652163875,72.33398071741803,0.24454267617484954,8.009489251477216,Water Tank + DSM
2024-03-17 02:00:00,140.1253526852644,85.5,-2.0,200.8645448596983,60.739192174433896,34.67588440660585,34.67047180413743,944.1352897805009,54.93051203958099,,24.307642249699402,63.43403012441174,35.99368520957042,21.841005712660834,68.96475559810851,0.2429861733900912,7.612083614929409,Water Tank + DSM
2024-03-17 03:00:00,134.6049356974092,84.6,-1.25,193.07143742309145,58.466501725682264,35.464415884293814,35.461797301158576,938.6910621197313,54.925765071951886,,23.3645586023846,60.934965602565605,34.575668073636955,20.980551436132938,66.3680085872248,0.2418033761735593,7.312195872307872,Water Tank + DSM
2024-03-17 04:00:00,133.6539880024879,85.6,-1.15,191.75920592620145,58.10521792371355,35.597191654386606,35.59592480028526,916.1415958366874,54.92346851877817,,23.205758781353623,60.50447644717437,34.33140027108845,20.832329478869653,65.9509027628506,0.2416042125184201,7.260537173660924,Water Tank + DSM
2024-03-17 05:00:00,152.16090163933723,84.8,-1.35,218.23298884341384,66.07208720407661,32.91848982286291,32.91787692679233,1004.8669615156534,54.92235746075294,,26.409486171855963,68.88246154874723,39.08522968796536,23.716958125436154,75.00415497805841,0.24562226526570563,8.265895385849667,Water Tank + DSM
2024-03-17 06:00:00,140.0483164603053,89.2,-2.4,200.93200502479198,60.883688564486675,34.66905857184108,34.6687620565652,880.2517526639715,54.92181993784707,,24.315805948078072,63.39915621957525,35.97389708716591,21.828998259354417,69.10472984893254,0.24299641214223838,7.607898746349029,Water Tank + DSM
2024-03-17 07:00:00,152.76947424645482,84.5,-2.8,89.3671605716926,-63.402313674762226,32.8288315948394,29.0991177616809,413.17159187288576,48.16059452798139,,10.814775547200114,69.15795925385916,8.618845463218644,0.0,0.0,0.2457567526077409,8.2989551104631,Water Tank + DSM
2024-03-17 08:00:00,136.84515818270668,88.8,-3.2,104.51496924153254,-32.33018894117414,28.370525213150724,25.735015540528888,413.17159187288576,43.382942471124444,,12.647889072887553,61.949102858205066,32.18366085344604,0.0,0.0,0.2524442121802739,7.433892342984607,Water Tank + DSM
2024-03-17 09:00:00,134.67734952259454,86.0,-2.4,105.50171329837389,-29.175636224220654,25.0,25.0,413.17159187288576,39.38722276060788,,12.7673,60.96774697067783,34.31622869246013,0.0,0.0,0.2575,7.316129636481339,Water Tank + DSM
2024-03-17 10:00:00,138.31979201980388,83.0,-1.45,296.49193432798285,158.17214230817896,25.0,25.0,1221.196823269613,47.40601918086998,,35.88,62.61666205040211,37.949051690016624,26.28339032620991,159.14874681206828,0.2575,7.513999446048253,Water Tank + DSM
2024-03-17 11:00:00,150.7052323599943,87.2,-0.25,290.4479037771071,139.7426714171128,25.61155429720963,27.751582611429814,1126.6000817554216,51.28546260821848,,35.148581060537296,68.22348751480192,41.13047198437288,28.213879477816278,141.446319408109,0.25658266855418554,8.18681850177623,Water Tank + DSM
2024-03-17 12:00:00,146.7606932394589,85.8,0.95,246.46936473958277,99.70867150012387,30.06144320941943,31.096775489082134,1056.350402560408,53.16231301284635,,29.826513921534364,66.43781483955821,40.11724706339598,27.59905353936576,101.1807692677568,0.24990783518587084,7.972537780746985,Water Tank + DSM
2024-03-17 13:00:00,119.53989328255828,78.5,3.05,189.01488573074488,69.4749924481866,35.874870728693644,36.37575799368395,1059.3295203875598,54.070321470069615,,22.873654608482408,54.115097990773414,33.12510120238219,23.356212140798593,69.34918939203668,0.24118769390695954,6.49381175889281,Water Tank + DSM
2024-03-17 14:00:00,86.29486070474961,77.9,4.35,132.52537376640595,46.23051306165634,41.59065980326418,41.83298592132088,871.9296711504848,54.50961026813048,,16.037570875296048,39.06524186113718,24.585524213232574,18.174387920306387,44.15317790406642,0.23261401029510373,3.6118176102361677,Water Tank + DSM
2024-03-17 15:00:00,81.3449461262665,76.2,4.4,121.1091675445427,39.76422141827619,42.745787977095155,42.86302383353797,864.8225196678528,54.72213543413156,,14.656037579394196,36.8244408606928,23.314050752235396,17.40285649851821,37.39631902551551,0.23088131803435727,3.1494203259194147,Water Tank + DSM
2024-03-17 16:00:00,67.3700573781467,76.0,4.75,99.035097761177,31.665040383030302,44.979312794564265,45.03603076679979,762.6732181124502,54.82495377683267,,11.984741897701142,30.49808023539849,19.72435240857877,15.224623800920279,28.47679155378538,0.2275310308081536,2.199647297256042,Water Tank + DSM
2024-03-17 17:00:00,61.44879378748035,74.9,4.5,50.090062591478585,-11.358731196001763,45.9384436180783,44.83148184083848,413.17159187288576,52.81825341567232,,6.0616537507362125,27.81755450763409,15.784213903548403,1.826280447861791,0.0,0.22609233457288255,1.8462326855602473,Water Tank + DSM
2024-03-17 18:00:00,83.75404441088831,75.4,3.95,60.00447001544275,-23.749574395445563,40.70603573621374,38.96906423339902,413.17159187288576,49.669471394747674,,7.261446720410466,37.9150273265311,15.735168160092064,0.0,0.0,0.2339409463956794,3.7067166019138638,Water Tank + DSM
2024-03-17 19:00:00,98.42029040139143,81.8,3.2,80.18774914071274,-18.232541260678687,35.43627239161745,33.67906123809547,413.17159187288576,46.483998934081534,,9.703928188434467,44.55436183770441,25.280999355619958,2.885410694940788,0.0,0.24184559141257383,5.3465234205245284,Water Tank + DSM
2024-03-17 20:00:00,113.83296281721076,79.7,2.35,85.92012310877473,-27.912839708436024,30.02187302198019,27.79840752940676,413.17159187288576,42.45330058594152,,10.397631976499547,51.53159977207563,25.75221327839421,0.0,0.0,0.24996719046702973,6.183791972649075,Water Tank + DSM
2024-03-17 21:00:00,94.02145844041809,79.9,2.35,258.38041325618843,164.35895481577035,28.85624531319982,32.406591549193664,1209.254609977953,48.889368407341664,,31.267930605413024,42.563033118258836,32.88456383824741,42.67851187353996,133.12105894847372,0.25171563203020025,5.10756397419106,Water Tank + DSM
2024-03-17 22:00:00,96.50065832954581,78.9,1.95,198.31574710239758,101.81508877285177,34.93377989672207,36.651415143731825,1077.55351182505,52.00309766284555,,23.9991992435204,43.685354221739665,33.52139035586761,43.06493886839569,70.72272556996738,0.2425993301549169,5.2422425066087595,Water Tank + DSM
2024-03-17 23:00:00,85.88370674389991,80.4,2.15,180.8580517610191,94.9743450171192,39.5828956473156,41.23278389357245,1058.5135760521953,54.99401515224009,,21.8865545597168,38.8791145669787,30.794237803271933,41.410099856115224,63.258751207065785,0.2356256565290266,4.062969573318241,Water Tank + DSM
2024-03-18 00:00:00,89.30610319890754,78.7,1.25,127.70028083741529,38.394177638507756,42.07887810234813,42.05817660653476,833.0306550031463,54.95648747966873,,15.453661789591639,54.71135015621566,31.044269314926645,6.75830760175346,38.394177638507756,0.2318816828464778,4.898128349196052,Water Tank + DSM
2024-03-18 01:00:00,77.30309701767429,80.6,0.75,110.91582102243272,33.612724004758434,43.77718330444669,43.76716805057808,719.5769914285338,54.93833182699087,,13.422488767881761,47.357981790718476,26.871827083862055,5.849970937036969,33.612724004758434,0.22933422504332998,3.757235473740132,Water Tank + DSM
2024-03-18 02:00:00,99.91441567322846,78.0,2.15,143.4125789731592,43.49816329993075,40.489057640146676,40.48421232312435,913.3348872488816,54.92954823606787,,17.35508706238458,61.21029118666723,34.73189309015977,7.561099754461072,43.49816329993075,0.23426641353977998,6.0638375376774025,Water Tank + DSM
2024-03-18 03:00:00,87.96416817343675,82.7,1.85,126.41944511832013,38.45527694488338,42.20847714746195,42.20613301346848,745.8483705284314,54.92529878985567,,15.298661331635513,53.889244225763186,30.5777906439106,6.6567556432775765,38.45527694488338,0.23168728427880708,4.782623924828282,Water Tank + DSM
2024-03-18 04:00:00,87.63810949219162,76.8,2.45,125.99542189632174,38.35731240413013,42.25138117009172,42.25024709276423,871.2140107856125,54.92324293442376,,15.24734812057031,53.68949180076549,30.46444728718056,6.632080903420563,38.35731240413013,0.2316229282448624,4.751075098445856,Water Tank + DSM
2024-03-18 05:00:00,58.532469189601144,77.8,2.35,84.41637843016468,25.88390924056354,46.45848146377072,46.457932804270776,643.4391139838777,54.92224832445676,,10.215656169330224,35.858584157542175,20.346848335129824,4.429489332799829,25.88390924056354,0.22531227780434393,2.268023577478011,Water Tank + DSM
2024-03-18 06:00:00,67.39636037146849,76.8,1.95,97.09496282965759,29.6986024581891,45.175621837768105,45.17535639974231,733.4583906173825,54.921767138391296,,11.749956282029347,41.28884521279858,23.428082597643918,5.100271071222633,29.6986024581891,0.22723656724334784,2.92928951806793,Water Tank + DSM
2024-03-18 07:00:00,76.81033058358287,79.3,1.55,61.37479996440986,-15.435530619173008,43.8137251255738,42.39997755340542,413.17159187288576,52.35892547394485,,7.427277331217404,47.05609965774981,17.07768321364191,0.0,0.0,0.2292794123116393,3.7229679876328907,Water Tank + DSM
2024-03-18 08:00:00,104.47850540214591,80.7,1.1,75.14902854003797,-29.32947686210794,37.24960855490703,35.096853855249215,413.17159187288576,48.456411654484334,,9.09416692945796,64.00637681081575,14.895459565895482,0.0,0.0,0.23912558716763946,7.584905981974395,Water Tank + DSM
2024-03-18 09:00:00,108.3407163469849,82.8,1.35,86.49660826497944,-21.844108082005462,32.78855526410612,30.805954972849978,413.17159187288576,44.862353754472146,,10.46739538322259,66.37247238336157,24.015672114575978,0.0,0.0,0.24581716710384083,7.964696686003388,Water Tank + DSM
2024-03-18 10:00:00,103.33698957944328,79.5,2.3,247.88584841846364,144.54885883902034,29.91811887089151,32.78247199159644,1194.3442146070895,50.05485322463595,,29.99792983041377,63.30705314034226,39.11386302465774,9.385672627967196,139.7910648702142,0.25012282169366273,7.5968463768410714,Water Tank + DSM
2024-03-18 11:00:00,89.71359048371929,77.9,3.25,177.09673958810086,87.38314910438157,37.08078678536384,38.466542864623484,1036.4460774979498,52.56695190943818,,21.431379004704848,54.96098796063185,34.378145583595355,8.354711491243016,82.6253551355754,0.23937881982195425,6.56867782604926,Water Tank + DSM
2024-03-18 12:00:00,79.7012174311286,77.4,4.5,137.95927905242974,58.25806162130114,41.040839927218634,41.71126002916908,906.437470256573,53.782289501371736,,16.695155447046513,48.82713564423554,30.897680146268538,7.597017509654726,53.500267652494976,0.23343874010917204,4.675440441850582,Water Tank + DSM
2024-03-18 13:00:00,95.98749812822896,74.5,5.7,149.2252560208918,53.23775789266284,39.90091242861766,40.225257470163065,1030.3350233607493,54.370262207739806,,18.05850873537328,58.80455458924191,36.55905899932615,8.829494246371755,48.47996392385667,0.2351486313570735,6.033025371105484,Water Tank + DSM
2024-03-18 14:00:00,84.63879965242023,78.0,6.75,127.19410773296534,42.5553080805451,42.13009431221879,42.28701040955689,847.1055639723438,54.654719716277654,,15.392407202586332,51.852032937453195,32.61406488092626,7.970672817244568,37.797514111738934,0.23180485853167182,4.626209036997924,Water Tank + DSM
2024-03-18 15:00:00,91.03115920085774,73.7,6.1,133.51910322014362,42.48794401928588,41.490111086214924,41.566026110186,990.2730402322425,54.79233847525607,,16.157827140886955,55.76816642723322,34.836154125348294,8.454419510716635,37.73015005047971,0.2327648333706776,5.189748397271194,Water Tank + DSM
2024-03-18 16:00:00,79.22939760281076,75.4,6.15,115.29128961542712,36.061892012616354,43.33445943039814,43.37118664298051,858.9318504861379,54.85891756793009,,13.951986521243825,48.538085972229936,30.73366781907296,7.56131218361137,31.30409804381019,0.22999831085440278,3.979795098145986,Water Tank + DSM
2024-03-18 17:00:00,80.3286415218032,76.4,5.9,57.34784353735119,-22.980797984452018,43.24206970284016,41.5680743341623,413.17159187288576,51.82429868589181,,6.939954811195555,49.21151272364845,11.021689426481569,0.0,0.0,0.23013689544573976,4.062291371218499,Water Tank + DSM
2024-03-18 18:00:00,82.06618731710405,74.5,5.5,59.744802152402414,-22.32138516470164,39.95617301029443,38.281753520905134,413.17159187288576,48.788910957808156,,7.230022988945377,50.27598058210415,12.41659182891836,0.0,0.0,0.23506574048455836,5.14137068867508,Water Tank + DSM
2024-03-18 19:00:00,76.19419830518684,77.2,4.45,68.19566435601449,-7.998533949172355,37.76997184536717,36.581758288937756,413.17159187288576,46.63491736756156,,8.252704892764653,46.67864024995556,24.253875895890026,0.0,0.0,0.23834504223194924,5.385789397359737,Water Tank + DSM
2024-03-18 20:00:00,89.57870880387307,77.4,3.5,75.61470879372432,-13.964000010148752,33.68035704621797,32.15699173440006,413.17159187288576,43.87336065959057,,9.15052127022658,54.8783557714377,23.953968732851166,0.0,0.0,0.24447946443067303,6.585402692572523,Water Tank + DSM
2024-03-18 21:00:00,94.12458462262533,79.3,3.1,244.49326152582947,150.36867690320412,30.26139163819193,33.407366793237784,1191.0487370808137,49.57638456667919,,29.587375600722453,57.66328305834983,54.311239942134335,19.054054208178908,116.84558527316484,0.2496079125427121,6.91959396700198,Water Tank + DSM
2024-03-18 22:00:00,99.57435434263144,80.0,2.35,195.91901535257236,96.34466100994092,35.1762888629701,36.698291916571165,1044.1660170536022,52.33547177289147,,23.709158519887765,61.001960357457904,56.205669469704105,19.46646969611583,62.82156937990162,0.24223556670554486,7.320235242894948,Water Tank + DSM
2024-03-18 23:00:00,88.9630568485515,79.3,2.55,178.95827946241042,89.99522261385891,39.46994488927724,40.938493977093394,1073.350750768313,54.99765762744775,,21.65665343195568,54.501190622635534,52.51700805254075,18.663451649756972,56.47213098381957,0.23579508266608415,5.732453251288846,Water Tank + DSM
2024-03-19 00:00:00,105.32530585331452,77.7,2.4,150.55979633015488,45.234490476840364,39.76587938170312,39.744140668053404,948.1559479664737,54.95824968633454,,18.220008259483066,66.33473355466188,37.63959996463129,0.6387177137396349,45.234490476840364,0.2353511809274453,6.859324795581768,Water Tank + DSM
2024-03-19 01:00:00,115.95420326853332,83.6,1.9,166.1406649104218,50.186461641888485,38.189357381307204,38.17884032795315,874.0153749537077,54.93918437152612,,20.105528571956587,73.02889952271813,41.43799811342099,0.7031738764976757,50.186461641888485,0.2377159639280392,8.242323178549654,Water Tank + DSM
2024-03-19 02:00:00,116.32272726555168,82.8,0.85,166.8558031541259,50.53307588857423,38.1169974118539,38.11190932738697,892.0716604776264,54.92996069176828,,20.192071095422737,73.26099893085807,41.569695768725744,0.7054086936949936,50.53307588857423,0.23782450388221915,8.300325794529368,Water Tank + DSM
2024-03-19 03:00:00,99.70497241824124,79.1,0.8,143.19596376907776,43.490991350836524,40.51097545769936,40.508513874338405,886.4775716977567,54.92549833333725,,17.328873352591568,62.79500188349854,35.631088330602715,0.6046346745970388,43.490991350836524,0.23423353681345097,6.212569963144935,Water Tank + DSM
2024-03-19 04:00:00,81.74453686874082,81.3,0.7,117.57003576840216,35.82549889966134,43.10388862332307,43.102697724728046,735.3232114767432,54.92333947230892,,14.227749206505607,51.48337361857767,29.212653522397837,0.49571832026979457,35.82549889966134,0.2303441670650154,4.292512163104955,Water Tank + DSM
2024-03-19 05:00:00,103.90682495020248,79.4,0.6,149.26691751602397,45.36009256582149,39.89669698560132,39.89612083632842,902.6739932858094,54.92229502888027,,18.063550405220827,65.44136275456796,37.13268423988644,0.6301157080575357,45.36009256582149,0.23515495452159801,6.715580741199359,Water Tank + DSM
2024-03-19 06:00:00,110.02499982507385,84.2,0.1,158.0216675787024,47.99666775362854,39.01086343847415,39.01058470106858,835.3786530472306,54.92178973369853,,19.12300732758492,69.29463901023475,39.319107084217244,0.6672177761377314,47.99666775362854,0.23648370484228878,7.479304344820496,Water Tank + DSM
2024-03-19 07:00:00,126.43435352267306,83.3,-0.3,80.70484196716464,-45.729511555508424,36.63729466483534,33.74049914486694,413.17159187288576,49.67047868064405,,9.766504226649964,79.62938331992996,0.22045564744020396,0.0,0.0,0.240044058002747,9.555525998391595,Water Tank + DSM
2024-03-19 08:00:00,112.04185712124277,83.6,-0.45,86.70619180990428,-25.335665311338488,33.46737622501071,31.337924579503962,413.17159187288576,45.810208638830204,,10.492758156105257,70.56487212539385,15.383644881166507,0.0,0.0,0.24479893566248392,8.46778465504726,Water Tank + DSM
2024-03-19 09:00:00,105.26036757765165,81.1,0.3,87.36264540934006,-17.89772216831159,30.587821539938126,28.758458902565863,413.17159187288576,42.493939964891304,,10.57219895169095,66.2938349009272,20.356995028435566,0.0,0.0,0.24911826769009282,7.955260188111263,Water Tank + DSM
2024-03-19 10:00:00,104.06828029662074,80.7,1.3,272.3382350141407,168.26995471751997,27.44394836931277,30.982722285304156,1221.6320822425675,48.90902948405385,,32.95703775030193,65.54304864381234,43.395982666603565,0.7799876968560409,161.91546192929437,0.2538340774460308,7.865165837257481,Water Tank + DSM
2024-03-19 11:00:00,110.40558731152277,80.8,2.6,217.99511498148277,107.58952766996,32.94255865925169,34.6545952904069,1088.1732908739723,52.01260956847679,,26.380699843534988,69.53433610205224,45.66071571400784,0.818418634369402,101.23503488173439,0.24558616201112246,8.344120332246268,Water Tank + DSM
2024-03-19 12:00:00,109.0004583793435,79.0,4.3,185.31394632441044,76.31348794506694,36.24934358726123,37.07761617432085,1035.5381258666375,53.514102152743,,22.42578506963557,68.64937448175684,45.158571519149156,0.809897598215746,69.95899515684133,0.24062598461910817,8.23792493781082,Water Tank + DSM
2024-03-19 13:00:00,76.56739266015472,76.3,6.05,124.11949959192208,47.552106931767355,42.44119297478565,42.84190605883426,875.7278064029732,54.24051485010559,,15.020333202156365,48.222766123842234,33.56812220208748,0.6132157712046954,41.19761414354175,0.23133821053782153,4.212395677314377,Water Tank + DSM
2024-03-19 14:00:00,54.21387518846463,69.5,7.95,84.9914550529874,30.777579864522778,46.40029337604487,46.594155853490605,878.9609405130728,54.59194875821741,,10.285249122250333,34.14433916385654,25.57975275354689,0.4776587228972248,24.423087076297165,0.2253995599359327,2.1715198680342045,Water Tank + DSM
2024-03-19 15:00:00,41.67265433012989,69.5,9.7,63.59361721410161,21.920962883971725,48.56539488756342,48.65918433856333,725.6873141316332,54.76197027934331,,7.6957877144741484,26.24577635079045,21.097956737371792,0.40160577579925727,15.566470095746109,0.22215190766865486,1.328236556329465,Water Tank + DSM
2024-03-19 16:00:00,46.3909642647823,70.4,9.6,68.6569483309933,22.265984066211004,48.05307088842651,48.098445636726225,733.9515984056283,54.84422562516713,,8.308527217441894,29.217406291076372,22.784116554432245,0.4302187298254558,15.911491277985398,0.22292039366736024,1.5684363774618095,Water Tank + DSM
2024-03-19 17:00:00,37.08846458128985,69.4,9.1,34.451288240088196,-2.637176341201652,49.48062128145771,48.924905557949685,413.17159187288576,53.83682413579807,,4.169125965790903,23.358616393459577,10.841863837640082,0.0,0.0,0.22077906807781345,1.0538536980214384,Water Tank + DSM
2024-03-19 18:00:00,29.45052870964471,69.3,8.0,34.110275316572334,4.659746606927623,49.5777914285968,49.326741459305964,413.17159187288576,53.381720739815115,,4.12785825399469,18.54818231165596,15.18434096150487,0.17859501297860028,0.0,0.2206333128571048,0.8260108664251329,Water Tank + DSM
2024-03-19 19:00:00,55.629104261492785,71.5,6.85,45.25014527940348,-10.378958982089301,45.33683377503826,44.33082011629405,413.17159187288576,51.55801913254916,,5.475950690884493,35.03566193493758,9.838295625746504,0.0,0.0,0.22699474933744263,2.4517604936924497,Water Tank + DSM
2024-03-19 20:00:00,65.55341226344008,77.7,5.85,61.609691321544965,-3.9437209418951156,42.07791337107918,41.135661166860004,413.17159187288576,49.8499042930057,,7.45570273143313,41.286071764655205,19.880319436547424,0.0,0.0,0.23188312994338123,3.696446036640162,Water Tank + DSM
2024-03-19 21:00:00,81.09750209946702,73.7,5.3,166.8076817035233,85.71017960405626,38.121866493778,39.56598307662503,1120.040333182945,52.46779890141994,,20.18624767344151,51.0758658627478,47.24126450480851,1.159142241313676,66.78299321211036,0.237817200259333,5.785302088217038,Water Tank + DSM
2024-03-19 22:00:00,68.61174297428136,76.2,5.05,123.08953554830893,54.477792574027575,42.54540802326051,43.24406257090491,873.7306672467206,53.73431989781799,,14.895692004180438,43.21223329992989,42.7792885825051,1.0834256273610054,35.55060618208165,0.23118188796510925,3.74769120452497,Water Tank + DSM
2024-03-19 23:00:00,78.60949547752764,75.9,5.05,137.36639184845592,58.756896370928274,42.366088935440146,43.06352499996424,978.5816296442268,54.998632027958976,,16.623407144932337,49.50889907341386,46.352137497766364,1.1440543772105576,39.82970997898241,0.23145086659683978,4.34705295566765,Water Tank + DSM
2024-03-20 00:00:00,76.94929899256483,76.2,4.85,109.99363638483757,33.04433739227274,43.87049288870421,43.84847670835059,812.7729708970102,54.95872109519205,,13.310890505109759,47.016385178639275,26.67799861514077,5.39584638345845,33.04433739227274,0.22919426066694368,3.703811781302197,Water Tank + DSM
2024-03-20 01:00:00,88.4146664898461,76.5,4.4,126.77500452741836,38.36033803757226,42.17250051188458,42.16184922187895,882.2511667713574,54.93941243617548,,15.341689387786046,54.02177887974256,30.65299334828453,6.199822021380828,38.36033803757226,0.23174124923217312,4.806047392118803,Water Tank + DSM
2024-03-20 02:00:00,93.61440425079657,79.4,3.65,134.39758081410224,40.78317656330567,41.40122392009861,41.39607089278133,844.9336742006468,54.9300710280156,,16.264136191562066,57.19884321427776,32.455720580395315,6.5644385488825,40.78317656330567,0.2328981641198521,5.3533916839734355,Water Tank + DSM
2024-03-20 03:00:00,93.85215177175175,78.5,3.35,134.82970422039747,40.977552448645724,41.35750029497457,41.355007292669825,867.1919330017643,54.92555171332185,,16.316429647210416,57.34410807265646,32.538146646881096,6.581109904150417,40.977552448645724,0.23296374955753815,5.38203116166885,Water Tank + DSM
2024-03-20 04:00:00,88.81737578890527,77.6,3.2,127.67839366530087,38.86101787639561,42.08109271626308,42.07988661738007,858.7338641184242,54.92336529721077,,15.45101311134936,54.26783616379158,30.792610970059656,6.228060842830306,38.86101787639561,0.23187836092560538,4.857700897299793,Water Tank + DSM
2024-03-20 05:00:00,78.70225408958154,78.9,3.1,113.24292095164516,34.54066686206362,43.541719907998456,43.541136404921566,765.1044133561256,54.92230752280589,,13.70410299003385,48.08744902355046,27.285740781253743,5.5187672748042775,34.54066686206362,0.2296874201380023,3.8830461472127293,Water Tank + DSM
2024-03-20 06:00:00,87.85068669464974,76.9,2.85,126.32881166258677,38.478124967937035,42.21764772971797,42.21736543458811,870.1510364258108,54.9217957781814,,15.287693315257314,53.67718456074189,30.457463923166966,6.160274574190335,38.478124967937035,0.23167352840542305,4.7608503063229834,Water Tank + DSM
2024-03-20 07:00:00,80.06797732515113,79.3,3.35,62.18955141437457,-17.878425910776564,43.342644259737156,41.81848422042487,413.17159187288576,52.15879838817172,,7.525874556437013,48.92191237190613,15.495340032515449,0.0,0.0,0.22998603361039427,4.008863764542529,Water Tank + DSM
2024-03-20 08:00:00,83.04522547391944,76.8,3.7,63.38908276976793,-19.656142704151513,40.14908763026275,38.53897058103364,413.17159187288576,49.239978126595055,,7.671035958986007,50.7410250547703,14.958593552010896,0.0,0.0,0.23477636855460587,5.130195400491458,Water Tank + DSM
2024-03-20 09:00:00,80.03393014665679,76.6,3.95,67.3381973704531,-12.695732776203684,37.66575039231187,36.2948387480904,413.17159187288576,46.75478943431908,,8.148938442889126,48.90110938501354,20.663841693742054,0.0,0.0,0.23850137441153219,5.6727975296562745,Water Tank + DSM
2024-03-20 10:00:00,78.41702809759364,77.4,4.75,193.56582241864575,115.14879432105211,35.41439243289624,37.739862533309,1101.3592684608086,50.970401740284856,,23.424386650256103,47.9131745950913,29.55687655659272,6.716622872047667,111.56091565025699,0.24187841135065563,5.749580951410955,Water Tank + DSM
2024-03-20 11:00:00,76.82158908791992,75.0,5.4,149.62236611790485,72.80077702998493,39.86073156185178,40.98577941488691,1017.1958476582283,53.00988854048646,,18.106565052025275,46.93835382362338,29.00374455606949,6.604747339416649,69.21289835918981,0.23520890265722233,4.826934277367172,Water Tank + DSM
2024-03-20 12:00:00,79.96296556503367,74.7,5.65,133.95581241474028,53.99284684970661,41.44592345639762,41.99021455323618,962.315423544585,53.996579466098886,,16.210675546148444,48.85774969041832,30.092846580431978,6.825027252619675,50.40496817891148,0.23283111481540356,4.559623070597591,Water Tank + DSM
2024-03-20 13:00:00,73.2793369738214,77.1,5.85,114.65167745979996,41.372340485978555,43.399177429261435,43.66250204900851,812.7195146606117,54.473934348998675,,13.874583794603323,44.77402104896878,27.77566063286792,6.356357184998177,37.784461815183434,0.22990123385610783,3.6537810963932285,Water Tank + DSM
2024-03-20 14:00:00,79.38581754053257,72.9,6.2,118.66166199408626,39.27584445355369,42.993434398506636,43.120829198399015,947.8610126901425,54.704875648156616,,14.359852459386063,48.50510952110819,29.892751785548143,6.784556421546537,35.68796578275857,0.23050984840224004,4.0763399910901335,Water Tank + DSM
2024-03-20 15:00:00,77.16670638669406,75.5,6.2,113.20758008049877,36.04087369380471,43.545295810111256,43.606928615487384,846.3334021531118,54.81660360060316,,13.699826211106938,47.149222123444346,29.123395273350845,6.628947688904429,32.452995023009585,0.22968205628483312,3.8062730187258103,Water Tank + DSM
2024-03-20 16:00:00,96.99288258955677,76.5,6.0,140.44001315471806,43.44713056516129,40.78983133490286,40.819648899683706,939.506385134478,54.87065688342183,,16.99536172345619,59.2631094385638,35.99704725209877,8.019200784938002,39.85925189436617,0.23381525299764572,5.763989997703377,Water Tank + DSM
2024-03-20 17:00:00,113.85437533180686,77.4,5.6,67.44251612268906,-46.41185920911781,38.40543436816924,35.64427735454197,413.17159187288576,49.865231320958245,,8.16156258674218,69.56556115463546,1.0446821059312015,0.0,0.0,0.23739184844774613,7.761248355630034,Water Tank + DSM
2024-03-20 18:00:00,103.07133431948675,79.8,5.15,77.5534194709124,-25.51791484857435,34.95941457418424,32.935274248576164,413.17159187288576,46.19586964474478,,9.385134529623238,62.977072159026896,17.444061986087235,0.0,0.0,0.24256087813872365,7.557248659083227,Water Tank + DSM
2024-03-20 19:00:00,88.73711563963434,75.5,4.7,72.87743995790072,-15.85967568173362,33.36301759044075,31.795845283230705,413.17159187288576,43.3548996134936,,8.819270418320752,54.21879683345302,21.127542264506708,0.0,0.0,0.2449554736143389,6.506255620014363,Water Tank + DSM
2024-03-20 20:00:00,79.80669912554194,75.8,4.2,229.15334602980127,149.34664690425933,31.813533236660408,35.10714345132803,1244.5372520156511,49.32555636351706,,27.731014248954153,48.76227015771528,48.405119173236415,13.085891449053106,121.12049679551141,0.24727970014500938,5.851472418925833,Water Tank + DSM
2024-03-20 21:00:00,96.56724120018684,79.1,3.95,194.100037261474,97.53279606128716,35.36033887045727,36.953766840177735,1060.1101208096482,52.214122660985815,,23.489034710933108,59.00304053900798,54.21592868171016,14.261175844392621,69.30664595253924,0.2419594916943141,7.080364864680958,Water Tank + DSM
2024-03-20 22:00:00,100.62492781994993,80.0,3.4,171.3516163536528,70.72668853370286,37.662096686505315,38.43298714688233,966.8511868474393,53.6115929233384,,20.736132362939653,61.48230623144042,55.62271158213885,14.545709348389476,42.50053842495494,0.23850685497024204,7.133633360365598,Water Tank + DSM
2024-03-20 23:00:00,101.67230428265975,77.8,2.8,172.74835792293635,71.0760536402766,38.9080990191846,39.67515977732513,1061.0980892045864,55.00212070129891,,20.905159178523974,62.122258197767806,55.98583260062147,14.619153584690828,42.84990353152867,0.2366378514712231,6.743458464111979,Water Tank + DSM
2024-03-21 00:00:00,120.17736720729715,80.6,2.35,171.74306006879667,51.565692861499514,37.62248916233797,37.5994795602019,954.6379923085948,54.96040889347865,,20.78350296184379,64.79720231098719,36.767175250701456,13.681305994015142,51.5656928614995,0.23856626625649305,7.533650940187999,Water Tank + DSM
2024-03-21 01:00:00,129.0327062749848,84.8,2.15,184.81183201403712,55.77912573905232,36.30014911539589,36.28901721416102,910.3117422726649,54.940228982403426,,22.36502165798652,69.57182177915693,39.47638590302373,14.689420968416371,55.779125739052304,0.24054977632690616,8.34861861349883,Water Tank + DSM
2024-03-21 02:00:00,132.947257611818,80.0,2.35,190.60616071531868,57.65890310350068,35.71386044810906,35.70847490409274,1028.1817368809131,54.93046606796065,,23.06622290406157,71.6824685741728,40.674007371806205,15.135063737209231,57.65890310350066,0.2414292093278364,8.601896228900737,Water Tank + DSM
2024-03-21 03:00:00,123.79794676261646,81.5,2.3,177.62595633574463,53.82800957312817,37.02723894614421,37.024633453718415,954.1422170084916,54.92574283117023,,21.49542222041153,66.74934547555141,37.87485871983514,14.093482245859265,53.82800957312815,0.23945914158078369,7.999012366106751,Water Tank + DSM
2024-03-21 04:00:00,147.5862893898671,83.2,1.85,211.67222742939143,64.08593803952434,33.58232859765719,33.58106807675897,1019.1269288210582,54.923457758827446,,25.615534997202015,79.57553800814537,45.15268633933342,16.801609426017098,64.08593803952434,0.24462650710351422,9.549064560977445,Water Tank + DSM
2024-03-21 05:00:00,147.8529820317765,85.8,1.15,212.07598255247945,64.22300052070295,33.541475365949225,33.540865533842585,969.4716624846336,54.92235225515624,,25.66439546232473,79.71933327903733,45.23427853369596,16.831970414322168,64.22300052070295,0.24468778695107615,9.566319993484479,Water Tank + DSM
2024-03-21 06:00:00,153.88682595055363,83.5,-0.05,220.71080569567394,66.82397974512031,32.66777640721372,32.6674813742644,1037.2543488285767,54.92181741941203,,26.709339416972394,82.97265970982455,47.08027834174956,17.518878996955063,66.82397974512031,0.24599833538917942,9.956719165178946,Water Tank + DSM
2024-03-21 07:00:00,130.2615118882526,87.1,-1.45,88.23427890911836,-42.027232979134254,36.083852060920236,33.24625317754109,413.17159187288576,49.77781803191422,,10.677679763649394,70.23436887745079,12.654406268858182,0.0,0.0,0.24087422190861965,8.428124265294095,Water Tank + DSM
2024-03-21 08:00:00,126.22304185545751,82.5,-0.65,88.16504547109076,-38.057996384366746,31.52388211908375,28.853695318279385,413.17159187288576,44.93730327547842,,10.669301472475771,68.05690763143679,14.928359596557712,0.0,0.0,0.24771417682137437,8.166828915772413,Water Tank + DSM
2024-03-21 09:00:00,102.71522832379583,82.0,0.75,89.79236059770597,-12.922867726089862,30.08298533532453,28.428614859122796,413.17159187288576,41.938260399431776,,10.866231169316576,55.38197070531354,30.19529495342303,0.0,0.0,0.2498755219970132,6.645836484637625,Water Tank + DSM
2024-03-21 10:00:00,83.38107537671715,79.7,1.85,248.26277535819793,164.88169998148078,29.8799802003821,33.57698738460992,1190.4426729004158,48.640195194597815,,30.043543680343006,44.957387032562245,29.232244569722305,12.413194350937228,158.23826447508142,0.2501800296994269,5.3948864439074695,Water Tank + DSM
2024-03-21 11:00:00,58.70784949674266,75.5,3.15,146.76280741718605,88.0549579204434,40.15007083583913,41.93865972998691,991.8094429897619,51.88254922492686,,17.760515280336403,31.654083372633878,21.683694946694104,9.604329745498545,81.41152241404404,0.2347748937462413,3.200214375511939,Water Tank + DSM
2024-03-21 12:00:00,55.2564119384364,73.4,5.05,109.78543149758978,54.52901955915338,43.89155972356295,44.75686781544779,888.7901532566532,53.451179774059256,,13.285694570618714,29.79313814703627,20.62775893709416,9.2114090612488,47.88558405275404,0.22916266041465558,2.34324943228838,Water Tank + DSM
2024-03-21 13:00:00,65.6034676682692,74.9,6.5,109.07112855494773,43.46766088667853,43.963835174589406,44.38246580364642,842.2559929584057,54.21007339784464,,13.199253131191073,35.3720610260218,23.79334676937976,10.389344964377612,36.82422538027918,0.2290542472381159,2.766696106498214,Water Tank + DSM
2024-03-21 14:00:00,66.53967311720423,73.7,7.45,102.90900960498062,36.369336487776394,44.587338032830786,44.789868906202,844.44672718327,54.57722137449255,,12.453543712734382,35.87684404206717,24.079770333246667,10.495925042788304,29.72590098137704,0.22811899295075383,2.671962825258171,Water Tank + DSM
2024-03-21 15:00:00,75.19026067696589,72.0,6.8,111.64435196445932,36.454091287493426,43.703468219041966,43.801451385636625,942.5498411327217,54.754845263443265,,13.510652010025808,40.54106564422547,26.726339119220054,11.480730569680675,29.81065578109408,0.22944479767143705,3.2343334066340996,Water Tank + DSM
2024-03-21 16:00:00,62.89647072186626,76.2,7.0,92.31793143471762,29.421460712851363,45.65897711747587,45.7063807590842,722.1098387547942,54.84077858715115,,11.17186336749886,33.91250310037067,22.965165611443155,10.081173347631172,22.778025206452025,0.2265115343237862,2.3076148419898455,Water Tank + DSM
2024-03-21 17:00:00,74.98839638599823,71.7,6.9,47.914695571368846,-27.073700814629383,43.99621834114282,42.27047969072058,413.17159187288576,51.71235948156497,,5.798401501198809,40.4322245071199,4.405194060184435,0.0,0.0,0.22900567248828577,3.154630916834889,Water Tank + DSM
2024-03-21 18:00:00,61.04085908542006,74.8,6.4,55.19842130796794,-5.842437777452119,42.88484341611216,41.943587771133664,413.17159187288576,50.006051204659244,,6.679842273007725,32.91199488978537,18.674897075884164,1.1066133682987491,0.0,0.23067273487583176,2.787347768144621,Water Tank + DSM
2024-03-21 19:00:00,76.84141246418598,74.7,5.6,61.92861631162843,-14.912796152557547,38.893514238715596,37.49774614847334,413.17159187288576,47.475802745883044,,7.494297469836827,41.431333245263005,17.343964380649034,0.0,0.0,0.2366597286419266,4.501055072858302,Water Tank + DSM
2024-03-21 20:00:00,86.81453884687237,77.0,4.55,72.77717969266568,-14.037359154206683,34.92098703935425,33.429047672230574,413.17159187288576,44.77121499191238,,8.807137412663156,46.80864099387821,22.40595572745955,0.0,0.0,0.24261851944096863,5.617036919265385,Water Tank + DSM
2024-03-21 21:00:00,97.73789780833637,78.5,4.45,240.78405268352492,143.04615487518856,30.636701224678156,33.52700668403158,1201.7824806228077,50.010760862782746,,29.138505335284925,52.69829490284269,48.20665181166956,28.94555690024027,106.92270739397485,0.24904494816298278,6.323795388341122,Water Tank + DSM
2024-03-21 22:00:00,101.19328567526112,77.2,5.25,193.93991098261085,92.74662530734973,35.37654095830422,36.77485261627143,1107.7659689542334,52.54562030124879,,23.469657013868154,54.561370054837354,49.263796382354194,29.338927297961334,56.62317782613603,0.24193518856254367,6.547364406580482,Water Tank + DSM
2024-03-21 23:00:00,96.47454398539062,77.0,5.3,185.80755015844562,89.333006173055,38.59380835596629,39.95050020419203,1155.7473027860892,55.00503134668372,,22.48551858517057,52.01712010963417,47.8201401706568,28.80173339476594,53.20955869184124,0.23710928746605056,5.744622489051878,Water Tank + DSM
2024-03-22 00:00:00,78.59873173566397,76.8,5.3,112.28785034937265,33.68911861370867,43.63835699909882,43.61451857229372,808.9049706090864,54.961817045465,,13.588525029077816,48.12938636447277,27.309536832753597,0.04174405438086157,33.68911861370867,0.22954246450135177,3.8585260707271587,Water Tank + DSM
2024-03-22 01:00:00,81.48934849923543,73.5,5.4,116.84636651973797,35.35701802050254,43.177111787080065,43.16557890566739,920.5458472098904,54.940910237504816,,14.140174302652243,49.899435422178186,28.313896613514668,0.04327927079858406,35.35701802050254,0.2302343323193799,4.138525906371518,Water Tank + DSM
2024-03-22 02:00:00,67.54985456224077,77.3,5.65,97.12990817223744,29.580053609996682,45.172085956497774,45.166506420785694,722.2228504018573,54.93079565490696,,11.754185196028669,41.363683322829445,23.470547176496105,0.03587595804661043,29.580053609996668,0.22724187106525334,2.9354765451904385,Water Tank + DSM
2024-03-22 03:00:00,80.0587969692143,74.1,5.2,115.10833099414478,35.04953402493048,43.35297176750745,43.350272423115676,894.3435646193565,54.92590228326823,,13.929845766061094,49.02344714880209,27.816844067785905,0.042519500004003535,35.04953402493048,0.22997054234873882,4.014146203762852,Water Tank + DSM
2024-03-22 04:00:00,71.29288693178192,76.9,4.35,102.62797786871289,31.335090936930968,44.61577372065866,44.61446779476777,759.4097439553955,54.923534900752635,,12.419534630092247,43.655703144399055,24.77108317885746,0.03786389529868893,31.335090936930968,0.228076339419012,3.2438526367439477,Water Tank + DSM
2024-03-22 05:00:00,87.72348822128355,77.1,3.9,126.1348824419211,38.41139422063756,42.23727010707928,42.23663830832191,864.3200579936722,54.922389575935945,,15.264224951933182,53.716867494004035,30.47998078052616,0.046590243658175164,38.41139422063756,0.2316440948393811,4.758045633046767,Water Tank + DSM
2024-03-22 06:00:00,91.22453350670685,79.0,3.4,131.15008579698176,39.92555229027491,41.7298158284567,41.72951016817947,840.6356740232688,54.92183547497122,,15.871140269165787,55.860708208741634,31.696437115940824,0.04844966074490476,39.92555229027491,0.23240527625731494,5.118019813801952,Water Tank + DSM
2024-03-22 07:00:00,96.18819142149606,80.0,1.6,67.4321380917468,-28.756053329749264,41.01143483837665,38.97571182376084,413.17159187288576,51.231476699586906,,8.160306688327767,58.90016958790742,4.716118338906874,0.0,0.0,0.23348284774243502,5.650375196921542,Water Tank + DSM
2024-03-22 08:00:00,106.06052437845308,79.3,2.55,75.07333510603766,-30.98718927241542,35.89337371596143,33.67421584827414,413.17159187288576,47.20858721404042,,9.085006881249273,64.94542396684677,5.920418894442193,0.0,0.0,0.24115993942605785,7.7934508760216135,Water Tank + DSM
2024-03-22 09:00:00,93.35670655674086,80.6,3.85,81.10199300668307,-12.254713550057787,33.70766603935407,32.18642817407633,413.17159187288576,44.450887141256175,,9.814565497963192,57.16632953690919,20.2321402113827,0.0,0.0,0.2444385009409689,6.859959544429102,Water Tank + DSM
2024-03-22 10:00:00,90.8106661552717,75.5,3.9,234.04909784372256,143.23843168845087,31.31816544613169,34.29968628547587,1265.5053992721464,49.8557882572076,,28.3234741264265,55.60727941643168,36.684133837913016,0.059443929210852384,138.0957205347207,0.24802275183080247,6.672873529971801,Water Tank + DSM
2024-03-22 11:00:00,62.45754124440629,77.4,4.15,140.10828586280036,77.65074461839407,40.82339656081731,42.265837647670374,915.0845481330725,52.47064552640621,,16.955217713262503,38.245440702995964,26.832693592273515,0.04438548791020882,72.5080334646639,0.23376490515877404,3.7120879656548533,Water Tank + DSM
2024-03-22 12:00:00,73.07412520181043,73.1,5.9,129.4392811663511,56.36515596454066,41.902920500039926,42.60076445322841,991.1809095355809,53.73569707713698,,15.664107081952253,44.74643200238758,30.52148072942261,0.05002399184367329,51.22244481081048,0.23214561924994012,4.053242647677617,Water Tank + DSM
2024-03-22 13:00:00,66.34589556558706,75.1,6.7,107.32034396988081,40.97444840429375,44.14098514553568,44.4785976743525,828.1246258146928,54.34772108504652,,12.987381765939325,40.626447410272895,28.18372246014645,0.046450606146229624,35.831737250563584,0.2287885222816965,3.1344965443968755,Water Tank + DSM
2024-03-22 14:00:00,81.16980276836833,75.8,4.35,122.45880438142662,41.28900161305829,42.609227415343994,42.772562239832055,881.4007774995649,54.643814462459694,,14.819364011248584,49.70376381778456,33.33436587155896,0.05432363379877332,36.146290459328114,0.231086158876984,4.291653370219147,Water Tank + DSM
2024-03-22 15:00:00,68.99557757907749,77.9,3.8,102.13243071449433,33.13685313541684,44.66591476297825,44.74493512689671,734.1430887646111,54.78706258183885,,12.359565943478016,42.24896175056994,29.104368212877702,0.04785786129679774,27.994141981686667,0.22800112785553264,3.1266137724432084,Water Tank + DSM
2024-03-22 16:00:00,85.84025246934586,74.7,4.45,124.7920243688219,38.95177189947604,42.37314477188015,42.411374328457434,922.1979396096896,54.856365123776605,,15.101718852831343,52.56368118782767,34.95713783387669,0.056804125557296456,33.80906074574587,0.23144028284217977,4.613048129948414,Water Tank + DSM
2024-03-22 17:00:00,89.69546153141654,79.0,4.6,64.19187678369336,-25.50358474772318,41.884920430333445,40.02284039522506,413.17159187288576,51.480786349703074,,7.768186153931211,54.9243916263655,5.709205948411743,0.0,0.0,0.23217261935449984,4.9811192984882515,Water Tank + DSM
2024-03-22 18:00:00,108.56622446219609,79.9,2.35,76.30659124974537,-32.25963321245072,35.780317762515324,33.4934992937242,413.17159187288576,47.33524172333504,,9.234249492305544,66.47977197451618,5.519924225037094,0.0,0.0,0.241329523356227,7.977572636941942,Water Tank + DSM
2024-03-22 19:00:00,112.18751012363407,80.6,1.9,85.59289066413662,-26.59461945949745,31.11107543868855,28.94522500631119,413.17159187288576,43.408987958992704,,10.358031910682486,68.69724104668431,12.445095732591898,0.0,0.0,0.24833338684196718,8.243668925602119,Water Tank + DSM
2024-03-22 20:00:00,103.0411362490091,82.4,1.5,93.208967831986,-9.832168417023098,28.507538351808165,26.939022961209403,413.17159187288576,40.56558318611211,,11.279692222966553,63.09652265944346,26.024734083063183,0.0,0.0,0.25223869247228775,7.571582719133215,Water Tank + DSM
2024-03-22 21:00:00,101.64830288335385,78.8,1.45,287.93754626572706,186.28924338237323,25.865560280583495,29.953445976814315,1299.4535343829475,47.97610256597989,,34.84478990442214,62.24363084151437,78.6151895819811,0.1533539765195834,142.89291541143803,0.2562016595791248,7.469235700981724,Water Tank + DSM
2024-03-22 22:00:00,98.70345911272942,82.0,-0.05,210.48997479380674,111.78651568107732,33.701952691809794,35.67964615911397,1041.124387370034,51.56126537530419,,25.47246458059549,60.44037625343706,77.59198834648228,0.15178995995354627,68.3901877101421,0.2444470709622853,7.252845150412447,Water Tank + DSM
2024-03-22 23:00:00,97.04459528257816,82.7,0.45,205.39895739861004,108.35436211603188,37.52701460036805,39.42408832488013,1086.2260591949102,55.000280711153046,,24.856374619991062,59.42458253203313,77.01560750839965,0.1509089317180123,64.9580341450966,0.23870947809944792,6.94304416815303,Water Tank + DSM
2024-03-23 00:00:00,87.79659626966912,79.4,0.4,125.48088864202163,37.6842923723525,42.30344328660085,42.28095763328781,808.0621435118977,54.959518717783475,,15.18508182922538,49.068466718582485,27.84238903504981,9.070612738494948,37.6842923723525,0.2315448350700987,4.3268250238151165,Water Tank + DSM
2024-03-23 01:00:00,80.84244420171066,80.0,0.05,115.94449029011872,35.10204608840806,43.268366501815905,43.25748808373626,754.0682397606371,54.93979832098382,,14.031033663828177,45.181874369894075,25.63706200061345,8.352151852616087,35.10204608840806,0.23009745024727615,3.7225256376502966,Water Tank + DSM
2024-03-23 02:00:00,86.47225404916203,81.8,-0.15,124.1858181877067,37.71356413854467,42.434482647646234,42.42921973719096,753.6276353175155,54.930257716666226,,15.028358753415104,48.32830770408757,27.422408615699105,8.933789718858042,37.71356413854467,0.23134827602853064,4.223560826842678,Water Tank + DSM
2024-03-23 03:00:00,98.0622099647412,80.6,0.3,140.84510294886132,42.782892984120124,40.748843056918695,40.74629689384081,844.3093396063334,54.925642032120436,,17.044383703925245,54.80579533204362,31.09785931892997,10.131193789552814,42.782892984120124,0.23387673541462195,5.343945487988602,Water Tank + DSM
2024-03-23 04:00:00,110.20952974218808,82.4,-0.05,158.25232910777544,48.042799365587356,38.98752436893799,38.98629255120625,870.8359192197535,54.9234089928792,,19.15092085475017,61.59478695068052,34.950063360394296,11.386181319746466,48.042799365587356,0.23651871344659303,6.6568475936975355,Water Tank + DSM
2024-03-23 05:00:00,127.74910410556032,84.4,-0.35,183.34291049448717,55.59380638892685,36.44877928196814,36.44818333627347,913.4088804032291,54.922328662496284,,22.187259978766104,71.39744511141103,40.512279592948886,13.19826394490338,55.59380638892685,0.24032683107704778,8.567693413369323,Water Tank + DSM
2024-03-23 06:00:00,146.07748867175957,84.5,-0.15,209.54950996116187,63.472021289402306,33.797111924533255,33.79682360974297,987.3127097842292,54.92180600543108,,25.35865413825823,81.64095985234209,46.32464630371187,15.091841664153016,63.472021289402306,0.24430433211320013,9.796915182281051,Water Tank + DSM
2024-03-23 07:00:00,139.7530099601848,86.0,0.05,88.70581751729958,-51.04719244288523,34.71121331222328,31.49723592526118,413.17159187288576,49.09550764916836,,10.734743053751668,78.10628440526557,7.710246042240691,0.0,0.0,0.24293318003166509,9.372754128631868,Water Tank + DSM
2024-03-23 08:00:00,131.16121543409582,82.6,0.25,90.75321318363625,-40.408002250459575,30.127430303000224,27.32922926610769,413.17159187288576,44.0229286796101,,10.982508837582053,73.3044332895186,14.737121634162644,0.0,0.0,0.24980885454549967,8.79653199474223,Water Tank + DSM
2024-03-23 09:00:00,109.59290833535701,81.7,1.15,92.57518565834731,-17.0177226770097,28.173984652851836,26.317673365952565,413.17159187288576,40.657807492557765,,11.202995012158112,61.250164627440085,29.059271097617035,0.0,0.0,0.25273902302072226,7.35001975529281,Water Tank + DSM
2024-03-23 10:00:00,104.1558527979529,79.9,2.25,290.6100140019021,186.45416120394918,25.595151467382678,29.656775709482663,1278.4176109805471,48.020720107158304,,35.168198845010345,58.21145936983815,37.97038584925935,13.568730155356665,178.70609567749528,0.256607272798926,6.985375124380578,Water Tank + DSM
2024-03-23 11:00:00,96.81258276277023,78.7,3.55,207.346473599584,110.53389083681375,34.0200221733302,35.98501051379474,1108.6245220533428,51.58285106195805,,25.09205348069709,54.107393647060185,35.6416602517317,12.81006795712351,102.78582531035987,0.2439699667400047,6.4928872376472215,Water Tank + DSM
2024-03-23 12:00:00,95.64448302124309,76.9,5.0,170.472192114782,74.8277090935389,37.75107963717451,38.70172867509865,1040.2423534614002,53.30618768203161,,20.629708753939283,53.45455668382463,35.27122803889914,12.689386964402736,67.07964356708503,0.23837338054423823,6.173655027822487,Water Tank + DSM
2024-03-23 13:00:00,92.70822071345233,76.2,6.2,149.2436796464731,56.53545893302078,39.899048267392864,40.358966311024844,982.1520166217254,54.13992713287487,,18.060738272198137,51.81351482743738,34.340069418223706,12.386030121151048,48.787393406566885,0.2351514275989107,5.316362496964384,Water Tank + DSM
2024-03-23 14:00:00,87.38655326509858,75.0,7.1,133.39776280134856,46.01120953624998,41.50238869697726,41.724894162632765,951.33939945795,54.543285051342835,,16.143143118415196,48.83929859159545,32.65244208746564,11.836227661852892,38.26314400979609,0.2327464169545341,4.541354795308872,Water Tank + DSM
2024-03-23 15:00:00,89.33506839409505,73.2,7.9,132.19627411641073,42.86120572231569,41.62395915598429,41.731605905078105,1000.1434977288865,54.738427083096546,,15.997744849442793,49.92830037321517,33.27036258287488,12.037536447172299,35.1131401958618,0.23256406126602358,4.606197514865048,Water Tank + DSM
2024-03-23 16:00:00,81.2081895373927,75.3,7.65,118.65229626568531,37.44410672829261,42.99438205279162,43.04646087501888,877.4025065895327,54.83283557444737,,14.358719064861225,45.38628505998812,30.693135988873134,11.197916530069934,29.696041201838707,0.23050842692081258,3.81397781155971,Water Tank + DSM
2024-03-23 17:00:00,74.54308784809271,73.2,7.3,50.411357375286975,-24.131730472805735,44.05267429548083,42.41699900803741,413.17159187288576,51.86768333744957,,6.100535269955864,41.66123950796176,7.208996284875418,0.0,0.0,0.22892098855677875,3.236409822981378,Water Tank + DSM
2024-03-23 18:00:00,62.55697758141255,73.2,6.45,52.54173581428888,-10.015241767123676,42.82091150494121,41.74090142282902,413.17159187288576,49.909841010467545,,6.358343222015806,34.96234595519383,16.286071979910762,0.0,0.0,0.2307686327425882,2.9744051837613252,Water Tank + DSM
2024-03-23 19:00:00,68.62152439273693,74.9,5.4,60.38496827198721,-8.236556120749718,39.98603557769906,38.88365413155745,413.17159187288576,47.91144387373463,,7.307492753587588,38.351748574638655,20.614521930524596,0.0,0.0,0.2350209466334514,3.9150917146915964,Water Tank + DSM
2024-03-23 20:00:00,72.45286748036052,77.2,4.1,68.77749570959617,-3.6753717707643574,37.43356297143631,36.41637164375109,413.17159187288576,46.06747938769358,,8.323115270078382,40.493040364642546,22.976527665116382,3.8100198119487745,0.0,0.23884965554284554,4.753827146339197,Water Tank + DSM
2024-03-23 21:00:00,78.95447701609709,77.0,3.05,201.12670310447922,122.17222608838213,34.649358398870596,37.17054437895471,1134.5157162859646,50.63788544941178,,24.339367354950777,44.126712109064385,43.608419829914666,23.01880765475915,88.7404398161752,0.2430259624016941,5.295205453087726,Water Tank + DSM
2024-03-23 22:00:00,76.84843908525296,79.1,2.1,152.94702153465533,76.09858244940237,39.524332318045765,40.74406628645606,923.2377404699961,52.84901924396032,,18.508898547617264,42.94967271906017,42.94054510715172,22.80122456731698,42.66679617719545,0.23571350152293136,4.503445244921947,Water Tank + DSM
2024-03-23 23:00:00,94.37595449430594,79.2,1.35,176.79354886361503,82.41759436930909,39.20069798876487,40.384301540575464,1055.8805178883094,54.99465581761988,,21.39468834996846,52.74559127456887,48.49893715845349,24.612061334327805,48.98580809710222,0.2361989530168527,5.633008253143318,Water Tank + DSM
2024-03-24 00:00:00,106.61032989456099,82.2,1.0,152.42608954949088,45.81575965492989,39.57704187856166,39.556157949232286,854.3119803809475,54.95679742956227,,18.44585791324026,54.178901953961585,30.742147993851074,18.654367454839996,48.56906386019857,0.2356344371821575,5.663740438856319,Water Tank + DSM
2024-03-24 01:00:00,104.33714752319308,82.8,0.6,149.55129075593933,45.21414323274625,39.86792319377189,39.85781967971219,832.1642301017956,54.93848177880589,,18.097963860248832,53.02368064526082,30.08665326883972,18.25661257227561,47.908740532327464,0.23519811520934217,5.4504346161811155,Water Tank + DSM
2024-03-24 02:00:00,97.69945424897952,79.7,0.15,140.2453538451023,42.54589959612278,40.8095275849938,40.804639568244426,861.4816671468445,54.92962078181573,,16.971805008347413,49.650434042799695,28.17260845558871,17.095168183986395,45.06907271173185,0.2337857086225093,4.823183896578199,Water Tank + DSM
2024-03-24 03:00:00,112.68335339591818,81.5,0.25,161.7487299677352,49.06537657181701,38.63374737316056,38.63138258130687,901.417813574092,54.92533388703359,,19.574038141699972,57.26518585505776,32.49336466707125,19.71700755799172,51.975521874580835,0.23704937894025915,6.310481220821421,Water Tank + DSM
2024-03-24 04:00:00,136.6712065132701,86.5,-0.25,196.07583989147182,59.40463337820171,35.160420855708296,35.15927678423758,912.3732754407921,54.92325991421839,,23.728136656572886,69.45570757482355,39.41050047668492,23.914332779162823,62.93428578622158,0.24225936871643755,8.334684908978826,Water Tank + DSM
2024-03-24 05:00:00,148.4064713898312,85.5,-1.05,212.86901490967537,64.46254351984416,33.461233821538244,33.46068032693444,977.2062486113281,54.92225653917493,,25.760364349440266,75.4195177026019,42.794480715176704,25.96773551606231,68.29526931828065,0.24480814926769262,9.050342124312227,Water Tank + DSM
2024-03-24 06:00:00,128.82153430757174,84.5,-0.55,184.88707574868425,56.065541441112515,36.29253571422688,36.29226793700818,916.2058097225436,54.921771112620455,,22.374127285784652,65.46653859632134,37.146969495311325,22.540819819677903,59.39246925841679,0.2405611964286597,7.855984631558561,Water Tank + DSM
2024-03-24 07:00:00,122.86106593688127,83.1,-0.95,79.46521800171595,-43.39584793516532,37.154032426984415,34.36840413838598,413.17159187288576,49.87198402175333,,9.616491013032162,62.43745471885177,16.70322911898509,0.0,0.0,0.2392689513595234,7.434790210151767,Water Tank + DSM
2024-03-24 08:00:00,114.66744430228391,83.4,0.05,86.66848431486348,-27.998959987420434,33.28917830884024,31.05064089179489,413.17159187288576,45.81396328823106,,10.48819497995974,58.273492149485804,28.092101230181708,0.0,0.0,0.24506623253673965,6.992819057938297,Water Tank + DSM
2024-03-24 09:00:00,107.23987507584516,81.6,1.0,88.71603318013089,-18.52384189571427,30.30530672157912,28.43352044060984,413.17159187288576,42.42078903121037,,10.735979303173488,54.49883405328177,30.923683602557986,3.010244311178605,0.0,0.24954203991763133,6.539860086393812,Water Tank + DSM
2024-03-24 10:00:00,96.16464611212179,79.7,1.4,261.76488724786054,165.60024113573877,28.51379343510642,32.07339754178751,1221.6849436037305,48.87363952102205,,31.677503051612728,48.87045128083659,29.422772410968506,20.92063556843238,162.29701169057452,0.2522293098473404,5.8644541537003905,Water Tank + DSM
2024-03-24 11:00:00,88.01103368941119,79.8,1.7,186.33736415990103,98.32633047048984,36.1457909050127,37.86790505181069,1019.7051191663118,51.99548812626993,,22.54963407760481,44.72682121743147,27.07159724781709,19.493940028065687,94.81252691497637,0.24078131364248095,5.3672185460917765,Water Tank + DSM
2024-03-24 12:00:00,76.41672870727973,78.6,2.65,138.91272282932383,62.495994122044095,40.94436744350115,41.77751546943907,881.277845551758,53.50581890636101,,16.810536537572627,38.83464628961262,23.72826419557863,17.46520204616403,58.682757587605984,0.23358344883474827,3.741088867725729,Water Tank + DSM
2024-03-24 13:00:00,63.9228272732866,75.5,3.65,106.12906397259208,42.20623669930548,44.26152265695118,44.66459444775836,811.6060074420975,54.23650746744496,,12.843218902286392,32.48530039147833,20.125523567308615,15.279055276664621,38.07033432758454,0.22860771601457322,2.4828795781138906,Water Tank + DSM
2024-03-24 14:00:00,62.03490935635018,75.5,3.85,96.20930700555581,34.17439764920564,45.26523532011553,45.460238925101095,760.170951151432,54.59001001161396,,11.642778557141835,31.525868788368324,19.581123676040075,14.948712855044324,29.989738160373783,0.2271021470198267,2.219691909362501,Water Tank + DSM
2024-03-24 15:00:00,64.96319560235216,76.7,4.4,96.90088428342621,31.93768868107405,45.195259324366646,45.289600845715015,734.7720149822139,54.761032325893204,,11.726469848057492,33.01401101222396,20.425524112958183,15.461095920549331,27.828654723495323,0.22720711101345004,2.338331031970846,Water Tank + DSM
2024-03-24 16:00:00,72.60766487199118,75.1,4.75,106.13655031522387,33.528885443232696,44.26076516491531,44.30640700138795,822.1709920656394,54.843771849169286,,12.844124862761294,36.898896758844046,22.62988278865233,16.798703063254116,29.617276532626057,0.22860885225262703,2.8203822657987567,Water Tank + DSM
2024-03-24 17:00:00,61.52927316245197,76.6,4.35,53.01785719593023,-8.511415966521739,45.94562304400423,44.919498313716595,413.17159187288576,52.98361289047595,,6.415961096889914,31.268906692850198,17.742577322337784,3.843845279265933,0.0,0.22608156543399366,2.0739496895077507,Water Tank + DSM
2024-03-24 18:00:00,80.45607588185874,74.9,3.95,58.028820413190786,-22.42725546866795,41.348335912861465,39.689952409310024,413.17159187288576,49.97729519826344,,7.022363293438097,40.88742480315789,16.92887307397801,0.0,0.0,0.2329774961307078,3.839737430442982,Water Tank + DSM
2024-03-24 19:00:00,107.79548297535904,80.6,2.8,79.92483166917995,-27.870651306179084,34.388288555735485,32.23815688702412,413.17159187288576,46.07953640942438,,9.672111205284562,54.781191550368405,24.858901282544856,0.0,0.0,0.2434175671663968,6.573742986044209,Water Tank + DSM
2024-03-24 20:00:00,139.23086891536727,84.4,1.6,101.10098790050395,-38.129881014863315,25.944453932334426,25.0,413.17159187288576,40.94888060884846,,12.234745791962407,70.7565167783559,29.976696568956225,0.0,0.0,0.25608331910149834,8.490782013402708,Water Tank + DSM
2024-03-24 21:00:00,149.30781979597685,84.1,0.5,296.49193432798285,147.184114532006,25.0,25.0,1198.4672715674715,48.1615394556853,,35.88,75.87757900839864,54.560236547783454,57.086272112065416,108.57345411488315,0.2575,9.105309481007836,Water Tank + DSM
2024-03-24 22:00:00,141.7647959948358,84.9,0.0,270.20289104939053,128.43809505455474,27.66000928539706,29.584898426370792,1127.693852229442,51.65097857978682,,32.69862889466513,72.04424740382896,52.385130680977106,55.76641560429311,89.63262950764134,0.2535099860719044,8.645309688459475,Water Tank + DSM
2024-03-24 23:00:00,137.87617672681264,84.5,-0.3,261.96620787813885,124.0900311513262,31.711806960397524,33.5573262239469,1185.5210052297957,54.996535986409555,,31.70186588708331,70.06806815115355,51.263808674492935,55.08599624165326,85.18413864021599,0.24743228955940372,8.408168178138425,Water Tank + DSM
2024-03-25 00:00:00,130.62460141979403,84.1,-0.5,186.73000860942864,56.105407189634604,36.10606188670896,36.084642567433804,929.4552953856,54.95770704343338,,22.597149983496088,60.13361395429202,34.12096578034801,20.704637610486568,64.95670840500578,0.24084090716993656,7.2160336745150415,Water Tank + DSM
2024-03-25 01:00:00,118.96052747215684,84.0,-0.65,170.44282968674824,51.4823022145914,37.7540506213364,37.74368808897799,880.4522593872396,54.93892184429311,,20.62615545688168,54.76400583853286,31.074147158886795,18.855824894330404,59.54322986490107,0.2383689240679954,6.323911704847448,Water Tank + DSM
2024-03-25 02:00:00,120.73483139802273,82.6,-0.9,173.16441654035862,52.42958514233588,37.47867177909783,37.4736584509197,916.8062273997512,54.9298336827391,,20.955508552199,55.58081451129362,31.537620064299492,19.137060736557824,60.610742047508374,0.23878199233135325,6.510067937160269,Water Tank + DSM
2024-03-25 03:00:00,123.53503228657196,83.9,0.2,177.2564345936921,53.72140230712013,37.064628335122705,37.0622029183855,904.1257003827894,54.925436887165326,,21.450704511193248,56.86989939573536,32.269071549377934,19.58090626032444,62.09230464507251,0.23940305749731594,6.802335485988991,Water Tank + DSM
2024-03-25 04:00:00,125.38620048033822,84.0,0.05,179.94567851269966,54.55947803236144,36.79252205421126,36.791348652802064,910.6078678577035,54.92330974503625,,21.776143623163332,57.72209287474671,32.7526224724554,19.87432546460445,63.05581805284256,0.23981121691868312,6.926651144969605,Water Tank + DSM
2024-03-25 05:00:00,127.65144849004776,82.4,-0.15,183.20431665872255,55.55286816867479,36.46280264851389,36.46223496426977,952.7346999392084,54.92228064701218,,22.17048803237739,58.76490983147627,33.34433681250458,20.23337834307551,64.20270448498017,0.24030579602722915,7.051789179777152,Water Tank + DSM
2024-03-25 06:00:00,122.88112086940714,85.4,-1.15,176.3964760266056,53.51535515719846,37.151641687007206,37.15136704492947,873.3898489689014,54.92178277584093,,21.346636542339393,56.568868377897296,32.0982607767827,19.477258105424077,61.84194756533222,0.23927253746948918,6.736795013550198,Water Tank + DSM
2024-03-25 07:00:00,124.31666522492326,84.9,-2.35,82.94243691049697,-41.37422831442629,36.943540399847734,34.19806144234563,413.17159187288576,49.944778394248814,,10.037286994311872,57.22972758168115,19.22768240106545,0.0,0.0,0.2395846894002284,6.867567309801737,Water Tank + DSM
2024-03-25 08:00:00,123.86238127073389,83.5,-1.2,89.01537049820203,-34.84701077253186,32.03223297868456,29.483355747245025,413.17159187288576,45.32417363078824,,10.772203637561322,57.020595950809714,25.533445517831485,0.0,0.0,0.24695165053197315,6.8424715140971655,Water Tank + DSM
2024-03-25 09:00:00,125.70233105577003,84.6,-0.2,99.36957132616251,-26.332759729607517,27.145541097015123,25.0,413.17159187288576,41.1117525557559,,12.025218248394733,57.86762498566256,32.83520018315604,2.109435435545123,0.0,0.2542816883544773,6.944114998279507,Water Tank + DSM
2024-03-25 10:00:00,122.94431938079423,83.0,0.5,296.49193432798285,173.5476149471886,25.0,27.264334563896426,1221.196823269613,48.24033588233267,,35.88,56.59796209259522,33.54810458763695,23.569603224315486,176.36282644747385,0.2575,6.791755451111426,Water Tank + DSM
2024-03-25 11:00:00,108.50011593890355,81.1,1.1,221.88045380620082,113.38033786729727,32.5494276791266,34.45187903960814,1091.7556990698185,51.68909979691651,,26.85088449576459,49.94850904767828,29.77507740892624,21.280126398465654,115.2167904348039,0.2461758584813101,5.993821085721393,Water Tank + DSM
2024-03-25 12:00:00,102.65287504203378,80.2,1.6,179.4389034630654,76.78602842103162,36.84379917081643,37.76419320995442,988.7037089425511,53.357590153786255,,21.71481619170355,47.256705796465965,28.2476966216704,20.353310144291353,78.22626396743742,0.23973430124377534,5.670804695575916,Water Tank + DSM
2024-03-25 13:00:00,86.48935672500369,80.7,1.9,139.84732759412884,53.357970869125154,40.84980115114078,41.295082016069856,838.3482359415991,54.16479532639755,,16.923637823235627,39.815758531901686,24.0255604437158,17.791313509453325,53.70294436099332,0.23372529827328883,3.8581945056502516,Water Tank + DSM
2024-03-25 14:00:00,84.37142064720506,77.1,2.0,128.8425975757862,44.47117692858113,41.96329484970822,42.17871894008771,875.990131635692,54.555316127436456,,15.59189935974897,38.8407572756459,23.472326032662654,17.45561029201675,44.67263618212255,0.23205505772543766,3.5042220898076253,Water Tank + DSM
2024-03-25 15:00:00,74.91297105878405,80.2,1.05,111.46452555379756,36.551554495013505,43.721663629086024,43.82588445322409,729.9656501666182,54.7442476422714,,13.488890299613118,34.48651810496811,21.001647223052483,15.95639981438281,36.112096299410226,0.22941750455637097,2.7475415259562888,Water Tank + DSM
2024-03-25 16:00:00,93.83615242937006,79.8,0.75,136.64334159422344,42.80718916485338,41.17399067830287,41.22441205951836,845.1025441163565,54.83565152447915,,16.535907148749768,43.197888482045,25.944645838803606,18.955816528056495,43.64999155755898,0.2332390139825457,4.101901114766863,Water Tank + DSM
2024-03-25 17:00:00,109.91372401627478,81.8,0.85,74.12738506083444,-35.78633895544034,38.94031225329309,36.53321882825928,413.17159187288576,50.47207245185181,,8.970532645385758,50.599269788636455,17.79442334372466,0.0,0.0,0.23658953162006038,5.48284207556493,Water Tank + DSM
2024-03-25 18:00:00,124.43627487914094,83.5,1.0,88.2469382774955,-36.18933660164544,32.476532544991414,29.881632742167714,413.17159187288576,45.76803796884985,,10.679211738333297,57.284790415892736,24.47088144997454,0.0,0.0,0.24628520118251288,6.874174849907128,Water Tank + DSM
2024-03-25 19:00:00,119.39257202408919,82.5,0.95,93.39167186075869,-26.0009001633305,28.501900771083612,26.265281089476233,413.17159187288576,41.71349370621858,,11.3018021686122,54.96289946205069,31.187003215187346,1.013609482255056,0.0,0.25224714884337457,6.595547935446083,Water Tank + DSM
2024-03-25 20:00:00,107.89528447459733,80.7,1.05,94.41529211970624,-13.479992354891095,26.110054119084623,25.0,413.17159187288576,38.573525947416556,,11.42567567287559,49.67007220357176,28.18375152462497,10.933069142470027,0.0,0.25583491882137305,5.960408664428612,Water Tank + DSM
2024-03-25 21:00:00,107.76633910600077,82.4,-0.5,296.4919343279828,188.72559522198202,25.0,27.643870574617484,1233.9619468577969,47.01235776482344,,35.879999999999995,49.61071163188695,37.81124529308374,47.01531538207693,156.43298925692523,0.2575,5.953285395826434,Water Tank + DSM
2024-03-25 22:00:00,141.24228714987183,85.5,-2.85,280.8135297821033,139.57124263223145,26.586391000626953,28.838516891061072,1138.6838903869418,51.095011683535624,,33.98267636325018,65.02151261840798,46.55562931611172,52.32141672426098,109.5470125809442,0.25512041349905956,7.802581514208958,Water Tank + DSM
2024-03-25 23:00:00,156.1713409321139,90.8,-3.2,261.80181220834714,105.63047127623324,28.510057249779464,29.599621633921856,1004.0503519501818,53.070174049681455,,31.681971529263773,71.89416866548069,50.45530615875926,54.68774469823437,76.617854278313,0.25223491412533083,8.627300239857682,Water Tank + DSM
2024-03-26 00:00:00,166.31531236241494,87.7,-3.4,256.7794699971702,90.46415763475528,29.01823386064347,29.54535827772597,1045.340791450214,54.02574521743532,,31.074192302670426,78.79451613254116,44.709519548934786,27.129783077031593,110.34641150281456,0.2514726492090348,9.455341935904938,Water Tank + DSM
2024-03-26 01:00:00,132.28949498021194,88.0,-3.5,198.70395265723064,66.4144576770187,34.89450001994773,35.14951950767015,893.8564539619966,54.488044556615364,,24.046177976142523,62.67424567420437,35.56256894162631,21.579403911784812,82.22907682370601,0.2426582499700784,7.520909480904525,Water Tank + DSM
2024-03-26 02:00:00,119.74454892060012,84.3,-3.7,176.2051003548092,56.460551434209066,37.171005688145726,37.29438251724075,893.1637299932901,54.711702078125384,,21.323477196977713,56.73087858048796,32.19018847271106,19.53303992715844,70.77547822680452,0.2392434914677814,6.749497612073947,Water Tank + DSM
2024-03-26 03:00:00,116.16741712719183,84.7,-2.8,168.88204764390647,52.71463051671465,37.91197552877571,37.97166446507426,862.2824631523031,54.81990618461786,,20.437277267584246,55.036155678547686,31.228570197311385,18.949528955049953,66.60192715652495,0.23813203670683644,6.3031889183653655,Water Tank + DSM
2024-03-26 04:00:00,129.20922692006192,87.0,-3.0,186.4527222363722,57.24349531631029,36.134118606735925,36.16299573984576,875.6749580697705,54.872254652859745,,22.563594146343842,61.21491984358476,34.734519478861635,21.076942634443856,72.68988215363498,0.24079882208989611,7.345790381230171,Water Tank + DSM
2024-03-26 05:00:00,142.1680144194098,86.7,-3.4,204.45676173291886,62.28874731350908,34.31241244086461,34.326383016793,932.3390064672626,54.89758051355118,,24.742354720725935,67.35435088076139,38.21815038934608,23.1908135030056,79.28429940341633,0.24353138133870308,8.082522105691366,Water Tank + DSM
2024-03-26 06:00:00,145.50015942524726,87.7,-3.35,208.96894720357972,63.468787778332455,33.85585511687992,33.86261399391347,927.1372847490322,54.909833006151324,,25.288397280211612,68.93300740786636,39.113910377781416,23.734361597919406,80.86268294315082,0.24421621732468013,8.271960888943962,Water Tank + DSM
2024-03-26 07:00:00,154.54674266018066,88.1,-3.65,96.05875251798102,-58.487990142199635,32.55982230615436,28.949444518879357,413.17159187288576,48.3649399858023,,11.624559191321891,73.2189696474468,26.743294858091346,0.0,0.0,0.24616026654076847,8.786276357693614,Water Tank + DSM
2024-03-26 08:00:00,134.200409011723,88.4,-3.25,102.8082284965574,-31.39218051516559,28.957345068379453,26.38129066361585,413.17159187288576,43.69506844127844,,12.441347677188183,63.57957149384804,36.07626817373312,6.541997023205106,0.0,0.25156398239743083,7.629548579261765,Water Tank + DSM
2024-03-26 09:00:00,116.56986478428249,82.8,-2.3,96.78979462696036,-19.78007015732213,26.837141315926058,25.0,413.17159187288576,40.0303593029504,,11.713026322576676,55.2268216368332,31.336757718571658,13.170514560825481,0.0,0.25474428802611093,6.627218596419984,Water Tank + DSM
2024-03-26 10:00:00,101.23748213512508,82.7,-1.2,292.64003109116607,191.402548956041,25.389747860650644,29.63004194030083,1219.8380923364643,47.71716460735496,,35.413861558661836,47.962862264488926,28.272373056964245,19.828679877826854,199.1331528006062,0.25691537820902405,5.755543471738671,Water Tank + DSM
2024-03-26 11:00:00,101.57586632957226,82.7,0.05,217.15447570665992,115.57860937708766,33.02761722349845,35.079044911044846,1044.370431277986,51.43599281455676,,26.278969800695855,48.12317714163184,28.36333879272115,19.883877981126233,123.34966554298981,0.2454585741647523,5.774781256995821,Water Tank + DSM
2024-03-26 12:00:00,97.92356853101946,79.9,1.45,175.18099441262524,77.25742588160578,37.274627995225195,38.26709584726134,981.7922080950169,53.23513858279357,,21.19954491771067,46.39284315301018,27.38151410380074,19.288105736225884,84.59186613402943,0.2390880580071622,5.490696537313773,Water Tank + DSM
2024-03-26 13:00:00,90.54965483974472,78.7,2.8,146.8607229139482,56.311068074203476,40.14016343343534,40.62031315711548,909.8530456061047,54.10555402416725,,17.772364533611334,42.89933462962773,25.399230370275372,18.085253899967377,62.7639898306536,0.234789754849847,4.339654624019347,Water Tank + DSM
2024-03-26 14:00:00,84.09770721246791,78.2,3.65,129.03687708132372,44.939169868855814,41.943637029405835,42.17593045500866,850.2181734485505,54.526655556882,,15.615410112830624,39.84262214667862,23.66479308682278,17.03279554802104,50.62079006054438,0.23208454445589125,3.5993098844437617,Water Tank + DSM
2024-03-26 15:00:00,86.0006843565049,76.7,3.7,127.59494175180697,41.594257395302066,42.08953664715952,42.201918749901736,880.6976154546338,54.73038183794938,,15.440914169997217,40.744187740043465,24.176358694426593,17.34321409208012,47.50337001775618,0.23186569502926072,3.6450883088350223,Water Tank + DSM
2024-03-26 16:00:00,89.27676568987094,78.2,3.8,130.26385511999,40.98708943011907,41.81948747625384,41.873857232883786,855.373693749152,54.82894333529177,,15.763892978400406,42.296283213435146,25.057047431605866,17.877616936018253,47.28784296547035,0.23227076878561925,3.8524755421768,Water Tank + DSM
2024-03-26 17:00:00,96.51376709880063,78.7,3.85,65.42583407568128,-31.087933023119348,40.87145908019988,38.764754836733545,413.17159187288576,51.00990978495261,,7.917513614514167,45.72492737233581,22.13863292357938,0.0,0.0,0.2336928113797002,4.424858173077641,Water Tank + DSM
2024-03-26 18:00:00,103.76339041882909,78.2,3.6,72.97949520819812,-30.783895210630973,36.00401029971993,33.81918933223672,413.17159187288576,47.04926623368988,,8.83162064426862,49.15955136173776,26.440779662198512,0.0,0.0,0.2409939845504201,5.899146163408532,Water Tank + DSM
2024-03-26 19:00:00,86.26747311159107,80.6,2.7,79.60438887791832,-6.663084233672748,34.57356526504995,33.300630507112544,413.17159187288576,44.74169004541726,,9.633332790025046,40.87058314265564,23.190752677752315,14.072172903846374,3.649807445375332,0.24313965210242508,4.904469977118677,Water Tank + DSM
2024-03-26 20:00:00,88.76338019693095,77.2,1.45,78.33927729787925,-10.424102899051704,31.90503970247572,30.494769972121325,413.17159187288576,42.18515301277266,,9.480235190271832,42.0530586965156,23.861711984139948,14.47931171051346,0.18716334092483855,0.24714244044628642,5.0463670435818715,Water Tank + DSM
2024-03-26 21:00:00,98.31369732697549,81.4,0.4,267.1652339055951,168.85153657861957,27.967369128154388,31.594072080337885,1194.4670136248928,48.75964029282552,,32.33102652272736,46.57767285551973,30.64944371481599,34.661067473186456,157.7602383748243,0.2530489463077684,5.589320742662367,Water Tank + DSM
2024-03-26 22:00:00,113.70644233130507,85.1,-0.4,224.18929922829167,110.4828568969866,32.31581133195776,34.07038747947561,1014.639592307023,51.94033601448514,,27.130289646978515,53.87022985066163,34.78738040812054,37.17197177295132,101.23169271065021,0.24652628300206336,6.464427582079396,Water Tank + DSM
2024-03-26 23:00:00,110.66417374846147,81.6,-0.1,217.49913263750182,106.83495888904035,35.936469321397595,37.62156804967836,1137.8599656409083,54.99508306732687,,26.32067849238973,52.42890687489115,33.96954611045015,36.675709068439986,97.22010506138508,0.2410952960179036,6.291468824986937,Water Tank + DSM
2024-03-27 00:00:00,98.78749628788233,81.0,0.2,141.2410484261053,42.45355213822296,40.708780030097266,40.687774438713575,837.4353532224466,54.9570041302915,,17.092299084003674,61.580209441203614,34.94179180195441,4.369629867767721,42.45355213822296,0.2339368299548541,6.019300426795976,Water Tank + DSM
2024-03-27 01:00:00,102.27086315437572,81.7,0.75,146.59600209580384,44.32513894142812,40.16694873052051,40.15678635712178,843.1970226835514,54.93858177932258,,17.740329318297473,63.751602271872244,36.17388173633377,4.523708313645786,44.32513894142812,0.23474957690421924,6.438803937323344,Water Tank + DSM
2024-03-27 02:00:00,104.30500006804141,81.1,1.35,149.68537031318232,45.38037024514091,39.85435659633169,39.84944010380315,866.9659669145158,54.92966916143868,,18.1141895107873,65.01960259461129,36.8933694367493,4.613683520499699,45.38037024514091,0.23521846510550246,6.688817522012592,Water Tank + DSM
2024-03-27 03:00:00,120.7930730954752,80.8,0.95,173.33910359824543,52.546030502770236,37.46099638516685,37.45861781690972,955.4729575772042,54.92535729279179,,20.976648323340445,75.29761376469271,42.72531008297339,5.342994203226736,52.546030502770236,0.23880850542224974,8.827442085219845,Water Tank + DSM
2024-03-27 04:00:00,124.19667174773556,84.9,0.95,178.2463260904776,54.04965434274203,36.964467954804526,36.96331721839623,888.30848641368,54.92327123777741,,21.570496326053796,77.41928225246572,43.92918547159666,5.493544291928956,54.04965434274203,0.2395532980677932,9.290313870295886,Water Tank + DSM
2024-03-27 05:00:00,119.71730517725629,82.1,1.05,171.86478876513357,52.147483587877275,37.610172264414985,37.60961554535619,922.8411685615871,54.9222620174418,,20.798233971759682,74.62702268582788,42.34480384445018,5.295410168780342,52.147483587877275,0.23858474160337753,8.682030685786785,Water Tank + DSM
2024-03-27 06:00:00,89.03675884598147,79.4,1.45,128.0244601199298,38.987701273948346,42.046076608110255,42.045807270920434,818.7616740970639,54.92177376297161,,15.492892376700135,55.501986220234144,31.49289138020929,3.938329195517387,38.987701273948346,0.23193088508783463,4.97983470021061,Water Tank + DSM
2024-03-27 07:00:00,88.00160660949689,78.0,1.85,61.92554773436493,-26.076058875131956,42.19528845836778,40.33760839904902,413.17159187288576,51.55417126521373,,7.4939261256636245,54.856713347435665,8.94323400134203,0.0,0.0,0.23170706731244833,4.872826903384747,Water Tank + DSM
2024-03-27 08:00:00,83.76794637651247,81.2,1.85,72.22553355758079,-11.54241281893168,39.43994313199144,38.054539229393484,413.17159187288576,49.0427110062802,,8.740379902474192,52.21761737226968,21.79214050163558,0.0,0.0,0.23584008530201284,5.501665983413802,Water Tank + DSM
2024-03-27 09:00:00,107.84037433637516,77.2,3.05,75.67203378000396,-32.168340556371206,33.44721233175093,31.173629169994328,413.17159187288576,44.9211593451187,,9.15745845896453,67.22341477811472,10.745576567348241,0.0,0.0,0.2448291815023736,8.066809773373766,Water Tank + DSM
2024-03-27 10:00:00,97.8948227409979,80.4,4.7,239.5264286078487,141.6316058668508,30.763951641644145,33.61155949875295,1152.8080914827879,50.08330300065826,,28.986313836593606,61.02375213592308,38.7273995660979,5.213564570115393,136.64683356324832,0.24885407253753378,7.32285025631077,Water Tank + DSM
2024-03-27 11:00:00,100.88066106697987,75.5,6.1,192.77615229031488,91.89549122333501,35.49429377626202,36.8719486019928,1151.1505949382545,52.58071573268734,,23.328824643590625,62.885005395502816,39.78351036008666,5.345636024700245,86.91071891973253,0.24175855933560697,7.546200647460337,Water Tank + DSM
2024-03-27 12:00:00,77.37450703419965,74.0,7.35,134.497789455241,57.12328242104134,41.391084490029534,42.05758525632052,985.325147517468,53.78894835275549,,16.27626294992468,48.232200709801354,31.469227974747707,4.305897225787248,52.138510117438855,0.2329133732649557,4.517114074435361,Water Tank + DSM
2024-03-27 13:00:00,78.35500449228829,72.7,7.9,123.95812877734302,45.60312428505473,42.457520988727566,42.77996988025656,979.1706780930994,54.37348371828585,,15.000804897481839,48.84340396015717,31.81603642045463,4.349267198092741,40.61835198145225,0.23131371851690866,4.261825061578119,Water Tank + DSM
2024-03-27 14:00:00,51.80723482370915,73.5,8.45,80.23761406030646,28.430379236597304,46.88130217685315,47.03730092870286,720.0986154943879,54.656278262879766,,9.709962596483637,32.2945766508404,22.425914437177703,3.1749897679978654,23.445606932994814,0.22467804673472028,1.9606743747378474,Water Tank + DSM
2024-03-27 15:00:00,38.64516982874381,66.9,8.8,58.630799323554605,19.985629494810794,49.067548637728216,49.14301985570414,785.4445722137309,54.79309249032953,,7.095211829277055,24.089867051695283,17.770404863398923,2.592797137506477,15.000857191208311,0.22139867704340768,1.1465501922669985,Water Tank + DSM
2024-03-27 16:00:00,39.02461468326158,69.8,8.2,57.82097868294609,18.79636399968451,49.149488874225106,49.18600137624982,668.8910867653573,54.85928235569468,,6.997211306426775,24.326397933543916,17.90461702187134,2.609580977888866,13.811591696082033,0.22127576668866233,1.1458479457638833,Water Tank + DSM
2024-03-27 17:00:00,73.80267467554611,74.1,7.9,51.737007588123426,-22.06566708742269,44.18619704639268,42.61902595698989,413.17159187288576,52.01831453208456,,6.260958958190011,46.00566199792053,7.303313538110178,0.0,0.0,0.22872070443041098,3.537044925549685,Water Tank + DSM
2024-03-27 18:00:00,77.25050290304793,75.7,7.3,60.280191655505234,-16.970311247542696,40.84661633421554,39.385293551697785,413.17159187288576,49.369228524108614,,7.294813201248688,48.154901449724505,13.770695539085622,0.0,0.0,0.2337300754986767,4.667187591032642,Water Tank + DSM
2024-03-27 19:00:00,58.06169528212164,72.1,6.45,53.83605638095873,-4.22563890116291,40.97254873339483,40.11611519637361,413.17159187288576,47.81668576844493,,6.514975550100461,36.193359385938535,18.87938827194077,0.0,0.0,0.23354117689990775,3.4805238223971395,Water Tank + DSM
2024-03-27 20:00:00,53.28434714481768,72.5,5.4,147.15004010481007,93.8656929599924,40.11088939687334,42.13397780481183,1085.3308261258558,51.48414052825816,,17.807376281339486,33.21534992195328,34.527372670361515,6.215316033113231,74.32693711965597,0.23483366590469,3.3658663113205405,Water Tank + DSM
2024-03-27 21:00:00,74.47363085548304,77.5,4.3,141.1892231468518,66.71559229136875,40.714023877222914,41.692781363482325,916.8959196228831,53.258432144778595,,17.086027442841395,46.42390948509218,42.02216267590024,7.152573585515491,47.1768364510323,0.23392896418416564,4.536352088401056,Water Tank + DSM
2024-03-27 22:00:00,97.38411752940235,78.8,3.7,156.39869634069456,59.01457881129221,39.17508084712168,39.64859758180805,942.8997390582704,54.116823303396465,,18.926603306842473,60.70539875037801,50.12575357073029,8.165964455992807,39.47582297095575,0.2362373787293175,6.4924129492123726,Water Tank + DSM
2024-03-27 23:00:00,99.17349840743249,79.3,2.9,150.4726414910987,51.29914308366621,39.774697986423725,40.00378241354261,909.4589973978153,54.53210756351058,,18.209461208237226,61.82082786215618,50.75866944008604,8.245113461922337,31.760387243329802,0.23533795302036442,6.389294583929706,Water Tank + DSM
2024-03-28 00:00:00,81.18405091022012,79.2,2.75,120.65686514400744,39.47281423378732,42.79155337724614,42.90238298664344,791.6818043718072,54.7330194845702,,14.601302160813628,56.36343452001111,27.09236629064642,0.0,39.47281423378732,0.2308126699341308,4.805021105115961,Water Tank + DSM
2024-03-28 01:00:00,76.4257956174446,76.0,2.8,111.87048282615191,35.44468720870731,43.6805875768884,43.73420624697282,826.8996953101109,54.83021941218793,,13.538017258041476,53.059933307433816,25.5044633238575,0.0,35.44468720870731,0.2294791186346674,4.240362809187041,Water Tank + DSM
2024-03-28 02:00:00,71.59344029286153,78.3,3.0,104.00318503733597,32.40974474447444,44.47662587114902,44.50256624752727,734.5654304248121,54.87724412769044,,12.585955458105776,49.70498686338692,23.89183203689521,0.0,32.40974474447444,0.22828506119327646,3.7348448793589055,Water Tank + DSM
2024-03-28 03:00:00,79.1072628302746,77.0,4.15,114.2775999288219,35.17033709854729,43.43702778750062,43.449577578936825,813.3949529809692,54.899994390188475,,13.829314766149263,54.921588398223015,26.399310170151093,0.0,35.17033709854729,0.22984445831874908,4.469399863868563,Water Tank + DSM
2024-03-28 04:00:00,63.47152565244785,76.1,4.35,91.70531298970687,28.233787337259017,45.72096380656399,45.727035316969065,721.1428171672554,54.91100082453257,,11.097727287349473,44.066206845889084,21.1814242172264,0.0,28.233787337259017,0.22641855429015403,2.9821460515333253,Water Tank + DSM
2024-03-28 05:00:00,73.00597287858184,74.3,3.95,105.22368540554409,32.217712526962245,44.35313174936377,44.35606910802714,839.3882252221913,54.9163256684539,,12.733654427760934,50.68566209466694,24.363215883608273,0.0,32.217712526962245,0.22847030237595434,3.846089344245117,Water Tank + DSM
2024-03-28 06:00:00,87.6136766777595,79.8,3.1,126.04918312856114,38.43550645080164,42.24594143706546,42.247362512768504,801.833011768378,54.91890179455433,,15.25385404126971,60.827313654813686,29.23803128830209,0.0,38.43550645080164,0.2316310878444018,5.384698487334653,Water Tank + DSM
2024-03-28 07:00:00,99.62509797950304,79.9,3.35,68.12389572980697,-31.501202249696064,40.511467723128675,38.35443453519808,413.17159187288576,51.00863193135433,,8.24401980554917,69.16645108935457,1.7452250465606198,0.0,0.0,0.23423279841530698,6.8427195675807875,Water Tank + DSM
2024-03-28 08:00:00,90.19868543218922,77.5,3.0,68.37823263604514,-21.82045279614408,37.96441275316196,36.204603596052706,413.17159187288576,47.81844980966455,,8.274798410763202,62.622000788929256,8.280235667481609,0.0,0.0,0.23805338087025707,7.152279357535341,Water Tank + DSM
2024-03-28 09:00:00,73.60204877227167,76.9,4.25,68.70690408592706,-4.895144686344608,37.174378318497425,36.108010071303184,413.17159187288576,45.88533740165499,,8.314572617938492,51.09949811573588,19.666990889836384,0.0,0.0,0.23923843252225385,6.0784759065433995,Water Tank + DSM
2024-03-28 10:00:00,68.66664119682439,74.8,5.4,188.22289049254917,119.55624929572478,35.95500733409481,38.528059395866016,1157.5457657945756,50.5497662986629,,22.777811228422607,47.673005860306056,27.073457006313003,0.0,115.39790645771158,0.2410674889988578,5.720760703236726,Water Tank + DSM
2024-03-28 11:00:00,68.64437819404652,73.7,6.25,142.09221945974403,73.4478412656975,40.62265582888741,41.867482282398676,1026.2199230218196,52.80638775136719,,17.19530362865066,47.657549384739475,27.066027499910874,0.0,69.28949842768431,0.2340660162566689,4.68302453175404,Water Tank + DSM
2024-03-28 12:00:00,73.64580395972122,74.6,6.85,126.93819343337411,53.29238947365289,42.15598853765577,42.75822777034925,934.6705157132637,53.898127060347036,,15.361437708963697,51.1298759130381,28.735080193142252,0.0,49.13404663563969,0.23176601719351633,4.553834784728253,Water Tank + DSM
2024-03-28 13:00:00,83.90651025229698,74.3,7.1,130.81362206127824,46.907111808981256,41.76386030286706,42.055219867384785,960.4786659341802,54.42630369242836,,15.830423077771002,58.25354910705279,32.1592356788869,0.0,42.74876897096805,0.2323542095456994,5.325355272293102,Water Tank + DSM
2024-03-28 14:00:00,82.69827861650009,74.4,7.75,123.86674808745722,41.168469470957135,42.4667671785195,42.60772510890259,926.6433740698524,54.68183223516943,,14.989746454490685,57.414713351436774,31.756030201038104,0.0,37.01012663294394,0.23129984923222074,5.006528379089975,Water Tank + DSM
2024-03-28 15:00:00,69.89595030547441,71.6,9.8,103.04356020820853,33.14760990273412,44.57372377345477,44.64191833631656,910.8260018018957,54.80545534189054,,12.469826366948094,48.526475016789426,27.483696360996166,0.0,28.989267064720927,0.22813941433981785,3.618020297155028,Water Tank + DSM
2024-03-28 16:00:00,79.4999450982944,68.5,10.5,115.54833594857779,36.04839085028338,43.30845066219337,43.34144276410116,1095.745240729216,54.86526342576031,,13.983093008016729,55.19421486921766,30.688697119929532,0.0,31.890048012270185,0.23003732400670995,4.534165896260363,Water Tank + DSM
2024-03-28 17:00:00,83.59060011978742,73.6,10.6,53.310046014863694,-30.28055410492373,42.776682489413105,40.85261226607544,413.17159187288576,51.37730883558744,,6.451320354965836,58.03422302183932,0.0,0.0,0.0,0.23083497626588034,4.952635083118993,Water Tank + DSM
2024-03-28 18:00:00,82.60376832284251,72.3,9.9,56.847366986926595,-25.756401335915918,39.431440070594846,37.65195556609444,413.17159187288576,48.15145924323375,,6.879389593224499,57.3490979419036,1.8097464886737953,0.0,0.0,0.23585283989410774,6.045246384537955,Water Tank + DSM
2024-03-28 19:00:00,64.49709476765867,69.9,8.85,53.746871633465,-10.750223134193668,38.824114432444034,37.70156333918907,413.17159187288576,46.11649856927757,,6.5041828492894656,44.77822598047077,10.773449268657181,0.0,0.0,0.23676382835133394,4.883303468035189,Water Tank + DSM
2024-03-28 20:00:00,41.738219299653984,72.5,7.9,147.45074692283592,105.71252762318193,40.080462921491396,42.58769037981147,1086.528052479348,50.661600622094014,,17.84376634589629,28.977482203733665,37.306308935068486,0.0,82.33490434628624,0.2348793056177629,2.9417135075273695,Water Tank + DSM
2024-03-28 21:00:00,55.624543078055474,71.2,6.15,122.37829827826052,66.75375520020503,42.6173732797516,43.83035420285742,1022.8290360028684,52.86049249580122,,14.809621557417094,38.61830318066615,41.94038873297131,0.0,43.37613192330936,0.2310739400803726,3.3325958353014173,Water Tank + DSM
2024-03-28 22:00:00,75.35325491773851,76.1,5.15,128.84385438296502,53.49059946522651,41.96316768194748,42.550000246713864,901.6568064570515,53.92430259644778,,15.592051452390812,52.31530333615061,48.524163275022644,0.0,30.11297618833082,0.23205524847707878,4.719938663602502,Water Tank + DSM
2024-03-28 23:00:00,119.94022849292378,79.1,5.0,192.75126540574777,72.811036912824,36.5789652309673,37.17028640336674,1082.9145505098409,54.996249645219855,,23.32581295485686,83.27058257356612,63.403522044963346,0.0,49.43341363592825,0.24013155215354906,9.992469908827934,Water Tank + DSM
2024-03-29 00:00:00,118.8872592679269,81.5,4.65,169.95719177205513,51.06993250412823,37.80318901518112,37.78185123336946,929.1601586477644,54.957568513361245,,20.567385937843383,75.95410775006847,43.09781736030145,2.7277275987816156,51.06993250412822,0.23829521647722832,8.748459899991788,Water Tank + DSM
2024-03-29 01:00:00,107.09385108225821,75.9,5.05,153.48370050645366,46.38984942419545,39.47002942717475,39.45970634212995,1006.4778395244343,54.93885482431284,,18.573844805099,68.41959310492791,38.8225892562034,2.4571417917755998,46.38984942419543,0.23579495585923788,7.196360722404383,Water Tank + DSM
2024-03-29 02:00:00,88.18356001929264,76.7,5.1,126.64103424616454,38.457474226871895,42.18605605243149,42.18106180861631,876.5579545025427,54.92980125889288,,15.325476961291942,56.33827931381145,31.967420119659113,2.0232675217228437,38.45747422687188,0.23172091592135277,5.007552671143568,Water Tank + DSM
2024-03-29 03:00:00,107.02376127884224,77.7,4.7,153.65794991966447,46.63418864082223,39.45239831552858,39.44998213168651,959.7355957147427,54.925421200711845,,18.594931614627818,68.37481447588374,38.797181003333904,2.455533664106174,46.63418864082221,0.23582140252670714,7.198884058034628,Water Tank + DSM
2024-03-29 04:00:00,97.50554233404424,80.0,4.75,140.09728294187013,42.5917406078259,40.82450987146657,40.82334093687415,854.3111015540172,54.92330215602844,,16.95388619372599,62.29386154809624,35.34673169359081,2.237149384185476,42.59174060782588,0.23376323519280015,6.045802455236754,Water Tank + DSM
2024-03-29 05:00:00,116.86254097569507,75.5,4.3,167.78429918149337,50.9217582057983,38.02304922104001,38.022483697813826,1069.5173788072873,54.922276975497795,,20.30443313163615,74.66056568106394,42.363836783223675,2.6812728314710816,50.92175820579829,0.23796542616844,8.50097928035316,Water Tank + DSM
2024-03-29 06:00:00,98.67270461975757,82.2,4.0,141.79652924050114,43.12382462074358,40.652574708796884,40.65230111220612,815.3090464410042,54.9217809995853,,17.159520648278928,63.03953245141061,35.76983966436288,2.2639285428489155,43.12382462074357,0.23402113793680468,6.183204282850856,Water Tank + DSM
2024-03-29 07:00:00,97.52972293821632,77.0,4.05,62.579166654207526,-34.9505562840088,40.817372755732336,38.58704350864869,413.17159187288576,50.87864003695058,,7.573023882225223,62.309309933617584,2.642645299349411,0.0,0.0,0.2337739408664015,6.049970019019666,Water Tank + DSM
2024-03-29 08:00:00,71.15997659358491,75.4,4.1,60.20907974850832,-10.950896845076592,40.58773250371834,39.375352171499294,413.17159187288576,48.68083691443086,,7.286207586971752,45.46233602291156,16.477986003738085,0.0,0.0,0.23411840124442249,4.476840118883197,Water Tank + DSM
2024-03-29 09:00:00,65.49198515612908,76.6,4.3,64.6680283327703,-0.8239568233587704,39.20961452689707,38.359747774589124,413.17159187288576,47.14019842640022,,7.825807679520443,41.84119751725565,23.741497888023797,0.6786793422775537,0.0,0.23618557820965438,4.466226194929291,Water Tank + DSM
2024-03-29 10:00:00,76.08191173981368,75.3,4.65,186.41932539939253,110.33741365957886,36.13749780526846,38.35322025934793,1137.1592170710207,51.15686019399897,,22.559552624898927,48.60683775284892,30.582671008484674,2.0809196909656222,106.99988437726141,0.24079375329209732,5.83282053034187,Water Tank + DSM
2024-03-29 11:00:00,59.855510025883326,76.3,5.45,123.53074370821513,63.6752336823318,42.50076517377731,43.572717803674124,873.1100024509204,53.10009597123093,,14.94908485216234,38.24019399501564,24.700438532203563,1.708624088757676,60.33770440001435,0.23124885223933403,3.3267213152042547,Water Tank + DSM
2024-03-29 12:00:00,61.205941992316866,71.5,6.35,106.25572992437652,45.04978793205966,44.248706191767575,44.7673101525782,931.4638592312172,54.0402212554596,,12.85854739464598,39.10295133099286,25.189983590313638,1.73960815355823,41.71225864974222,0.22862694071234863,2.9916793271430184,Water Tank + DSM
2024-03-29 13:00:00,57.67135807661703,72.7,7.75,91.91259185566415,34.241233779047114,45.6999906694943,45.950888013898734,813.2271601373793,54.49504797304146,,11.122811159284822,36.84479373498249,23.908661664133223,1.6585113046912208,30.90370449672967,0.22645001399575856,2.4980790779151607,Water Tank + DSM
2024-03-29 14:00:00,85.63721021730875,73.2,8.05,127.38782456373475,41.750614346426005,42.110493425144895,42.23187598715003,978.8471208658435,54.71509028707838,,15.415849863526708,54.71147987020254,34.04656201869108,2.3001547169234535,38.41308506410856,0.23183425986228265,4.8877616354846,Water Tank + DSM
2024-03-29 15:00:00,92.75283303843477,77.5,5.95,135.38316671554605,42.63033367711128,41.30149919365594,41.36022331604116,893.4594777373061,54.82154537886399,,16.383406964387493,59.25747399768644,36.62604626820656,2.4634142694711665,39.29280439479384,0.2330477512095161,5.581521020007555,Water Tank + DSM
2024-03-29 16:00:00,102.0526999371236,75.2,6.6,147.62293895339877,45.57023901627517,40.06303998238651,40.09145034457484,1003.6688343678717,54.87304768475766,,17.864604181065733,65.19892724367668,39.99734078321884,2.676788719860172,42.232709733957726,0.23490544002642022,6.625629743504655,Water Tank + DSM
2024-03-29 17:00:00,82.25216750982871,76.3,6.75,57.63156272312744,-24.62060478670127,42.97802620258528,41.23315359638828,413.17159187288576,51.70994254325488,,6.9742891157989,52.54886042615346,7.0838051173846,0.0,0.0,0.23053296069612209,4.421032463877163,Water Tank + DSM
2024-03-29 18:00:00,79.66934126439185,72.8,6.75,56.40287562510171,-23.26646563929014,40.18844038105081,38.51650658027099,413.17159187288576,48.67906087159785,,6.825599428246065,50.898757091669914,7.442384093246744,0.0,0.0,0.2347173394284238,5.134124936262129,Water Tank + DSM
2024-03-29 19:00:00,50.23895347994071,74.7,6.65,134.27448935934993,84.03553587940922,41.41367870626653,43.19120035325209,963.6703226430807,51.901352195757504,,16.24924026730523,32.09641562403757,31.249623072450227,2.3651271556706455,69.7855807989665,0.2328794819406002,3.001590277760738,Water Tank + DSM
2024-03-29 20:00:00,58.17450020078541,71.3,5.8,48.10124229964376,-10.073257901141652,43.48835895129018,42.460731261065575,413.17159187288576,50.0384686712207,,5.820976471494965,37.16623870181917,12.350323825268557,0.0,0.0,0.22976746157306474,3.013061258817884,Water Tank + DSM
2024-03-29 21:00:00,62.9749329924681,75.9,5.1,139.04232793410438,76.06739494163628,40.931253585438775,42.321675269836085,949.8778109455268,52.55902516523301,,16.82622071181523,40.233115604790996,43.12521404745926,3.5064054448882667,53.70970220066546,0.23360311962184183,3.878974392726676,Water Tank + DSM
2024-03-29 22:00:00,89.6867334189277,77.6,4.5,152.30946126078956,62.62272784186186,39.58884270096504,40.261519993426035,957.2305827023775,53.77845459222886,,18.431744129645818,57.29861934575394,52.808508146703026,4.119276123252516,40.265035100891026,0.23561673594855245,5.985811646678697,Water Tank + DSM
2024-03-29 23:00:00,79.53262879401736,77.9,4.35,137.9479908895923,58.415362095574935,42.276723310491754,42.95292238884948,925.0863899359077,55.00426831286177,,16.693789408933114,50.81141490067701,49.12754393509191,3.886302198234495,36.057669354604045,0.23158491503426237,4.488663123408418,Water Tank + DSM
2024-03-30 00:00:00,74.48301349686598,74.8,4.05,106.41298346278674,31.929969965920762,44.23279477696637,44.209173628864576,831.6482208512388,54.961447894486454,,12.877577446748228,48.11583134233506,26.500455861633814,0.0,31.929969965920762,0.22865080783455044,3.6858281593467916,Water Tank + DSM
2024-03-30 01:00:00,75.35318252717688,77.2,3.8,108.07987324867662,32.726690721499736,44.06413354950316,44.052705786164715,779.1969994828564,54.94073164457608,,13.079296274794219,48.67795825337264,26.81005498896887,0.0,32.726690721499736,0.22890379967574526,3.7781494022909325,Water Tank + DSM
2024-03-30 02:00:00,89.39910696651145,80.6,1.45,128.359811214211,38.96070424769954,42.01214471430937,42.006616034062475,794.6560689587743,54.9307092527679,,15.533474921685993,57.75158859727166,31.80748169292589,0.0,38.96070424769954,0.23198178292853594,5.193434714487892,Water Tank + DSM
2024-03-30 03:00:00,100.4839164874907,79.1,2.35,144.30187485452578,43.817958367035075,40.39907584519004,40.39640110435342,890.7409404084625,54.92586048245512,,17.462705289152716,64.91234647122356,35.751367575815,0.0,43.817958367035075,0.23440138623221493,6.465629642877169,Water Tank + DSM
2024-03-30 04:00:00,96.50270664455768,79.9,3.2,138.6596342685761,42.15692762401842,40.96997575166522,40.968681728820044,850.8757611894777,54.92351467778134,,16.779909001008402,62.34049535581359,34.33488520264964,0.0,42.15692762401842,0.23354503637250218,5.995917913241363,Water Tank + DSM
2024-03-30 05:00:00,108.66981693645775,78.3,3.15,156.0727127362819,47.40289579982414,39.208064908406676,39.2074388682682,953.7632536165531,54.92237979218925,,18.887154369545623,70.20041668879358,38.66384497637973,0.0,47.40289579982414,0.23618790263738998,7.49400754277892,Water Tank + DSM
2024-03-30 06:00:00,107.47966828287227,83.9,-0.55,154.3829038004838,46.903235517611535,39.37904516859096,39.37874229429745,828.3912660528497,54.921830741655945,,18.68266197836521,69.43158378046026,38.240399678151405,0.0,46.903235517611535,0.23593143224711355,7.340704810012094,Water Tank + DSM
2024-03-30 07:00:00,121.41621991431938,82.7,-0.4,78.41191618881948,-43.00430372549991,37.36304064664217,34.60649392818044,413.17159187288576,49.924762722482456,,9.489025592657795,78.43455957736016,0.19460869311794937,0.0,0.0,0.23895543903003674,9.241297549914867,Water Tank + DSM
2024-03-30 08:00:00,120.81058139720118,82.1,2.0,85.86532286452946,-34.945258532671716,32.453557956702596,29.939524693145575,413.17159187288576,45.36732310561657,,10.391000319662146,78.04331868395421,8.038172583062611,0.0,0.0,0.2463196630649461,9.365198242074506,Water Tank + DSM
2024-03-30 09:00:00,110.3147785628391,80.7,3.15,88.70102425797974,-21.61375430485937,29.41398472521147,27.415746246100618,413.17159187288576,41.744916297935504,,10.734162997013241,71.26305758453162,17.63535475963134,0.0,0.0,0.2508790229121828,8.551566910143794,Water Tank + DSM
2024-03-30 10:00:00,117.44161390633167,76.6,4.35,296.49193432798285,179.05032042165118,25.0,28.51298299523151,1372.6630959232086,48.54665653063188,,35.88,75.86697452200234,48.896445105486386,0.0,171.93865495286326,0.2575,9.10403694264028,Water Tank + DSM
2024-03-30 11:00:00,92.4470323645269,80.5,5.45,195.90912832753884,103.46209596301193,35.177289263711785,36.99251388360116,1032.6177150603119,51.83729580582163,,23.70796204060071,59.7205404093664,40.00357445174364,0.0,96.350430494224,0.24223406610443232,7.166464849123968,Water Tank + DSM
2024-03-30 12:00:00,95.20208138333739,72.4,6.85,167.3251938609576,72.12311247762021,38.069502962344274,38.94769725132723,1164.3459091322366,53.42928645365161,,20.248874457036248,61.500294848739735,40.98379868666529,0.0,65.01144700883229,0.2378957455564836,6.985386896694127,Water Tank + DSM
2024-03-30 13:00:00,54.387687077910854,73.6,8.25,93.25729899194941,38.86961191403856,45.56392891058003,45.988793800991935,794.6327430639637,54.19948154671051,,11.285541022946283,35.1343031878076,26.46236616090176,0.0,31.757946445250628,0.22665410663412996,2.410790333598014,Water Tank + DSM
2024-03-30 14:00:00,60.95907246895105,68.9,9.2,95.0375920678403,34.078519598889244,45.38379317637269,45.58934014629634,965.4480931010125,54.57209710332863,,11.500983361058264,39.3794009129967,28.800412117009223,0.0,26.966854130101325,0.22692431023544096,2.7446355935754467,Water Tank + DSM
2024-03-30 15:00:00,52.988605403020465,70.6,10.15,79.96318415267325,26.974578749652785,46.90906987059381,47.0085122057885,806.3224347977425,54.75236617318521,,9.676752434769803,34.23050009576421,25.964584177714237,0.0,19.862913280864852,0.22463639519410927,2.0725055085659307,Water Tank + DSM
2024-03-30 16:00:00,48.7411027300299,69.4,10.95,72.11081184339697,23.369709113367072,47.70359795720846,47.75170753543599,793.9870901883621,54.839579218829094,,8.726496843178685,31.48662451065068,24.453356961961273,0.0,16.258043644579153,0.2234446030641873,1.7562739225285393,Water Tank + DSM
2024-03-30 17:00:00,39.99066650560609,66.2,11.15,29.650705563515118,-10.339960942090975,49.05626855879411,48.24333968224773,413.17159187288576,53.36590171369345,,3.588182990644394,25.833865662971256,3.888395871825045,0.0,0.0,0.22141559716180884,1.2313037454890043,Water Tank + DSM
2024-03-30 18:00:00,53.27590113333816,68.4,10.65,39.32736038339252,-13.948540749945643,45.66132677483335,44.581755135886965,413.17159187288576,51.40885419650275,,4.759204306027382,34.416092383943045,5.006595464195325,0.0,0.0,0.22650800983775,2.341396951372061,Water Tank + DSM
2024-03-30 19:00:00,60.726578556186325,73.6,9.3,53.56929348071237,-7.157285075473958,42.62678828464276,41.65182265572497,413.17159187288576,49.64143645914723,,6.48269321202427,39.22921045520624,14.44874211250989,0.0,0.0,0.23105981757303587,3.3830984837939115,Water Tank + DSM
2024-03-30 20:00:00,72.88829145026097,70.5,8.2,54.306425689703886,-18.58186576055708,39.10058606154412,37.648377609317926,413.17159187288576,47.00887290954683,,6.571897337318816,47.085645083348936,7.3512008505141395,0.0,0.0,0.2363491209076838,5.056832711436495,Water Tank + DSM
2024-03-30 21:00:00,68.06074479008284,74.3,6.9,176.2529365792175,108.19219178913467,37.166165466318105,39.419283691317034,1133.8806387390107,51.09332573240413,,21.32926610228355,43.96706260402756,57.48523468975064,0.0,74.92242151927361,0.23925075180052285,5.232212667721894,Water Tank + DSM
2024-03-30 22:00:00,84.42063421456164,76.3,5.35,159.26846831707562,74.84783410251397,38.884708161312986,39.974752630695505,1016.9074812960747,53.06935839709555,,19.273889039069672,54.53550825856052,63.305951484632374,0.0,41.578063832652916,0.23667293775803053,5.927559886049697,Water Tank + DSM
2024-03-30 23:00:00,77.63576129330794,77.7,3.85,148.88028650181667,71.24452520850873,41.841945475018406,42.91078994242692,991.8619922773595,55.00695969722448,,18.01676221578424,50.15249814885334,60.89194838600581,0.0,37.97475493864768,0.2322370817874724,4.5612858090261446,Water Tank + DSM
2024-03-31 00:00:00,91.11344682291457,77.3,1.95,130.15550271469226,39.04205589177769,41.8304509183667,41.80606338155768,876.612466458144,54.96274996936517,,15.750780701633433,52.49757190721678,29.788129081333082,9.704504263658215,39.04205589177769,0.23225432362244994,4.77818696227859,Water Tank + DSM
2024-03-31 01:00:00,95.63561947209377,82.3,1.55,137.055765019356,41.42014554726222,41.13226036013412,41.120461822744645,795.3184581360947,54.94136158023791,,16.585816609279597,55.103148713992006,31.266583330392905,10.186161420589757,41.42014554726222,0.23330160945979883,5.246174502782614,Water Tank + DSM
2024-03-31 02:00:00,118.98510730147544,80.0,2.2,170.6395037802239,51.65439647874845,37.734150508985465,37.72844245057759,964.4745080617422,54.93101401169115,,20.649955991253385,68.55661205077104,38.900336433779096,12.673118199152572,51.65439647874845,0.2383987742365218,7.924808216304169,Water Tank + DSM
2024-03-31 03:00:00,110.79908979193915,81.6,2.4,159.04186872476072,48.242778932821565,38.9076362311266,38.90487470826047,889.9426994724563,54.92600792291123,,19.246467067572585,63.84000810452962,36.224044901201566,11.801224482102494,48.242778932821565,0.2366385456533101,6.930099897809855,Water Tank + DSM
2024-03-31 04:00:00,110.75271534531805,79.7,2.75,159.02506334561227,48.272348000294215,38.90933665301362,38.90800064556673,931.3342730715474,54.92358600854952,,19.24443336299572,63.813288164377646,36.20888349473311,11.796285134172502,48.272348000294215,0.23663599502047958,6.92654827947592,Water Tank + DSM
2024-03-31 05:00:00,103.56394914462149,79.8,2.4,148.77442426224832,45.21047511762683,39.94652902452931,39.945882672503764,891.7906254246259,54.92241430156762,,18.003951286662943,59.671278574083836,33.85862781910193,11.03060877488942,45.21047511762683,0.23508020646320604,6.105614503394188,Water Tank + DSM
2024-03-31 06:00:00,93.65547252473375,79.9,2.75,134.62427148163528,40.96879895690152,41.3782866350038,41.3779739339467,834.869406430589,54.921847437076806,,16.291569184535454,53.962231424824715,30.619204980382623,9.975255729241328,40.96879895690152,0.2329325700474943,5.057895071125212,Water Tank + DSM
2024-03-31 07:00:00,105.6831739884752,77.9,2.5,66.17497152672718,-39.50820246174803,39.63831555025017,37.17638121668891,413.17159187288576,50.45885276292545,,8.008170555332642,60.89232950023308,6.299600739613318,0.0,0.0,0.23554252667462475,6.343160461159438,Water Tank + DSM
2024-03-31 08:00:00,97.87098432648149,82.0,2.75,79.03100051720443,-18.839983809277058,36.3050924877845,34.536662705857246,413.17159187288576,47.25304317216547,,9.563944142306704,56.39111696976621,23.58166781182098,0.0,0.0,0.24054236126832326,6.766934036371945,Water Tank + DSM
2024-03-31 09:00:00,99.60681054005624,77.9,3.3,77.91862974959935,-21.688180790456897,32.84825376642656,30.978715089781893,413.17159187288576,43.863943372368745,,9.429330486686922,57.391262004808986,21.485855364359516,0.0,0.0,0.24572761935036017,6.886951440577079,Water Tank + DSM
2024-03-31 10:00:00,93.08922040823118,76.9,4.0,243.10653442498023,150.01731401674903,30.4017051112035,33.55036189830432,1248.994082885209,49.57182854217107,,29.419560687000615,53.63596936098814,33.84455302319775,12.221352114437181,144.3004306552146,0.24939744233319475,6.436316323318577,Water Tank + DSM
2024-03-31 11:00:00,95.9509063029148,79.1,4.5,190.7852141373351,94.83430783442029,35.69574325152269,37.21904366189715,1050.0577050918039,52.33326759680234,,23.08789107117886,55.2848100784731,34.78013686722403,12.526150625903698,89.11742447288586,0.24145638512271597,6.634177209416772,Water Tank + DSM
2024-03-31 12:00:00,94.3497092261441,77.5,4.35,161.20521609896335,66.85550687281925,38.68874184071703,39.42570502760778,992.2523689922258,53.66923449620428,,19.508264758502435,54.36223540254442,34.2566503032682,12.355606931198796,61.13862351128482,0.23696688723892445,5.972645559430219,Water Tank + DSM
2024-03-31 13:00:00,84.34230107789155,75.6,5.15,133.69863794344226,49.356336865550716,41.47194519002902,41.82848335881916,935.8715029366125,54.31556690513587,,16.179553552725295,48.59618607407549,30.98488333489619,11.289716676474502,43.639453504016295,0.23279208221495648,4.527625445482757,Water Tank + DSM
2024-03-31 14:00:00,86.44379132913656,76.2,5.55,130.31445705442925,43.870665725292696,41.814367411060104,41.986858341496585,905.3496884668739,54.628258471837334,,15.770016576372116,49.80701871650061,31.67193299715863,11.513546657825994,38.15378236375826,0.23227844888340984,4.538106519475385,Water Tank + DSM
2024-03-31 15:00:00,88.04011797328496,77.5,4.85,129.50566286282825,41.46554488954328,41.89620378817109,41.979653818735315,868.9468807053734,54.779536691117485,,15.672140269347377,50.72678715585583,32.193827248665585,11.683571602162022,35.74866152800885,0.23215569431774336,4.5970023340971995,Water Tank + DSM
2024-03-31 16:00:00,94.61804640944669,76.1,4.9,137.41210298393744,42.79405657449075,41.09620494782864,41.136577549353504,937.8008668109736,54.852724145035666,,16.628938882396948,54.516845408718225,34.3443789858311,12.384187557113643,37.07717321295633,0.23335569257825706,5.202148417626983,Water Tank + DSM
2024-03-31 17:00:00,78.586561830698,78.4,4.6,60.38189974783068,-18.204662082867323,43.487809766645356,41.97259767027458,413.17159187288576,52.105947586405684,,7.307121415841129,45.27985521902611,15.858260355521947,0.0,0.0,0.22976828535003196,3.6709801047494217,Water Tank + DSM
2024-03-31 18:00:00,83.27238747413665,74.4,4.7,59.386420715011674,-23.885966759124976,40.063385452608124,38.32892002260994,413.17159187288576,48.96170857439915,,7.186653424769121,47.97972529571422,12.20800159518216,0.0,0.0,0.23490492182108783,4.875684680539557,Water Tank + DSM
2024-03-31 19:00:00,84.59414896941585,77.6,4.3,70.68961060608943,-13.904538363326424,36.72799790486512,35.26626355591077,413.17159187288576,46.31187647876782,,8.55451003851173,48.74129531158108,22.762340400176882,0.0,0.0,0.23990800314270233,5.848955437389729,Water Tank + DSM
2024-03-31 20:00:00,103.30636501236069,79.5,3.6,83.23900047390147,-20.067364538459216,31.37207041322758,29.50411258998282,413.17159187288576,42.92564245008786,,10.073175662511469,59.52286424033789,24.710223599178217,0.0,0.0,0.24794189438015862,7.1427437088405465,Water Tank + DSM
2024-03-31 21:00:00,82.7596214942422,79.0,3.7,237.61619925245347,154.85657775821127,30.95723474322918,34.373078648141345,1181.5410756376493,49.117884439460134,,28.755147247097916,47.684280771994224,47.951287611255324,26.613996845864538,116.16300600003831,0.24856414788515624,5.722113692639306,Water Tank + DSM
2024-03-31 22:00:00,72.02871223101226,73.9,3.85,161.08067418063771,89.05196194962545,38.70134338941763,40.35390725202863,1093.2465766173993,52.11365228630567,,19.49319330625652,41.50136595184549,44.442983168394846,25.471046399698842,50.35839019145246,0.23694798491587354,4.556515466537613,Water Tank + DSM
2024-03-31 23:00:00,55.45436642648816,76.3,4.75,135.36934615331262,79.91497972682447,44.09403529755565,45.686434357075264,1004.1180976458945,55.000353375314575,,16.38173446771719,31.951591017096206,39.024257727973385,23.705710819321062,41.22140796865148,0.22885894705366652,2.4741966351214897,Water Tank + DSM
